*************************************************
******************* ORCA 6.1.1 ******************
*************************************************
$Calculation_Status
   &GeometryIndex 1
   &version [&Type "String"] "6.1.1"
   &progName [&Type "String"] "LeanSCF"
   &Status [&Type "String"] "NORMAL TERMINATION"
$End
$Geometry
   &GeometryIndex 1
   &NAtoms [&Type "Integer"] 162
   &NCorelessECP [&Type "Integer"] 0
   &NGhostAtoms [&Type "Integer"] 0
   &CartesianCoordinates [&Type "Coordinates", &Dim(162,4), &Units "Bohr"] 
              Si     6.619431059208   64.057794754434   14.723412420853
              Si     6.549568817934   58.185925853972   14.766826058529
              O      4.327966302220   65.762484063707   15.866049516070
              O      4.119809584302   56.739316599215   15.980590157294
              O      6.545008749479   61.132446821697   15.738983651551
              O      6.632500525050   64.033444045373   11.627257580433
              O      6.506205343302   58.283200660674   11.675288091710
              Si    11.617816133598   49.401757387545   14.745277604914
              Si    16.678766523640   46.389117807387   14.737817865641
              O      9.060547139440   48.190223012236   15.950815026714
              O     14.147352018126   47.897635908313   15.711693492844
              O     16.575708440667   43.553378026570   15.933190609574
              O     11.578611588712   49.423814629492   11.650629834552
              O     16.604849982011   46.393928822352   11.646459248038
              Si    11.593245405054   55.242878332423   14.574331138184
              Si    11.647324070710   67.000364120147   14.507419861439
              Si    16.798909964139   63.982120498687   14.359062335653
              Si    16.783650092331   58.187610471370   14.482133197169
              O      9.167167116237   56.793431684016   15.701114857374
              O      9.253752990577   65.422249335784   15.656220532734
              O     14.285732201056   65.550006576883   15.189484814218
              O     14.176296641801   56.773782324072   15.301499079648
              O     11.744845929244   52.366056803279   15.680866797977
              O     16.709608885933   61.108601298308   15.514579142773
              O     11.196700865026   55.145139878053   11.509545912420
              O     11.315571768867   67.274955063148   11.445388327939
              O     17.007084654621   63.813848931708   11.277773637211
              O     17.016910664735   58.344432685474   11.401979585201
              Si    11.698985858689   72.847732138529   14.698510181888
              Si    16.831277254171   75.725295664501   14.676928016806
              O      9.309173234365   74.360096155304   15.917541994108
              O     14.279914871391   74.271859187266   15.663262509379
              O     11.756960807878   69.880389654337   15.622619796709
              O     17.090516111204   78.522172901140   15.932025891983
              O     11.721824134677   72.924327350833   11.606784899525
              O     16.805466437377   75.826360508733   11.584214282022
              Si    21.762826698181   49.282715184865   14.573338792706
              Si    26.827761865452   46.373855492564   14.731577546652
              O     19.212615474230   47.929016481687   15.679196455117
              O     24.329699353021   47.969401390812   15.674171533115
              O     26.514957452096   43.539035041587   15.883117183899
              O     21.662556024092   48.929602115556   11.503547733787
              O     26.826180309269   46.391168294476   11.636592715848
              Si    21.782778366305   55.250511047686   14.520621278075
              Si    21.855934888418   66.838092076943   14.190956306987
              Si    26.893958002629   63.897884395590   14.333003672538
              Si    26.824473967330   58.113867076636   14.508209197777
              O     19.233582726852   56.650581327270   15.592125445876
              O     19.307826006158   65.509470868089   15.327980303180
              O     24.414574608824   65.478899188395   15.264613054871
              O     24.350258159373   56.606740283517   15.603610788361
              O     21.718558880555   52.280949274269   15.327861480871
              O     26.933954360861   61.030922051323   15.523059300847
              O     21.718671954367   55.549756250635   11.443705946678
              O     21.890333359955   66.491469582208   11.119751430709
              O     26.694727334982   63.535411406319   11.258154385090
              O     26.580973699239   58.105164785784   11.431897116261
              Si    21.911266502565   72.834664538032   14.415441402039
              Si    26.976230743714   75.705492898821   14.745854329073
              O     19.341318767775   74.111677299946   15.538134763939
              O     24.462802544853   74.104100050259   15.619901867451
              O     21.940003276648   69.805762047500   14.973093761254
              O     26.859670907804   78.528473259678   15.964717302898
              O     22.060810516326   73.361183762536   11.368082122283
              O     27.161938759259   75.697778148549   11.656458615836
              Si    31.942962389170   49.263727401595   14.760122435019
              O     29.401144389802   47.777225664263   15.735045006348
              O     34.428118945419   47.910427825059   15.967312670092
              O     31.873154270482   49.178743831854   11.669275873018
              Si    31.965760021765   55.109486611340   14.599952289089
              Si    32.088521432472   66.912109350038   14.431449303049
              Si    37.114037226661   63.928976186345   14.679567385281
              Si    37.024799533836   58.032842781534   14.722568338127
              O     29.372959177371   56.614657354154   15.435265408891
              O     29.523981466541   65.323287103018   15.021571753253
              O     34.510546133974   65.374990247403   15.575596834142
              O     34.409808621035   56.643738249548   15.677961001515
              O     31.823758152390   52.227590742458   15.698018687750
              O     37.044334271204   60.985234402566   15.648686263123
              O     32.159894921967   54.871610370056   11.529426897376
              O     32.563564620590   67.162777210517   11.391759388929
              O     37.203323649320   63.860603252968   11.590642001643
              O     37.001373374304   57.937757931539   11.629384248995
              Si    32.019975920323   72.726999414779   14.728630996249
              O     29.531593584967   74.255743215393   15.755401196847
              O     34.654155891582   73.838221001381   15.855654240062
              O     31.858605183533   69.750996902033   15.675904433812
              O     31.978115654771   72.714783765493   11.635115724100
              O     39.375775604036   56.482596729008   15.957085003674
              O     39.604138075002   65.244579422381   15.924401933643
              H      7.699986667468   47.218156129220   15.186956331022
              H      2.665286698824   55.939701296372   15.187255093296
              H      2.665286933028   66.155504049137   15.187255123474
              H      7.699986662575   74.877049404112   15.186956341521
              H     16.909611232115   41.901378853498   15.190188776566
              H     16.909611263850   80.193826621706   15.190188758192
              H     26.981059430815   41.901282775372   15.190151923941
              H     26.981059535652   80.193922748067   15.190151915835
              H     35.830258960884   47.009257915656   15.186606023469
              H     35.830259203213   75.085947770569   15.186606026112
              H     40.864793307565   55.730706965978   15.186941695706
              H     40.864793307561   66.364498555015   15.186941698384
              H     25.258465091553   64.377249453030   10.495874991343
              H     20.393138561392   65.680815276610   10.442681544595
              H     17.005240508578   62.099250214672   10.626507554926
              H     18.480337440109   57.474199727081   10.718564971190
              H     23.220525847217   56.324795693390   10.732021765759
              H     26.659490777557   59.780601289191   10.683390417021
              H     25.618476443011   75.202617647219   10.806996211132
              H     20.534586419388   74.030233383909   10.620508588132
              H     15.385124753680   74.983522758898   10.803536287747
              H     11.486149722252   71.296792904078   10.805995739496
              H      9.984002612103   66.252108041389   10.721260093136
              H      6.633203257967   62.362126679592   10.884973166593
              H      7.780351343410   57.247950626515   10.867876112357
              H     11.414622564072   53.494774766584   10.754860792384
              H     12.980726796867   48.559604723482   10.860448785401
              H     18.122449669782   47.036139935271   10.852655217692
              H     23.197200951645   48.285188766807   10.748830712233
              H     28.267155211833   47.227141925463   10.883380161308
              H     32.118897919543   50.795037114541   10.851082418668
              H     33.477599943318   55.880236962243   10.762010999960
              H     37.115649848317   59.562818049657   10.804762093281
              H     35.957664536298   64.911738902040   10.763299278302
              H     32.331687592204   68.842459801765   10.703845099014
              H     30.523747592390   73.550151204452   10.900966301797
              P     30.617150215581   59.561791630599   22.577665493717
              O     31.373747477012   58.692076672089   25.144104919160
              O     32.519615460654   60.753498711502   20.871804569504
              O     29.237022369467   57.234869191296   21.174764054096
              O     28.176950153201   61.432088976837   22.840989522394
              C     28.596003891826   63.843919724223   23.922398549417
              C     29.129874575735   65.798939638187   21.895276311769
              O     27.151608695129   65.892816422831   20.049927659379
              C     29.292871922331   68.467920233174   22.907891321956
              O     30.802671951570   70.078290356480   21.401576593530
              C     26.518484954817   69.338701100452   22.840069852585
              O     26.292509856652   71.954230918092   22.578563668065
              C     25.428863358761   67.811997254948   20.602089468102
              N     22.973783662736   66.652759974684   21.099059459342
              C     22.489592304545   64.124707660018   21.365150697159
              N     20.084628731590   63.608838637839   21.622038407064
              C     18.912089296052   65.924071095763   21.499516461087
              C     16.362405442371   66.656517517553   21.539777917645
              N     14.463438954592   65.002772634549   21.833556984259
              N     15.823596475847   69.120814194320   21.303844919129
              C     17.716521490042   70.763152645965   21.031881080038
              N     20.177334034704   70.306327831849   20.947715731783
              C     20.677968579166   67.845479683269   21.175066222291
              H     29.438861276575   57.323567702830   19.362074535620
              H     26.901428444498   64.332896553186   25.000222228949
              H     30.187527067546   63.808237758486   25.245752194106
              H     30.845668824660   65.247500345088   20.892136678878
              H     30.063147860486   68.550906386382   24.817219088544
              H     30.689234208659   69.594691049827   19.642379764880
              H     25.558914393464   68.776007214157   24.578866882840
              H     27.787056711091   72.498934325279   21.669070666054
              H     25.192702733859   69.043278410300   18.959802829895
              H     24.002391054316   62.756158894623   21.335838984422
              H     14.815679182616   63.140494127796   21.695317751696
              H     12.682096449273   65.598063971250   21.534452592557
              H     17.156955339785   72.729437826203   20.842634507086
$End
$SCF_Mulliken_Population_Analysis
   &GeometryIndex 1
   &NAtoms [&Type "Integer"] 162
   &ATNO [&Type "ArrayOfIntegers", &Dim (162,1)] 
                                                         0

0                                                       14
1                                                       14
2                                                        8
3                                                        8
4                                                        8
5                                                        8
6                                                        8
7                                                       14
8                                                       14
9                                                        8
10                                                       8
11                                                       8
12                                                       8
13                                                       8
14                                                      14
15                                                      14
16                                                      14
17                                                      14
18                                                       8
19                                                       8
20                                                       8
21                                                       8
22                                                       8
23                                                       8
24                                                       8
25                                                       8
26                                                       8
27                                                       8
28                                                      14
29                                                      14
30                                                       8
31                                                       8
32                                                       8
33                                                       8
34                                                       8
35                                                       8
36                                                      14
37                                                      14
38                                                       8
39                                                       8
40                                                       8
41                                                       8
42                                                       8
43                                                      14
44                                                      14
45                                                      14
46                                                      14
47                                                       8
48                                                       8
49                                                       8
50                                                       8
51                                                       8
52                                                       8
53                                                       8
54                                                       8
55                                                       8
56                                                       8
57                                                      14
58                                                      14
59                                                       8
60                                                       8
61                                                       8
62                                                       8
63                                                       8
64                                                       8
65                                                      14
66                                                       8
67                                                       8
68                                                       8
69                                                      14
70                                                      14
71                                                      14
72                                                      14
73                                                       8
74                                                       8
75                                                       8
76                                                       8
77                                                       8
78                                                       8
79                                                       8
80                                                       8
81                                                       8
82                                                       8
83                                                      14
84                                                       8
85                                                       8
86                                                       8
87                                                       8
88                                                       8
89                                                       8
90                                                       1
91                                                       1
92                                                       1
93                                                       1
94                                                       1
95                                                       1
96                                                       1
97                                                       1
98                                                       1
99                                                       1
100                                                      1
101                                                      1
102                                                      1
103                                                      1
104                                                      1
105                                                      1
106                                                      1
107                                                      1
108                                                      1
109                                                      1
110                                                      1
111                                                      1
112                                                      1
113                                                      1
114                                                      1
115                                                      1
116                                                      1
117                                                      1
118                                                      1
119                                                      1
120                                                      1
121                                                      1
122                                                      1
123                                                      1
124                                                      1
125                                                      1
126                                                     15
127                                                      8
128                                                      8
129                                                      8
130                                                      8
131                                                      6
132                                                      6
133                                                      8
134                                                      6
135                                                      8
136                                                      6
137                                                      8
138                                                      6
139                                                      7
140                                                      6
141                                                      7
142                                                      6
143                                                      6
144                                                      7
145                                                      7
146                                                      6
147                                                      7
148                                                      6
149                                                      1
150                                                      1
151                                                      1
152                                                      1
153                                                      1
154                                                      1
155                                                      1
156                                                      1
157                                                      1
158                                                      1
159                                                      1
160                                                      1
161                                                      1
   &AtomicCharges [&Type "ArrayOfDoubles", &Dim (162,1)] 
                                                         0

0                                      6.9343921178247747e-01
1                                      6.9976029444351084e-01
2                                     -5.3443491108783547e-01
3                                     -5.3633252064777537e-01
4                                     -2.9891952355028195e-01
5                                     -5.6241030806636338e-01
6                                     -5.6391793832414905e-01
7                                      7.0053086059773051e-01
8                                      6.9853438395699818e-01
9                                     -5.3701392806771509e-01
10                                    -2.9813361049738596e-01
11                                    -5.3730066635092122e-01
12                                    -5.6579111555806882e-01
13                                    -5.6333637281968940e-01
14                                     6.6859548990789897e-01
15                                     6.4447188118234067e-01
16                                     6.1623102492381499e-01
17                                     6.3976439898242887e-01
18                                    -3.1245140435063767e-01
19                                    -3.1192439028140129e-01
20                                    -2.3409499294666958e-01
21                                    -2.6450786781780877e-01
22                                    -3.0445005393298352e-01
23                                    -2.8171570200780316e-01
24                                    -5.5732517276983984e-01
25                                    -5.5980652915662965e-01
26                                    -5.6943822676392308e-01
27                                    -5.6707774744547557e-01
28                                     6.8132681021189789e-01
29                                     6.6101772472685916e-01
30                                    -5.3508857486074923e-01
31                                    -2.8362411527890963e-01
32                                    -2.7877055911975646e-01
33                                    -5.3009254613882106e-01
34                                    -5.6174870822026257e-01
35                                    -5.6322016301943023e-01
36                                     6.6829840867063339e-01
37                                     6.9722883426368654e-01
38                                    -3.0739670063455549e-01
39                                    -3.0108171513442450e-01
40                                    -5.3631353173533647e-01
41                                    -5.5984531440314100e-01
42                                    -5.6701275838508991e-01
43                                     6.4677025447689473e-01
44                                     5.6631364491733827e-01
45                                     6.2106970411558748e-01
46                                     6.2572754573649192e-01
47                                    -2.9571570271531833e-01
48                                    -2.3675019299038702e-01
49                                    -2.2766485892365829e-01
50                                    -2.7320296168929659e-01
51                                    -2.6145842399765762e-01
52                                    -2.3252866625356283e-01
53                                    -5.6884161181243442e-01
54                                    -5.7392131917703537e-01
55                                    -5.8861620016563698e-01
56                                    -5.7094863843354737e-01
57                                     6.3724480538679984e-01
58                                     6.7714723410440847e-01
59                                    -2.6499350972243363e-01
60                                    -2.8473850560743763e-01
61                                    -1.9045924591173424e-01
62                                    -5.2930046175478118e-01
63                                    -5.6817777125739255e-01
64                                    -5.6705341751018956e-01
65                                     6.9290888806419737e-01
66                                    -2.9047185828065025e-01
67                                    -5.3166547458574698e-01
68                                    -5.7025866885137511e-01
69                                     6.6799871484818141e-01
70                                     6.3133082363342297e-01
71                                     6.6572516594411013e-01
72                                     6.7564756378089008e-01
73                                    -3.3333112090900840e-01
74                                    -1.7281615339797618e-01
75                                    -2.6195312840986062e-01
76                                    -2.4600503320508871e-01
77                                    -2.8543206624874706e-01
78                                    -2.4882123479895668e-01
79                                    -5.6618169427251885e-01
80                                    -5.6177053203225746e-01
81                                    -5.6373402664505790e-01
82                                    -5.7392260929384165e-01
83                                     6.9783304814007252e-01
84                                    -2.9341386213702236e-01
85                                    -5.2000181881765251e-01
86                                    -3.6843543038575355e-01
87                                    -5.6323342670401111e-01
88                                    -5.2900749808241798e-01
89                                    -5.2943466801312233e-01
90                                     3.3730789119063220e-01
91                                     3.3870825345020594e-01
92                                     3.3602977202855788e-01
93                                     3.3513965020761860e-01
94                                     3.3848302256367524e-01
95                                     3.3425740666829362e-01
96                                     3.3413048499145437e-01
97                                     3.3630562203566683e-01
98                                     3.3522825359483788e-01
99                                     3.3434902963607938e-01
100                                    3.2853774958530302e-01
101                                    3.2928520135460371e-01
102                                    3.3806551624604120e-01
103                                    3.3930467691144173e-01
104                                    3.4303448459208608e-01
105                                    3.4823486148589800e-01
106                                    3.4686206776777428e-01
107                                    3.4403566641788419e-01
108                                    3.4891838399314867e-01
109                                    3.3669279398673080e-01
110                                    3.4549099642114578e-01
111                                    3.4695238370803205e-01
112                                    3.3904955506108581e-01
113                                    3.4810140670819201e-01
114                                    3.5115592262123996e-01
115                                    3.4307383655050860e-01
116                                    3.4903474588359051e-01
117                                    3.4999867154433573e-01
118                                    3.4304982994265243e-01
119                                    3.4852361713458968e-01
120                                    3.4897485415982654e-01
121                                    3.4008943623077337e-01
122                                    3.4418586402089280e-01
123                                    3.4319764916112250e-01
124                                    3.3710648743472804e-01
125                                    3.4787900600701249e-01
126                                    7.6178994781720810e-01
127                                   -6.3428028783613399e-01
128                                   -6.4276897109190578e-01
129                                   -5.0198756154747493e-01
130                                   -3.3942587698681059e-01
131                                   -6.8359841322604531e-02
132                                   -1.4929001735509928e-02
133                                   -3.0727109495832394e-01
134                                    2.0476999179446853e-01
135                                   -4.7392112924534047e-01
136                                   -5.4667441189295118e-02
137                                   -4.2969030980572320e-01
138                                    1.0694726476197314e-01
139                                    8.7670541025334892e-02
140                                   -7.5431894820551015e-02
141                                   -2.5201661055736846e-01
142                                    4.2753952702658360e-02
143                                    9.6687927231198678e-02
144                                   -4.0068270623133628e-01
145                                   -2.6471648855957142e-01
146                                    3.0259265752050624e-02
147                                   -2.7566673322146951e-01
148                                    5.3614710943216792e-02
149                                    3.2852079739237183e-01
150                                    1.0103920348152029e-01
151                                    1.0589523828128034e-01
152                                    1.5049283645740341e-01
153                                    1.0078893020650359e-01
154                                    3.1809751870216774e-01
155                                    9.3040682812083553e-02
156                                    3.1180330821053548e-01
157                                    8.5224459407401532e-02
158                                    2.1935907372382513e-01
159                                    2.5861519927524412e-01
160                                    2.3880805373965042e-01
161                                    1.0478473966102086e-01
   &Method [&Type "String"] "SCF"
   &Level [&Type "String"] "Relaxed density"
   &Mult [&Type "Integer"] 1
   &State [&Type "Integer"] -1
   &Irrep [&Type "Integer"] 0
$End
$SCF_Loewdin_Population_Analysis
   &GeometryIndex 1
   &NAtoms [&Type "Integer"] 162
   &ATNO [&Type "ArrayOfIntegers", &Dim (162,1)] 
                                                         0

0                                                       14
1                                                       14
2                                                        8
3                                                        8
4                                                        8
5                                                        8
6                                                        8
7                                                       14
8                                                       14
9                                                        8
10                                                       8
11                                                       8
12                                                       8
13                                                       8
14                                                      14
15                                                      14
16                                                      14
17                                                      14
18                                                       8
19                                                       8
20                                                       8
21                                                       8
22                                                       8
23                                                       8
24                                                       8
25                                                       8
26                                                       8
27                                                       8
28                                                      14
29                                                      14
30                                                       8
31                                                       8
32                                                       8
33                                                       8
34                                                       8
35                                                       8
36                                                      14
37                                                      14
38                                                       8
39                                                       8
40                                                       8
41                                                       8
42                                                       8
43                                                      14
44                                                      14
45                                                      14
46                                                      14
47                                                       8
48                                                       8
49                                                       8
50                                                       8
51                                                       8
52                                                       8
53                                                       8
54                                                       8
55                                                       8
56                                                       8
57                                                      14
58                                                      14
59                                                       8
60                                                       8
61                                                       8
62                                                       8
63                                                       8
64                                                       8
65                                                      14
66                                                       8
67                                                       8
68                                                       8
69                                                      14
70                                                      14
71                                                      14
72                                                      14
73                                                       8
74                                                       8
75                                                       8
76                                                       8
77                                                       8
78                                                       8
79                                                       8
80                                                       8
81                                                       8
82                                                       8
83                                                      14
84                                                       8
85                                                       8
86                                                       8
87                                                       8
88                                                       8
89                                                       8
90                                                       1
91                                                       1
92                                                       1
93                                                       1
94                                                       1
95                                                       1
96                                                       1
97                                                       1
98                                                       1
99                                                       1
100                                                      1
101                                                      1
102                                                      1
103                                                      1
104                                                      1
105                                                      1
106                                                      1
107                                                      1
108                                                      1
109                                                      1
110                                                      1
111                                                      1
112                                                      1
113                                                      1
114                                                      1
115                                                      1
116                                                      1
117                                                      1
118                                                      1
119                                                      1
120                                                      1
121                                                      1
122                                                      1
123                                                      1
124                                                      1
125                                                      1
126                                                     15
127                                                      8
128                                                      8
129                                                      8
130                                                      8
131                                                      6
132                                                      6
133                                                      8
134                                                      6
135                                                      8
136                                                      6
137                                                      8
138                                                      6
139                                                      7
140                                                      6
141                                                      7
142                                                      6
143                                                      6
144                                                      7
145                                                      7
146                                                      6
147                                                      7
148                                                      6
149                                                      1
150                                                      1
151                                                      1
152                                                      1
153                                                      1
154                                                      1
155                                                      1
156                                                      1
157                                                      1
158                                                      1
159                                                      1
160                                                      1
161                                                      1
   &AtomicCharges [&Type "ArrayOfDoubles", &Dim (162,1)] 
                                                         0

0                                     -2.8319684265248490e-01
1                                     -2.8049660822511946e-01
2                                     -7.6551022142014702e-02
3                                     -7.9433823270658621e-02
4                                      8.6443244776010175e-02
5                                     -9.9791078402683198e-02
6                                     -1.0085902864108753e-01
7                                     -2.7970269039464490e-01
8                                     -2.7859275312700937e-01
9                                     -7.7360882681299259e-02
10                                     8.9738821046752903e-02
11                                    -8.0369672254459346e-02
12                                    -1.0060421698069000e-01
13                                    -1.0194806393526434e-01
14                                    -2.5364303776343888e-01
15                                    -2.5865906871113076e-01
16                                    -2.5174702215000089e-01
17                                    -2.4818155097552719e-01
18                                     8.9541427013811514e-02
19                                     8.9134262920395280e-02
20                                     1.1286452412824666e-01
21                                     1.0756545813000162e-01
22                                     9.1967883960542451e-02
23                                     9.5203725511278314e-02
24                                    -8.8721824033163088e-02
25                                    -8.9253847642488893e-02
26                                    -9.1546933855102708e-02
27                                    -9.1558623757373780e-02
28                                    -2.7955089870865635e-01
29                                    -2.8653226191182668e-01
30                                    -8.0363276989920962e-02
31                                     9.3815107932059938e-02
32                                     9.5695068548623752e-02
33                                    -7.6002069545403117e-02
34                                    -1.0207254732219440e-01
35                                    -1.0176635962537084e-01
36                                    -2.5118136996372620e-01
37                                    -2.8111926428699086e-01
38                                     8.8904500671185716e-02
39                                     9.4559927208802463e-02
40                                    -7.7510630248545098e-02
41                                    -9.0184412091748101e-02
42                                    -1.0258084107864640e-01
43                                    -2.4403046058318978e-01
44                                    -2.6760059722305662e-01
45                                    -2.4988351914847406e-01
46                                    -2.5419857866116047e-01
47                                     9.5587980408304851e-02
48                                     1.0851330648955937e-01
49                                     1.0939660287651165e-01
50                                     1.0006883519700338e-01
51                                     1.0837721637073816e-01
52                                     1.0700394692316983e-01
53                                    -9.2359492064073123e-02
54                                    -9.0868288662047547e-02
55                                    -9.4823232302390537e-02
56                                    -9.0392162634909567e-02
57                                    -2.5628101014287097e-01
58                                    -2.8147315865770395e-01
59                                     1.0325421429504189e-01
60                                     9.5725297648629137e-02
61                                     1.2090091032919936e-01
62                                    -7.7517615934448614e-02
63                                    -9.2569409621722443e-02
64                                    -1.0241772477280620e-01
65                                    -2.7767668854201233e-01
66                                     8.9980950354565437e-02
67                                    -7.6746230716246089e-02
68                                    -1.0397410055455758e-01
69                                    -2.5353481246960641e-01
70                                    -2.6359042751249717e-01
71                                    -2.7642343731450580e-01
72                                    -2.7529283686121531e-01
73                                     8.8555924966569499e-02
74                                     1.2682504007369211e-01
75                                     1.0132285430704790e-01
76                                     1.0941119282132039e-01
77                                     9.7633284140510312e-02
78                                     1.0799929675348530e-01
79                                    -9.0884453810836874e-02
80                                    -8.9372224777058307e-02
81                                    -1.0455265969159555e-01
82                                    -1.0592536993577362e-01
83                                    -2.8363555475875657e-01
84                                     8.4886408897182797e-02
85                                    -7.0737389806227569e-02
86                                     6.7520091217052602e-02
87                                    -9.8643886402260961e-02
88                                    -7.3804649198304872e-02
89                                    -7.8712824347164201e-02
90                                     1.9262972634093789e-01
91                                     1.9352407083390732e-01
92                                     1.9219792444850659e-01
93                                     1.9231116883988730e-01
94                                     1.9412941661694261e-01
95                                     1.9146072730665653e-01
96                                     1.9108603425597659e-01
97                                     1.9302476598023499e-01
98                                     1.9238542945152126e-01
99                                     1.9320410309723512e-01
100                                    1.8820586628132752e-01
101                                    1.8930692825286699e-01
102                                    1.7844869900282401e-01
103                                    1.7968124497485150e-01
104                                    1.7900429866302958e-01
105                                    1.8072726443064957e-01
106                                    1.8071168090347767e-01
107                                    1.8007572246067516e-01
108                                    1.8257480387961422e-01
109                                    1.8048983367445404e-01
110                                    1.8258184399040223e-01
111                                    1.8185585243770797e-01
112                                    1.8075866275522601e-01
113                                    1.8286727953958060e-01
114                                    1.8341805826779911e-01
115                                    1.8226255177275341e-01
116                                    1.8410412171839563e-01
117                                    1.8267287832731915e-01
118                                    1.8223697392804339e-01
119                                    1.8272518202371646e-01
120                                    1.8264448362025099e-01
121                                    1.8148140515166800e-01
122                                    1.8162025249207270e-01
123                                    1.7985774076252570e-01
124                                    1.7865646458540885e-01
125                                    1.8272796498169575e-01
126                                   -8.3652564372943772e-02
127                                   -3.5997201906499043e-01
128                                   -3.6756672177677174e-01
129                                   -1.5674523802602636e-01
130                                    3.5744648012911995e-02
131                                   -3.2987866100279462e-01
132                                   -3.0331466380623073e-01
133                                    2.4171811332973014e-01
134                                   -3.0938520037060080e-01
135                                    3.5775211359130310e-03
136                                   -3.2142178379007902e-01
137                                    1.1833779954240065e-02
138                                   -3.0400703148264174e-01
139                                    2.8741416390313113e-01
140                                   -2.3557309278283167e-01
141                                    1.0693212220214310e-01
142                                   -2.2547528973238240e-01
143                                   -3.1960267417794075e-01
144                                    2.4295653155111729e-02
145                                    1.0263782594522652e-01
146                                   -3.0990632419225417e-01
147                                    1.1996592449543986e-01
148                                   -2.5887320396556568e-01
149                                    1.5167340168490950e-01
150                                    1.2417299969860873e-01
151                                    1.3713639900641628e-01
152                                    1.6214520130855881e-01
153                                    1.4988481587168567e-01
154                                    1.7249598822321166e-01
155                                    1.5047617594775464e-01
156                                    1.7090213432996459e-01
157                                    1.4923320236137583e-01
158                                    1.5193405823322093e-01
159                                    1.7663741282051992e-01
160                                    1.6860440431772750e-01
161                                    1.2891511111359566e-01
   &Method [&Type "String"] "SCF"
   &Level [&Type "String"] "Relaxed density"
   &Mult [&Type "Integer"] 1
   &State [&Type "Integer"] -1
   &Irrep [&Type "Integer"] 0
$End
$SCF_Mayer_Population_Analysis
   &GeometryIndex 1
   &NAtoms [&Type "Integer"] 162 "Total number of atoms"
   &NBondOrdersPrint [&Type "Integer"] 170 "The number of bond orders larger than threshold"
   &bondThresh [&Type "Double"]       1.0000000000000001e-01  "The threshold for printing"
   &components [&Type "ArrayOfIntegers", &Dim (170,4)] "The indices and atomic numbers of the bonding atoms"
                                                         0                           1                           2                           3

0                                                        0                          14                           2                           8
1                                                        0                          14                           4                           8
2                                                        0                          14                           5                           8
3                                                        0                          14                          19                           8
4                                                        1                          14                           3                           8
5                                                        1                          14                           4                           8
6                                                        1                          14                           6                           8
7                                                        1                          14                          18                           8
8                                                        2                           8                          92                           1
9                                                        3                           8                          91                           1
10                                                       5                           8                         113                           1
11                                                       6                           8                         114                           1
12                                                       7                          14                           9                           8
13                                                       7                          14                          10                           8
14                                                       7                          14                          12                           8
15                                                       7                          14                          22                           8
16                                                       8                          14                          10                           8
17                                                       8                          14                          11                           8
18                                                       8                          14                          13                           8
19                                                       8                          14                          38                           8
20                                                       9                           8                          90                           1
21                                                      11                           8                          94                           1
22                                                      12                           8                         116                           1
23                                                      13                           8                         117                           1
24                                                      14                          14                          18                           8
25                                                      14                          14                          21                           8
26                                                      14                          14                          22                           8
27                                                      14                          14                          24                           8
28                                                      15                          14                          19                           8
29                                                      15                          14                          20                           8
30                                                      15                          14                          25                           8
31                                                      15                          14                          32                           8
32                                                      16                          14                          20                           8
33                                                      16                          14                          23                           8
34                                                      16                          14                          26                           8
35                                                      16                          14                          48                           8
36                                                      17                          14                          21                           8
37                                                      17                          14                          23                           8
38                                                      17                          14                          27                           8
39                                                      17                          14                          47                           8
40                                                      24                           8                         115                           1
41                                                      25                           8                         112                           1
42                                                      26                           8                         104                           1
43                                                      27                           8                         105                           1
44                                                      28                          14                          30                           8
45                                                      28                          14                          31                           8
46                                                      28                          14                          32                           8
47                                                      28                          14                          34                           8
48                                                      29                          14                          31                           8
49                                                      29                          14                          33                           8
50                                                      29                          14                          35                           8
51                                                      29                          14                          59                           8
52                                                      30                           8                          93                           1
53                                                      33                           8                          95                           1
54                                                      34                           8                         111                           1
55                                                      35                           8                         110                           1
56                                                      36                          14                          38                           8
57                                                      36                          14                          39                           8
58                                                      36                          14                          41                           8
59                                                      36                          14                          51                           8
60                                                      37                          14                          39                           8
61                                                      37                          14                          40                           8
62                                                      37                          14                          42                           8
63                                                      37                          14                          66                           8
64                                                      40                           8                          96                           1
65                                                      41                           8                         118                           1
66                                                      42                           8                         119                           1
67                                                      43                          14                          47                           8
68                                                      43                          14                          50                           8
69                                                      43                          14                          51                           8
70                                                      43                          14                          53                           8
71                                                      44                          14                          48                           8
72                                                      44                          14                          49                           8
73                                                      44                          14                          54                           8
74                                                      44                          14                          61                           8
75                                                      45                          14                          49                           8
76                                                      45                          14                          52                           8
77                                                      45                          14                          55                           8
78                                                      45                          14                          74                           8
79                                                      46                          14                          50                           8
80                                                      46                          14                          52                           8
81                                                      46                          14                          56                           8
82                                                      46                          14                          73                           8
83                                                      53                           8                         106                           1
84                                                      54                           8                         103                           1
85                                                      55                           8                         102                           1
86                                                      56                           8                         107                           1
87                                                      57                          14                          59                           8
88                                                      57                          14                          60                           8
89                                                      57                          14                          61                           8
90                                                      57                          14                          63                           8
91                                                      58                          14                          60                           8
92                                                      58                          14                          62                           8
93                                                      58                          14                          64                           8
94                                                      58                          14                          84                           8
95                                                      62                           8                          97                           1
96                                                      63                           8                         109                           1
97                                                      64                           8                         108                           1
98                                                      65                          14                          66                           8
99                                                      65                          14                          67                           8
100                                                     65                          14                          68                           8
101                                                     65                          14                          77                           8
102                                                     67                           8                          98                           1
103                                                     68                           8                         120                           1
104                                                     69                          14                          73                           8
105                                                     69                          14                          76                           8
106                                                     69                          14                          77                           8
107                                                     69                          14                          79                           8
108                                                     70                          14                          74                           8
109                                                     70                          14                          75                           8
110                                                     70                          14                          80                           8
111                                                     70                          14                          86                           8
112                                                     71                          14                          75                           8
113                                                     71                          14                          78                           8
114                                                     71                          14                          81                           8
115                                                     71                          14                          89                           8
116                                                     72                          14                          76                           8
117                                                     72                          14                          78                           8
118                                                     72                          14                          82                           8
119                                                     72                          14                          88                           8
120                                                     79                           8                         121                           1
121                                                     80                           8                         124                           1
122                                                     81                           8                         123                           1
123                                                     82                           8                         122                           1
124                                                     83                          14                          84                           8
125                                                     83                          14                          85                           8
126                                                     83                          14                          86                           8
127                                                     83                          14                          87                           8
128                                                     85                           8                          99                           1
129                                                     87                           8                         125                           1
130                                                     88                           8                         100                           1
131                                                     89                           8                         101                           1
132                                                    126                          15                         127                           8
133                                                    126                          15                         128                           8
134                                                    126                          15                         129                           8
135                                                    126                          15                         130                           8
136                                                    129                           8                         149                           1
137                                                    130                           8                         131                           6
138                                                    131                           6                         132                           6
139                                                    131                           6                         150                           1
140                                                    131                           6                         151                           1
141                                                    132                           6                         133                           8
142                                                    132                           6                         134                           6
143                                                    132                           6                         152                           1
144                                                    133                           8                         138                           6
145                                                    134                           6                         135                           8
146                                                    134                           6                         136                           6
147                                                    134                           6                         153                           1
148                                                    135                           8                         154                           1
149                                                    136                           6                         137                           8
150                                                    136                           6                         138                           6
151                                                    136                           6                         155                           1
152                                                    137                           8                         156                           1
153                                                    138                           6                         139                           7
154                                                    138                           6                         157                           1
155                                                    139                           7                         140                           6
156                                                    139                           7                         148                           6
157                                                    140                           6                         141                           7
158                                                    140                           6                         158                           1
159                                                    141                           7                         142                           6
160                                                    142                           6                         143                           6
161                                                    142                           6                         148                           6
162                                                    143                           6                         144                           7
163                                                    143                           6                         145                           7
164                                                    144                           7                         159                           1
165                                                    144                           7                         160                           1
166                                                    145                           7                         146                           6
167                                                    146                           6                         147                           7
168                                                    146                           6                         161                           1
169                                                    147                           7                         148                           6
   &BondOrders [&Type "ArrayOfDoubles", &Dim (170,1)] "The bond orders"
                                                         0

0                                      1.2866592799316059e+00
1                                      1.1771464884424740e+00
2                                      1.1471945406701005e+00
3                                      1.1724540356210298e+00
4                                      1.2760352042930603e+00
5                                      1.1694830614627008e+00
6                                      1.1468335151867501e+00
7                                      1.1794153428591021e+00
8                                      8.6454250676024413e-01
9                                      8.6334550692298184e-01
10                                     8.4047042517138981e-01
11                                     8.3595398468983351e-01
12                                     1.2788724619761813e+00
13                                     1.1899749234854546e+00
14                                     1.1409654638401594e+00
15                                     1.1643085760696001e+00
16                                     1.1636816254572531e+00
17                                     1.2770937299986809e+00
18                                     1.1499927483634247e+00
19                                     1.1791951401672083e+00
20                                     8.6417158420477280e-01
21                                     8.6293940085896392e-01
22                                     8.4270219088634102e-01
23                                     8.3635330867268198e-01
24                                     1.1764947876001079e+00
25                                     1.2058009048897065e+00
26                                     1.1946168577324865e+00
27                                     1.1636750167621528e+00
28                                     1.1746095168170860e+00
29                                     1.1974945770111745e+00
30                                     1.1725506846628069e+00
31                                     1.1853673652458765e+00
32                                     1.1812293287022471e+00
33                                     1.1776239085394125e+00
34                                     1.1585964558674451e+00
35                                     1.1874717853106822e+00
36                                     1.1863717679975494e+00
37                                     1.1889699239030509e+00
38                                     1.1510314346789929e+00
39                                     1.1995943196998748e+00
40                                     8.4425055076131006e-01
41                                     8.4641341562954209e-01
42                                     8.3150063713596090e-01
43                                     8.2586995752427683e-01
44                                     1.2796831070545085e+00
45                                     1.1727513692064646e+00
46                                     1.1744971027931685e+00
47                                     1.1503836470447257e+00
48                                     1.1787009966659125e+00
49                                     1.2910153953036163e+00
50                                     1.1511066179528564e+00
51                                     1.1763780080639119e+00
52                                     8.6506629379608579e-01
53                                     8.6602182194085953e-01
54                                     8.3956283744505045e-01
55                                     8.4524957502719633e-01
56                                     1.1746855242021856e+00
57                                     1.1997637297473229e+00
58                                     1.1607042253081938e+00
59                                     1.2033545022532821e+00
60                                     1.1644480941109636e+00
61                                     1.2796313582361225e+00
62                                     1.1418261792104398e+00
63                                     1.1933437052672633e+00
64                                     8.6597017699482248e-01
65                                     8.4398243639062098e-01
66                                     8.3957060627575808e-01
67                                     1.1757955180940236e+00
68                                     1.2096822146203641e+00
69                                     1.1942651482436919e+00
70                                     1.1422965559401006e+00
71                                     1.1808729778082729e+00
72                                     1.1880855539320867e+00
73                                     1.1758080366847972e+00
74                                     1.1900926166307451e+00
75                                     1.1647985276464055e+00
76                                     1.1743913841497451e+00
77                                     1.1321615338021567e+00
78                                     1.1902716436174328e+00
79                                     1.1690831330639702e+00
80                                     1.2096331916421734e+00
81                                     1.1465664414101064e+00
82                                     1.1622588327217604e+00
83                                     8.2727842179978095e-01
84                                     8.3860761912283110e-01
85                                     8.4176947112554579e-01
86                                     8.2773168740517311e-01
87                                     1.1908846242814979e+00
88                                     1.1658294129886264e+00
89                                     1.1872693192175268e+00
90                                     1.1671681714376001e+00
91                                     1.1884927809820620e+00
92                                     1.2866098614528816e+00
93                                     1.1444450770401438e+00
94                                     1.1566533825349172e+00
95                                     8.6436583564433012e-01
96                                     8.5023148311721142e-01
97                                     8.3661146338810866e-01
98                                     1.1626832864166357e+00
99                                     1.2791280445633426e+00
100                                    1.1365369397385723e+00
101                                    1.1953747794522203e+00
102                                    8.6506420014745677e-01
103                                    8.3843852426196852e-01
104                                    1.1490761866703196e+00
105                                    1.2294459770815334e+00
106                                    1.1776920705821123e+00
107                                    1.1599060135272929e+00
108                                    1.2079839663927463e+00
109                                    1.2067512124566377e+00
110                                    1.1864302463628560e+00
111                                    1.1088001511671557e+00
112                                    1.1689484480438754e+00
113                                    1.1969698574114911e+00
114                                    1.1412342259723509e+00
115                                    1.2784544531997646e+00
116                                    1.1733721691015710e+00
117                                    1.2036951082326259e+00
118                                    1.1218972407513645e+00
119                                    1.2802210916228944e+00
120                                    8.4495931022811321e-01
121                                    8.4501610458421039e-01
122                                    8.4556134359925905e-01
123                                    8.4874974375094459e-01
124                                    1.1718051151598425e+00
125                                    1.3042230823810317e+00
126                                    1.1338621893979903e+00
127                                    1.1528391452653217e+00
128                                    8.6419589106040151e-01
129                                    8.3693448422455330e-01
130                                    8.6947696148408227e-01
131                                    8.6871368116947867e-01
132                                    2.0065923028801325e+00
133                                    1.7960481032053672e+00
134                                    1.0833621148608272e+00
135                                    9.5590836161493487e-01
136                                    8.7848442079113132e-01
137                                    9.8361107055325148e-01
138                                    1.0488673012125034e+00
139                                    9.4391057439854253e-01
140                                    9.3741369053372270e-01
141                                    8.5916676012393822e-01
142                                    9.5929786104752490e-01
143                                    9.4543841335870993e-01
144                                    1.0134839214474054e+00
145                                    9.6765435876326200e-01
146                                    9.7657473904873804e-01
147                                    9.3759691248447352e-01
148                                    8.7860000996389720e-01
149                                    1.1845619283636561e+00
150                                    8.3430525207519390e-01
151                                    9.7069855670491223e-01
152                                    8.5321861354751716e-01
153                                    9.3254497756412524e-01
154                                    9.3055085971705243e-01
155                                    1.1794234771579535e+00
156                                    1.1634433174418668e+00
157                                    1.7206535501140288e+00
158                                    9.2560883778340208e-01
159                                    1.2884608668631614e+00
160                                    1.2723493700534543e+00
161                                    1.3692725208770369e+00
162                                    1.2972844322052479e+00
163                                    1.5013690412783673e+00
164                                    8.9961023467491841e-01
165                                    9.0105810162316058e-01
166                                    1.4529076773731395e+00
167                                    1.5206489942673729e+00
168                                    9.7463102158928905e-01
169                                    1.3659682023710435e+00
   &ATNO [&Type "ArrayOfIntegers", &Dim (162,1)] "Atomic number of the elements"
                                                         0

0                                                       14
1                                                       14
2                                                        8
3                                                        8
4                                                        8
5                                                        8
6                                                        8
7                                                       14
8                                                       14
9                                                        8
10                                                       8
11                                                       8
12                                                       8
13                                                       8
14                                                      14
15                                                      14
16                                                      14
17                                                      14
18                                                       8
19                                                       8
20                                                       8
21                                                       8
22                                                       8
23                                                       8
24                                                       8
25                                                       8
26                                                       8
27                                                       8
28                                                      14
29                                                      14
30                                                       8
31                                                       8
32                                                       8
33                                                       8
34                                                       8
35                                                       8
36                                                      14
37                                                      14
38                                                       8
39                                                       8
40                                                       8
41                                                       8
42                                                       8
43                                                      14
44                                                      14
45                                                      14
46                                                      14
47                                                       8
48                                                       8
49                                                       8
50                                                       8
51                                                       8
52                                                       8
53                                                       8
54                                                       8
55                                                       8
56                                                       8
57                                                      14
58                                                      14
59                                                       8
60                                                       8
61                                                       8
62                                                       8
63                                                       8
64                                                       8
65                                                      14
66                                                       8
67                                                       8
68                                                       8
69                                                      14
70                                                      14
71                                                      14
72                                                      14
73                                                       8
74                                                       8
75                                                       8
76                                                       8
77                                                       8
78                                                       8
79                                                       8
80                                                       8
81                                                       8
82                                                       8
83                                                      14
84                                                       8
85                                                       8
86                                                       8
87                                                       8
88                                                       8
89                                                       8
90                                                       1
91                                                       1
92                                                       1
93                                                       1
94                                                       1
95                                                       1
96                                                       1
97                                                       1
98                                                       1
99                                                       1
100                                                      1
101                                                      1
102                                                      1
103                                                      1
104                                                      1
105                                                      1
106                                                      1
107                                                      1
108                                                      1
109                                                      1
110                                                      1
111                                                      1
112                                                      1
113                                                      1
114                                                      1
115                                                      1
116                                                      1
117                                                      1
118                                                      1
119                                                      1
120                                                      1
121                                                      1
122                                                      1
123                                                      1
124                                                      1
125                                                      1
126                                                     15
127                                                      8
128                                                      8
129                                                      8
130                                                      8
131                                                      6
132                                                      6
133                                                      8
134                                                      6
135                                                      8
136                                                      6
137                                                      8
138                                                      6
139                                                      7
140                                                      6
141                                                      7
142                                                      6
143                                                      6
144                                                      7
145                                                      7
146                                                      6
147                                                      7
148                                                      6
149                                                      1
150                                                      1
151                                                      1
152                                                      1
153                                                      1
154                                                      1
155                                                      1
156                                                      1
157                                                      1
158                                                      1
159                                                      1
160                                                      1
161                                                      1
   &NA [&Type "ArrayOfDoubles", &Dim (162,1)] "Mulliken gross atomic population"
                                                         0

0                                      1.3306560788217517e+01
1                                      1.3300239705556482e+01
2                                      8.5344349110878301e+00
3                                      8.5363325206477736e+00
4                                      8.2989195235502784e+00
5                                      8.5624103080663581e+00
6                                      8.5639179383241419e+00
7                                      1.3299469139402252e+01
8                                      1.3301465616043000e+01
9                                      8.5370139280677080e+00
10                                     8.2981336104973789e+00
11                                     8.5373006663509248e+00
12                                     8.5657911155580724e+00
13                                     8.5633363728196841e+00
14                                     1.3331404510092106e+01
15                                     1.3355528118817647e+01
16                                     1.3383768975076201e+01
17                                     1.3360235601017543e+01
18                                     8.3124514043506217e+00
19                                     8.3119243902813871e+00
20                                     8.2340949929466660e+00
21                                     8.2645078678178123e+00
22                                     8.3044500539329889e+00
23                                     8.2817157020078014e+00
24                                     8.5573251727698505e+00
25                                     8.5598065291566243e+00
26                                     8.5694382267639284e+00
27                                     8.5670777474454667e+00
28                                     1.3318673189788118e+01
29                                     1.3338982275273148e+01
30                                     8.5350885748607439e+00
31                                     8.2836241152789096e+00
32                                     8.2787705591197529e+00
33                                     8.5300925461388175e+00
34                                     8.5617487082202501e+00
35                                     8.5632201630194231e+00
36                                     1.3331701591329333e+01
37                                     1.3302771165736313e+01
38                                     8.3073967006345555e+00
39                                     8.3010817151344281e+00
40                                     8.5363135317353400e+00
41                                     8.5598453144031463e+00
42                                     8.5670127583850917e+00
43                                     1.3353229745523109e+01
44                                     1.3433686355082653e+01
45                                     1.3378930295884388e+01
46                                     1.3374272454263508e+01
47                                     8.2957157027153130e+00
48                                     8.2367501929903746e+00
49                                     8.2276648589236618e+00
50                                     8.2732029616893037e+00
51                                     8.2614584239976505e+00
52                                     8.2325286662535593e+00
53                                     8.5688416118124309e+00
54                                     8.5739213191770478e+00
55                                     8.5886162001656405e+00
56                                     8.5709486384335563e+00
57                                     1.3362755194613182e+01
58                                     1.3322852765895592e+01
59                                     8.2649935097224372e+00
60                                     8.2847385056074394e+00
61                                     8.1904592459117342e+00
62                                     8.5293004617547723e+00
63                                     8.5681777712573854e+00
64                                     8.5670534175101913e+00
65                                     1.3307091111935801e+01
66                                     8.2904718582806520e+00
67                                     8.5316654745857434e+00
68                                     8.5702586688513733e+00
69                                     1.3332001285151792e+01
70                                     1.3368669176366602e+01
71                                     1.3334274834055863e+01
72                                     1.3324352436219115e+01
73                                     8.3333311209090031e+00
74                                     8.1728161533979780e+00
75                                     8.2619531284098677e+00
76                                     8.2460050332050923e+00
77                                     8.2854320662487417e+00
78                                     8.2488212347989602e+00
79                                     8.5661816942725242e+00
80                                     8.5617705320322557e+00
81                                     8.5637340266450650e+00
82                                     8.5739226092938381e+00
83                                     1.3302166951859913e+01
84                                     8.2934138621370135e+00
85                                     8.5200018188176543e+00
86                                     8.3684354303857571e+00
87                                     8.5632334267040235e+00
88                                     8.5290074980824198e+00
89                                     8.5294346680131152e+00
90                                     6.6269210880936757e-01
91                                     6.6129174654979406e-01
92                                     6.6397022797144190e-01
93                                     6.6486034979238151e-01
94                                     6.6151697743632509e-01
95                                     6.6574259333170605e-01
96                                     6.6586951500854541e-01
97                                     6.6369437796433317e-01
98                                     6.6477174640516234e-01
99                                     6.6565097036392085e-01
100                                    6.7146225041469731e-01
101                                    6.7071479864539663e-01
102                                    6.6193448375395891e-01
103                                    6.6069532308855816e-01
104                                    6.5696551540791415e-01
105                                    6.5176513851410178e-01
106                                    6.5313793223222616e-01
107                                    6.5596433358211592e-01
108                                    6.5108161600685122e-01
109                                    6.6330720601326909e-01
110                                    6.5450900357885389e-01
111                                    6.5304761629196750e-01
112                                    6.6095044493891397e-01
113                                    6.5189859329180799e-01
114                                    6.4884407737876026e-01
115                                    6.5692616344949140e-01
116                                    6.5096525411640915e-01
117                                    6.5000132845566461e-01
118                                    6.5695017005734768e-01
119                                    6.5147638286541021e-01
120                                    6.5102514584017379e-01
121                                    6.5991056376922674e-01
122                                    6.5581413597910698e-01
123                                    6.5680235083887739e-01
124                                    6.6289351256527262e-01
125                                    6.5212099399298751e-01
126                                    1.4238210052182790e+01
127                                    8.6342802878361233e+00
128                                    8.6427689710918933e+00
129                                    8.5019875615474785e+00
130                                    8.3394258769868124e+00
131                                    6.0683598413226099e+00
132                                    6.0149290017355179e+00
133                                    8.3072710949583239e+00
134                                    5.7952300082055324e+00
135                                    8.4739211292453351e+00
136                                    6.0546674411892898e+00
137                                    8.4296903098057143e+00
138                                    5.8930527352380260e+00
139                                    6.9123294589746616e+00
140                                    6.0754318948205572e+00
141                                    7.2520166105573605e+00
142                                    5.9572460472973523e+00
143                                    5.9033120727687951e+00
144                                    7.4006827062313398e+00
145                                    7.2647164885595767e+00
146                                    5.9697407342479449e+00
147                                    7.2756667332214775e+00
148                                    5.9463852890567779e+00
149                                    6.7147920260762839e-01
150                                    8.9896079651847960e-01
151                                    8.9410476171871911e-01
152                                    8.4950716354259648e-01
153                                    8.9921106979349663e-01
154                                    6.8190248129783226e-01
155                                    9.0695931718791623e-01
156                                    6.8819669178946485e-01
157                                    9.1477554059259858e-01
158                                    7.8064092627617465e-01
159                                    7.4138480072475632e-01
160                                    7.6119194626034947e-01
161                                    8.9521526033897936e-01
   &ZA [&Type "ArrayOfDoubles", &Dim (162,1)] "Total nuclear charge"
                                                         0

0                                      1.4000000000000000e+01
1                                      1.4000000000000000e+01
2                                      8.0000000000000000e+00
3                                      8.0000000000000000e+00
4                                      8.0000000000000000e+00
5                                      8.0000000000000000e+00
6                                      8.0000000000000000e+00
7                                      1.4000000000000000e+01
8                                      1.4000000000000000e+01
9                                      8.0000000000000000e+00
10                                     8.0000000000000000e+00
11                                     8.0000000000000000e+00
12                                     8.0000000000000000e+00
13                                     8.0000000000000000e+00
14                                     1.4000000000000000e+01
15                                     1.4000000000000000e+01
16                                     1.4000000000000000e+01
17                                     1.4000000000000000e+01
18                                     8.0000000000000000e+00
19                                     8.0000000000000000e+00
20                                     8.0000000000000000e+00
21                                     8.0000000000000000e+00
22                                     8.0000000000000000e+00
23                                     8.0000000000000000e+00
24                                     8.0000000000000000e+00
25                                     8.0000000000000000e+00
26                                     8.0000000000000000e+00
27                                     8.0000000000000000e+00
28                                     1.4000000000000000e+01
29                                     1.4000000000000000e+01
30                                     8.0000000000000000e+00
31                                     8.0000000000000000e+00
32                                     8.0000000000000000e+00
33                                     8.0000000000000000e+00
34                                     8.0000000000000000e+00
35                                     8.0000000000000000e+00
36                                     1.4000000000000000e+01
37                                     1.4000000000000000e+01
38                                     8.0000000000000000e+00
39                                     8.0000000000000000e+00
40                                     8.0000000000000000e+00
41                                     8.0000000000000000e+00
42                                     8.0000000000000000e+00
43                                     1.4000000000000000e+01
44                                     1.4000000000000000e+01
45                                     1.4000000000000000e+01
46                                     1.4000000000000000e+01
47                                     8.0000000000000000e+00
48                                     8.0000000000000000e+00
49                                     8.0000000000000000e+00
50                                     8.0000000000000000e+00
51                                     8.0000000000000000e+00
52                                     8.0000000000000000e+00
53                                     8.0000000000000000e+00
54                                     8.0000000000000000e+00
55                                     8.0000000000000000e+00
56                                     8.0000000000000000e+00
57                                     1.4000000000000000e+01
58                                     1.4000000000000000e+01
59                                     8.0000000000000000e+00
60                                     8.0000000000000000e+00
61                                     8.0000000000000000e+00
62                                     8.0000000000000000e+00
63                                     8.0000000000000000e+00
64                                     8.0000000000000000e+00
65                                     1.4000000000000000e+01
66                                     8.0000000000000000e+00
67                                     8.0000000000000000e+00
68                                     8.0000000000000000e+00
69                                     1.4000000000000000e+01
70                                     1.4000000000000000e+01
71                                     1.4000000000000000e+01
72                                     1.4000000000000000e+01
73                                     8.0000000000000000e+00
74                                     8.0000000000000000e+00
75                                     8.0000000000000000e+00
76                                     8.0000000000000000e+00
77                                     8.0000000000000000e+00
78                                     8.0000000000000000e+00
79                                     8.0000000000000000e+00
80                                     8.0000000000000000e+00
81                                     8.0000000000000000e+00
82                                     8.0000000000000000e+00
83                                     1.4000000000000000e+01
84                                     8.0000000000000000e+00
85                                     8.0000000000000000e+00
86                                     8.0000000000000000e+00
87                                     8.0000000000000000e+00
88                                     8.0000000000000000e+00
89                                     8.0000000000000000e+00
90                                     1.0000000000000000e+00
91                                     1.0000000000000000e+00
92                                     1.0000000000000000e+00
93                                     1.0000000000000000e+00
94                                     1.0000000000000000e+00
95                                     1.0000000000000000e+00
96                                     1.0000000000000000e+00
97                                     1.0000000000000000e+00
98                                     1.0000000000000000e+00
99                                     1.0000000000000000e+00
100                                    1.0000000000000000e+00
101                                    1.0000000000000000e+00
102                                    1.0000000000000000e+00
103                                    1.0000000000000000e+00
104                                    1.0000000000000000e+00
105                                    1.0000000000000000e+00
106                                    1.0000000000000000e+00
107                                    1.0000000000000000e+00
108                                    1.0000000000000000e+00
109                                    1.0000000000000000e+00
110                                    1.0000000000000000e+00
111                                    1.0000000000000000e+00
112                                    1.0000000000000000e+00
113                                    1.0000000000000000e+00
114                                    1.0000000000000000e+00
115                                    1.0000000000000000e+00
116                                    1.0000000000000000e+00
117                                    1.0000000000000000e+00
118                                    1.0000000000000000e+00
119                                    1.0000000000000000e+00
120                                    1.0000000000000000e+00
121                                    1.0000000000000000e+00
122                                    1.0000000000000000e+00
123                                    1.0000000000000000e+00
124                                    1.0000000000000000e+00
125                                    1.0000000000000000e+00
126                                    1.5000000000000000e+01
127                                    8.0000000000000000e+00
128                                    8.0000000000000000e+00
129                                    8.0000000000000000e+00
130                                    8.0000000000000000e+00
131                                    6.0000000000000000e+00
132                                    6.0000000000000000e+00
133                                    8.0000000000000000e+00
134                                    6.0000000000000000e+00
135                                    8.0000000000000000e+00
136                                    6.0000000000000000e+00
137                                    8.0000000000000000e+00
138                                    6.0000000000000000e+00
139                                    7.0000000000000000e+00
140                                    6.0000000000000000e+00
141                                    7.0000000000000000e+00
142                                    6.0000000000000000e+00
143                                    6.0000000000000000e+00
144                                    7.0000000000000000e+00
145                                    7.0000000000000000e+00
146                                    6.0000000000000000e+00
147                                    7.0000000000000000e+00
148                                    6.0000000000000000e+00
149                                    1.0000000000000000e+00
150                                    1.0000000000000000e+00
151                                    1.0000000000000000e+00
152                                    1.0000000000000000e+00
153                                    1.0000000000000000e+00
154                                    1.0000000000000000e+00
155                                    1.0000000000000000e+00
156                                    1.0000000000000000e+00
157                                    1.0000000000000000e+00
158                                    1.0000000000000000e+00
159                                    1.0000000000000000e+00
160                                    1.0000000000000000e+00
161                                    1.0000000000000000e+00
   &QA [&Type "ArrayOfDoubles", &Dim (162,1)] "Mulliken gross atomic charge"
                                                         0

0                                      6.9343921178248280e-01
1                                      6.9976029444351795e-01
2                                     -5.3443491108783014e-01
3                                     -5.3633252064777359e-01
4                                     -2.9891952355027840e-01
5                                     -5.6241030806635806e-01
6                                     -5.6391793832414194e-01
7                                      7.0053086059774827e-01
8                                      6.9853438395699996e-01
9                                     -5.3701392806770798e-01
10                                    -2.9813361049737885e-01
11                                    -5.3730066635092477e-01
12                                    -5.6579111555807238e-01
13                                    -5.6333637281968407e-01
14                                     6.6859548990789364e-01
15                                     6.4447188118235310e-01
16                                     6.1623102492379900e-01
17                                     6.3976439898245729e-01
18                                    -3.1245140435062169e-01
19                                    -3.1192439028138708e-01
20                                    -2.3409499294666603e-01
21                                    -2.6450786781781233e-01
22                                    -3.0445005393298885e-01
23                                    -2.8171570200780138e-01
24                                    -5.5732517276985050e-01
25                                    -5.5980652915662432e-01
26                                    -5.6943822676392841e-01
27                                    -5.6707774744546668e-01
28                                     6.8132681021188191e-01
29                                     6.6101772472685205e-01
30                                    -5.3508857486074390e-01
31                                    -2.8362411527890963e-01
32                                    -2.7877055911975290e-01
33                                    -5.3009254613881751e-01
34                                    -5.6174870822025014e-01
35                                    -5.6322016301942313e-01
36                                     6.6829840867066714e-01
37                                     6.9722883426368654e-01
38                                    -3.0739670063455549e-01
39                                    -3.0108171513442805e-01
40                                    -5.3631353173534002e-01
41                                    -5.5984531440314633e-01
42                                    -5.6701275838509169e-01
43                                     6.4677025447689118e-01
44                                     5.6631364491734715e-01
45                                     6.2106970411561235e-01
46                                     6.2572754573649192e-01
47                                    -2.9571570271531300e-01
48                                    -2.3675019299037459e-01
49                                    -2.2766485892366184e-01
50                                    -2.7320296168930369e-01
51                                    -2.6145842399765051e-01
52                                    -2.3252866625355928e-01
53                                    -5.6884161181243087e-01
54                                    -5.7392131917704781e-01
55                                    -5.8861620016564054e-01
56                                    -5.7094863843355625e-01
57                                     6.3724480538681760e-01
58                                     6.7714723410440847e-01
59                                    -2.6499350972243718e-01
60                                    -2.8473850560743941e-01
61                                    -1.9045924591173424e-01
62                                    -5.2930046175477230e-01
63                                    -5.6817777125738544e-01
64                                    -5.6705341751019134e-01
65                                     6.9290888806419915e-01
66                                    -2.9047185828065203e-01
67                                    -5.3166547458574342e-01
68                                    -5.7025866885137333e-01
69                                     6.6799871484820805e-01
70                                     6.3133082363339810e-01
71                                     6.6572516594413678e-01
72                                     6.7564756378088475e-01
73                                    -3.3333112090900308e-01
74                                    -1.7281615339797796e-01
75                                    -2.6195312840986773e-01
76                                    -2.4600503320509226e-01
77                                    -2.8543206624874173e-01
78                                    -2.4882123479896023e-01
79                                    -5.6618169427252418e-01
80                                    -5.6177053203225569e-01
81                                    -5.6373402664506500e-01
82                                    -5.7392260929383809e-01
83                                     6.9783304814008673e-01
84                                    -2.9341386213701348e-01
85                                    -5.2000181881765428e-01
86                                    -3.6843543038575710e-01
87                                    -5.6323342670402354e-01
88                                    -5.2900749808241976e-01
89                                    -5.2943466801311523e-01
90                                     3.3730789119063243e-01
91                                     3.3870825345020594e-01
92                                     3.3602977202855810e-01
93                                     3.3513965020761849e-01
94                                     3.3848302256367491e-01
95                                     3.3425740666829395e-01
96                                     3.3413048499145459e-01
97                                     3.3630562203566683e-01
98                                     3.3522825359483766e-01
99                                     3.3434902963607915e-01
100                                    3.2853774958530269e-01
101                                    3.2928520135460337e-01
102                                    3.3806551624604109e-01
103                                    3.3930467691144184e-01
104                                    3.4303448459208585e-01
105                                    3.4823486148589822e-01
106                                    3.4686206776777384e-01
107                                    3.4403566641788408e-01
108                                    3.4891838399314878e-01
109                                    3.3669279398673091e-01
110                                    3.4549099642114611e-01
111                                    3.4695238370803250e-01
112                                    3.3904955506108603e-01
113                                    3.4810140670819201e-01
114                                    3.5115592262123974e-01
115                                    3.4307383655050860e-01
116                                    3.4903474588359085e-01
117                                    3.4999867154433539e-01
118                                    3.4304982994265232e-01
119                                    3.4852361713458979e-01
120                                    3.4897485415982621e-01
121                                    3.4008943623077326e-01
122                                    3.4418586402089302e-01
123                                    3.4319764916112261e-01
124                                    3.3710648743472738e-01
125                                    3.4787900600701249e-01
126                                    7.6178994781720988e-01
127                                   -6.3428028783612334e-01
128                                   -6.4276897109189335e-01
129                                   -5.0198756154747848e-01
130                                   -3.3942587698681237e-01
131                                   -6.8359841322609860e-02
132                                   -1.4929001735517922e-02
133                                   -3.0727109495832394e-01
134                                    2.0476999179446764e-01
135                                   -4.7392112924533514e-01
136                                   -5.4667441189289789e-02
137                                   -4.2969030980571432e-01
138                                    1.0694726476197403e-01
139                                    8.7670541025338444e-02
140                                   -7.5431894820557233e-02
141                                   -2.5201661055736047e-01
142                                    4.2753952702647702e-02
143                                    9.6687927231204895e-02
144                                   -4.0068270623133984e-01
145                                   -2.6471648855957675e-01
146                                    3.0259265752055065e-02
147                                   -2.7566673322147750e-01
148                                    5.3614710943222121e-02
149                                    3.2852079739237161e-01
150                                    1.0103920348152040e-01
151                                    1.0589523828128089e-01
152                                    1.5049283645740352e-01
153                                    1.0078893020650337e-01
154                                    3.1809751870216774e-01
155                                    9.3040682812083775e-02
156                                    3.1180330821053515e-01
157                                    8.5224459407401421e-02
158                                    2.1935907372382535e-01
159                                    2.5861519927524368e-01
160                                    2.3880805373965053e-01
161                                    1.0478473966102064e-01
   &VA [&Type "ArrayOfDoubles", &Dim (162,1)] "Mayer's total valence"
                                                         0

0                                      4.9795050962789507e+00
1                                      4.9689487796089935e+00
2                                      2.1041920807598888e+00
3                                      2.0957521636254501e+00
4                                      2.3120783879621216e+00
5                                      1.9990921898091845e+00
6                                      1.9953688710673525e+00
7                                      4.9699273599024725e+00
8                                      4.9684738201411438e+00
9                                      2.0999780925907814e+00
10                                     2.3285039646107375e+00
11                                     2.0961127964820871e+00
12                                     1.9940145085721248e+00
13                                     1.9939818223952877e+00
14                                     4.9406982498906160e+00
15                                     4.9440627560893766e+00
16                                     4.9305444417572986e+00
17                                     4.9585620008986737e+00
18                                     2.3392237994205836e+00
19                                     2.3319130246334723e+00
20                                     2.3817406549323454e+00
21                                     2.3785802893119481e+00
22                                     2.3397040016148134e+00
23                                     2.3679806830532879e+00
24                                     2.0296880161398398e+00
25                                     2.0417408445117466e+00
26                                     2.0358097749270634e+00
27                                     2.0212323449771308e+00
28                                     4.9811862589192941e+00
29                                     5.0030226980626988e+00
30                                     2.0976456612671033e+00
31                                     2.3351789998002888e+00
32                                     2.3528227390370500e+00
33                                     2.1092040413387618e+00
34                                     1.9938271658915045e+00
35                                     1.9968719618815847e+00
36                                     4.9421986792303958e+00
37                                     4.9749453313193879e+00
38                                     2.3342420554042302e+00
39                                     2.3501566515181507e+00
40                                     2.1000104548713505e+00
41                                     2.0255154798469661e+00
42                                     1.9904477418252959e+00
43                                     4.9512002961528108e+00
44                                     4.9705879776561410e+00
45                                     4.9035852943976348e+00
46                                     4.9629159052981837e+00
47                                     2.3701714852449500e+00
48                                     2.3764008261256624e+00
49                                     2.3627153872383078e+00
50                                     2.3785504075019457e+00
51                                     2.3885950322120291e+00
52                                     2.3993711091269239e+00
53                                     2.0156382810127500e+00
54                                     2.0508573576566640e+00
55                                     2.0304975837844417e+00
56                                     2.0310920761005669e+00
57                                     4.9115231587991595e+00
58                                     4.9836921832079160e+00
59                                     2.3624687622599971e+00
60                                     2.3618936074459249e+00
61                                     2.3822241273712077e+00
62                                     2.1034774543681092e+00
63                                     2.0318900264946578e+00
64                                     1.9936671702320652e+00
65                                     4.9745322589132570e+00
66                                     2.3248847562685162e+00
67                                     2.1016023143075309e+00
68                                     1.9847724628497065e+00
69                                     4.9439249528353706e+00
70                                     4.9293192540030937e+00
71                                     5.0013008134925130e+00
72                                     4.9931213016045035e+00
73                                     2.3340764924428434e+00
74                                     2.4018717414102477e+00
75                                     2.3719463358217974e+00
76                                     2.4008796960957044e+00
77                                     2.3645215779536617e+00
78                                     2.3935738478104023e+00
79                                     2.0294198273324522e+00
80                                     2.0465276577880172e+00
81                                     1.9849846326470679e+00
82                                     1.9736491438700376e+00
83                                     4.9629848585537566e+00
84                                     2.3025090615422359e+00
85                                     2.1220312367219876e+00
86                                     2.2511986344012698e+00
87                                     2.0040858725320234e+00
88                                     2.1068574086276080e+00
89                                     2.0994801277461903e+00
90                                     9.0563638889578357e-01
91                                     9.0448213781645226e-01
92                                     9.0624926631673930e-01
93                                     9.0694059588820530e-01
94                                     9.0443570406059315e-01
95                                     9.0810131156728346e-01
96                                     9.0753517812463169e-01
97                                     9.0635943615950831e-01
98                                     9.0690343547546337e-01
99                                     9.0766597786911152e-01
100                                    9.1182646188856853e-01
101                                    9.1078798891476009e-01
102                                    9.3642797424107238e-01
103                                    9.3547570205385699e-01
104                                    9.3249419025461622e-01
105                                    9.2813471036213313e-01
106                                    9.3068562111647957e-01
107                                    9.3387897209254533e-01
108                                    9.2375665871989165e-01
109                                    9.3325214782088906e-01
110                                    9.2140485098099090e-01
111                                    9.2368436893961636e-01
112                                    9.3046904945202746e-01
113                                    9.1989537596952442e-01
114                                    9.2009301791353848e-01
115                                    9.2561524445957377e-01
116                                    9.1871548070055242e-01
117                                    9.2124844936933714e-01
118                                    9.2623524136106639e-01
119                                    9.2070792368396215e-01
120                                    9.2314350280269786e-01
121                                    9.3025698858210382e-01
122                                    9.2207923025633309e-01
123                                    9.2555294560498269e-01
124                                    9.3422723479283820e-01
125                                    9.2234787544311114e-01
126                                    5.9487916211361807e+00
127                                    2.0000034399620610e+00
128                                    1.8916268050747131e+00
129                                    1.9769213259889487e+00
130                                    1.9692824989963533e+00
131                                    4.1272368932055370e+00
132                                    3.9498678861325951e+00
133                                    1.9558399082444184e+00
134                                    3.9197277227661482e+00
135                                    1.9899266993703311e+00
136                                    4.1150575909378500e+00
137                                    1.9936097823238672e+00
138                                    3.7664880785477646e+00
139                                    3.2842706516005329e+00
140                                    4.0641966522795006e+00
141                                    3.1521886704529649e+00
142                                    3.9530901544625099e+00
143                                    4.3606324646391030e+00
144                                    3.1499099898425715e+00
145                                    3.0621436822091148e+00
146                                    4.1521817412833020e+00
147                                    3.0046881584511578e+00
148                                    4.1206330485894469e+00
149                                    9.1243729266973217e-01
150                                    9.5326818884588038e-01
151                                    1.0056085390824943e+00
152                                    1.0015261148529191e+00
153                                    9.7336369205453244e-01
154                                    9.3076208505191327e-01
155                                    9.8462620461639005e-01
156                                    9.4429121863320753e-01
157                                    1.0007329077207823e+00
158                                    9.8398993061211248e-01
159                                    9.4907281198335702e-01
160                                    9.6869804647388191e-01
161                                    9.7917182620574794e-01
   &BVA [&Type "ArrayOfDoubles", &Dim (162,1)] "Mayer's bonded valence"
                                                         0

0                                      4.9795050962789897e+00
1                                      4.9689487796090486e+00
2                                      2.1041920807599013e+00
3                                      2.0957521636254484e+00
4                                      2.3120783879621385e+00
5                                      1.9990921898092164e+00
6                                      1.9953688710673489e+00
7                                      4.9699273599026483e+00
8                                      4.9684738201411687e+00
9                                      2.0999780925908240e+00
10                                     2.3285039646107624e+00
11                                     2.0961127964820570e+00
12                                     1.9940145085721426e+00
13                                     1.9939818223953267e+00
14                                     4.9406982498906178e+00
15                                     4.9440627560893979e+00
16                                     4.9305444417572666e+00
17                                     4.9585620008988229e+00
18                                     2.3392237994206333e+00
19                                     2.3319130246335149e+00
20                                     2.3817406549323845e+00
21                                     2.3785802893119339e+00
22                                     2.3397040016148409e+00
23                                     2.3679806830533225e+00
24                                     2.0296880161398505e+00
25                                     2.0417408445117857e+00
26                                     2.0358097749270634e+00
27                                     2.0212323449771752e+00
28                                     4.9811862589191787e+00
29                                     5.0030226980627823e+00
30                                     2.0976456612671459e+00
31                                     2.3351789998002941e+00
32                                     2.3528227390370882e+00
33                                     2.1092040413387636e+00
34                                     1.9938271658915472e+00
35                                     1.9968719618816309e+00
36                                     4.9421986792304864e+00
37                                     4.9749453313194199e+00
38                                     2.3342420554042285e+00
39                                     2.3501566515181542e+00
40                                     2.1000104548714127e+00
41                                     2.0255154798470159e+00
42                                     1.9904477418252888e+00
43                                     4.9512002961529369e+00
44                                     4.9705879776562405e+00
45                                     4.9035852943977503e+00
46                                     4.9629159052981873e+00
47                                     2.3701714852449349e+00
48                                     2.3764008261257104e+00
49                                     2.3627153872383815e+00
50                                     2.3785504075019261e+00
51                                     2.3885950322120655e+00
52                                     2.3993711091269203e+00
53                                     2.0156382810127482e+00
54                                     2.0508573576566693e+00
55                                     2.0304975837844577e+00
56                                     2.0310920761005491e+00
57                                     4.9115231587992945e+00
58                                     4.9836921832079071e+00
59                                     2.3624687622600096e+00
60                                     2.3618936074459755e+00
61                                     2.3822241273712930e+00
62                                     2.1034774543681127e+00
63                                     2.0318900264946258e+00
64                                     1.9936671702320776e+00
65                                     4.9745322589132801e+00
66                                     2.3248847562685215e+00
67                                     2.1016023143075593e+00
68                                     1.9847724628496834e+00
69                                     4.9439249528354985e+00
70                                     4.9293192540030333e+00
71                                     5.0013008134926054e+00
72                                     4.9931213016045746e+00
73                                     2.3340764924429322e+00
74                                     2.4018717414103001e+00
75                                     2.3719463358218036e+00
76                                     2.4008796960957239e+00
77                                     2.3645215779537878e+00
78                                     2.3935738478104858e+00
79                                     2.0294198273324291e+00
80                                     2.0465276577880225e+00
81                                     1.9849846326470377e+00
82                                     1.9736491438700945e+00
83                                     4.9629848585537850e+00
84                                     2.3025090615422377e+00
85                                     2.1220312367219432e+00
86                                     2.2511986344012733e+00
87                                     2.0040858725319701e+00
88                                     2.1068574086276755e+00
89                                     2.0994801277462205e+00
90                                     9.0563638889578324e-01
91                                     9.0448213781644893e-01
92                                     9.0624926631673730e-01
93                                     9.0694059588820941e-01
94                                     9.0443570406059060e-01
95                                     9.0810131156728424e-01
96                                     9.0753517812463569e-01
97                                     9.0635943615951275e-01
98                                     9.0690343547546437e-01
99                                     9.0766597786911163e-01
100                                    9.1182646188856931e-01
101                                    9.1078798891475654e-01
102                                    9.3642797424107060e-01
103                                    9.3547570205386121e-01
104                                    9.3249419025461877e-01
105                                    9.2813471036213313e-01
106                                    9.3068562111648145e-01
107                                    9.3387897209254378e-01
108                                    9.2375665871988633e-01
109                                    9.3325214782088894e-01
110                                    9.2140485098099334e-01
111                                    9.2368436893962613e-01
112                                    9.3046904945203235e-01
113                                    9.1989537596952964e-01
114                                    9.2009301791354292e-01
115                                    9.2561524445957499e-01
116                                    9.1871548070055309e-01
117                                    9.2124844936934169e-01
118                                    9.2623524136107016e-01
119                                    9.2070792368396193e-01
120                                    9.2314350280269808e-01
121                                    9.3025698858210015e-01
122                                    9.2207923025633687e-01
123                                    9.2555294560497781e-01
124                                    9.3422723479283387e-01
125                                    9.2234787544311059e-01
126                                    5.9487916211361984e+00
127                                    2.0000034399621356e+00
128                                    1.8916268050746936e+00
129                                    1.9769213259888971e+00
130                                    1.9692824989962858e+00
131                                    4.1272368932055237e+00
132                                    3.9498678861327292e+00
133                                    1.9558399082443163e+00
134                                    3.9197277227661731e+00
135                                    1.9899266993703293e+00
136                                    4.1150575909377949e+00
137                                    1.9936097823238441e+00
138                                    3.7664880785476882e+00
139                                    3.2842706516004885e+00
140                                    4.0641966522794792e+00
141                                    3.1521886704530253e+00
142                                    3.9530901544627621e+00
143                                    4.3606324646393055e+00
144                                    3.1499099898426461e+00
145                                    3.0621436822092418e+00
146                                    4.1521817412833313e+00
147                                    3.0046881584510414e+00
148                                    4.1206330485895251e+00
149                                    9.1243729266972384e-01
150                                    9.5326818884587872e-01
151                                    1.0056085390824847e+00
152                                    1.0015261148529411e+00
153                                    9.7336369205453643e-01
154                                    9.3076208505191149e-01
155                                    9.8462620461634975e-01
156                                    9.4429121863320753e-01
157                                    1.0007329077207658e+00
158                                    9.8398993061210216e-01
159                                    9.4907281198335680e-01
160                                    9.6869804647387692e-01
161                                    9.7917182620573251e-01
   &FA [&Type "ArrayOfDoubles", &Dim (162,1)] "Mayer's free valence"
                                                         0

0                                      0.0000000000000000e+00
1                                      0.0000000000000000e+00
2                                      0.0000000000000000e+00
3                                      0.0000000000000000e+00
4                                      0.0000000000000000e+00
5                                      0.0000000000000000e+00
6                                      0.0000000000000000e+00
7                                      0.0000000000000000e+00
8                                      0.0000000000000000e+00
9                                      0.0000000000000000e+00
10                                     0.0000000000000000e+00
11                                     0.0000000000000000e+00
12                                     0.0000000000000000e+00
13                                     0.0000000000000000e+00
14                                     0.0000000000000000e+00
15                                     0.0000000000000000e+00
16                                     0.0000000000000000e+00
17                                     0.0000000000000000e+00
18                                     0.0000000000000000e+00
19                                     0.0000000000000000e+00
20                                     0.0000000000000000e+00
21                                     0.0000000000000000e+00
22                                     0.0000000000000000e+00
23                                     0.0000000000000000e+00
24                                     0.0000000000000000e+00
25                                     0.0000000000000000e+00
26                                     0.0000000000000000e+00
27                                     0.0000000000000000e+00
28                                     0.0000000000000000e+00
29                                     0.0000000000000000e+00
30                                     0.0000000000000000e+00
31                                     0.0000000000000000e+00
32                                     0.0000000000000000e+00
33                                     0.0000000000000000e+00
34                                     0.0000000000000000e+00
35                                     0.0000000000000000e+00
36                                     0.0000000000000000e+00
37                                     0.0000000000000000e+00
38                                     0.0000000000000000e+00
39                                     0.0000000000000000e+00
40                                     0.0000000000000000e+00
41                                     0.0000000000000000e+00
42                                     0.0000000000000000e+00
43                                     0.0000000000000000e+00
44                                     0.0000000000000000e+00
45                                     0.0000000000000000e+00
46                                     0.0000000000000000e+00
47                                     0.0000000000000000e+00
48                                     0.0000000000000000e+00
49                                     0.0000000000000000e+00
50                                     0.0000000000000000e+00
51                                     0.0000000000000000e+00
52                                     0.0000000000000000e+00
53                                     0.0000000000000000e+00
54                                     0.0000000000000000e+00
55                                     0.0000000000000000e+00
56                                     0.0000000000000000e+00
57                                     0.0000000000000000e+00
58                                     0.0000000000000000e+00
59                                     0.0000000000000000e+00
60                                     0.0000000000000000e+00
61                                     0.0000000000000000e+00
62                                     0.0000000000000000e+00
63                                     0.0000000000000000e+00
64                                     0.0000000000000000e+00
65                                     0.0000000000000000e+00
66                                     0.0000000000000000e+00
67                                     0.0000000000000000e+00
68                                     0.0000000000000000e+00
69                                     0.0000000000000000e+00
70                                     0.0000000000000000e+00
71                                     0.0000000000000000e+00
72                                     0.0000000000000000e+00
73                                     0.0000000000000000e+00
74                                     0.0000000000000000e+00
75                                     0.0000000000000000e+00
76                                     0.0000000000000000e+00
77                                     0.0000000000000000e+00
78                                     0.0000000000000000e+00
79                                     0.0000000000000000e+00
80                                     0.0000000000000000e+00
81                                     0.0000000000000000e+00
82                                     0.0000000000000000e+00
83                                     0.0000000000000000e+00
84                                     0.0000000000000000e+00
85                                     0.0000000000000000e+00
86                                     0.0000000000000000e+00
87                                     0.0000000000000000e+00
88                                     0.0000000000000000e+00
89                                     0.0000000000000000e+00
90                                     0.0000000000000000e+00
91                                     0.0000000000000000e+00
92                                     0.0000000000000000e+00
93                                     0.0000000000000000e+00
94                                     0.0000000000000000e+00
95                                     0.0000000000000000e+00
96                                     0.0000000000000000e+00
97                                     0.0000000000000000e+00
98                                     0.0000000000000000e+00
99                                     0.0000000000000000e+00
100                                    0.0000000000000000e+00
101                                    0.0000000000000000e+00
102                                    0.0000000000000000e+00
103                                    0.0000000000000000e+00
104                                    0.0000000000000000e+00
105                                    0.0000000000000000e+00
106                                    0.0000000000000000e+00
107                                    0.0000000000000000e+00
108                                    0.0000000000000000e+00
109                                    0.0000000000000000e+00
110                                    0.0000000000000000e+00
111                                    0.0000000000000000e+00
112                                    0.0000000000000000e+00
113                                    0.0000000000000000e+00
114                                    0.0000000000000000e+00
115                                    0.0000000000000000e+00
116                                    0.0000000000000000e+00
117                                    0.0000000000000000e+00
118                                    0.0000000000000000e+00
119                                    0.0000000000000000e+00
120                                    0.0000000000000000e+00
121                                    0.0000000000000000e+00
122                                    0.0000000000000000e+00
123                                    0.0000000000000000e+00
124                                    0.0000000000000000e+00
125                                    0.0000000000000000e+00
126                                    0.0000000000000000e+00
127                                    0.0000000000000000e+00
128                                    0.0000000000000000e+00
129                                    0.0000000000000000e+00
130                                    0.0000000000000000e+00
131                                    0.0000000000000000e+00
132                                    0.0000000000000000e+00
133                                    0.0000000000000000e+00
134                                    0.0000000000000000e+00
135                                    0.0000000000000000e+00
136                                    0.0000000000000000e+00
137                                    0.0000000000000000e+00
138                                    0.0000000000000000e+00
139                                    0.0000000000000000e+00
140                                    0.0000000000000000e+00
141                                    0.0000000000000000e+00
142                                    0.0000000000000000e+00
143                                    0.0000000000000000e+00
144                                    0.0000000000000000e+00
145                                    0.0000000000000000e+00
146                                    0.0000000000000000e+00
147                                    0.0000000000000000e+00
148                                    0.0000000000000000e+00
149                                    0.0000000000000000e+00
150                                    0.0000000000000000e+00
151                                    0.0000000000000000e+00
152                                    0.0000000000000000e+00
153                                    0.0000000000000000e+00
154                                    0.0000000000000000e+00
155                                    0.0000000000000000e+00
156                                    0.0000000000000000e+00
157                                    0.0000000000000000e+00
158                                    0.0000000000000000e+00
159                                    0.0000000000000000e+00
160                                    0.0000000000000000e+00
161                                    0.0000000000000000e+00
   &Method [&Type "String"] "SCF"
   &Level [&Type "String"] "Relaxed density"
   &Mult [&Type "Integer"] 1
   &State [&Type "Integer"] -1
   &Irrep [&Type "Integer"] 0
$End
$SCF_Energy
   &GeometryIndex 1
   &Method [&Type "String"] "SCF"
   &totalEnergy [&Type "ArrayOfDoubles", &Dim (1,1)] "Total energy of each state"
                                                         0

0                                     -1.3463959197844435e+04
   &Mult [&Type "ArrayOfIntegers", &Dim (1,1)] "Multiplicity of each state"
                                                         0

0                                                        1
$End
$DFT_Energy
   &GeometryIndex 1
   &nAlphaEl [&Type "Integer"] 540
   &nBetaEl [&Type "Integer"] 540
   &nTotalEl [&Type "Integer"] 1080
   &finalEn [&Type "Double"]      -1.3463959197844435e+04  "No Van der Waals correction"
   &eExchange [&Type "Double"]      -9.1346777989879581e+02
   &eCorr [&Type "Double"]      -3.8627151725767199e+01
   &eXC [&Type "Double"]      -9.5209493162456306e+02
   &eCNL [&Type "Double"]       0.0000000000000000e+00
$End
$SCF_Timings
   &GeometryIndex 1
   &TOTAL [&Type "Double"]       1.5328591820000001e+03
   &PREP [&Type "Double"]       2.5687769999999999e+00
   &FOCK [&Type "Double"]       1.3021646809999997e+03
   &DENS [&Type "Double"]       1.7956537000000026e+01
   &ETOT [&Type "Double"]       4.9374079999999765e+00
   &POP [&Type "Double"]       7.1210939999998573e+00
   &TRAFO [&Type "Double"]       2.7919444999999996e+01
   &DIIS [&Type "Double"]       1.0699028299999986e+02
   &SOSCF [&Type "Double"]       3.5664412999999968e+01
   &XC [&Type "Double"]       6.9804401000000013e+01
   &FOCKSTART [&Type "Double"]       2.2060369999997760e+00
   &INT_PREP [&Type "Double"]       5.9999999848514562e-06
   &INT_BF [&Type "Double"]       1.1186180999996765e+01
   &INT_DENS [&Type "Double"]       2.3442618000005524e+01
   &INT_DENSIO [&Type "Double"]       1.4881413430714045e+07
   &INT_FUNC [&Type "Double"]       4.8985999999635510e-01
   &INT_POT [&Type "Double"]       1.4976209000000551e+01
   &INT_POTIO [&Type "Double"]       9.1446000002974870e-02
   &INT_SUM [&Type "Double"]       4.6655000000299651e-02
   &SPLITRIJ [&Type "Double"]       1.9989685200000031e+02
   &COSX [&Type "Double"]       1.0629687449999999e+03
$End
$VdW_Correction
   &GeometryIndex 1
   &vdW [&Type "Double"]      -2.7365560535430450e-01
$End
$Single_Point_Data
   &GeometryIndex 1
   &FinalEnergy [&Type "Double"]      -1.3464232853449790e+04  "Final single point energy"
   &Converged [&Type "Boolean"] true
$End
