*************************************************
******************* ORCA 6.1.1 ******************
*************************************************
$Calculation_Status
   &GeometryIndex 1
   &version [&Type "String"] "6.1.1"
   &progName [&Type "String"] "LeanSCF"
   &Status [&Type "String"] "NORMAL TERMINATION"
$End
$Geometry
   &GeometryIndex 1
   &NAtoms [&Type "Integer"] 162
   &NCorelessECP [&Type "Integer"] 0
   &NGhostAtoms [&Type "Integer"] 0
   &CartesianCoordinates [&Type "Coordinates", &Dim(162,4), &Units "Bohr"] 
              Si     6.618717495453   64.066801627370   14.712610115563
              Si     6.541043283837   58.192335323137   14.742362518369
              O      4.326377658347   65.759802394913   15.867558366477
              O      4.108107665526   56.766297640295   15.974133466116
              O      6.556944909305   61.138720561142   15.714937343832
              O      6.633021234752   64.061878541700   11.616658589933
              O      6.475608448381   58.287921047313   11.651812208708
              Si    11.614717826535   49.389223614709   14.726576993118
              Si    16.679422890648   46.383497116827   14.725314687620
              O      9.075615031343   48.163511861223   15.955275722708
              O     14.153100050243   47.902486864289   15.692772007202
              O     16.568537074719   43.552398974300   15.931401237118
              O     11.557595336765   49.392298492150   11.632268447596
              O     16.609437536534   46.373099057259   11.634246596195
              Si    11.569932578779   55.227403148940   14.515142631318
              Si    11.650964297258   66.992702894296   14.490767266078
              Si    16.810720579627   63.978392578687   14.292509111707
              Si    16.770416856236   58.153731696405   14.355735101414
              O      9.159229839548   56.788859556833   15.658243114075
              O      9.251172204088   65.439983624080   15.645320294001
              O     14.282069048722   65.516159613511   15.137418606441
              O     14.164060870873   56.755913390564   15.200773631228
              O     11.731047066308   52.359494623377   15.641541971524
              O     16.689042636018   61.081500972526   15.362408008719
              O     11.140224547311   55.110704552327   11.455499965206
              O     11.286074858054   67.329825571204   11.442045005177
              O     17.086424052635   63.909149875243   11.215820138319
              O     17.009846432161   58.288175646579   11.279444410387
              Si    11.700394340660   72.831654894083   14.721892165898
              Si    16.833803011724   75.718551570141   14.725249300788
              O      9.244840199798   74.221287055365   15.948286574475
              O     14.249911203765   74.305837460464   15.690822376297
              O     11.872234078023   69.856829208091   15.661113396094
              O     17.099843274767   78.528534247857   15.943330507827
              O     11.728710193001   72.906768211187   11.634737382193
              O     16.858672669734   75.761024212430   11.630202091796
              Si    21.760936370176   49.273800344679   14.551684599467
              Si    26.827266089686   46.373023037660   14.729731341506
              O     19.213430385173   47.922516040990   15.664841713205
              O     24.327127904234   47.969471448197   15.663245406528
              O     26.509831086062   43.538261982920   15.881484919501
              O     21.662938008097   48.900392661161   11.483924969348
              O     26.837135283580   46.386076741124   11.634486937390
              Si    21.777335358672   55.239148068690   14.456822372878
              Si    21.884377205836   66.838512035007   14.360719642172
              Si    26.887411463448   63.905223316006   14.455207409913
              Si    26.817670477700   58.103522143584   14.467827213852
              O     19.213925493072   56.635555716166   15.501954381322
              O     19.297663038964   65.475014190523   15.365763954142
              O     24.412469356329   65.450200957933   15.491722170669
              O     24.327081587248   56.608267300858   15.546982403024
              O     21.711204681173   52.275128197282   15.287051471754
              O     26.942824014170   61.004189133785   15.529736551684
              O     21.736955965928   55.511178773093   11.376134213134
              O     22.025169312936   66.560470440108   11.283590531578
              O     26.707194045378   63.686331552834   11.374504660898
              O     26.511102579443   58.185735598750   11.388810676456
              Si    21.888663473407   72.806786836589   14.506504744120
              Si    26.963379962377   75.705805891347   14.737564885794
              O     19.327334570771   74.102416803252   15.641654873227
              O     24.452031922035   74.112601698697   15.637769367134
              O     21.921567442271   69.797015824706   15.198188456809
              O     26.853505989199   78.527832604426   15.960824255268
              O     21.976689071243   73.231560747123   11.446246265297
              O     27.118557245637   75.704353703469   11.647386616992
              Si    31.945294088685   49.250615383133   14.763491503963
              O     29.393404910865   47.780651132281   15.740610700161
              O     34.406442874624   47.860144946770   15.981643236819
              O     31.886218144237   49.156803974012   11.671439344597
              Si    31.972449367890   55.089154243125   14.563837073039
              Si    32.052963198213   66.886651316422   14.569308107339
              Si    37.092744053763   63.934035730212   14.731516250677
              Si    37.026979699244   58.041283971289   14.715112451088
              O     29.352687475836   56.561856506278   15.265276780245
              O     29.476506160537   65.343638612498   15.294223350716
              O     34.494224071059   65.353933107902   15.688285266070
              O     34.398769897465   56.664221566584   15.628333365315
              O     31.849475476570   52.212798482091   15.688564745637
              O     37.051452669282   60.983026278226   15.682424512353
              O     32.248206364191   54.781112170156   11.494852291260
              O     32.440855351873   66.988081836570   11.502483061907
              O     37.124801087465   63.897852945203   11.640729498529
              O     37.058485136354   57.987898442002   11.620935763515
              Si    32.024185971176   72.723335171389   14.727912273196
              O     29.522202776532   74.255252163740   15.725414023925
              O     34.637066593551   73.869440566949   15.877078731318
              O     31.893013738566   69.763843467987   15.676116298817
              O     32.004898982388   72.705250036560   11.632810291020
              O     39.359773734391   56.458978610806   15.950301131901
              O     39.600561702556   65.255009668301   15.936525113746
              H      7.699986770544   47.218156110693   15.186956332498
              H      2.665286685191   55.939701308312   15.187255099837
              H      2.665286807053   66.155504072385   15.187255110689
              H      7.699986635093   74.877049418436   15.186956341587
              H     16.909611193098   41.901378897341   15.190188767255
              H     16.909611298618   80.193826463614   15.190188770716
              H     26.981059234223   41.901282979861   15.190151931178
              H     26.981059479379   80.193922754033   15.190151929144
              H     35.830259275090   47.009257750238   15.186606026877
              H     35.830259216005   75.085947797811   15.186606015009
              H     40.864793302302   55.730707009004   15.186941704665
              H     40.864793300662   66.364498546270   15.186941699030
              H     25.289657989423   64.588304923636   10.640273868500
              H     20.547937641936   65.785679768147   10.527341811419
              H     17.041948967890   62.228531727801   10.490313520561
              H     18.476032152839   57.416017894223   10.605758429047
              H     23.219976091869   56.343740944506   10.686916321004
              H     26.568698522239   59.877495583768   10.683322905122
              H     25.579825867437   75.194830701471   10.802215082879
              H     20.438189649854   73.902355173617   10.721347854541
              H     15.423248740151   74.955593930725   10.838189500335
              H     11.472080897683   71.284876431109   10.827225308737
              H      9.949166108666   66.317983757137   10.710444359318
              H      6.623863039487   62.397739375749   10.859500019836
              H      7.735992966949   57.243730946825   10.834700740091
              H     11.358152371606   53.458050118968   10.706218458675
              H     12.954547137935   48.525351133201   10.836739942388
              H     18.126813950070   47.014716578736   10.839383705268
              H     23.200143747484   48.258000711188   10.732820260202
              H     28.280328928282   47.223769398168   10.886883205396
              H     32.139941595493   50.780115073502   10.865635641984
              H     33.569012487052   55.790643275002   10.736987897598
              H     37.112483494534   59.628962757835   10.821936629852
              H     35.799825739924   64.890100756741   10.860759269046
              H     32.211103140102   68.636563417329   10.747052028214
              H     30.567738674952   73.552339866230   10.883216103175
              P     15.258903888942   68.047229457830   22.346651260924
              O     16.741598826968   69.060442808077   24.511116676209
              O     12.446221732292   67.991321977386   22.369934077976
              O     16.252479444550   69.546585208037   19.868914314639
              O     16.110786770809   65.147493130370   21.792274992964
              C     18.711277574875   64.544531942357   21.666846986595
              C     18.908807142074   61.727656731857   21.187533942106
              O     21.364894691899   61.181954433111   20.173481478567
              C     18.614800531891   60.115121549846   23.547521756196
              O     17.337358295215   57.799898239827   23.139610175244
              C     21.361521188657   59.621307032712   24.298415389004
              O     21.700101822207   57.512855142276   25.840566552235
              C     22.619167075037   59.415610338212   21.699179273230
              N     25.278596735146   59.979263333526   21.665506883500
              C     26.382174926640   62.317793200601   21.767750542420
              N     28.849525320865   62.234312205776   21.716403828945
              C     29.409760806176   59.697541661267   21.583200292545
              C     31.698209267047   58.353289949068   21.495917316008
              N     33.957254367613   59.488027191205   21.564135366728
              N     31.591283463667   55.823060552343   21.390389897570
              C     29.339267250865   54.695328745866   21.365471400509
              N     27.066084856647   55.746001486715   21.449514635717
              C     27.210537077629   58.260623286066   21.551004193383
              H     15.071142411458   69.410422845066   18.484333629404
              H     19.614154014147   65.543689657619   20.101886144298
              H     19.671156741990   65.069635094618   23.423483403477
              H     17.486840981926   61.199205415970   19.788131786119
              H     17.573856584485   61.106966269245   25.023064087549
              H     17.661374551123   57.196537341165   21.451389070176
              H     22.130824843597   61.271716045734   25.275105053575
              H     20.442642802376   56.289440065610   25.320059009502
              H     22.429207129178   57.483202122800   20.972958143874
              H     25.252090888207   64.015212544843   21.845384897739
              H     34.082051374425   61.375418494291   21.388388534779
              H     35.523104155212   58.446101494438   21.291249304025
              H     29.381658369839   52.645011406465   21.259008441273
$End
$SCF_Mulliken_Population_Analysis
   &GeometryIndex 1
   &NAtoms [&Type "Integer"] 162
   &ATNO [&Type "ArrayOfIntegers", &Dim (162,1)] 
                                                         0

0                                                       14
1                                                       14
2                                                        8
3                                                        8
4                                                        8
5                                                        8
6                                                        8
7                                                       14
8                                                       14
9                                                        8
10                                                       8
11                                                       8
12                                                       8
13                                                       8
14                                                      14
15                                                      14
16                                                      14
17                                                      14
18                                                       8
19                                                       8
20                                                       8
21                                                       8
22                                                       8
23                                                       8
24                                                       8
25                                                       8
26                                                       8
27                                                       8
28                                                      14
29                                                      14
30                                                       8
31                                                       8
32                                                       8
33                                                       8
34                                                       8
35                                                       8
36                                                      14
37                                                      14
38                                                       8
39                                                       8
40                                                       8
41                                                       8
42                                                       8
43                                                      14
44                                                      14
45                                                      14
46                                                      14
47                                                       8
48                                                       8
49                                                       8
50                                                       8
51                                                       8
52                                                       8
53                                                       8
54                                                       8
55                                                       8
56                                                       8
57                                                      14
58                                                      14
59                                                       8
60                                                       8
61                                                       8
62                                                       8
63                                                       8
64                                                       8
65                                                      14
66                                                       8
67                                                       8
68                                                       8
69                                                      14
70                                                      14
71                                                      14
72                                                      14
73                                                       8
74                                                       8
75                                                       8
76                                                       8
77                                                       8
78                                                       8
79                                                       8
80                                                       8
81                                                       8
82                                                       8
83                                                      14
84                                                       8
85                                                       8
86                                                       8
87                                                       8
88                                                       8
89                                                       8
90                                                       1
91                                                       1
92                                                       1
93                                                       1
94                                                       1
95                                                       1
96                                                       1
97                                                       1
98                                                       1
99                                                       1
100                                                      1
101                                                      1
102                                                      1
103                                                      1
104                                                      1
105                                                      1
106                                                      1
107                                                      1
108                                                      1
109                                                      1
110                                                      1
111                                                      1
112                                                      1
113                                                      1
114                                                      1
115                                                      1
116                                                      1
117                                                      1
118                                                      1
119                                                      1
120                                                      1
121                                                      1
122                                                      1
123                                                      1
124                                                      1
125                                                      1
126                                                     15
127                                                      8
128                                                      8
129                                                      8
130                                                      8
131                                                      6
132                                                      6
133                                                      8
134                                                      6
135                                                      8
136                                                      6
137                                                      8
138                                                      6
139                                                      7
140                                                      6
141                                                      7
142                                                      6
143                                                      6
144                                                      7
145                                                      7
146                                                      6
147                                                      7
148                                                      6
149                                                      1
150                                                      1
151                                                      1
152                                                      1
153                                                      1
154                                                      1
155                                                      1
156                                                      1
157                                                      1
158                                                      1
159                                                      1
160                                                      1
161                                                      1
   &AtomicCharges [&Type "ArrayOfDoubles", &Dim (162,1)] 
                                                         0

0                                      6.8260548039951630e-01
1                                      6.9431523749119783e-01
2                                     -5.2336330029457656e-01
3                                     -5.3489701153053915e-01
4                                     -2.8712614606754450e-01
5                                     -5.6724733066532096e-01
6                                     -5.6376133189974276e-01
7                                      6.9699193635806012e-01
8                                      6.9571096075345018e-01
9                                     -5.3388679230058855e-01
10                                    -2.9764527358403647e-01
11                                    -5.3640024220375970e-01
12                                    -5.6423181400982436e-01
13                                    -5.6061615506056128e-01
14                                     6.5893820248070689e-01
15                                     6.5048441930602685e-01
16                                     6.2072128448610187e-01
17                                     6.2897085110974871e-01
18                                    -3.0330235619057788e-01
19                                    -2.7415059208949444e-01
20                                    -2.1284351829875270e-01
21                                    -2.5511703642877848e-01
22                                    -3.0361170550820837e-01
23                                    -2.7497658561541982e-01
24                                    -5.5555822761304618e-01
25                                    -5.6766051626149583e-01
26                                    -5.6994622452581112e-01
27                                    -5.6334235869078597e-01
28                                     6.8888290196484192e-01
29                                     6.8794559280684453e-01
30                                    -5.2346342961870462e-01
31                                    -2.7201390567213757e-01
32                                    -3.1627655380265729e-01
33                                    -5.3157684104698255e-01
34                                    -5.6518670105607960e-01
35                                    -5.7257139041807648e-01
36                                     6.5304255717514437e-01
37                                     6.9513283241498769e-01
38                                    -3.0801382763613994e-01
39                                    -3.0197107683909685e-01
40                                    -5.3529844695857065e-01
41                                    -5.5570293657064695e-01
42                                    -5.6323658316617298e-01
43                                     6.3314479344495211e-01
44                                     6.1878546465522000e-01
45                                     6.2430684891853616e-01
46                                     6.1812963419761147e-01
47                                    -2.9512729473357702e-01
48                                    -2.5430311194279298e-01
49                                    -2.7079808673468619e-01
50                                    -2.5135648747646400e-01
51                                    -2.5860278524981872e-01
52                                    -2.4785421934583773e-01
53                                    -5.6783882919325457e-01
54                                    -5.7133147094522840e-01
55                                    -5.7296785382968807e-01
56                                    -5.8898723905812922e-01
57                                     6.5554316363935961e-01
58                                     6.9680054230716770e-01
59                                    -2.7382456612991390e-01
60                                    -3.0384570945052758e-01
61                                    -2.3225079243776747e-01
62                                    -5.3240165464972122e-01
63                                    -5.6464207399338306e-01
64                                    -5.7023188398819968e-01
65                                     6.7505586361761516e-01
66                                    -2.9434711770536204e-01
67                                    -5.3239866005587544e-01
68                                    -5.6500413625309420e-01
69                                     6.1827168669641885e-01
70                                     6.5908861579196376e-01
71                                     6.8539887028164692e-01
72                                     6.5964596767994266e-01
73                                    -1.9315796023453657e-01
74                                    -2.4127326528278203e-01
75                                    -3.1076850547675150e-01
76                                    -2.5655230360977477e-01
77                                    -2.7722055462476902e-01
78                                    -2.9247869527807424e-01
79                                    -5.6561714192667623e-01
80                                    -5.5994088497944894e-01
81                                    -5.6123408727647650e-01
82                                    -5.6361377014684955e-01
83                                     6.9675038920935961e-01
84                                    -2.9502171475445138e-01
85                                    -5.3677779355191824e-01
86                                    -3.0353707029654409e-01
87                                    -5.6619571659960677e-01
88                                    -5.3407862059756006e-01
89                                    -5.3677147305897321e-01
90                                     3.3702298510610085e-01
91                                     3.3542358035900954e-01
92                                     3.2993206646791484e-01
93                                     3.3187093823764324e-01
94                                     3.3793159552955943e-01
95                                     3.3088657610039496e-01
96                                     3.3551939036521061e-01
97                                     3.3612321525347033e-01
98                                     3.3642138451192038e-01
99                                     3.3479542436338972e-01
100                                    3.3735767946851669e-01
101                                    3.3866572976764775e-01
102                                    3.4467170414038073e-01
103                                    3.4265913703759521e-01
104                                    3.3892962559692941e-01
105                                    3.4252568860760979e-01
106                                    3.4516840401382087e-01
107                                    3.4260743052743114e-01
108                                    3.4982484165578964e-01
109                                    3.4068598469714328e-01
110                                    3.4591752926593067e-01
111                                    3.4475059748511439e-01
112                                    3.3706264954785747e-01
113                                    3.4356492488111035e-01
114                                    3.4742660997688635e-01
115                                    3.4058237155206839e-01
116                                    3.4739829050368920e-01
117                                    3.4900938013984772e-01
118                                    3.4240766148523372e-01
119                                    3.4804548215927689e-01
120                                    3.4922461415024930e-01
121                                    3.3781151538828880e-01
122                                    3.4710035173944487e-01
123                                    3.4977446867492334e-01
124                                    3.4271171785592980e-01
125                                    3.4910831567621858e-01
126                                    7.5198033628486272e-01
127                                   -6.4569318864003478e-01
128                                   -6.3760610383180527e-01
129                                   -5.1023438907699337e-01
130                                   -3.4570497359673347e-01
131                                   -8.9700020714134965e-02
132                                    1.3877444422872198e-01
133                                   -3.0486111268094618e-01
134                                    1.1397470636936546e-01
135                                   -4.5799198857482359e-01
136                                   -1.0092927678095442e-02
137                                   -4.3732380177275942e-01
138                                    8.5533327642613344e-02
139                                    8.9357311798512917e-02
140                                   -5.6802455959701348e-02
141                                   -2.5696204097893638e-01
142                                    6.9233921439487034e-02
143                                    1.0733583236296518e-01
144                                   -4.0049078070484700e-01
145                                   -2.7126387889134129e-01
146                                    1.8651651910066569e-02
147                                   -2.8266852773944073e-01
148                                    9.3232496503705242e-02
149                                    3.1696015769160490e-01
150                                    1.0695975672531155e-01
151                                    9.1740700803697672e-02
152                                    6.8888934003514035e-02
153                                    1.4152887802056424e-01
154                                    3.0823652277477476e-01
155                                    1.0021230142912452e-01
156                                    3.1308589637484141e-01
157                                    6.7689986779786548e-02
158                                    1.6812982202585502e-01
159                                    2.5851245419292790e-01
160                                    2.4168463921688543e-01
161                                    1.0745789527575766e-01
   &Method [&Type "String"] "SCF"
   &Level [&Type "String"] "Relaxed density"
   &Mult [&Type "Integer"] 1
   &State [&Type "Integer"] -1
   &Irrep [&Type "Integer"] 0
$End
$SCF_Loewdin_Population_Analysis
   &GeometryIndex 1
   &NAtoms [&Type "Integer"] 162
   &ATNO [&Type "ArrayOfIntegers", &Dim (162,1)] 
                                                         0

0                                                       14
1                                                       14
2                                                        8
3                                                        8
4                                                        8
5                                                        8
6                                                        8
7                                                       14
8                                                       14
9                                                        8
10                                                       8
11                                                       8
12                                                       8
13                                                       8
14                                                      14
15                                                      14
16                                                      14
17                                                      14
18                                                       8
19                                                       8
20                                                       8
21                                                       8
22                                                       8
23                                                       8
24                                                       8
25                                                       8
26                                                       8
27                                                       8
28                                                      14
29                                                      14
30                                                       8
31                                                       8
32                                                       8
33                                                       8
34                                                       8
35                                                       8
36                                                      14
37                                                      14
38                                                       8
39                                                       8
40                                                       8
41                                                       8
42                                                       8
43                                                      14
44                                                      14
45                                                      14
46                                                      14
47                                                       8
48                                                       8
49                                                       8
50                                                       8
51                                                       8
52                                                       8
53                                                       8
54                                                       8
55                                                       8
56                                                       8
57                                                      14
58                                                      14
59                                                       8
60                                                       8
61                                                       8
62                                                       8
63                                                       8
64                                                       8
65                                                      14
66                                                       8
67                                                       8
68                                                       8
69                                                      14
70                                                      14
71                                                      14
72                                                      14
73                                                       8
74                                                       8
75                                                       8
76                                                       8
77                                                       8
78                                                       8
79                                                       8
80                                                       8
81                                                       8
82                                                       8
83                                                      14
84                                                       8
85                                                       8
86                                                       8
87                                                       8
88                                                       8
89                                                       8
90                                                       1
91                                                       1
92                                                       1
93                                                       1
94                                                       1
95                                                       1
96                                                       1
97                                                       1
98                                                       1
99                                                       1
100                                                      1
101                                                      1
102                                                      1
103                                                      1
104                                                      1
105                                                      1
106                                                      1
107                                                      1
108                                                      1
109                                                      1
110                                                      1
111                                                      1
112                                                      1
113                                                      1
114                                                      1
115                                                      1
116                                                      1
117                                                      1
118                                                      1
119                                                      1
120                                                      1
121                                                      1
122                                                      1
123                                                      1
124                                                      1
125                                                      1
126                                                     15
127                                                      8
128                                                      8
129                                                      8
130                                                      8
131                                                      6
132                                                      6
133                                                      8
134                                                      6
135                                                      8
136                                                      6
137                                                      8
138                                                      6
139                                                      7
140                                                      6
141                                                      7
142                                                      6
143                                                      6
144                                                      7
145                                                      7
146                                                      6
147                                                      7
148                                                      6
149                                                      1
150                                                      1
151                                                      1
152                                                      1
153                                                      1
154                                                      1
155                                                      1
156                                                      1
157                                                      1
158                                                      1
159                                                      1
160                                                      1
161                                                      1
   &AtomicCharges [&Type "ArrayOfDoubles", &Dim (162,1)] 
                                                         0

0                                     -2.7893929990289834e-01
1                                     -2.7944800112439339e-01
2                                     -7.1297185481240533e-02
3                                     -7.9307738833874097e-02
4                                      9.1963377105600763e-02
5                                     -1.0325126514405447e-01
6                                     -1.0197878711726815e-01
7                                     -2.8076954620740402e-01
8                                     -2.7987509689661394e-01
9                                     -7.5931805260804452e-02
10                                     9.0536834756268725e-02
11                                    -8.0277470655941485e-02
12                                    -9.9962082210305780e-02
13                                    -1.0101237942731522e-01
14                                    -2.5338241668482020e-01
15                                    -2.5609424774592604e-01
16                                    -2.5357038818488142e-01
17                                    -2.6088030592044298e-01
18                                     9.2938203595195112e-02
19                                     1.0528286766905204e-01
20                                     1.1833404646262835e-01
21                                     1.0950033210372290e-01
22                                     9.2335987709643241e-02
23                                     9.8628558002868516e-02
24                                    -8.8741115193586850e-02
25                                    -9.1942113672539350e-02
26                                    -8.9854319811074390e-02
27                                    -8.8985207223201357e-02
28                                    -2.7855332797469856e-01
29                                    -2.7817430071042715e-01
30                                    -7.3806548305929809e-02
31                                     9.8692280984411518e-02
32                                     8.6325661338561233e-02
33                                    -7.4412643952092239e-02
34                                    -1.0441896716968202e-01
35                                    -1.0497280695984479e-01
36                                    -2.5288415620014248e-01
37                                    -2.8262790264771454e-01
38                                     8.8893947816591989e-02
39                                     9.3911062839704407e-02
40                                    -7.7050260232839562e-02
41                                    -8.8579002219830727e-02
42                                    -1.0088727178700019e-01
43                                    -2.5207859418940615e-01
44                                    -2.5399614715390051e-01
45                                    -2.5067537655669092e-01
46                                    -2.5336724058217719e-01
47                                     8.9241313159574176e-02
48                                     1.0609270734013698e-01
49                                     9.8373438224302667e-02
50                                     1.0156332662616840e-01
51                                     1.0784946393240613e-01
52                                     1.0539351150095566e-01
53                                    -9.0658900141331600e-02
54                                    -9.1974672839732818e-02
55                                    -9.2404409225164130e-02
56                                    -9.2305423280249599e-02
57                                    -2.5051272737131214e-01
58                                    -2.7945471710746972e-01
59                                     1.0321212546052649e-01
60                                     9.3962628214163679e-02
61                                     1.1655207867588491e-01
62                                    -7.8278283196372200e-02
63                                    -9.3902623635276683e-02
64                                    -1.0336616367775697e-01
65                                    -2.8225164141728953e-01
66                                     8.8381544079888741e-02
67                                    -7.8884519300205014e-02
68                                    -1.0280332722246399e-01
69                                    -2.5478031311793714e-01
70                                    -2.5136355492874785e-01
71                                    -2.8474317213988698e-01
72                                    -2.9132288751616287e-01
73                                     1.1902766839319145e-01
74                                     1.1202460830535355e-01
75                                     8.7304879943176594e-02
76                                     1.0132142390081178e-01
77                                     9.8112172988768620e-02
78                                     8.8453831183941567e-02
79                                    -9.1467914855504873e-02
80                                    -8.9823350563129623e-02
81                                    -1.0131014347688172e-01
82                                    -9.9713517415588981e-02
83                                    -2.8132448147688471e-01
84                                     8.7733118093957785e-02
85                                    -7.7796413602909453e-02
86                                     9.3526132594220712e-02
87                                    -1.0212835177385138e-01
88                                    -7.8422593808074481e-02
89                                    -8.1690404873276279e-02
90                                     1.9250800850440863e-01
91                                     1.9186298931158885e-01
92                                     1.8966195645317574e-01
93                                     1.9198297839240286e-01
94                                     1.9382881870057311e-01
95                                     1.8951041998242690e-01
96                                     1.9188632673072159e-01
97                                     1.9248614364129368e-01
98                                     1.9250363131691672e-01
99                                     1.9136907548006499e-01
100                                    1.9268259434022805e-01
101                                    1.9418450185996683e-01
102                                    1.7990352880709959e-01
103                                    1.8073974757563016e-01
104                                    1.7954890194180850e-01
105                                    1.7953605062934919e-01
106                                    1.8089632329303362e-01
107                                    1.8031398181708713e-01
108                                    1.8323424205167027e-01
109                                    1.8059640060091198e-01
110                                    1.8213314847956763e-01
111                                    1.8009012828380033e-01
112                                    1.7987782845243694e-01
113                                    1.8053139038669253e-01
114                                    1.8158311493793866e-01
115                                    1.8110143128612388e-01
116                                    1.8348664411024118e-01
117                                    1.8230274883152009e-01
118                                    1.8213485108404970e-01
119                                    1.8277555816772884e-01
120                                    1.8281745103623748e-01
121                                    1.8084343742010811e-01
122                                    1.8382360288833499e-01
123                                    1.8252076683925722e-01
124                                    1.8215028041651038e-01
125                                    1.8292039825744932e-01
126                                   -9.0531641069340196e-02
127                                   -3.6213717745347829e-01
128                                   -3.6451950596381977e-01
129                                   -1.6576336086474441e-01
130                                    4.9771821658379345e-02
131                                   -3.3422975822654966e-01
132                                   -2.9705182665906094e-01
133                                    2.2594344059462568e-01
134                                   -3.0592313359958379e-01
135                                    1.8917376470932723e-03
136                                   -3.2951792541709590e-01
137                                    1.4651808292705404e-02
138                                   -3.1697179150371202e-01
139                                    2.9731792135829149e-01
140                                   -2.3850958266793576e-01
141                                    1.1160213782153861e-01
142                                   -2.1941519469871640e-01
143                                   -3.1505131840044776e-01
144                                    3.6749886840530266e-02
145                                    1.0376153032942348e-01
146                                   -3.0919793824984509e-01
147                                    1.1414100293453799e-01
148                                   -2.5144764667081443e-01
149                                    1.5146749035017881e-01
150                                    1.2561383044843399e-01
151                                    1.2527490072095382e-01
152                                    1.4913501428315878e-01
153                                    1.6229620033084646e-01
154                                    1.7095915990390942e-01
155                                    1.5558497385428216e-01
156                                    1.7473971561031909e-01
157                                    1.4632836008197025e-01
158                                    1.4437575425797489e-01
159                                    1.7711683697438407e-01
160                                    1.7014598118562108e-01
161                                    1.3026958795798649e-01
   &Method [&Type "String"] "SCF"
   &Level [&Type "String"] "Relaxed density"
   &Mult [&Type "Integer"] 1
   &State [&Type "Integer"] -1
   &Irrep [&Type "Integer"] 0
$End
$SCF_Mayer_Population_Analysis
   &GeometryIndex 1
   &NAtoms [&Type "Integer"] 162 "Total number of atoms"
   &NBondOrdersPrint [&Type "Integer"] 170 "The number of bond orders larger than threshold"
   &bondThresh [&Type "Double"]       1.0000000000000001e-01  "The threshold for printing"
   &components [&Type "ArrayOfIntegers", &Dim (170,4)] "The indices and atomic numbers of the bonding atoms"
                                                         0                           1                           2                           3

0                                                        0                          14                           2                           8
1                                                        0                          14                           4                           8
2                                                        0                          14                           5                           8
3                                                        0                          14                          19                           8
4                                                        1                          14                           3                           8
5                                                        1                          14                           4                           8
6                                                        1                          14                           6                           8
7                                                        1                          14                          18                           8
8                                                        2                           8                          92                           1
9                                                        3                           8                          91                           1
10                                                       5                           8                         113                           1
11                                                       6                           8                         114                           1
12                                                       7                          14                           9                           8
13                                                       7                          14                          10                           8
14                                                       7                          14                          12                           8
15                                                       7                          14                          22                           8
16                                                       8                          14                          10                           8
17                                                       8                          14                          11                           8
18                                                       8                          14                          13                           8
19                                                       8                          14                          38                           8
20                                                       9                           8                          90                           1
21                                                      11                           8                          94                           1
22                                                      12                           8                         116                           1
23                                                      13                           8                         117                           1
24                                                      14                          14                          18                           8
25                                                      14                          14                          21                           8
26                                                      14                          14                          22                           8
27                                                      14                          14                          24                           8
28                                                      15                          14                          19                           8
29                                                      15                          14                          20                           8
30                                                      15                          14                          25                           8
31                                                      15                          14                          32                           8
32                                                      16                          14                          20                           8
33                                                      16                          14                          23                           8
34                                                      16                          14                          26                           8
35                                                      16                          14                          48                           8
36                                                      17                          14                          21                           8
37                                                      17                          14                          23                           8
38                                                      17                          14                          27                           8
39                                                      17                          14                          47                           8
40                                                      24                           8                         115                           1
41                                                      25                           8                         112                           1
42                                                      26                           8                         104                           1
43                                                      27                           8                         105                           1
44                                                      28                          14                          30                           8
45                                                      28                          14                          31                           8
46                                                      28                          14                          32                           8
47                                                      28                          14                          34                           8
48                                                      29                          14                          31                           8
49                                                      29                          14                          33                           8
50                                                      29                          14                          35                           8
51                                                      29                          14                          59                           8
52                                                      30                           8                          93                           1
53                                                      33                           8                          95                           1
54                                                      34                           8                         111                           1
55                                                      35                           8                         110                           1
56                                                      36                          14                          38                           8
57                                                      36                          14                          39                           8
58                                                      36                          14                          41                           8
59                                                      36                          14                          51                           8
60                                                      37                          14                          39                           8
61                                                      37                          14                          40                           8
62                                                      37                          14                          42                           8
63                                                      37                          14                          66                           8
64                                                      40                           8                          96                           1
65                                                      41                           8                         118                           1
66                                                      42                           8                         119                           1
67                                                      43                          14                          47                           8
68                                                      43                          14                          50                           8
69                                                      43                          14                          51                           8
70                                                      43                          14                          53                           8
71                                                      44                          14                          48                           8
72                                                      44                          14                          49                           8
73                                                      44                          14                          54                           8
74                                                      44                          14                          61                           8
75                                                      45                          14                          49                           8
76                                                      45                          14                          52                           8
77                                                      45                          14                          55                           8
78                                                      45                          14                          74                           8
79                                                      46                          14                          50                           8
80                                                      46                          14                          52                           8
81                                                      46                          14                          56                           8
82                                                      46                          14                          73                           8
83                                                      53                           8                         106                           1
84                                                      54                           8                         103                           1
85                                                      55                           8                         102                           1
86                                                      56                           8                         107                           1
87                                                      57                          14                          59                           8
88                                                      57                          14                          60                           8
89                                                      57                          14                          61                           8
90                                                      57                          14                          63                           8
91                                                      58                          14                          60                           8
92                                                      58                          14                          62                           8
93                                                      58                          14                          64                           8
94                                                      58                          14                          84                           8
95                                                      62                           8                          97                           1
96                                                      63                           8                         109                           1
97                                                      64                           8                         108                           1
98                                                      65                          14                          66                           8
99                                                      65                          14                          67                           8
100                                                     65                          14                          68                           8
101                                                     65                          14                          77                           8
102                                                     67                           8                          98                           1
103                                                     68                           8                         120                           1
104                                                     69                          14                          73                           8
105                                                     69                          14                          76                           8
106                                                     69                          14                          77                           8
107                                                     69                          14                          79                           8
108                                                     70                          14                          74                           8
109                                                     70                          14                          75                           8
110                                                     70                          14                          80                           8
111                                                     70                          14                          86                           8
112                                                     71                          14                          75                           8
113                                                     71                          14                          78                           8
114                                                     71                          14                          81                           8
115                                                     71                          14                          89                           8
116                                                     72                          14                          76                           8
117                                                     72                          14                          78                           8
118                                                     72                          14                          82                           8
119                                                     72                          14                          88                           8
120                                                     79                           8                         121                           1
121                                                     80                           8                         124                           1
122                                                     81                           8                         123                           1
123                                                     82                           8                         122                           1
124                                                     83                          14                          84                           8
125                                                     83                          14                          85                           8
126                                                     83                          14                          86                           8
127                                                     83                          14                          87                           8
128                                                     85                           8                          99                           1
129                                                     87                           8                         125                           1
130                                                     88                           8                         100                           1
131                                                     89                           8                         101                           1
132                                                    126                          15                         127                           8
133                                                    126                          15                         128                           8
134                                                    126                          15                         129                           8
135                                                    126                          15                         130                           8
136                                                    129                           8                         149                           1
137                                                    130                           8                         131                           6
138                                                    131                           6                         132                           6
139                                                    131                           6                         150                           1
140                                                    131                           6                         151                           1
141                                                    132                           6                         133                           8
142                                                    132                           6                         134                           6
143                                                    132                           6                         152                           1
144                                                    133                           8                         138                           6
145                                                    134                           6                         135                           8
146                                                    134                           6                         136                           6
147                                                    134                           6                         153                           1
148                                                    135                           8                         154                           1
149                                                    136                           6                         137                           8
150                                                    136                           6                         138                           6
151                                                    136                           6                         155                           1
152                                                    137                           8                         156                           1
153                                                    138                           6                         139                           7
154                                                    138                           6                         157                           1
155                                                    139                           7                         140                           6
156                                                    139                           7                         148                           6
157                                                    140                           6                         141                           7
158                                                    140                           6                         158                           1
159                                                    141                           7                         142                           6
160                                                    142                           6                         143                           6
161                                                    142                           6                         148                           6
162                                                    143                           6                         144                           7
163                                                    143                           6                         145                           7
164                                                    144                           7                         159                           1
165                                                    144                           7                         160                           1
166                                                    145                           7                         146                           6
167                                                    146                           6                         147                           7
168                                                    146                           6                         161                           1
169                                                    147                           7                         148                           6
   &BondOrders [&Type "ArrayOfDoubles", &Dim (170,1)] "The bond orders"
                                                         0

0                                      1.2935096823116026e+00
1                                      1.1732744154884100e+00
2                                      1.1288648995759829e+00
3                                      1.1921066790956822e+00
4                                      1.2731597722035324e+00
5                                      1.1881048735201971e+00
6                                      1.1423378511186244e+00
7                                      1.1716707616769464e+00
8                                      8.6772735356512620e-01
9                                      8.6540269280487458e-01
10                                     8.4531755359072491e-01
11                                     8.3991889460547142e-01
12                                     1.2827378379811358e+00
13                                     1.1827523194016289e+00
14                                     1.1407106507400435e+00
15                                     1.1714404618400844e+00
16                                     1.1709736623253895e+00
17                                     1.2778327092229111e+00
18                                     1.1526118006685480e+00
19                                     1.1715536537176940e+00
20                                     8.6440052289007108e-01
21                                     8.6331376194138021e-01
22                                     8.4498143810387383e-01
23                                     8.3766095391105622e-01
24                                     1.1934954322927087e+00
25                                     1.1982484319703279e+00
26                                     1.1864979284315325e+00
27                                     1.1651052293189286e+00
28                                     1.1974159091002381e+00
29                                     1.1873780112792354e+00
30                                     1.1559880703806462e+00
31                                     1.1560425528841105e+00
32                                     1.2064174128844765e+00
33                                     1.1541313573333714e+00
34                                     1.1598233629737440e+00
35                                     1.1654621243507439e+00
36                                     1.1892499173674453e+00
37                                     1.1832319694885709e+00
38                                     1.1713621174814008e+00
39                                     1.1602004826968457e+00
40                                     8.4642472545348491e-01
41                                     8.4742443782013988e-01
42                                     8.4158793351081018e-01
43                                     8.3165057516810525e-01
44                                     1.2861885208985231e+00
45                                     1.1745394454866671e+00
46                                     1.1536535282941678e+00
47                                     1.1444496061990921e+00
48                                     1.1965321798517641e+00
49                                     1.2809466185969838e+00
50                                     1.1261761993393489e+00
51                                     1.1742105525399125e+00
52                                     8.6632982009414305e-01
53                                     8.6809372460603917e-01
54                                     8.3884626390761952e-01
55                                     8.4471979756295101e-01
56                                     1.1823912635609379e+00
57                                     1.1922908255413716e+00
58                                     1.1670353945436063e+00
59                                     1.2054127732602034e+00
60                                     1.1680435825943896e+00
61                                     1.2842204065199130e+00
62                                     1.1469926835007482e+00
63                                     1.1825081054980988e+00
64                                     8.6499727870662357e-01
65                                     8.4480671421953635e-01
66                                     8.4023987932170496e-01
67                                     1.1658533949959555e+00
68                                     1.1923395297712285e+00
69                                     1.1868611863679208e+00
70                                     1.1590420382470683e+00
71                                     1.1846535974567607e+00
72                                     1.1651818817321922e+00
73                                     1.1518109507568028e+00
74                                     1.2048920854304224e+00
75                                     1.1928732051485142e+00
76                                     1.1680827452333800e+00
77                                     1.1551331738679671e+00
78                                     1.1796068004229916e+00
79                                     1.1596755903252773e+00
80                                     1.1851683480136097e+00
81                                     1.1540784498348082e+00
82                                     1.1869724779333390e+00
83                                     8.2745520879275680e-01
84                                     8.3625256897925837e-01
85                                     8.2984127935727547e-01
86                                     8.3129081302561181e-01
87                                     1.2113404268788761e+00
88                                     1.1690550708537792e+00
89                                     1.2012301462611767e+00
90                                     1.1598235986765002e+00
91                                     1.1962787070994225e+00
92                                     1.2778032639807244e+00
93                                     1.1354740164189510e+00
94                                     1.1627255950091169e+00
95                                     8.6470477387053224e-01
96                                     8.4374651851018900e-01
97                                     8.3833742252514121e-01
98                                     1.1623248244480564e+00
99                                     1.2836713655875052e+00
100                                    1.1478832540549941e+00
101                                    1.1906608580048508e+00
102                                    8.6471295020169459e-01
103                                    8.3687859909664175e-01
104                                    1.1913820757485354e+00
105                                    1.1836537215389895e+00
106                                    1.1657462332068564e+00
107                                    1.1781170845082949e+00
108                                    1.2101560269541216e+00
109                                    1.1655795388422183e+00
110                                    1.1622107170078464e+00
111                                    1.1965197032790664e+00
112                                    1.1742923122501148e+00
113                                    1.1632496323571182e+00
114                                    1.1615425392579952e+00
115                                    1.2809972832852536e+00
116                                    1.1778343617950022e+00
117                                    1.1731732959709029e+00
118                                    1.1569348620912128e+00
119                                    1.2853378719663979e+00
120                                    8.5009299472177524e-01
121                                    8.4388787124168996e-01
122                                    8.3468043442318862e-01
123                                    8.4515128940008211e-01
124                                    1.1886274412867883e+00
125                                    1.2802806106365863e+00
126                                    1.1675336095923861e+00
127                                    1.1438165453617331e+00
128                                    8.6548045914408023e-01
129                                    8.3864674433446251e-01
130                                    8.6426065378393468e-01
131                                    8.6303931815221779e-01
132                                    1.9396095231999861e+00
133                                    1.9389892883303872e+00
134                                    1.0362145078486555e+00
135                                    9.6933919749501063e-01
136                                    8.7943221439606467e-01
137                                    9.9614909990784661e-01
138                                    9.7807153098576682e-01
139                                    9.8255452612525618e-01
140                                    9.2803218590257175e-01
141                                    9.0755291873938215e-01
142                                    9.9775926042754404e-01
143                                    9.2734694421630781e-01
144                                    1.0524489984781087e+00
145                                    9.7516584155593489e-01
146                                    1.0033152971903629e+00
147                                    9.2513117284227553e-01
148                                    8.8784220748171416e-01
149                                    1.1564595405870230e+00
150                                    9.0587046970518403e-01
151                                    9.4901401087353199e-01
152                                    8.5923887619879302e-01
153                                    9.3258346474705500e-01
154                                    9.0587491431114764e-01
155                                    1.1875250016284284e+00
156                                    1.1754134366478923e+00
157                                    1.7339443762531395e+00
158                                    9.5085816158030878e-01
159                                    1.2531664569303687e+00
160                                    1.2652244549044804e+00
161                                    1.3679730373302874e+00
162                                    1.3095073020007297e+00
163                                    1.4831858121743904e+00
164                                    9.0031542719008995e-01
165                                    9.0234109527571926e-01
166                                    1.4467374596590363e+00
167                                    1.5512881095778444e+00
168                                    9.7728495630439893e-01
169                                    1.3250501164441291e+00
   &ATNO [&Type "ArrayOfIntegers", &Dim (162,1)] "Atomic number of the elements"
                                                         0

0                                                       14
1                                                       14
2                                                        8
3                                                        8
4                                                        8
5                                                        8
6                                                        8
7                                                       14
8                                                       14
9                                                        8
10                                                       8
11                                                       8
12                                                       8
13                                                       8
14                                                      14
15                                                      14
16                                                      14
17                                                      14
18                                                       8
19                                                       8
20                                                       8
21                                                       8
22                                                       8
23                                                       8
24                                                       8
25                                                       8
26                                                       8
27                                                       8
28                                                      14
29                                                      14
30                                                       8
31                                                       8
32                                                       8
33                                                       8
34                                                       8
35                                                       8
36                                                      14
37                                                      14
38                                                       8
39                                                       8
40                                                       8
41                                                       8
42                                                       8
43                                                      14
44                                                      14
45                                                      14
46                                                      14
47                                                       8
48                                                       8
49                                                       8
50                                                       8
51                                                       8
52                                                       8
53                                                       8
54                                                       8
55                                                       8
56                                                       8
57                                                      14
58                                                      14
59                                                       8
60                                                       8
61                                                       8
62                                                       8
63                                                       8
64                                                       8
65                                                      14
66                                                       8
67                                                       8
68                                                       8
69                                                      14
70                                                      14
71                                                      14
72                                                      14
73                                                       8
74                                                       8
75                                                       8
76                                                       8
77                                                       8
78                                                       8
79                                                       8
80                                                       8
81                                                       8
82                                                       8
83                                                      14
84                                                       8
85                                                       8
86                                                       8
87                                                       8
88                                                       8
89                                                       8
90                                                       1
91                                                       1
92                                                       1
93                                                       1
94                                                       1
95                                                       1
96                                                       1
97                                                       1
98                                                       1
99                                                       1
100                                                      1
101                                                      1
102                                                      1
103                                                      1
104                                                      1
105                                                      1
106                                                      1
107                                                      1
108                                                      1
109                                                      1
110                                                      1
111                                                      1
112                                                      1
113                                                      1
114                                                      1
115                                                      1
116                                                      1
117                                                      1
118                                                      1
119                                                      1
120                                                      1
121                                                      1
122                                                      1
123                                                      1
124                                                      1
125                                                      1
126                                                     15
127                                                      8
128                                                      8
129                                                      8
130                                                      8
131                                                      6
132                                                      6
133                                                      8
134                                                      6
135                                                      8
136                                                      6
137                                                      8
138                                                      6
139                                                      7
140                                                      6
141                                                      7
142                                                      6
143                                                      6
144                                                      7
145                                                      7
146                                                      6
147                                                      7
148                                                      6
149                                                      1
150                                                      1
151                                                      1
152                                                      1
153                                                      1
154                                                      1
155                                                      1
156                                                      1
157                                                      1
158                                                      1
159                                                      1
160                                                      1
161                                                      1
   &NA [&Type "ArrayOfDoubles", &Dim (162,1)] "Mulliken gross atomic population"
                                                         0

0                                      1.3317394519600482e+01
1                                      1.3305684762508811e+01
2                                      8.5233633002945801e+00
3                                      8.5348970115305409e+00
4                                      8.2871261460675427e+00
5                                      8.5672473306653245e+00
6                                      8.5637613318997392e+00
7                                      1.3303008063641940e+01
8                                      1.3304289039246546e+01
9                                      8.5338867923005814e+00
10                                     8.2976452735840365e+00
11                                     8.5364002422037597e+00
12                                     8.5642318140098155e+00
13                                     8.5606161550605631e+00
14                                     1.3341061797519272e+01
15                                     1.3349515580693964e+01
16                                     1.3379278715513912e+01
17                                     1.3371029148890237e+01
18                                     8.3033023561905797e+00
19                                     8.2741505920895033e+00
20                                     8.2128435182987474e+00
21                                     8.2551170364287785e+00
22                                     8.3036117055082030e+00
23                                     8.2749765856154056e+00
24                                     8.5555582276130444e+00
25                                     8.5676605162614941e+00
26                                     8.5699462245258040e+00
27                                     8.5633423586908020e+00
28                                     1.3311117098035156e+01
29                                     1.3312054407193155e+01
30                                     8.5234634296186975e+00
31                                     8.2720139056721376e+00
32                                     8.3162765538026555e+00
33                                     8.5315768410469808e+00
34                                     8.5651867010560760e+00
35                                     8.5725713904180800e+00
36                                     1.3346957442824872e+01
37                                     1.3304867167585011e+01
38                                     8.3080138276361204e+00
39                                     8.3019710768390933e+00
40                                     8.5352984469585707e+00
41                                     8.5557029365706558e+00
42                                     8.5632365831661836e+00
43                                     1.3366855206555051e+01
44                                     1.3381214535344760e+01
45                                     1.3375693151081471e+01
46                                     1.3381870365802442e+01
47                                     8.2951272947335912e+00
48                                     8.2543031119427859e+00
49                                     8.2707980867346809e+00
50                                     8.2513564874764622e+00
51                                     8.2586027852498241e+00
52                                     8.2478542193458271e+00
53                                     8.5678388291932546e+00
54                                     8.5713314709452249e+00
55                                     8.5729678538296969e+00
56                                     8.5889872390581434e+00
57                                     1.3344456836360642e+01
58                                     1.3303199457692838e+01
59                                     8.2738245661299246e+00
60                                     8.3038457094505205e+00
61                                     8.2322507924377728e+00
62                                     8.5324016546497070e+00
63                                     8.5646420739933724e+00
64                                     8.5702318839881979e+00
65                                     1.3324944136382367e+01
66                                     8.2943471177053620e+00
67                                     8.5323986600558719e+00
68                                     8.5650041362530906e+00
69                                     1.3381728313303592e+01
70                                     1.3340911384208043e+01
71                                     1.3314601129718369e+01
72                                     1.3340354032320056e+01
73                                     8.1931579602345366e+00
74                                     8.2412732652827891e+00
75                                     8.3107685054767515e+00
76                                     8.2565523036097623e+00
77                                     8.2772205546247672e+00
78                                     8.2924786952780671e+00
79                                     8.5656171419266727e+00
80                                     8.5599408849794543e+00
81                                     8.5612340872764676e+00
82                                     8.5636137701468602e+00
83                                     1.3303249610790626e+01
84                                     8.2950217147544496e+00
85                                     8.5367777935519236e+00
86                                     8.3035370702965388e+00
87                                     8.5661957165996050e+00
88                                     8.5340786205975654e+00
89                                     8.5367714730589768e+00
90                                     6.6297701489389915e-01
91                                     6.6457641964099068e-01
92                                     6.7006793353208516e-01
93                                     6.6812906176235687e-01
94                                     6.6206840447044046e-01
95                                     6.6911342389960504e-01
96                                     6.6448060963478972e-01
97                                     6.6387678474652878e-01
98                                     6.6357861548808006e-01
99                                     6.6520457563661006e-01
100                                    6.6264232053148320e-01
101                                    6.6133427023235158e-01
102                                    6.5532829585961860e-01
103                                    6.5734086296240457e-01
104                                    6.6107037440307059e-01
105                                    6.5747431139238965e-01
106                                    6.5483159598617902e-01
107                                    6.5739256947256908e-01
108                                    6.5017515834421014e-01
109                                    6.5931401530285672e-01
110                                    6.5408247073406911e-01
111                                    6.5524940251488573e-01
112                                    6.6293735045214275e-01
113                                    6.5643507511888965e-01
114                                    6.5257339002311388e-01
115                                    6.5941762844793239e-01
116                                    6.5260170949631036e-01
117                                    6.5099061986015261e-01
118                                    6.5759233851476606e-01
119                                    6.5195451784072311e-01
120                                    6.5077538584975092e-01
121                                    6.6218848461171087e-01
122                                    6.5289964826055524e-01
123                                    6.5022553132507643e-01
124                                    6.5728828214407020e-01
125                                    6.5089168432378142e-01
126                                    1.4248019663715127e+01
127                                    8.6456931886400348e+00
128                                    8.6376061038317911e+00
129                                    8.5102343890770058e+00
130                                    8.3457049735967210e+00
131                                    6.0897000207141341e+00
132                                    5.8612255557712771e+00
133                                    8.3048611126809533e+00
134                                    5.8860252936306363e+00
135                                    8.4579919885748183e+00
136                                    6.0100929276780946e+00
137                                    8.4373238017727630e+00
138                                    5.9144666723573955e+00
139                                    6.9106426882014924e+00
140                                    6.0568024559596969e+00
141                                    7.2569620409789364e+00
142                                    5.9307660785605218e+00
143                                    5.8926641676370357e+00
144                                    7.4004907807048550e+00
145                                    7.2712638788913457e+00
146                                    5.9813483480899343e+00
147                                    7.2826685277394354e+00
148                                    5.9067675034962956e+00
149                                    6.8303984230839521e-01
150                                    8.9304024327468867e-01
151                                    9.0825929919630222e-01
152                                    9.3111106599648585e-01
153                                    8.5847112197943520e-01
154                                    6.9176347722522491e-01
155                                    8.9978769857087548e-01
156                                    6.8691410362515848e-01
157                                    9.3231001322021367e-01
158                                    8.3187017797414509e-01
159                                    7.4148754580707221e-01
160                                    7.5831536078311457e-01
161                                    8.9254210472424200e-01
   &ZA [&Type "ArrayOfDoubles", &Dim (162,1)] "Total nuclear charge"
                                                         0

0                                      1.4000000000000000e+01
1                                      1.4000000000000000e+01
2                                      8.0000000000000000e+00
3                                      8.0000000000000000e+00
4                                      8.0000000000000000e+00
5                                      8.0000000000000000e+00
6                                      8.0000000000000000e+00
7                                      1.4000000000000000e+01
8                                      1.4000000000000000e+01
9                                      8.0000000000000000e+00
10                                     8.0000000000000000e+00
11                                     8.0000000000000000e+00
12                                     8.0000000000000000e+00
13                                     8.0000000000000000e+00
14                                     1.4000000000000000e+01
15                                     1.4000000000000000e+01
16                                     1.4000000000000000e+01
17                                     1.4000000000000000e+01
18                                     8.0000000000000000e+00
19                                     8.0000000000000000e+00
20                                     8.0000000000000000e+00
21                                     8.0000000000000000e+00
22                                     8.0000000000000000e+00
23                                     8.0000000000000000e+00
24                                     8.0000000000000000e+00
25                                     8.0000000000000000e+00
26                                     8.0000000000000000e+00
27                                     8.0000000000000000e+00
28                                     1.4000000000000000e+01
29                                     1.4000000000000000e+01
30                                     8.0000000000000000e+00
31                                     8.0000000000000000e+00
32                                     8.0000000000000000e+00
33                                     8.0000000000000000e+00
34                                     8.0000000000000000e+00
35                                     8.0000000000000000e+00
36                                     1.4000000000000000e+01
37                                     1.4000000000000000e+01
38                                     8.0000000000000000e+00
39                                     8.0000000000000000e+00
40                                     8.0000000000000000e+00
41                                     8.0000000000000000e+00
42                                     8.0000000000000000e+00
43                                     1.4000000000000000e+01
44                                     1.4000000000000000e+01
45                                     1.4000000000000000e+01
46                                     1.4000000000000000e+01
47                                     8.0000000000000000e+00
48                                     8.0000000000000000e+00
49                                     8.0000000000000000e+00
50                                     8.0000000000000000e+00
51                                     8.0000000000000000e+00
52                                     8.0000000000000000e+00
53                                     8.0000000000000000e+00
54                                     8.0000000000000000e+00
55                                     8.0000000000000000e+00
56                                     8.0000000000000000e+00
57                                     1.4000000000000000e+01
58                                     1.4000000000000000e+01
59                                     8.0000000000000000e+00
60                                     8.0000000000000000e+00
61                                     8.0000000000000000e+00
62                                     8.0000000000000000e+00
63                                     8.0000000000000000e+00
64                                     8.0000000000000000e+00
65                                     1.4000000000000000e+01
66                                     8.0000000000000000e+00
67                                     8.0000000000000000e+00
68                                     8.0000000000000000e+00
69                                     1.4000000000000000e+01
70                                     1.4000000000000000e+01
71                                     1.4000000000000000e+01
72                                     1.4000000000000000e+01
73                                     8.0000000000000000e+00
74                                     8.0000000000000000e+00
75                                     8.0000000000000000e+00
76                                     8.0000000000000000e+00
77                                     8.0000000000000000e+00
78                                     8.0000000000000000e+00
79                                     8.0000000000000000e+00
80                                     8.0000000000000000e+00
81                                     8.0000000000000000e+00
82                                     8.0000000000000000e+00
83                                     1.4000000000000000e+01
84                                     8.0000000000000000e+00
85                                     8.0000000000000000e+00
86                                     8.0000000000000000e+00
87                                     8.0000000000000000e+00
88                                     8.0000000000000000e+00
89                                     8.0000000000000000e+00
90                                     1.0000000000000000e+00
91                                     1.0000000000000000e+00
92                                     1.0000000000000000e+00
93                                     1.0000000000000000e+00
94                                     1.0000000000000000e+00
95                                     1.0000000000000000e+00
96                                     1.0000000000000000e+00
97                                     1.0000000000000000e+00
98                                     1.0000000000000000e+00
99                                     1.0000000000000000e+00
100                                    1.0000000000000000e+00
101                                    1.0000000000000000e+00
102                                    1.0000000000000000e+00
103                                    1.0000000000000000e+00
104                                    1.0000000000000000e+00
105                                    1.0000000000000000e+00
106                                    1.0000000000000000e+00
107                                    1.0000000000000000e+00
108                                    1.0000000000000000e+00
109                                    1.0000000000000000e+00
110                                    1.0000000000000000e+00
111                                    1.0000000000000000e+00
112                                    1.0000000000000000e+00
113                                    1.0000000000000000e+00
114                                    1.0000000000000000e+00
115                                    1.0000000000000000e+00
116                                    1.0000000000000000e+00
117                                    1.0000000000000000e+00
118                                    1.0000000000000000e+00
119                                    1.0000000000000000e+00
120                                    1.0000000000000000e+00
121                                    1.0000000000000000e+00
122                                    1.0000000000000000e+00
123                                    1.0000000000000000e+00
124                                    1.0000000000000000e+00
125                                    1.0000000000000000e+00
126                                    1.5000000000000000e+01
127                                    8.0000000000000000e+00
128                                    8.0000000000000000e+00
129                                    8.0000000000000000e+00
130                                    8.0000000000000000e+00
131                                    6.0000000000000000e+00
132                                    6.0000000000000000e+00
133                                    8.0000000000000000e+00
134                                    6.0000000000000000e+00
135                                    8.0000000000000000e+00
136                                    6.0000000000000000e+00
137                                    8.0000000000000000e+00
138                                    6.0000000000000000e+00
139                                    7.0000000000000000e+00
140                                    6.0000000000000000e+00
141                                    7.0000000000000000e+00
142                                    6.0000000000000000e+00
143                                    6.0000000000000000e+00
144                                    7.0000000000000000e+00
145                                    7.0000000000000000e+00
146                                    6.0000000000000000e+00
147                                    7.0000000000000000e+00
148                                    6.0000000000000000e+00
149                                    1.0000000000000000e+00
150                                    1.0000000000000000e+00
151                                    1.0000000000000000e+00
152                                    1.0000000000000000e+00
153                                    1.0000000000000000e+00
154                                    1.0000000000000000e+00
155                                    1.0000000000000000e+00
156                                    1.0000000000000000e+00
157                                    1.0000000000000000e+00
158                                    1.0000000000000000e+00
159                                    1.0000000000000000e+00
160                                    1.0000000000000000e+00
161                                    1.0000000000000000e+00
   &QA [&Type "ArrayOfDoubles", &Dim (162,1)] "Mulliken gross atomic charge"
                                                         0

0                                      6.8260548039951807e-01
1                                      6.9431523749118895e-01
2                                     -5.2336330029458011e-01
3                                     -5.3489701153054092e-01
4                                     -2.8712614606754272e-01
5                                     -5.6724733066532451e-01
6                                     -5.6376133189973920e-01
7                                      6.9699193635806012e-01
8                                      6.9571096075345373e-01
9                                     -5.3388679230058145e-01
10                                    -2.9764527358403647e-01
11                                    -5.3640024220375970e-01
12                                    -5.6423181400981548e-01
13                                    -5.6061615506056306e-01
14                                     6.5893820248072821e-01
15                                     6.5048441930603573e-01
16                                     6.2072128448608765e-01
17                                     6.2897085110976292e-01
18                                    -3.0330235619057966e-01
19                                    -2.7415059208950332e-01
20                                    -2.1284351829874737e-01
21                                    -2.5511703642877848e-01
22                                    -3.0361170550820304e-01
23                                    -2.7497658561540561e-01
24                                    -5.5555822761304441e-01
25                                    -5.6766051626149405e-01
26                                    -5.6994622452580401e-01
27                                    -5.6334235869080196e-01
28                                     6.8888290196484370e-01
29                                     6.8794559280684453e-01
30                                    -5.2346342961869752e-01
31                                    -2.7201390567213757e-01
32                                    -3.1627655380265551e-01
33                                    -5.3157684104698077e-01
34                                    -5.6518670105607605e-01
35                                    -5.7257139041808003e-01
36                                     6.5304255717512838e-01
37                                     6.9513283241498947e-01
38                                    -3.0801382763612040e-01
39                                    -3.0197107683909330e-01
40                                    -5.3529844695857065e-01
41                                    -5.5570293657065584e-01
42                                    -5.6323658316618364e-01
43                                     6.3314479344494856e-01
44                                     6.1878546465523954e-01
45                                     6.2430684891852906e-01
46                                     6.1812963419755818e-01
47                                    -2.9512729473359123e-01
48                                    -2.5430311194278588e-01
49                                    -2.7079808673468087e-01
50                                    -2.5135648747646222e-01
51                                    -2.5860278524982405e-01
52                                    -2.4785421934582708e-01
53                                    -5.6783882919325457e-01
54                                    -5.7133147094522485e-01
55                                    -5.7296785382969695e-01
56                                    -5.8898723905814343e-01
57                                     6.5554316363935783e-01
58                                     6.9680054230716237e-01
59                                    -2.7382456612992456e-01
60                                    -3.0384570945052047e-01
61                                    -2.3225079243777280e-01
62                                    -5.3240165464970701e-01
63                                    -5.6464207399337241e-01
64                                    -5.7023188398819791e-01
65                                     6.7505586361763292e-01
66                                    -2.9434711770536204e-01
67                                    -5.3239866005587189e-01
68                                    -5.6500413625309065e-01
69                                     6.1827168669640820e-01
70                                     6.5908861579195666e-01
71                                     6.8539887028163093e-01
72                                     6.5964596767994443e-01
73                                    -1.9315796023453657e-01
74                                    -2.4127326528278914e-01
75                                    -3.1076850547675150e-01
76                                    -2.5655230360976233e-01
77                                    -2.7722055462476725e-01
78                                    -2.9247869527806714e-01
79                                    -5.6561714192667267e-01
80                                    -5.5994088497945427e-01
81                                    -5.6123408727646762e-01
82                                    -5.6361377014686020e-01
83                                     6.9675038920937382e-01
84                                    -2.9502171475444960e-01
85                                    -5.3677779355192357e-01
86                                    -3.0353707029653876e-01
87                                    -5.6619571659960499e-01
88                                    -5.3407862059756539e-01
89                                    -5.3677147305897677e-01
90                                     3.3702298510610085e-01
91                                     3.3542358035900932e-01
92                                     3.2993206646791484e-01
93                                     3.3187093823764313e-01
94                                     3.3793159552955954e-01
95                                     3.3088657610039496e-01
96                                     3.3551939036521028e-01
97                                     3.3612321525347122e-01
98                                     3.3642138451191994e-01
99                                     3.3479542436338994e-01
100                                    3.3735767946851680e-01
101                                    3.3866572976764842e-01
102                                    3.4467170414038140e-01
103                                    3.4265913703759543e-01
104                                    3.3892962559692941e-01
105                                    3.4252568860761035e-01
106                                    3.4516840401382098e-01
107                                    3.4260743052743092e-01
108                                    3.4982484165578986e-01
109                                    3.4068598469714328e-01
110                                    3.4591752926593089e-01
111                                    3.4475059748511427e-01
112                                    3.3706264954785725e-01
113                                    3.4356492488111035e-01
114                                    3.4742660997688612e-01
115                                    3.4058237155206761e-01
116                                    3.4739829050368964e-01
117                                    3.4900938013984739e-01
118                                    3.4240766148523394e-01
119                                    3.4804548215927689e-01
120                                    3.4922461415024908e-01
121                                    3.3781151538828913e-01
122                                    3.4710035173944476e-01
123                                    3.4977446867492357e-01
124                                    3.4271171785592980e-01
125                                    3.4910831567621858e-01
126                                    7.5198033628487337e-01
127                                   -6.4569318864003478e-01
128                                   -6.3760610383179106e-01
129                                   -5.1023438907700580e-01
130                                   -3.4570497359672103e-01
131                                   -8.9700020714134077e-02
132                                    1.3877444422872287e-01
133                                   -3.0486111268095328e-01
134                                    1.1397470636936369e-01
135                                   -4.5799198857481827e-01
136                                   -1.0092927678094554e-02
137                                   -4.3732380177276298e-01
138                                    8.5533327642604462e-02
139                                    8.9357311798507588e-02
140                                   -5.6802455959696907e-02
141                                   -2.5696204097893638e-01
142                                    6.9233921439478152e-02
143                                    1.0733583236296429e-01
144                                   -4.0049078070485500e-01
145                                   -2.7126387889134573e-01
146                                    1.8651651910065681e-02
147                                   -2.8266852773943540e-01
148                                    9.3232496503704354e-02
149                                    3.1696015769160479e-01
150                                    1.0695975672531133e-01
151                                    9.1740700803697783e-02
152                                    6.8888934003514146e-02
153                                    1.4152887802056480e-01
154                                    3.0823652277477509e-01
155                                    1.0021230142912452e-01
156                                    3.1308589637484152e-01
157                                    6.7689986779786326e-02
158                                    1.6812982202585491e-01
159                                    2.5851245419292779e-01
160                                    2.4168463921688543e-01
161                                    1.0745789527575800e-01
   &VA [&Type "ArrayOfDoubles", &Dim (162,1)] "Mayer's total valence"
                                                         0

0                                      4.9888119724803062e+00
1                                      4.9746308597584452e+00
2                                      2.1162602858888846e+00
3                                      2.0952608559738071e+00
4                                      2.3325398366459442e+00
5                                      1.9839209684204100e+00
6                                      1.9916213818129513e+00
7                                      4.9731234257216634e+00
8                                      4.9716522503900826e+00
9                                      2.1045067775970097e+00
10                                     2.3288591287736526e+00
11                                     2.0970513630615812e+00
12                                     1.9949742443270768e+00
13                                     1.9970883035580744e+00
14                                     4.9433057876294537e+00
15                                     4.9351695173195491e+00
16                                     4.9336099689976720e+00
17                                     4.9326121545943877e+00
18                                     2.3526410388424459e+00
19                                     2.3916184142143262e+00
20                                     2.4013953182671806e+00
21                                     2.3777564271758092e+00
22                                     2.3382448689266520e+00
23                                     2.3478923501581832e+00
24                                     2.0292375448761213e+00
25                                     2.0280120657986309e+00
26                                     2.0383012032888459e+00
27                                     2.0402292133626130e+00
28                                     4.9795996597284997e+00
29                                     4.9839302625338942e+00
30                                     2.1128526083814592e+00
31                                     2.3581310753509452e+00
32                                     2.3372691584827141e+00
33                                     2.1061642157025684e+00
34                                     1.9841875764592505e+00
35                                     1.9795885402495088e+00
36                                     4.9517092079309322e+00
37                                     4.9764479183704893e+00
38                                     2.3332763490149615e+00
39                                     2.3450355850097679e+00
40                                     2.1031889911804473e+00
41                                     2.0293439014843244e+00
42                                     1.9970161235608757e+00
43                                     4.9240765898273189e+00
44                                     4.9411805660443964e+00
45                                     4.9197980078480050e+00
46                                     4.9122574898141700e+00
47                                     2.3309727355668510e+00
48                                     2.3679214894780554e+00
49                                     2.3597348927808266e+00
50                                     2.3696563912905768e+00
51                                     2.3834525756678513e+00
52                                     2.3699674017576289e+00
53                                     2.0322372732488283e+00
54                                     2.0258566418849178e+00
55                                     2.0322043794251172e+00
56                                     2.0449288763427464e+00
57                                     4.9492028982501193e+00
58                                     4.9708147487926979e+00
59                                     2.3831905193470044e+00
60                                     2.3551536022494846e+00
61                                     2.4052471190698306e+00
62                                     2.0979919700479073e+00
63                                     2.0190043562670290e+00
64                                     1.9856983618533572e+00
65                                     4.9879114541050598e+00
66                                     2.3156354609518495e+00
67                                     2.1002407332917095e+00
68                                     1.9946341211410843e+00
69                                     4.9261211178304158e+00
70                                     4.9433182270798657e+00
71                                     4.9807581376761831e+00
72                                     5.0013292893618360e+00
73                                     2.3839599856429334e+00
74                                     2.3920154480726961e+00
75                                     2.3260142193840130e+00
76                                     2.3476985334404095e+00
77                                     2.3566931977113921e+00
78                                     2.3121494265269691e+00
79                                     2.0443852903470887e+00
80                                     2.0287705013907171e+00
81                                     2.0011985363423985e+00
82                                     2.0047290485208400e+00
83                                     4.9755227472186654e+00
84                                     2.3179143994560132e+00
85                                     2.0991404891195469e+00
86                                     2.3486871760289452e+00
87                                     1.9925180187254430e+00
88                                     2.1013329034243480e+00
89                                     2.0965727491467980e+00
90                                     9.0586489512208035e-01
91                                     9.0670181797229787e-01
92                                     9.1030209292751019e-01
93                                     9.0913592466431004e-01
94                                     9.0481635387848247e-01
95                                     9.1014931412567279e-01
96                                     9.0665275137431034e-01
97                                     9.0615191994406641e-01
98                                     9.0628603347243808e-01
99                                     9.0708026404695730e-01
100                                    9.0618072541542871e-01
101                                    9.0453603373014579e-01
102                                    9.3265818630164044e-01
103                                    9.3257841594817681e-01
104                                    9.3376833006653792e-01
105                                    9.3286434390878537e-01
106                                    9.3333694860909411e-01
107                                    9.3667932361036366e-01
108                                    9.2160063532923442e-01
109                                    9.2995705333705947e-01
110                                    9.2211314617014284e-01
111                                    9.2769321507140556e-01
112                                    9.3325515132563885e-01
113                                    9.2301735970840859e-01
114                                    9.2219467339436245e-01
115                                    9.2714584946406764e-01
116                                    9.1913161354767436e-01
117                                    9.2136688080636087e-01
118                                    9.2624490272000592e-01
119                                    9.2056605300380301e-01
120                                    9.2372987705488951e-01
121                                    9.3192664807366221e-01
122                                    9.1984796973086791e-01
123                                    9.2243329943349506e-01
124                                    9.2692598953713223e-01
125                                    9.2036401995467820e-01
126                                    5.9617227681594152e+00
127                                    1.9706969691912040e+00
128                                    1.9493716890681938e+00
129                                    1.9378214328159373e+00
130                                    1.9797197340524590e+00
131                                    4.0043487263043627e+00
132                                    3.8632781893015844e+00
133                                    2.0056323237770570e+00
134                                    3.9836776019383766e+00
135                                    1.9875948384938802e+00
136                                    4.1775624447595963e+00
137                                    1.9875986226632758e+00
138                                    3.8275624323121704e+00
139                                    3.3545837197584740e+00
140                                    4.0989593881195621e+00
141                                    3.1332449660265178e+00
142                                    3.9401515061672372e+00
143                                    4.3615054349325550e+00
144                                    3.1635424219347694e+00
145                                    3.0325153358391859e+00
146                                    4.1713718916012459e+00
147                                    3.0080033662852568e+00
148                                    4.0668494017132506e+00
149                                    9.2267169203340260e-01
150                                    9.7359728325271988e-01
151                                    1.0053697882318615e+00
152                                    9.9934299281369654e-01
153                                    9.8253223608357787e-01
154                                    9.3553949167834949e-01
155                                    9.8872443105525787e-01
156                                    9.3936428754769896e-01
157                                    1.0158903564801236e+00
158                                    9.8626235859972289e-01
159                                    9.4989642450540035e-01
160                                    9.6608362128847236e-01
161                                    9.7555385801170158e-01
   &BVA [&Type "ArrayOfDoubles", &Dim (162,1)] "Mayer's bonded valence"
                                                         0

0                                      4.9888119724804145e+00
1                                      4.9746308597585198e+00
2                                      2.1162602858888846e+00
3                                      2.0952608559738408e+00
4                                      2.3325398366460401e+00
5                                      1.9839209684204846e+00
6                                      1.9916213818130437e+00
7                                      4.9731234257217629e+00
8                                      4.9716522503902318e+00
9                                      2.1045067775971056e+00
10                                     2.3288591287735798e+00
11                                     2.0970513630616345e+00
12                                     1.9949742443270981e+00
13                                     1.9970883035580620e+00
14                                     4.9433057876295532e+00
15                                     4.9351695173195704e+00
16                                     4.9336099689977058e+00
17                                     4.9326121545945263e+00
18                                     2.3526410388424459e+00
19                                     2.3916184142143351e+00
20                                     2.4013953182672259e+00
21                                     2.3777564271757790e+00
22                                     2.3382448689267186e+00
23                                     2.3478923501582170e+00
24                                     2.0292375448761817e+00
25                                     2.0280120657986700e+00
26                                     2.0383012032889098e+00
27                                     2.0402292133626254e+00
28                                     4.9795996597286045e+00
29                                     4.9839302625339474e+00
30                                     2.1128526083814947e+00
31                                     2.3581310753509204e+00
32                                     2.3372691584827709e+00
33                                     2.1061642157025826e+00
34                                     1.9841875764592363e+00
35                                     1.9795885402495674e+00
36                                     4.9517092079309926e+00
37                                     4.9764479183705888e+00
38                                     2.3332763490150148e+00
39                                     2.3450355850098017e+00
40                                     2.1031889911804971e+00
41                                     2.0293439014843493e+00
42                                     1.9970161235608792e+00
43                                     4.9240765898273864e+00
44                                     4.9411805660445918e+00
45                                     4.9197980078480352e+00
46                                     4.9122574898142179e+00
47                                     2.3309727355668350e+00
48                                     2.3679214894781229e+00
49                                     2.3597348927808417e+00
50                                     2.3696563912905706e+00
51                                     2.3834525756679064e+00
52                                     2.3699674017576928e+00
53                                     2.0322372732488461e+00
54                                     2.0258566418849266e+00
55                                     2.0322043794251456e+00
56                                     2.0449288763426754e+00
57                                     4.9492028982501708e+00
58                                     4.9708147487926020e+00
59                                     2.3831905193470204e+00
60                                     2.3551536022495458e+00
61                                     2.4052471190698475e+00
62                                     2.0979919700479996e+00
63                                     2.0190043562671107e+00
64                                     1.9856983618533484e+00
65                                     4.9879114541051361e+00
66                                     2.3156354609519099e+00
67                                     2.1002407332917059e+00
68                                     1.9946341211411180e+00
69                                     4.9261211178304940e+00
70                                     4.9433182270798923e+00
71                                     4.9807581376762524e+00
72                                     5.0013292893619568e+00
73                                     2.3839599856429627e+00
74                                     2.3920154480727440e+00
75                                     2.3260142193840974e+00
76                                     2.3476985334405018e+00
77                                     2.3566931977114098e+00
78                                     2.3121494265270215e+00
79                                     2.0443852903471083e+00
80                                     2.0287705013907047e+00
81                                     2.0011985363424287e+00
82                                     2.0047290485208382e+00
83                                     4.9755227472188217e+00
84                                     2.3179143994560327e+00
85                                     2.0991404891195362e+00
86                                     2.3486871760289674e+00
87                                     1.9925180187254945e+00
88                                     2.1013329034244030e+00
89                                     2.0965727491468229e+00
90                                     9.0586489512208124e-01
91                                     9.0670181797229943e-01
92                                     9.1030209292750985e-01
93                                     9.0913592466430981e-01
94                                     9.0481635387848502e-01
95                                     9.1014931412567079e-01
96                                     9.0665275137431200e-01
97                                     9.0615191994407251e-01
98                                     9.0628603347244052e-01
99                                     9.0708026404695685e-01
100                                    9.0618072541543437e-01
101                                    9.0453603373014912e-01
102                                    9.3265818630164021e-01
103                                    9.3257841594817814e-01
104                                    9.3376833006654569e-01
105                                    9.3286434390878636e-01
106                                    9.3333694860909622e-01
107                                    9.3667932361035933e-01
108                                    9.2160063532923886e-01
109                                    9.2995705333705914e-01
110                                    9.2211314617014095e-01
111                                    9.2769321507139790e-01
112                                    9.3325515132564285e-01
113                                    9.2301735970841492e-01
114                                    9.2219467339436378e-01
115                                    9.2714584946406320e-01
116                                    9.1913161354767692e-01
117                                    9.2136688080636053e-01
118                                    9.2624490272000670e-01
119                                    9.2056605300380334e-01
120                                    9.2372987705488929e-01
121                                    9.3192664807366443e-01
122                                    9.1984796973086658e-01
123                                    9.2243329943350072e-01
124                                    9.2692598953712935e-01
125                                    9.2036401995467798e-01
126                                    5.9617227681594898e+00
127                                    1.9706969691911915e+00
128                                    1.9493716890681831e+00
129                                    1.9378214328158929e+00
130                                    1.9797197340525354e+00
131                                    4.0043487263044311e+00
132                                    3.8632781893016297e+00
133                                    2.0056323237770437e+00
134                                    3.9836776019384619e+00
135                                    1.9875948384938980e+00
136                                    4.1775624447595918e+00
137                                    1.9875986226632794e+00
138                                    3.8275624323120661e+00
139                                    3.3545837197583612e+00
140                                    4.0989593881195150e+00
141                                    3.1332449660265249e+00
142                                    3.9401515061673154e+00
143                                    4.3615054349326936e+00
144                                    3.1635424219348698e+00
145                                    3.0325153358393120e+00
146                                    4.1713718916012539e+00
147                                    3.0080033662853545e+00
148                                    4.0668494017132790e+00
149                                    9.2267169203340083e-01
150                                    9.7359728325274986e-01
151                                    1.0053697882318673e+00
152                                    9.9934299281367889e-01
153                                    9.8253223608360307e-01
154                                    9.3553949167835360e-01
155                                    9.8872443105525898e-01
156                                    9.3936428754770707e-01
157                                    1.0158903564800990e+00
158                                    9.8626235859971711e-01
159                                    9.4989642450541334e-01
160                                    9.6608362128848047e-01
161                                    9.7555385801169769e-01
   &FA [&Type "ArrayOfDoubles", &Dim (162,1)] "Mayer's free valence"
                                                         0

0                                      0.0000000000000000e+00
1                                      0.0000000000000000e+00
2                                      0.0000000000000000e+00
3                                      0.0000000000000000e+00
4                                      0.0000000000000000e+00
5                                      0.0000000000000000e+00
6                                      0.0000000000000000e+00
7                                      0.0000000000000000e+00
8                                      0.0000000000000000e+00
9                                      0.0000000000000000e+00
10                                     0.0000000000000000e+00
11                                     0.0000000000000000e+00
12                                     0.0000000000000000e+00
13                                     0.0000000000000000e+00
14                                     0.0000000000000000e+00
15                                     0.0000000000000000e+00
16                                     0.0000000000000000e+00
17                                     0.0000000000000000e+00
18                                     0.0000000000000000e+00
19                                     0.0000000000000000e+00
20                                     0.0000000000000000e+00
21                                     0.0000000000000000e+00
22                                     0.0000000000000000e+00
23                                     0.0000000000000000e+00
24                                     0.0000000000000000e+00
25                                     0.0000000000000000e+00
26                                     0.0000000000000000e+00
27                                     0.0000000000000000e+00
28                                     0.0000000000000000e+00
29                                     0.0000000000000000e+00
30                                     0.0000000000000000e+00
31                                     0.0000000000000000e+00
32                                     0.0000000000000000e+00
33                                     0.0000000000000000e+00
34                                     0.0000000000000000e+00
35                                     0.0000000000000000e+00
36                                     0.0000000000000000e+00
37                                     0.0000000000000000e+00
38                                     0.0000000000000000e+00
39                                     0.0000000000000000e+00
40                                     0.0000000000000000e+00
41                                     0.0000000000000000e+00
42                                     0.0000000000000000e+00
43                                     0.0000000000000000e+00
44                                     0.0000000000000000e+00
45                                     0.0000000000000000e+00
46                                     0.0000000000000000e+00
47                                     0.0000000000000000e+00
48                                     0.0000000000000000e+00
49                                     0.0000000000000000e+00
50                                     0.0000000000000000e+00
51                                     0.0000000000000000e+00
52                                     0.0000000000000000e+00
53                                     0.0000000000000000e+00
54                                     0.0000000000000000e+00
55                                     0.0000000000000000e+00
56                                     0.0000000000000000e+00
57                                     0.0000000000000000e+00
58                                     0.0000000000000000e+00
59                                     0.0000000000000000e+00
60                                     0.0000000000000000e+00
61                                     0.0000000000000000e+00
62                                     0.0000000000000000e+00
63                                     0.0000000000000000e+00
64                                     0.0000000000000000e+00
65                                     0.0000000000000000e+00
66                                     0.0000000000000000e+00
67                                     0.0000000000000000e+00
68                                     0.0000000000000000e+00
69                                     0.0000000000000000e+00
70                                     0.0000000000000000e+00
71                                     0.0000000000000000e+00
72                                     0.0000000000000000e+00
73                                     0.0000000000000000e+00
74                                     0.0000000000000000e+00
75                                     0.0000000000000000e+00
76                                     0.0000000000000000e+00
77                                     0.0000000000000000e+00
78                                     0.0000000000000000e+00
79                                     0.0000000000000000e+00
80                                     0.0000000000000000e+00
81                                     0.0000000000000000e+00
82                                     0.0000000000000000e+00
83                                     0.0000000000000000e+00
84                                     0.0000000000000000e+00
85                                     0.0000000000000000e+00
86                                     0.0000000000000000e+00
87                                     0.0000000000000000e+00
88                                     0.0000000000000000e+00
89                                     0.0000000000000000e+00
90                                     0.0000000000000000e+00
91                                     0.0000000000000000e+00
92                                     0.0000000000000000e+00
93                                     0.0000000000000000e+00
94                                     0.0000000000000000e+00
95                                     0.0000000000000000e+00
96                                     0.0000000000000000e+00
97                                     0.0000000000000000e+00
98                                     0.0000000000000000e+00
99                                     0.0000000000000000e+00
100                                    0.0000000000000000e+00
101                                    0.0000000000000000e+00
102                                    0.0000000000000000e+00
103                                    0.0000000000000000e+00
104                                    0.0000000000000000e+00
105                                    0.0000000000000000e+00
106                                    0.0000000000000000e+00
107                                    0.0000000000000000e+00
108                                    0.0000000000000000e+00
109                                    0.0000000000000000e+00
110                                    0.0000000000000000e+00
111                                    0.0000000000000000e+00
112                                    0.0000000000000000e+00
113                                    0.0000000000000000e+00
114                                    0.0000000000000000e+00
115                                    0.0000000000000000e+00
116                                    0.0000000000000000e+00
117                                    0.0000000000000000e+00
118                                    0.0000000000000000e+00
119                                    0.0000000000000000e+00
120                                    0.0000000000000000e+00
121                                    0.0000000000000000e+00
122                                    0.0000000000000000e+00
123                                    0.0000000000000000e+00
124                                    0.0000000000000000e+00
125                                    0.0000000000000000e+00
126                                    0.0000000000000000e+00
127                                    0.0000000000000000e+00
128                                    0.0000000000000000e+00
129                                    0.0000000000000000e+00
130                                    0.0000000000000000e+00
131                                    0.0000000000000000e+00
132                                    0.0000000000000000e+00
133                                    0.0000000000000000e+00
134                                    0.0000000000000000e+00
135                                    0.0000000000000000e+00
136                                    0.0000000000000000e+00
137                                    0.0000000000000000e+00
138                                    0.0000000000000000e+00
139                                    0.0000000000000000e+00
140                                    0.0000000000000000e+00
141                                    0.0000000000000000e+00
142                                    0.0000000000000000e+00
143                                    0.0000000000000000e+00
144                                    0.0000000000000000e+00
145                                    0.0000000000000000e+00
146                                    0.0000000000000000e+00
147                                    0.0000000000000000e+00
148                                    0.0000000000000000e+00
149                                    0.0000000000000000e+00
150                                    0.0000000000000000e+00
151                                    0.0000000000000000e+00
152                                    0.0000000000000000e+00
153                                    0.0000000000000000e+00
154                                    0.0000000000000000e+00
155                                    0.0000000000000000e+00
156                                    0.0000000000000000e+00
157                                    0.0000000000000000e+00
158                                    0.0000000000000000e+00
159                                    0.0000000000000000e+00
160                                    0.0000000000000000e+00
161                                    0.0000000000000000e+00
   &Method [&Type "String"] "SCF"
   &Level [&Type "String"] "Relaxed density"
   &Mult [&Type "Integer"] 1
   &State [&Type "Integer"] -1
   &Irrep [&Type "Integer"] 0
$End
$SCF_Energy
   &GeometryIndex 1
   &Method [&Type "String"] "SCF"
   &totalEnergy [&Type "ArrayOfDoubles", &Dim (1,1)] "Total energy of each state"
                                                         0

0                                     -1.3463958898353178e+04
   &Mult [&Type "ArrayOfIntegers", &Dim (1,1)] "Multiplicity of each state"
                                                         0

0                                                        1
$End
$DFT_Energy
   &GeometryIndex 1
   &nAlphaEl [&Type "Integer"] 540
   &nBetaEl [&Type "Integer"] 540
   &nTotalEl [&Type "Integer"] 1080
   &finalEn [&Type "Double"]      -1.3463958898353178e+04  "No Van der Waals correction"
   &eExchange [&Type "Double"]      -9.1347407038101505e+02
   &eCorr [&Type "Double"]      -3.8622807583052342e+01
   &eXC [&Type "Double"]      -9.5209687796406740e+02
   &eCNL [&Type "Double"]       0.0000000000000000e+00
$End
$SCF_Timings
   &GeometryIndex 1
   &TOTAL [&Type "Double"]       1.7490953550000002e+03
   &PREP [&Type "Double"]       2.3453010000000001e+00
   &FOCK [&Type "Double"]       1.4923890420000000e+03
   &DENS [&Type "Double"]       2.0117166999999654e+01
   &ETOT [&Type "Double"]       4.2615870000005032e+00
   &POP [&Type "Double"]       8.1935450000000856e+00
   &TRAFO [&Type "Double"]       2.7578154000000097e+01
   &DIIS [&Type "Double"]       1.0985116199999993e+02
   &SOSCF [&Type "Double"]       5.7862947000000077e+01
   &XC [&Type "Double"]       8.4102318999999966e+01
   &FOCKSTART [&Type "Double"]       2.7399630000000958e+00
   &INT_PREP [&Type "Double"]       4.9999997600025381e-06
   &INT_BF [&Type "Double"]       1.1824549999985038e+01
   &INT_DENS [&Type "Double"]       2.5654288000021069e+01
   &INT_DENSIO [&Type "Double"]       2.1411246868316028e+07
   &INT_FUNC [&Type "Double"]       5.4346600000005196e-01
   &INT_POT [&Type "Double"]       1.3456738000012564e+01
   &INT_POTIO [&Type "Double"]       1.3252599999430004e-01
   &INT_SUM [&Type "Double"]       9.2688999999893440e-02
   &SPLITRIJ [&Type "Double"]       2.3278585899999948e+02
   &COSX [&Type "Double"]       1.2023928100000001e+03
$End
$VdW_Correction
   &GeometryIndex 1
   &vdW [&Type "Double"]      -2.7118273108539342e-01
$End
$Single_Point_Data
   &GeometryIndex 1
   &FinalEnergy [&Type "Double"]      -1.3464230081084263e+04  "Final single point energy"
   &Converged [&Type "Boolean"] true
$End
