
Will write log file to "amp_frame12_dry_md_fixed.md.log".

Command line:  /home/bic1/orca_6_1_1_avx2/orca_md -orca amp_frame12_dry_md_fixed

-------------------------------------------------------------------------------------------


     _____    ___    _   _       _                  ______ ______  _____   ___  
    /  ___|  / _ \  | \ | |     | |           _    /  __  \| ___ \/  __ \ / _ \ 
    \ `--.  / /_\ \ |  \| |   __| | _   _   _| |_  | |  | || |_/ /| /  \// /_\ \
     `--. \ |  _  | | . ` |  / _` || | | | |_   _| | |  | ||    / | |    |  _  |
    /\__/ / | | | | | |\  | | (_| || |_| |   |_|   | \__/ || |\ \ | \__/\| | | |
    \____/  \_| |_/ \_| \_/  \__,_| \__, |          \____/ \_| \_| \____/\_| |_/
                                     __/ |                                      
                                    |___/                                       


    ####################################################################
    ########     Scriptable Nuclear Dynamics (SANdy) + ORCA     ########
    ########           (c) Martin Brehm, 2016 - 2025            ########
    ########           Paderborn University, Germany            ########
    ########           https://sanscript.org/orcamd             ########
    ####################################################################


  * Compiled as ORCA module. Called from ORCA.
  * ORCA base name: "amp_frame12_dry_md_fixed"
  * Source code version: Jun 07 2025, compiled at Nov 24 2025 07:23:22.
  * Enabled features: SAN_MD, SAN_INTERPRETER
  * Libraries: KISS_FFT, LBFGSBC
  * Executable name: "/home/bic1/orca_6_1_1_avx2/orca_md"
  * Messages are redirected, Errors are redirected, Output is redirected, Input from stdin
  * Running on BIC1-Ubuntu at Fri Mar 27 16:18:59 2026 (PID 842552)
  * Running in /data/Seafile/amp/frames/frame12/dry/dry_md

    -----------------------------------------------

    Technical information:

  * Compiler:      LLVM, CLANG 20.1.6, "Clang 20.1.6 (/home/frankw/CompEnv/src/llvm2016/llvm-project/clang 47addd4540b4c393e478ba92bea2589e330c57fb)", Linux, __cplusplus=201103L
  * Compile host:  x86_64, Little Endian, char=8bits, int=4b, long=8b, ll=8b, addr=8b, 0x01020304=4,3,2,1.
  * Class sizes:   InputElem=248, ValuePair=112, Type=96, Value=8, VMToken=8, VMInst=8
  * Compile flags: MMX, SSE, SSE2, SSE3, SSSE3, SSE4.1, SSE4.2, POPCNT, FMA3, AVX, AVX2
  * Local machine: Intel(R) Core(TM) i7-14700 (GenuineIntel), Family 6, Model 183, Stepping 1
                   1 CPU, 20 cores, 28 threads,  Uptime 7d 05h 12m 31s
                   MMX, SSE, SSE2, SSE3, SSSE3, SSE4.1, SSE4.2, POPCNT, AES, FMA3, AVX, AVX2, SHA
                   Caches: 14x L1d (672 KiB), 14x L1i (448 KiB), 14x L2 (28 MiB), 1x L3 (33 MiB)
  * Op. System:    Linux Mint 22.1, Linux version 6.8.0-90-generic 
  * Phys. Memory:  62.42 GiB total,  16.40 GiB free
  * Stack size:    infinite


The following libraries are included:

  * KISS FFT,   Version 131.1.0 (02/2021), License: BSD 3-clause
      (c) 2003-2010 Mark Borgerding, see https://github.com/mborgerding/kissfft

  * L-BFGS-B-C, Version 3.0 (04/2011),     License: BSD 3-clause
      (c) Stephen Becker, see https://github.com/stephenbeckr/L-BFGS-B-C

  * MT19937 Pseudo Random Number Gen.,     License: Custom (permissive)
      (c) 1997-2005 Makoto Matsumoto, Takuji Nishimura, Mutsuo Saito, see https://github.com/clibs/mt19937ar


Initializing SAN engine...
  24 physical quantities and 49 units added.
  Initialized SAN language:
    97 operators, 57 keywords, 4 namespaces, 35 types, 183 flags
Done.


>>> Reading Input File >>>

Reading input file "amp_frame12_dry_md_fixed.mdinput" ...
  521 bytes read.
  20 lines.
Tokenizing input...
Found 68 tokens in file.
  ( 49 identifiers,      18 numeric literals,  2 comments,  
     1 string literals )
Line endings are uniform: 20 x \n

<<< Finished Reading Input File (took 0.000 seconds) <<<


Using the following settings:
  Interpret:              true
  Execution:              SAN-VM
  Parser verbose level:   1
  Execute verbose level:  2
  Syntax highlighting:    0
  Static vars:            false
  Dynamic types:          true
  Max. recursion depth:   200
  Max. nesting depth:     1000
  Max. argument count:    100
  Only parse:             false


>>> Parsing Input Script >>>

Handled 3 underscore identifiers.
Handling module imports...
  Importing module "Math" to global namespace.
  Importing module "MD" to global namespace.
Handled 2 module imports.
Handled 19 variable occurrences.
Assigned 18 identifiers.
Handling functions,      iteration  1...
                         iteration  2...
                         iteration  3...
Handling "FOR" loops...
Handling AutoDecl,       iteration  1...
No auto declarations.
Assigned 28 flags, re-doing function handling...
Handling functions ( 2), iteration  1...
  Moving "Void" argument 2 ("Thermostat") of function "Initvel" up 1 levels to "ROOT".
                         iteration  2...
Handling "FOR" loops...
Handling AutoDecl,       iteration  1...
No auto declarations.
Handling functions, final pass...
  Moving "Void" argument 4 ("dump") of function "constraint" up 1 levels to "ROOT".
Function handling done (2 macro-iterations, 0.004 seconds).
Handling keywords,       iteration  1...
Prepared 17 argument lists.
Assigned 48 read-only flags.
Assigned 67 simple VP flags.
Assigned 66 tree IDs.

<<< Finished Parsing Input Script (took 0.006 seconds) <<<


SAN-VM: Compiling...
  Optimization level: Not specified. Using default ("-O2").
Done (took 0.000 seconds).


  Part              # Tokens    # Registers    # Shortcuts    # Optimizations
  ---------------------------------------------------------------------------
  Main Program            92              0              0                  0


-------------------------------------------------------------------------------------------

>>> Initializing MD engine with interface "ORCA" >>>



>>>>>>>>>>>>>>>>>>>>>>>>>>>>>>>>>>>>>>>>>>>>>>>>>>>>
>>>   Output of System Information (from ORCA)   >>>
>>>>>>>>>>>>>>>>>>>>>>>>>>>>>>>>>>>>>>>>>>>>>>>>>>>>

(the output of geometry and basis set information is missing in the MD log file,
 as it is written to the screen directly by ORCA.)

############################################
   Total Atom Count:             162
   Total System Mass:       2112.502 a.m.u.
   Total Basis Dimension:       3947
   Total Electron Number:       1080
   Total Charge:                  -1
   Total Multiplicity:             1
   Spin Treatment:        Restricted
  ------------------------------------------
   ReducePrint:                 true
   Print Mulliken Pop:             1
   Print Loewdin Pop:              1
   Print Mayer Pop:                1
   Print Orbital Energies:         1
############################################

<<<<<<<<<<<<<<<<<<<<<<<<<<<<<<<<<<<<<<<<<<<<<<<<<<<<
<<<          End of System Information           <<<
<<<<<<<<<<<<<<<<<<<<<<<<<<<<<<<<<<<<<<<<<<<<<<<<<<<<


Initializing regions...

Defined regions:
         All:   162 atoms,   2112.502 a.m.u.
          QM:   All
      Active:   All



### System Geometry ###

  * Region "All" = "Active" = "QM":
      Bounding box: from (    1.410 |   22.173 |    5.551 )
                      to (   21.625 |   42.437 |   13.674 ) Angstrom
      System extent:     (   20.214 |   20.264 |    8.123 ) Angstrom
      Center of mass:    (   11.587 |   32.364 |    8.237 ) Angstrom
      Total mass:          2112.502 a.m.u.

      Moment of inertia: (     52157.98 |      1884.81 |      -147.79 )
                         (      1884.81 |     53867.56 |      -378.73 ) a.m.u. Angstrom^2
                         (      -147.79 |      -378.73 |     93096.63 )
      Singular values:   (     50943.03 |     55078.18 |     93100.96 ) a.m.u. Angstrom^2



Smallest interatomic distance from active region: 0.964079 Angstrom (atoms 135 - 154).


<<< MD engine initialization done (took 0.389 seconds) <<<


###############################################################
########        Executing Input Script (SAN-VM)        ########
###############################################################

Execution verbose level is 2.

-------------------------------------------------------------------------------------------



>>>>>> Timestep( 1_fs )

Setting integration time step to 1.00 fs.

The lightest element in the active region has an atomic mass of 1.008 a.m.u.
Recommending time step not larger than 0.50 .. 1.00 fs.
  --> choice seems reasonable


>>>>>> Initvel( 353 )


Note: In function func_Initvel(): Found temperature value "353" without unit - assuming it is in Kelvin.
In amp_frame12_dry_md_fixed.mdinput:2:
      Initvel 353 #80degC
              ^^^

Old temperature of the total system is     0.000 K.

Initializing atom velocities for region "all" to 353.000 K:
  Creating Maxwell-Boltzmann distribution...
  Temperature after random initialization is 385.782 K.
  Rescaling velocities to match desired initial temperature (factor 0.956569)...
  Removing initial center of mass movement...
  Temperature after center of mass movement removal is 352.921 K.
  Removing initial angular velocity...
    Angular momentum before:  (   1.81871765 |   0.93540704 |  -3.79414236 ) a.m.u. Angstrom^2 fs^-1
    Angular velocity before:  (   0.00003418 |   0.00001588 |  -0.00004064 ) fs^-1
    Angular momentum after:   (  -0.00000000 |   0.00000000 |  -0.00000000 ) a.m.u. Angstrom^2 fs^-1
    Angular velocity after:   (  -0.00000000 |   0.00000000 |  -0.00000000 ) fs^-1
  Temperature after angular velocity removal is 352.348 K.
  Rescaling velocities to match desired initial temperature (factor 1.000924)...
Done.

New temperature of the total system is   353.000 K.


>>>>>> Thermostat( CSVR, 353_K, timecon, 50_fs )

Switching on thermostat for region "All": Type CSVR, temperature 353.00 K, time constant 50.00 fs, global.


>>>>>> constraint( add, cartesian, 90 )

Added Cartesian constraint for atom 90, dimension XYZ, target value ( 4.0747 | 24.9868 | 8.0366 ) Angstrom.


>>>>>> constraint( add, cartesian, 91 )

Added Cartesian constraint for atom 91, dimension XYZ, target value ( 1.4104 | 29.6020 | 8.0367 ) Angstrom.


>>>>>> constraint( add, cartesian, 92 )

Added Cartesian constraint for atom 92, dimension XYZ, target value ( 1.4104 | 35.0080 | 8.0367 ) Angstrom.


>>>>>> constraint( add, cartesian, 93 )

Added Cartesian constraint for atom 93, dimension XYZ, target value ( 4.0747 | 39.6232 | 8.0366 ) Angstrom.


>>>>>> constraint( add, cartesian, 94 )

Added Cartesian constraint for atom 94, dimension XYZ, target value ( 8.9482 | 22.1733 | 8.0383 ) Angstrom.


>>>>>> constraint( add, cartesian, 95 )

Added Cartesian constraint for atom 95, dimension XYZ, target value ( 8.9482 | 42.4367 | 8.0383 ) Angstrom.


>>>>>> constraint( add, cartesian, 96 )

Added Cartesian constraint for atom 96, dimension XYZ, target value ( 14.2778 | 22.1732 | 8.0383 ) Angstrom.


>>>>>> constraint( add, cartesian, 97 )

Added Cartesian constraint for atom 97, dimension XYZ, target value ( 14.2778 | 42.4368 | 8.0383 ) Angstrom.


>>>>>> constraint( add, cartesian, 98 )

Added Cartesian constraint for atom 98, dimension XYZ, target value ( 18.9606 | 24.8762 | 8.0364 ) Angstrom.


>>>>>> constraint( add, cartesian, 99 )

Added Cartesian constraint for atom 99, dimension XYZ, target value ( 18.9606 | 39.7338 | 8.0364 ) Angstrom.


>>>>>> constraint( add, cartesian, 100 )

Added Cartesian constraint for atom 100, dimension XYZ, target value ( 21.6247 | 29.4914 | 8.0366 ) Angstrom.


>>>>>> constraint( add, cartesian, 101 )

Added Cartesian constraint for atom 101, dimension XYZ, target value ( 21.6247 | 35.1186 | 8.0366 ) Angstrom.


>>>>>> dump( position, stride, 1, filename, "trajectory.xyz" )

Modified writing position trajectory for region "all": Format XYZ, stride 1, filename "trajectory.xyz", append.


>>>>>> Run( 2000 )


***************************************************
****    Starting MD loop for     2000 steps    ****
***************************************************


12 constraints are defined.

Enforcing constraints prior to MD run...
  RATTLE Iteration    1: Max. deviation 0
Converged.


Defined regions:
         All:   162 atoms,   2112.502 a.m.u.
          QM:   All
      Active:   All


Dump: Will write Position data of region "All" in XYZ format with stride 1 to "trajectory.xyz" (append).

Hint: To compute properties (dipole, etc.) in each step, specify "dump properties" before run.

Active Thermostats:
  (*) Region "All": Type CSVR, temperature 353.00 K, time constant 50.00 fs, global.


Defined Constraints:
     1.) Cartesian constraint on atom  H90   , direction XYZ, target ( 4.075 | 24.987 | 8.037 ) Angstrom.
     2.) Cartesian constraint on atom  H91   , direction XYZ, target ( 1.410 | 29.602 | 8.037 ) Angstrom.
     3.) Cartesian constraint on atom  H92   , direction XYZ, target ( 1.410 | 35.008 | 8.037 ) Angstrom.
     4.) Cartesian constraint on atom  H93   , direction XYZ, target ( 4.075 | 39.623 | 8.037 ) Angstrom.
     5.) Cartesian constraint on atom  H94   , direction XYZ, target ( 8.948 | 22.173 | 8.038 ) Angstrom.
     6.) Cartesian constraint on atom  H95   , direction XYZ, target ( 8.948 | 42.437 | 8.038 ) Angstrom.
     7.) Cartesian constraint on atom  H96   , direction XYZ, target ( 14.278 | 22.173 | 8.038 ) Angstrom.
     8.) Cartesian constraint on atom  H97   , direction XYZ, target ( 14.278 | 42.437 | 8.038 ) Angstrom.
     9.) Cartesian constraint on atom  H98   , direction XYZ, target ( 18.961 | 24.876 | 8.036 ) Angstrom.
    10.) Cartesian constraint on atom  H99   , direction XYZ, target ( 18.961 | 39.734 | 8.036 ) Angstrom.
    11.) Cartesian constraint on atom  H100  , direction XYZ, target ( 21.625 | 29.491 | 8.037 ) Angstrom.
    12.) Cartesian constraint on atom  H101  , direction XYZ, target ( 21.625 | 35.119 | 8.037 ) Angstrom.


Will write restart file to "amp_frame12_dry_md_fixed.mdrestart" after each step.
Will write energy statistics to "amp_frame12_dry_md_fixed-md-ener.csv" after each step.
Will write constraint data to "amp_frame12_dry_md_fixed-constraints.csv" after each step.

The system contains 450 active degrees of freedom (162 active atoms * 3 - 36 active constraints).

Smallest interatomic distance from active region: 0.964079 Angstrom (atoms 135 - 154).



       Step |  Sim. Time | Iter |  t_Ener |  t_Grad |     Temp |     E_Kin |         E_Pot |         E_Tot |      Cons.Qty | E.Drift
            |       [fs] |      |     [s] |     [s] |      [K] | [Hartree] |     [Hartree] |     [Hartree] |     [Hartree] |     [K]
------------|------------|------|---------|---------|----------|-----------|---------------|---------------|---------------|-----------
          0          0.0          1848.36               343.64    0.244852   -13464.230081   -13463.985229                          
          1          1.0      7   1292.50    406.86     331.67    0.236326   -13464.217846   -13463.981520   -13463.984141      0.00
          2          2.0      7   1294.11    419.80     309.19    0.220306   -13464.195877   -13463.975570   -13463.982735      0.91
          3          3.0      7   1283.38    475.62     296.96    0.211590   -13464.183612   -13463.972021   -13463.983184      0.62
          4          4.0      7   1222.74    423.66     279.27    0.198989   -13464.175571   -13463.976582   -13463.984200     -0.04
          5          5.0      7   1317.26    478.57     247.40    0.176280   -13464.157288   -13463.981008   -13463.983851      0.19
          6          6.0      7   1278.42    479.29     214.87    0.153103   -13464.133591   -13463.980488   -13463.982603      1.00
          7          7.0      7   1290.28    482.04     198.21    0.141233   -13464.121881   -13463.980648   -13463.982441      1.10
          8          8.0      7   1228.78    429.53     206.02    0.146795   -13464.125024   -13463.978228   -13463.983513      0.41
          9          9.0      7   1290.67    426.25     216.39    0.154182   -13464.128091   -13463.973909   -13463.983972      0.11
         10         10.0      7   1251.95    349.80     210.58    0.150047   -13464.123617   -13463.973569   -13463.983169      0.63
         11         11.0      7   1296.23    472.35     214.49    0.152829   -13464.122044   -13463.969215   -13463.982719      0.92
         12         12.0      7   1289.11    466.50     224.72    0.160120   -13464.129299   -13463.969179   -13463.983563      0.38
         13         13.0      8   1292.65    474.60     230.52    0.164249   -13464.133861   -13463.969612   -13463.984026      0.07
         14         14.0      7   1283.45    460.02     227.26    0.161927   -13464.128495   -13463.966568   -13463.983392      0.49
         15         15.0      7   1303.91    415.38     213.46    0.152099   -13464.121511   -13463.969412   -13463.982662      0.96
         16         16.0      7   1330.11    482.81     217.87    0.155237   -13464.122974   -13463.967737   -13463.983175      0.63
         17         17.0      7   1327.79    420.75     230.65    0.164347   -13464.126185   -13463.961838   -13463.984050      0.06
         18         18.0      7   1268.44    479.51     221.39    0.157745   -13464.118481   -13463.960737   -13463.983715      0.28
         19         19.0      7   1304.34    479.22     205.28    0.146266   -13464.104335   -13463.958069   -13463.982516      1.06
         20         20.0      7   1265.73    492.94     200.85    0.143109   -13464.100304   -13463.957196   -13463.982557      1.03
         21         21.0      7   1288.45    441.11     208.11    0.148282   -13464.106021   -13463.957738   -13463.983824      0.21
         22         22.0      7   1316.24    451.47     212.33    0.151291   -13464.103972   -13463.952681   -13463.984068      0.05
         23         23.0      7   1301.38    456.88     197.70    0.140871   -13464.089847   -13463.948976   -13463.982804      0.87
         24         24.0      7   1297.38    460.60     187.56    0.133643   -13464.080964   -13463.947322   -13463.981957      1.42
         25         25.0      7   1305.24    462.66     203.15    0.144748   -13464.089017   -13463.944268   -13463.982996      0.74
         26         26.0      7   1279.06    480.13     228.45    0.162779   -13464.099918   -13463.937139   -13463.984057      0.05
         27         27.0      7   1295.85    481.91     237.17    0.168992   -13464.097754   -13463.928763   -13463.983401      0.48
         28         28.0      9   1412.06    470.86     233.65    0.166486   -13464.090484   -13463.923998   -13463.982101      1.33
         29         29.0      7   1259.75    479.19     243.11    0.173221   -13464.095979   -13463.922759   -13463.982522      1.05
         30         30.0      7   1274.63    455.34     259.81    0.185124   -13464.108094   -13463.922970   -13463.983834      0.20
         31         31.0      7   1240.27    450.94     261.18    0.186100   -13464.107960   -13463.921860   -13463.983675      0.30
         32         32.0      7   1292.13    447.71     256.11    0.182484   -13464.096808   -13463.914325   -13463.982490      1.07
         33         33.0      7   1289.05    475.38     246.11    0.175361   -13464.090380   -13463.915019   -13463.982369      1.15
         34         34.0      8   1326.12    476.78     243.41    0.173436   -13464.091234   -13463.917798   -13463.983212      0.60
         35         35.0      7   1271.81    481.57     249.94    0.178090   -13464.088352   -13463.910262   -13463.983454      0.45
         36         36.0      7   1265.17    413.15     243.56    0.173547   -13464.077967   -13463.904420   -13463.982661      0.96
         37         37.0      7   1210.91    419.17     238.84    0.170184   -13464.070954   -13463.900770   -13463.982124      1.31
         38         38.0      7   1234.61    468.38     245.91    0.175217   -13464.074626   -13463.899409   -13463.983010      0.73
         39         39.0      7   1300.77    462.88     248.53    0.177086   -13464.077226   -13463.900140   -13463.983523      0.40
         40         40.0      7   1280.39    495.73     246.32    0.175511   -13464.070902   -13463.895392   -13463.982734      0.91
         41         41.0      7   1303.87    482.93     243.94    0.173813   -13464.065910   -13463.892097   -13463.981999      1.39
         42         42.0      7   1176.59    470.16     257.55    0.183512   -13464.072288   -13463.888777   -13463.982597      1.00
         43         43.0      7   1215.67    465.65     279.30    0.199012   -13464.081910   -13463.882898   -13463.983538      0.39
         44         44.0      7   1315.21    427.71     281.54    0.200608   -13464.081088   -13463.880479   -13463.983274      0.56
         45         45.0      7   1312.77    460.62     275.50    0.196305   -13464.073436   -13463.877131   -13463.982043      1.36
         46         46.0      7   1295.41    457.42     279.35    0.199049   -13464.075782   -13463.876733   -13463.982103      1.32
         47         47.0      7   1261.41    467.67     298.34    0.212579   -13464.087260   -13463.874681   -13463.983412      0.47
         48         48.0      7   1303.29    457.78     304.16    0.216726   -13464.089292   -13463.872566   -13463.983682      0.30
         49         49.0      7   1268.19    474.53     292.62    0.208501   -13464.076622   -13463.868121   -13463.982610      0.99
         50         50.0      9   1419.55    460.49     277.94    0.198041   -13464.063233   -13463.865191   -13463.981908      1.45
         51         51.0      7   1296.96    495.38     278.09    0.198148   -13464.058679   -13463.860531   -13463.982529      1.05
         52         52.0      7   1244.90    460.96     270.05    0.192422   -13464.054897   -13463.862475   -13463.983126      0.66
         53         53.0      7   1292.72    469.98     261.14    0.186067   -13464.043642   -13463.857574   -13463.982629      0.98
         54         54.0      7   1180.68    477.85     243.82    0.173732   -13464.031251   -13463.857519   -13463.981987      1.40
         55         55.0      8   1290.02    471.66     234.61    0.167165   -13464.027182   -13463.860017   -13463.981967      1.41
         56         56.0      7   1207.28    484.81     242.51    0.172798   -13464.031496   -13463.858698   -13463.982498      1.07
         57         57.0      7   1261.43    471.60     254.09    0.181048   -13464.036850   -13463.855802   -13463.982719      0.92
         58         58.0      7   1267.72    454.31     251.28    0.179042   -13464.039171   -13463.860129   -13463.982358      1.16
         59         59.0      7   1300.51    457.24     250.47    0.178471   -13464.042950   -13463.864479   -13463.982205      1.26
         60         60.0      7   1294.30    463.14     262.39    0.186959   -13464.050056   -13463.863097   -13463.982836      0.85
         61         61.0      7   1301.33    482.99     271.46    0.193425   -13464.052207   -13463.858781   -13463.982917      0.80
         62         62.0      7   1295.57    453.55     272.12    0.193894   -13464.047483   -13463.853589   -13463.982266      1.22
         63         63.0      7   1294.41    461.77     266.28    0.189733   -13464.043967   -13463.854234   -13463.981984      1.40
         64         64.0      7   1281.81    450.44     272.00    0.193809   -13464.046077   -13463.852268   -13463.982219      1.25
         65         65.0      7   1261.18    463.90     281.30    0.200433   -13464.049851   -13463.849419   -13463.982809      0.86
         66         66.0      7   1231.05    477.27     289.57    0.206327   -13464.047518   -13463.841192   -13463.982410      1.12
         67         67.0      7   1264.07    465.54     289.99    0.206624   -13464.044465   -13463.837841   -13463.981529      1.70
         68         68.0      7   1244.98    456.22     304.22    0.216770   -13464.052132   -13463.835362   -13463.982033      1.37
         69         69.0      7   1288.97    449.52     319.30    0.227513   -13464.063864   -13463.836351   -13463.982916      0.80
         70         70.0      7   1209.15    412.66     319.62    0.227738   -13464.066815   -13463.839077   -13463.982657      0.96
         71         71.0      7   1331.40    440.38     311.40    0.221881   -13464.063007   -13463.841126   -13463.982212      1.25
         72         72.0      7   1278.42    429.55     304.85    0.217215   -13464.058977   -13463.841762   -13463.981987      1.40
         73         73.0      7   1290.63    467.51     307.39    0.219026   -13464.057988   -13463.838962   -13463.982160      1.29
         74         74.0      7   1303.94    451.34     306.34    0.218278   -13464.057216   -13463.838938   -13463.982537      1.04
         75         75.0      7   1259.91    469.05     299.59    0.213466   -13464.051831   -13463.838365   -13463.982218      1.25
         76         76.0      7   1271.16    468.46     298.11    0.212411   -13464.046272   -13463.833860   -13463.981897      1.46
         77         77.0      7   1208.20    474.72     291.32    0.207571   -13464.045139   -13463.837568   -13463.982167      1.28
         78         78.0      7   1270.88    452.01     293.35    0.209020   -13464.045763   -13463.836742   -13463.982245      1.23
         79         79.0      7   1264.31    473.62     291.79    0.207911   -13464.046909   -13463.838998   -13463.982191      1.27
         80         80.0      7   1252.75    460.88     292.83    0.208652   -13464.048691   -13463.840039   -13463.982399      1.13
         81         81.0      8   1317.60    434.64     296.74    0.211433   -13464.048930   -13463.837497   -13463.982294      1.20
         82         82.0      7   1297.50    405.99     294.99    0.210193   -13464.048616   -13463.838423   -13463.982331      1.18
         83         83.0      7   1278.23    461.95     289.58    0.206333   -13464.046926   -13463.840594   -13463.982516      1.06
         84         84.0      7   1318.18    469.48     286.39    0.204059   -13464.041688   -13463.837630   -13463.982280      1.21
         85         85.0     10   1478.44    461.36     278.45    0.198407   -13464.035870   -13463.837463   -13463.981990      1.40
         86         86.0      7   1277.91    445.22     272.69    0.194300   -13464.032803   -13463.838503   -13463.982268      1.22
         87         87.0      7   1292.45    472.00     268.78    0.191514   -13464.029684   -13463.838169   -13463.982419      1.12
         88         88.0      8   1363.57    473.49     267.59    0.190667   -13464.024650   -13463.833983   -13463.982299      1.20
         89         89.0      7   1227.22    485.25     267.54    0.190632   -13464.018771   -13463.828138   -13463.982162      1.29
         90         90.0      7   1265.26    471.20     265.14    0.188920   -13464.015031   -13463.826112   -13463.981675      1.60
         91         91.0      7   1277.94    473.32     271.58    0.193507   -13464.019063   -13463.825556   -13463.982062      1.35
         92         92.0      7   1290.28    458.06     288.44    0.205521   -13464.025073   -13463.819552   -13463.982643      0.97
         93         93.0      7   1322.30    454.60     292.59    0.208481   -13464.023984   -13463.815503   -13463.982271      1.21
         94         94.0      7   1222.24    413.77     288.94    0.205881   -13464.019265   -13463.813384   -13463.981736      1.56
         95         95.0      7   1296.47    455.45     292.03    0.208082   -13464.017999   -13463.809916   -13463.981872      1.47
         96         96.0      7   1287.72    440.61     295.17    0.210316   -13464.019364   -13463.809048   -13463.982023      1.38
         97         97.0      7   1304.63    449.35     298.34    0.212576   -13464.020422   -13463.807846   -13463.982453      1.10
         98         98.0      7   1282.71    471.27     290.63    0.207086   -13464.015650   -13463.808564   -13463.982307      1.19
         99         99.0      7   1303.04    485.61     277.62    0.197810   -13464.007363   -13463.809552   -13463.981699      1.59
        100        100.0      7   1239.57    450.82     275.43    0.196253   -13464.003807   -13463.807554   -13463.981873      1.47
        101        101.0      7   1242.53    454.72     273.75    0.195054   -13464.002967   -13463.807913   -13463.982167      1.28
        102        102.0      7   1281.45    458.38     266.12    0.189619   -13464.000055   -13463.810436   -13463.981977      1.41
        103        103.0      7   1292.72    467.84     257.84    0.183716   -13463.996534   -13463.812818   -13463.981858      1.48
        104        104.0      7   1272.09    453.17     254.84    0.181584   -13463.994326   -13463.812743   -13463.981649      1.62
        105        105.0      8   1329.70    461.95     256.70    0.182904   -13463.996230   -13463.813326   -13463.981643      1.62
        106        106.0      8   1310.79    460.04     265.08    0.188880   -13464.001805   -13463.812925   -13463.982017      1.38
        107        107.0      7   1234.12    460.28     268.56    0.191356   -13464.006555   -13463.815199   -13463.981702      1.58
        108        108.0      7   1278.33    458.91     286.57    0.204192   -13464.014488   -13463.810296   -13463.981463      1.74
        109        109.0      7   1245.27    509.36     308.41    0.219750   -13464.028454   -13463.808704   -13463.982141      1.30
        110        110.0      7   1279.36    471.37     323.38    0.230420   -13464.039167   -13463.808746   -13463.982434      1.11
        111        111.0      7   1277.77    416.67     327.88    0.233626   -13464.042168   -13463.808543   -13463.981836      1.50
        112        112.0      7   1248.52    460.71     335.72    0.239214   -13464.044640   -13463.805426   -13463.981635      1.63
        113        113.0      7   1296.60    463.73     342.97    0.244376   -13464.049209   -13463.804833   -13463.981864      1.48
        114        114.0      7   1304.28    273.05     346.23    0.246703   -13464.051981   -13463.805278   -13463.982145      1.30
        115        115.0      7   1291.11    470.75     335.49    0.239049   -13464.048216   -13463.809168   -13463.982270      1.22
        116        116.0      7   1172.01    463.38     327.14    0.233098   -13464.036998   -13463.803900   -13463.981794      1.52
        117        117.0      7   1268.85    475.00     313.12    0.223109   -13464.025460   -13463.802351   -13463.981342      1.82
        118        118.0      7   1201.51    467.93     307.72    0.219258   -13464.020537   -13463.801279   -13463.981515      1.71
        119        119.0      7   1239.68    459.67     301.86    0.215082   -13464.019797   -13463.804715   -13463.982066      1.35
        120        120.0      7   1229.41    426.88     292.65    0.208519   -13464.015042   -13463.806523   -13463.982240      1.23
        121        121.0      7   1266.76    462.20     282.61    0.201369   -13464.004146   -13463.802778   -13463.981548      1.68
        122        122.0      7   1285.69    450.12     273.86    0.195138   -13463.996938   -13463.801800   -13463.981010      2.03
        123        123.0      8   1365.04    379.68     279.56    0.199196   -13464.000336   -13463.801140   -13463.981828      1.50
        124        124.0      7   1289.99    457.18     286.34    0.204030   -13464.003912   -13463.799882   -13463.982212      1.25
        125        125.0     10   1417.08    483.73     294.88    0.210113   -13464.001251   -13463.791138   -13463.981778      1.54
        126        126.0      9   1224.02    470.58     292.85    0.208669   -13463.997390   -13463.788721   -13463.981358      1.81
        127        127.0      7   1249.52    462.55     299.02    0.213063   -13463.998134   -13463.785071   -13463.981319      1.83
        128        128.0      7   1231.16    461.87     314.10    0.223807   -13464.003223   -13463.779416   -13463.981673      1.60
        129        129.0      7   1232.54    447.98     325.64    0.232029   -13464.007001   -13463.774972   -13463.981638      1.63
        130        130.0      7   1187.33    447.84     335.44    0.239014   -13464.009635   -13463.770621   -13463.981154      1.94
        131        131.0      7   1300.58    427.50     348.53    0.248339   -13464.016920   -13463.768580   -13463.981736      1.56
        132        132.0      8   1337.78    437.16     368.12    0.262299   -13464.022141   -13463.759842   -13463.982136      1.30
        133        133.0      8   1352.25    458.76     358.34    0.255326   -13464.019485   -13463.764159   -13463.981508      1.71
        134        134.0      7   1289.25    454.70     354.70    0.252738   -13464.016115   -13463.763378   -13463.981553      1.68
        135        135.0     10   1452.29    471.61     357.51    0.254737   -13464.013398   -13463.758660   -13463.981524      1.70
        136        136.0      9   1387.57    459.65     356.72    0.254175   -13464.010270   -13463.756095   -13463.981649      1.62
        137        137.0      7   1253.41    464.79     343.49    0.244749   -13464.004049   -13463.759300   -13463.981736      1.56
        138        138.0      7   1308.39    466.75     330.29    0.235345   -13463.993592   -13463.758247   -13463.981276      1.86
        139        139.0      7   1191.72    463.99     324.45    0.231178   -13463.986091   -13463.754913   -13463.980860      2.13
        140        140.0      9   1377.40    483.23     330.76    0.235678   -13463.987357   -13463.751679   -13463.981320      1.83
        141        141.0      7   1285.87    472.98     335.85    0.239301   -13463.991571   -13463.752270   -13463.981595      1.65
        142        142.0      7   1163.56    401.93     341.09    0.243036   -13463.995003   -13463.751968   -13463.981721      1.57
        143        143.0      7   1319.17    449.01     338.88    0.241461   -13463.995971   -13463.754510   -13463.981669      1.61
        144        144.0      7   1344.00    463.22     345.92    0.246481   -13463.995950   -13463.749469   -13463.981015      2.03
        145        145.0      7   1294.98    456.21     361.23    0.257391   -13464.002121   -13463.744730   -13463.981327      1.83
        146        146.0      7   1305.92    480.95     375.06    0.267240   -13464.009274   -13463.742034   -13463.981900      1.46
        147        147.0      7   1274.52    463.80     378.20    0.269477   -13464.008652   -13463.739175   -13463.981635      1.63
        148        148.0      7   1240.51    490.95     373.77    0.266323   -13464.003052   -13463.736729   -13463.981337      1.82
        149        149.0      9   1400.49    486.72     364.82    0.259948   -13463.997266   -13463.737318   -13463.981035      2.02
        150        150.0      7   1313.79    474.80     355.75    0.253480   -13463.994930   -13463.741450   -13463.981087      1.98
        151        151.0      7   1270.42    478.80     357.38    0.254647   -13463.996420   -13463.741773   -13463.981520      1.70
        152        152.0      7   1280.14    476.63     356.13    0.253755   -13463.996049   -13463.742294   -13463.981384      1.79
        153        153.0      8   1224.04    469.84     354.97    0.252927   -13463.994611   -13463.741684   -13463.981031      2.02
        154        154.0      8   1342.61    464.20     357.87    0.254993   -13463.995822   -13463.740829   -13463.981441      1.75
        155        155.0      8   1348.30    373.87     356.20    0.253801   -13463.995069   -13463.741268   -13463.981383      1.79
        156        156.0      7   1274.26    456.35     355.57    0.253357   -13463.992738   -13463.739381   -13463.981223      1.90
        157        157.0      7   1292.47    458.86     342.71    0.244190   -13463.990410   -13463.746220   -13463.981518      1.70
        158        158.0      7   1288.37    444.78     333.46    0.237602   -13463.985630   -13463.748028   -13463.981323      1.83
        159        159.0      7   1236.10    456.16     331.56    0.236249   -13463.981313   -13463.745064   -13463.981122      1.96
        160        160.0      9   1373.85    476.36     338.45    0.241154   -13463.979795   -13463.738640   -13463.980965      2.06
        161        161.0      7   1257.22    483.19     347.01    0.247257   -13463.981441   -13463.734184   -13463.980766      2.19
        162        162.0      7   1271.78    467.83     349.60    0.249098   -13463.987765   -13463.738666   -13463.980957      2.07
        163        163.0      7   1218.25    458.33     361.28    0.257426   -13463.995324   -13463.737899   -13463.981158      1.94
        164        164.0      7   1314.78    448.97     382.78    0.272746   -13464.001914   -13463.729168   -13463.980864      2.13
        165        165.0     10   1387.94    406.24     387.43    0.276055   -13464.010207   -13463.734152   -13463.981466      1.74
        166        166.0      8   1333.92    737.04     396.69    0.282657   -13464.014541   -13463.731885   -13463.981342      1.82
        167        167.0      7   1317.07    413.64     400.14    0.285111   -13464.016033   -13463.730922   -13463.981293      1.85
        168        168.0      7   1246.40    433.70     410.20    0.292278   -13464.016158   -13463.723880   -13463.981445      1.75
        169        169.0      7   1289.69    460.58     395.19    0.281584   -13464.012406   -13463.730822   -13463.981134      1.95
        170        170.0      7   1230.32    466.63     386.08    0.275097   -13464.007791   -13463.732693   -13463.980710      2.23
        171        171.0      7   1250.72    457.31     381.17    0.271598   -13464.006549   -13463.734952   -13463.981065      2.00
        172        172.0      7   1221.28    467.57     376.54    0.268299   -13464.004411   -13463.736112   -13463.981022      2.03
        173        173.0      7   1175.03    433.27     376.82    0.268494   -13464.002204   -13463.733710   -13463.980882      2.12
        174        174.0      7   1259.03    425.95     381.90    0.272114   -13464.002655   -13463.730540   -13463.981144      1.95
        175        175.0      8   1316.80    474.99     384.25    0.273793   -13464.003820   -13463.730027   -13463.981085      1.99
        176        176.0      7   1284.52    463.15     383.73    0.273423   -13464.005772   -13463.732349   -13463.981348      1.81
        177        177.0      7   1241.16    449.85     386.94    0.275706   -13464.006726   -13463.731020   -13463.981193      1.91
        178        178.0      7   1287.60    468.71     392.65    0.279778   -13464.007644   -13463.727866   -13463.981018      2.03
        179        179.0      7   1276.14    469.00     400.81    0.285588   -13464.009436   -13463.723848   -13463.980906      2.10
        180        180.0      8   1285.56    465.80     398.68    0.284075   -13464.012137   -13463.728062   -13463.981069      2.00
        181        181.0      7   1208.86    465.49     407.45    0.290323   -13464.015367   -13463.725044   -13463.980911      2.10
        182        182.0      7   1296.41    466.68     413.32    0.294504   -13464.019684   -13463.725180   -13463.981485      1.73
        183        183.0      7   1249.48    425.89     406.72    0.289802   -13464.019093   -13463.729290   -13463.981340      1.82
        184        184.0      9   1420.11    439.50     406.53    0.289665   -13464.016476   -13463.726811   -13463.980706      2.23
        185        185.0      9   1419.10    390.60     420.42    0.299562   -13464.018788   -13463.719227   -13463.981090      1.98
        186        186.0     10   1458.26    420.82     418.43    0.298145   -13464.020015   -13463.721869   -13463.981728      1.57
        187        187.0      7   1278.80    466.61     411.49    0.293201   -13464.011655   -13463.718454   -13463.981302      1.84
        188        188.0      9   1382.18    445.90     393.30    0.280240   -13463.999095   -13463.718855   -13463.980751      2.20
        189        189.0      7   1300.01    475.17     375.28    0.267397   -13463.991736   -13463.724339   -13463.980531      2.35
        190        190.0      7   1254.45    436.33     369.25    0.263100   -13463.991485   -13463.728384   -13463.981125      1.96
        191        191.0      7   1270.14    468.97     366.47    0.261124   -13463.991237   -13463.730113   -13463.981340      1.82
        192        192.0      7   1289.69    465.99     358.70    0.255586   -13463.989374   -13463.733788   -13463.980939      2.08
        193        193.0      7   1232.81    457.68     361.43    0.257529   -13463.992113   -13463.734584   -13463.981017      2.03
        194        194.0      7   1271.46    450.37     371.57    0.264757   -13463.999316   -13463.734559   -13463.981228      1.89
        195        195.0      7   1214.23    460.99     387.12    0.275834   -13464.007508   -13463.731674   -13463.981157      1.94
        196        196.0      7   1186.92    443.31     397.44    0.283188   -13464.015390   -13463.732201   -13463.981380      1.79
        197        197.0      7   1278.61    438.79     400.86    0.285622   -13464.018820   -13463.733197   -13463.981399      1.78
        198        198.0      7   1260.34    460.51     398.35    0.283835   -13464.017766   -13463.733931   -13463.981103      1.97
        199        199.0      7   1299.35    472.78     391.62    0.279039   -13464.016287   -13463.737247   -13463.981381      1.79
        200        200.0      7   1255.30    466.20     379.67    0.270531   -13464.013058   -13463.742528   -13463.981147      1.95
        201        201.0      7   1256.36    474.54     384.25    0.273790   -13464.011679   -13463.737889   -13463.981133      1.95
        202        202.0      7   1257.82    466.30     387.18    0.275880   -13464.012511   -13463.736631   -13463.981391      1.79
        203        203.0      7   1258.87    474.18     394.13    0.280827   -13464.011107   -13463.730280   -13463.981294      1.85
        204        204.0      7   1341.41    491.15     391.14    0.278697   -13464.007029   -13463.728332   -13463.980974      2.06
        205        205.0      7   1270.07    462.45     395.96    0.282133   -13464.003539   -13463.721406   -13463.980623      2.29
        206        206.0      7   1255.98    403.25     403.65    0.287617   -13464.005350   -13463.717733   -13463.980450      2.40
        207        207.0      7   1304.00    430.04     411.65    0.293315   -13464.012786   -13463.719470   -13463.981744      1.56
        208        208.0      7   1315.88    399.41     401.84    0.286327   -13464.009617   -13463.723291   -13463.981935      1.43
        209        209.0      7   1229.59    429.58     383.68    0.273385   -13463.995094   -13463.721709   -13463.980528      2.35
        210        210.0      8   1369.05    473.87     366.08    0.260844   -13463.988144   -13463.727300   -13463.980505      2.36
        211        211.0      8   1371.35    461.20     366.46    0.261114   -13463.989977   -13463.728863   -13463.981028      2.02
        212        212.0      9   1330.72    429.24     372.05    0.265100   -13463.992433   -13463.727334   -13463.981111      1.97
        213        213.0      7   1281.71    481.59     372.04    0.265093   -13463.992574   -13463.727482   -13463.981070      2.00
        214        214.0      7   1273.18    459.40     378.70    0.269835   -13463.991115   -13463.721280   -13463.980703      2.23
        215        215.0      7   1236.20    461.19     387.09    0.275811   -13463.993419   -13463.717608   -13463.980631      2.28
        216        216.0      7   1230.91    484.43     396.52    0.282537   -13463.999974   -13463.717438   -13463.981411      1.77
        217        217.0      7   1247.88    415.96     395.31    0.281671   -13464.001979   -13463.720308   -13463.981189      1.92
        218        218.0      7   1279.02    464.18     397.86    0.283488   -13464.001700   -13463.718212   -13463.981269      1.87
        219        219.0      7   1299.82    459.16     386.54    0.275426   -13463.998809   -13463.723383   -13463.981527      1.70
        220        220.0      7   1265.29    454.28     375.35    0.267452   -13463.990522   -13463.723069   -13463.980929      2.09
        221        221.0      8   1368.17    456.23     373.08    0.265831   -13463.983704   -13463.717873   -13463.980537      2.34
        222        222.0      7   1283.16    473.56     374.25    0.266666   -13463.982162   -13463.715496   -13463.980685      2.25
        223        223.0      7   1321.61    470.29     378.16    0.269452   -13463.983514   -13463.714062   -13463.980559      2.33
        224        224.0      7   1300.51    485.10     376.24    0.268084   -13463.987802   -13463.719718   -13463.981219      1.90
        225        225.0      7   1212.65    469.70     366.22    0.260946   -13463.987040   -13463.726094   -13463.981538      1.69
        226        226.0      7   1252.18    465.28     359.59    0.256223   -13463.979971   -13463.723748   -13463.980370      2.45
        227        227.0      7   1255.27    468.36     366.54    0.261169   -13463.982760   -13463.721591   -13463.980429      2.41
        228        228.0      7   1259.78    469.88     376.43    0.268219   -13463.995293   -13463.727074   -13463.981537      1.69
        229        229.0      7   1289.10    449.97     389.81    0.277751   -13464.001372   -13463.723622   -13463.981771      1.54
        230        230.0      7   1276.06    417.47     390.83    0.278478   -13463.995319   -13463.716841   -13463.981083      1.99
        231        231.0      7   1278.40    460.14     371.49    0.264702   -13463.985710   -13463.721008   -13463.979963      2.71
        232        232.0      7   1302.53    474.90     381.15    0.271583   -13463.988240   -13463.716658   -13463.980035      2.67
        233        233.0      7   1282.37    435.66     399.92    0.284958   -13464.001430   -13463.716473   -13463.981623      1.64
        234        234.0      9   1381.37    457.17     411.85    0.293457   -13464.004658   -13463.711200   -13463.981506      1.71
        235        235.0      9   1426.16    442.76     401.43    0.286035   -13463.998259   -13463.712224   -13463.980312      2.49
        236        236.0      7   1231.55    453.89     397.12    0.282958   -13463.998148   -13463.715190   -13463.980507      2.36
        237        237.0      9   1412.21    453.94     405.04    0.288608   -13464.004423   -13463.715816   -13463.980956      2.07
        238        238.0      7   1209.10    473.85     419.66    0.299019   -13464.008165   -13463.709146   -13463.981281      1.86
        239        239.0      7   1272.74    469.90     410.18    0.292267   -13464.003238   -13463.710971   -13463.980828      2.15
        240        240.0      7   1218.62    462.63     399.34    0.284545   -13463.995338   -13463.710793   -13463.980005      2.69
        241        241.0      7   1286.85    442.83     402.46    0.286763   -13463.994805   -13463.708042   -13463.980738      2.21
        242        242.0      7   1351.01    406.03     401.69    0.286218   -13463.993436   -13463.707218   -13463.981193      1.92
        243        243.0      7   1284.93    411.61     390.97    0.278578   -13463.986248   -13463.707670   -13463.980204      2.56
        244        244.0      9   1407.88    455.29     391.75    0.279135   -13463.986689   -13463.707554   -13463.980011      2.68
        245        245.0      9   1367.66    457.83     407.81    0.290576   -13463.997281   -13463.706705   -13463.980963      2.06
        246        246.0      7   1300.60    488.49     410.75    0.292672   -13464.004077   -13463.711405   -13463.981396      1.78
        247        247.0      7   1250.40    455.20     413.09    0.294339   -13464.000235   -13463.705896   -13463.980787      2.18
        248        248.0      7   1312.71    472.73     406.25    0.289468   -13463.993848   -13463.704379   -13463.979910      2.75
        249        249.0      7   1271.20    443.34     416.38    0.296683   -13463.997135   -13463.700453   -13463.980110      2.62
        250        250.0      7   1263.37    470.62     425.92    0.303480   -13464.006570   -13463.703089   -13463.981622      1.64
        251        251.0      7   1230.38    471.93     428.22    0.305117   -13464.002915   -13463.697798   -13463.981519      1.70
        252        252.0      7   1310.24    473.57     410.68    0.292622   -13463.987895   -13463.695273   -13463.980216      2.55
        253        253.0      7   1249.45    436.44     404.53    0.288240   -13463.980345   -13463.692105   -13463.979926      2.74
        254        254.0      7   1297.51    421.15     411.95    0.293528   -13463.985295   -13463.691767   -13463.980689      2.24
        255        255.0      7   1260.57    471.93     414.21    0.295137   -13463.991044   -13463.695907   -13463.981292      1.85
        256        256.0      7   1310.10    456.79     410.74    0.292666   -13463.987406   -13463.694741   -13463.981033      2.02
        257        257.0      8   1375.59    497.67     394.40    0.281026   -13463.977546   -13463.696520   -13463.980056      2.65
        258        258.0      7   1245.57    462.59     395.95    0.282126   -13463.974530   -13463.692403   -13463.980181      2.57
        259        259.0     10   1431.99    474.61     395.34    0.281691   -13463.977020   -13463.695328   -13463.981095      1.98
        260        260.0      7   1252.50    465.77     391.79    0.279167   -13463.972755   -13463.693588   -13463.980936      2.08
        261        261.0      7   1310.99    473.86     382.61    0.272622   -13463.964274   -13463.691652   -13463.980495      2.37
        262        262.0      7   1241.90    465.79     385.33    0.274562   -13463.958548   -13463.683986   -13463.980414      2.42
        263        263.0      7   1258.58    477.13     383.19    0.273035   -13463.956195   -13463.683160   -13463.980441      2.40
        264        264.0      8   1315.04    391.70     383.40    0.273185   -13463.955402   -13463.682217   -13463.980224      2.54
        265        265.0      7   1230.32    449.90     377.27    0.268816   -13463.956733   -13463.687916   -13463.980180      2.57
        266        266.0     10   1409.53    424.09     380.30    0.270976   -13463.960871   -13463.689895   -13463.980210      2.55
        267        267.0      7   1281.44    414.13     380.01    0.270771   -13463.967887   -13463.697116   -13463.980764      2.19
        268        268.0      7   1290.11    441.68     382.00    0.272190   -13463.970967   -13463.698777   -13463.980836      2.15
        269        269.0      8   1363.34    496.39     390.51    0.278252   -13463.970000   -13463.691748   -13463.980321      2.48
        270        270.0     10   1455.29    490.62     389.06    0.277221   -13463.971525   -13463.694304   -13463.980213      2.55
        271        271.0      9   1380.06    447.69     396.29    0.282368   -13463.976177   -13463.693809   -13463.980606      2.30
        272        272.0      7   1288.13    410.28     397.56    0.283274   -13463.977766   -13463.694492   -13463.980844      2.14
        273        273.0      7   1293.25    477.41     387.05    0.275783   -13463.972806   -13463.697024   -13463.980235      2.54
        274        274.0      8   1339.49    465.19     386.63    0.275488   -13463.968812   -13463.693324   -13463.979788      2.83
        275        275.0      8   1355.33    460.89     393.22    0.280185   -13463.973150   -13463.692965   -13463.980051      2.66
        276        276.0      8   1360.75    466.83     398.96    0.284269   -13463.981826   -13463.697557   -13463.980978      2.05
        277        277.0      8   1319.51    459.14     397.36    0.283132   -13463.982816   -13463.699684   -13463.980937      2.08
        278        278.0      7   1268.83    461.90     393.20    0.280167   -13463.977052   -13463.696885   -13463.980341      2.47
        279        279.0      7   1262.88    463.92     393.19    0.280163   -13463.974282   -13463.694119   -13463.980216      2.55
        280        280.0      7   1278.74    456.64     391.96    0.279284   -13463.976192   -13463.696908   -13463.980607      2.30
        281        281.0     10   1400.17    444.75     393.30    0.280241   -13463.976465   -13463.696224   -13463.980490      2.37
        282        282.0      7   1246.42    427.44     392.60    0.279742   -13463.974690   -13463.694948   -13463.980239      2.53
        283        283.0     10   1457.60    438.11     397.92    0.283532   -13463.973783   -13463.690250   -13463.980280      2.51
        284        284.0      8   1363.81    446.22     399.65    0.284767   -13463.974703   -13463.689937   -13463.980072      2.64
        285        285.0      8   1368.23    439.73     410.28    0.292339   -13463.979516   -13463.687177   -13463.980255      2.52
        286        286.0      7   1236.43    448.74     418.37    0.298101   -13463.986121   -13463.688020   -13463.980491      2.37
        287        287.0      7   1282.01    445.00     433.16    0.308638   -13463.991192   -13463.682554   -13463.980799      2.17
        288        288.0      7   1280.32    464.17     439.91    0.313453   -13463.990625   -13463.677172   -13463.980797      2.17
        289        289.0      7   1226.53    444.99     433.81    0.309105   -13463.983601   -13463.674496   -13463.980348      2.46
        290        290.0      7   1278.17    464.56     417.82    0.297708   -13463.975956   -13463.678248   -13463.979770      2.84
        291        291.0      7   1193.01    449.33     416.81    0.296989   -13463.974766   -13463.677776   -13463.979902      2.75
        292        292.0      7   1182.50    453.62     416.09    0.296476   -13463.977014   -13463.680537   -13463.980523      2.35
        293        293.0      7   1224.64    459.12     415.33    0.295934   -13463.973957   -13463.678023   -13463.980378      2.44
        294        294.0      7   1246.11    454.53     406.62    0.289728   -13463.968081   -13463.678353   -13463.979697      2.89
        295        295.0      7   1231.49    403.35     406.50    0.289648   -13463.970217   -13463.680569   -13463.979745      2.86
        296        296.0      7   1295.54    429.14     407.66    0.290471   -13463.980750   -13463.690279   -13463.980579      2.31
        297        297.0      7   1257.86    468.51     418.32    0.298068   -13463.988718   -13463.690650   -13463.980953      2.07
        298        298.0      7   1285.51    444.52     426.08    0.303594   -13463.988227   -13463.684633   -13463.980713      2.23
        299        299.0      7   1312.90    462.42     419.19    0.298687   -13463.982238   -13463.683551   -13463.979994      2.69
        300        300.0      7   1282.68    456.11     414.12    0.295075   -13463.979222   -13463.684147   -13463.980158      2.59
        301        301.0      7   1286.57    451.19     412.00    0.293566   -13463.976187   -13463.682622   -13463.980668      2.26
        302        302.0     10   1457.66    476.85     395.14    0.281553   -13463.966768   -13463.685215   -13463.980018      2.68
        303        303.0      7   1220.68    436.98     384.61    0.274049   -13463.960390   -13463.686340   -13463.979649      2.92
        304        304.0      7   1252.07    475.64     376.79    0.268476   -13463.961402   -13463.692926   -13463.980654      2.27
        305        305.0      7   1175.09    457.38     366.24    0.260957   -13463.958241   -13463.697284   -13463.980665      2.26
        306        306.0      7   1286.14    462.40     352.67    0.251292   -13463.951874   -13463.700582   -13463.979770      2.84
        307        307.0      7   1204.04    436.22     351.84    0.250699   -13463.954996   -13463.704297   -13463.979719      2.87
        308        308.0      7   1306.66    446.66     366.34    0.261032   -13463.968790   -13463.707758   -13463.980450      2.40
        309        309.0      7   1306.12    408.53     383.13    0.272993   -13463.981668   -13463.708675   -13463.981288      1.85
        310        310.0      7   1252.26    437.11     392.66    0.279786   -13463.981320   -13463.701534   -13463.980810      2.16
        311        311.0      7   1302.64    471.78     393.09    0.280093   -13463.973666   -13463.693573   -13463.979594      2.95
        312        312.0      7   1266.38    492.50     394.84    0.281338   -13463.974497   -13463.693159   -13463.979882      2.77
        313        313.0      7   1247.57    470.67     402.04    0.286466   -13463.980883   -13463.694417   -13463.980803      2.17
        314        314.0      7   1301.09    475.89     401.01    0.285734   -13463.980932   -13463.695199   -13463.980710      2.23
        315        315.0      7   1265.51    440.73     395.50    0.281809   -13463.975911   -13463.694103   -13463.980182      2.57
        316        316.0      7   1170.49    468.23     392.53    0.279694   -13463.974651   -13463.694957   -13463.979782      2.83
        317        317.0      7   1276.33    457.79     402.62    0.286880   -13463.983642   -13463.696762   -13463.979988      2.70
        318        318.0      7   1255.59    403.19     415.53    0.296081   -13463.998586   -13463.702505   -13463.980988      2.05
        319        319.0      7   1300.98    463.70     427.77    0.304802   -13464.005323   -13463.700522   -13463.980839      2.14
        320        320.0      7   1313.35    451.66     425.10    0.302900   -13464.005125   -13463.702225   -13463.979904      2.75
        321        321.0      7   1274.30    433.85     437.85    0.311985   -13464.009868   -13463.697883   -13463.980277      2.51
        322        322.0      7   1250.93    436.18     439.04    0.312833   -13464.015276   -13463.702442   -13463.981031      2.02
        323        323.0      7   1303.06    480.51     434.16    0.309352   -13464.011163   -13463.701811   -13463.980728      2.22
        324        324.0      7   1270.64    458.67     426.88    0.304168   -13464.001877   -13463.697709   -13463.979815      2.81
        325        325.0      7   1287.35    441.36     427.67    0.304732   -13463.999912   -13463.695180   -13463.979647      2.92
        326        326.0      7   1151.41    460.76     430.29    0.306599   -13464.006646   -13463.700047   -13463.980620      2.29
        327        327.0      7   1206.43    462.20     432.88    0.308441   -13464.007551   -13463.699110   -13463.981107      1.97
        328        328.0      7   1249.27    454.45     414.48    0.295329   -13463.996061   -13463.700732   -13463.979800      2.82
        329        329.0      7   1234.78    399.94     410.18    0.292267   -13463.989568   -13463.697301   -13463.979340      3.12
        330        330.0      7   1263.18    417.07     419.22    0.298707   -13463.995197   -13463.696491   -13463.980542      2.34
        331        331.0      8   1363.02    434.85     414.02    0.295005   -13463.997028   -13463.702023   -13463.981197      1.91
        332        332.0      7   1280.83    394.50     392.63    0.279762   -13463.985233   -13463.705471   -13463.980599      2.30
        333        333.0      7   1280.24    452.22     377.52    0.268995   -13463.968850   -13463.699855   -13463.979574      2.97
        334        334.0      7   1270.90    468.19     367.67    0.261976   -13463.962015   -13463.700039   -13463.979575      2.97
        335        335.0     10   1378.06    458.25     376.20    0.268057   -13463.964265   -13463.696208   -13463.980358      2.46
        336        336.0      7   1257.18    464.84     373.06    0.265820   -13463.964150   -13463.698330   -13463.980247      2.53
        337        337.0      7   1302.44    459.05     369.50    0.263279   -13463.962284   -13463.699006   -13463.979493      3.02
        338        338.0      7   1297.65    455.15     384.40    0.273896   -13463.968757   -13463.694861   -13463.979764      2.84
        339        339.0     10   1422.27    486.03     395.22    0.281607   -13463.980872   -13463.699265   -13463.980555      2.33
        340        340.0      7   1180.44    470.35     394.43    0.281046   -13463.987822   -13463.706777   -13463.980789      2.18
        341        341.0      7   1264.58    455.25     390.68    0.278372   -13463.988221   -13463.709849   -13463.980171      2.58
        342        342.0      8   1313.26    457.10     396.97    0.282852   -13463.991285   -13463.708433   -13463.979869      2.78
        343        343.0      8   1299.13    447.63     403.87    0.287768   -13463.999756   -13463.711987   -13463.980535      2.34
        344        344.0      7   1231.91    466.81     416.15    0.296519   -13464.003506   -13463.706987   -13463.980776      2.19
        345        345.0      7   1242.88    401.02     420.23    0.299425   -13463.997788   -13463.698364   -13463.980001      2.69
        346        346.0      7   1311.13    419.06     414.76    0.295533   -13463.991370   -13463.695836   -13463.979451      3.05
        347        347.0      7   1290.14    457.27     409.95    0.292101   -13463.991922   -13463.699821   -13463.979738      2.86
        348        348.0      7   1261.84    492.98     412.56    0.293962   -13463.995516   -13463.701554   -13463.980702      2.23
        349        349.0      7   1265.05    476.66     399.85    0.284905   -13463.990467   -13463.705563   -13463.980764      2.19
        350        350.0      7   1276.85    435.41     381.39    0.271754   -13463.977609   -13463.705855   -13463.979840      2.79
        351        351.0      7   1294.44    467.63     376.19    0.268050   -13463.970736   -13463.702686   -13463.979556      2.98
        352        352.0      7   1286.71    475.74     379.58    0.270460   -13463.973678   -13463.703218   -13463.980225      2.54
        353        353.0      7   1261.44    461.38     389.54    0.277556   -13463.975845   -13463.698288   -13463.980453      2.40
        354        354.0      7   1199.55    480.93     378.69    0.269826   -13463.971465   -13463.701639   -13463.979869      2.78
        355        355.0      9   1406.00    457.82     379.85    0.270654   -13463.967430   -13463.696775   -13463.979559      2.98
        356        356.0      7   1262.19    479.92     385.07    0.274378   -13463.971132   -13463.696754   -13463.979498      3.02
        357        357.0      9   1381.07    471.14     386.77    0.275583   -13463.980989   -13463.705406   -13463.980269      2.52
        358        358.0      7   1260.25    368.70     400.42    0.285315   -13463.988147   -13463.702833   -13463.980232      2.54
        359        359.0      7   1247.51    469.78     406.28    0.289489   -13463.994439   -13463.704950   -13463.979936      2.73
        360        360.0      7   1249.32    437.12     423.06    0.301441   -13464.004526   -13463.703085   -13463.980190      2.57
        361        361.0      7   1304.06    412.38     446.47    0.318125   -13464.014921   -13463.696796   -13463.980518      2.35
        362        362.0      7   1241.98    453.94     454.39    0.323771   -13464.019538   -13463.695767   -13463.980202      2.56
        363        363.0      7   1298.34    492.39     457.14    0.325727   -13464.020272   -13463.694544   -13463.979816      2.81
        364        364.0      9   1377.08    477.40     457.86    0.326242   -13464.021662   -13463.695419   -13463.979996      2.69
        365        365.0      9   1395.17    473.20     460.39    0.328041   -13464.022464   -13463.694423   -13463.980457      2.39
        366        366.0      9   1436.30    486.03     453.96    0.323461   -13464.016394   -13463.692933   -13463.980182      2.57
        367        367.0     10   1500.18    479.64     436.08    0.310718   -13464.006813   -13463.696094   -13463.979323      3.13
        368        368.0      9   1404.85    487.97     436.08    0.310722   -13464.005358   -13463.694636   -13463.979333      3.12
        369        369.0     10   1458.12    468.66     437.17    0.311501   -13464.011434   -13463.699933   -13463.980087      2.63
        370        370.0      7   1275.87    450.26     438.68    0.312574   -13464.014835   -13463.702261   -13463.980444      2.40
        371        371.0      7   1218.03    452.18     438.47    0.312426   -13464.012195   -13463.699769   -13463.979839      2.80
        372        372.0      7   1233.32    480.45     434.88    0.309866   -13464.010451   -13463.700585   -13463.979581      2.96
        373        373.0      7   1270.16    457.22     430.59    0.306807   -13464.012751   -13463.705944   -13463.979923      2.74
        374        374.0      7   1205.64    457.48     433.73    0.309047   -13464.013834   -13463.704787   -13463.980535      2.34
        375        375.0      7   1259.75    465.15     421.14    0.300077   -13464.006759   -13463.706682   -13463.980086      2.63
        376        376.0      7   1264.32    412.78     414.29    0.295193   -13463.998230   -13463.703038   -13463.979639      2.92
        377        377.0      8   1292.95    392.75     407.52    0.290375   -13463.994995   -13463.704620   -13463.979831      2.80
        378        378.0      7   1303.88    408.17     405.83    0.289165   -13463.993911   -13463.704745   -13463.979877      2.77
        379        379.0      7   1222.88    455.99     407.99    0.290709   -13463.994666   -13463.703957   -13463.979525      3.00
        380        380.0      7   1278.74    448.59     417.20    0.297269   -13464.000104   -13463.702835   -13463.979864      2.78
        381        381.0      7   1296.17    494.56     421.23    0.300137   -13464.004184   -13463.704047   -13463.980326      2.48
        382        382.0      7   1292.97    457.14     416.28    0.296611   -13464.001199   -13463.704588   -13463.979827      2.80
        383        383.0      7   1261.78    460.26     414.30    0.295205   -13463.997780   -13463.702575   -13463.979847      2.79
        384        384.0      7   1276.49    461.73     411.83    0.293442   -13463.995601   -13463.702159   -13463.980115      2.62
        385        385.0      7   1295.85    469.28     407.50    0.290358   -13463.991926   -13463.701568   -13463.980173      2.58
        386        386.0      7   1307.29    450.23     400.81    0.285590   -13463.985607   -13463.700017   -13463.980110      2.62
        387        387.0      7   1190.87    456.53     394.56    0.281138   -13463.977134   -13463.695996   -13463.979550      2.98
        388        388.0      7   1213.46    398.58     391.45    0.278924   -13463.972806   -13463.693882   -13463.979054      3.30
        389        389.0      7   1249.54    389.54     394.11    0.280817   -13463.977546   -13463.696728   -13463.979423      3.07
        390        390.0      7   1268.30    462.43     401.11    0.285803   -13463.986358   -13463.700556   -13463.979590      2.96
        391        391.0      7   1304.76    434.31     415.21    0.295849   -13463.996689   -13463.700840   -13463.979885      2.76
        392        392.0      7   1257.58    379.62     424.05    0.302149   -13464.005468   -13463.703319   -13463.980351      2.46
        393        393.0      7   1275.02    443.57     435.06    0.309994   -13464.008970   -13463.698976   -13463.979930      2.74
        394        394.0      7   1294.22    407.48     451.79    0.321912   -13464.012980   -13463.691068   -13463.979892      2.76
        395        395.0      7   1255.89    481.28     445.50    0.317436   -13464.017344   -13463.699908   -13463.980236      2.54
        396        396.0      7   1217.76    480.20     438.73    0.312607   -13464.016440   -13463.703833   -13463.979948      2.72
        397        397.0      7   1251.42    450.15     432.73    0.308334   -13464.012678   -13463.704345   -13463.979634      2.93
        398        398.0      7   1188.94    460.98     424.05    0.302152   -13464.008776   -13463.706624   -13463.979834      2.80
        399        399.0      8   1346.75    474.84     411.17    0.292970   -13464.003080   -13463.710110   -13463.979537      2.99
        400        400.0      7   1282.53    459.79     403.96    0.287836   -13464.000902   -13463.713066   -13463.979444      3.05
        401        401.0      7   1263.38    403.72     408.78    0.291270   -13464.005218   -13463.713948   -13463.979909      2.75
        402        402.0      7   1267.70    472.32     407.70    0.290497   -13464.010743   -13463.720246   -13463.980566      2.32
        403        403.0      7   1303.69    445.22     406.92    0.289942   -13464.009086   -13463.719144   -13463.980582      2.31
        404        404.0      7   1287.27    408.73     396.59    0.282583   -13463.999689   -13463.717106   -13463.979820      2.81
        405        405.0      7   1220.43    452.04     382.15    0.272294   -13463.992006   -13463.719712   -13463.979148      3.24
        406        406.0      7   1279.42    407.19     385.10    0.274395   -13463.993295   -13463.718901   -13463.979686      2.89
        407        407.0      7   1246.64    426.65     387.47    0.276086   -13463.994451   -13463.718365   -13463.980349      2.46
        408        408.0      7   1274.68    457.85     374.93    0.267147   -13463.985697   -13463.718551   -13463.979515      3.01
        409        409.0      7   1288.84    475.78     367.91    0.262151   -13463.978839   -13463.716687   -13463.978627      3.58
        410        410.0      7   1196.65    459.77     372.73    0.265583   -13463.987886   -13463.722304   -13463.979290      3.15
        411        411.0      9   1316.33    467.84     391.38    0.278872   -13464.005674   -13463.726802   -13463.980173      2.58
        412        412.0      7   1241.42    440.95     403.61    0.287582   -13464.017918   -13463.730336   -13463.980602      2.30
        413        413.0      7   1234.38    393.25     405.09    0.288641   -13464.020463   -13463.731822   -13463.979787      2.83
        414        414.0      7   1281.43    459.26     410.80    0.292706   -13464.023864   -13463.731158   -13463.979261      3.17
        415        415.0      7   1308.64    436.60     425.65    0.303289   -13464.033510   -13463.730221   -13463.980043      2.66
        416        416.0      7   1212.95    439.49     421.79    0.300542   -13464.037241   -13463.736698   -13463.980665      2.26
        417        417.0      7   1267.24    463.69     400.25    0.285189   -13464.026424   -13463.741235   -13463.979782      2.83
        418        418.0      7   1273.44    456.24     382.52    0.272560   -13464.014331   -13463.741771   -13463.978991      3.35
        419        419.0      7   1227.45    459.71     377.27    0.268815   -13464.013446   -13463.744631   -13463.979738      2.86
        420        420.0      7   1256.50    467.15     379.91    0.270695   -13464.015755   -13463.745059   -13463.980476      2.38
        421        421.0      7   1266.61    454.56     370.90    0.264276   -13464.010864   -13463.746587   -13463.980237      2.54
        422        422.0      7   1159.42    469.23     362.26    0.258125   -13464.002041   -13463.743916   -13463.979149      3.24
        423        423.0      7   1227.58    462.57     376.07    0.267964   -13464.003395   -13463.735431   -13463.979022      3.33
        424        424.0      7   1238.34    430.46     379.29    0.270258   -13464.014865   -13463.744607   -13463.980380      2.44
        425        425.0      7   1237.35    450.87     383.03    0.272922   -13464.017300   -13463.744379   -13463.980731      2.22
        426        426.0      7   1299.24    444.29     372.00    0.265061   -13464.006617   -13463.741555   -13463.979460      3.04
        427        427.0     10   1425.16    447.06     364.68    0.259843   -13464.000963   -13463.741120   -13463.978890      3.41
        428        428.0      8   1363.29    396.42     379.14    0.270150   -13464.009229   -13463.739079   -13463.979848      2.79
        429        429.0      8   1319.31    417.90     387.08    0.275808   -13464.018687   -13463.742878   -13463.980529      2.35
        430        430.0      9   1351.24    435.59     382.13    0.272277   -13464.018784   -13463.746507   -13463.980033      2.67
        431        431.0      9   1351.10    451.28     381.39    0.271752   -13464.016811   -13463.745059   -13463.978951      3.37
        432        432.0      8   1275.64    445.44     399.91    0.284946   -13464.027894   -13463.742948   -13463.979338      3.12
        433        433.0      7   1273.84    477.93     424.01    0.302118   -13464.046507   -13463.744389   -13463.980756      2.20
        434        434.0      7   1238.04    456.42     439.59    0.313220   -13464.052966   -13463.739746   -13463.980826      2.15
        435        435.0      7   1284.88    468.61     431.60    0.307530   -13464.045365   -13463.737835   -13463.979926      2.74
        436        436.0      7   1264.29    479.13     425.69    0.303316   -13464.037162   -13463.733847   -13463.979431      3.06
        437        437.0      7   1290.86    474.17     426.81    0.304116   -13464.036225   -13463.732108   -13463.980045      2.66
        438        438.0      7   1260.76    462.65     426.40    0.303822   -13464.034062   -13463.730240   -13463.980690      2.24
        439        439.0      7   1199.64    482.46     408.85    0.291322   -13464.020810   -13463.729488   -13463.980018      2.68
        440        440.0      7   1251.90    470.70     390.39    0.278162   -13464.005249   -13463.727087   -13463.978598      3.60
        441        441.0      7   1225.65    456.09     385.13    0.274417   -13464.005084   -13463.730667   -13463.979045      3.31
        442        442.0      9   1318.48    402.02     397.20    0.283020   -13464.014304   -13463.731284   -13463.980281      2.51
        443        443.0      7   1264.18    457.85     412.68    0.294047   -13464.016447   -13463.722401   -13463.980046      2.66
        444        444.0      7   1287.31    405.56     402.02    0.286453   -13464.013911   -13463.727458   -13463.979156      3.24
        445        445.0      7   1243.89    454.33     416.51    0.296774   -13464.019595   -13463.722821   -13463.979313      3.14
        446        446.0      7   1348.02    490.19     425.08    0.302885   -13464.031948   -13463.729063   -13463.980429      2.41
        447        447.0      7   1257.25    436.74     432.42    0.308113   -13464.035406   -13463.727293   -13463.980499      2.37
        448        448.0      8   1223.51    469.83     429.01    0.305682   -13464.027754   -13463.722072   -13463.979366      3.10
        449        449.0      7   1239.15    442.03     431.05    0.307135   -13464.023733   -13463.716598   -13463.978613      3.59
        450        450.0      7   1255.37    464.16     441.02    0.314244   -13464.032097   -13463.717853   -13463.979550      2.98
        451        451.0      7   1232.25    466.43     449.87    0.320547   -13464.039867   -13463.719320   -13463.980237      2.54
        452        452.0      7   1254.77    450.04     448.72    0.319727   -13464.037394   -13463.717667   -13463.979732      2.86
        453        453.0      9   1341.23    459.52     447.66    0.318970   -13464.032261   -13463.713291   -13463.979023      3.32
        454        454.0      7   1208.57    377.05     458.26    0.326526   -13464.035393   -13463.708867   -13463.979218      3.20
        455        455.0      7   1269.53    440.16     465.85    0.331932   -13464.045052   -13463.713120   -13463.980318      2.48
        456        456.0      7   1284.62    410.21     457.75    0.326165   -13464.045402   -13463.719237   -13463.980677      2.25
        457        457.0      9   1364.15    420.04     445.38    0.317344   -13464.031652   -13463.714308   -13463.979397      3.08
        458        458.0      7   1270.10    450.37     431.24    0.307275   -13464.021309   -13463.714034   -13463.978626      3.58
        459        459.0      7   1281.18    481.69     427.24    0.304420   -13464.023704   -13463.719284   -13463.979732      2.86
        460        460.0      7   1283.59    451.43     420.92    0.299916   -13464.024407   -13463.724491   -13463.980187      2.57
        461        461.0      8   1305.44    460.02     413.75    0.294811   -13464.017171   -13463.722360   -13463.979387      3.09
        462        462.0     10   1420.88    451.32     402.65    0.286899   -13464.012844   -13463.725945   -13463.978992      3.35
        463        463.0      7   1227.36    433.26     403.19    0.287287   -13464.017102   -13463.729816   -13463.979858      2.78
        464        464.0      7   1262.27    477.73     405.79    0.289137   -13464.018970   -13463.729833   -13463.980435      2.41
        465        465.0      7   1266.83    450.14     396.67    0.282639   -13464.010494   -13463.727855   -13463.979504      3.01
        466        466.0      7   1264.10    456.78     389.15    0.277280   -13464.003407   -13463.726127   -13463.978845      3.44
        467        467.0      7   1232.63    474.98     382.61    0.272620   -13464.005719   -13463.733098   -13463.979882      2.77
        468        468.0      7   1268.22    440.89     371.86    0.264959   -13464.004385   -13463.739426   -13463.980358      2.46
        469        469.0      7   1216.99    461.81     354.70    0.252732   -13463.993851   -13463.741119   -13463.979458      3.04
        470        470.0      7   1238.60    453.54     342.52    0.244058   -13463.987038   -13463.742980   -13463.978880      3.42
        471        471.0      7   1236.67    403.54     355.90    0.253592   -13463.993073   -13463.739480   -13463.979313      3.14
        472        472.0      7   1252.29    432.89     370.83    0.264225   -13464.005486   -13463.741261   -13463.980222      2.55
        473        473.0      7   1235.94    455.42     384.50    0.273970   -13464.010281   -13463.736311   -13463.980393      2.43
        474        474.0      7   1254.99    480.14     381.66    0.271943   -13464.004533   -13463.732590   -13463.979478      3.03
        475        475.0      7   1309.80    465.16     378.91    0.269989   -13464.000604   -13463.730615   -13463.979049      3.31
        476        476.0      7   1251.94    455.50     379.01    0.270058   -13464.004977   -13463.734919   -13463.979798      2.82
        477        477.0      7   1193.91    458.09     384.38    0.273886   -13464.007577   -13463.733691   -13463.980475      2.38
        478        478.0      7   1173.94    458.15     368.50    0.262570   -13463.999352   -13463.736782   -13463.979909      2.75
        479        479.0      7   1175.41    468.61     349.93    0.249339   -13463.988437   -13463.739098   -13463.979079      3.29
        480        480.0      7   1238.88    423.72     344.94    0.245779   -13463.987552   -13463.741773   -13463.979069      3.30
        481        481.0      7   1226.99    418.55     354.06    0.252282   -13463.996740   -13463.744458   -13463.979837      2.80
        482        482.0      7   1162.32    440.84     375.62    0.267640   -13464.005273   -13463.737633   -13463.979840      2.79
        483        483.0      7   1255.42    464.43     379.63    0.270500   -13464.011556   -13463.741056   -13463.979394      3.08
        484        484.0      7   1207.40    443.97     388.37    0.276728   -13464.020093   -13463.743365   -13463.979894      2.76
        485        485.0      7   1254.62    460.47     397.02    0.282888   -13464.025381   -13463.742493   -13463.980254      2.53
        486        486.0      7   1279.04    451.78     395.43    0.281760   -13464.023813   -13463.742053   -13463.979649      2.92
        487        487.0      7   1256.06    469.87     404.23    0.288027   -13464.023729   -13463.735701   -13463.979516      3.00
        488        488.0      7   1213.33    463.54     406.31    0.289510   -13464.027322   -13463.737812   -13463.979922      2.74
        489        489.0      7   1227.43    432.45     406.47    0.289625   -13464.028344   -13463.738719   -13463.980121      2.61
        490        490.0      7   1249.64    403.63     396.62    0.282602   -13464.022864   -13463.740262   -13463.979884      2.77
        491        491.0      7   1284.40    439.04     386.48    0.275381   -13464.014537   -13463.739156   -13463.978918      3.39
        492        492.0      7   1250.09    446.04     380.93    0.271423   -13464.015701   -13463.744278   -13463.978900      3.41
        493        493.0      7   1256.75    396.28     392.00    0.279316   -13464.026431   -13463.747116   -13463.979967      2.71
        494        494.0      7   1182.25    462.49     399.44    0.284612   -13464.032500   -13463.747888   -13463.980545      2.34
        495        495.0      7   1223.27    453.04     384.59    0.274031   -13464.026167   -13463.752136   -13463.980098      2.63
        496        496.0      7   1230.00    452.50     363.96    0.259333   -13464.014915   -13463.755582   -13463.979297      3.15
        497        497.0      7   1196.35    449.82     357.56    0.254776   -13464.011311   -13463.756535   -13463.979125      3.26
        498        498.0      7   1223.19    438.20     362.97    0.258630   -13464.016422   -13463.757792   -13463.980120      2.61
        499        499.0      7   1193.46    453.20     376.16    0.268028   -13464.015413   -13463.747385   -13463.980294      2.50
        500        500.0      7   1227.10    398.85     364.68    0.259846   -13464.003794   -13463.743949   -13463.979188      3.22
        501        501.0      7   1253.10    395.90     355.03    0.252974   -13463.995716   -13463.742743   -13463.978679      3.55
        502        502.0      7   1246.95    432.23     364.61    0.259794   -13463.999424   -13463.739630   -13463.979238      3.19
        503        503.0      7   1278.47    451.31     374.29    0.266697   -13464.008097   -13463.741400   -13463.979782      2.83
        504        504.0      7   1276.95    447.64     379.33    0.270282   -13464.013493   -13463.743212   -13463.979873      2.77
        505        505.0      7   1210.57    438.65     380.17    0.270883   -13464.013874   -13463.742991   -13463.979644      2.92
        506        506.0      7   1245.75    442.29     379.73    0.270570   -13464.012135   -13463.741565   -13463.979519      3.00
        507        507.0      7   1194.49    473.16     381.12    0.271562   -13464.009779   -13463.738218   -13463.979530      3.00
        508        508.0      7   1219.84    465.53     382.05    0.272225   -13464.006532   -13463.734307   -13463.979273      3.16
        509        509.0      7   1172.45    436.43     382.11    0.272264   -13464.004836   -13463.732572   -13463.979325      3.13
        510        510.0      7   1211.79    420.37     385.92    0.274979   -13464.003749   -13463.728770   -13463.979641      2.92
        511        511.0      7   1247.19    453.34     384.08    0.273671   -13463.999372   -13463.725702   -13463.979518      3.00
        512        512.0      7   1236.22    395.36     389.56    0.277576   -13463.993580   -13463.716004   -13463.979130      3.26
        513        513.0      8   1312.98    446.56     391.87    0.279218   -13463.991419   -13463.712201   -13463.978908      3.40
        514        514.0      7   1243.08    460.81     387.86    0.276364   -13463.995715   -13463.719351   -13463.978856      3.43
        515        515.0      9   1383.42    469.67     403.23    0.287318   -13464.005792   -13463.718475   -13463.979765      2.84
        516        516.0      7   1218.20    462.11     412.48    0.293906   -13464.009144   -13463.715238   -13463.980156      2.59
        517        517.0      7   1198.86    443.95     399.02    0.284318   -13464.000488   -13463.716170   -13463.978901      3.40
        518        518.0      7   1232.10    445.33     393.00    0.280026   -13463.996762   -13463.716735   -13463.978494      3.67
        519        519.0      7   1166.91    443.87     399.03    0.284322   -13464.004292   -13463.719970   -13463.979555      2.98
        520        520.0      7   1130.51    462.70     411.53    0.293231   -13464.009473   -13463.716242   -13463.979904      2.75
        521        521.0      8   1307.05    468.47     407.67    0.290477   -13464.005773   -13463.715297   -13463.979537      2.99
        522        522.0      7   1164.71    425.83     393.62    0.280467   -13463.997929   -13463.717462   -13463.978766      3.49
        523        523.0     10   1397.68    454.24     393.14    0.280127   -13463.997746   -13463.717619   -13463.978593      3.60
        524        524.0      9   1356.67    412.43     400.95    0.285693   -13464.006836   -13463.721142   -13463.979827      2.80
        525        525.0      7   1256.80    450.47     395.89    0.282086   -13464.009116   -13463.727029   -13463.979844      2.79
        526        526.0      7   1265.79    407.40     376.14    0.268013   -13464.003232   -13463.735219   -13463.979183      3.22
        527        527.0      7   1207.53    440.86     365.95    0.260754   -13463.998828   -13463.738074   -13463.979399      3.08
        528        528.0      7   1204.91    459.05     355.96    0.253634   -13463.995895   -13463.742261   -13463.979403      3.08
        529        529.0      7   1217.99    442.88     359.65    0.256261   -13463.994858   -13463.738597   -13463.979448      3.05
        530        530.0      7   1250.72    465.43     362.70    0.258432   -13463.994875   -13463.736442   -13463.979545      2.99
        531        531.0      7   1204.54    455.63     372.34    0.265302   -13463.994915   -13463.729613   -13463.979012      3.33
        532        532.0      9   1243.84    472.78     381.35    0.271725   -13464.000097   -13463.728372   -13463.979438      3.06
        533        533.0      7   1228.89    460.00     387.75    0.276287   -13464.004366   -13463.728079   -13463.979812      2.81
        534        534.0      7   1215.82    412.92     385.47    0.274662   -13464.003079   -13463.728416   -13463.978988      3.35
        535        535.0      7   1202.58    466.00     393.01    0.280031   -13464.006713   -13463.726682   -13463.979010      3.33
        536        536.0      7   1250.62    366.56     412.94    0.294234   -13464.015867   -13463.721633   -13463.979919      2.74
        537        537.0      7   1261.04    423.11     415.82    0.296288   -13464.018250   -13463.721963   -13463.980200      2.56
        538        538.0      7   1246.23    439.49     404.21    0.288011   -13464.009404   -13463.721393   -13463.979546      2.99
        539        539.0      7   1283.22    475.54     394.93    0.281403   -13463.999193   -13463.717790   -13463.978563      3.62
        540        540.0      9   1358.83    451.87     397.55    0.283269   -13464.000742   -13463.717473   -13463.978812      3.46
        541        541.0      7   1229.31    447.65     406.70    0.289784   -13464.009528   -13463.719744   -13463.980047      2.66
        542        542.0      7   1267.88    456.16     401.91    0.286375   -13464.008701   -13463.722326   -13463.979891      2.76
        543        543.0      7   1282.52    464.82     389.95    0.277853   -13464.000594   -13463.722740   -13463.978783      3.48
        544        544.0      7   1214.62    461.23     388.35    0.276709   -13464.000995   -13463.724286   -13463.978816      3.46
        545        545.0      7   1267.47    452.94     402.17    0.286556   -13464.011091   -13463.724535   -13463.979467      3.04
        546        546.0      7   1175.50    471.62     416.21    0.296564   -13464.021136   -13463.724572   -13463.979951      2.72
        547        547.0      7   1223.88    463.31     415.92    0.296356   -13464.022631   -13463.726275   -13463.979990      2.70
        548        548.0      7   1268.25    469.65     406.90    0.289927   -13464.015300   -13463.725373   -13463.979231      3.19
        549        549.0      7   1175.73    443.07     399.65    0.284765   -13464.009896   -13463.725132   -13463.978974      3.36
        550        550.0      8   1329.40    455.38     404.22    0.288019   -13464.010372   -13463.722353   -13463.979590      2.96
        551        551.0      7   1281.21    438.99     410.92    0.292791   -13464.008648   -13463.715857   -13463.979482      3.03
        552        552.0      7   1290.32    427.86     407.36    0.290261   -13464.005717   -13463.715457   -13463.979023      3.32
        553        553.0      7   1261.85    416.97     405.51    0.288942   -13464.006558   -13463.717616   -13463.979502      3.01
        554        554.0      7   1248.87    453.84     405.16    0.288686   -13464.005880   -13463.717194   -13463.979291      3.15
        555        555.0      7   1282.06    483.56     406.82    0.289873   -13464.005412   -13463.715539   -13463.978959      3.37
        556        556.0      7   1271.50    451.07     413.18    0.294405   -13464.009034   -13463.714629   -13463.978972      3.36
        557        557.0      7   1236.80    421.90     421.47    0.300312   -13464.016020   -13463.715708   -13463.979194      3.21
        558        558.0      7   1223.68    465.67     430.14    0.306487   -13464.021305   -13463.714818   -13463.980022      2.68
        559        559.0      8   1330.49    465.12     413.35    0.294523   -13464.013716   -13463.719193   -13463.979907      2.75
        560        560.0      8   1276.03    451.93     396.92    0.282820   -13463.997589   -13463.714769   -13463.978337      3.77
        561        561.0      7   1228.39    462.37     393.93    0.280685   -13463.994142   -13463.713456   -13463.978575      3.62
        562        562.0      7   1201.79    463.90     405.76    0.289115   -13464.001108   -13463.711993   -13463.979710      2.88
        563        563.0     10   1375.85    481.17     413.61    0.294710   -13464.002330   -13463.707620   -13463.979507      3.01
        564        564.0      7   1211.07    448.29     413.20    0.294420   -13463.998286   -13463.703865   -13463.978862      3.43
        565        565.0      7   1204.62    397.47     410.83    0.292730   -13463.997283   -13463.704553   -13463.978561      3.63
        566        566.0      7   1228.59    445.51     417.32    0.297351   -13464.003204   -13463.705853   -13463.978917      3.39
        567        567.0      7   1289.88    451.69     430.68    0.306877   -13464.010803   -13463.703926   -13463.979451      3.05
        568        568.0      7   1277.49    409.96     423.38    0.301672   -13464.012560   -13463.710889   -13463.979426      3.06
        569        569.0      7   1221.60    428.17     419.50    0.298906   -13464.009754   -13463.710848   -13463.979206      3.21
        570        570.0      7   1276.95    440.38     423.69    0.301893   -13464.006458   -13463.704565   -13463.979528      3.00
        571        571.0      7   1254.77    454.30     415.44    0.296014   -13463.999633   -13463.703620   -13463.979261      3.17
        572        572.0      7   1246.19    475.92     406.60    0.289716   -13463.992201   -13463.702486   -13463.978763      3.49
        573        573.0      7   1239.12    445.41     406.76    0.289830   -13463.990648   -13463.700819   -13463.978630      3.58
        574        574.0      8   1302.56    464.64     404.54    0.288251   -13463.995284   -13463.707033   -13463.979297      3.15
        575        575.0      7   1262.10    444.64     409.63    0.291872   -13463.996612   -13463.704739   -13463.979646      2.92
        576        576.0      7   1254.00    478.63     394.40    0.281023   -13463.989516   -13463.708493   -13463.978991      3.35
        577        577.0      9   1351.00    480.30     387.39    0.276029   -13463.983990   -13463.707961   -13463.978255      3.82
        578        578.0      7   1258.73    451.50     396.42    0.282465   -13463.990952   -13463.708487   -13463.978997      3.34
        579        579.0      7   1277.97    436.90     410.54    0.292526   -13464.000980   -13463.708453   -13463.980275      2.51
        580        580.0      7   1243.30    451.48     412.25    0.293741   -13463.996360   -13463.702620   -13463.980040      2.66
        581        581.0      7   1151.69    466.82     386.51    0.275398   -13463.979402   -13463.704004   -13463.978535      3.64
        582        582.0      7   1233.31    452.55     380.87    0.271380   -13463.971004   -13463.699625   -13463.977904      4.05
        583        583.0      7   1227.54    458.28     384.93    0.274277   -13463.979307   -13463.705030   -13463.978954      3.37
        584        584.0      7   1191.59    408.76     394.08    0.280795   -13463.989369   -13463.708575   -13463.979696      2.89
        585        585.0      7   1272.84    447.01     394.76    0.281282   -13463.989918   -13463.708636   -13463.979345      3.12
        586        586.0      7   1313.29    435.51     391.03    0.278622   -13463.986622   -13463.708000   -13463.978437      3.71
        587        587.0      7   1260.94    428.32     401.03    0.285744   -13463.992640   -13463.706896   -13463.978771      3.49
        588        588.0      7   1215.12    479.17     415.74    0.296225   -13464.004526   -13463.708300   -13463.979735      2.86
        589        589.0      7   1256.81    452.68     420.56    0.299660   -13464.009197   -13463.709536   -13463.979683      2.90
        590        590.0      7   1221.87    453.54     413.34    0.294521   -13464.006537   -13463.712016   -13463.979141      3.25
        591        591.0      7   1228.91    454.96     409.94    0.292095   -13464.003681   -13463.711586   -13463.979026      3.32
        592        592.0      7   1256.20    455.48     406.72    0.289803   -13464.002419   -13463.712616   -13463.979042      3.31
        593        593.0      7   1268.44    458.11     410.46    0.292468   -13464.000907   -13463.708439   -13463.979333      3.12
        594        594.0      7   1226.71    467.04     398.32    0.283813   -13463.995216   -13463.711403   -13463.978932      3.38
        595        595.0      7   1253.80    468.41     392.95    0.279987   -13463.991322   -13463.711335   -13463.978443      3.70
        596        596.0      7   1252.00    450.40     395.17    0.281568   -13463.995800   -13463.714232   -13463.979296      3.15
        597        597.0      7   1184.63    461.41     403.06    0.287191   -13463.998094   -13463.710903   -13463.979756      2.85
        598        598.0      7   1241.50    448.81     389.34    0.277415   -13463.991855   -13463.714440   -13463.978922      3.39
        599        599.0      7   1257.53    447.91     380.01    0.270770   -13463.987414   -13463.716645   -13463.978665      3.56
        600        600.0      7   1251.56    417.42     376.94    0.268579   -13463.989052   -13463.720473   -13463.979037      3.32
        601        601.0      7   1205.82    439.39     375.23    0.267364   -13463.991222   -13463.723858   -13463.979455      3.04
        602        602.0      7   1284.32    430.12     379.93    0.270713   -13463.987743   -13463.717030   -13463.979330      3.13
        603        603.0      7   1277.18    405.26     377.06    0.268669   -13463.980244   -13463.711575   -13463.978519      3.65
        604        604.0      7   1262.52    415.47     373.07    0.265822   -13463.979242   -13463.713420   -13463.978421      3.72
        605        605.0      7   1291.74    447.20     371.63    0.264795   -13463.986012   -13463.721217   -13463.979269      3.17
        606        606.0      7   1260.54    481.82     379.05    0.270083   -13463.989813   -13463.719730   -13463.979428      3.06
        607        607.0      8   1273.95    469.49     382.88    0.272816   -13463.988158   -13463.715342   -13463.978913      3.40
        608        608.0      7   1206.05    457.92     377.91    0.269277   -13463.986832   -13463.717556   -13463.978810      3.46
        609        609.0      7   1263.90    459.29     378.38    0.269605   -13463.988695   -13463.719090   -13463.978827      3.45
        610        610.0      7   1208.25    469.44     386.43    0.275347   -13463.992969   -13463.717622   -13463.979233      3.19
        611        611.0      7   1247.86    456.40     381.67    0.271949   -13463.993686   -13463.721737   -13463.979288      3.15
        612        612.0      7   1257.08    454.05     378.73    0.269859   -13463.989810   -13463.719950   -13463.978738      3.51
        613        613.0      7   1148.51    455.99     373.41    0.266070   -13463.988646   -13463.722576   -13463.978425      3.71
        614        614.0      7   1201.69    452.49     384.53    0.273993   -13463.994098   -13463.720105   -13463.978829      3.45
        615        615.0      7   1199.46    401.91     382.63    0.272638   -13464.001139   -13463.728501   -13463.978968      3.36
        616        616.0      7   1265.83    387.14     389.06    0.277221   -13464.007283   -13463.730063   -13463.978996      3.34
        617        617.0      7   1233.37    457.02     394.35    0.280986   -13464.012766   -13463.731780   -13463.978972      3.36
        618        618.0      7   1278.25    454.31     398.64    0.284043   -13464.018237   -13463.734194   -13463.978922      3.39
        619        619.0      7   1230.62    435.68     408.99    0.291422   -13464.024697   -13463.733276   -13463.978960      3.37
        620        620.0      7   1204.75    443.94     419.13    0.298647   -13464.031355   -13463.732708   -13463.979215      3.20
        621        621.0      7   1223.39    452.88     431.06    0.307141   -13464.033728   -13463.726587   -13463.979453      3.05
        622        622.0      9   1397.84    455.88     422.92    0.301341   -13464.028257   -13463.726915   -13463.979132      3.25
        623        623.0      7   1209.27    448.15     411.95    0.293526   -13464.020661   -13463.727135   -13463.978437      3.71
        624        624.0      7   1151.98    473.33     402.60    0.286867   -13464.019068   -13463.732202   -13463.978696      3.54
        625        625.0      7   1223.38    386.53     403.10    0.287224   -13464.020419   -13463.733196   -13463.979215      3.20
        626        626.0      7   1215.80    453.34     402.34    0.286681   -13464.018447   -13463.731766   -13463.978982      3.35
        627        627.0      7   1222.36    423.53     389.16    0.277290   -13464.016341   -13463.739050   -13463.978561      3.63
        628        628.0      7   1260.94    437.15     386.73    0.275555   -13464.020589   -13463.745034   -13463.978734      3.51
        629        629.0      7   1150.01    443.72     399.35    0.284550   -13464.029153   -13463.744603   -13463.979374      3.10
        630        630.0      7   1249.97    483.22     391.28    0.278799   -13464.033149   -13463.754350   -13463.979420      3.07
        631        631.0      7   1241.61    457.26     387.25    0.275925   -13464.031341   -13463.755416   -13463.979006      3.34
        632        632.0      7   1267.76    462.02     387.60    0.276175   -13464.029796   -13463.753621   -13463.978872      3.42
        633        633.0      7   1244.94    455.79     388.53    0.276842   -13464.029784   -13463.752943   -13463.979393      3.09
        634        634.0      7   1209.23    456.42     384.39    0.273893   -13464.024901   -13463.751007   -13463.979243      3.18
        635        635.0      7   1264.51    459.09     369.99    0.263626   -13464.017113   -13463.753487   -13463.978727      3.52
        636        636.0      7   1244.17    442.92     364.38    0.259633   -13464.014428   -13463.754795   -13463.978717      3.52
        637        637.0      7   1190.33    465.03     364.58    0.259774   -13464.017799   -13463.758025   -13463.979141      3.25
        638        638.0      7   1211.48    468.63     369.95    0.263604   -13464.021340   -13463.757736   -13463.979286      3.15
        639        639.0      7   1216.27    466.37     372.97    0.265756   -13464.021845   -13463.756089   -13463.979161      3.24
        640        640.0      7   1221.78    464.91     371.04    0.264379   -13464.020808   -13463.756429   -13463.978696      3.54
        641        641.0      7   1233.28    423.93     377.99    0.269330   -13464.024077   -13463.754747   -13463.978890      3.41
        642        642.0      7   1259.60    406.50     383.76    0.273440   -13464.028383   -13463.754943   -13463.979715      2.88
        643        643.0      7   1232.23    447.13     377.87    0.269241   -13464.023289   -13463.754047   -13463.979304      3.14
        644        644.0      7   1274.97    469.84     369.64    0.263383   -13464.014134   -13463.750751   -13463.978645      3.57
        645        645.0      7   1153.72    407.32     364.51    0.259727   -13464.010481   -13463.750755   -13463.978824      3.45
        646        646.0      7   1221.84    447.98     361.93    0.257885   -13464.010576   -13463.752691   -13463.979177      3.23
        647        647.0      7   1212.91    431.27     359.03    0.255823   -13464.009312   -13463.753489   -13463.979055      3.30
        648        648.0      7   1166.53    471.10     358.76    0.255628   -13464.007789   -13463.752161   -13463.978668      3.56
        649        649.0      7   1189.14    470.12     371.63    0.264800   -13464.011650   -13463.746850   -13463.978454      3.69
        650        650.0      7   1196.62    443.48     395.13    0.281543   -13464.022630   -13463.741087   -13463.979371      3.10
        651        651.0      7   1216.02    428.27     405.38    0.288844   -13464.028471   -13463.739627   -13463.979716      2.88
        652        652.0      7   1210.71    419.20     397.45    0.283198   -13464.024790   -13463.741592   -13463.978846      3.44
        653        653.0      7   1210.80    414.01     392.80    0.279879   -13464.023816   -13463.743936   -13463.978685      3.54
        654        654.0      7   1266.91    374.04     402.67    0.286912   -13464.029065   -13463.742152   -13463.979261      3.17
        655        655.0      7   1247.73    452.36     410.70    0.292636   -13464.032652   -13463.740016   -13463.979342      3.12
        656        656.0      7   1255.37    444.81     402.98    0.287134   -13464.031408   -13463.744274   -13463.979091      3.28
        657        657.0      7   1235.78    454.74     392.94    0.279980   -13464.028519   -13463.748539   -13463.978644      3.57
        658        658.0      7   1131.27    462.68     401.59    0.286144   -13464.030309   -13463.744164   -13463.978757      3.50
        659        659.0      7   1222.74    457.78     410.72    0.292652   -13464.035029   -13463.742377   -13463.979522      3.00
        660        660.0      7   1166.13    454.70     409.25    0.291603   -13464.032785   -13463.741181   -13463.979393      3.08
        661        661.0      7   1198.50    454.40     405.84    0.289177   -13464.025398   -13463.736221   -13463.978851      3.44
        662        662.0      7   1207.05    462.05     396.24    0.282336   -13464.020563   -13463.738227   -13463.979106      3.27
        663        663.0      7   1191.08    407.43     384.94    0.274282   -13464.015633   -13463.741351   -13463.979431      3.06
        664        664.0      7   1186.14    436.13     377.20    0.268766   -13464.006008   -13463.737242   -13463.979010      3.33
        665        665.0      9   1362.57    384.52     360.73    0.257034   -13463.996000   -13463.738967   -13463.978516      3.65
        666        666.0      7   1192.51    452.14     354.36    0.252496   -13463.993211   -13463.740714   -13463.978222      3.85
        667        667.0      7   1242.56    476.53     364.00    0.259364   -13463.999829   -13463.740465   -13463.979054      3.31
        668        668.0      7   1233.76    461.25     372.41    0.265354   -13464.004544   -13463.739190   -13463.979468      3.04
        669        669.0      7   1199.92    442.27     375.72    0.267710   -13464.001941   -13463.734231   -13463.978679      3.55
        670        670.0      7   1260.29    458.52     381.86    0.272084   -13464.003024   -13463.730940   -13463.978304      3.79
        671        671.0      7   1137.71    453.41     401.46    0.286056   -13464.012942   -13463.726885   -13463.979284      3.16
        672        672.0      7   1203.63    459.68     414.31    0.295212   -13464.017916   -13463.722704   -13463.979844      2.79
        673        673.0      7   1182.31    464.36     398.22    0.283745   -13464.007936   -13463.724190   -13463.979202      3.21
        674        674.0      7   1223.60    473.63     383.71    0.273403   -13463.991624   -13463.718221   -13463.977951      4.02
        675        675.0      7   1224.89    390.67     378.74    0.269861   -13463.985806   -13463.715945   -13463.977964      4.01
        676        676.0      7   1206.20    400.55     380.84    0.271363   -13463.990023   -13463.718660   -13463.979177      3.22
        677        677.0      7   1217.58    436.24     381.12    0.271558   -13463.988196   -13463.716637   -13463.979185      3.22
        678        678.0      7   1261.15    411.66     376.94    0.268585   -13463.980110   -13463.711525   -13463.978122      3.91
        679        679.0      7   1167.22    440.63     383.54    0.273281   -13463.980342   -13463.707061   -13463.978003      3.99
        680        680.0      7   1252.21    437.93     401.65    0.286189   -13463.990974   -13463.704785   -13463.978853      3.44
        681        681.0      7   1112.58    448.75     411.00    0.292851   -13463.999660   -13463.706808   -13463.979141      3.25
        682        682.0      7   1245.66    460.83     408.91    0.291361   -13464.000228   -13463.708867   -13463.978867      3.43
        683        683.0      7   1154.44    450.63     402.68    0.286921   -13463.996340   -13463.709419   -13463.978368      3.75
        684        684.0      7   1158.40    443.46     402.89    0.287070   -13463.994847   -13463.707777   -13463.978512      3.66
        685        685.0      7   1223.72    426.08     404.01    0.287871   -13463.994581   -13463.706710   -13463.978929      3.39
        686        686.0      7   1173.09    424.32     391.13    0.278695   -13463.990325   -13463.711630   -13463.978760      3.50
        687        687.0      7   1230.05    387.95     391.56    0.279000   -13463.985280   -13463.706280   -13463.978139      3.90
        688        688.0      7   1245.63    404.46     400.73    0.285536   -13463.988124   -13463.702588   -13463.978154      3.89
        689        689.0      7   1181.74    438.49     418.90    0.298483   -13463.998264   -13463.699781   -13463.978655      3.56
        690        690.0      7   1228.96    442.56     421.62    0.300418   -13464.007623   -13463.707206   -13463.978753      3.50
        691        691.0      7   1178.68    447.69     429.21    0.305825   -13464.013277   -13463.707452   -13463.978478      3.68
        692        692.0      7   1244.95    475.96     435.33    0.310184   -13464.018982   -13463.708799   -13463.978339      3.77
        693        693.0      8   1295.34    448.04     442.14    0.315041   -13464.026392   -13463.711351   -13463.979001      3.34
        694        694.0      7   1167.25    456.67     443.68    0.316138   -13464.027563   -13463.711424   -13463.979431      3.06
        695        695.0      7   1231.72    469.84     430.01    0.306395   -13464.017151   -13463.710757   -13463.978774      3.49
        696        696.0      7   1207.79    455.98     404.63    0.288310   -13464.004503   -13463.716193   -13463.978015      3.98
        697        697.0      7   1162.59    433.57     405.66    0.289046   -13464.000065   -13463.711019   -13463.978377      3.74
        698        698.0      7   1216.63    437.18     409.07    0.291477   -13463.998672   -13463.707195   -13463.978664      3.56
        699        699.0      7   1257.13    342.57     397.70    0.283372   -13463.994470   -13463.711098   -13463.978306      3.79
        700        700.0      9   1376.06    405.84     391.99    0.279306   -13463.992140   -13463.712834   -13463.978011      3.98
        701        701.0      7   1218.41    443.38     407.60    0.290428   -13463.998042   -13463.707615   -13463.978157      3.89
        702        702.0      7   1264.14    456.31     421.31    0.300197   -13464.008739   -13463.708542   -13463.978832      3.45
        703        703.0      7   1209.36    443.49     425.73    0.303346   -13464.014950   -13463.711604   -13463.978903      3.40
        704        704.0      7   1201.93    447.70     426.11    0.303615   -13464.016245   -13463.712630   -13463.978666      3.56
        705        705.0      7   1194.59    450.86     428.95    0.305638   -13464.016185   -13463.710547   -13463.978874      3.42
        706        706.0      7   1231.95    452.24     433.99    0.309233   -13464.012584   -13463.703351   -13463.978767      3.49
        707        707.0      7   1171.43    473.83     414.64    0.295444   -13464.005722   -13463.710277   -13463.978435      3.71
        708        708.0      7   1220.69    458.18     403.74    0.287675   -13463.999312   -13463.711636   -13463.978378      3.74
        709        709.0      7   1241.63    440.02     395.55    0.281842   -13463.994471   -13463.712629   -13463.978408      3.73
        710        710.0      7   1208.77    450.82     388.93    0.277127   -13463.990764   -13463.713637   -13463.978612      3.59
        711        711.0      7   1226.80    404.87     375.05    0.267238   -13463.986322   -13463.719084   -13463.978702      3.53
        712        712.0      7   1276.37    450.34     369.74    0.263449   -13463.981761   -13463.718312   -13463.978446      3.70
        713        713.0      8   1332.90    406.50     364.78    0.259917   -13463.981439   -13463.721522   -13463.978220      3.85
        714        714.0      7   1235.14    432.34     372.81    0.265642   -13463.986462   -13463.720820   -13463.978889      3.41
        715        715.0      7   1254.99    443.91     385.01    0.274330   -13463.988855   -13463.714525   -13463.978999      3.34
        716        716.0      7   1255.05    459.06     380.11    0.270842   -13463.985346   -13463.714504   -13463.978537      3.64
        717        717.0      7   1260.36    456.44     382.70    0.272689   -13463.981367   -13463.708677   -13463.978052      3.96
        718        718.0      7   1208.91    453.42     376.50    0.268271   -13463.982662   -13463.714391   -13463.978333      3.77
        719        719.0      7   1210.80    465.03     379.10    0.270119   -13463.986197   -13463.716078   -13463.978622      3.59
        720        720.0      7   1215.00    441.71     375.48    0.267544   -13463.988099   -13463.720555   -13463.978807      3.47
        721        721.0      7   1168.60    450.27     370.73    0.264158   -13463.986696   -13463.722538   -13463.978614      3.59
        722        722.0      7   1235.26    443.93     363.42    0.258946   -13463.985132   -13463.726186   -13463.978288      3.80
        723        723.0      7   1226.50    449.42     369.67    0.263399   -13463.988039   -13463.724641   -13463.978239      3.83
        724        724.0      7   1191.88    422.62     381.74    0.272005   -13463.995198   -13463.723193   -13463.978623      3.58
        725        725.0      7   1266.65    434.46     385.44    0.274639   -13463.999713   -13463.725074   -13463.978930      3.39
        726        726.0      7   1268.79    392.34     387.39    0.276030   -13463.996880   -13463.720850   -13463.978583      3.61
        727        727.0      7   1217.54    455.37     379.56    0.270448   -13463.991839   -13463.721391   -13463.978065      3.95
        728        728.0      7   1246.47    452.98     380.97    0.271455   -13463.992937   -13463.721482   -13463.978212      3.85
        729        729.0      7   1223.49    459.29     387.45    0.276068   -13463.998853   -13463.722786   -13463.978922      3.39
        730        730.0      7   1213.60    450.13     394.35    0.280990   -13464.000349   -13463.719359   -13463.978700      3.53
        731        731.0      7   1185.21    428.92     387.06    0.275795   -13463.999362   -13463.723567   -13463.977990      4.00
        732        732.0      7   1220.25    458.68     391.27    0.278793   -13464.004623   -13463.725830   -13463.978048      3.96
        733        733.0      9   1223.57    457.15     403.54    0.287533   -13464.014714   -13463.727181   -13463.978893      3.41
        734        734.0      9   1374.50    449.22     409.95    0.292101   -13464.019540   -13463.727439   -13463.978921      3.39
        735        735.0      7   1168.10    414.55     409.58    0.291838   -13464.017994   -13463.726156   -13463.978535      3.64
        736        736.0      7   1237.03    411.03     399.58    0.284711   -13464.015058   -13463.730347   -13463.978302      3.79
        737        737.0      7   1255.89    403.51     395.21    0.281598   -13464.014945   -13463.733347   -13463.978580      3.61
        738        738.0      7   1292.00    403.53     386.37    0.275300   -13464.015002   -13463.739702   -13463.978882      3.42
        739        739.0      7   1244.51    454.88     386.55    0.275431   -13464.011088   -13463.735657   -13463.978570      3.62
        740        740.0      7   1246.24    477.97     387.72    0.276263   -13464.006904   -13463.730642   -13463.977831      4.10
        741        741.0      7   1237.02    460.65     395.93    0.282112   -13464.010268   -13463.728155   -13463.978140      3.90
        742        742.0      7   1243.07    412.32     402.26    0.286622   -13464.015724   -13463.729102   -13463.978807      3.47
        743        743.0      7   1250.82    460.38     401.53    0.286103   -13464.013823   -13463.727720   -13463.978501      3.66
        744        744.0      7   1254.55    482.36     396.84    0.282758   -13464.008924   -13463.726166   -13463.977929      4.04
        745        745.0      7   1235.26    450.24     397.94    0.283547   -13464.010542   -13463.726996   -13463.978146      3.90
        746        746.0     10   1463.91    449.83     404.16    0.287977   -13464.016665   -13463.728688   -13463.979043      3.31
        747        747.0      7   1181.23    460.02     400.43    0.285319   -13464.014218   -13463.728898   -13463.979275      3.16
        748        748.0      7   1215.04    450.94     392.12    0.279398   -13464.002284   -13463.722886   -13463.977874      4.07
        749        749.0      7   1271.90    454.01     382.48    0.272529   -13463.999047   -13463.726517   -13463.977277      4.46
        750        750.0      7   1223.70    458.16     396.19    0.282300   -13464.010927   -13463.728626   -13463.978555      3.63
        751        751.0      7   1234.80    440.19     401.20    0.285871   -13464.020101   -13463.734230   -13463.979162      3.24
        752        752.0      7   1296.21    387.62     408.61    0.291148   -13464.017855   -13463.726707   -13463.978371      3.75
        753        753.0      7   1272.96    416.95     401.74    0.286250   -13464.015967   -13463.729717   -13463.977795      4.12
        754        754.0      8   1294.99    454.61     417.15    0.297235   -13464.024268   -13463.727032   -13463.978338      3.77
        755        755.0      7   1271.60    472.09     435.54    0.310338   -13464.035243   -13463.724905   -13463.979482      3.03
        756        756.0      7   1245.53    447.77     431.52    0.307470   -13464.034169   -13463.726699   -13463.979316      3.14
        757        757.0      7   1245.54    454.29     408.71    0.291222   -13464.022352   -13463.731130   -13463.978297      3.80
        758        758.0      7   1258.68    461.75     403.34    0.287391   -13464.013562   -13463.726172   -13463.977797      4.12
        759        759.0      7   1223.11    476.67     403.31    0.287370   -13464.013370   -13463.726000   -13463.978436      3.71
        760        760.0      7   1367.66    470.94     402.43    0.286745   -13464.012390   -13463.725645   -13463.978704      3.53
        761        761.0      7   1288.83    472.19     403.19    0.287283   -13464.006656   -13463.719373   -13463.978222      3.85
        762        762.0      7   1182.75    463.31     403.98    0.287849   -13464.003576   -13463.715727   -13463.978017      3.98
        763        763.0      7   1248.12    471.73     407.81    0.290579   -13464.007283   -13463.716704   -13463.978546      3.63
        764        764.0      7   1222.37    455.33     416.40    0.296700   -13464.011661   -13463.714961   -13463.978801      3.47
        765        765.0      7   1199.38    389.77     414.43    0.295292   -13464.012600   -13463.717308   -13463.978360      3.76
        766        766.0      7   1284.59    440.03     417.78    0.297683   -13464.014820   -13463.717137   -13463.977900      4.06
        767        767.0      8   1356.51    382.24     433.46    0.308856   -13464.022401   -13463.713545   -13463.978600      3.60
        768        768.0      8   1298.16    445.86     438.22    0.312245   -13464.025317   -13463.713071   -13463.979207      3.21
        769        769.0      7   1268.81    452.70     419.39    0.298826   -13464.016091   -13463.717265   -13463.978122      3.91
        770        770.0      7   1294.20    489.95     403.27    0.287345   -13464.009044   -13463.721699   -13463.977572      4.27
        771        771.0      7   1270.51    450.01     398.83    0.284179   -13464.013693   -13463.729514   -13463.978522      3.65
        772        772.0      7   1266.07    454.75     406.44    0.289603   -13464.018957   -13463.729354   -13463.979328      3.13
        773        773.0      7   1269.66    455.09     394.04    0.280768   -13464.014059   -13463.733291   -13463.978801      3.47
        774        774.0      7   1293.79    479.80     385.10    0.274393   -13464.005411   -13463.731018   -13463.977962      4.01
        775        775.0      7   1255.88    463.90     387.71    0.276253   -13464.003859   -13463.727606   -13463.977887      4.06
        776        776.0      7   1207.89    443.59     391.72    0.279116   -13464.008535   -13463.729419   -13463.978547      3.63
        777        777.0      7   1261.28    464.73     392.00    0.279313   -13464.008998   -13463.729685   -13463.978702      3.53
        778        778.0      7   1164.70    478.25     374.41    0.266777   -13464.002781   -13463.736004   -13463.978341      3.77
        779        779.0      8   1319.91    460.28     363.34    0.258894   -13463.996858   -13463.737964   -13463.978106      3.92
        780        780.0      7   1173.55    471.27     362.16    0.258054   -13463.996970   -13463.738916   -13463.978392      3.74
        781        781.0      8   1307.45    447.90     365.78    0.260631   -13464.001427   -13463.740796   -13463.978570      3.62
        782        782.0      8   1288.70    478.05     378.94    0.270009   -13464.005859   -13463.735850   -13463.978552      3.63
        783        783.0      7   1208.35    456.22     390.51    0.278254   -13464.009684   -13463.731430   -13463.978278      3.81
        784        784.0      7   1248.02    414.41     396.93    0.282829   -13464.015218   -13463.732389   -13463.978324      3.78
        785        785.0      7   1287.87    387.21     403.19    0.287283   -13464.019816   -13463.732533   -13463.978591      3.61
        786        786.0      8   1320.85    417.07     411.66    0.293322   -13464.019495   -13463.726172   -13463.978396      3.73
        787        787.0      7   1219.45    458.68     414.16    0.295101   -13464.018075   -13463.722974   -13463.978158      3.89
        788        788.0      7   1284.46    476.77     428.11    0.305045   -13464.018586   -13463.713541   -13463.978749      3.50
        789        789.0      7   1225.79    430.31     420.67    0.299743   -13464.014642   -13463.714900   -13463.978978      3.35
        790        790.0      7   1235.69    456.29     409.95    0.292104   -13464.004334   -13463.712231   -13463.978427      3.71
        791        791.0      7   1281.04    456.07     393.70    0.280526   -13463.995678   -13463.715151   -13463.977778      4.13
        792        792.0      9   1378.30    464.40     392.46    0.279641   -13463.996818   -13463.717177   -13463.977766      4.14
        793        793.0      9   1372.06    458.64     409.37    0.291687   -13464.005674   -13463.713988   -13463.978556      3.63
        794        794.0      8   1308.31    455.12     422.55    0.301082   -13464.011125   -13463.710043   -13463.978599      3.60
        795        795.0      9   1326.80    455.98     432.07    0.307863   -13464.011478   -13463.703615   -13463.978021      3.98
        796        796.0      7   1204.36    449.80     436.62    0.311105   -13464.014558   -13463.703453   -13463.978137      3.90
        797        797.0      7   1282.20    466.54     438.47    0.312422   -13464.019005   -13463.706583   -13463.978691      3.54
        798        798.0      7   1261.33    458.84     426.95    0.304213   -13464.019377   -13463.715164   -13463.978616      3.59
        799        799.0      7   1218.93    460.05     424.82    0.302700   -13464.017393   -13463.714693   -13463.978546      3.64
        800        800.0      7   1223.80    461.66     417.47    0.297464   -13464.014247   -13463.716783   -13463.978289      3.80
        801        801.0      7   1230.81    408.37     415.22    0.295854   -13464.011886   -13463.716032   -13463.978061      3.95
        802        802.0      7   1304.92    453.88     411.15    0.292955   -13464.010869   -13463.717914   -13463.978226      3.84
        803        803.0      7   1256.73    427.03     401.68    0.286207   -13464.008439   -13463.722232   -13463.977877      4.07
        804        804.0      7   1247.68    458.37     397.17    0.282999   -13464.008929   -13463.725931   -13463.977881      4.07
        805        805.0      7   1277.98    468.88     408.54    0.291101   -13464.013445   -13463.722344   -13463.978574      3.62
        806        806.0      7   1285.17    455.54     402.40    0.286725   -13464.014388   -13463.727663   -13463.978779      3.48
        807        807.0      7   1236.62    410.93     397.11    0.282956   -13464.010384   -13463.727428   -13463.978367      3.75
        808        808.0      7   1262.06    459.98     399.00    0.284298   -13464.007307   -13463.723009   -13463.978370      3.75
        809        809.0      7   1213.36    459.86     393.71    0.280532   -13464.005193   -13463.724661   -13463.978286      3.80
        810        810.0      7   1191.85    457.45     387.90    0.276389   -13464.002845   -13463.726456   -13463.978428      3.71
        811        811.0      7   1212.79    463.65     376.66    0.268386   -13463.997226   -13463.728840   -13463.978253      3.83
        812        812.0      9   1339.12    474.88     366.51    0.261151   -13463.990908   -13463.729757   -13463.977893      4.06
        813        813.0      7   1286.75    459.86     363.96    0.259336   -13463.991421   -13463.732086   -13463.977929      4.04
        814        814.0      7   1287.98    466.28     367.57    0.261909   -13463.997654   -13463.735745   -13463.978696      3.54
        815        815.0      7   1284.05    439.64     377.92    0.269279   -13464.000606   -13463.731327   -13463.978743      3.51
        816        816.0      7   1236.67    405.38     374.37    0.266751   -13463.999932   -13463.733181   -13463.978296      3.80
        817        817.0      7   1261.31    394.58     379.71    0.270554   -13464.001065   -13463.730511   -13463.978306      3.79
        818        818.0      7   1297.45    452.85     377.01    0.268634   -13464.003633   -13463.734999   -13463.978406      3.73
        819        819.0      7   1103.42    435.69     375.16    0.267314   -13464.004274   -13463.736960   -13463.978629      3.58
        820        820.0      8   1337.49    460.30     374.72    0.266999   -13463.999612   -13463.732613   -13463.978349      3.76
        821        821.0      7   1185.72    414.87     367.84    0.262100   -13463.994404   -13463.732304   -13463.977682      4.20
        822        822.0      7   1202.61    439.39     377.08    0.268681   -13463.997149   -13463.728468   -13463.978237      3.84
        823        823.0      7   1226.22    471.92     385.64    0.274779   -13464.001703   -13463.726925   -13463.978926      3.39
        824        824.0      7   1199.64    478.23     383.10    0.272969   -13463.999553   -13463.726584   -13463.978514      3.66
        825        825.0      7   1218.02    459.90     383.34    0.273146   -13463.996213   -13463.723068   -13463.978023      3.97
        826        826.0      7   1220.11    427.84     380.70    0.271261   -13463.998261   -13463.727000   -13463.978079      3.94
        827        827.0      7   1300.08    455.16     390.84    0.278483   -13464.003600   -13463.725117   -13463.978471      3.68
        828        828.0      7   1277.19    458.76     396.94    0.282830   -13464.004770   -13463.721940   -13463.978646      3.57
        829        829.0      9   1358.40    455.83     388.90    0.277101   -13463.998452   -13463.721351   -13463.978113      3.92
        830        830.0      7   1215.89    417.84     378.67    0.269817   -13463.992939   -13463.723122   -13463.977782      4.13
        831        831.0      7   1275.57    396.99     378.71    0.269845   -13463.993128   -13463.723283   -13463.978398      3.73
        832        832.0      7   1291.30    408.44     363.26    0.258831   -13463.992482   -13463.733651   -13463.978514      3.66
        833        833.0      7   1254.30    399.47     364.67    0.259839   -13463.990141   -13463.730301   -13463.978196      3.86
        834        834.0      7   1266.88    405.57     361.16    0.257336   -13463.990577   -13463.733241   -13463.978017      3.98
        835        835.0      7   1297.00    472.42     365.58    0.260489   -13463.995427   -13463.734938   -13463.978077      3.94
        836        836.0      7   1232.85    473.30     370.58    0.264050   -13464.002042   -13463.737992   -13463.978360      3.76
        837        837.0      7   1234.59    476.37     366.64    0.261243   -13464.005750   -13463.744507   -13463.978171      3.88
        838        838.0      7   1277.70    455.92     367.38    0.261773   -13464.009297   -13463.747524   -13463.977878      4.07
        839        839.0      7   1260.06    427.53     379.97    0.270738   -13464.017339   -13463.746602   -13463.978303      3.79
        840        840.0      7   1240.35    428.27     390.57    0.278294   -13464.025386   -13463.747092   -13463.978732      3.51
        841        841.0      7   1274.95    425.13     396.19    0.282295   -13464.028134   -13463.745839   -13463.978551      3.63
        842        842.0      7   1279.12    437.46     394.81    0.281313   -13464.028646   -13463.747333   -13463.978001      3.99
        843        843.0     10   1427.42    430.35     406.35    0.289541   -13464.034065   -13463.744524   -13463.978144      3.90
        844        844.0      7   1255.37    449.22     420.27    0.299457   -13464.041434   -13463.741978   -13463.978713      3.53
        845        845.0      7   1239.69    454.02     426.05    0.303572   -13464.041607   -13463.738035   -13463.978555      3.63
        846        846.0      7   1276.35    466.94     426.39    0.303815   -13464.035213   -13463.731398   -13463.977965      4.01
        847        847.0      7   1275.10    462.50     422.74    0.301215   -13464.029800   -13463.728584   -13463.977876      4.07
        848        848.0      7   1255.09    448.76     411.59    0.293275   -13464.026779   -13463.733504   -13463.978358      3.76
        849        849.0      7   1226.53    456.30     413.45    0.294599   -13464.020155   -13463.725556   -13463.978529      3.65
        850        850.0      7   1220.86    377.45     386.05    0.275076   -13464.007256   -13463.732180   -13463.978042      3.96
        851        851.0      7   1217.27    450.98     364.83    0.259955   -13463.995552   -13463.735597   -13463.977534      4.29
        852        852.0      7   1220.66    320.25     365.94    0.260745   -13463.992382   -13463.731637   -13463.977980      4.00
        853        853.0      7   1222.51    457.20     362.81    0.258516   -13463.992502   -13463.733986   -13463.978219      3.85
        854        854.0      7   1243.37    458.07     358.92    0.255743   -13463.991864   -13463.736122   -13463.978031      3.97
        855        855.0      7   1236.36    465.54     361.39    0.257502   -13463.992926   -13463.735424   -13463.977906      4.05
        856        856.0      7   1158.48    462.52     368.93    0.262876   -13463.997272   -13463.734396   -13463.978130      3.91
        857        857.0      7   1246.58    462.71     375.73    0.267723   -13464.001423   -13463.733700   -13463.978398      3.73
        858        858.0      7   1191.63    448.88     370.37    0.263903   -13464.001132   -13463.737229   -13463.978326      3.78
        859        859.0      7   1325.73    390.50     360.51    0.256874   -13463.997647   -13463.740773   -13463.977908      4.05
        860        860.0      7   1246.73    451.16     357.67    0.254852   -13463.997318   -13463.742466   -13463.977833      4.10
        861        861.0      7   1249.83    454.86     351.03    0.250117   -13464.001037   -13463.750920   -13463.978462      3.69
        862        862.0      7   1227.96    473.45     355.00    0.252951   -13464.001406   -13463.748454   -13463.978354      3.76
        863        863.0      7   1262.30    470.05     357.69    0.254865   -13464.000070   -13463.745205   -13463.977722      4.17
        864        864.0      9   1302.15    450.13     367.75    0.262033   -13464.005280   -13463.743247   -13463.977770      4.14
        865        865.0      7   1193.92    467.65     385.72    0.274835   -13464.016223   -13463.741389   -13463.978289      3.80
        866        866.0      7   1257.61    446.98     402.36    0.286692   -13464.025241   -13463.738549   -13463.978422      3.72
        867        867.0      7   1262.51    465.70     400.53    0.285391   -13464.028962   -13463.743572   -13463.978282      3.81
        868        868.0      7   1206.26    422.27     400.76    0.285558   -13464.029295   -13463.743737   -13463.977924      4.04
        869        869.0      7   1240.15    450.92     405.67    0.289055   -13464.031491   -13463.742436   -13463.978012      3.98
        870        870.0      7   1261.92    451.65     407.87    0.290617   -13464.034235   -13463.743617   -13463.978630      3.58
        871        871.0      7   1206.47    471.93     397.62    0.283319   -13464.030216   -13463.746897   -13463.978432      3.71
        872        872.0      7   1255.04    468.01     378.79    0.269897   -13464.022328   -13463.752431   -13463.978087      3.93
        873        873.0      7   1255.14    465.74     366.33    0.261019   -13464.017024   -13463.756005   -13463.977910      4.05
        874        874.0      7   1223.45    452.91     362.70    0.258435   -13464.017775   -13463.759340   -13463.977956      4.02
        875        875.0      7   1241.29    421.79     364.90    0.260000   -13464.023501   -13463.763500   -13463.978386      3.74
        876        876.0      7   1268.21    436.21     367.33    0.261732   -13464.027455   -13463.765723   -13463.978616      3.59
        877        877.0      9   1401.13    437.60     368.87    0.262828   -13464.026555   -13463.763726   -13463.978255      3.82
        878        878.0      7   1192.60    457.76     366.80    0.261360   -13464.026195   -13463.764835   -13463.978156      3.89
        879        879.0      7   1286.09    460.69     362.15    0.258042   -13464.027131   -13463.769089   -13463.978549      3.63
        880        880.0      7   1239.12    468.33     355.32    0.253174   -13464.024667   -13463.771493   -13463.978694      3.54
        881        881.0      7   1256.57    472.27     338.85    0.241440   -13464.017373   -13463.775933   -13463.978539      3.64
        882        882.0      7   1245.30    467.36     328.11    0.233791   -13464.008204   -13463.774412   -13463.978243      3.83
        883        883.0      7   1208.28    452.85     310.70    0.221387   -13464.001379   -13463.779992   -13463.978111      3.92
        884        884.0     10   1390.03    468.90     305.26    0.217507   -13463.999017   -13463.781510   -13463.978185      3.87
        885        885.0      7   1245.62    401.06     306.65    0.218499   -13464.000305   -13463.781806   -13463.978373      3.75
        886        886.0      7   1225.57    419.83     306.54    0.218420   -13464.002056   -13463.783635   -13463.978382      3.74
        887        887.0      7   1292.71    475.11     309.66    0.220642   -13464.004223   -13463.783582   -13463.978219      3.85
        888        888.0      7   1233.74    422.00     314.69    0.224228   -13464.009186   -13463.784959   -13463.978402      3.73
        889        889.0      7   1241.55    474.83     324.29    0.231066   -13464.015131   -13463.784065   -13463.978623      3.58
        890        890.0      7   1220.52    474.07     332.29    0.236764   -13464.019167   -13463.782403   -13463.978644      3.57
        891        891.0      7   1212.98    441.59     334.49    0.238332   -13464.020494   -13463.782162   -13463.978521      3.65
        892        892.0      7   1289.02    446.09     333.43    0.237576   -13464.020469   -13463.782893   -13463.978359      3.76
        893        893.0      7   1279.05    450.61     334.78    0.238544   -13464.020991   -13463.782447   -13463.978501      3.66
        894        894.0      7   1272.22    458.45     329.84    0.235019   -13464.020775   -13463.785756   -13463.978464      3.69
        895        895.0      7   1283.74    460.16     334.86    0.238599   -13464.021203   -13463.782604   -13463.978239      3.83
        896        896.0      7   1269.92    468.67     344.94    0.245784   -13464.025361   -13463.779577   -13463.978599      3.60
        897        897.0      7   1219.81    461.92     351.34    0.250343   -13464.028453   -13463.778111   -13463.978893      3.41
        898        898.0      7   1212.61    459.80     348.09    0.248023   -13464.026243   -13463.778220   -13463.978477      3.68
        899        899.0      7   1253.25    426.14     340.12    0.242349   -13464.023498   -13463.781148   -13463.978221      3.85
        900        900.0      7   1252.88    456.35     342.02    0.243699   -13464.023570   -13463.779871   -13463.978410      3.72
        901        901.0      7   1294.55    466.94     347.31    0.247466   -13464.023354   -13463.775887   -13463.978595      3.60
        902        902.0      7   1270.18    474.20     343.14    0.244501   -13464.019137   -13463.774636   -13463.978536      3.64
        903        903.0      7   1218.32    463.60     332.21    0.236708   -13464.011549   -13463.774842   -13463.978219      3.85
        904        904.0      7   1250.86    472.97     326.50    0.232644   -13464.005799   -13463.773156   -13463.977977      4.00
        905        905.0      7   1264.90    456.55     330.42    0.235432   -13464.005905   -13463.770472   -13463.978095      3.93
        906        906.0      7   1209.81    417.50     339.84    0.242146   -13464.010154   -13463.768008   -13463.978299      3.80
        907        907.0      7   1204.88    458.68     355.18    0.253076   -13464.014981   -13463.761905   -13463.978222      3.85
        908        908.0      7   1262.19    411.33     359.82    0.256387   -13464.019852   -13463.763465   -13463.978146      3.89
        909        909.0     10   1421.15    485.72     364.30    0.259574   -13464.024843   -13463.765270   -13463.978101      3.92
        910        910.0      7   1324.55    487.14     361.60    0.257653   -13464.030291   -13463.772638   -13463.978045      3.96
        911        911.0      7   1277.41    470.96     365.26    0.260258   -13464.036062   -13463.775804   -13463.978160      3.89
        912        912.0      7   1287.60    460.55     371.24    0.264523   -13464.040907   -13463.776384   -13463.978341      3.77
        913        913.0      7   1267.36    465.32     370.09    0.263699   -13464.042658   -13463.778959   -13463.978654      3.56
        914        914.0      7   1246.33    475.73     365.56    0.260472   -13464.037890   -13463.777418   -13463.978579      3.61
        915        915.0      7   1244.86    447.03     350.11    0.249462   -13464.028786   -13463.779324   -13463.977797      4.12
        916        916.0      7   1295.46    410.78     348.70    0.248461   -13464.026089   -13463.777628   -13463.977567      4.27
        917        917.0      7   1273.31    455.72     353.61    0.251955   -13464.032048   -13463.780093   -13463.978371      3.75
        918        918.0      7   1291.24    453.34     351.07    0.250148   -13464.034905   -13463.784758   -13463.978706      3.53
        919        919.0      8   1292.42    485.53     341.39    0.243251   -13464.029345   -13463.786094   -13463.978241      3.83
        920        920.0      7   1260.47    469.37     342.67    0.244165   -13464.023046   -13463.778881   -13463.977609      4.24
        921        921.0      7   1275.66    434.50     338.56    0.241233   -13464.024976   -13463.783743   -13463.977882      4.07
        922        922.0      7   1227.74    431.23     331.08    0.235903   -13464.031675   -13463.795771   -13463.978791      3.48
        923        923.0      7   1278.94    453.00     338.85    0.241444   -13464.031476   -13463.790032   -13463.978861      3.43
        924        924.0      7   1268.05    393.81     330.05    0.235169   -13464.023368   -13463.788198   -13463.977912      4.05
        925        925.0      7   1276.46    471.63     328.58    0.234127   -13464.019134   -13463.785007   -13463.977644      4.22
        926        926.0      7   1287.64    460.99     338.48    0.241181   -13464.022323   -13463.781142   -13463.978101      3.92
        927        927.0      7   1286.35    460.20     334.42    0.238283   -13464.026039   -13463.787756   -13463.978316      3.78
        928        928.0      7   1253.95    457.67     337.98    0.240824   -13464.026861   -13463.786037   -13463.978197      3.86
        929        929.0      7   1256.72    451.80     335.44    0.239011   -13464.027494   -13463.788483   -13463.977989      4.00
        930        930.0      7   1249.90    390.99     343.76    0.244942   -13464.031724   -13463.786782   -13463.978176      3.88
        931        931.0      7   1244.67    438.62     355.63    0.253401   -13464.037375   -13463.783975   -13463.978580      3.61
        932        932.0      7   1271.08    436.73     357.23    0.254535   -13464.038547   -13463.784012   -13463.978297      3.80
        933        933.0      7   1285.37    487.58     357.03    0.254396   -13464.038226   -13463.783830   -13463.977713      4.18
        934        934.0      7   1206.17    460.21     363.12    0.258737   -13464.042917   -13463.784179   -13463.978209      3.85
        935        935.0      7   1245.14    462.88     370.34    0.263877   -13464.045910   -13463.782033   -13463.978671      3.55
        936        936.0      7   1284.68    464.50     369.11    0.263003   -13464.041092   -13463.778089   -13463.978094      3.93
        937        937.0      8   1298.19    453.83     364.29    0.259568   -13464.036279   -13463.776712   -13463.977613      4.24
        938        938.0      7   1227.57    444.76     364.91    0.260008   -13464.038947   -13463.778939   -13463.977917      4.04
        939        939.0      7   1217.46    453.09     377.49    0.268971   -13464.045877   -13463.776906   -13463.978517      3.65
        940        940.0      7   1247.74    402.23     382.98    0.272887   -13464.048014   -13463.775126   -13463.978697      3.54
        941        941.0      7   1267.41    445.02     376.17    0.268034   -13464.042500   -13463.774465   -13463.977750      4.15
        942        942.0      7   1264.74    474.56     379.26    0.270234   -13464.041307   -13463.771073   -13463.977294      4.45
        943        943.0      7   1276.85    448.99     390.17    0.278009   -13464.049687   -13463.771678   -13463.978126      3.91
        944        944.0      7   1221.18    434.54     397.20    0.283020   -13464.056199   -13463.773179   -13463.978463      3.69
        945        945.0      7   1159.23    469.51     396.52    0.282532   -13464.055565   -13463.773033   -13463.978140      3.90
        946        946.0      7   1175.53    465.64     384.78    0.274165   -13464.052911   -13463.778746   -13463.977831      4.10
        947        947.0      7   1235.83    433.08     385.07    0.274377   -13464.054008   -13463.779631   -13463.977866      4.08
        948        948.0      7   1200.37    460.71     378.59    0.269756   -13464.058622   -13463.788866   -13463.978396      3.73
        949        949.0      7   1258.24    444.69     382.34    0.272429   -13464.059606   -13463.787177   -13463.978445      3.70
        950        950.0      7   1290.68    405.22     369.39    0.263205   -13464.055488   -13463.792283   -13463.977978      4.00
        951        951.0      7   1236.58    447.90     360.94    0.257184   -13464.051588   -13463.794404   -13463.977956      4.02
        952        952.0      7   1296.53    461.12     357.08    0.254430   -13464.048777   -13463.794347   -13463.978111      3.92
        953        953.0      7   1255.89    470.36     346.09    0.246603   -13464.045216   -13463.798613   -13463.978176      3.88
        954        954.0      7   1283.84    470.98     342.37    0.243949   -13464.040813   -13463.796864   -13463.978089      3.93
        955        955.0      7   1254.35    478.61     338.29    0.241039   -13464.037702   -13463.796663   -13463.978001      3.99
        956        956.0      7   1215.41    469.69     337.21    0.240274   -13464.037519   -13463.797246   -13463.978173      3.88
        957        957.0      7   1251.96    419.02     340.63    0.242713   -13464.038319   -13463.795606   -13463.978197      3.86
        958        958.0      7   1248.66    446.26     339.28    0.241747   -13464.039385   -13463.797638   -13463.977915      4.05
        959        959.0      7   1293.55    431.65     347.39    0.247524   -13464.043124   -13463.795600   -13463.977915      4.04
        960        960.0      7   1253.89    442.12     351.98    0.250800   -13464.048634   -13463.797834   -13463.978041      3.96
        961        961.0      7   1259.52    453.60     353.98    0.252224   -13464.053002   -13463.800778   -13463.978287      3.80
        962        962.0      7   1266.78    459.44     347.17    0.247373   -13464.052741   -13463.805369   -13463.978401      3.73
        963        963.0      7   1244.37    475.29     341.70    0.243472   -13464.047846   -13463.804374   -13463.977942      4.03
        964        964.0      7   1271.59    459.07     335.27    0.238889   -13464.045378   -13463.806489   -13463.977936      4.03
        965        965.0      7   1274.72    469.93     338.69    0.241331   -13464.046537   -13463.805206   -13463.978372      3.75
        966        966.0      7   1206.88    433.98     331.85    0.236454   -13464.045855   -13463.809401   -13463.978320      3.78
        967        967.0      7   1270.92    441.79     322.13    0.229531   -13464.043296   -13463.813765   -13463.977981      4.00
        968        968.0      7   1269.98    438.15     321.95    0.229400   -13464.043317   -13463.813916   -13463.977725      4.17
        969        969.0      7   1236.81    474.92     335.18    0.238828   -13464.048850   -13463.810021   -13463.977914      4.05
        970        970.0      7   1213.07    444.64     340.50    0.242620   -13464.056468   -13463.813848   -13463.978405      3.73
        971        971.0      7   1267.65    473.23     345.29    0.246032   -13464.059447   -13463.813414   -13463.978459      3.69
        972        972.0      7   1229.19    415.67     340.29    0.242470   -13464.057640   -13463.815170   -13463.978262      3.82
        973        973.0      7   1249.95    436.01     342.10    0.243754   -13464.054633   -13463.810879   -13463.978287      3.80
        974        974.0      7   1265.60    453.95     343.24    0.244568   -13464.050984   -13463.806416   -13463.978213      3.85
        975        975.0      7   1252.01    456.81     336.71    0.239916   -13464.046766   -13463.806850   -13463.978209      3.85
        976        976.0      7   1226.81    469.69     329.49    0.234774   -13464.041096   -13463.806321   -13463.978165      3.88
        977        977.0      7   1270.75    470.16     321.89    0.229356   -13464.034627   -13463.805271   -13463.977670      4.20
        978        978.0      7   1230.03    447.79     318.78    0.227139   -13464.033251   -13463.806112   -13463.977627      4.23
        979        979.0      7   1259.00    408.86     331.89    0.236482   -13464.037604   -13463.801123   -13463.977836      4.10
        980        980.0      7   1221.91    399.14     338.08    0.240890   -13464.044305   -13463.803415   -13463.977910      4.05
        981        981.0      7   1289.66    398.57     345.48    0.246163   -13464.051549   -13463.805387   -13463.978071      3.94
        982        982.0      7   1298.07    453.88     359.12    0.255881   -13464.057209   -13463.801328   -13463.978267      3.82
        983        983.0      7   1188.10    460.86     364.29    0.259569   -13464.058760   -13463.799191   -13463.978119      3.91
        984        984.0      7   1252.89    472.33     356.52    0.254033   -13464.057170   -13463.803137   -13463.978007      3.99
        985        985.0      7   1194.03    461.82     351.35    0.250347   -13464.054221   -13463.803874   -13463.977725      4.17
        986        986.0      7   1246.10    422.74     351.68    0.250580   -13464.053193   -13463.802613   -13463.977828      4.10
        987        987.0      7   1238.51    404.61     348.67    0.248440   -13464.051964   -13463.803524   -13463.978266      3.82
        988        988.0      7   1230.33    431.05     340.01    0.242269   -13464.045014   -13463.802745   -13463.977885      4.06
        989        989.0      7   1279.91    382.04     328.92    0.234364   -13464.037472   -13463.803108   -13463.977352      4.41
        990        990.0      7   1238.78    451.07     334.78    0.238540   -13464.036997   -13463.798457   -13463.977582      4.26
        991        991.0      7   1291.40    450.21     340.90    0.242900   -13464.040969   -13463.798069   -13463.978066      3.95
        992        992.0      7   1268.57    481.59     350.30    0.249597   -13464.042173   -13463.792576   -13463.978287      3.80
        993        993.0      7   1183.15    476.09     346.79    0.247099   -13464.036745   -13463.789646   -13463.978000      3.99
        994        994.0      7   1246.58    468.26     339.57    0.241957   -13464.028839   -13463.786882   -13463.977197      4.51
        995        995.0      7   1225.06    442.56     333.89    0.237908   -13464.028578   -13463.790670   -13463.977405      4.38
        996        996.0      7   1247.19    457.31     339.14    0.241652   -13464.033311   -13463.791660   -13463.978061      3.95
        997        997.0      7   1217.10    424.13     338.70    0.241337   -13464.033909   -13463.792572   -13463.978062      3.95
        998        998.0      7   1268.19    387.73     333.67    0.237754   -13464.030313   -13463.792559   -13463.977580      4.26
        999        999.0      7   1261.33    429.07     333.89    0.237905   -13464.030415   -13463.792510   -13463.977211      4.50
       1000       1000.0      7   1266.57    459.74     351.30    0.250313   -13464.039812   -13463.789498   -13463.977751      4.15
       1001       1001.0      7   1274.30    468.97     367.65    0.261965   -13464.050990   -13463.789024   -13463.978458      3.69
       1002       1002.0      9   1346.30    465.37     362.71    0.258444   -13464.053743   -13463.795299   -13463.977964      4.01
       1003       1003.0      7   1256.17    444.36     362.94    0.258610   -13464.054094   -13463.795484   -13463.977395      4.38
       1004       1004.0      7   1235.83    461.62     377.25    0.268803   -13464.060289   -13463.791486   -13463.977889      4.06
       1005       1005.0      7   1184.69    458.66     394.87    0.281357   -13464.066220   -13463.784864   -13463.978245      3.83
       1006       1006.0      7   1209.05    409.46     389.04    0.277200   -13464.065642   -13463.788442   -13463.977991      4.00
       1007       1007.0      7   1301.85    410.71     383.18    0.273026   -13464.061892   -13463.788866   -13463.977446      4.35
       1008       1008.0      7   1271.42    468.20     388.77    0.277015   -13464.062842   -13463.785828   -13463.977603      4.25
       1009       1009.0      7   1266.87    423.66     392.33    0.279548   -13464.066509   -13463.786961   -13463.978334      3.77
       1010       1010.0      7   1254.12    487.43     387.89    0.276381   -13464.063270   -13463.786889   -13463.978190      3.87
       1011       1011.0      7   1268.72    463.65     374.34    0.266726   -13464.055550   -13463.788823   -13463.977252      4.48
       1012       1012.0      7   1193.70    465.89     367.36    0.261757   -13464.055977   -13463.794221   -13463.977428      4.36
       1013       1013.0      7   1250.69    464.82     378.23    0.269500   -13464.062886   -13463.793386   -13463.978210      3.85
       1014       1014.0      7   1232.85    462.13     379.27    0.270240   -13464.064926   -13463.794686   -13463.978286      3.80
       1015       1015.0      7   1255.91    444.18     373.00    0.265771   -13464.059775   -13463.794004   -13463.977606      4.25
       1016       1016.0      7   1261.69    435.17     366.21    0.260934   -13464.057183   -13463.796250   -13463.976852      4.74
       1017       1017.0      7   1285.03    405.95     371.38    0.264621   -13464.067090   -13463.802469   -13463.977593      4.25
       1018       1018.0      7   1294.05    491.84     390.20    0.278032   -13464.079920   -13463.801888   -13463.978661      3.56
       1019       1019.0      7   1266.25    455.64     389.85    0.277781   -13464.081713   -13463.803932   -13463.978162      3.88
       1020       1020.0      7   1244.64    471.41     387.89    0.276387   -13464.079364   -13463.802977   -13463.977210      4.50
       1021       1021.0      7   1236.79    460.16     405.27    0.288770   -13464.085931   -13463.797162   -13463.977670      4.20
       1022       1022.0      7   1251.06    462.94     420.84    0.299865   -13464.095371   -13463.795506   -13463.978394      3.73
       1023       1023.0      7   1238.78    469.56     423.52    0.301773   -13464.095464   -13463.793691   -13463.978390      3.74
       1024       1024.0      7   1197.99    456.21     404.76    0.288403   -13464.085035   -13463.796632   -13463.977501      4.31
       1025       1025.0      9   1345.31    445.96     394.47    0.281072   -13464.076516   -13463.795444   -13463.977115      4.56
       1026       1026.0      7   1202.83    460.47     392.03    0.279331   -13464.076427   -13463.797096   -13463.977841      4.09
       1027       1027.0      7   1220.46    458.13     385.43    0.274629   -13464.074616   -13463.799987   -13463.978172      3.88
       1028       1028.0      7   1261.75    410.62     376.63    0.268361   -13464.067117   -13463.798756   -13463.977334      4.42
       1029       1029.0      7   1225.76    449.26     377.94    0.269294   -13464.065428   -13463.796133   -13463.977202      4.51
       1030       1030.0      7   1297.00    473.43     389.42    0.277476   -13464.072283   -13463.794808   -13463.977858      4.08
       1031       1031.0      7   1232.08    469.04     392.90    0.279954   -13464.078621   -13463.798667   -13463.978107      3.92
       1032       1032.0     10   1350.94    459.87     393.87    0.280648   -13464.079518   -13463.798870   -13463.977948      4.02
       1033       1033.0      7   1198.94    412.84     381.30    0.271689   -13464.077482   -13463.805793   -13463.977339      4.42
       1034       1034.0      7   1242.06    471.23     390.21    0.278035   -13464.080355   -13463.802320   -13463.977481      4.33
       1035       1035.0      7   1274.49    449.32     386.77    0.275587   -13464.085665   -13463.810078   -13463.978426      3.71
       1036       1036.0      7   1209.47    458.42     369.50    0.263281   -13464.081280   -13463.818000   -13463.978233      3.84
       1037       1037.0      7   1208.00    464.11     356.50    0.254015   -13464.071351   -13463.817336   -13463.977253      4.48
       1038       1038.0      7   1232.06    441.23     355.94    0.253616   -13464.069930   -13463.816314   -13463.977476      4.33
       1039       1039.0      7   1208.76    456.74     362.06    0.257976   -13464.075575   -13463.817599   -13463.978048      3.96
       1040       1040.0      7   1254.35    423.48     378.79    0.269901   -13464.079859   -13463.809959   -13463.978112      3.92
       1041       1041.0      7   1291.50    432.46     388.88    0.277088   -13464.080656   -13463.803568   -13463.977699      4.19
       1042       1042.0      7   1220.09    445.96     390.30    0.278100   -13464.082249   -13463.804149   -13463.977392      4.38
       1043       1043.0      7   1286.60    475.13     402.06    0.286479   -13464.087825   -13463.801346   -13463.977777      4.13
       1044       1044.0      7   1233.04    451.49     397.25    0.283050   -13464.091103   -13463.808053   -13463.978441      3.70
       1045       1045.0      7   1258.72    476.13     391.07    0.278651   -13464.084125   -13463.805474   -13463.977872      4.07
       1046       1046.0      7   1213.13    460.49     374.95    0.267162   -13464.074591   -13463.807429   -13463.977500      4.31
       1047       1047.0      9   1242.91    468.67     372.53    0.265441   -13464.068474   -13463.803033   -13463.977775      4.14
       1048       1048.0     10   1409.40    435.98     364.91    0.260013   -13464.061317   -13463.801305   -13463.977768      4.14
       1049       1049.0      7   1194.43    403.94     354.44    0.252552   -13464.053053   -13463.800501   -13463.977436      4.36
       1050       1050.0      7   1262.65    433.23     354.68    0.252720   -13464.048923   -13463.796203   -13463.977316      4.43
       1051       1051.0      7   1262.68    440.82     357.35    0.254622   -13464.050213   -13463.795591   -13463.977482      4.33
       1052       1052.0      7   1254.06    452.05     365.17    0.260196   -13464.053887   -13463.793691   -13463.977797      4.12
       1053       1053.0      7   1321.24    464.21     364.08    0.259415   -13464.055060   -13463.795644   -13463.977934      4.03
       1054       1054.0      7   1261.94    455.85     357.51    0.254734   -13464.052670   -13463.797936   -13463.977509      4.31
       1055       1055.0      8   1290.70    458.77     361.29    0.257434   -13464.052479   -13463.795045   -13463.977701      4.18
       1056       1056.0      7   1235.17    465.39     351.32    0.250325   -13464.052017   -13463.801692   -13463.978167      3.88
       1057       1057.0      7   1210.65    461.55     341.86    0.243587   -13464.045606   -13463.802018   -13463.977865      4.08
       1058       1058.0      7   1187.80    473.31     329.77    0.234969   -13464.037078   -13463.802109   -13463.977310      4.44
       1059       1059.0      7   1227.74    415.61     331.71    0.236352   -13464.033523   -13463.797171   -13463.977285      4.45
       1060       1060.0      8   1345.86    467.23     339.46    0.241876   -13464.035264   -13463.793389   -13463.977555      4.28
       1061       1061.0      7   1292.72    406.88     347.89    0.247883   -13464.038232   -13463.790349   -13463.977810      4.11
       1062       1062.0      8   1242.02    450.64     349.11    0.248755   -13464.038952   -13463.790198   -13463.977461      4.34
       1063       1063.0      7   1276.57    475.02     356.23    0.253823   -13464.042958   -13463.789134   -13463.977135      4.55
       1064       1064.0      7   1265.48    464.20     368.58    0.262626   -13464.054677   -13463.792052   -13463.977923      4.04
       1065       1065.0      7   1271.11    456.99     383.23    0.273064   -13464.063861   -13463.790797   -13463.978391      3.74
       1066       1066.0      7   1321.58    466.11     385.97    0.275016   -13464.063649   -13463.788633   -13463.977761      4.15
       1067       1067.0      7   1265.37    464.77     381.13    0.271566   -13464.061360   -13463.789795   -13463.977258      4.47
       1068       1068.0      7   1224.64    476.03     378.04    0.269363   -13464.063560   -13463.794197   -13463.977409      4.37
       1069       1069.0      7   1191.00    473.23     386.27    0.275232   -13464.068037   -13463.792804   -13463.977766      4.14
       1070       1070.0      8   1339.39    447.02     389.12    0.277262   -13464.068989   -13463.791727   -13463.978055      3.95
       1071       1071.0      7   1248.67    465.52     381.61    0.271906   -13464.063390   -13463.791484   -13463.977482      4.33
       1072       1072.0      7   1300.93    430.79     374.44    0.266800   -13464.059397   -13463.792597   -13463.977287      4.45
       1073       1073.0      7   1291.37    441.19     376.57    0.268320   -13464.060827   -13463.792507   -13463.977933      4.03
       1074       1074.0      7   1299.78    487.06     375.95    0.267876   -13464.060096   -13463.792220   -13463.978054      3.95
       1075       1075.0      7   1292.81    440.88     379.07    0.270101   -13464.054913   -13463.784812   -13463.977603      4.25
       1076       1076.0      7   1250.74    458.03     365.71    0.260579   -13464.049421   -13463.788842   -13463.977576      4.27
       1077       1077.0      7   1265.70    435.79     355.53    0.253330   -13464.043368   -13463.790038   -13463.977506      4.31
       1078       1078.0      7   1260.99    465.83     345.77    0.246373   -13464.036497   -13463.790124   -13463.977443      4.35
       1079       1079.0      7   1229.91    453.10     344.86    0.245722   -13464.029524   -13463.783802   -13463.977221      4.50
       1080       1080.0      7   1298.50    474.24     344.43    0.245416   -13464.025207   -13463.779792   -13463.977180      4.52
       1081       1081.0      7   1221.51    471.82     347.85    0.247854   -13464.024340   -13463.776485   -13463.977437      4.36
       1082       1082.0      7   1229.77    436.25     347.31    0.247470   -13464.023750   -13463.776280   -13463.977553      4.28
       1083       1083.0      7   1273.20    413.78     354.94    0.252909   -13464.022109   -13463.769200   -13463.977237      4.49
       1084       1084.0      7   1294.86    424.33     355.74    0.253480   -13464.022869   -13463.769389   -13463.977067      4.60
       1085       1085.0      9   1323.24    447.52     355.41    0.253242   -13464.027215   -13463.773972   -13463.977369      4.40
       1086       1086.0      7   1292.81    451.11     358.54    0.255471   -13464.031527   -13463.776057   -13463.977309      4.44
       1087       1087.0      7   1263.96    459.57     359.66    0.256268   -13464.034607   -13463.778339   -13463.977307      4.44
       1088       1088.0      7   1276.05    457.42     371.40    0.264636   -13464.036785   -13463.772149   -13463.977074      4.59
       1089       1089.0      7   1216.89    466.51     375.48    0.267542   -13464.040840   -13463.773298   -13463.977280      4.46
       1090       1090.0      7   1263.16    444.31     385.13    0.274416   -13464.044728   -13463.770312   -13463.977442      4.35
       1091       1091.0      7   1261.90    461.05     384.62    0.274055   -13464.046678   -13463.772623   -13463.977315      4.43
       1092       1092.0      7   1195.60    449.43     385.46    0.274655   -13464.048326   -13463.773671   -13463.977351      4.41
       1093       1093.0      7   1212.88    481.52     392.58    0.279724   -13464.049532   -13463.769808   -13463.977475      4.33
       1094       1094.0      7   1252.67    390.55     398.86    0.284197   -13464.048532   -13463.764335   -13463.977395      4.38
       1095       1095.0      7   1206.76    442.16     392.82    0.279899   -13464.045711   -13463.765812   -13463.977348      4.41
       1096       1096.0      7   1290.01    451.73     384.22    0.273771   -13464.041894   -13463.768123   -13463.977157      4.54
       1097       1097.0      7   1263.49    403.80     381.73    0.271996   -13464.040036   -13463.768040   -13463.977016      4.63
       1098       1098.0      9   1415.79    383.76     381.50    0.271831   -13464.041119   -13463.769288   -13463.977534      4.29
       1099       1099.0      9   1403.21    417.64     367.53    0.261880   -13464.038616   -13463.776736   -13463.977300      4.44
       1100       1100.0      7   1257.72    455.85     365.68    0.260559   -13464.036330   -13463.775771   -13463.976670      4.85
       1101       1101.0     10   1436.33    418.58     374.94    0.267154   -13464.042149   -13463.774995   -13463.977305      4.44
       1102       1102.0      7   1289.08    465.43     380.13    0.270855   -13464.048132   -13463.777276   -13463.977745      4.16
       1103       1103.0      7   1283.69    485.42     383.25    0.273078   -13464.047947   -13463.774869   -13463.977243      4.48
       1104       1104.0      7   1284.51    482.65     377.37    0.268886   -13464.047063   -13463.778177   -13463.977264      4.47
       1105       1105.0      7   1259.23    461.06     377.44    0.268936   -13464.046334   -13463.777399   -13463.977239      4.48
       1106       1106.0      7   1208.36    411.57     376.26    0.268097   -13464.045629   -13463.777532   -13463.977418      4.37
       1107       1107.0      7   1117.46    462.02     373.19    0.265908   -13464.042002   -13463.776093   -13463.977630      4.23
       1108       1108.0      7   1214.79    441.45     370.06    0.263678   -13464.033436   -13463.769758   -13463.976758      4.80
       1109       1109.0      7   1166.66    470.80     368.64    0.262666   -13464.031019   -13463.768353   -13463.976401      5.03
       1110       1110.0      7   1273.78    470.86     373.11    0.265856   -13464.038934   -13463.773078   -13463.977314      4.44
       1111       1111.0      7   1265.34    458.11     379.74    0.270578   -13464.045312   -13463.774734   -13463.977525      4.30
       1112       1112.0      7   1231.27    436.14     377.96    0.269307   -13464.046686   -13463.777380   -13463.977149      4.54
       1113       1113.0      7   1279.51    442.96     382.68    0.272671   -13464.048842   -13463.776171   -13463.976850      4.74
       1114       1114.0      7   1209.02    438.99     391.11    0.278676   -13464.057008   -13463.778332   -13463.976988      4.65
       1115       1115.0      7   1275.00    475.94     399.44    0.284613   -13464.068414   -13463.783802   -13463.977981      4.00
       1116       1116.0      7   1239.86    445.46     396.48    0.282508   -13464.069827   -13463.787320   -13463.977951      4.02
       1117       1117.0      7   1230.60    417.01     383.68    0.273381   -13464.061897   -13463.788516   -13463.976783      4.78
       1118       1118.0      7   1259.32    453.66     384.11    0.273691   -13464.059708   -13463.786017   -13463.976823      4.75
       1119       1119.0      7   1272.79    421.10     396.13    0.282254   -13464.062795   -13463.780541   -13463.977569      4.27
       1120       1120.0      7   1174.90    448.50     400.57    0.285422   -13464.060415   -13463.774992   -13463.977388      4.39
       1121       1121.0      7   1248.24    462.23     386.05    0.275074   -13464.053134   -13463.778061   -13463.976917      4.69
       1122       1122.0      7   1213.09    466.15     381.44    0.271785   -13464.048321   -13463.776535   -13463.976595      4.90
       1123       1123.0      7   1198.14    466.51     380.75    0.271298   -13464.050525   -13463.779227   -13463.977122      4.56
       1124       1124.0      9   1342.81    412.82     387.05    0.275783   -13464.052610   -13463.776827   -13463.977547      4.28
       1125       1125.0      7   1275.33    447.72     385.57    0.274729   -13464.047857   -13463.773128   -13463.976998      4.64
       1126       1126.0      7   1297.47    412.65     377.99    0.269331   -13464.043878   -13463.774547   -13463.976491      4.97
       1127       1127.0      7   1268.88    435.03     388.40    0.276747   -13464.046801   -13463.770054   -13463.977272      4.46
       1128       1128.0      7   1306.05    449.48     388.58    0.276872   -13464.046491   -13463.769619   -13463.977415      4.37
       1129       1129.0      7   1277.60    468.12     381.19    0.271608   -13464.039607   -13463.767998   -13463.976914      4.70
       1130       1130.0      7   1277.28    465.14     376.86    0.268523   -13464.033064   -13463.764541   -13463.976482      4.98
       1131       1131.0      7   1280.92    462.63     374.45    0.266808   -13464.033609   -13463.766801   -13463.976518      4.95
       1132       1132.0      7   1233.67    445.82     374.79    0.267050   -13464.039860   -13463.772810   -13463.977481      4.33
       1133       1133.0      7   1229.51    462.65     379.58    0.270465   -13464.039226   -13463.768761   -13463.977439      4.35
       1134       1134.0      7   1273.25    480.93     365.94    0.260741   -13464.032682   -13463.771941   -13463.976114      5.22
       1135       1135.0      7   1279.52    473.75     371.15    0.264458   -13464.037367   -13463.772909   -13463.976331      5.07
       1136       1136.0      7   1155.27    473.72     386.74    0.275565   -13464.050727   -13463.775162   -13463.977598      4.25
       1137       1137.0      7   1258.22    396.71     390.15    0.277993   -13464.055449   -13463.777456   -13463.977564      4.27
       1138       1138.0      7   1256.00    419.85     390.02    0.277905   -13464.050951   -13463.773047   -13463.976879      4.72
       1139       1139.0      7   1264.84    431.57     385.94    0.274993   -13464.047621   -13463.772628   -13463.976298      5.10
       1140       1140.0      7   1284.94    394.81     392.61    0.279749   -13464.053512   -13463.773763   -13463.976739      4.81
       1141       1141.0      7   1222.88    448.08     407.59    0.290423   -13464.061797   -13463.771375   -13463.977740      4.16
       1142       1142.0      7   1283.05    452.08     403.55    0.287545   -13464.059063   -13463.771517   -13463.977126      4.56
       1143       1143.0      9   1331.19    456.32     394.11    0.280815   -13464.053165   -13463.772350   -13463.976163      5.18
       1144       1144.0      7   1263.15    465.34     394.31    0.280957   -13464.056803   -13463.775845   -13463.976925      4.69
       1145       1145.0      7   1143.93    480.11     406.30    0.289504   -13464.061343   -13463.771839   -13463.977409      4.37
       1146       1146.0      7   1211.10    471.61     399.55    0.284691   -13464.059520   -13463.774829   -13463.976989      4.65
       1147       1147.0      7   1272.09    464.89     400.66    0.285481   -13464.055989   -13463.770508   -13463.976888      4.71
       1148       1148.0      7   1216.34    403.77     394.00    0.280736   -13464.052826   -13463.772090   -13463.976880      4.72
       1149       1149.0      7   1299.06    441.21     392.05    0.279352   -13464.049812   -13463.770460   -13463.977017      4.63
       1150       1150.0      7   1302.24    446.49     379.73    0.270570   -13464.044654   -13463.774084   -13463.977139      4.55
       1151       1151.0      7   1260.29    426.73     367.31    0.261722   -13464.036858   -13463.775136   -13463.976482      4.98
       1152       1152.0      7   1263.72    482.30     358.59    0.255506   -13464.035025   -13463.779519   -13463.976669      4.85
       1153       1153.0      7   1275.45    462.61     360.04    0.256543   -13464.037165   -13463.780622   -13463.977502      4.31
       1154       1154.0      7   1259.33    455.17     363.68    0.259132   -13464.033183   -13463.774051   -13463.977070      4.59
       1155       1155.0      7   1281.69    463.56     355.84    0.253547   -13464.028189   -13463.774641   -13463.976377      5.04
       1156       1156.0     10   1447.23    453.93     354.72    0.252752   -13464.031253   -13463.778501   -13463.976640      4.87
       1157       1157.0      7   1281.07    465.56     368.01    0.262219   -13464.038778   -13463.776559   -13463.977154      4.54
       1158       1158.0      7   1181.77    454.39     373.29    0.265979   -13464.042711   -13463.776732   -13463.977374      4.40
       1159       1159.0      7   1184.99    475.97     366.94    0.261456   -13464.039414   -13463.777958   -13463.976893      4.71
       1160       1160.0      7   1227.32    469.30     371.27    0.264544   -13464.035991   -13463.771447   -13463.976298      5.10
       1161       1161.0      7   1254.88    463.84     376.93    0.268575   -13464.039966   -13463.771391   -13463.976971      4.66
       1162       1162.0     10   1427.26    457.33     380.88    0.271391   -13464.042643   -13463.771252   -13463.977478      4.33
       1163       1163.0     10   1418.20    449.21     372.72    0.265574   -13464.036511   -13463.770937   -13463.977006      4.64
       1164       1164.0     10   1414.05    473.67     359.81    0.256377   -13464.027841   -13463.771464   -13463.976486      4.97
       1165       1165.0     10   1409.61    462.72     351.63    0.250551   -13464.024452   -13463.773901   -13463.976544      4.94
       1166       1166.0      7   1255.84    475.49     353.92    0.252178   -13464.025550   -13463.773372   -13463.977053      4.61
       1167       1167.0      7   1197.30    461.89     349.41    0.248968   -13464.023609   -13463.774641   -13463.977143      4.55
       1168       1168.0      7   1272.79    456.92     339.68    0.242034   -13464.017374   -13463.775340   -13463.976374      5.05
       1169       1169.0      7   1272.70    368.15     341.93    0.243637   -13464.016913   -13463.773276   -13463.976356      5.06
       1170       1170.0      7   1304.16    411.28     355.37    0.253215   -13464.022849   -13463.769634   -13463.977067      4.60
       1171       1171.0      7   1270.83    459.89     366.52    0.261159   -13464.026296   -13463.765137   -13463.976966      4.66
       1172       1172.0      7   1216.08    444.64     365.33    0.260307   -13464.027253   -13463.766946   -13463.976872      4.72
       1173       1173.0      7   1270.96    458.99     362.13    0.258029   -13464.027815   -13463.769787   -13463.976710      4.83
       1174       1174.0      7   1285.16    468.09     366.95    0.261466   -13464.030358   -13463.768892   -13463.976783      4.78
       1175       1175.0      7   1282.50    458.53     379.94    0.270716   -13464.033403   -13463.762686   -13463.977093      4.58
       1176       1176.0      7   1249.20    461.67     379.49    0.270396   -13464.031813   -13463.761416   -13463.976905      4.70
       1177       1177.0     10   1443.50    491.12     379.30    0.270261   -13464.027795   -13463.757534   -13463.976400      5.03
       1178       1178.0      7   1299.14    474.16     381.97    0.272166   -13464.027837   -13463.755671   -13463.976875      4.72
       1179       1179.0     10   1440.49    485.55     385.48    0.274670   -13464.025966   -13463.751296   -13463.977152      4.54
       1180       1180.0      7   1279.40    426.85     380.26    0.270949   -13464.018410   -13463.747461   -13463.976684      4.84
       1181       1181.0      7   1276.06    402.91     363.51    0.259010   -13464.011127   -13463.752117   -13463.976499      4.97
       1182       1182.0      7   1269.13    453.49     348.83    0.248552   -13464.008143   -13463.759592   -13463.976365      5.05
       1183       1183.0      7   1271.65    471.11     353.07    0.251572   -13464.010831   -13463.759259   -13463.976906      4.70
       1184       1184.0      7   1286.85    468.46     346.67    0.247016   -13464.011420   -13463.764404   -13463.977298      4.45
       1185       1185.0      7   1295.82    464.98     339.65    0.242013   -13464.004609   -13463.762596   -13463.976566      4.92
       1186       1186.0      7   1295.09    462.34     342.49    0.244034   -13464.000187   -13463.756152   -13463.976041      5.26
       1187       1187.0      7   1297.09    479.23     349.45    0.248994   -13464.004583   -13463.755589   -13463.976754      4.80
       1188       1188.0      7   1220.50    476.10     346.90    0.247175   -13464.008845   -13463.761670   -13463.976964      4.66
       1189       1189.0      7   1288.90    474.25     350.58    0.249802   -13464.009457   -13463.759655   -13463.976858      4.73
       1190       1190.0      7   1264.94    459.76     340.99    0.242970   -13464.008487   -13463.765517   -13463.976778      4.78
       1191       1191.0      7   1292.56    472.89     347.22    0.247402   -13464.008852   -13463.761450   -13463.976452      5.00
       1192       1192.0      7   1265.91    470.35     353.29    0.251728   -13464.015010   -13463.763282   -13463.976712      4.83
       1193       1193.0      7   1292.18    416.41     375.77    0.267751   -13464.023331   -13463.755580   -13463.977041      4.61
       1194       1194.0      9   1378.02    481.44     382.97    0.272880   -13464.028540   -13463.755659   -13463.976892      4.71
       1195       1195.0      7   1279.63    472.52     393.90    0.280668   -13464.031234   -13463.750566   -13463.976806      4.77
       1196       1196.0      7   1210.73    495.20     401.70    0.286228   -13464.032644   -13463.746416   -13463.976657      4.86
       1197       1197.0      7   1281.33    475.12     407.43    0.290310   -13464.033868   -13463.743558   -13463.976651      4.87
       1198       1198.0      7   1217.38    468.74     416.06    0.296454   -13464.034207   -13463.737753   -13463.976751      4.80
       1199       1199.0      7   1294.55    457.76     412.54    0.293949   -13464.032356   -13463.738407   -13463.976514      4.96
       1200       1200.0     10   1434.60    440.84     405.07    0.288628   -13464.031475   -13463.742847   -13463.976499      4.97
       1201       1201.0      7   1310.56    417.92     400.66    0.285483   -13464.031916   -13463.746434   -13463.976914      4.70
       1202       1202.0      7   1293.39    450.15     398.94    0.284257   -13464.029685   -13463.745428   -13463.976799      4.77
       1203       1203.0     10   1410.62    450.16     396.82    0.282744   -13464.026645   -13463.743901   -13463.976303      5.09
       1204       1204.0      7   1279.71    481.98     393.32    0.280250   -13464.029011   -13463.748761   -13463.976290      5.10
       1205       1205.0      7   1288.45    466.06     397.12    0.282959   -13464.036758   -13463.753799   -13463.976894      4.71
       1206       1206.0      7   1255.91    459.99     412.53    0.293943   -13464.040823   -13463.746880   -13463.977236      4.49
       1207       1207.0      7   1305.08    462.76     405.85    0.289183   -13464.035692   -13463.746509   -13463.976574      4.92
       1208       1208.0      7   1297.59    470.01     403.96    0.287832   -13464.029833   -13463.742001   -13463.976084      5.23
       1209       1209.0      7   1307.70    450.21     407.49    0.290349   -13464.030507   -13463.740158   -13463.976633      4.88
       1210       1210.0      7   1294.51    475.34     414.41    0.295278   -13464.030968   -13463.735690   -13463.977168      4.53
       1211       1211.0      7   1214.22    487.26     410.72    0.292650   -13464.023697   -13463.731047   -13463.976843      4.74
       1212       1212.0      7   1289.80    452.91     394.12    0.280823   -13464.012842   -13463.732019   -13463.976173      5.18
       1213       1213.0      7   1274.84    486.81     389.35    0.277421   -13464.008255   -13463.730833   -13463.975980      5.30
       1214       1214.0      7   1316.15    483.30     392.01    0.279317   -13464.011808   -13463.732491   -13463.976700      4.83
       1215       1215.0      7   1264.77    464.26     398.78    0.284142   -13464.013362   -13463.729219   -13463.976805      4.77
       1216       1216.0      7   1286.82    472.71     380.41    0.271055   -13464.010678   -13463.739623   -13463.976051      5.26
       1217       1217.0      9   1382.20    471.31     385.63    0.274772   -13464.014319   -13463.739547   -13463.975984      5.30
       1218       1218.0      9   1398.86    466.93     403.47    0.287488   -13464.026044   -13463.738556   -13463.976866      4.73
       1219       1219.0      7   1303.16    467.16     403.60    0.287576   -13464.033633   -13463.746057   -13463.977171      4.53
       1220       1220.0      7   1306.96    464.28     403.36    0.287409   -13464.033020   -13463.745612   -13463.976636      4.88
       1221       1221.0      7   1238.83    441.51     398.10    0.283662   -13464.031976   -13463.748315   -13463.976185      5.17
       1222       1222.0      7   1257.30    479.97     395.23    0.281617   -13464.036711   -13463.755094   -13463.976550      4.93
       1223       1223.0      7   1247.51    472.33     404.83    0.288457   -13464.041788   -13463.753331   -13463.977233      4.49
       1224       1224.0      7   1257.37    457.65     395.91    0.282096   -13464.037893   -13463.755797   -13463.976907      4.70
       1225       1225.0      7   1231.50    461.50     383.92    0.273556   -13464.029260   -13463.755704   -13463.976255      5.12
       1226       1226.0      7   1245.65    466.28     378.54    0.269723   -13464.025787   -13463.756064   -13463.976349      5.06
       1227       1227.0      7   1218.34    468.07     371.73    0.264868   -13464.026925   -13463.762057   -13463.976923      4.69
       1228       1228.0      7   1259.58    398.33     367.83    0.262090   -13464.025492   -13463.763402   -13463.976840      4.74
       1229       1229.0      7   1242.24    431.29     363.69    0.259138   -13464.022057   -13463.762919   -13463.976486      4.97
       1230       1230.0      7   1296.52    402.01     363.77    0.259197   -13464.021700   -13463.762503   -13463.976227      5.14
       1231       1231.0      7   1288.11    413.31     379.90    0.270689   -13464.026947   -13463.756258   -13463.976685      4.84
       1232       1232.0      7   1227.70    462.61     383.08    0.272954   -13464.031007   -13463.758052   -13463.976851      4.74
       1233       1233.0      9   1367.99    481.77     379.80    0.270623   -13464.030673   -13463.760050   -13463.976532      4.94
       1234       1234.0      7   1306.08    398.94     384.96    0.274297   -13464.031516   -13463.757219   -13463.976177      5.17
       1235       1235.0      7   1275.44    437.07     405.50    0.288933   -13464.038343   -13463.749411   -13463.976605      4.90
       1236       1236.0      7   1262.31    478.03     411.47    0.293188   -13464.045020   -13463.751833   -13463.977233      4.49
       1237       1237.0      7   1283.36    447.92     414.65    0.295452   -13464.043423   -13463.747971   -13463.976738      4.81
       1238       1238.0      7   1321.41    460.18     407.86    0.290614   -13464.040356   -13463.749743   -13463.976041      5.26
       1239       1239.0      7   1298.29    450.15     410.87    0.292755   -13464.045219   -13463.752464   -13463.976443      5.00
       1240       1240.0      7   1311.53    478.04     420.73    0.299780   -13464.052012   -13463.752231   -13463.977118      4.56
       1241       1241.0      7   1282.69    453.56     425.89    0.303459   -13464.050500   -13463.747042   -13463.976670      4.85
       1242       1242.0      7   1293.97    470.80     410.61    0.292576   -13464.044781   -13463.752205   -13463.976164      5.18
       1243       1243.0      7   1293.93    487.22     409.19    0.291564   -13464.042980   -13463.751416   -13463.976091      5.23
       1244       1244.0      7   1287.16    488.03     409.40    0.291707   -13464.046568   -13463.754861   -13463.976845      4.74
       1245       1245.0      7   1279.01    484.20     414.66    0.295458   -13464.046699   -13463.751240   -13463.977033      4.62
       1246       1246.0      7   1263.22    442.15     401.98    0.286421   -13464.041067   -13463.754646   -13463.976526      4.95
       1247       1247.0      7   1321.96    474.53     402.86    0.287054   -13464.037394   -13463.750340   -13463.976219      5.15
       1248       1248.0      7   1295.80    473.96     402.31    0.286656   -13464.039458   -13463.752802   -13463.976716      4.82
       1249       1249.0      7   1298.40    466.56     399.88    0.284926   -13464.039779   -13463.754853   -13463.976840      4.74
       1250       1250.0      7   1279.47    441.60     397.84    0.283473   -13464.035099   -13463.751626   -13463.976360      5.06
       1251       1251.0      7   1355.11    465.20     388.75    0.276999   -13464.030854   -13463.753855   -13463.976116      5.21
       1252       1252.0      7   1271.85    469.59     388.47    0.276799   -13464.030693   -13463.753894   -13463.976485      4.97
       1253       1253.0      7   1292.14    434.03     388.74    0.276989   -13464.030041   -13463.753051   -13463.976926      4.69
       1254       1254.0      7   1278.42    460.06     381.72    0.271990   -13464.023903   -13463.751913   -13463.976461      4.99
       1255       1255.0      7   1287.59    462.78     367.56    0.261897   -13464.018406   -13463.756510   -13463.976074      5.24
       1256       1256.0      7   1267.50    469.73     364.61    0.259798   -13464.019445   -13463.759647   -13463.976256      5.12
       1257       1257.0      7   1294.33    459.23     367.58    0.261916   -13464.023343   -13463.761427   -13463.976916      4.69
       1258       1258.0      7   1258.55    479.40     359.15    0.255906   -13464.021015   -13463.765109   -13463.976477      4.98
       1259       1259.0      7   1276.00    473.45     352.34    0.251054   -13464.017430   -13463.766376   -13463.975865      5.38
       1260       1260.0      7   1289.06    469.43     357.80    0.254944   -13464.021044   -13463.766100   -13463.976079      5.24
       1261       1261.0      7   1285.90    473.13     369.32    0.263155   -13464.029314   -13463.766159   -13463.976654      4.86
       1262       1262.0      7   1285.89    425.15     373.37    0.266036   -13464.034388   -13463.768352   -13463.976731      4.81
       1263       1263.0      7   1257.16    472.25     379.06    0.270090   -13464.035152   -13463.765063   -13463.976326      5.08
       1264       1264.0      7   1248.94    471.13     389.63    0.277623   -13464.037266   -13463.759643   -13463.976029      5.27
       1265       1265.0      7   1306.51    464.28     396.42    0.282461   -13464.044760   -13463.762299   -13463.976129      5.21
       1266       1266.0      7   1284.73    470.84     405.24    0.288749   -13464.054893   -13463.766144   -13463.976716      4.82
       1267       1267.0      8   1355.52    485.20     410.87    0.292758   -13464.059726   -13463.766968   -13463.976700      4.83
       1268       1268.0      9   1386.16    397.69     408.58    0.291125   -13464.058907   -13463.767781   -13463.976583      4.91
       1269       1269.0      7   1264.35    468.12     409.06    0.291470   -13464.055449   -13463.763979   -13463.976279      5.11
       1270       1270.0      7   1248.95    424.97     409.02    0.291437   -13464.053308   -13463.761871   -13463.976362      5.05
       1271       1271.0      7   1256.63    433.47     397.11    0.282956   -13464.051477   -13463.768521   -13463.976627      4.88
       1272       1272.0     10   1510.95    447.36     387.47    0.276087   -13464.046478   -13463.770391   -13463.976580      4.91
       1273       1273.0      7   1318.36    451.00     379.07    0.270097   -13464.038862   -13463.768766   -13463.976262      5.12
       1274       1274.0      7   1328.58    423.03     376.54    0.268296   -13464.033205   -13463.764910   -13463.976107      5.22
       1275       1275.0      7   1295.33    399.63     368.62    0.262656   -13464.031511   -13463.768854   -13463.976171      5.18
       1276       1276.0      7   1258.62    419.98     367.81    0.262077   -13464.033112   -13463.771035   -13463.976194      5.16
       1277       1277.0      7   1242.09    450.91     377.96    0.269307   -13464.037656   -13463.768349   -13463.976460      4.99
       1278       1278.0      7   1323.33    403.51     375.42    0.267501   -13464.041764   -13463.774263   -13463.976739      4.81
       1279       1279.0      7   1305.54    451.64     381.00    0.271478   -13464.042338   -13463.770860   -13463.976562      4.92
       1280       1280.0      7   1282.78    480.85     379.15    0.270156   -13464.042189   -13463.772033   -13463.976224      5.14
       1281       1281.0      7   1317.44    461.76     385.66    0.274799   -13464.045545   -13463.770746   -13463.976357      5.06
       1282       1282.0      7   1319.60    465.94     396.57    0.282568   -13464.049839   -13463.767271   -13463.976689      4.84
       1283       1283.0      7   1302.33    470.12     398.03    0.283612   -13464.049129   -13463.765516   -13463.976598      4.90
       1284       1284.0      7   1322.68    460.75     384.35    0.273860   -13464.043826   -13463.769966   -13463.976118      5.21
       1285       1285.0      7   1296.75    431.05     379.63    0.270502   -13464.040717   -13463.770215   -13463.976017      5.28
       1286       1286.0      7   1286.41    484.76     385.05    0.274359   -13464.042531   -13463.768173   -13463.976298      5.10
       1287       1287.0      7   1306.66    462.38     387.69    0.276242   -13464.046081   -13463.769839   -13463.976572      4.92
       1288       1288.0      7   1265.90    468.98     383.24    0.273069   -13464.048638   -13463.775569   -13463.976316      5.08
       1289       1289.0      7   1231.96    465.19     388.34    0.276702   -13464.053650   -13463.776948   -13463.976397      5.03
       1290       1290.0      7   1332.21    474.09     389.87    0.277796   -13464.060440   -13463.782643   -13463.976543      4.94
       1291       1291.0      7   1260.73    465.38     403.89    0.287785   -13464.066214   -13463.778429   -13463.976540      4.94
       1292       1292.0      7   1315.25    480.87     401.97    0.286417   -13464.069974   -13463.783557   -13463.976517      4.95
       1293       1293.0      7   1287.48    481.45     401.68    0.286207   -13464.071945   -13463.785738   -13463.976506      4.96
       1294       1294.0      7   1213.56    456.70     402.50    0.286794   -13464.073113   -13463.786319   -13463.976695      4.84
       1295       1295.0      7   1284.90    487.10     403.46    0.287480   -13464.072022   -13463.784541   -13463.976848      4.74
       1296       1296.0      7   1285.25    490.94     395.23    0.281613   -13464.067417   -13463.785804   -13463.976587      4.91
       1297       1297.0      7   1271.89    470.26     395.13    0.281540   -13464.063493   -13463.781954   -13463.976115      5.21
       1298       1298.0      7   1305.65    462.96     391.60    0.279025   -13464.065569   -13463.786544   -13463.976481      4.98
       1299       1299.0      7   1282.50    427.45     394.44    0.281050   -13464.068078   -13463.787028   -13463.976768      4.79
       1300       1300.0      7   1245.94    477.73     393.99    0.280728   -13464.065685   -13463.784956   -13463.976523      4.95
       1301       1301.0      7   1243.39    449.32     377.67    0.269102   -13464.060654   -13463.791553   -13463.976205      5.16
       1302       1302.0      7   1245.65    452.16     376.03    0.267937   -13464.058229   -13463.790292   -13463.976159      5.19
       1303       1303.0      7   1280.64    461.34     372.13    0.265158   -13464.059998   -13463.794840   -13463.976636      4.88
       1304       1304.0      7   1252.66    468.96     366.84    0.261389   -13464.060015   -13463.798626   -13463.977110      4.57
       1305       1305.0      7   1247.58    475.78     360.59    0.256931   -13464.053041   -13463.796110   -13463.976500      4.96
       1306       1306.0      7   1300.76    467.32     351.51    0.250465   -13464.047100   -13463.796635   -13463.975745      5.46
       1307       1307.0      7   1275.97    412.13     353.29    0.251728   -13464.051050   -13463.799321   -13463.976208      5.15
       1308       1308.0      9   1391.60    466.25     363.84    0.259248   -13464.058301   -13463.799053   -13463.976815      4.76
       1309       1309.0      9   1334.66    464.97     366.95    0.261461   -13464.061212   -13463.799751   -13463.976838      4.74
       1310       1310.0      7   1278.59    451.12     369.04    0.262955   -13464.059958   -13463.797003   -13463.976254      5.12
       1311       1311.0      7   1280.05    429.43     367.91    0.262151   -13464.061555   -13463.799404   -13463.976155      5.19
       1312       1312.0      7   1294.50    457.69     379.26    0.270237   -13464.068025   -13463.797789   -13463.976979      4.65
       1313       1313.0      7   1271.64    457.99     377.54    0.269012   -13464.069056   -13463.800044   -13463.977239      4.48
       1314       1314.0      7   1280.11    414.63     364.46    0.259689   -13464.060870   -13463.801181   -13463.976345      5.06
       1315       1315.0      7   1299.64    472.98     353.94    0.252196   -13464.054782   -13463.802586   -13463.975940      5.33
       1316       1316.0      7   1295.89    419.20     357.34    0.254615   -13464.055349   -13463.800733   -13463.976480      4.98
       1317       1317.0      7   1299.58    418.26     356.65    0.254128   -13464.054221   -13463.800093   -13463.976690      4.84
       1318       1318.0      7   1267.24    486.42     353.35    0.251777   -13464.047280   -13463.795503   -13463.976306      5.09
       1319       1319.0      7   1354.52    457.98     351.16    0.250215   -13464.041190   -13463.790974   -13463.975684      5.49
       1320       1320.0      7   1305.63    466.91     358.78    0.255642   -13464.045525   -13463.789882   -13463.976421      5.02
       1321       1321.0      7   1297.06    472.67     359.80    0.256366   -13464.052423   -13463.796056   -13463.977305      4.44
       1322       1322.0      7   1314.32    460.48     359.67    0.256273   -13464.050610   -13463.794337   -13463.976890      4.71
       1323       1323.0      7   1301.40    454.39     355.80    0.253520   -13464.045558   -13463.792038   -13463.975948      5.32
       1324       1324.0      7   1266.59    460.74     367.16    0.261615   -13464.048612   -13463.786998   -13463.976092      5.23
       1325       1325.0      7   1312.37    440.99     378.28    0.269539   -13464.056376   -13463.786837   -13463.976715      4.82
       1326       1326.0      7   1292.56    433.03     384.23    0.273776   -13464.057923   -13463.784147   -13463.976879      4.72
       1327       1327.0      7   1279.86    472.43     370.63    0.264086   -13464.050123   -13463.786037   -13463.976248      5.13
       1328       1328.0      7   1294.09    466.23     352.65    0.251276   -13464.043341   -13463.792065   -13463.975671      5.50
       1329       1329.0      9   1387.13    406.72     354.22    0.252394   -13464.046457   -13463.794063   -13463.976516      4.95
       1330       1330.0      7   1243.91    470.92     354.61    0.252671   -13464.047649   -13463.794978   -13463.977426      4.36
       1331       1331.0      7   1283.45    461.73     338.43    0.241142   -13464.037767   -13463.796625   -13463.976533      4.94
       1332       1332.0      7   1291.30    475.51     333.82    0.237859   -13464.028882   -13463.791023   -13463.975792      5.42
       1333       1333.0      7   1312.24    472.97     334.79    0.238546   -13464.029806   -13463.791261   -13463.976230      5.14
       1334       1334.0      9   1435.58    458.21     341.66    0.243440   -13464.033355   -13463.789915   -13463.976663      4.86
       1335       1335.0      7   1222.15    461.57     337.35    0.240372   -13464.032266   -13463.791894   -13463.976541      4.94
       1336       1336.0      7   1204.90    468.36     327.75    0.233533   -13464.026665   -13463.793132   -13463.975926      5.34
       1337       1337.0      8   1281.79    464.97     326.59    0.232706   -13464.026249   -13463.793543   -13463.975680      5.50
       1338       1338.0      7   1175.52    442.35     335.57    0.239105   -13464.035402   -13463.796297   -13463.976857      4.73
       1339       1339.0     10   1376.23    460.95     343.37    0.244661   -13464.040178   -13463.795517   -13463.976880      4.72
       1340       1340.0      7   1227.72    469.15     344.82    0.245696   -13464.037545   -13463.791849   -13463.976290      5.10
       1341       1341.0      7   1237.09    460.70     348.09    0.248029   -13464.036649   -13463.788620   -13463.975970      5.31
       1342       1342.0      7   1228.84    463.84     346.80    0.247109   -13464.041037   -13463.793928   -13463.976174      5.18
       1343       1343.0      8   1324.70    467.67     355.82    0.253535   -13464.046111   -13463.792576   -13463.976678      4.85
       1344       1344.0      7   1268.30    464.70     349.75    0.249212   -13464.044153   -13463.794942   -13463.976909      4.70
       1345       1345.0      7   1309.14    468.56     341.15    0.243078   -13464.032841   -13463.789763   -13463.975920      5.34
       1346       1346.0      7   1313.33    448.12     332.34    0.236804   -13464.025554   -13463.788750   -13463.975962      5.31
       1347       1347.0     10   1495.58    466.29     327.41    0.233292   -13464.023416   -13463.790124   -13463.976641      4.87
       1348       1348.0      7   1311.84    440.73     321.08    0.228780   -13464.016913   -13463.788133   -13463.976452      5.00
       1349       1349.0      7   1300.10    459.26     309.26    0.220354   -13464.009525   -13463.789171   -13463.975747      5.45
       1350       1350.0      7   1300.01    469.88     310.26    0.221067   -13464.009804   -13463.788737   -13463.975940      5.33
       1351       1351.0      9   1392.31    459.05     316.79    0.225726   -13464.014459   -13463.788733   -13463.976355      5.06
       1352       1352.0      8   1315.63    450.25     316.32    0.225386   -13464.017770   -13463.792385   -13463.976291      5.10
       1353       1353.0      7   1272.57    435.61     333.98    0.237973   -13464.020859   -13463.782887   -13463.975807      5.41
       1354       1354.0      7   1277.92    463.78     347.00    0.247249   -13464.030133   -13463.782884   -13463.976097      5.23
       1355       1355.0      7   1283.92    474.92     360.00    0.256515   -13464.042268   -13463.785753   -13463.976987      4.65
       1356       1356.0      7   1264.24    479.19     361.59    0.257641   -13464.046215   -13463.788573   -13463.976910      4.70
       1357       1357.0      7   1190.03    456.62     358.27    0.255280   -13464.043401   -13463.788121   -13463.975977      5.30
       1358       1358.0     10   1418.51    455.32     363.76    0.259192   -13464.045483   -13463.786291   -13463.976023      5.27
       1359       1359.0      7   1245.04    472.50     367.56    0.261900   -13464.050819   -13463.788919   -13463.976697      4.84
       1360       1360.0      7   1260.37    483.34     360.23    0.256675   -13464.048698   -13463.792023   -13463.976530      4.95
       1361       1361.0      7   1278.01    487.23     348.18    0.248090   -13464.040724   -13463.792633   -13463.975951      5.32
       1362       1362.0      7   1291.00    467.91     344.08    0.245166   -13464.035877   -13463.790711   -13463.976105      5.22
       1363       1363.0      7   1293.35    467.28     342.39    0.243967   -13464.034262   -13463.790294   -13463.976555      4.93
       1364       1364.0      7   1224.26    468.59     347.47    0.247586   -13464.031415   -13463.783829   -13463.976526      4.95
       1365       1365.0      7   1294.65    457.79     345.72    0.246338   -13464.027412   -13463.781074   -13463.976299      5.10
       1366       1366.0      7   1324.41    456.70     340.29    0.242469   -13464.024994   -13463.782525   -13463.975821      5.41
       1367       1367.0      7   1304.10    419.76     341.38    0.243241   -13464.029014   -13463.785773   -13463.975838      5.39
       1368       1368.0      7   1285.30    435.54     350.44    0.249698   -13464.037329   -13463.787631   -13463.976339      5.07
       1369       1369.0      7   1263.11    439.91     353.52    0.251896   -13464.042068   -13463.790171   -13463.976234      5.14
       1370       1370.0      7   1236.98    473.33     364.00    0.259361   -13464.044747   -13463.785386   -13463.975745      5.45
       1371       1371.0      7   1307.55    464.60     371.19    0.264487   -13464.052317   -13463.787829   -13463.976375      5.05
       1372       1372.0      7   1222.03    459.07     377.38    0.268898   -13464.058890   -13463.789992   -13463.976875      4.72
       1373       1373.0      7   1321.57    453.98     378.30    0.269551   -13464.058725   -13463.789175   -13463.976750      4.80
       1374       1374.0      7   1343.64    454.56     372.75    0.265598   -13464.053772   -13463.788174   -13463.976242      5.13
       1375       1375.0      7   1329.65    472.18     375.16    0.267311   -13464.050342   -13463.783030   -13463.975815      5.41
       1376       1376.0      7   1299.94    492.63     371.17    0.264468   -13464.051798   -13463.787330   -13463.976215      5.15
       1377       1377.0      9   1405.59    472.46     362.98    0.258637   -13464.050964   -13463.792327   -13463.976833      4.75
       1378       1378.0      7   1253.09    411.90     356.80    0.254230   -13464.042685   -13463.788456   -13463.975760      5.45
       1379       1379.0      7   1308.24    465.64     356.34    0.253901   -13464.039246   -13463.785345   -13463.975463      5.64
       1380       1380.0      7   1280.98    455.17     365.35    0.260324   -13464.045812   -13463.785489   -13463.976431      5.01
       1381       1381.0      7   1289.24    428.23     375.73    0.267716   -13464.051843   -13463.784127   -13463.976731      4.81
       1382       1382.0      7   1282.80    456.16     377.21    0.268772   -13464.052496   -13463.783723   -13463.976573      4.92
       1383       1383.0      7   1267.70    468.45     381.85    0.272084   -13464.049902   -13463.777819   -13463.975935      5.33
       1384       1384.0      7   1277.90    470.27     382.50    0.272543   -13464.051550   -13463.779007   -13463.975673      5.50
       1385       1385.0      7   1301.36    467.81     392.38    0.279587   -13464.058367   -13463.778781   -13463.976476      4.98
       1386       1386.0      7   1254.64    479.83     393.85    0.280633   -13464.058314   -13463.777680   -13463.976512      4.96
       1387       1387.0      7   1273.47    458.63     383.07    0.272947   -13464.050588   -13463.777641   -13463.975651      5.52
       1388       1388.0      7   1286.93    452.33     375.37    0.267463   -13464.047200   -13463.779737   -13463.976167      5.18
       1389       1389.0      8   1353.73    477.46     372.29    0.265266   -13464.045108   -13463.779842   -13463.976428      5.01
       1390       1390.0      7   1294.53    455.92     360.08    0.256567   -13464.040273   -13463.783706   -13463.976400      5.03
       1391       1391.0      7   1254.96    463.88     351.41    0.250388   -13464.035402   -13463.785015   -13463.976120      5.21
       1392       1392.0      7   1315.97    455.72     350.62    0.249827   -13464.034453   -13463.784625   -13463.975749      5.45
       1393       1393.0      7   1274.81    458.70     354.29    0.252442   -13464.040058   -13463.787616   -13463.976082      5.24
       1394       1394.0      7   1298.80    465.26     360.70    0.257013   -13464.045096   -13463.788082   -13463.976711      4.83
       1395       1395.0      7   1217.11    460.05     353.40    0.251811   -13464.040543   -13463.788732   -13463.976078      5.24
       1396       1396.0      7   1246.54    470.86     349.67    0.249149   -13464.035379   -13463.786231   -13463.975381      5.69
       1397       1397.0      7   1160.40    468.99     360.38    0.256780   -13464.040235   -13463.783456   -13463.976264      5.12
       1398       1398.0      7   1185.38    477.12     367.97    0.262194   -13464.045579   -13463.783386   -13463.976976      4.66
       1399       1399.0      7   1203.04    470.34     361.18    0.257350   -13464.041560   -13463.784211   -13463.976638      4.87
       1400       1400.0      7   1242.64    463.71     353.54    0.251906   -13464.032561   -13463.780655   -13463.975711      5.48
       1401       1401.0      7   1261.47    463.85     349.25    0.248855   -13464.030447   -13463.781592   -13463.975193      5.81
       1402       1402.0      7   1251.34    466.88     358.35    0.255332   -13464.040043   -13463.784711   -13463.975817      5.41
       1403       1403.0      7   1238.62    434.84     370.14    0.263736   -13464.050506   -13463.786769   -13463.976593      4.90
       1404       1404.0      7   1282.05    413.45     370.64    0.264096   -13464.050394   -13463.786299   -13463.976278      5.11
       1405       1405.0      7   1309.35    451.37     367.57    0.261906   -13464.044702   -13463.782796   -13463.975596      5.55
       1406       1406.0      7   1312.81    413.20     358.30    0.255297   -13464.044615   -13463.789318   -13463.975840      5.39
       1407       1407.0      7   1283.08    413.43     363.93    0.259310   -13464.049246   -13463.789936   -13463.976549      4.93
       1408       1408.0      7   1127.41    483.62     373.86    0.266384   -13464.049847   -13463.783463   -13463.976570      4.92
       1409       1409.0      7   1273.69    465.95     360.30    0.256728   -13464.044196   -13463.787468   -13463.976103      5.22
       1410       1410.0      7   1276.43    472.52     356.62    0.254101   -13464.037328   -13463.783227   -13463.975553      5.58
       1411       1411.0      7   1223.25    471.39     351.89    0.250737   -13464.035388   -13463.784652   -13463.975440      5.65
       1412       1412.0      7   1207.10    472.02     356.56    0.254062   -13464.039121   -13463.785059   -13463.975748      5.45
       1413       1413.0      7   1301.88    478.30     365.41    0.260367   -13464.044234   -13463.783867   -13463.976167      5.18
       1414       1414.0      7   1267.72    462.46     369.50    0.263278   -13464.045960   -13463.782682   -13463.976235      5.14
       1415       1415.0      7   1222.78    470.63     372.74    0.265589   -13464.045408   -13463.779819   -13463.975875      5.37
       1416       1416.0      8   1239.35    467.05     382.38    0.272456   -13464.048495   -13463.776039   -13463.975817      5.41
       1417       1417.0      7   1287.17    467.78     390.41    0.278183   -13464.054312   -13463.776130   -13463.976406      5.03
       1418       1418.0      7   1275.47    436.13     397.50    0.283234   -13464.054725   -13463.771491   -13463.976416      5.02
       1419       1419.0      7   1238.55    470.27     389.81    0.277752   -13464.047668   -13463.769916   -13463.975733      5.46
       1420       1420.0      7   1242.22    459.60     374.82    0.267069   -13464.041141   -13463.774072   -13463.975312      5.74
       1421       1421.0      7   1246.15    455.47     365.58    0.260487   -13464.041152   -13463.780665   -13463.975873      5.37
       1422       1422.0      7   1265.35    451.82     369.31    0.263147   -13464.040926   -13463.777779   -13463.976679      4.85
       1423       1423.0      7   1221.85    471.99     362.79    0.258498   -13464.031270   -13463.772772   -13463.976092      5.23
       1424       1424.0      7   1231.63    455.07     343.63    0.244845   -13464.020589   -13463.775744   -13463.975277      5.76
       1425       1425.0      7   1294.50    430.98     340.81    0.242835   -13464.020622   -13463.777787   -13463.975730      5.46
       1426       1426.0      7   1294.54    440.92     345.46    0.246155   -13464.025555   -13463.779400   -13463.976195      5.16
       1427       1427.0      7   1287.54    452.69     349.06    0.248719   -13464.026534   -13463.777815   -13463.976062      5.25
       1428       1428.0      7   1292.07    451.63     344.77    0.245663   -13464.023608   -13463.777945   -13463.975308      5.74
       1429       1429.0      7   1287.30    436.57     355.26    0.253131   -13464.026688   -13463.773558   -13463.974924      5.99
       1430       1430.0      7   1300.54    414.83     370.46    0.263967   -13464.040666   -13463.776699   -13463.975953      5.32
       1431       1431.0      7   1290.75    420.40     390.83    0.278482   -13464.051974   -13463.773492   -13463.976801      4.77
       1432       1432.0      7   1284.49    409.10     393.21    0.280174   -13464.049694   -13463.769519   -13463.976021      5.28
       1433       1433.0      7   1278.40    435.70     386.78    0.275596   -13464.044680   -13463.769084   -13463.975047      5.91
       1434       1434.0      7   1292.12    431.66     399.76    0.284845   -13464.050181   -13463.765336   -13463.975837      5.40
       1435       1435.0      7   1254.07    428.54     394.25    0.280918   -13464.055678   -13463.774760   -13463.976863      4.73
       1436       1436.0      7   1263.44    471.32     380.82    0.271349   -13464.046436   -13463.775086   -13463.976433      5.01
       1437       1437.0      7   1316.24    479.16     353.18    0.251650   -13464.028959   -13463.777309   -13463.975055      5.90
       1438       1438.0      7   1274.35    484.82     349.23    0.248837   -13464.022834   -13463.773997   -13463.974988      5.95
       1439       1439.0      7   1284.53    475.47     348.29    0.248167   -13464.029878   -13463.781711   -13463.976230      5.14
       1440       1440.0     10   1447.88    464.07     350.30    0.249602   -13464.033387   -13463.783785   -13463.976632      4.88
       1441       1441.0      7   1307.28    446.81     341.88    0.243598   -13464.027093   -13463.783495   -13463.975801      5.42
       1442       1442.0      7   1273.87    467.51     353.41    0.251817   -13464.023856   -13463.772039   -13463.974914      6.00
       1443       1443.0      7   1271.49    462.09     372.42    0.265363   -13464.035487   -13463.770125   -13463.975710      5.48
       1444       1444.0      7   1263.21    453.65     383.24    0.273072   -13464.050281   -13463.777209   -13463.976894      4.71
       1445       1445.0      7   1278.53    474.65     380.18    0.270894   -13464.051666   -13463.780772   -13463.976518      4.95
       1446       1446.0      7   1261.64    472.73     376.28    0.268112   -13464.044779   -13463.776667   -13463.975654      5.51
       1447       1447.0      7   1270.62    466.93     372.71    0.265567   -13464.042649   -13463.777081   -13463.975505      5.61
       1448       1448.0      7   1291.06    474.94     375.83    0.267791   -13464.048292   -13463.780501   -13463.976078      5.24
       1449       1449.0      7   1281.01    472.93     387.48    0.276091   -13464.053352   -13463.777260   -13463.976579      4.91
       1450       1450.0      7   1266.89    473.60     388.38    0.276732   -13464.050122   -13463.773390   -13463.975962      5.31
       1451       1451.0      7   1261.07    469.15     384.68    0.274095   -13464.046015   -13463.771920   -13463.975113      5.87
       1452       1452.0      7   1305.32    458.57     387.79    0.276313   -13464.051404   -13463.775090   -13463.975730      5.46
       1453       1453.0      7   1282.10    462.70     389.59    0.277595   -13464.058041   -13463.780445   -13463.976411      5.02
       1454       1454.0      7   1299.27    469.49     387.09    0.275814   -13464.056888   -13463.781074   -13463.975967      5.31
       1455       1455.0      7   1308.87    445.44     383.79    0.273465   -13464.053804   -13463.780339   -13463.975755      5.45
       1456       1456.0      7   1244.46    457.94     373.93    0.266437   -13464.053165   -13463.786728   -13463.975953      5.32
       1457       1457.0      7   1252.69    454.99     369.30    0.263139   -13464.053017   -13463.789878   -13463.976224      5.14
       1458       1458.0      7   1219.08    475.64     373.83    0.266364   -13464.049703   -13463.783339   -13463.976047      5.26
       1459       1459.0      7   1225.49    461.15     380.14    0.270865   -13464.045026   -13463.774161   -13463.975306      5.74
       1460       1460.0      7   1258.17    460.67     381.89    0.272107   -13464.047092   -13463.774985   -13463.975261      5.77
       1461       1461.0      7   1202.31    452.76     396.48    0.282505   -13464.055333   -13463.772828   -13463.975876      5.37
       1462       1462.0      9   1286.99    470.15     405.55    0.288967   -13464.061629   -13463.772662   -13463.975922      5.34
       1463       1463.0      9   1410.57    469.72     408.16    0.290831   -13464.066417   -13463.775586   -13463.975552      5.58
       1464       1464.0      7   1296.46    477.99     412.97    0.294257   -13464.074663   -13463.780406   -13463.975882      5.37
       1465       1465.0      7   1270.22    457.18     427.66    0.304725   -13464.083917   -13463.779193   -13463.976192      5.16
       1466       1466.0      7   1205.58    484.54     444.13    0.316459   -13464.089943   -13463.773484   -13463.976432      5.01
       1467       1467.0      7   1214.89    466.28     450.91    0.321285   -13464.088541   -13463.767256   -13463.976203      5.16
       1468       1468.0      7   1294.95    442.42     432.13    0.307909   -13464.081367   -13463.773458   -13463.975680      5.50
       1469       1469.0      7   1267.11    447.59     422.00    0.300687   -13464.074005   -13463.773317   -13463.975851      5.39
       1470       1470.0      7   1254.98    472.55     402.16    0.286552   -13464.064453   -13463.777901   -13463.975794      5.42
       1471       1471.0      7   1210.73    474.52     385.44    0.274637   -13464.053749   -13463.779112   -13463.975504      5.61
       1472       1472.0      7   1240.24    469.01     373.43    0.266082   -13464.046480   -13463.780399   -13463.975664      5.51
       1473       1473.0      7   1290.77    466.57     376.37    0.268176   -13464.042247   -13463.774071   -13463.975754      5.45
       1474       1474.0      7   1283.18    470.02     379.85    0.270654   -13464.040481   -13463.769828   -13463.975630      5.53
       1475       1475.0      7   1234.39    481.66     377.94    0.269294   -13464.042549   -13463.773255   -13463.975582      5.56
       1476       1476.0      7   1255.83    461.27     392.14    0.279412   -13464.048644   -13463.769232   -13463.975552      5.58
       1477       1477.0      7   1261.87    477.30     395.56    0.281846   -13464.057279   -13463.775433   -13463.975841      5.39
       1478       1478.0      7   1218.36    473.06     397.02    0.282891   -13464.062760   -13463.779869   -13463.976066      5.25
       1479       1479.0      7   1205.94    458.98     400.96    0.285697   -13464.062067   -13463.776370   -13463.975665      5.51
       1480       1480.0      7   1214.97    468.22     393.75    0.280560   -13464.060562   -13463.780002   -13463.975504      5.61
       1481       1481.0      7   1267.08    421.90     390.45    0.278209   -13464.061415   -13463.783206   -13463.975869      5.37
       1482       1482.0      9   1388.32    433.70     392.47    0.279650   -13464.060962   -13463.781312   -13463.975914      5.35
       1483       1483.0      7   1232.03    459.39     384.57    0.274017   -13464.057586   -13463.783569   -13463.975813      5.41
       1484       1484.0      7   1280.58    453.76     372.12    0.265147   -13464.054626   -13463.789480   -13463.975527      5.60
       1485       1485.0      7   1253.24    474.38     379.67    0.270529   -13464.056173   -13463.785644   -13463.975640      5.52
       1486       1486.0      7   1217.22    448.69     382.66    0.272660   -13464.059602   -13463.786942   -13463.975970      5.31
       1487       1487.0      7   1249.46    432.38     391.39    0.278881   -13464.059402   -13463.780520   -13463.975786      5.43
       1488       1488.0      7   1288.77    461.84     387.11    0.275826   -13464.056690   -13463.780865   -13463.975580      5.56
       1489       1489.0      7   1280.00    462.74     381.56    0.271877   -13464.054608   -13463.782731   -13463.975612      5.54
       1490       1490.0      7   1291.60    435.83     381.84    0.272071   -13464.053832   -13463.781760   -13463.975962      5.31
       1491       1491.0      7   1274.19    448.48     378.66    0.269805   -13464.050544   -13463.780740   -13463.976231      5.14
       1492       1492.0      7   1248.37    443.30     361.92    0.257881   -13464.042099   -13463.784217   -13463.975596      5.55
       1493       1493.0      7   1264.81    414.77     358.40    0.255370   -13464.037370   -13463.782000   -13463.975010      5.93
       1494       1494.0      7   1282.33    447.23     363.38    0.258918   -13464.043366   -13463.784449   -13463.975640      5.52
       1495       1495.0      8   1306.05    453.75     370.45    0.263959   -13464.050728   -13463.786769   -13463.976238      5.13
       1496       1496.0      7   1288.36    440.68     377.18    0.268756   -13464.051067   -13463.782311   -13463.975816      5.41
       1497       1497.0      7   1263.65    451.41     375.11    0.267280   -13464.049249   -13463.781969   -13463.975495      5.62
       1498       1498.0      7   1307.36    458.88     378.83    0.269931   -13464.051415   -13463.781484   -13463.975483      5.63
       1499       1499.0      7   1300.33    466.36     380.09    0.270824   -13464.058085   -13463.787261   -13463.976315      5.08
       1500       1500.0      7   1318.43    485.32     378.79    0.269904   -13464.058797   -13463.788894   -13463.976641      4.87
       1501       1501.0      7   1278.92    477.85     372.69    0.265556   -13464.049531   -13463.783975   -13463.975722      5.47
       1502       1502.0      7   1291.12    483.42     362.62    0.258377   -13464.041843   -13463.783465   -13463.975155      5.84
       1503       1503.0      7   1287.78    472.11     370.81    0.264213   -13464.042383   -13463.778170   -13463.975791      5.43
       1504       1504.0      8   1352.66    479.47     373.93    0.266436   -13464.042209   -13463.775773   -13463.975987      5.30
       1505       1505.0      7   1297.01    489.61     369.55    0.263319   -13464.037622   -13463.774303   -13463.975629      5.53
       1506       1506.0      7   1292.09    466.54     364.27    0.259551   -13464.033136   -13463.773585   -13463.975471      5.63
       1507       1507.0      7   1229.41    484.08     361.73    0.257747   -13464.032466   -13463.774719   -13463.975505      5.61
       1508       1508.0      9   1385.78    468.51     367.14    0.261598   -13464.035061   -13463.773463   -13463.975987      5.30
       1509       1509.0      7   1280.23    470.18     369.68    0.263411   -13464.032904   -13463.769492   -13463.976148      5.19
       1510       1510.0      7   1256.04    467.19     364.95    0.260040   -13464.025515   -13463.765474   -13463.975230      5.79
       1511       1511.0      9   1347.88    464.00     370.17    0.263760   -13464.024331   -13463.760571   -13463.975060      5.90
       1512       1512.0      7   1226.05    464.56     383.59    0.273321   -13464.030864   -13463.757543   -13463.975603      5.55
       1513       1513.0      7   1272.12    409.31     388.97    0.277152   -13464.036128   -13463.758976   -13463.975772      5.44
       1514       1514.0      7   1260.92    472.18     391.69    0.279092   -13464.036448   -13463.757356   -13463.975429      5.66
       1515       1515.0      7   1280.99    473.93     390.51    0.278248   -13464.036818   -13463.758571   -13463.975126      5.86
       1516       1516.0      7   1271.05    462.83     399.03    0.284320   -13464.042401   -13463.758081   -13463.975455      5.64
       1517       1517.0      7   1194.51    466.50     416.42    0.296710   -13464.049593   -13463.752883   -13463.976067      5.25
       1518       1518.0      7   1216.09    460.22     415.27    0.295891   -13464.050228   -13463.754337   -13463.976041      5.26
       1519       1519.0      7   1284.57    445.34     409.78    0.291981   -13464.043964   -13463.751983   -13463.975530      5.59
       1520       1520.0      7   1265.78    457.71     401.27    0.285916   -13464.038034   -13463.752119   -13463.974942      5.98
       1521       1521.0      7   1240.79    456.83     404.11    0.287941   -13464.038867   -13463.750926   -13463.975410      5.67
       1522       1522.0      7   1226.88    458.08     402.75    0.286974   -13464.038762   -13463.751789   -13463.975940      5.33
       1523       1523.0      7   1266.85    458.07     390.30    0.278098   -13464.029942   -13463.751844   -13463.975251      5.78
       1524       1524.0      7   1288.70    398.11     375.90    0.267843   -13464.021497   -13463.753654   -13463.974735      6.11
       1525       1525.0      7   1282.57    470.82     376.96    0.268595   -13464.021912   -13463.753317   -13463.975228      5.79
       1526       1526.0      7   1270.91    476.36     388.32    0.276687   -13464.025791   -13463.749104   -13463.975804      5.42
       1527       1527.0      7   1280.75    472.65     392.91    0.279959   -13464.025151   -13463.745192   -13463.975630      5.53
       1528       1528.0      7   1256.09    476.95     381.79    0.272038   -13464.021704   -13463.749666   -13463.974969      5.96
       1529       1529.0      7   1228.40    459.91     382.97    0.272876   -13464.024540   -13463.751664   -13463.974780      6.08
       1530       1530.0      7   1233.59    444.12     395.64    0.281909   -13464.035127   -13463.753218   -13463.975691      5.49
       1531       1531.0      7   1286.91    428.57     415.73    0.296222   -13464.040820   -13463.744598   -13463.975842      5.39
       1532       1532.0      7   1334.18    471.43     413.81    0.294856   -13464.038676   -13463.743820   -13463.974950      5.97
       1533       1533.0      7   1271.83    471.40     427.18    0.304380   -13464.040400   -13463.736020   -13463.974754      6.10
       1534       1534.0      7   1227.84    463.24     428.48    0.305309   -13464.049561   -13463.744252   -13463.975532      5.59
       1535       1535.0      7   1264.96    470.97     431.80    0.307668   -13464.056003   -13463.748335   -13463.976040      5.26
       1536       1536.0      7   1250.09    471.13     424.85    0.302719   -13464.053377   -13463.750659   -13463.975560      5.58
       1537       1537.0      7   1249.56    466.38     415.42    0.296002   -13464.048645   -13463.752643   -13463.974944      5.98
       1538       1538.0      7   1250.57    442.84     415.15    0.295805   -13464.050503   -13463.754698   -13463.975258      5.77
       1539       1539.0      7   1267.86    465.28     416.38    0.296684   -13464.054195   -13463.757512   -13463.976130      5.21
       1540       1540.0      7   1294.53    469.68     413.04    0.294305   -13464.047875   -13463.753570   -13463.975882      5.37
       1541       1541.0      7   1306.85    437.65     394.16    0.280854   -13464.034328   -13463.753474   -13463.974940      5.98
       1542       1542.0      7   1287.20    427.94     389.42    0.277475   -13464.026859   -13463.749384   -13463.974722      6.12
       1543       1543.0      7   1237.38    427.91     393.66    0.280493   -13464.028731   -13463.748239   -13463.975497      5.62
       1544       1544.0      7   1316.89    477.89     395.96    0.282137   -13464.029562   -13463.747425   -13463.975855      5.38
       1545       1545.0      7   1300.10    479.83     387.89    0.276388   -13464.024154   -13463.747766   -13463.975314      5.74
       1546       1546.0      7   1244.54    453.03     379.73    0.270569   -13464.019718   -13463.749149   -13463.974913      6.00
       1547       1547.0      7   1296.61    457.06     377.02    0.268641   -13464.022362   -13463.753720   -13463.975003      5.94
       1548       1548.0      7   1277.40    457.83     381.17    0.271598   -13464.029523   -13463.757925   -13463.975732      5.46
       1549       1549.0      7   1301.15    449.28     379.02    0.270066   -13464.030777   -13463.760711   -13463.975783      5.43
       1550       1550.0      7   1241.67    466.45     368.76    0.262756   -13464.024784   -13463.762028   -13463.975205      5.81
       1551       1551.0      7   1285.50    467.55     363.56    0.259050   -13464.019818   -13463.760768   -13463.975066      5.90
       1552       1552.0      7   1257.40    464.68     361.08    0.257284   -13464.018776   -13463.761492   -13463.975407      5.67
       1553       1553.0     10   1438.95    472.40     366.84    0.261387   -13464.018031   -13463.756644   -13463.975381      5.69
       1554       1554.0      7   1268.22    469.21     359.56    0.256201   -13464.017064   -13463.760863   -13463.975351      5.71
       1555       1555.0      7   1291.45    469.38     366.03    0.260810   -13464.017103   -13463.756293   -13463.975073      5.89
       1556       1556.0      7   1345.83    473.30     374.52    0.266854   -13464.021430   -13463.754576   -13463.975132      5.85
       1557       1557.0      7   1207.13    464.91     381.66    0.271942   -13464.027694   -13463.755752   -13463.975625      5.53
       1558       1558.0      7   1258.72    469.54     379.18    0.270179   -13464.029120   -13463.758941   -13463.975298      5.75
       1559       1559.0      7   1269.47    471.42     383.46    0.273230   -13464.029140   -13463.755909   -13463.975170      5.83
       1560       1560.0      7   1264.32    471.50     383.92    0.273558   -13464.029835   -13463.756277   -13463.975533      5.59
       1561       1561.0      7   1252.60    459.50     377.31    0.268846   -13464.026901   -13463.758054   -13463.975660      5.51
       1562       1562.0      7   1229.47    457.48     370.39    0.263913   -13464.019193   -13463.755281   -13463.975440      5.65
       1563       1563.0      7   1252.36    463.07     356.33    0.253900   -13464.009935   -13463.756035   -13463.975141      5.85
       1564       1564.0      7   1243.07    458.28     346.41    0.246830   -13464.004224   -13463.757393   -13463.974698      6.14
       1565       1565.0      7   1249.73    460.81     353.40    0.251810   -13464.006593   -13463.754783   -13463.975267      5.77
       1566       1566.0      7   1322.42    452.95     355.78    0.253505   -13464.009267   -13463.755762   -13463.975378      5.69
       1567       1567.0      7   1280.90    449.72     363.26    0.258837   -13464.009559   -13463.750721   -13463.974894      6.01
       1568       1568.0      7   1256.77    412.84     364.16    0.259476   -13464.013096   -13463.753620   -13463.974874      6.02
       1569       1569.0      7   1266.26    461.75     371.65    0.264816   -13464.020504   -13463.755688   -13463.975022      5.92
       1570       1570.0      7   1257.84    455.39     385.06    0.274365   -13464.029445   -13463.755080   -13463.975376      5.69
       1571       1571.0      7   1300.52    484.75     387.61    0.276184   -13464.034690   -13463.758505   -13463.975676      5.50
       1572       1572.0      7   1273.91    459.29     381.46    0.271803   -13464.032763   -13463.760960   -13463.975181      5.82
       1573       1573.0      7   1268.28    450.51     383.74    0.273431   -13464.030620   -13463.757189   -13463.974856      6.03
       1574       1574.0     10   1403.80    463.35     381.79    0.272035   -13464.032317   -13463.760282   -13463.975274      5.76
       1575       1575.0      7   1215.80    469.88     380.20    0.270904   -13464.032804   -13463.761900   -13463.975107      5.87
       1576       1576.0      7   1249.99    462.46     384.49    0.273962   -13464.032906   -13463.758944   -13463.975133      5.85
       1577       1577.0      7   1223.05    469.73     383.35    0.273146   -13464.032468   -13463.759322   -13463.975035      5.92
       1578       1578.0      7   1265.10    469.56     385.37    0.274586   -13464.032877   -13463.758291   -13463.974805      6.07
       1579       1579.0      7   1213.75    458.66     380.60    0.271189   -13464.037047   -13463.765858   -13463.975022      5.92
       1580       1580.0      7   1242.22    470.83     389.87    0.277791   -13464.042207   -13463.764415   -13463.975372      5.70
       1581       1581.0      7   1238.87    448.11     390.69    0.278380   -13464.044145   -13463.765765   -13463.975161      5.83
       1582       1582.0      7   1256.44    457.20     390.69    0.278377   -13464.045033   -13463.766657   -13463.975103      5.87
       1583       1583.0      7   1251.73    464.80     387.49    0.276099   -13464.045935   -13463.769836   -13463.975251      5.78
       1584       1584.0      7   1259.49    429.84     386.18    0.275162   -13464.045622   -13463.770460   -13463.975059      5.90
       1585       1585.0      7   1269.23    434.12     381.06    0.271519   -13464.046205   -13463.774685   -13463.975115      5.86
       1586       1586.0      7   1262.85    417.90     382.93    0.272847   -13464.047458   -13463.774610   -13463.975093      5.88
       1587       1587.0      7   1245.37    416.13     386.16    0.275151   -13464.049313   -13463.774162   -13463.975041      5.91
       1588       1588.0      7   1262.98    478.53     393.43    0.280329   -13464.052331   -13463.772002   -13463.975018      5.93
       1589       1589.0      7   1268.10    446.62     391.03    0.278623   -13464.055856   -13463.777233   -13463.975262      5.77
       1590       1590.0      7   1250.05    456.39     388.70    0.276962   -13464.057090   -13463.780128   -13463.975072      5.89
       1591       1591.0      7   1230.23    459.00     395.74    0.281979   -13464.058019   -13463.776041   -13463.975201      5.81
       1592       1592.0      7   1233.36    451.04     393.71    0.280530   -13464.057219   -13463.776689   -13463.975327      5.73
       1593       1593.0      7   1278.36    447.56     376.90    0.268550   -13464.053027   -13463.784477   -13463.975224      5.79
       1594       1594.0      7   1230.08    453.61     361.37    0.257490   -13464.046973   -13463.789482   -13463.975250      5.78
       1595       1595.0      7   1234.35    464.43     350.84    0.249987   -13464.039735   -13463.789749   -13463.975034      5.92
       1596       1596.0      7   1208.18    470.47     339.58    0.241960   -13464.034532   -13463.792572   -13463.974808      6.06
       1597       1597.0      8   1279.62    471.15     340.00    0.242260   -13464.034469   -13463.792209   -13463.975060      5.90
       1598       1598.0      7   1219.64    471.40     338.14    0.240932   -13464.036498   -13463.795565   -13463.975198      5.81
       1599       1599.0      7   1164.99    468.69     343.62    0.244844   -13464.038714   -13463.793871   -13463.975073      5.89
       1600       1600.0      9   1397.95    473.83     349.75    0.249208   -13464.042550   -13463.793342   -13463.975103      5.87
       1601       1601.0      7   1268.57    473.15     367.14    0.261602   -13464.047656   -13463.786054   -13463.975064      5.90
       1602       1602.0      7   1237.74    454.78     378.11    0.269416   -13464.054294   -13463.784878   -13463.975353      5.71
       1603       1603.0      7   1204.23    401.27     389.07    0.277224   -13464.057952   -13463.780728   -13463.975522      5.60
       1604       1604.0      7   1244.78    406.98     383.19    0.273036   -13464.056121   -13463.783085   -13463.974995      5.94
       1605       1605.0      7   1284.38    440.54     387.62    0.276195   -13464.055380   -13463.779184   -13463.974975      5.96
       1606       1606.0      7   1277.53    483.16     388.26    0.276648   -13464.056203   -13463.779555   -13463.975454      5.64
       1607       1607.0      7   1200.01    447.00     385.43    0.274635   -13464.052753   -13463.778118   -13463.975265      5.77
       1608       1608.0      7   1237.61    453.12     373.01    0.265781   -13464.046747   -13463.780967   -13463.975079      5.89
       1609       1609.0      7   1253.89    455.95     370.43    0.263947   -13464.041771   -13463.777824   -13463.974804      6.07
       1610       1610.0      7   1268.41    479.27     369.88    0.263549   -13464.041394   -13463.777845   -13463.975034      5.92
       1611       1611.0      7   1282.67    467.03     367.34    0.261743   -13464.041751   -13463.780008   -13463.975603      5.55
       1612       1612.0      7   1265.94    466.89     359.29    0.256007   -13464.035342   -13463.779335   -13463.975094      5.88
       1613       1613.0      7   1264.60    454.45     348.31    0.248185   -13464.028722   -13463.780537   -13463.974362      6.35
       1614       1614.0      7   1274.80    469.15     351.15    0.250207   -13464.031163   -13463.780956   -13463.974940      5.98
       1615       1615.0      7   1281.55    457.51     357.72    0.254890   -13464.035449   -13463.780559   -13463.975384      5.69
       1616       1616.0      7   1183.04    449.75     353.03    0.251545   -13464.034665   -13463.783120   -13463.975220      5.80
       1617       1617.0      7   1267.49    477.20     349.71    0.249178   -13464.030783   -13463.781605   -13463.974975      5.96
       1618       1618.0      7   1259.54    469.81     343.74    0.244926   -13464.028890   -13463.783964   -13463.974508      6.26
       1619       1619.0      7   1191.82    458.47     356.10    0.253730   -13464.034622   -13463.780892   -13463.975183      5.82
       1620       1620.0      7   1232.37    406.64     354.31    0.252455   -13464.038874   -13463.786419   -13463.975679      5.50
       1621       1621.0      7   1281.72    454.13     349.83    0.249263   -13464.034462   -13463.785199   -13463.974913      6.00
       1622       1622.0      9   1332.78    426.84     349.90    0.249314   -13464.030956   -13463.781642   -13463.974614      6.19
       1623       1623.0      7   1248.17    417.04     349.28    0.248876   -13464.032433   -13463.783558   -13463.975101      5.87
       1624       1624.0      7   1269.14    446.72     350.44    0.249698   -13464.032663   -13463.782965   -13463.974988      5.95
       1625       1625.0      7   1285.74    472.31     354.42    0.252538   -13464.032164   -13463.779626   -13463.974916      5.99
       1626       1626.0      7   1231.51    464.02     355.78    0.253507   -13464.032547   -13463.779040   -13463.974826      6.05
       1627       1627.0      7   1223.70    457.72     352.71    0.251317   -13464.035409   -13463.784092   -13463.974906      6.00
       1628       1628.0      7   1221.58    425.63     361.59    0.257647   -13464.039460   -13463.781813   -13463.975386      5.69
       1629       1629.0      7   1255.53    459.59     350.81    0.249965   -13464.038536   -13463.788571   -13463.975099      5.87
       1630       1630.0      7   1261.07    457.98     350.42    0.249689   -13464.035998   -13463.786309   -13463.974565      6.22
       1631       1631.0      7   1261.55    460.09     355.34    0.253189   -13464.037873   -13463.784684   -13463.975038      5.91
       1632       1632.0      7   1242.39    445.49     351.93    0.250759   -13464.037492   -13463.786733   -13463.975300      5.74
       1633       1633.0      7   1213.03    442.22     339.38    0.241821   -13464.030929   -13463.789108   -13463.974864      6.03
       1634       1634.0      7   1190.25    392.43     330.50    0.235489   -13464.024262   -13463.788773   -13463.974647      6.17
       1635       1635.0      7   1231.67    423.05     328.49    0.234060   -13464.022031   -13463.787970   -13463.974626      6.18
       1636       1636.0      7   1236.88    388.53     337.87    0.240746   -13464.024561   -13463.783815   -13463.974971      5.96
       1637       1637.0      7   1249.56    441.36     344.63    0.245558   -13464.027047   -13463.781489   -13463.974998      5.94
       1638       1638.0      7   1304.31    437.65     341.34    0.243216   -13464.028290   -13463.785074   -13463.974624      6.18
       1639       1639.0      7   1226.99    461.24     351.26    0.250281   -13464.032889   -13463.782608   -13463.974577      6.21
       1640       1640.0      7   1223.33    438.53     366.60    0.261214   -13464.041308   -13463.780094   -13463.974945      5.97
       1641       1641.0      7   1234.01    449.39     369.91    0.263574   -13464.048066   -13463.784492   -13463.975110      5.87
       1642       1642.0      7   1213.10    443.56     379.21    0.270201   -13464.050794   -13463.780592   -13463.974956      5.97
       1643       1643.0      7   1248.25    460.02     385.83    0.274914   -13464.052396   -13463.777482   -13463.974672      6.15
       1644       1644.0      7   1193.00    458.36     394.48    0.281082   -13464.056541   -13463.775459   -13463.974949      5.97
       1645       1645.0      7   1211.53    457.18     395.11    0.281527   -13464.059519   -13463.777993   -13463.975170      5.83
       1646       1646.0      7   1210.42    435.97     394.23    0.280900   -13464.058054   -13463.777154   -13463.974811      6.06
       1647       1647.0      7   1266.06    391.35     398.37    0.283851   -13464.056411   -13463.772560   -13463.974663      6.16
       1648       1648.0      7   1231.17    449.60     397.09    0.282938   -13464.056677   -13463.773740   -13463.974802      6.07
       1649       1649.0      7   1262.67    432.17     399.58    0.284717   -13464.056707   -13463.771990   -13463.975068      5.90
       1650       1650.0      7   1250.36    475.75     387.65    0.276210   -13464.052888   -13463.776678   -13463.975028      5.92
       1651       1651.0      7   1241.84    434.70     381.47    0.271807   -13464.046638   -13463.774831   -13463.974583      6.21
       1652       1652.0      7   1217.39    451.10     373.66    0.266242   -13464.044382   -13463.778141   -13463.974701      6.13
       1653       1653.0      7   1239.54    474.04     373.25    0.265950   -13464.044435   -13463.778485   -13463.975352      5.71
       1654       1654.0      7   1158.24    462.89     365.53    0.260452   -13464.038478   -13463.778026   -13463.975014      5.93
       1655       1655.0      7   1166.02    434.59     356.43    0.253970   -13464.030416   -13463.776446   -13463.974358      6.36
       1656       1656.0      7   1248.75    424.05     360.73    0.257029   -13464.028876   -13463.771848   -13463.974536      6.24
       1657       1657.0      7   1217.87    413.23     363.48    0.258993   -13464.031394   -13463.772401   -13463.974949      5.97
       1658       1658.0      7   1213.75    431.29     360.08    0.256568   -13464.031676   -13463.775108   -13463.974895      6.01
       1659       1659.0      7   1253.75    445.33     358.79    0.255652   -13464.030565   -13463.774913   -13463.974498      6.26
       1660       1660.0      7   1217.95    456.03     371.01    0.264357   -13464.033775   -13463.769418   -13463.974523      6.25
       1661       1661.0      7   1211.31    469.22     385.52    0.274693   -13464.040688   -13463.765995   -13463.975146      5.84
       1662       1662.0      7   1219.97    470.77     390.97    0.278578   -13464.042170   -13463.763592   -13463.975263      5.77
       1663       1663.0      7   1194.77    454.54     390.33    0.278124   -13464.036069   -13463.757946   -13463.974501      6.26
       1664       1664.0      7   1164.09    462.26     382.11    0.272266   -13464.031664   -13463.759399   -13463.974360      6.36
       1665       1665.0      7   1218.78    453.99     374.75    0.267022   -13464.030445   -13463.763423   -13463.974914      6.00
       1666       1666.0      7   1209.39    400.38     366.84    0.261387   -13464.025000   -13463.763613   -13463.974765      6.09
       1667       1667.0      7   1258.17    406.11     362.59    0.258354   -13464.016592   -13463.758238   -13463.974329      6.38
       1668       1668.0      7   1258.08    476.51     351.22    0.250255   -13464.011418   -13463.761163   -13463.974223      6.44
       1669       1669.0      7   1248.87    446.46     349.28    0.248872   -13464.011930   -13463.763058   -13463.974461      6.29
       1670       1670.0      7   1224.18    451.25     351.90    0.250738   -13464.014993   -13463.764255   -13463.974843      6.04
       1671       1671.0      7   1249.26    443.77     352.47    0.251145   -13464.015549   -13463.764403   -13463.974645      6.17
       1672       1672.0      7   1177.53    450.12     352.26    0.251000   -13464.016448   -13463.765448   -13463.974162      6.48
       1673       1673.0      7   1251.60    449.37     368.33    0.262448   -13464.023481   -13463.761033   -13463.974705      6.13
       1674       1674.0      7   1159.51    455.70     382.89    0.272823   -13464.029515   -13463.756692   -13463.975136      5.85
       1675       1675.0      7   1215.76    419.33     376.57    0.268321   -13464.027828   -13463.759507   -13463.974670      6.15
       1676       1676.0      7   1212.84    448.40     363.27    0.258839   -13464.024544   -13463.765706   -13463.974272      6.41
       1677       1677.0      7   1211.75    397.30     363.00    0.258649   -13464.026031   -13463.767382   -13463.974537      6.24
       1678       1678.0      7   1240.11    421.88     362.88    0.258563   -13464.029122   -13463.770559   -13463.974962      5.96
       1679       1679.0      7   1242.00    405.75     359.91    0.256451   -13464.027785   -13463.771334   -13463.974906      6.00
       1680       1680.0      7   1225.33    422.65     360.21    0.256659   -13464.023037   -13463.766378   -13463.974347      6.36
       1681       1681.0      7   1233.76    471.82     353.27    0.251719   -13464.022658   -13463.770939   -13463.974222      6.44
       1682       1682.0      7   1212.10    457.09     354.32    0.252465   -13464.027776   -13463.775311   -13463.975040      5.91
       1683       1683.0      7   1216.40    451.60     359.76    0.256342   -13464.027684   -13463.771342   -13463.975113      5.87
       1684       1684.0      7   1224.06    465.66     352.15    0.250920   -13464.020636   -13463.769717   -13463.974280      6.41
       1685       1685.0      8   1261.52    449.88     351.29    0.250305   -13464.017477   -13463.767173   -13463.973997      6.59
       1686       1686.0      7   1214.61    445.09     356.17    0.253785   -13464.022083   -13463.768298   -13463.974626      6.18
       1687       1687.0      7   1159.40    455.01     359.89    0.256434   -13464.026120   -13463.769686   -13463.974874      6.02
       1688       1688.0      7   1176.57    457.36     356.93    0.254325   -13464.025596   -13463.771272   -13463.974463      6.29
       1689       1689.0      7   1162.88    454.61     356.93    0.254323   -13464.026387   -13463.772064   -13463.973950      6.62
       1690       1690.0      7   1228.14    445.06     367.09    0.261564   -13464.035424   -13463.773860   -13463.974313      6.39
       1691       1691.0      7   1229.15    419.52     377.32    0.268850   -13464.046948   -13463.778098   -13463.975113      5.87
       1692       1692.0      7   1184.03    446.30     374.20    0.266632   -13464.049811   -13463.783179   -13463.974771      6.09
       1693       1693.0      7   1248.79    453.27     364.05    0.259395   -13464.048230   -13463.788835   -13463.974097      6.53
       1694       1694.0      7   1212.03    452.03     368.01    0.262220   -13464.051876   -13463.789657   -13463.974339      6.37
       1695       1695.0      7   1234.47    447.45     365.81    0.260650   -13464.058008   -13463.797358   -13463.975001      5.94
       1696       1696.0      7   1193.90    455.95     367.05    0.261532   -13464.057766   -13463.796234   -13463.975016      5.93
       1697       1697.0      7   1184.01    458.63     356.85    0.254264   -13464.051032   -13463.796768   -13463.974485      6.27
       1698       1698.0      7   1211.98    464.57     349.60    0.249099   -13464.045973   -13463.796874   -13463.974039      6.56
       1699       1699.0      7   1193.20    432.42     354.45    0.252554   -13464.048414   -13463.795860   -13463.974573      6.22
       1700       1700.0      7   1166.45    421.90     364.76    0.259904   -13464.051054   -13463.791150   -13463.974859      6.03
       1701       1701.0      7   1179.33    435.41     360.38    0.256785   -13464.048699   -13463.791914   -13463.974363      6.35
       1702       1702.0      7   1241.16    431.36     364.86    0.259977   -13464.047612   -13463.787635   -13463.973974      6.61
       1703       1703.0      7   1224.21    431.77     376.06    0.267953   -13464.053432   -13463.785478   -13463.974359      6.36
       1704       1704.0      7   1244.97    465.63     391.59    0.279017   -13464.061210   -13463.782193   -13463.974872      6.02
       1705       1705.0      7   1238.67    430.87     394.74    0.281264   -13464.064192   -13463.782928   -13463.974657      6.16
       1706       1706.0      8   1277.51    457.18     392.05    0.279351   -13464.065452   -13463.786101   -13463.974136      6.50
       1707       1707.0      9   1347.40    464.35     406.40    0.289572   -13464.071800   -13463.782228   -13463.974359      6.36
       1708       1708.0      9   1340.00    473.04     416.46    0.296738   -13464.079779   -13463.783041   -13463.974987      5.95
       1709       1709.0      7   1238.59    458.75     412.22    0.293722   -13464.080547   -13463.786825   -13463.974769      6.09
       1710       1710.0      7   1202.79    455.62     401.12    0.285813   -13464.076708   -13463.790896   -13463.974083      6.53
       1711       1711.0      9   1368.18    445.54     404.99    0.288568   -13464.077453   -13463.788885   -13463.974374      6.35
       1712       1712.0      7   1265.40    445.31     409.70    0.291924   -13464.080110   -13463.788185   -13463.975007      5.93
       1713       1713.0      7   1195.58    448.99     402.88    0.287063   -13464.075835   -13463.788772   -13463.974896      6.01
       1714       1714.0      7   1196.22    449.78     387.35    0.275997   -13464.066406   -13463.790409   -13463.974412      6.32
       1715       1715.0      7   1219.37    449.54     379.75    0.270586   -13464.059703   -13463.789117   -13463.974285      6.40
       1716       1716.0      7   1237.95    442.79     383.50    0.273257   -13464.058001   -13463.784744   -13463.974661      6.16
       1717       1717.0      7   1265.98    448.19     383.33    0.273139   -13464.055282   -13463.782143   -13463.974916      5.99
       1718       1718.0      7   1245.62    443.36     384.52    0.273980   -13464.047105   -13463.773125   -13463.974271      6.41
       1719       1719.0      7   1265.10    444.17     371.32    0.264580   -13464.041240   -13463.776660   -13463.973734      6.76
       1720       1720.0      7   1212.92    455.74     380.36    0.271018   -13464.044185   -13463.773168   -13463.974496      6.27
       1721       1721.0      7   1221.53    449.70     379.01    0.270054   -13464.046674   -13463.776619   -13463.974718      6.12
       1722       1722.0      7   1254.31    467.45     381.15    0.271583   -13464.044839   -13463.773256   -13463.974450      6.30
       1723       1723.0      7   1226.26    463.17     382.86    0.272797   -13464.042173   -13463.769376   -13463.974337      6.37
       1724       1724.0      7   1206.94    461.33     374.67    0.266967   -13464.040759   -13463.773792   -13463.974120      6.51
       1725       1725.0      7   1229.64    447.09     386.24    0.275208   -13464.042065   -13463.766857   -13463.974674      6.15
       1726       1726.0      7   1227.12    434.83     385.45    0.274645   -13464.038024   -13463.763378   -13463.974808      6.06
       1727       1727.0      7   1225.33    426.83     372.62    0.265507   -13464.026548   -13463.761042   -13463.973710      6.78
       1728       1728.0      7   1228.24    426.71     357.87    0.254994   -13464.021567   -13463.766573   -13463.973664      6.81
       1729       1729.0      7   1262.04    467.94     364.04    0.259390   -13464.024180   -13463.764790   -13463.974567      6.22
       1730       1730.0      7   1239.46    439.74     364.95    0.260040   -13464.022716   -13463.762676   -13463.974350      6.36
       1731       1731.0      7   1193.05    450.57     361.04    0.257252   -13464.018403   -13463.761151   -13463.973860      6.68
       1732       1732.0      7   1193.11    453.77     364.92    0.260019   -13464.018226   -13463.758207   -13463.973590      6.86
       1733       1733.0      7   1137.77    465.42     370.05    0.263676   -13464.025358   -13463.761682   -13463.974035      6.57
       1734       1734.0      7   1196.01    380.78     383.68    0.273381   -13464.032839   -13463.759458   -13463.974706      6.13
       1735       1735.0      7   1199.07    431.67     382.98    0.272884   -13464.031592   -13463.758707   -13463.974171      6.48
       1736       1736.0      7   1270.25    452.14     397.34    0.283120   -13464.028925   -13463.745805   -13463.973408      6.97
       1737       1737.0      7   1240.57    429.42     410.28    0.292340   -13464.034406   -13463.742065   -13463.974228      6.44
       1738       1738.0      7   1201.76    456.47     414.26    0.295177   -13464.037949   -13463.742772   -13463.974569      6.22
       1739       1739.0      7   1229.29    447.57     409.06    0.291471   -13464.033834   -13463.742362   -13463.974119      6.51
       1740       1740.0      7   1219.78    464.89     400.38    0.285284   -13464.027729   -13463.742445   -13463.973685      6.79
       1741       1741.0      7   1195.92    460.36     396.52    0.282536   -13464.026057   -13463.743520   -13463.973533      6.89
       1742       1742.0      7   1139.83    418.99     408.73    0.291235   -13464.029883   -13463.738649   -13463.974163      6.48
       1743       1743.0      7   1162.37    455.22     410.64    0.292594   -13464.029860   -13463.737266   -13463.974398      6.33
       1744       1744.0      7   1189.62    439.79     408.51    0.291079   -13464.022738   -13463.731658   -13463.973456      6.94
       1745       1745.0      7   1171.76    454.86     403.43    0.287458   -13464.020622   -13463.733165   -13463.973407      6.97
       1746       1746.0      7   1161.21    417.33     405.78    0.289134   -13464.024886   -13463.735752   -13463.974255      6.42
       1747       1747.0      7   1215.36    406.77     403.84    0.287746   -13464.025048   -13463.737302   -13463.974183      6.47
       1748       1748.0      7   1164.35    437.42     390.42    0.278190   -13464.021248   -13463.743058   -13463.973822      6.70
       1749       1749.0      7   1222.95    443.16     387.82    0.276337   -13464.019744   -13463.743407   -13463.973338      7.02
       1750       1750.0      7   1210.98    442.27     388.44    0.276778   -13464.026519   -13463.749741   -13463.973650      6.82
       1751       1751.0      7   1199.20    451.30     403.34    0.287396   -13464.035952   -13463.748556   -13463.974453      6.29
       1752       1752.0      7   1236.67    451.12     397.33    0.283108   -13464.036460   -13463.753352   -13463.974142      6.50
       1753       1753.0      7   1206.28    457.00     398.12    0.283673   -13464.032415   -13463.748742   -13463.973167      7.13
       1754       1754.0      7   1235.44    448.94     401.33    0.285963   -13464.036666   -13463.750703   -13463.973785      6.73
       1755       1755.0      7   1214.87    459.93     411.98    0.293549   -13464.042863   -13463.749314   -13463.974426      6.31
       1756       1756.0      7   1186.25    449.43     421.94    0.300645   -13464.042408   -13463.741763   -13463.974286      6.40
       1757       1757.0      7   1179.38    392.79     418.81    0.298414   -13464.036866   -13463.738452   -13463.973782      6.73
       1758       1758.0      7   1212.08    425.21     410.02    0.292151   -13464.033390   -13463.741239   -13463.973428      6.96
       1759       1759.0      8   1252.91    398.73     419.45    0.298874   -13464.036277   -13463.737404   -13463.973786      6.73
       1760       1760.0      7   1205.22    445.17     420.36    0.299517   -13464.039967   -13463.740451   -13463.973989      6.60
       1761       1761.0      7   1207.29    445.01     421.43    0.300281   -13464.040035   -13463.739754   -13463.973572      6.87
       1762       1762.0      7   1228.64    444.09     427.86    0.304865   -13464.041980   -13463.737115   -13463.973313      7.04
       1763       1763.0      7   1221.52    452.55     442.14    0.315042   -13464.049371   -13463.734328   -13463.973995      6.59
       1764       1764.0     10   1342.70    455.37     451.59    0.321772   -13464.054671   -13463.732899   -13463.974083      6.54
       1765       1765.0      7   1208.75    442.82     450.40    0.320926   -13464.055842   -13463.734917   -13463.974027      6.57
       1766       1766.0      7   1190.99    423.03     448.33    0.319448   -13464.056036   -13463.736588   -13463.973769      6.74
       1767       1767.0      7   1181.42    461.04     452.62    0.322508   -13464.058605   -13463.736097   -13463.973982      6.60
       1768       1768.0      7   1186.27    457.15     450.61    0.321075   -13464.060102   -13463.739027   -13463.974100      6.52
       1769       1769.0      7   1173.15    460.76     443.90    0.316291   -13464.057147   -13463.740856   -13463.974020      6.58
       1770       1770.0      7   1167.60    456.61     423.60    0.301828   -13464.050964   -13463.749136   -13463.973435      6.96
       1771       1771.0      7   1185.56    448.89     420.64    0.299719   -13464.049467   -13463.749749   -13463.973583      6.86
       1772       1772.0      7   1172.73    411.28     420.32    0.299494   -13464.051476   -13463.751982   -13463.974250      6.43
       1773       1773.0      7   1209.59    439.38     413.87    0.294899   -13464.049025   -13463.754126   -13463.974132      6.50
       1774       1774.0      7   1209.45    431.25     411.69    0.293341   -13464.044334   -13463.750993   -13463.973605      6.85
       1775       1775.0      7   1197.66    441.77     407.82    0.290587   -13464.044846   -13463.754259   -13463.973599      6.85
       1776       1776.0      7   1213.63    471.56     412.80    0.294133   -13464.050629   -13463.756495   -13463.973903      6.65
       1777       1777.0      7   1205.11    415.48     422.60    0.301119   -13464.056165   -13463.755046   -13463.974114      6.51
       1778       1778.0      7   1216.59    445.76     417.87    0.297746   -13464.057011   -13463.759265   -13463.973942      6.63
       1779       1779.0      7   1235.29    439.49     412.71    0.294066   -13464.055841   -13463.761775   -13463.973386      6.99
       1780       1780.0      7   1219.98    439.84     412.21    0.293714   -13464.059831   -13463.766117   -13463.973994      6.59
       1781       1781.0      7   1214.66    446.59     419.88    0.299179   -13464.062356   -13463.763177   -13463.974558      6.23
       1782       1782.0      7   1191.64    443.58     416.65    0.296880   -13464.055998   -13463.759118   -13463.974196      6.46
       1783       1783.0      7   1143.55    442.78     393.63    0.280477   -13464.045849   -13463.765372   -13463.973553      6.88
       1784       1784.0      7   1220.84    454.16     383.67    0.273377   -13464.040553   -13463.767176   -13463.973839      6.69
       1785       1785.0      7   1234.13    432.14     378.06    0.269380   -13464.036710   -13463.767330   -13463.974061      6.55
       1786       1786.0      7   1212.36    441.34     367.68    0.261981   -13464.029269   -13463.767289   -13463.974025      6.57
       1787       1787.0      7   1190.74    407.71     358.02    0.255102   -13464.018030   -13463.762928   -13463.973458      6.94
       1788       1788.0      7   1230.72    405.32     348.24    0.248132   -13464.010789   -13463.762657   -13463.973161      7.13
       1789       1789.0      7   1185.30    461.15     340.59    0.242681   -13464.012103   -13463.769423   -13463.973941      6.63
       1790       1790.0      7   1188.81    435.19     342.36    0.243940   -13464.013542   -13463.769601   -13463.974316      6.38
       1791       1791.0      7   1192.25    432.84     340.46    0.242587   -13464.011062   -13463.768475   -13463.973821      6.70
       1792       1792.0      7   1230.71    467.02     341.26    0.243158   -13464.011681   -13463.768523   -13463.973551      6.88
       1793       1793.0      7   1199.55    443.19     351.74    0.250626   -13464.018525   -13463.767898   -13463.973933      6.63
       1794       1794.0      7   1189.59    435.83     362.46    0.258267   -13464.025014   -13463.766747   -13463.974015      6.58
       1795       1795.0      7   1184.98    441.37     373.00    0.265775   -13464.026937   -13463.761161   -13463.973978      6.60
       1796       1796.0      7   1220.79    442.67     361.38    0.257494   -13464.024209   -13463.766715   -13463.973365      7.00
       1797       1797.0      7   1199.66    450.35     370.90    0.264279   -13464.025145   -13463.760866   -13463.973480      6.93
       1798       1798.0      7   1169.44    416.41     367.00    0.261499   -13464.029273   -13463.767775   -13463.974524      6.25
       1799       1799.0     10   1272.85    408.10     355.93    0.253609   -13464.024585   -13463.770976   -13463.974235      6.44
       1800       1800.0      7   1205.20    458.28     357.27    0.254564   -13464.015159   -13463.760595   -13463.973393      6.98
       1801       1801.0      7   1200.71    435.98     357.57    0.254783   -13464.013814   -13463.759031   -13463.973559      6.88
       1802       1802.0      7   1240.89    450.24     360.02    0.256525   -13464.018086   -13463.761561   -13463.973938      6.63
       1803       1803.0      7   1211.91    462.71     360.86    0.257125   -13464.020056   -13463.762931   -13463.973841      6.69
       1804       1804.0      7   1189.84    450.89     364.12    0.259451   -13464.018635   -13463.759184   -13463.973633      6.83
       1805       1805.0      7   1238.34    439.54     363.03    0.258674   -13464.016653   -13463.757980   -13463.973282      7.06
       1806       1806.0      7   1164.02    461.64     367.37    0.261763   -13464.019327   -13463.757564   -13463.973640      6.82
       1807       1807.0      7   1179.19    438.37     377.66    0.269098   -13464.023382   -13463.754284   -13463.974425      6.31
       1808       1808.0      7   1194.85    452.12     376.70    0.268408   -13464.020390   -13463.751981   -13463.974116      6.51
       1809       1809.0      7   1208.15    456.70     371.38    0.264618   -13464.014954   -13463.750336   -13463.973562      6.87
       1810       1810.0      7   1234.59    438.94     369.89    0.263559   -13464.014408   -13463.750849   -13463.973656      6.81
       1811       1811.0     10   1362.90    398.96     372.94    0.265734   -13464.016846   -13463.751112   -13463.973603      6.85
       1812       1812.0     10   1357.36    426.95     377.83    0.269213   -13464.020523   -13463.751310   -13463.973859      6.68
       1813       1813.0      7   1239.14    421.15     376.74    0.268441   -13464.021806   -13463.753365   -13463.973808      6.71
       1814       1814.0      7   1179.75    418.37     387.20    0.275896   -13464.020272   -13463.744376   -13463.973482      6.93
       1815       1815.0      7   1175.18    437.12     399.95    0.284977   -13464.020645   -13463.735668   -13463.973713      6.78
       1816       1816.0      7   1185.13    458.27     389.02    0.277191   -13464.020438   -13463.743247   -13463.974418      6.32
       1817       1817.0      7   1203.59    437.24     395.83    0.282045   -13464.012744   -13463.730699   -13463.973964      6.61
       1818       1818.0      7   1203.23    449.43     385.61    0.274756   -13464.003036   -13463.728280   -13463.973594      6.85
       1819       1819.0      7   1183.38    450.49     383.95    0.273575   -13463.995750   -13463.722175   -13463.973629      6.83
       1820       1820.0      7   1176.41    457.95     377.86    0.269235   -13463.989109   -13463.719873   -13463.973308      7.04
       1821       1821.0      7   1159.24    452.51     373.26    0.265957   -13463.984793   -13463.718835   -13463.973181      7.12
       1822       1822.0      7   1211.89    439.87     365.12    0.260160   -13463.983307   -13463.723147   -13463.973272      7.06
       1823       1823.0      7   1220.84    441.00     368.84    0.262813   -13463.984142   -13463.721329   -13463.973145      7.14
       1824       1824.0      7   1239.63    450.64     381.05    0.271508   -13463.989784   -13463.718276   -13463.973568      6.87
       1825       1825.0      7   1171.20    450.03     388.34    0.276706   -13463.995744   -13463.719038   -13463.974095      6.53
       1826       1826.0      7   1193.47    458.21     384.94    0.274284   -13463.996719   -13463.722435   -13463.973542      6.89
       1827       1827.0      7   1175.60    441.17     383.08    0.272954   -13463.998807   -13463.725853   -13463.973724      6.77
       1828       1828.0      8   1275.22    434.10     382.58    0.272600   -13463.999288   -13463.726687   -13463.973887      6.66
       1829       1829.0      7   1233.95    434.07     375.65    0.267663   -13463.994112   -13463.726449   -13463.973317      7.03
       1830       1830.0      7   1206.21    411.15     369.06    0.262970   -13463.988832   -13463.725862   -13463.973046      7.21
       1831       1831.0      7   1211.98    411.61     362.22    0.258097   -13463.986140   -13463.728043   -13463.973425      6.96
       1832       1832.0      7   1242.82    398.79     361.82    0.257811   -13463.982265   -13463.724454   -13463.973302      7.04
       1833       1833.0      7   1195.59    443.47     354.17    0.252359   -13463.979264   -13463.726905   -13463.973288      7.05
       1834       1834.0      7   1233.57    445.79     350.33    0.249620   -13463.978900   -13463.729280   -13463.973453      6.94
       1835       1835.0      7   1205.12    461.72     348.93    0.248627   -13463.980854   -13463.732227   -13463.973251      7.08
       1836       1836.0      7   1203.34    415.67     355.42    0.253245   -13463.987059   -13463.733814   -13463.973486      6.92
       1837       1837.0      7   1226.55    443.16     369.18    0.263052   -13463.993375   -13463.730322   -13463.973548      6.88
       1838       1838.0      7   1221.21    452.17     373.46    0.266104   -13463.997028   -13463.730924   -13463.973099      7.17
       1839       1839.0      7   1119.40    424.56     379.98    0.270746   -13464.002244   -13463.731497   -13463.973100      7.17
       1840       1840.0      7   1184.86    416.63     392.01    0.279321   -13464.008936   -13463.729616   -13463.973457      6.94
       1841       1841.0      7   1209.61    364.68     393.77    0.280574   -13464.013281   -13463.732706   -13463.973391      6.98
       1842       1842.0      7   1245.96    426.46     395.16    0.281566   -13464.016624   -13463.735058   -13463.973481      6.93
       1843       1843.0      7   1207.93    410.55     401.76    0.286268   -13464.019607   -13463.733340   -13463.973437      6.95
       1844       1844.0      7   1200.18    376.10     413.00    0.294273   -13464.023614   -13463.729342   -13463.973362      7.00
       1845       1845.0      7   1223.15    417.18     421.59    0.300398   -13464.028287   -13463.727889   -13463.973824      6.70
       1846       1846.0      7   1176.00    452.02     415.42    0.295998   -13464.026991   -13463.730994   -13463.973536      6.89
       1847       1847.0      7   1214.71    417.13     402.76    0.286981   -13464.022638   -13463.735657   -13463.973010      7.23
       1848       1848.0      7   1182.43    442.70     396.55    0.282554   -13464.021688   -13463.739134   -13463.973528      6.90
       1849       1849.0      7   1215.71    432.22     386.45    0.275357   -13464.018320   -13463.742963   -13463.973830      6.70
       1850       1850.0      9   1238.81    446.49     371.65    0.264811   -13464.009339   -13463.744528   -13463.973409      6.97
       1851       1851.0      9   1305.67    446.51     363.47    0.258981   -13464.001488   -13463.742506   -13463.973194      7.11
       1852       1852.0      9   1290.08    386.41     359.19    0.255937   -13463.998450   -13463.742513   -13463.973266      7.07
       1853       1853.0      7   1189.11    423.69     364.20    0.259504   -13463.999777   -13463.740273   -13463.973382      6.99
       1854       1854.0      7   1186.03    450.95     374.36    0.266742   -13464.003617   -13463.736875   -13463.973648      6.82
       1855       1855.0      7   1215.94    414.46     384.89    0.274244   -13464.006074   -13463.731831   -13463.973265      7.07
       1856       1856.0      7   1221.88    388.73     396.19    0.282302   -13464.010799   -13463.728498   -13463.973093      7.18
       1857       1857.0      7   1222.06    434.97     405.94    0.289242   -13464.019385   -13463.730143   -13463.973523      6.90
       1858       1858.0      7   1234.95    468.75     417.58    0.297536   -13464.026107   -13463.728571   -13463.973764      6.74
       1859       1859.0      7   1251.96    411.70     417.84    0.297723   -13464.027243   -13463.729519   -13463.973823      6.70
       1860       1860.0      7   1219.14    442.31     421.11    0.300058   -13464.022400   -13463.722342   -13463.973705      6.78
       1861       1861.0      7   1224.16    428.61     406.63    0.289738   -13464.013821   -13463.724083   -13463.973390      6.99
       1862       1862.0      7   1205.50    451.31     387.40    0.276032   -13464.005835   -13463.729803   -13463.973498      6.91
       1863       1863.0      7   1229.00    442.59     379.08    0.270106   -13463.997520   -13463.727414   -13463.973551      6.88
       1864       1864.0      7   1192.10    454.49     360.83    0.257104   -13463.987937   -13463.730833   -13463.973056      7.20
       1865       1865.0      7   1177.92    432.15     359.58    0.256216   -13463.983360   -13463.727144   -13463.972989      7.25
       1866       1866.0      7   1165.64    448.84     365.53    0.260450   -13463.985009   -13463.724558   -13463.973414      6.97
       1867       1867.0      7   1201.24    442.87     364.76    0.259905   -13463.987145   -13463.727240   -13463.973629      6.83
       1868       1868.0      7   1190.37    449.80     365.35    0.260321   -13463.986952   -13463.726632   -13463.973367      7.00
       1869       1869.0      7   1176.36    448.55     370.81    0.264211   -13463.988252   -13463.724041   -13463.973092      7.18
       1870       1870.0      7   1190.43    406.44     383.26    0.273082   -13463.994257   -13463.721175   -13463.973402      6.98
       1871       1871.0      9   1292.21    435.50     380.41    0.271057   -13463.999505   -13463.728448   -13463.973857      6.68
       1872       1872.0     10   1343.44    449.07     383.89    0.273534   -13463.996865   -13463.723331   -13463.973612      6.84
       1873       1873.0      9   1314.93    455.25     371.61    0.264784   -13463.990055   -13463.725271   -13463.972840      7.34
       1874       1874.0      8   1293.79    411.51     362.68    0.258424   -13463.989697   -13463.731272   -13463.972891      7.31
       1875       1875.0      7   1228.28    447.03     371.62    0.264789   -13463.995792   -13463.731003   -13463.973576      6.86
       1876       1876.0      7   1236.21    443.78     377.37    0.268886   -13463.999646   -13463.730760   -13463.973640      6.82
       1877       1877.0      7   1203.52    430.83     381.71    0.271978   -13463.999781   -13463.727803   -13463.973115      7.16
       1878       1878.0      7   1182.74    424.15     386.32    0.275265   -13464.002803   -13463.727538   -13463.973003      7.24
       1879       1879.0      7   1212.58    451.22     394.64    0.281194   -13464.009958   -13463.728764   -13463.973424      6.96
       1880       1880.0      8   1269.07    453.29     399.89    0.284937   -13464.014999   -13463.730062   -13463.973718      6.77
       1881       1881.0      7   1152.49    429.24     398.78    0.284145   -13464.013921   -13463.729776   -13463.973447      6.95
       1882       1882.0      7   1173.02    438.31     393.34    0.280265   -13464.010460   -13463.730195   -13463.973030      7.22
       1883       1883.0      7   1146.01    457.89     395.20    0.281590   -13464.010680   -13463.729090   -13463.973315      7.03
       1884       1884.0      7   1167.73    443.73     390.18    0.278018   -13464.011784   -13463.733766   -13463.973592      6.85
       1885       1885.0      7   1161.92    420.74     389.14    0.277276   -13464.010350   -13463.733073   -13463.973244      7.08
       1886       1886.0      7   1222.09    405.17     395.03    0.281472   -13464.011138   -13463.729667   -13463.972910      7.30
       1887       1887.0      7   1156.98    424.26     409.01    0.291435   -13464.017709   -13463.726275   -13463.973277      7.06
       1888       1888.0      7   1222.21    411.05     420.61    0.299696   -13464.024602   -13463.724907   -13463.973546      6.88
       1889       1889.0      7   1193.90    442.92     437.78    0.311935   -13464.026522   -13463.714587   -13463.973581      6.86
       1890       1890.0      7   1219.89    419.88     440.19    0.313646   -13464.023014   -13463.709368   -13463.972896      7.31
       1891       1891.0      7   1204.11    454.50     440.17    0.313636   -13464.022978   -13463.709342   -13463.972804      7.37
       1892       1892.0      7   1213.97    450.01     438.42    0.312392   -13464.027868   -13463.715476   -13463.973694      6.79
       1893       1893.0      7   1187.08    440.72     433.55    0.308915   -13464.026407   -13463.717492   -13463.973839      6.69
       1894       1894.0      7   1155.34    445.85     422.80    0.301259   -13464.016658   -13463.715399   -13463.972967      7.26
       1895       1895.0      7   1200.81    423.54     410.76    0.292677   -13464.010178   -13463.717501   -13463.972379      7.64
       1896       1896.0      7   1195.42    443.19     408.65    0.291179   -13464.014900   -13463.723722   -13463.972817      7.36
       1897       1897.0      8   1274.20    406.79     420.97    0.299953   -13464.023332   -13463.723379   -13463.973952      6.62
       1898       1898.0      9   1283.79    436.43     416.83    0.297007   -13464.021397   -13463.724389   -13463.973543      6.89
       1899       1899.0      9   1282.54    396.85     406.90    0.289929   -13464.015005   -13463.725076   -13463.972486      7.57
       1900       1900.0      7   1170.39    443.20     416.10    0.296487   -13464.018708   -13463.722221   -13463.972891      7.31
       1901       1901.0      7   1205.34    466.12     420.25    0.299439   -13464.028009   -13463.728570   -13463.973784      6.73
       1902       1902.0      7   1204.02    441.63     417.95    0.297803   -13464.030404   -13463.732602   -13463.973823      6.70
       1903       1903.0      7   1185.34    389.55     417.25    0.297304   -13464.025323   -13463.728019   -13463.973030      7.22
       1904       1904.0      7   1181.07    418.31     415.91    0.296353   -13464.023212   -13463.726860   -13463.972543      7.54
       1905       1905.0      7   1196.03    449.89     411.69    0.293341   -13464.029746   -13463.736405   -13463.973273      7.06
       1906       1906.0      8   1288.46    433.76     418.66    0.298311   -13464.034231   -13463.735920   -13463.974112      6.52
       1907       1907.0     10   1359.27    441.55     413.65    0.294739   -13464.027208   -13463.732469   -13463.973171      7.13
       1908       1908.0      7   1190.86    450.93     409.35    0.291672   -13464.021670   -13463.729998   -13463.972610      7.49
       1909       1909.0      7   1201.91    446.88     413.11    0.294351   -13464.025586   -13463.731236   -13463.973638      6.82
       1910       1910.0      7   1133.57    452.78     422.24    0.300859   -13464.026909   -13463.726050   -13463.973954      6.62
       1911       1911.0      7   1180.09    439.72     408.76    0.291254   -13464.020281   -13463.729027   -13463.973281      7.06
       1912       1912.0      7   1155.39    437.22     395.50    0.281809   -13464.014061   -13463.732252   -13463.972626      7.48
       1913       1913.0      7   1189.78    441.64     406.06    0.289330   -13464.016766   -13463.727436   -13463.972770      7.39
       1914       1914.0      7   1195.83    425.26     411.42    0.293152   -13464.024577   -13463.731424   -13463.973721      6.77
       1915       1915.0      7   1200.10    430.12     421.98    0.300676   -13464.023828   -13463.723152   -13463.973647      6.82
       1916       1916.0      7   1199.65    443.69     408.66    0.291184   -13464.016108   -13463.724924   -13463.972328      7.68
       1917       1917.0      7   1187.61    451.55     400.87    0.285632   -13464.019634   -13463.734002   -13463.972612      7.49
       1918       1918.0      8   1209.25    432.45     406.56    0.289688   -13464.032443   -13463.742755   -13463.973892      6.66
       1919       1919.0      7   1189.11    434.96     412.83    0.294153   -13464.036770   -13463.742617   -13463.974254      6.42
       1920       1920.0      7   1191.08    435.62     401.76    0.286270   -13464.028877   -13463.742607   -13463.973275      7.06
       1921       1921.0      7   1215.66    442.06     388.38    0.276736   -13464.021777   -13463.745041   -13463.972666      7.46
       1922       1922.0      7   1168.47    443.54     396.35    0.282409   -13464.024031   -13463.741622   -13463.972857      7.33
       1923       1923.0      7   1155.25    448.54     402.70    0.286939   -13464.030424   -13463.743484   -13463.973810      6.71
       1924       1924.0      7   1162.90    429.60     394.59    0.281155   -13464.027701   -13463.746545   -13463.973394      6.98
       1925       1925.0      7   1187.14    405.57     391.61    0.279034   -13464.021341   -13463.742306   -13463.972651      7.47
       1926       1926.0      7   1219.75    441.91     397.37    0.283139   -13464.022517   -13463.739378   -13463.972991      7.24
       1927       1927.0      7   1192.53    448.17     407.91    0.290651   -13464.028514   -13463.737864   -13463.973416      6.97
       1928       1928.0      7   1202.77    429.54     407.82    0.290586   -13464.033566   -13463.742981   -13463.973441      6.95
       1929       1929.0      7   1185.75    390.80     414.67    0.295468   -13464.036663   -13463.741196   -13463.973411      6.97
       1930       1930.0      7   1189.83    451.78     422.39    0.300967   -13464.037679   -13463.736712   -13463.973256      7.07
       1931       1931.0      7   1151.49    444.73     414.61    0.295420   -13464.037164   -13463.741744   -13463.973184      7.12
       1932       1932.0     10   1350.17    453.24     414.50    0.295347   -13464.034940   -13463.739593   -13463.973398      6.98
       1933       1933.0      7   1210.62    437.21     400.79    0.285575   -13464.030307   -13463.744732   -13463.972799      7.37
       1934       1934.0      7   1175.33    440.57     398.99    0.284292   -13464.029486   -13463.745194   -13463.973308      7.04
       1935       1935.0      7   1182.29    450.48     386.38    0.275307   -13464.027257   -13463.751950   -13463.973802      6.72
       1936       1936.0      7   1191.20    438.42     371.29    0.264553   -13464.018553   -13463.754000   -13463.973235      7.09
       1937       1937.0      7   1160.98    452.57     362.43    0.258242   -13464.011608   -13463.753367   -13463.972775      7.38
       1938       1938.0      7   1185.10    443.70     361.48    0.257569   -13464.012535   -13463.754966   -13463.973119      7.16
       1939       1939.0      9   1341.40    407.80     370.47    0.263971   -13464.016226   -13463.752255   -13463.973472      6.93
       1940       1940.0      7   1226.21    436.92     368.59    0.262634   -13464.016724   -13463.754089   -13463.973506      6.91
       1941       1941.0      7   1198.92    446.75     357.51    0.254735   -13464.012361   -13463.757626   -13463.973182      7.12
       1942       1942.0      7   1166.78    440.60     352.65    0.251276   -13464.008535   -13463.757258   -13463.972719      7.42
       1943       1943.0      7   1207.56    465.64     356.15    0.253771   -13464.011660   -13463.757889   -13463.973333      7.02
       1944       1944.0      7   1127.43    435.20     361.36    0.257484   -13464.014430   -13463.756946   -13463.973756      6.75
       1945       1945.0      7   1210.82    455.68     357.29    0.254583   -13464.011383   -13463.756800   -13463.973099      7.17
       1946       1946.0      7   1168.66    440.02     355.23    0.253115   -13464.010755   -13463.757640   -13463.972856      7.33
       1947       1947.0      7   1146.51    425.29     359.71    0.256303   -13464.015628   -13463.759324   -13463.973403      6.98
       1948       1948.0      7   1195.87    433.37     372.85    0.265666   -13464.019094   -13463.753428   -13463.973266      7.07
       1949       1949.0      7   1192.48    451.88     385.25    0.274501   -13464.021251   -13463.746750   -13463.973123      7.16
       1950       1950.0      7   1187.18    453.29     393.74    0.280556   -13464.023533   -13463.742977   -13463.972934      7.28
       1951       1951.0      7   1180.26    418.58     397.39    0.283151   -13464.028126   -13463.744975   -13463.972886      7.31
       1952       1952.0      7   1194.77    402.33     405.39    0.288853   -13464.035078   -13463.746225   -13463.973547      6.88
       1953       1953.0      7   1219.76    433.44     408.62    0.291158   -13464.036016   -13463.744858   -13463.973733      6.76
       1954       1954.0      7   1181.67    393.05     397.66    0.283348   -13464.029365   -13463.746017   -13463.972799      7.37
       1955       1955.0      7   1179.29    445.78     395.52    0.281823   -13464.027203   -13463.745380   -13463.972722      7.42
       1956       1956.0      7   1201.17    419.57     403.08    0.287211   -13464.030998   -13463.743787   -13463.973236      7.08
       1957       1957.0      7   1176.81    414.40     405.94    0.289244   -13464.033185   -13463.743941   -13463.973219      7.10
       1958       1958.0      7   1176.58    435.85     399.89    0.284932   -13464.032272   -13463.747340   -13463.973156      7.14
       1959       1959.0      7   1220.35    444.49     404.49    0.288214   -13464.029754   -13463.741540   -13463.972965      7.26
       1960       1960.0      7   1199.77    444.77     404.67    0.288342   -13464.028907   -13463.740566   -13463.972885      7.31
       1961       1961.0      7   1197.99    432.28     407.11    0.290080   -13464.031528   -13463.741449   -13463.973204      7.11
       1962       1962.0      7   1170.81    453.92     410.19    0.292272   -13464.034463   -13463.742191   -13463.973377      6.99
       1963       1963.0      7   1186.54    437.91     414.25    0.295169   -13464.035309   -13463.740139   -13463.973408      6.97
       1964       1964.0      7   1202.89    410.46     414.93    0.295654   -13464.033065   -13463.737410   -13463.973314      7.03
       1965       1965.0      7   1165.04    452.43     408.04    0.290745   -13464.028273   -13463.737528   -13463.972921      7.29
       1966       1966.0      7   1225.78    410.97     406.52    0.289659   -13464.025775   -13463.736116   -13463.972686      7.44
       1967       1967.0      7   1231.67    415.77     400.89    0.285648   -13464.028139   -13463.742491   -13463.973026      7.22
       1968       1968.0      7   1180.11    411.74     407.04    0.290026   -13464.031009   -13463.740983   -13463.973309      7.04
       1969       1969.0      7   1178.02    449.41     403.11    0.287228   -13464.030977   -13463.743749   -13463.973251      7.08
       1970       1970.0      7   1198.53    429.37     397.42    0.283174   -13464.029546   -13463.746372   -13463.973111      7.17
       1971       1971.0      7   1209.77    422.52     397.10    0.282947   -13464.030338   -13463.747391   -13463.972892      7.31
       1972       1972.0      7   1183.84    433.96     408.54    0.291100   -13464.036015   -13463.744915   -13463.973180      7.12
       1973       1973.0      7   1188.05    440.73     407.55    0.290391   -13464.041380   -13463.750989   -13463.973549      6.88
       1974       1974.0      7   1227.84    444.83     403.67    0.287629   -13464.039798   -13463.752169   -13463.973238      7.08
       1975       1975.0      7   1219.18    454.83     393.84    0.280623   -13464.035289   -13463.754666   -13463.972535      7.54
       1976       1976.0      7   1171.22    454.35     396.66    0.282632   -13464.036740   -13463.754108   -13463.973008      7.23
       1977       1977.0      7   1198.70    456.92     402.96    0.287119   -13464.039196   -13463.752078   -13463.973560      6.87
       1978       1978.0      7   1144.46    447.48     402.98    0.287138   -13464.035991   -13463.748852   -13463.973262      7.07
       1979       1979.0      7   1212.51    464.31     397.80    0.283444   -13464.031521   -13463.748077   -13463.972933      7.28
       1980       1980.0      7   1169.43    387.20     398.27    0.283782   -13464.030872   -13463.747091   -13463.973183      7.12
       1981       1981.0      7   1219.46    449.04     399.09    0.284363   -13464.030878   -13463.746515   -13463.973315      7.03
       1982       1982.0      7   1236.40    380.97     397.60    0.283304   -13464.027795   -13463.744491   -13463.973312      7.04
       1983       1983.0      7   1183.98    443.83     383.28    0.273099   -13464.020397   -13463.747298   -13463.972859      7.33
       1984       1984.0      9   1326.67    435.29     372.61    0.265499   -13464.014528   -13463.749029   -13463.972773      7.39
       1985       1985.0      9   1318.88    411.23     367.74    0.262027   -13464.013431   -13463.751403   -13463.973370      7.00
       1986       1986.0      9   1353.42    447.62     366.03    0.260810   -13464.009461   -13463.748651   -13463.973563      6.87
       1987       1987.0      7   1207.14    444.51     360.06    0.256552   -13464.000291   -13463.743739   -13463.972806      7.36
       1988       1988.0      7   1195.35    450.21     351.81    0.250680   -13463.997045   -13463.746366   -13463.972625      7.48
       1989       1989.0      7   1233.89    421.50     359.81    0.256380   -13464.003272   -13463.746893   -13463.973384      6.99
       1990       1990.0      7   1224.80    437.60     375.43    0.267509   -13464.008933   -13463.741424   -13463.973541      6.89
       1991       1991.0      7   1224.85    441.97     382.75    0.272722   -13464.009190   -13463.736468   -13463.973204      7.11
       1992       1992.0      7   1232.72    456.55     387.76    0.276291   -13464.007545   -13463.731255   -13463.972451      7.60
       1993       1993.0      7   1207.09    449.55     384.26    0.273800   -13464.011864   -13463.738064   -13463.973011      7.23
       1994       1994.0      7   1173.92    429.75     391.63    0.279051   -13464.014779   -13463.735728   -13463.973769      6.74
       1995       1995.0      7   1235.07    422.50     375.30    0.267414   -13464.007199   -13463.739785   -13463.973195      7.11
       1996       1996.0      7   1219.82    439.48     368.95    0.262886   -13463.998613   -13463.735727   -13463.972646      7.47
       1997       1997.0      7   1193.00    440.71     361.03    0.257242   -13463.997738   -13463.740496   -13463.973404      6.98
       1998       1998.0      7   1236.38    440.90     352.29    0.251020   -13463.996404   -13463.745384   -13463.973415      6.97
       1999       1999.0      7   1200.55    442.59     345.73    0.246347   -13463.992544   -13463.746197   -13463.973145      7.14
       2000       2000.0      7   1198.55    406.11     346.92    0.247191   -13463.988853   -13463.741662   -13463.972738      7.41
------------|------------|------|---------|---------|----------|-----------|---------------|---------------|---------------|-----------
       Step |  Sim. Time | Iter |  t_Ener |  t_Grad |     Temp |     E_Kin |         E_Pot |         E_Tot |      Cons.Qty | E.Drift
            |       [fs] |      |     [s] |     [s] |      [K] | [Hartree] |     [Hartree] |     [Hartree] |     [Hartree] |     [K]


Finished MD run of 2000 steps.


The average temperature during this run was 376.17082 K.


Smallest interatomic distance from active region: 0.914782 Angstrom (atoms 5 - 113).


>>> Invariance Statistics >>>

    The maximal deviation of the gradient from translational invariance was 3.160e-05 kJ mol^-1 Angstrom^-1.
    This would introduce a center of mass drift of 0.000 Kelvin within 1.0 ps.

    The maximal deviation of the gradient from rotational invariance (torque) was 1.048e+01 kJ mol^-1 rad^-1.
    This would introduce an overall rotation of 0.000 Kelvin within 1.0 ps.

<<< Invariance Statistics <<<


### System Geometry ###

  * Region "All" = "Active" = "QM":
      Bounding box: from (    1.410 |   22.173 |    5.058 )
                      to (   21.625 |   42.437 |   15.378 ) Angstrom
      System extent:     (   20.214 |   20.264 |   10.320 ) Angstrom
      Center of mass:    (   11.236 |   32.512 |    8.212 ) Angstrom

      Angular momentum:  (  -4.92172696 |   0.68958225 |   7.07984659 ) a.m.u. Angstrom^2 fs^-1
      Angular velocity:  (  -0.00009443 |   0.00002041 |   0.00007819 ) fs^-1
      Moment of inertia: (     55481.07 |      3137.00 |      3243.38 )
                         (      3137.00 |     56504.05 |     -2137.61 ) a.m.u. Angstrom^2
                         (      3243.38 |     -2137.61 |     95015.91 )
      Singular values:   (     95371.39 |     52464.50 |     59165.15 ) a.m.u. Angstrom^2



Constraint Summary:
     1.) Cartesian constraint on atom  H90   , direction XYZ, target ( 4.075 | 24.987 | 8.037 ) Angstrom.
     2.) Cartesian constraint on atom  H91   , direction XYZ, target ( 1.410 | 29.602 | 8.037 ) Angstrom.
     3.) Cartesian constraint on atom  H92   , direction XYZ, target ( 1.410 | 35.008 | 8.037 ) Angstrom.
     4.) Cartesian constraint on atom  H93   , direction XYZ, target ( 4.075 | 39.623 | 8.037 ) Angstrom.
     5.) Cartesian constraint on atom  H94   , direction XYZ, target ( 8.948 | 22.173 | 8.038 ) Angstrom.
     6.) Cartesian constraint on atom  H95   , direction XYZ, target ( 8.948 | 42.437 | 8.038 ) Angstrom.
     7.) Cartesian constraint on atom  H96   , direction XYZ, target ( 14.278 | 22.173 | 8.038 ) Angstrom.
     8.) Cartesian constraint on atom  H97   , direction XYZ, target ( 14.278 | 42.437 | 8.038 ) Angstrom.
     9.) Cartesian constraint on atom  H98   , direction XYZ, target ( 18.961 | 24.876 | 8.036 ) Angstrom.
    10.) Cartesian constraint on atom  H99   , direction XYZ, target ( 18.961 | 39.734 | 8.036 ) Angstrom.
    11.) Cartesian constraint on atom  H100  , direction XYZ, target ( 21.625 | 29.491 | 8.037 ) Angstrom.
    12.) Cartesian constraint on atom  H101  , direction XYZ, target ( 21.625 | 35.119 | 8.037 ) Angstrom.


Thermostat Summary:
  (*) Region "All": Injected 606.69 kJ mol^-1 of energy into the system (equivalent to 307.88 K).


>>> Timing data >>>
    MD loop was running for 3417599.464 seconds (39d 13h 19m 59.464s)
    Performance: 1708.800 seconds/step, 2.107 fs/hour.
    Average SCF iterations/step: 7.199
    Time spent within the MD module (overhead): 3.495 seconds (0.0001 % of total time).
<<< Timing data <<<


Finished MD loop.

-------------------------------------------------------------------------------------------

#######################################################################
########        Finished Executing Input Script (SAN-VM)       ########
#######################################################################

    Total execution time: 3417599.465 seconds (39d 13h 19m 59.465s)

            46 instructions executed
            17 function calls


Timings for individual modules during the MD run:

Startup calculation               ...   109743.546 sec (=1829.059 min)   3.2 %
SCF iterations                    ...  2407149.182 sec (=40119.153 min)  70.4 %
SCF gradient evaluation           ...   900503.793 sec (=15008.397 min)  26.4 %
ORCA initialization               ...        0.386 sec (=   0.006 min)   0.0 %
Self time inside of MD module     ...        3.787 sec (=   0.063 min)   0.0 %
------------------------------------------------------------------------------
Sum of individual times           ...  3417400.695 sec (=56956.678 min) 100.0 %

Total wall time of MD module      ...  3417599.853 sec (=56959.998 min)
             --> "dark time"      ...      199.159 sec (=   3.319 min)   0.0 %

( The "dark time" is spent in the ORCA-internal routines for energy and gradient calculation,
  but not inside of the sub-programs which do so. It contains operating system overhead for
  spawning new processes in each MD step and some file I/O time. )



    ###########################################################
    ####     ORCA ab initio Molecular Dynamics leaving     ####
    ####     Scriptable Nuclear Dynamics (SANdy) + ORCA    ####
    ####           (c) Martin Brehm, 2016 - 2025           ####
    ####           https://sanscript.org/orcamd            ####
    ###########################################################

