*************************************************
******************* ORCA 6.1.1 ******************
*************************************************
$Calculation_Status
   &GeometryIndex 1
   &version [&Type "String"] "6.1.1"
   &progName [&Type "String"] "LeanSCF"
   &Status [&Type "String"] "NORMAL TERMINATION"
$End
$Geometry
   &GeometryIndex 1
   &NAtoms [&Type "Integer"] 162
   &NCorelessECP [&Type "Integer"] 0
   &NGhostAtoms [&Type "Integer"] 0
   &CartesianCoordinates [&Type "Coordinates", &Dim(162,4), &Units "Bohr"] 
              Si     6.619431059208   64.057794754434   14.723412420853
              Si     6.549568817934   58.185925853972   14.766826058529
              O      4.327966302220   65.762484063707   15.866049516070
              O      4.119809584302   56.739316599215   15.980590157294
              O      6.545008749479   61.132446821697   15.738983651551
              O      6.632500525050   64.033444045373   11.627257580433
              O      6.506205343302   58.283200660674   11.675288091710
              Si    11.617816133598   49.401757387545   14.745277604914
              Si    16.678766523640   46.389117807387   14.737817865641
              O      9.060547139440   48.190223012236   15.950815026714
              O     14.147352018126   47.897635908313   15.711693492844
              O     16.575708440667   43.553378026570   15.933190609574
              O     11.578611588712   49.423814629492   11.650629834552
              O     16.604849982011   46.393928822352   11.646459248038
              Si    11.593245405054   55.242878332423   14.574331138184
              Si    11.647324070710   67.000364120147   14.507419861439
              Si    16.798909964139   63.982120498687   14.359062335653
              Si    16.783650092331   58.187610471370   14.482133197169
              O      9.167167116237   56.793431684016   15.701114857374
              O      9.253752990577   65.422249335784   15.656220532734
              O     14.285732201056   65.550006576883   15.189484814218
              O     14.176296641801   56.773782324072   15.301499079648
              O     11.744845929244   52.366056803279   15.680866797977
              O     16.709608885933   61.108601298308   15.514579142773
              O     11.196700865026   55.145139878053   11.509545912420
              O     11.315571768867   67.274955063148   11.445388327939
              O     17.007084654621   63.813848931708   11.277773637211
              O     17.016910664735   58.344432685474   11.401979585201
              Si    11.698985858689   72.847732138529   14.698510181888
              Si    16.831277254171   75.725295664501   14.676928016806
              O      9.309173234365   74.360096155304   15.917541994108
              O     14.279914871391   74.271859187266   15.663262509379
              O     11.756960807878   69.880389654337   15.622619796709
              O     17.090516111204   78.522172901140   15.932025891983
              O     11.721824134677   72.924327350833   11.606784899525
              O     16.805466437377   75.826360508733   11.584214282022
              Si    21.762826698181   49.282715184865   14.573338792706
              Si    26.827761865452   46.373855492564   14.731577546652
              O     19.212615474230   47.929016481687   15.679196455117
              O     24.329699353021   47.969401390812   15.674171533115
              O     26.514957452096   43.539035041587   15.883117183899
              O     21.662556024092   48.929602115556   11.503547733787
              O     26.826180309269   46.391168294476   11.636592715848
              Si    21.782778366305   55.250511047686   14.520621278075
              Si    21.855934888418   66.838092076943   14.190956306987
              Si    26.893958002629   63.897884395590   14.333003672538
              Si    26.824473967330   58.113867076636   14.508209197777
              O     19.233582726852   56.650581327270   15.592125445876
              O     19.307826006158   65.509470868089   15.327980303180
              O     24.414574608824   65.478899188395   15.264613054871
              O     24.350258159373   56.606740283517   15.603610788361
              O     21.718558880555   52.280949274269   15.327861480871
              O     26.933954360861   61.030922051323   15.523059300847
              O     21.718671954367   55.549756250635   11.443705946678
              O     21.890333359955   66.491469582208   11.119751430709
              O     26.694727334982   63.535411406319   11.258154385090
              O     26.580973699239   58.105164785784   11.431897116261
              Si    21.911266502565   72.834664538032   14.415441402039
              Si    26.976230743714   75.705492898821   14.745854329073
              O     19.341318767775   74.111677299946   15.538134763939
              O     24.462802544853   74.104100050259   15.619901867451
              O     21.940003276648   69.805762047500   14.973093761254
              O     26.859670907804   78.528473259678   15.964717302898
              O     22.060810516326   73.361183762536   11.368082122283
              O     27.161938759259   75.697778148549   11.656458615836
              Si    31.942962389170   49.263727401595   14.760122435019
              O     29.401144389802   47.777225664263   15.735045006348
              O     34.428118945419   47.910427825059   15.967312670092
              O     31.873154270482   49.178743831854   11.669275873018
              Si    31.965760021765   55.109486611340   14.599952289089
              Si    32.088521432472   66.912109350038   14.431449303049
              Si    37.114037226661   63.928976186345   14.679567385281
              Si    37.024799533836   58.032842781534   14.722568338127
              O     29.372959177371   56.614657354154   15.435265408891
              O     29.523981466541   65.323287103018   15.021571753253
              O     34.510546133974   65.374990247403   15.575596834142
              O     34.409808621035   56.643738249548   15.677961001515
              O     31.823758152390   52.227590742458   15.698018687750
              O     37.044334271204   60.985234402566   15.648686263123
              O     32.159894921967   54.871610370056   11.529426897376
              O     32.563564620590   67.162777210517   11.391759388929
              O     37.203323649320   63.860603252968   11.590642001643
              O     37.001373374304   57.937757931539   11.629384248995
              Si    32.019975920323   72.726999414779   14.728630996249
              O     29.531593584967   74.255743215393   15.755401196847
              O     34.654155891582   73.838221001381   15.855654240062
              O     31.858605183533   69.750996902033   15.675904433812
              O     31.978115654771   72.714783765493   11.635115724100
              O     39.375775604036   56.482596729008   15.957085003674
              O     39.604138075002   65.244579422381   15.924401933643
              H      7.699986667468   47.218156129220   15.186956331022
              H      2.665286698824   55.939701296372   15.187255093296
              H      2.665286933028   66.155504049137   15.187255123474
              H      7.699986662575   74.877049404112   15.186956341521
              H     16.909611232115   41.901378853498   15.190188776566
              H     16.909611263850   80.193826621706   15.190188758192
              H     26.981059430815   41.901282775372   15.190151923941
              H     26.981059535652   80.193922748067   15.190151915835
              H     35.830258960884   47.009257915656   15.186606023469
              H     35.830259203213   75.085947770569   15.186606026112
              H     40.864793307565   55.730706965978   15.186941695706
              H     40.864793307561   66.364498555015   15.186941698384
              H     25.258465091553   64.377249453030   10.495874991343
              H     20.393138561392   65.680815276610   10.442681544595
              H     17.005240508578   62.099250214672   10.626507554926
              H     18.480337440109   57.474199727081   10.718564971190
              H     23.220525847217   56.324795693390   10.732021765759
              H     26.659490777557   59.780601289191   10.683390417021
              H     25.618476443011   75.202617647219   10.806996211132
              H     20.534586419388   74.030233383909   10.620508588132
              H     15.385124753680   74.983522758898   10.803536287747
              H     11.486149722252   71.296792904078   10.805995739496
              H      9.984002612103   66.252108041389   10.721260093136
              H      6.633203257967   62.362126679592   10.884973166593
              H      7.780351343410   57.247950626515   10.867876112357
              H     11.414622564072   53.494774766584   10.754860792384
              H     12.980726796867   48.559604723482   10.860448785401
              H     18.122449669782   47.036139935271   10.852655217692
              H     23.197200951645   48.285188766807   10.748830712233
              H     28.267155211833   47.227141925463   10.883380161308
              H     32.118897919543   50.795037114541   10.851082418668
              H     33.477599943318   55.880236962243   10.762010999960
              H     37.115649848317   59.562818049657   10.804762093281
              H     35.957664536298   64.911738902040   10.763299278302
              H     32.331687592204   68.842459801765   10.703845099014
              H     30.523747592390   73.550151204452   10.900966301797
              P     30.617150215581   59.561791630599   22.577665493717
              O     31.373747477012   58.692076672089   25.144104919160
              O     32.519615460654   60.753498711502   20.871804569504
              O     29.237022369467   57.234869191296   21.174764054096
              O     28.176950153201   61.432088976837   22.840989522394
              C     28.596003891826   63.843919724223   23.922398549417
              C     29.129874575735   65.798939638187   21.895276311769
              O     27.151608695129   65.892816422831   20.049927659379
              C     29.292871922331   68.467920233174   22.907891321956
              O     30.802671951570   70.078290356480   21.401576593530
              C     26.518484954817   69.338701100452   22.840069852585
              O     26.292509856652   71.954230918092   22.578563668065
              C     25.428863358761   67.811997254948   20.602089468102
              N     22.973783662736   66.652759974684   21.099059459342
              C     22.489592304545   64.124707660018   21.365150697159
              N     20.084628731590   63.608838637839   21.622038407064
              C     18.912089296052   65.924071095763   21.499516461087
              C     16.362405442371   66.656517517553   21.539777917645
              N     14.463438954592   65.002772634549   21.833556984259
              N     15.823596475847   69.120814194320   21.303844919129
              C     17.716521490042   70.763152645965   21.031881080038
              N     20.177334034704   70.306327831849   20.947715731783
              C     20.677968579166   67.845479683269   21.175066222291
              H     29.438861276575   57.323567702830   19.362074535620
              H     26.901428444498   64.332896553186   25.000222228949
              H     30.187527067546   63.808237758486   25.245752194106
              H     30.845668824660   65.247500345088   20.892136678878
              H     30.063147860486   68.550906386382   24.817219088544
              H     30.689234208659   69.594691049827   19.642379764880
              H     25.558914393464   68.776007214157   24.578866882840
              H     27.787056711091   72.498934325279   21.669070666054
              H     25.192702733859   69.043278410300   18.959802829895
              H     24.002391054316   62.756158894623   21.335838984422
              H     14.815679182616   63.140494127796   21.695317751696
              H     12.682096449273   65.598063971250   21.534452592557
              H     17.156955339785   72.729437826203   20.842634507086
$End
$SCF_Mulliken_Population_Analysis
   &GeometryIndex 1
   &NAtoms [&Type "Integer"] 162
   &ATNO [&Type "ArrayOfIntegers", &Dim (162,1)] 
                                                         0

0                                                       14
1                                                       14
2                                                        8
3                                                        8
4                                                        8
5                                                        8
6                                                        8
7                                                       14
8                                                       14
9                                                        8
10                                                       8
11                                                       8
12                                                       8
13                                                       8
14                                                      14
15                                                      14
16                                                      14
17                                                      14
18                                                       8
19                                                       8
20                                                       8
21                                                       8
22                                                       8
23                                                       8
24                                                       8
25                                                       8
26                                                       8
27                                                       8
28                                                      14
29                                                      14
30                                                       8
31                                                       8
32                                                       8
33                                                       8
34                                                       8
35                                                       8
36                                                      14
37                                                      14
38                                                       8
39                                                       8
40                                                       8
41                                                       8
42                                                       8
43                                                      14
44                                                      14
45                                                      14
46                                                      14
47                                                       8
48                                                       8
49                                                       8
50                                                       8
51                                                       8
52                                                       8
53                                                       8
54                                                       8
55                                                       8
56                                                       8
57                                                      14
58                                                      14
59                                                       8
60                                                       8
61                                                       8
62                                                       8
63                                                       8
64                                                       8
65                                                      14
66                                                       8
67                                                       8
68                                                       8
69                                                      14
70                                                      14
71                                                      14
72                                                      14
73                                                       8
74                                                       8
75                                                       8
76                                                       8
77                                                       8
78                                                       8
79                                                       8
80                                                       8
81                                                       8
82                                                       8
83                                                      14
84                                                       8
85                                                       8
86                                                       8
87                                                       8
88                                                       8
89                                                       8
90                                                       1
91                                                       1
92                                                       1
93                                                       1
94                                                       1
95                                                       1
96                                                       1
97                                                       1
98                                                       1
99                                                       1
100                                                      1
101                                                      1
102                                                      1
103                                                      1
104                                                      1
105                                                      1
106                                                      1
107                                                      1
108                                                      1
109                                                      1
110                                                      1
111                                                      1
112                                                      1
113                                                      1
114                                                      1
115                                                      1
116                                                      1
117                                                      1
118                                                      1
119                                                      1
120                                                      1
121                                                      1
122                                                      1
123                                                      1
124                                                      1
125                                                      1
126                                                     15
127                                                      8
128                                                      8
129                                                      8
130                                                      8
131                                                      6
132                                                      6
133                                                      8
134                                                      6
135                                                      8
136                                                      6
137                                                      8
138                                                      6
139                                                      7
140                                                      6
141                                                      7
142                                                      6
143                                                      6
144                                                      7
145                                                      7
146                                                      6
147                                                      7
148                                                      6
149                                                      1
150                                                      1
151                                                      1
152                                                      1
153                                                      1
154                                                      1
155                                                      1
156                                                      1
157                                                      1
158                                                      1
159                                                      1
160                                                      1
161                                                      1
   &AtomicCharges [&Type "ArrayOfDoubles", &Dim (162,1)] 
                                                         0

0                                      6.9343920393484382e-01
1                                      6.9976030528655464e-01
2                                     -5.3443491087413975e-01
3                                     -5.3633252175603019e-01
4                                     -2.9891953208617750e-01
5                                     -5.6241030717981388e-01
6                                     -5.6391793394783285e-01
7                                      7.0053088071551528e-01
8                                      6.9853436732349827e-01
9                                     -5.3701393153595944e-01
10                                    -2.9813361288380769e-01
11                                    -5.3730066174311908e-01
12                                    -5.6579111782448166e-01
13                                    -5.6333636871071668e-01
14                                     6.6859548218373455e-01
15                                     6.4447191647549928e-01
16                                     6.1623097855753528e-01
17                                     6.3976441647896465e-01
18                                    -3.1245139977831116e-01
19                                    -3.1192436959750047e-01
20                                    -2.3409496544163488e-01
21                                    -2.6450787050769797e-01
22                                    -3.0445005626195254e-01
23                                    -2.8171572556439095e-01
24                                    -5.5732517808679916e-01
25                                    -5.5980655216962205e-01
26                                    -5.6943821898051006e-01
27                                    -5.6707775764700763e-01
28                                     6.8132676362250066e-01
29                                     6.6101777469133260e-01
30                                    -5.3508857807852550e-01
31                                    -2.8362412595153330e-01
32                                    -2.7877054144473057e-01
33                                    -5.3009254809437500e-01
34                                    -5.6174870423471113e-01
35                                    -5.6322015862775032e-01
36                                     6.6829843392731725e-01
37                                     6.9722884954409992e-01
38                                    -3.0739670124713392e-01
39                                    -3.0108171992154631e-01
40                                    -5.3631353494229295e-01
41                                    -5.5984532232474571e-01
42                                    -5.6701275953486174e-01
43                                     6.4677023903242770e-01
44                                     5.6631354844170723e-01
45                                     6.2106971352412188e-01
46                                     6.2572756676743424e-01
47                                    -2.9571570757743793e-01
48                                    -2.3675019564426236e-01
49                                    -2.2766484110751506e-01
50                                    -2.7320296882136574e-01
51                                    -2.6145840795953568e-01
52                                    -2.3252866951338902e-01
53                                    -5.6884161386006227e-01
54                                    -5.7392136433822394e-01
55                                    -5.8861620408972826e-01
56                                    -5.7094864630118281e-01
57                                     6.3724456028589671e-01
58                                     6.7714727886312787e-01
59                                    -2.6499346556035697e-01
60                                    -2.8473846078595422e-01
61                                    -1.9045894012301012e-01
62                                    -5.2930047387840240e-01
63                                    -5.6817782475096301e-01
64                                    -5.6705342030515382e-01
65                                     6.9290888582221122e-01
66                                    -2.9047185999241698e-01
67                                    -5.3166547539276188e-01
68                                    -5.7025867015296328e-01
69                                     6.6799869366305309e-01
70                                     6.3133077386359382e-01
71                                     6.6572515199005622e-01
72                                     6.7564758993119511e-01
73                                    -3.3333109612760481e-01
74                                    -1.7281614249309207e-01
75                                    -2.6195314019037319e-01
76                                    -2.4600503645313943e-01
77                                    -2.8543205171243535e-01
78                                    -2.4882122931815331e-01
79                                    -5.6618169657168416e-01
80                                    -5.6177048892710779e-01
81                                    -5.6373402626802971e-01
82                                    -5.7392261682968204e-01
83                                     6.9783299760942974e-01
84                                    -2.9341385645759921e-01
85                                    -5.2000180426253273e-01
86                                    -3.6843538236290385e-01
87                                    -5.6323342722033942e-01
88                                    -5.2900749944887338e-01
89                                    -5.2943467102312347e-01
90                                     3.3730789216967949e-01
91                                     3.3870825416514150e-01
92                                     3.3602977187824790e-01
93                                     3.3513964822179432e-01
94                                     3.3848302393935104e-01
95                                     3.3425740641414436e-01
96                                     3.3413048438877047e-01
97                                     3.3630561508980938e-01
98                                     3.3522825302720161e-01
99                                     3.3434902754586293e-01
100                                    3.2853774901713639e-01
101                                    3.2928520121766791e-01
102                                    3.3806550880105368e-01
103                                    3.3930467034197787e-01
104                                    3.4303448729014985e-01
105                                    3.4823486195124542e-01
106                                    3.4686206340552483e-01
107                                    3.4403566641547223e-01
108                                    3.4891838495204641e-01
109                                    3.3669279127064433e-01
110                                    3.4549099237984726e-01
111                                    3.4695238328661238e-01
112                                    3.3904955144008930e-01
113                                    3.4810140635541797e-01
114                                    3.5115592246673089e-01
115                                    3.4307383604818931e-01
116                                    3.4903474493632491e-01
117                                    3.4999866756939069e-01
118                                    3.4304982926179572e-01
119                                    3.4852361702473988e-01
120                                    3.4897485458257993e-01
121                                    3.4008943574057526e-01
122                                    3.4418586411625207e-01
123                                    3.4319764772923755e-01
124                                    3.3710648797974885e-01
125                                    3.4787900664088300e-01
126                                    7.6178990688802095e-01
127                                   -6.3428028108885393e-01
128                                   -6.4276895583845040e-01
129                                   -5.0198756362053842e-01
130                                   -3.3942586966843358e-01
131                                   -6.8360051963668234e-02
132                                   -1.4928414450921856e-02
133                                   -3.0727117174099661e-01
134                                    2.0476952725159059e-01
135                                   -4.7392111450231766e-01
136                                   -5.4667234490835881e-02
137                                   -4.2969028481168259e-01
138                                    1.0694685186532915e-01
139                                    8.7670687458257568e-02
140                                   -7.5431856811107423e-02
141                                   -2.5201666725372895e-01
142                                    4.2754012184747836e-02
143                                    9.6687953048077979e-02
144                                   -4.0068272320639586e-01
145                                   -2.6471648595493047e-01
146                                    3.0259280878064843e-02
147                                   -2.7566677375702753e-01
148                                    5.3614906234231263e-02
149                                    3.2852079522682331e-01
150                                    1.0103922525956976e-01
151                                    1.0589523261209677e-01
152                                    1.5049287837901038e-01
153                                    1.0078895059197868e-01
154                                    3.1809751549446141e-01
155                                    9.3040700881596106e-02
156                                    3.1180331395856942e-01
157                                    8.5224335323960787e-02
158                                    2.1935904473682100e-01
159                                    2.5861520049977615e-01
160                                    2.3880805680798844e-01
161                                    1.0478475478233895e-01
   &Method [&Type "String"] "SCF"
   &Level [&Type "String"] "Relaxed density"
   &Mult [&Type "Integer"] 1
   &State [&Type "Integer"] -1
   &Irrep [&Type "Integer"] 0
$End
$SCF_Loewdin_Population_Analysis
   &GeometryIndex 1
   &NAtoms [&Type "Integer"] 162
   &ATNO [&Type "ArrayOfIntegers", &Dim (162,1)] 
                                                         0

0                                                       14
1                                                       14
2                                                        8
3                                                        8
4                                                        8
5                                                        8
6                                                        8
7                                                       14
8                                                       14
9                                                        8
10                                                       8
11                                                       8
12                                                       8
13                                                       8
14                                                      14
15                                                      14
16                                                      14
17                                                      14
18                                                       8
19                                                       8
20                                                       8
21                                                       8
22                                                       8
23                                                       8
24                                                       8
25                                                       8
26                                                       8
27                                                       8
28                                                      14
29                                                      14
30                                                       8
31                                                       8
32                                                       8
33                                                       8
34                                                       8
35                                                       8
36                                                      14
37                                                      14
38                                                       8
39                                                       8
40                                                       8
41                                                       8
42                                                       8
43                                                      14
44                                                      14
45                                                      14
46                                                      14
47                                                       8
48                                                       8
49                                                       8
50                                                       8
51                                                       8
52                                                       8
53                                                       8
54                                                       8
55                                                       8
56                                                       8
57                                                      14
58                                                      14
59                                                       8
60                                                       8
61                                                       8
62                                                       8
63                                                       8
64                                                       8
65                                                      14
66                                                       8
67                                                       8
68                                                       8
69                                                      14
70                                                      14
71                                                      14
72                                                      14
73                                                       8
74                                                       8
75                                                       8
76                                                       8
77                                                       8
78                                                       8
79                                                       8
80                                                       8
81                                                       8
82                                                       8
83                                                      14
84                                                       8
85                                                       8
86                                                       8
87                                                       8
88                                                       8
89                                                       8
90                                                       1
91                                                       1
92                                                       1
93                                                       1
94                                                       1
95                                                       1
96                                                       1
97                                                       1
98                                                       1
99                                                       1
100                                                      1
101                                                      1
102                                                      1
103                                                      1
104                                                      1
105                                                      1
106                                                      1
107                                                      1
108                                                      1
109                                                      1
110                                                      1
111                                                      1
112                                                      1
113                                                      1
114                                                      1
115                                                      1
116                                                      1
117                                                      1
118                                                      1
119                                                      1
120                                                      1
121                                                      1
122                                                      1
123                                                      1
124                                                      1
125                                                      1
126                                                     15
127                                                      8
128                                                      8
129                                                      8
130                                                      8
131                                                      6
132                                                      6
133                                                      8
134                                                      6
135                                                      8
136                                                      6
137                                                      8
138                                                      6
139                                                      7
140                                                      6
141                                                      7
142                                                      6
143                                                      6
144                                                      7
145                                                      7
146                                                      6
147                                                      7
148                                                      6
149                                                      1
150                                                      1
151                                                      1
152                                                      1
153                                                      1
154                                                      1
155                                                      1
156                                                      1
157                                                      1
158                                                      1
159                                                      1
160                                                      1
161                                                      1
   &AtomicCharges [&Type "ArrayOfDoubles", &Dim (162,1)] 
                                                         0

0                                     -2.8319684265483147e-01
1                                     -2.8049660802926013e-01
2                                     -7.6551022025734383e-02
3                                     -7.9433823251832791e-02
4                                      8.6443244665242780e-02
5                                     -9.9791078405996103e-02
6                                     -1.0085902851113993e-01
7                                     -2.7970268975560408e-01
8                                     -2.7859275346144585e-01
9                                     -7.7360883007420611e-02
10                                     8.9738820872242719e-02
11                                    -8.0369672114880331e-02
12                                    -1.0060421712152312e-01
13                                    -1.0194806345475982e-01
14                                    -2.5364303737749516e-01
15                                    -2.5865906823169382e-01
16                                    -2.5174702122428627e-01
17                                    -2.4818155079768367e-01
18                                     8.9541426971424087e-02
19                                     8.9134263034940098e-02
20                                     1.1286452359328525e-01
21                                     1.0756545750903523e-01
22                                     9.1967883899233271e-02
23                                     9.5203725326110877e-02
24                                    -8.8721824330153964e-02
25                                    -8.9253847369816341e-02
26                                    -9.1546934158976967e-02
27                                    -9.1558623858029264e-02
28                                    -2.7955089807478117e-01
29                                    -2.8653226130513687e-01
30                                    -8.0363276950267348e-02
31                                     9.3815107701962219e-02
32                                     9.5695068074886258e-02
33                                    -7.6002069508506409e-02
34                                    -1.0207254778812747e-01
35                                    -1.0176635953206237e-01
36                                    -2.5118136924263723e-01
37                                    -2.8111926386140418e-01
38                                     8.8904500646848739e-02
39                                     9.4559926953565743e-02
40                                    -7.7510630470689179e-02
41                                    -9.0184412387092294e-02
42                                    -1.0258084115199750e-01
43                                    -2.4403046056701250e-01
44                                    -2.6760059780788481e-01
45                                    -2.4988351846548795e-01
46                                    -2.5419857791504441e-01
47                                     9.5587980548635265e-02
48                                     1.0851330658388569e-01
49                                     1.0939660195600798e-01
50                                     1.0006883472784001e-01
51                                     1.0837721652732402e-01
52                                     1.0700394603389363e-01
53                                    -9.2359492133841314e-02
54                                    -9.0868288521791740e-02
55                                    -9.4823232148705472e-02
56                                    -9.0392162932449338e-02
57                                    -2.5628101257327351e-01
58                                    -2.8147315690835306e-01
59                                     1.0325421474679963e-01
60                                     9.5725297900541406e-02
61                                     1.2090091397009051e-01
62                                    -7.7517616507178033e-02
63                                    -9.2569410470092706e-02
64                                    -1.0241772516026515e-01
65                                    -2.7767668848441396e-01
66                                     8.9980950427527517e-02
67                                    -7.6746230676775440e-02
68                                    -1.0397410061729140e-01
69                                    -2.5353481240327547e-01
70                                    -2.6359042636291719e-01
71                                    -2.7642343722483709e-01
72                                    -2.7529283620491363e-01
73                                     8.8555925386689438e-02
74                                     1.2682503967543735e-01
75                                     1.0132285417694931e-01
76                                     1.0941119248657127e-01
77                                     9.7633284165561385e-02
78                                     1.0799929653528029e-01
79                                    -9.0884454125573555e-02
80                                    -8.9372224462071159e-02
81                                    -1.0455265994340657e-01
82                                    -1.0592536997296165e-01
83                                    -2.8363555290130904e-01
84                                     8.4886408199185581e-02
85                                    -7.0737391057583920e-02
86                                     6.7520090786556963e-02
87                                    -9.8643886936935488e-02
88                                    -7.3804649176535619e-02
89                                    -7.8712824498555989e-02
90                                     1.9262972650351162e-01
91                                     1.9352407087252177e-01
92                                     1.9219792430279825e-01
93                                     1.9231116863924536e-01
94                                     1.9412941672102035e-01
95                                     1.9146072744833675e-01
96                                     1.9108603427398752e-01
97                                     1.9302476584554762e-01
98                                     1.9238542938572945e-01
99                                     1.9320410303013491e-01
100                                    1.8820586623072488e-01
101                                    1.8930692820023520e-01
102                                    1.7844869832167942e-01
103                                    1.7968124490114068e-01
104                                    1.7900429857683253e-01
105                                    1.8072726436637077e-01
106                                    1.8071168076222277e-01
107                                    1.8007572269771766e-01
108                                    1.8257480385168290e-01
109                                    1.8048983369350247e-01
110                                    1.8258184384032150e-01
111                                    1.8185585245224012e-01
112                                    1.8075866254859174e-01
113                                    1.8286727946438430e-01
114                                    1.8341805817644274e-01
115                                    1.8226255183453943e-01
116                                    1.8410412171123225e-01
117                                    1.8267287791808728e-01
118                                    1.8223697401706285e-01
119                                    1.8272518197633703e-01
120                                    1.8264448365331265e-01
121                                    1.8148140519366218e-01
122                                    1.8162025240866142e-01
123                                    1.7985774078552275e-01
124                                    1.7865646437331795e-01
125                                    1.8272796508243483e-01
126                                   -8.3652565267305690e-02
127                                   -3.5997201910404542e-01
128                                   -3.6756672163879145e-01
129                                   -1.5674523796178619e-01
130                                    3.5744648627526132e-02
131                                   -3.2987866168423263e-01
132                                   -3.0331466251106587e-01
133                                    2.4171811330590387e-01
134                                   -3.0938520308428963e-01
135                                    3.5775213434954267e-03
136                                   -3.2142178362130647e-01
137                                    1.1833780195447119e-02
138                                   -3.0400703012681785e-01
139                                    2.8741416441633927e-01
140                                   -2.3557309327874965e-01
141                                    1.0693212188114654e-01
142                                   -2.2547529108331510e-01
143                                   -3.1960267433954659e-01
144                                    2.4295653507868664e-02
145                                    1.0263782617451511e-01
146                                   -3.0990632511725202e-01
147                                    1.1996592535874750e-01
148                                   -2.5887320321647955e-01
149                                    1.5167340159761300e-01
150                                    1.2417299925995984e-01
151                                    1.3713639915836850e-01
152                                    1.6214520262576404e-01
153                                    1.4988481615084048e-01
154                                    1.7249598827682711e-01
155                                    1.5047617507650723e-01
156                                    1.7090213524042308e-01
157                                    1.4923320156541187e-01
158                                    1.5193405799928628e-01
159                                    1.7663741288446821e-01
160                                    1.6860440430049140e-01
161                                    1.2891511151852364e-01
   &Method [&Type "String"] "SCF"
   &Level [&Type "String"] "Relaxed density"
   &Mult [&Type "Integer"] 1
   &State [&Type "Integer"] -1
   &Irrep [&Type "Integer"] 0
$End
$SCF_Mayer_Population_Analysis
   &GeometryIndex 1
   &NAtoms [&Type "Integer"] 162 "Total number of atoms"
   &NBondOrdersPrint [&Type "Integer"] 170 "The number of bond orders larger than threshold"
   &bondThresh [&Type "Double"]       1.0000000000000001e-01  "The threshold for printing"
   &components [&Type "ArrayOfIntegers", &Dim (170,4)] "The indices and atomic numbers of the bonding atoms"
                                                         0                           1                           2                           3

0                                                        0                          14                           2                           8
1                                                        0                          14                           4                           8
2                                                        0                          14                           5                           8
3                                                        0                          14                          19                           8
4                                                        1                          14                           3                           8
5                                                        1                          14                           4                           8
6                                                        1                          14                           6                           8
7                                                        1                          14                          18                           8
8                                                        2                           8                          92                           1
9                                                        3                           8                          91                           1
10                                                       5                           8                         113                           1
11                                                       6                           8                         114                           1
12                                                       7                          14                           9                           8
13                                                       7                          14                          10                           8
14                                                       7                          14                          12                           8
15                                                       7                          14                          22                           8
16                                                       8                          14                          10                           8
17                                                       8                          14                          11                           8
18                                                       8                          14                          13                           8
19                                                       8                          14                          38                           8
20                                                       9                           8                          90                           1
21                                                      11                           8                          94                           1
22                                                      12                           8                         116                           1
23                                                      13                           8                         117                           1
24                                                      14                          14                          18                           8
25                                                      14                          14                          21                           8
26                                                      14                          14                          22                           8
27                                                      14                          14                          24                           8
28                                                      15                          14                          19                           8
29                                                      15                          14                          20                           8
30                                                      15                          14                          25                           8
31                                                      15                          14                          32                           8
32                                                      16                          14                          20                           8
33                                                      16                          14                          23                           8
34                                                      16                          14                          26                           8
35                                                      16                          14                          48                           8
36                                                      17                          14                          21                           8
37                                                      17                          14                          23                           8
38                                                      17                          14                          27                           8
39                                                      17                          14                          47                           8
40                                                      24                           8                         115                           1
41                                                      25                           8                         112                           1
42                                                      26                           8                         104                           1
43                                                      27                           8                         105                           1
44                                                      28                          14                          30                           8
45                                                      28                          14                          31                           8
46                                                      28                          14                          32                           8
47                                                      28                          14                          34                           8
48                                                      29                          14                          31                           8
49                                                      29                          14                          33                           8
50                                                      29                          14                          35                           8
51                                                      29                          14                          59                           8
52                                                      30                           8                          93                           1
53                                                      33                           8                          95                           1
54                                                      34                           8                         111                           1
55                                                      35                           8                         110                           1
56                                                      36                          14                          38                           8
57                                                      36                          14                          39                           8
58                                                      36                          14                          41                           8
59                                                      36                          14                          51                           8
60                                                      37                          14                          39                           8
61                                                      37                          14                          40                           8
62                                                      37                          14                          42                           8
63                                                      37                          14                          66                           8
64                                                      40                           8                          96                           1
65                                                      41                           8                         118                           1
66                                                      42                           8                         119                           1
67                                                      43                          14                          47                           8
68                                                      43                          14                          50                           8
69                                                      43                          14                          51                           8
70                                                      43                          14                          53                           8
71                                                      44                          14                          48                           8
72                                                      44                          14                          49                           8
73                                                      44                          14                          54                           8
74                                                      44                          14                          61                           8
75                                                      45                          14                          49                           8
76                                                      45                          14                          52                           8
77                                                      45                          14                          55                           8
78                                                      45                          14                          74                           8
79                                                      46                          14                          50                           8
80                                                      46                          14                          52                           8
81                                                      46                          14                          56                           8
82                                                      46                          14                          73                           8
83                                                      53                           8                         106                           1
84                                                      54                           8                         103                           1
85                                                      55                           8                         102                           1
86                                                      56                           8                         107                           1
87                                                      57                          14                          59                           8
88                                                      57                          14                          60                           8
89                                                      57                          14                          61                           8
90                                                      57                          14                          63                           8
91                                                      58                          14                          60                           8
92                                                      58                          14                          62                           8
93                                                      58                          14                          64                           8
94                                                      58                          14                          84                           8
95                                                      62                           8                          97                           1
96                                                      63                           8                         109                           1
97                                                      64                           8                         108                           1
98                                                      65                          14                          66                           8
99                                                      65                          14                          67                           8
100                                                     65                          14                          68                           8
101                                                     65                          14                          77                           8
102                                                     67                           8                          98                           1
103                                                     68                           8                         120                           1
104                                                     69                          14                          73                           8
105                                                     69                          14                          76                           8
106                                                     69                          14                          77                           8
107                                                     69                          14                          79                           8
108                                                     70                          14                          74                           8
109                                                     70                          14                          75                           8
110                                                     70                          14                          80                           8
111                                                     70                          14                          86                           8
112                                                     71                          14                          75                           8
113                                                     71                          14                          78                           8
114                                                     71                          14                          81                           8
115                                                     71                          14                          89                           8
116                                                     72                          14                          76                           8
117                                                     72                          14                          78                           8
118                                                     72                          14                          82                           8
119                                                     72                          14                          88                           8
120                                                     79                           8                         121                           1
121                                                     80                           8                         124                           1
122                                                     81                           8                         123                           1
123                                                     82                           8                         122                           1
124                                                     83                          14                          84                           8
125                                                     83                          14                          85                           8
126                                                     83                          14                          86                           8
127                                                     83                          14                          87                           8
128                                                     85                           8                          99                           1
129                                                     87                           8                         125                           1
130                                                     88                           8                         100                           1
131                                                     89                           8                         101                           1
132                                                    126                          15                         127                           8
133                                                    126                          15                         128                           8
134                                                    126                          15                         129                           8
135                                                    126                          15                         130                           8
136                                                    129                           8                         149                           1
137                                                    130                           8                         131                           6
138                                                    131                           6                         132                           6
139                                                    131                           6                         150                           1
140                                                    131                           6                         151                           1
141                                                    132                           6                         133                           8
142                                                    132                           6                         134                           6
143                                                    132                           6                         152                           1
144                                                    133                           8                         138                           6
145                                                    134                           6                         135                           8
146                                                    134                           6                         136                           6
147                                                    134                           6                         153                           1
148                                                    135                           8                         154                           1
149                                                    136                           6                         137                           8
150                                                    136                           6                         138                           6
151                                                    136                           6                         155                           1
152                                                    137                           8                         156                           1
153                                                    138                           6                         139                           7
154                                                    138                           6                         157                           1
155                                                    139                           7                         140                           6
156                                                    139                           7                         148                           6
157                                                    140                           6                         141                           7
158                                                    140                           6                         158                           1
159                                                    141                           7                         142                           6
160                                                    142                           6                         143                           6
161                                                    142                           6                         148                           6
162                                                    143                           6                         144                           7
163                                                    143                           6                         145                           7
164                                                    144                           7                         159                           1
165                                                    144                           7                         160                           1
166                                                    145                           7                         146                           6
167                                                    146                           6                         147                           7
168                                                    146                           6                         161                           1
169                                                    147                           7                         148                           6
   &BondOrders [&Type "ArrayOfDoubles", &Dim (170,1)] "The bond orders"
                                                         0

0                                      1.2866592775276477e+00
1                                      1.1771465096574163e+00
2                                      1.1471945553313030e+00
3                                      1.1724539942269887e+00
4                                      1.2760352071874548e+00
5                                      1.1694830529703826e+00
6                                      1.1468335227607767e+00
7                                      1.1794153306694919e+00
8                                      8.6454250575378155e-01
9                                      8.6334550498862672e-01
10                                     8.4047042532908811e-01
11                                     8.3595398476826011e-01
12                                     1.2788724617312681e+00
13                                     1.1899749113004523e+00
14                                     1.1409654746839490e+00
15                                     1.1643085683070704e+00
16                                     1.1636816367542864e+00
17                                     1.2770937435475653e+00
18                                     1.1499927583207223e+00
19                                     1.1791951351771612e+00
20                                     8.6417158339979616e-01
21                                     8.6293939950558340e-01
22                                     8.4270219040852568e-01
23                                     8.3635331336502616e-01
24                                     1.1764948022247042e+00
25                                     1.2058009014992508e+00
26                                     1.1946168694765764e+00
27                                     1.1636750083048915e+00
28                                     1.1746095328556556e+00
29                                     1.1974945203593874e+00
30                                     1.1725506461776418e+00
31                                     1.1853674116146691e+00
32                                     1.1812293777506309e+00
33                                     1.1776238395655863e+00
34                                     1.1585965122436686e+00
35                                     1.1874717903629168e+00
36                                     1.1863717621750203e+00
37                                     1.1889699608722728e+00
38                                     1.1510314302845879e+00
39                                     1.1995943337446797e+00
40                                     8.4425055245323077e-01
41                                     8.4641341897730737e-01
42                                     8.3150063095609916e-01
43                                     8.2586995823143472e-01
44                                     1.2796830979942069e+00
45                                     1.1727513971733139e+00
46                                     1.1744970713188692e+00
47                                     1.1503836938586707e+00
48                                     1.1787009731899065e+00
49                                     1.2910153989716127e+00
50                                     1.1511066393900631e+00
51                                     1.1763779622829647e+00
52                                     8.6506629592591466e-01
53                                     8.6602182068600086e-01
54                                     8.3956283878486282e-01
55                                     8.4524957865658623e-01
56                                     1.1746855192960672e+00
57                                     1.1997637218640942e+00
58                                     1.1607042354624959e+00
59                                     1.2033544959532700e+00
60                                     1.1644480921440812e+00
61                                     1.2796313532403636e+00
62                                     1.1418261795807125e+00
63                                     1.1933437029763032e+00
64                                     8.6597017832789702e-01
65                                     8.4398243855984889e-01
66                                     8.3957060663444105e-01
67                                     1.1757955079747349e+00
68                                     1.2096822218892758e+00
69                                     1.1942651497535113e+00
70                                     1.1422965772199438e+00
71                                     1.1808730246464771e+00
72                                     1.1880854710284785e+00
73                                     1.1758079759759799e+00
74                                     1.1900926634064286e+00
75                                     1.1647985782814587e+00
76                                     1.1743913934844010e+00
77                                     1.1321615816528174e+00
78                                     1.1902716295205822e+00
79                                     1.1690831361427705e+00
80                                     1.2096331781617007e+00
81                                     1.1465664381417315e+00
82                                     1.1622588336155137e+00
83                                     8.2727842477399582e-01
84                                     8.3860761924170046e-01
85                                     8.4176948227396431e-01
86                                     8.2773168911986938e-01
87                                     1.1908847462323382e+00
88                                     1.1658294963592701e+00
89                                     1.1872693102454308e+00
90                                     1.1671680789631373e+00
91                                     1.1884927534315877e+00
92                                     1.2866098500789209e+00
93                                     1.1444450838562659e+00
94                                     1.1566533429227968e+00
95                                     8.6436584652011850e-01
96                                     8.5023147830368018e-01
97                                     8.3661146103605155e-01
98                                     1.1626832818133699e+00
99                                     1.2791280470736583e+00
100                                    1.1365369418378521e+00
101                                    1.1953747759799322e+00
102                                    8.6506420006842077e-01
103                                    8.3843852402652830e-01
104                                    1.1490761807424876e+00
105                                    1.2294459794138095e+00
106                                    1.1776920788143252e+00
107                                    1.1599060024880867e+00
108                                    1.2079839338650331e+00
109                                    1.2067512048504279e+00
110                                    1.1864302850072914e+00
111                                    1.1088001763443527e+00
112                                    1.1689484423728087e+00
113                                    1.1969698613567730e+00
114                                    1.1412342378531570e+00
115                                    1.2784544516049423e+00
116                                    1.1733721621437820e+00
117                                    1.2036951154065703e+00
118                                    1.1218972344142817e+00
119                                    1.2802210874545163e+00
120                                    8.4495931317408868e-01
121                                    8.4501610637815638e-01
122                                    8.4556134578323294e-01
123                                    8.4874974461650110e-01
124                                    1.1718051431503904e+00
125                                    1.3042231076493154e+00
126                                    1.1338621731879317e+00
127                                    1.1528391813271031e+00
128                                    8.6419589331121172e-01
129                                    8.3693448083315181e-01
130                                    8.6947696224209592e-01
131                                    8.6871368111841574e-01
132                                    2.0065923103968877e+00
133                                    1.7960481173993981e+00
134                                    1.0833620811005396e+00
135                                    9.5590837085894753e-01
136                                    8.7848442882571343e-01
137                                    9.8361116325267639e-01
138                                    1.0488672663716634e+00
139                                    9.4391056740975920e-01
140                                    9.3741369331697022e-01
141                                    8.5916669440207061e-01
142                                    9.5929789533758492e-01
143                                    9.4543842542046497e-01
144                                    1.0134842481997088e+00
145                                    9.6765450737616976e-01
146                                    9.7657496037371283e-01
147                                    9.3759695936578580e-01
148                                    8.7859997613658747e-01
149                                    1.1845620520972706e+00
150                                    8.3430544948141505e-01
151                                    9.7069849651674311e-01
152                                    8.5321860063238342e-01
153                                    9.3254453298670037e-01
154                                    9.3055085125664661e-01
155                                    1.1794235024946627e+00
156                                    1.1634435726133068e+00
157                                    1.7206534808099851e+00
158                                    9.2560885387382652e-01
159                                    1.2884610242444747e+00
160                                    1.2723495243989080e+00
161                                    1.3692725135828914e+00
162                                    1.2972843869207691e+00
163                                    1.5013691131305436e+00
164                                    8.9961023768234472e-01
165                                    9.0105810867937453e-01
166                                    1.4529076821762668e+00
167                                    1.5206489707784916e+00
168                                    9.7463101820683939e-01
169                                    1.3659681860413329e+00
   &ATNO [&Type "ArrayOfIntegers", &Dim (162,1)] "Atomic number of the elements"
                                                         0

0                                                       14
1                                                       14
2                                                        8
3                                                        8
4                                                        8
5                                                        8
6                                                        8
7                                                       14
8                                                       14
9                                                        8
10                                                       8
11                                                       8
12                                                       8
13                                                       8
14                                                      14
15                                                      14
16                                                      14
17                                                      14
18                                                       8
19                                                       8
20                                                       8
21                                                       8
22                                                       8
23                                                       8
24                                                       8
25                                                       8
26                                                       8
27                                                       8
28                                                      14
29                                                      14
30                                                       8
31                                                       8
32                                                       8
33                                                       8
34                                                       8
35                                                       8
36                                                      14
37                                                      14
38                                                       8
39                                                       8
40                                                       8
41                                                       8
42                                                       8
43                                                      14
44                                                      14
45                                                      14
46                                                      14
47                                                       8
48                                                       8
49                                                       8
50                                                       8
51                                                       8
52                                                       8
53                                                       8
54                                                       8
55                                                       8
56                                                       8
57                                                      14
58                                                      14
59                                                       8
60                                                       8
61                                                       8
62                                                       8
63                                                       8
64                                                       8
65                                                      14
66                                                       8
67                                                       8
68                                                       8
69                                                      14
70                                                      14
71                                                      14
72                                                      14
73                                                       8
74                                                       8
75                                                       8
76                                                       8
77                                                       8
78                                                       8
79                                                       8
80                                                       8
81                                                       8
82                                                       8
83                                                      14
84                                                       8
85                                                       8
86                                                       8
87                                                       8
88                                                       8
89                                                       8
90                                                       1
91                                                       1
92                                                       1
93                                                       1
94                                                       1
95                                                       1
96                                                       1
97                                                       1
98                                                       1
99                                                       1
100                                                      1
101                                                      1
102                                                      1
103                                                      1
104                                                      1
105                                                      1
106                                                      1
107                                                      1
108                                                      1
109                                                      1
110                                                      1
111                                                      1
112                                                      1
113                                                      1
114                                                      1
115                                                      1
116                                                      1
117                                                      1
118                                                      1
119                                                      1
120                                                      1
121                                                      1
122                                                      1
123                                                      1
124                                                      1
125                                                      1
126                                                     15
127                                                      8
128                                                      8
129                                                      8
130                                                      8
131                                                      6
132                                                      6
133                                                      8
134                                                      6
135                                                      8
136                                                      6
137                                                      8
138                                                      6
139                                                      7
140                                                      6
141                                                      7
142                                                      6
143                                                      6
144                                                      7
145                                                      7
146                                                      6
147                                                      7
148                                                      6
149                                                      1
150                                                      1
151                                                      1
152                                                      1
153                                                      1
154                                                      1
155                                                      1
156                                                      1
157                                                      1
158                                                      1
159                                                      1
160                                                      1
161                                                      1
   &NA [&Type "ArrayOfDoubles", &Dim (162,1)] "Mulliken gross atomic population"
                                                         0

0                                      1.3306560796065128e+01
1                                      1.3300239694713451e+01
2                                      8.5344349108741309e+00
3                                      8.5363325217560284e+00
4                                      8.2989195320861739e+00
5                                      8.5624103071798068e+00
6                                      8.5639179339478275e+00
7                                      1.3299469119284481e+01
8                                      1.3301465632676521e+01
9                                      8.5370139315359523e+00
10                                     8.2981336128838041e+00
11                                     8.5373006617431173e+00
12                                     8.5657911178244710e+00
13                                     8.5633363687107291e+00
14                                     1.3331404517816264e+01
15                                     1.3355528083524465e+01
16                                     1.3383769021442468e+01
17                                     1.3360235583521030e+01
18                                     8.3124513997783005e+00
19                                     8.3119243695974916e+00
20                                     8.2340949654416313e+00
21                                     8.2645078705077140e+00
22                                     8.3044500562619508e+00
23                                     8.2817157255644034e+00
24                                     8.5573251780867921e+00
25                                     8.5598065521696185e+00
26                                     8.5694382189805030e+00
27                                     8.5670777576470059e+00
28                                     1.3318673236377522e+01
29                                     1.3338982225308673e+01
30                                     8.5350885780785219e+00
31                                     8.2836241259515386e+00
32                                     8.2787705414447288e+00
33                                     8.5300925480943697e+00
34                                     8.5617487042347076e+00
35                                     8.5632201586277468e+00
36                                     1.3331701566072663e+01
37                                     1.3302771150455905e+01
38                                     8.3073967012471250e+00
39                                     8.3010817199215357e+00
40                                     8.5363135349422876e+00
41                                     8.5598453223247368e+00
42                                     8.5670127595348617e+00
43                                     1.3353229760967581e+01
44                                     1.3433686451558323e+01
45                                     1.3378930286475864e+01
46                                     1.3374272433232555e+01
47                                     8.2957157075774468e+00
48                                     8.2367501956442730e+00
49                                     8.2276648411075222e+00
50                                     8.2732029688213586e+00
51                                     8.2614584079595375e+00
52                                     8.2325286695133748e+00
53                                     8.5688416138600623e+00
54                                     8.5739213643382293e+00
55                                     8.5886162040897318e+00
56                                     8.5709486463011864e+00
57                                     1.3362755439714089e+01
58                                     1.3322852721136856e+01
59                                     8.2649934655603587e+00
60                                     8.2847384607859560e+00
61                                     8.1904589401230066e+00
62                                     8.5293004738783971e+00
63                                     8.5681778247509630e+00
64                                     8.5670534203051432e+00
65                                     1.3307091114177775e+01
66                                     8.2904718599924294e+00
67                                     8.5316654753927601e+00
68                                     8.5702586701529633e+00
69                                     1.3332001306336959e+01
70                                     1.3368669226136415e+01
71                                     1.3334274848009940e+01
72                                     1.3324352410068826e+01
73                                     8.3333310961276013e+00
74                                     8.1728161424930992e+00
75                                     8.2619531401903767e+00
76                                     8.2460050364531305e+00
77                                     8.2854320517124318e+00
78                                     8.2488212293181569e+00
79                                     8.5661816965716895e+00
80                                     8.5617704889271113e+00
81                                     8.5637340262680368e+00
82                                     8.5739226168296909e+00
83                                     1.3302167002390568e+01
84                                     8.2934138564576010e+00
85                                     8.5200018042625310e+00
86                                     8.3684353823629056e+00
87                                     8.5632334272203359e+00
88                                     8.5290074994488752e+00
89                                     8.5294346710231235e+00
90                                     6.6269210783032073e-01
91                                     6.6129174583485861e-01
92                                     6.6397022812175188e-01
93                                     6.6486035177820546e-01
94                                     6.6151697606064941e-01
95                                     6.6574259358585575e-01
96                                     6.6586951561122931e-01
97                                     6.6369438491019117e-01
98                                     6.6477174697279839e-01
99                                     6.6565097245413729e-01
100                                    6.7146225098286350e-01
101                                    6.7071479878233242e-01
102                                    6.6193449119894709e-01
103                                    6.6069532965802202e-01
104                                    6.5696551270984982e-01
105                                    6.5176513804875469e-01
106                                    6.5313793659447539e-01
107                                    6.5596433358452755e-01
108                                    6.5108161504795359e-01
109                                    6.6330720872935578e-01
110                                    6.5450900762015263e-01
111                                    6.5304761671338774e-01
112                                    6.6095044855991125e-01
113                                    6.5189859364458169e-01
114                                    6.4884407753326889e-01
115                                    6.5692616395181047e-01
116                                    6.5096525506367497e-01
117                                    6.5000133243060931e-01
118                                    6.5695017073820428e-01
119                                    6.5147638297525989e-01
120                                    6.5102514541742007e-01
121                                    6.5991056425942440e-01
122                                    6.5581413588374748e-01
123                                    6.5680235227076245e-01
124                                    6.6289351202025137e-01
125                                    6.5212099335911722e-01
126                                    1.4238210093111984e+01
127                                    8.6342802810888433e+00
128                                    8.6427689558384362e+00
129                                    8.5019875636205420e+00
130                                    8.3394258696684318e+00
131                                    6.0683600519636736e+00
132                                    6.0149284144509227e+00
133                                    8.3072711717410108e+00
134                                    5.7952304727484174e+00
135                                    8.4739211145023070e+00
136                                    6.0546672344908306e+00
137                                    8.4296902848116773e+00
138                                    5.8930531481346655e+00
139                                    6.9123293125417486e+00
140                                    6.0754318568110985e+00
141                                    7.2520166672537201e+00
142                                    5.9572459878152522e+00
143                                    5.9033120469519140e+00
144                                    7.4006827232063959e+00
145                                    7.2647164859549367e+00
146                                    5.9697407191219378e+00
147                                    7.2756667737570471e+00
148                                    5.9463850937657661e+00
149                                    6.7147920477317680e-01
150                                    8.9896077474043012e-01
151                                    8.9410476738790334e-01
152                                    8.4950712162098940e-01
153                                    8.9921104940802110e-01
154                                    6.8190248450553848e-01
155                                    9.0695929911840367e-01
156                                    6.8819668604143058e-01
157                                    9.1477566467603932e-01
158                                    7.8064095526317878e-01
159                                    7.4138479950022362e-01
160                                    7.6119194319201122e-01
161                                    8.9521524521766072e-01
   &ZA [&Type "ArrayOfDoubles", &Dim (162,1)] "Total nuclear charge"
                                                         0

0                                      1.4000000000000000e+01
1                                      1.4000000000000000e+01
2                                      8.0000000000000000e+00
3                                      8.0000000000000000e+00
4                                      8.0000000000000000e+00
5                                      8.0000000000000000e+00
6                                      8.0000000000000000e+00
7                                      1.4000000000000000e+01
8                                      1.4000000000000000e+01
9                                      8.0000000000000000e+00
10                                     8.0000000000000000e+00
11                                     8.0000000000000000e+00
12                                     8.0000000000000000e+00
13                                     8.0000000000000000e+00
14                                     1.4000000000000000e+01
15                                     1.4000000000000000e+01
16                                     1.4000000000000000e+01
17                                     1.4000000000000000e+01
18                                     8.0000000000000000e+00
19                                     8.0000000000000000e+00
20                                     8.0000000000000000e+00
21                                     8.0000000000000000e+00
22                                     8.0000000000000000e+00
23                                     8.0000000000000000e+00
24                                     8.0000000000000000e+00
25                                     8.0000000000000000e+00
26                                     8.0000000000000000e+00
27                                     8.0000000000000000e+00
28                                     1.4000000000000000e+01
29                                     1.4000000000000000e+01
30                                     8.0000000000000000e+00
31                                     8.0000000000000000e+00
32                                     8.0000000000000000e+00
33                                     8.0000000000000000e+00
34                                     8.0000000000000000e+00
35                                     8.0000000000000000e+00
36                                     1.4000000000000000e+01
37                                     1.4000000000000000e+01
38                                     8.0000000000000000e+00
39                                     8.0000000000000000e+00
40                                     8.0000000000000000e+00
41                                     8.0000000000000000e+00
42                                     8.0000000000000000e+00
43                                     1.4000000000000000e+01
44                                     1.4000000000000000e+01
45                                     1.4000000000000000e+01
46                                     1.4000000000000000e+01
47                                     8.0000000000000000e+00
48                                     8.0000000000000000e+00
49                                     8.0000000000000000e+00
50                                     8.0000000000000000e+00
51                                     8.0000000000000000e+00
52                                     8.0000000000000000e+00
53                                     8.0000000000000000e+00
54                                     8.0000000000000000e+00
55                                     8.0000000000000000e+00
56                                     8.0000000000000000e+00
57                                     1.4000000000000000e+01
58                                     1.4000000000000000e+01
59                                     8.0000000000000000e+00
60                                     8.0000000000000000e+00
61                                     8.0000000000000000e+00
62                                     8.0000000000000000e+00
63                                     8.0000000000000000e+00
64                                     8.0000000000000000e+00
65                                     1.4000000000000000e+01
66                                     8.0000000000000000e+00
67                                     8.0000000000000000e+00
68                                     8.0000000000000000e+00
69                                     1.4000000000000000e+01
70                                     1.4000000000000000e+01
71                                     1.4000000000000000e+01
72                                     1.4000000000000000e+01
73                                     8.0000000000000000e+00
74                                     8.0000000000000000e+00
75                                     8.0000000000000000e+00
76                                     8.0000000000000000e+00
77                                     8.0000000000000000e+00
78                                     8.0000000000000000e+00
79                                     8.0000000000000000e+00
80                                     8.0000000000000000e+00
81                                     8.0000000000000000e+00
82                                     8.0000000000000000e+00
83                                     1.4000000000000000e+01
84                                     8.0000000000000000e+00
85                                     8.0000000000000000e+00
86                                     8.0000000000000000e+00
87                                     8.0000000000000000e+00
88                                     8.0000000000000000e+00
89                                     8.0000000000000000e+00
90                                     1.0000000000000000e+00
91                                     1.0000000000000000e+00
92                                     1.0000000000000000e+00
93                                     1.0000000000000000e+00
94                                     1.0000000000000000e+00
95                                     1.0000000000000000e+00
96                                     1.0000000000000000e+00
97                                     1.0000000000000000e+00
98                                     1.0000000000000000e+00
99                                     1.0000000000000000e+00
100                                    1.0000000000000000e+00
101                                    1.0000000000000000e+00
102                                    1.0000000000000000e+00
103                                    1.0000000000000000e+00
104                                    1.0000000000000000e+00
105                                    1.0000000000000000e+00
106                                    1.0000000000000000e+00
107                                    1.0000000000000000e+00
108                                    1.0000000000000000e+00
109                                    1.0000000000000000e+00
110                                    1.0000000000000000e+00
111                                    1.0000000000000000e+00
112                                    1.0000000000000000e+00
113                                    1.0000000000000000e+00
114                                    1.0000000000000000e+00
115                                    1.0000000000000000e+00
116                                    1.0000000000000000e+00
117                                    1.0000000000000000e+00
118                                    1.0000000000000000e+00
119                                    1.0000000000000000e+00
120                                    1.0000000000000000e+00
121                                    1.0000000000000000e+00
122                                    1.0000000000000000e+00
123                                    1.0000000000000000e+00
124                                    1.0000000000000000e+00
125                                    1.0000000000000000e+00
126                                    1.5000000000000000e+01
127                                    8.0000000000000000e+00
128                                    8.0000000000000000e+00
129                                    8.0000000000000000e+00
130                                    8.0000000000000000e+00
131                                    6.0000000000000000e+00
132                                    6.0000000000000000e+00
133                                    8.0000000000000000e+00
134                                    6.0000000000000000e+00
135                                    8.0000000000000000e+00
136                                    6.0000000000000000e+00
137                                    8.0000000000000000e+00
138                                    6.0000000000000000e+00
139                                    7.0000000000000000e+00
140                                    6.0000000000000000e+00
141                                    7.0000000000000000e+00
142                                    6.0000000000000000e+00
143                                    6.0000000000000000e+00
144                                    7.0000000000000000e+00
145                                    7.0000000000000000e+00
146                                    6.0000000000000000e+00
147                                    7.0000000000000000e+00
148                                    6.0000000000000000e+00
149                                    1.0000000000000000e+00
150                                    1.0000000000000000e+00
151                                    1.0000000000000000e+00
152                                    1.0000000000000000e+00
153                                    1.0000000000000000e+00
154                                    1.0000000000000000e+00
155                                    1.0000000000000000e+00
156                                    1.0000000000000000e+00
157                                    1.0000000000000000e+00
158                                    1.0000000000000000e+00
159                                    1.0000000000000000e+00
160                                    1.0000000000000000e+00
161                                    1.0000000000000000e+00
   &QA [&Type "ArrayOfDoubles", &Dim (162,1)] "Mulliken gross atomic charge"
                                                         0

0                                      6.9343920393487224e-01
1                                      6.9976030528654931e-01
2                                     -5.3443491087413086e-01
3                                     -5.3633252175602841e-01
4                                     -2.9891953208617394e-01
5                                     -5.6241030717980678e-01
6                                     -5.6391793394782752e-01
7                                      7.0053088071551883e-01
8                                      6.9853436732347873e-01
9                                     -5.3701393153595234e-01
10                                    -2.9813361288380413e-01
11                                    -5.3730066174311730e-01
12                                    -5.6579111782447100e-01
13                                    -5.6333636871072912e-01
14                                     6.6859548218373632e-01
15                                     6.4447191647553481e-01
16                                     6.1623097855753173e-01
17                                     6.3976441647896998e-01
18                                    -3.1245139977830050e-01
19                                    -3.1192436959749159e-01
20                                    -2.3409496544163133e-01
21                                    -2.6450787050771396e-01
22                                    -3.0445005626195076e-01
23                                    -2.8171572556440339e-01
24                                    -5.5732517808679205e-01
25                                    -5.5980655216961850e-01
26                                    -5.6943821898050295e-01
27                                    -5.6707775764700585e-01
28                                     6.8132676362247757e-01
29                                     6.6101777469132728e-01
30                                    -5.3508857807852195e-01
31                                    -2.8362412595153863e-01
32                                    -2.7877054144472879e-01
33                                    -5.3009254809436968e-01
34                                    -5.6174870423470757e-01
35                                    -5.6322015862774677e-01
36                                     6.6829843392733679e-01
37                                     6.9722884954409459e-01
38                                    -3.0739670124712504e-01
39                                    -3.0108171992153565e-01
40                                    -5.3631353494228762e-01
41                                    -5.5984532232473683e-01
42                                    -5.6701275953486174e-01
43                                     6.4677023903241881e-01
44                                     5.6631354844167703e-01
45                                     6.2106971352413609e-01
46                                     6.2572756676744490e-01
47                                    -2.9571570757744681e-01
48                                    -2.3675019564427302e-01
49                                    -2.2766484110752216e-01
50                                    -2.7320296882135864e-01
51                                    -2.6145840795953745e-01
52                                    -2.3252866951337481e-01
53                                    -5.6884161386006227e-01
54                                    -5.7392136433822927e-01
55                                    -5.8861620408973181e-01
56                                    -5.7094864630118636e-01
57                                     6.3724456028591092e-01
58                                     6.7714727886314385e-01
59                                    -2.6499346556035874e-01
60                                    -2.8473846078595599e-01
61                                    -1.9045894012300657e-01
62                                    -5.2930047387839707e-01
63                                    -5.6817782475096301e-01
64                                    -5.6705342030514316e-01
65                                     6.9290888582222543e-01
66                                    -2.9047185999242942e-01
67                                    -5.3166547539276010e-01
68                                    -5.7025867015296328e-01
69                                     6.6799869366304065e-01
70                                     6.3133077386358494e-01
71                                     6.6572515199005977e-01
72                                     6.7564758993117380e-01
73                                    -3.3333109612760126e-01
74                                    -1.7281614249309918e-01
75                                    -2.6195314019037674e-01
76                                    -2.4600503645313054e-01
77                                    -2.8543205171243180e-01
78                                    -2.4882122931815687e-01
79                                    -5.6618169657168949e-01
80                                    -5.6177048892711134e-01
81                                    -5.6373402626803681e-01
82                                    -5.7392261682969092e-01
83                                     6.9783299760943152e-01
84                                    -2.9341385645760099e-01
85                                    -5.2000180426253095e-01
86                                    -3.6843538236290563e-01
87                                    -5.6323342722033587e-01
88                                    -5.2900749944887515e-01
89                                    -5.2943467102312347e-01
90                                     3.3730789216967927e-01
91                                     3.3870825416514139e-01
92                                     3.3602977187824812e-01
93                                     3.3513964822179454e-01
94                                     3.3848302393935059e-01
95                                     3.3425740641414425e-01
96                                     3.3413048438877069e-01
97                                     3.3630561508980883e-01
98                                     3.3522825302720161e-01
99                                     3.3434902754586271e-01
100                                    3.2853774901713650e-01
101                                    3.2928520121766758e-01
102                                    3.3806550880105291e-01
103                                    3.3930467034197798e-01
104                                    3.4303448729015018e-01
105                                    3.4823486195124531e-01
106                                    3.4686206340552461e-01
107                                    3.4403566641547245e-01
108                                    3.4891838495204641e-01
109                                    3.3669279127064422e-01
110                                    3.4549099237984737e-01
111                                    3.4695238328661226e-01
112                                    3.3904955144008875e-01
113                                    3.4810140635541831e-01
114                                    3.5115592246673111e-01
115                                    3.4307383604818953e-01
116                                    3.4903474493632503e-01
117                                    3.4999866756939069e-01
118                                    3.4304982926179572e-01
119                                    3.4852361702474011e-01
120                                    3.4897485458257993e-01
121                                    3.4008943574057560e-01
122                                    3.4418586411625252e-01
123                                    3.4319764772923755e-01
124                                    3.3710648797974863e-01
125                                    3.4787900664088278e-01
126                                    7.6178990688801562e-01
127                                   -6.3428028108884327e-01
128                                   -6.4276895583843618e-01
129                                   -5.0198756362054198e-01
130                                   -3.3942586966843180e-01
131                                   -6.8360051963673563e-02
132                                   -1.4928414450922745e-02
133                                   -3.0727117174101082e-01
134                                    2.0476952725158259e-01
135                                   -4.7392111450230701e-01
136                                   -5.4667234490830552e-02
137                                   -4.2969028481167726e-01
138                                    1.0694685186533448e-01
139                                    8.7670687458251351e-02
140                                   -7.5431856811098541e-02
141                                   -2.5201666725372007e-01
142                                    4.2754012184747836e-02
143                                    9.6687953048085973e-02
144                                   -4.0068272320639586e-01
145                                   -2.6471648595493669e-01
146                                    3.0259280878062178e-02
147                                   -2.7566677375704707e-01
148                                    5.3614906234233928e-02
149                                    3.2852079522682320e-01
150                                    1.0103922525956988e-01
151                                    1.0589523261209666e-01
152                                    1.5049287837901060e-01
153                                    1.0078895059197890e-01
154                                    3.1809751549446152e-01
155                                    9.3040700881596328e-02
156                                    3.1180331395856942e-01
157                                    8.5224335323960676e-02
158                                    2.1935904473682122e-01
159                                    2.5861520049977638e-01
160                                    2.3880805680798878e-01
161                                    1.0478475478233928e-01
   &VA [&Type "ArrayOfDoubles", &Dim (162,1)] "Mayer's total valence"
                                                         0

0                                      4.9795050933383997e+00
1                                      4.9689487584022913e+00
2                                      2.1041920814512540e+00
3                                      2.0957521644008850e+00
4                                      2.3120783901921165e+00
5                                      1.9990921924457901e+00
6                                      1.9953688754680936e+00
7                                      4.9699273317296822e+00
8                                      4.9684738332566667e+00
9                                      2.0999780909683086e+00
10                                     2.3285039583680298e+00
11                                     2.0961128020628870e+00
12                                     1.9940145096999586e+00
13                                     1.9939818255529147e+00
14                                     4.9406982367793226e+00
15                                     4.9440626356188915e+00
16                                     4.9305444103256093e+00
17                                     4.9585619443776281e+00
18                                     2.3392237854994384e+00
19                                     2.3319129797897329e+00
20                                     2.3817405661372666e+00
21                                     2.3785802307360857e+00
22                                     2.3397039939868147e+00
23                                     2.3679806298664605e+00
24                                     2.0296880117940876e+00
25                                     2.0417408219404187e+00
26                                     2.0358097803664492e+00
27                                     2.0212323508915677e+00
28                                     4.9811862925995278e+00
29                                     5.0030226269291287e+00
30                                     2.0976456538699839e+00
31                                     2.3351789993542509e+00
32                                     2.3528227157518327e+00
33                                     2.1092040502724156e+00
34                                     1.9938271688309435e+00
35                                     1.9968719653842157e+00
36                                     4.9421986148581212e+00
37                                     4.9749453102887173e+00
38                                     2.3342420369174324e+00
39                                     2.3501566392698310e+00
40                                     2.1000104515075879e+00
41                                     2.0255154832856110e+00
42                                     1.9904477422556006e+00
43                                     4.9512003163715121e+00
44                                     4.9705877651225414e+00
45                                     4.9035852305525545e+00
46                                     4.9629157703290225e+00
47                                     2.3701714665992526e+00
48                                     2.3764008235794005e+00
49                                     2.3627152612101829e+00
50                                     2.3785503965588459e+00
51                                     2.3885950194571839e+00
52                                     2.3993710711456684e+00
53                                     2.0156382789009744e+00
54                                     2.0508573189605723e+00
55                                     2.0304975927678921e+00
56                                     2.0310920728044035e+00
57                                     4.9115231519367342e+00
58                                     4.9836920751178759e+00
59                                     2.3624687940259035e+00
60                                     2.3618936055845960e+00
61                                     2.3822240522493683e+00
62                                     2.1034774402386329e+00
63                                     2.0318899762409171e+00
64                                     1.9936671683132907e+00
65                                     4.9745322456269250e+00
66                                     2.3248847432153701e+00
67                                     2.1016023169170754e+00
68                                     1.9847724627307688e+00
69                                     4.9439249407984729e+00
70                                     4.9293191528946707e+00
71                                     5.0013008128320031e+00
72                                     4.9931212681311656e+00
73                                     2.3340764461668559e+00
74                                     2.4018716636140667e+00
75                                     2.3719463026780030e+00
76                                     2.4008796787256088e+00
77                                     2.3645215625980818e+00
78                                     2.3935738418049075e+00
79                                     2.0294198261747436e+00
80                                     2.0465276775240024e+00
81                                     1.9849846377336355e+00
82                                     1.9736491365062001e+00
83                                     4.9629848728643058e+00
84                                     2.3025090243248592e+00
85                                     2.1220312499452589e+00
86                                     2.2511986047368033e+00
87                                     2.0040858885440436e+00
88                                     2.1068574069949673e+00
89                                     2.0994801281704323e+00
90                                     9.0563638812088820e-01
91                                     9.0448213722618342e-01
92                                     9.0624926576677922e-01
93                                     9.0694059754050971e-01
94                                     9.0443570098151793e-01
95                                     9.0810131212049394e-01
96                                     9.0753517861515864e-01
97                                     9.0635944683508707e-01
98                                     9.0690343635231829e-01
99                                     9.0766598129332021e-01
100                                    9.1182646219523289e-01
101                                    9.1078798930382032e-01
102                                    9.3642798431389596e-01
103                                    9.3547571191190348e-01
104                                    9.3249418935907902e-01
105                                    9.2813471108338919e-01
106                                    9.3068562808249899e-01
107                                    9.3387897343737458e-01
108                                    9.2375665662244377e-01
109                                    9.3325215697122399e-01
110                                    9.2140485714463649e-01
111                                    9.2368436846073809e-01
112                                    9.3046905351261844e-01
113                                    9.1989537683219880e-01
114                                    9.2009301860718506e-01
115                                    9.2561524531589356e-01
116                                    9.1871548307433903e-01
117                                    9.2124845349693496e-01
118                                    9.2623524336339780e-01
119                                    9.2070792419053449e-01
120                                    9.2314350264505585e-01
121                                    9.3025699055310562e-01
122                                    9.2207923023302318e-01
123                                    9.2555294789437781e-01
124                                    9.3422723480804692e-01
125                                    9.2234787577431265e-01
126                                    5.9487916235618155e+00
127                                    2.0000034382653276e+00
128                                    1.8916268101404938e+00
129                                    1.9769213072094090e+00
130                                    1.9692824894586067e+00
131                                    4.1272372559631592e+00
132                                    3.9498670172389923e+00
133                                    1.9558400801322087e+00
134                                    3.9197281796827736e+00
135                                    1.9899267245382628e+00
136                                    4.1150576728440678e+00
137                                    1.9936098540596134e+00
138                                    3.7664880491029615e+00
139                                    3.2842703574679932e+00
140                                    4.0641965803074349e+00
141                                    3.1521885941155681e+00
142                                    3.9530905243315946e+00
143                                    4.3606327115190151e+00
144                                    3.1499100157091124e+00
145                                    3.0621437080116820e+00
146                                    4.1521816637044324e+00
147                                    3.0046882628482949e+00
148                                    4.1206327841573263e+00
149                                    9.1243729018823549e-01
150                                    9.5326813004415656e-01
151                                    1.0056085279049767e+00
152                                    1.0015261120120817e+00
153                                    9.7336369763100306e-01
154                                    9.3076210067672493e-01
155                                    9.8462614723767183e-01
156                                    9.4429121330127541e-01
157                                    1.0007331072465697e+00
158                                    9.8398998939784876e-01
159                                    9.4907280660188598e-01
160                                    9.6869805012386945e-01
161                                    9.7917183303302968e-01
   &BVA [&Type "ArrayOfDoubles", &Dim (162,1)] "Mayer's bonded valence"
                                                         0

0                                      4.9795050933385205e+00
1                                      4.9689487584023446e+00
2                                      2.1041920814512558e+00
3                                      2.0957521644008708e+00
4                                      2.3120783901921449e+00
5                                      1.9990921924457776e+00
6                                      1.9953688754680901e+00
7                                      4.9699273317297425e+00
8                                      4.9684738332567040e+00
9                                      2.0999780909684134e+00
10                                     2.3285039583680538e+00
11                                     2.0961128020629225e+00
12                                     1.9940145097000226e+00
13                                     1.9939818255528934e+00
14                                     4.9406982367793546e+00
15                                     4.9440626356189341e+00
16                                     4.9305444103256058e+00
17                                     4.9585619443777151e+00
18                                     2.3392237854994722e+00
19                                     2.3319129797897666e+00
20                                     2.3817405661373572e+00
21                                     2.3785802307360449e+00
22                                     2.3397039939867810e+00
23                                     2.3679806298664836e+00
24                                     2.0296880117940788e+00
25                                     2.0417408219404614e+00
26                                     2.0358097803664528e+00
27                                     2.0212323508915482e+00
28                                     4.9811862925994923e+00
29                                     5.0030226269291838e+00
30                                     2.0976456538699466e+00
31                                     2.3351789993542402e+00
32                                     2.3528227157518806e+00
33                                     2.1092040502724068e+00
34                                     1.9938271688309648e+00
35                                     1.9968719653841767e+00
36                                     4.9421986148581905e+00
37                                     4.9749453102887244e+00
38                                     2.3342420369174688e+00
39                                     2.3501566392697750e+00
40                                     2.1000104515075435e+00
41                                     2.0255154832856572e+00
42                                     1.9904477422555740e+00
43                                     4.9512003163715939e+00
44                                     4.9705877651226071e+00
45                                     4.9035852305526646e+00
46                                     4.9629157703290243e+00
47                                     2.3701714665992268e+00
48                                     2.3764008235793863e+00
49                                     2.3627152612102353e+00
50                                     2.3785503965588601e+00
51                                     2.3885950194572088e+00
52                                     2.3993710711457314e+00
53                                     2.0156382789009992e+00
54                                     2.0508573189605492e+00
55                                     2.0304975927678743e+00
56                                     2.0310920728043662e+00
57                                     4.9115231519367253e+00
58                                     4.9836920751179647e+00
59                                     2.3624687940259310e+00
60                                     2.3618936055846236e+00
61                                     2.3822240522493594e+00
62                                     2.1034774402385708e+00
63                                     2.0318899762408691e+00
64                                     1.9936671683132570e+00
65                                     4.9745322456270529e+00
66                                     2.3248847432153639e+00
67                                     2.1016023169170470e+00
68                                     1.9847724627307617e+00
69                                     4.9439249407985493e+00
70                                     4.9293191528946352e+00
71                                     5.0013008128320831e+00
72                                     4.9931212681312775e+00
73                                     2.3340764461668932e+00
74                                     2.4018716636140960e+00
75                                     2.3719463026780421e+00
76                                     2.4008796787256026e+00
77                                     2.3645215625981395e+00
78                                     2.3935738418049795e+00
79                                     2.0294198261747471e+00
80                                     2.0465276775239758e+00
81                                     1.9849846377335929e+00
82                                     1.9736491365061841e+00
83                                     4.9629848728643431e+00
84                                     2.3025090243248023e+00
85                                     2.1220312499452163e+00
86                                     2.2511986047367714e+00
87                                     2.0040858885440471e+00
88                                     2.1068574069949939e+00
89                                     2.0994801281704607e+00
90                                     9.0563638812089009e-01
91                                     9.0448213722617954e-01
92                                     9.0624926576678266e-01
93                                     9.0694059754050704e-01
94                                     9.0443570098151760e-01
95                                     9.0810131212048917e-01
96                                     9.0753517861516075e-01
97                                     9.0635944683508263e-01
98                                     9.0690343635231385e-01
99                                     9.0766598129332132e-01
100                                    9.1182646219523322e-01
101                                    9.1078798930381921e-01
102                                    9.3642798431389240e-01
103                                    9.3547571191190515e-01
104                                    9.3249418935908457e-01
105                                    9.2813471108338286e-01
106                                    9.3068562808249966e-01
107                                    9.3387897343737558e-01
108                                    9.2375665662243400e-01
109                                    9.3325215697122210e-01
110                                    9.2140485714464004e-01
111                                    9.2368436846073876e-01
112                                    9.3046905351262188e-01
113                                    9.1989537683220357e-01
114                                    9.2009301860718462e-01
115                                    9.2561524531589245e-01
116                                    9.1871548307433737e-01
117                                    9.2124845349692808e-01
118                                    9.2623524336339991e-01
119                                    9.2070792419053216e-01
120                                    9.2314350264505185e-01
121                                    9.3025699055310462e-01
122                                    9.2207923023302374e-01
123                                    9.2555294789437503e-01
124                                    9.3422723480804259e-01
125                                    9.2234787577431354e-01
126                                    5.9487916235618279e+00
127                                    2.0000034382653737e+00
128                                    1.8916268101405080e+00
129                                    1.9769213072094125e+00
130                                    1.9692824894585748e+00
131                                    4.1272372559631796e+00
132                                    3.9498670172390837e+00
133                                    1.9558400801321874e+00
134                                    3.9197281796827892e+00
135                                    1.9899267245382504e+00
136                                    4.1150576728439612e+00
137                                    1.9936098540595406e+00
138                                    3.7664880491029553e+00
139                                    3.2842703574679355e+00
140                                    4.0641965803074207e+00
141                                    3.1521885941155405e+00
142                                    3.9530905243316661e+00
143                                    4.3606327115190666e+00
144                                    3.1499100157091320e+00
145                                    3.0621437080116509e+00
146                                    4.1521816637044466e+00
147                                    3.0046882628483900e+00
148                                    4.1206327841574399e+00
149                                    9.1243729018823916e-01
150                                    9.5326813004416378e-01
151                                    1.0056085279049713e+00
152                                    1.0015261120120920e+00
153                                    9.7336369763103259e-01
154                                    9.3076210067672627e-01
155                                    9.8462614723763309e-01
156                                    9.4429121330127386e-01
157                                    1.0007331072465420e+00
158                                    9.8398998939785076e-01
159                                    9.4907280660188698e-01
160                                    9.6869805012386678e-01
161                                    9.7917183303302135e-01
   &FA [&Type "ArrayOfDoubles", &Dim (162,1)] "Mayer's free valence"
                                                         0

0                                      0.0000000000000000e+00
1                                      0.0000000000000000e+00
2                                      0.0000000000000000e+00
3                                      0.0000000000000000e+00
4                                      0.0000000000000000e+00
5                                      0.0000000000000000e+00
6                                      0.0000000000000000e+00
7                                      0.0000000000000000e+00
8                                      0.0000000000000000e+00
9                                      0.0000000000000000e+00
10                                     0.0000000000000000e+00
11                                     0.0000000000000000e+00
12                                     0.0000000000000000e+00
13                                     0.0000000000000000e+00
14                                     0.0000000000000000e+00
15                                     0.0000000000000000e+00
16                                     0.0000000000000000e+00
17                                     0.0000000000000000e+00
18                                     0.0000000000000000e+00
19                                     0.0000000000000000e+00
20                                     0.0000000000000000e+00
21                                     0.0000000000000000e+00
22                                     0.0000000000000000e+00
23                                     0.0000000000000000e+00
24                                     0.0000000000000000e+00
25                                     0.0000000000000000e+00
26                                     0.0000000000000000e+00
27                                     0.0000000000000000e+00
28                                     0.0000000000000000e+00
29                                     0.0000000000000000e+00
30                                     0.0000000000000000e+00
31                                     0.0000000000000000e+00
32                                     0.0000000000000000e+00
33                                     0.0000000000000000e+00
34                                     0.0000000000000000e+00
35                                     0.0000000000000000e+00
36                                     0.0000000000000000e+00
37                                     0.0000000000000000e+00
38                                     0.0000000000000000e+00
39                                     0.0000000000000000e+00
40                                     0.0000000000000000e+00
41                                     0.0000000000000000e+00
42                                     0.0000000000000000e+00
43                                     0.0000000000000000e+00
44                                     0.0000000000000000e+00
45                                     0.0000000000000000e+00
46                                     0.0000000000000000e+00
47                                     0.0000000000000000e+00
48                                     0.0000000000000000e+00
49                                     0.0000000000000000e+00
50                                     0.0000000000000000e+00
51                                     0.0000000000000000e+00
52                                     0.0000000000000000e+00
53                                     0.0000000000000000e+00
54                                     0.0000000000000000e+00
55                                     0.0000000000000000e+00
56                                     0.0000000000000000e+00
57                                     0.0000000000000000e+00
58                                     0.0000000000000000e+00
59                                     0.0000000000000000e+00
60                                     0.0000000000000000e+00
61                                     0.0000000000000000e+00
62                                     0.0000000000000000e+00
63                                     0.0000000000000000e+00
64                                     0.0000000000000000e+00
65                                     0.0000000000000000e+00
66                                     0.0000000000000000e+00
67                                     0.0000000000000000e+00
68                                     0.0000000000000000e+00
69                                     0.0000000000000000e+00
70                                     0.0000000000000000e+00
71                                     0.0000000000000000e+00
72                                     0.0000000000000000e+00
73                                     0.0000000000000000e+00
74                                     0.0000000000000000e+00
75                                     0.0000000000000000e+00
76                                     0.0000000000000000e+00
77                                     0.0000000000000000e+00
78                                     0.0000000000000000e+00
79                                     0.0000000000000000e+00
80                                     0.0000000000000000e+00
81                                     0.0000000000000000e+00
82                                     0.0000000000000000e+00
83                                     0.0000000000000000e+00
84                                     0.0000000000000000e+00
85                                     0.0000000000000000e+00
86                                     0.0000000000000000e+00
87                                     0.0000000000000000e+00
88                                     0.0000000000000000e+00
89                                     0.0000000000000000e+00
90                                     0.0000000000000000e+00
91                                     0.0000000000000000e+00
92                                     0.0000000000000000e+00
93                                     0.0000000000000000e+00
94                                     0.0000000000000000e+00
95                                     0.0000000000000000e+00
96                                     0.0000000000000000e+00
97                                     0.0000000000000000e+00
98                                     0.0000000000000000e+00
99                                     0.0000000000000000e+00
100                                    0.0000000000000000e+00
101                                    0.0000000000000000e+00
102                                    0.0000000000000000e+00
103                                    0.0000000000000000e+00
104                                    0.0000000000000000e+00
105                                    0.0000000000000000e+00
106                                    0.0000000000000000e+00
107                                    0.0000000000000000e+00
108                                    0.0000000000000000e+00
109                                    0.0000000000000000e+00
110                                    0.0000000000000000e+00
111                                    0.0000000000000000e+00
112                                    0.0000000000000000e+00
113                                    0.0000000000000000e+00
114                                    0.0000000000000000e+00
115                                    0.0000000000000000e+00
116                                    0.0000000000000000e+00
117                                    0.0000000000000000e+00
118                                    0.0000000000000000e+00
119                                    0.0000000000000000e+00
120                                    0.0000000000000000e+00
121                                    0.0000000000000000e+00
122                                    0.0000000000000000e+00
123                                    0.0000000000000000e+00
124                                    0.0000000000000000e+00
125                                    0.0000000000000000e+00
126                                    0.0000000000000000e+00
127                                    0.0000000000000000e+00
128                                    0.0000000000000000e+00
129                                    0.0000000000000000e+00
130                                    0.0000000000000000e+00
131                                    0.0000000000000000e+00
132                                    0.0000000000000000e+00
133                                    0.0000000000000000e+00
134                                    0.0000000000000000e+00
135                                    0.0000000000000000e+00
136                                    0.0000000000000000e+00
137                                    0.0000000000000000e+00
138                                    0.0000000000000000e+00
139                                    0.0000000000000000e+00
140                                    0.0000000000000000e+00
141                                    0.0000000000000000e+00
142                                    0.0000000000000000e+00
143                                    0.0000000000000000e+00
144                                    0.0000000000000000e+00
145                                    0.0000000000000000e+00
146                                    0.0000000000000000e+00
147                                    0.0000000000000000e+00
148                                    0.0000000000000000e+00
149                                    0.0000000000000000e+00
150                                    0.0000000000000000e+00
151                                    0.0000000000000000e+00
152                                    0.0000000000000000e+00
153                                    0.0000000000000000e+00
154                                    0.0000000000000000e+00
155                                    0.0000000000000000e+00
156                                    0.0000000000000000e+00
157                                    0.0000000000000000e+00
158                                    0.0000000000000000e+00
159                                    0.0000000000000000e+00
160                                    0.0000000000000000e+00
161                                    0.0000000000000000e+00
   &Method [&Type "String"] "SCF"
   &Level [&Type "String"] "Relaxed density"
   &Mult [&Type "Integer"] 1
   &State [&Type "Integer"] -1
   &Irrep [&Type "Integer"] 0
$End
$SCF_Energy
   &GeometryIndex 1
   &Method [&Type "String"] "SCF"
   &totalEnergy [&Type "ArrayOfDoubles", &Dim (1,1)] "Total energy of each state"
                                                         0

0                                     -1.3463959197828692e+04
   &Mult [&Type "ArrayOfIntegers", &Dim (1,1)] "Multiplicity of each state"
                                                         0

0                                                        1
$End
$DFT_Energy
   &GeometryIndex 1
   &nAlphaEl [&Type "Integer"] 540
   &nBetaEl [&Type "Integer"] 540
   &nTotalEl [&Type "Integer"] 1080
   &finalEn [&Type "Double"]      -1.3463959197828692e+04  "No Van der Waals correction"
   &eExchange [&Type "Double"]      -9.1346777989835891e+02
   &eCorr [&Type "Double"]      -3.8627151725798399e+01
   &eXC [&Type "Double"]      -9.5209493162415731e+02
   &eCNL [&Type "Double"]       0.0000000000000000e+00
$End
$SCF_Timings
   &GeometryIndex 1
   &TOTAL [&Type "Double"]       1.5918917179999999e+03
   &PREP [&Type "Double"]       2.7250690000000000e+00
   &FOCK [&Type "Double"]       1.3705693000000001e+03
   &DENS [&Type "Double"]       1.3332424999999830e+01
   &ETOT [&Type "Double"]       3.0347120000002690e+00
   &POP [&Type "Double"]       6.4835060000000340e+00
   &TRAFO [&Type "Double"]       2.4409000000000049e+01
   &DIIS [&Type "Double"]       1.0191916100000006e+02
   &SOSCF [&Type "Double"]       3.7973486999999864e+01
   &XC [&Type "Double"]       7.1288199000000304e+01
   &FOCKSTART [&Type "Double"]       2.2381249999999064e+00
   &INT_PREP [&Type "Double"]       5.9999998711646185e-06
   &INT_BF [&Type "Double"]       9.5476189999948531e+00
   &INT_DENS [&Type "Double"]       2.0201184000008652e+01
   &INT_DENSIO [&Type "Double"]       1.4633027063622057e+07
   &INT_FUNC [&Type "Double"]       4.2468400000771567e-01
   &INT_POT [&Type "Double"]       1.1820016999987274e+01
   &INT_POTIO [&Type "Double"]       1.0175900000254501e-01
   &INT_SUM [&Type "Double"]       7.3582999999644016e-02
   &SPLITRIJ [&Type "Double"]       1.9893721999999991e+02
   &COSX [&Type "Double"]       1.1379569049999998e+03
$End
$VdW_Correction
   &GeometryIndex 1
   &vdW [&Type "Double"]      -2.7365560535430450e-01
$End
$Single_Point_Data
   &GeometryIndex 1
   &FinalEnergy [&Type "Double"]      -1.3464232853434047e+04  "Final single point energy"
   &Converged [&Type "Boolean"] true
$End
