*************************************************
******************* ORCA 6.1.1 ******************
*************************************************
$Calculation_Status
   &GeometryIndex 28
   &version [&Type "String"] "6.1.1"
   &progName [&Type "String"] "LeanSCF"
   &Status [&Type "String"] "NORMAL TERMINATION"
$End
$Geometry
   &GeometryIndex 1
   &NAtoms [&Type "Integer"] 36
   &NCorelessECP [&Type "Integer"] 0
   &NGhostAtoms [&Type "Integer"] 0
   &CartesianCoordinates [&Type "Coordinates", &Dim(36,4), &Units "Bohr"] 
              P     -9.038560098545   -1.851931611243    0.198421244062
              O    -10.998206099422   -0.009448630670   -0.570697292444
              O    -10.036335497256   -3.454419372808    2.585145351204
              O     -8.454634723164   -3.737878292896   -2.114603543858
              O     -6.494988722287   -0.368496596115    0.965650054434
              C     -5.257218104569    1.373830899361   -0.684080860479
              C     -2.910178246239    2.437746712758    0.625499350328
              O     -1.079033622469    0.464872628945    0.988326768041
              C     -1.672407628520    4.469202306724   -1.054467182728
              O     -1.610046666101    6.846477783197    0.224877409937
              C      1.043128825925    3.475206360281   -1.500442550333
              O      2.840258379284    5.485874966773   -1.360602816423
              C      1.385169256164    1.606267213833    0.729434287694
              N      3.288123473023   -0.308025359829    0.113383568035
              C      2.849707009953   -2.587035077338   -1.001554850978
              N      4.966200279945   -3.811577612119   -1.269895961995
              C      6.889941484277   -2.399952190080   -0.345819882508
              C      9.516660810427   -2.734433715784   -0.130391103241
              N     10.661834847584   -4.924626304999   -0.982657589639
              N     10.875373900717   -0.895730187479    0.910847996550
              C      9.800119730516    1.201865821174    1.727209686404
              N      7.349144934820    1.596818583163    1.566582965021
              C      5.839253753817   -0.128501377107    0.542351400435
              H     -7.186628487303   -5.000215350356   -1.744217221609
              H     -4.697859168928    0.404401392659   -2.413180273017
              H     -6.542231875635    2.915847424640   -1.147063763290
              H     -3.431742659201    3.252218676478    2.445305617294
              H     -2.683411110168    4.641167384911   -2.840258379284
              H     -0.850376760265    8.193852516683   -0.746441822899
              H      1.179189107567    2.496328222910   -3.308910460496
              H      2.594593981874    6.791675725313   -2.613491243213
              H      1.901064490725    2.617270695481    2.449085069562
              H      1.016672660050   -3.276785116219   -1.577921321824
              H      9.648941639802   -6.253103777145   -1.738548043208
              H     12.475971936148   -5.134385905864   -0.822030868256
              H     10.973639659681    2.649396039758    2.560578911463
$End
$SCF_Mulliken_Population_Analysis
   &GeometryIndex 1
   &NAtoms [&Type "Integer"] 36
   &ATNO [&Type "ArrayOfIntegers", &Dim (36,1)] 
                                                         0

0                                                       15
1                                                        8
2                                                        8
3                                                        8
4                                                        8
5                                                        6
6                                                        6
7                                                        8
8                                                        6
9                                                        8
10                                                       6
11                                                       8
12                                                       6
13                                                       7
14                                                       6
15                                                       7
16                                                       6
17                                                       6
18                                                       7
19                                                       7
20                                                       6
21                                                       7
22                                                       6
23                                                       1
24                                                       1
25                                                       1
26                                                       1
27                                                       1
28                                                       1
29                                                       1
30                                                       1
31                                                       1
32                                                       1
33                                                       1
34                                                       1
35                                                       1
   &AtomicCharges [&Type "ArrayOfDoubles", &Dim (36,1)] 
                                                         0

0                                      7.8781082788631451e-01
1                                     -6.9815336284339580e-01
2                                     -8.0871484750155709e-01
3                                     -5.1684558056681773e-01
4                                     -3.2764916931263954e-01
5                                     -1.2683166918612532e-01
6                                      1.5503366345919378e-01
7                                     -3.1020265934943225e-01
8                                      3.1335354932393145e-02
9                                     -5.0200922644493318e-01
10                                     5.1262399463690045e-02
11                                    -5.1312251211297522e-01
12                                     7.0772823690872677e-02
13                                     6.5839077627949827e-02
14                                    -2.2829464227077878e-02
15                                    -3.0353054646424926e-01
16                                     1.3698084028442636e-02
17                                     1.1660020561956408e-01
18                                    -4.1115651161447886e-01
19                                    -3.0302381362402908e-01
20                                     3.6976799020887796e-02
21                                    -3.3802082174937098e-01
22                                     1.3201641399429409e-01
23                                     3.7599044435296891e-01
24                                     1.3754034707298524e-01
25                                     1.3797876809595078e-01
26                                     9.2859314057173514e-02
27                                     1.2532574336482549e-01
28                                     3.4762208858068733e-01
29                                     1.1696505500922705e-01
30                                     3.5822879690493226e-01
31                                     1.2512152798288367e-01
32                                     1.9724284248689394e-01
33                                     2.7335473391375320e-01
34                                     2.6669128050866098e-01
35                                     1.6582359294269522e-01
   &Method [&Type "String"] "SCF"
   &Level [&Type "String"] "Relaxed density"
   &Mult [&Type "Integer"] 1
   &State [&Type "Integer"] -1
   &Irrep [&Type "Integer"] 0
$End
$SCF_Loewdin_Population_Analysis
   &GeometryIndex 1
   &NAtoms [&Type "Integer"] 36
   &ATNO [&Type "ArrayOfIntegers", &Dim (36,1)] 
                                                         0

0                                                       15
1                                                        8
2                                                        8
3                                                        8
4                                                        8
5                                                        6
6                                                        6
7                                                        8
8                                                        6
9                                                        8
10                                                       6
11                                                       8
12                                                       6
13                                                       7
14                                                       6
15                                                       7
16                                                       6
17                                                       6
18                                                       7
19                                                       7
20                                                       6
21                                                       7
22                                                       6
23                                                       1
24                                                       1
25                                                       1
26                                                       1
27                                                       1
28                                                       1
29                                                       1
30                                                       1
31                                                       1
32                                                       1
33                                                       1
34                                                       1
35                                                       1
   &AtomicCharges [&Type "ArrayOfDoubles", &Dim (36,1)] 
                                                         0

0                                     -2.9457511026080851e-02
1                                     -4.0037994419037126e-01
2                                     -5.6326579994235182e-01
3                                     -1.5895812893742978e-01
4                                      3.4327755770411805e-02
5                                     -3.0148575327430915e-01
6                                     -2.7376584878614096e-01
7                                      1.8661063756652130e-01
8                                     -2.8995778218371004e-01
9                                     -2.7988180748096170e-02
10                                    -2.8520283090440568e-01
11                                    -2.6780499311589878e-02
12                                    -2.4122839755160719e-01
13                                     2.9180881040183504e-01
14                                    -2.3572128984595420e-01
15                                     8.6222258690547449e-02
16                                    -2.1914350685679107e-01
17                                    -2.8262750634830613e-01
18                                     3.9687196834493399e-02
19                                     9.3217600363639797e-02
20                                    -3.1451884555914944e-01
21                                     8.8201817053470855e-02
22                                    -2.4261175115923805e-01
23                                     1.9289168387229239e-01
24                                     1.3442450241845194e-01
25                                     1.3673794706362852e-01
26                                     1.5234069604696998e-01
27                                     1.4964939680620126e-01
28                                     1.8527863900307939e-01
29                                     1.5091107533452042e-01
30                                     1.9124301116559739e-01
31                                     1.5663900519309570e-01
32                                     1.5332242274982677e-01
33                                     1.6569240070077074e-01
34                                     1.6231254694286201e-01
35                                     1.4157417264749772e-01
   &Method [&Type "String"] "SCF"
   &Level [&Type "String"] "Relaxed density"
   &Mult [&Type "Integer"] 1
   &State [&Type "Integer"] -1
   &Irrep [&Type "Integer"] 0
$End
$SCF_Mayer_Population_Analysis
   &GeometryIndex 1
   &NAtoms [&Type "Integer"] 36 "Total number of atoms"
   &NBondOrdersPrint [&Type "Integer"] 38 "The number of bond orders larger than threshold"
   &bondThresh [&Type "Double"]       1.0000000000000001e-01  "The threshold for printing"
   &components [&Type "ArrayOfIntegers", &Dim (38,4)] "The indices and atomic numbers of the bonding atoms"
                                                         0                           1                           2                           3

0                                                        0                          15                           1                           8
1                                                        0                          15                           2                           8
2                                                        0                          15                           3                           8
3                                                        0                          15                           4                           8
4                                                        3                           8                          23                           1
5                                                        4                           8                           5                           6
6                                                        5                           6                           6                           6
7                                                        5                           6                          24                           1
8                                                        5                           6                          25                           1
9                                                        6                           6                           7                           8
10                                                       6                           6                           8                           6
11                                                       6                           6                          26                           1
12                                                       7                           8                          12                           6
13                                                       8                           6                           9                           8
14                                                       8                           6                          10                           6
15                                                       8                           6                          27                           1
16                                                       9                           8                          28                           1
17                                                      10                           6                          11                           8
18                                                      10                           6                          12                           6
19                                                      10                           6                          29                           1
20                                                      11                           8                          30                           1
21                                                      12                           6                          13                           7
22                                                      12                           6                          31                           1
23                                                      13                           7                          14                           6
24                                                      13                           7                          22                           6
25                                                      14                           6                          15                           7
26                                                      14                           6                          32                           1
27                                                      15                           7                          16                           6
28                                                      16                           6                          17                           6
29                                                      16                           6                          22                           6
30                                                      17                           6                          18                           7
31                                                      17                           6                          19                           7
32                                                      18                           7                          33                           1
33                                                      18                           7                          34                           1
34                                                      19                           7                          20                           6
35                                                      20                           6                          21                           7
36                                                      20                           6                          35                           1
37                                                      21                           7                          22                           6
   &BondOrders [&Type "ArrayOfDoubles", &Dim (38,1)] "The bond orders"
                                                         0

0                                      1.8694321683578736e+00
1                                      1.7645135393387816e+00
2                                      1.1211118535132731e+00
3                                      1.0840762042863685e+00
4                                      8.3846483290004270e-01
5                                      9.3490165416541915e-01
6                                      9.6986839951966752e-01
7                                      9.4746857027745168e-01
8                                      9.5932497737915856e-01
9                                      9.6185548313506319e-01
10                                     9.1934054782561270e-01
11                                     9.3019076302014647e-01
12                                     1.0448019653312344e+00
13                                     1.0773295041984547e+00
14                                     1.0047829347986426e+00
15                                     9.7538281412452610e-01
16                                     8.5739092838503728e-01
17                                     1.0945644919638271e+00
18                                     9.8588480512048982e-01
19                                     9.6024327433708434e-01
20                                     8.5794412340368220e-01
21                                     9.2200758064394772e-01
22                                     9.2736612122895168e-01
23                                     1.1802195815388652e+00
24                                     1.2015506143141326e+00
25                                     1.7102937062318442e+00
26                                     9.4375213022228999e-01
27                                     1.3173546678435086e+00
28                                     1.2434179403648886e+00
29                                     1.3492286988129687e+00
30                                     1.3309022057081763e+00
31                                     1.5271290080468010e+00
32                                     9.0295167622449812e-01
33                                     8.9308398129002597e-01
34                                     1.4426603757417920e+00
35                                     1.5452402348320979e+00
36                                     9.5707409902452711e-01
37                                     1.3561052544798611e+00
   &ATNO [&Type "ArrayOfIntegers", &Dim (36,1)] "Atomic number of the elements"
                                                         0

0                                                       15
1                                                        8
2                                                        8
3                                                        8
4                                                        8
5                                                        6
6                                                        6
7                                                        8
8                                                        6
9                                                        8
10                                                       6
11                                                       8
12                                                       6
13                                                       7
14                                                       6
15                                                       7
16                                                       6
17                                                       6
18                                                       7
19                                                       7
20                                                       6
21                                                       7
22                                                       6
23                                                       1
24                                                       1
25                                                       1
26                                                       1
27                                                       1
28                                                       1
29                                                       1
30                                                       1
31                                                       1
32                                                       1
33                                                       1
34                                                       1
35                                                       1
   &NA [&Type "ArrayOfDoubles", &Dim (36,1)] "Mulliken gross atomic population"
                                                         0

0                                      1.4212189172113668e+01
1                                      8.6981533628433940e+00
2                                      8.8087148475015624e+00
3                                      8.5168455805668124e+00
4                                      8.3276491693126413e+00
5                                      6.1268316691861218e+00
6                                      5.8449663365408098e+00
7                                      8.3102026593494394e+00
8                                      5.9686646450676060e+00
9                                      8.5020092264449367e+00
10                                     5.9487376005363108e+00
11                                     8.5131225121129823e+00
12                                     5.9292271763091442e+00
13                                     6.9341609223720511e+00
14                                     6.0228294642270761e+00
15                                     7.3035305464642457e+00
16                                     5.9863019159715476e+00
17                                     5.8833997943804377e+00
18                                     7.4111565116144762e+00
19                                     7.3030238136240184e+00
20                                     5.9630232009791087e+00
21                                     7.3380208217493781e+00
22                                     5.8679835860057130e+00
23                                     6.2400955564703120e-01
24                                     8.6245965292701476e-01
25                                     8.6202123190404900e-01
26                                     9.0714068594282637e-01
27                                     8.7467425663517384e-01
28                                     6.5237791141931256e-01
29                                     8.8303494499077306e-01
30                                     6.4177120309506752e-01
31                                     8.7487847201711633e-01
32                                     8.0275715751310572e-01
33                                     7.2664526608624691e-01
34                                     7.3330871949133891e-01
35                                     8.3417640705730500e-01
   &ZA [&Type "ArrayOfDoubles", &Dim (36,1)] "Total nuclear charge"
                                                         0

0                                      1.5000000000000000e+01
1                                      8.0000000000000000e+00
2                                      8.0000000000000000e+00
3                                      8.0000000000000000e+00
4                                      8.0000000000000000e+00
5                                      6.0000000000000000e+00
6                                      6.0000000000000000e+00
7                                      8.0000000000000000e+00
8                                      6.0000000000000000e+00
9                                      8.0000000000000000e+00
10                                     6.0000000000000000e+00
11                                     8.0000000000000000e+00
12                                     6.0000000000000000e+00
13                                     7.0000000000000000e+00
14                                     6.0000000000000000e+00
15                                     7.0000000000000000e+00
16                                     6.0000000000000000e+00
17                                     6.0000000000000000e+00
18                                     7.0000000000000000e+00
19                                     7.0000000000000000e+00
20                                     6.0000000000000000e+00
21                                     7.0000000000000000e+00
22                                     6.0000000000000000e+00
23                                     1.0000000000000000e+00
24                                     1.0000000000000000e+00
25                                     1.0000000000000000e+00
26                                     1.0000000000000000e+00
27                                     1.0000000000000000e+00
28                                     1.0000000000000000e+00
29                                     1.0000000000000000e+00
30                                     1.0000000000000000e+00
31                                     1.0000000000000000e+00
32                                     1.0000000000000000e+00
33                                     1.0000000000000000e+00
34                                     1.0000000000000000e+00
35                                     1.0000000000000000e+00
   &QA [&Type "ArrayOfDoubles", &Dim (36,1)] "Mulliken gross atomic charge"
                                                         0

0                                      7.8781082788633228e-01
1                                     -6.9815336284339402e-01
2                                     -8.0871484750156242e-01
3                                     -5.1684558056681240e-01
4                                     -3.2764916931264132e-01
5                                     -1.2683166918612176e-01
6                                      1.5503366345919023e-01
7                                     -3.1020265934943936e-01
8                                      3.1335354932394033e-02
9                                     -5.0200922644493673e-01
10                                     5.1262399463689157e-02
11                                    -5.1312251211298232e-01
12                                     7.0772823690855802e-02
13                                     6.5839077627948939e-02
14                                    -2.2829464227076102e-02
15                                    -3.0353054646424571e-01
16                                     1.3698084028452406e-02
17                                     1.1660020561956230e-01
18                                    -4.1115651161447619e-01
19                                    -3.0302381362401842e-01
20                                     3.6976799020891349e-02
21                                    -3.3802082174937809e-01
22                                     1.3201641399428699e-01
23                                     3.7599044435296880e-01
24                                     1.3754034707298524e-01
25                                     1.3797876809595100e-01
26                                     9.2859314057173625e-02
27                                     1.2532574336482616e-01
28                                     3.4762208858068744e-01
29                                     1.1696505500922694e-01
30                                     3.5822879690493248e-01
31                                     1.2512152798288367e-01
32                                     1.9724284248689428e-01
33                                     2.7335473391375309e-01
34                                     2.6669128050866109e-01
35                                     1.6582359294269500e-01
   &VA [&Type "ArrayOfDoubles", &Dim (36,1)] "Mayer's total valence"
                                                         0

0                                      5.9067358655054889e+00
1                                      1.8484231942596843e+00
2                                      1.7096089601544247e+00
3                                      1.9454656374657056e+00
4                                      1.9924650271848012e+00
5                                      3.9351769344006318e+00
6                                      3.8036544242362185e+00
7                                      2.0569856733143137e+00
8                                      4.1216046183661827e+00
9                                      1.9530721705471805e+00
10                                     4.0988421283069441e+00
11                                     1.9633851923907351e+00
12                                     3.9798406150453185e+00
13                                     3.3400951740256639e+00
14                                     4.0585572497305789e+00
15                                     3.1568547909389455e+00
16                                     3.9434529961854650e+00
17                                     4.4268610386586165e+00
18                                     3.1599352366784297e+00
19                                     3.0563439432741912e+00
20                                     4.1213007380072195e+00
21                                     3.0017400686675950e+00
22                                     4.1376091372289938e+00
23                                     8.7766267967950840e-01
24                                     9.7265974304688674e-01
25                                     9.8306556722725758e-01
26                                     9.9893611255760562e-01
27                                     9.6809823680785767e-01
28                                     9.0300613836152133e-01
29                                     9.7251197833425407e-01
30                                     8.8946769490666622e-01
31                                     1.0067087018637115e+00
32                                     9.7542133285239097e-01
33                                     9.4422592641210823e-01
34                                     9.5378343893838469e-01
35                                     9.6354155732401181e-01
   &BVA [&Type "ArrayOfDoubles", &Dim (36,1)] "Mayer's bonded valence"
                                                         0

0                                      5.9067358655054978e+00
1                                      1.8484231942597145e+00
2                                      1.7096089601543945e+00
3                                      1.9454656374656700e+00
4                                      1.9924650271847781e+00
5                                      3.9351769344005647e+00
6                                      3.8036544242362345e+00
7                                      2.0569856733142684e+00
8                                      4.1216046183661179e+00
9                                      1.9530721705471965e+00
10                                     4.0988421283071546e+00
11                                     1.9633851923906747e+00
12                                     3.9798406150453056e+00
13                                     3.3400951740255875e+00
14                                     4.0585572497306224e+00
15                                     3.1568547909390068e+00
16                                     3.9434529961854956e+00
17                                     4.4268610386585747e+00
18                                     3.1599352366782849e+00
19                                     3.0563439432742161e+00
20                                     4.1213007380071467e+00
21                                     3.0017400686676332e+00
22                                     4.1376091372288588e+00
23                                     8.7766267967950151e-01
24                                     9.7265974304685932e-01
25                                     9.8306556722723570e-01
26                                     9.9893611255758519e-01
27                                     9.6809823680783713e-01
28                                     9.0300613836151700e-01
29                                     9.7251197833433134e-01
30                                     8.8946769490666222e-01
31                                     1.0067087018637311e+00
32                                     9.7542133285240817e-01
33                                     9.4422592641209468e-01
34                                     9.5378343893837769e-01
35                                     9.6354155732401536e-01
   &FA [&Type "ArrayOfDoubles", &Dim (36,1)] "Mayer's free valence"
                                                         0

0                                      0.0000000000000000e+00
1                                      0.0000000000000000e+00
2                                      0.0000000000000000e+00
3                                      0.0000000000000000e+00
4                                      0.0000000000000000e+00
5                                      0.0000000000000000e+00
6                                      0.0000000000000000e+00
7                                      0.0000000000000000e+00
8                                      0.0000000000000000e+00
9                                      0.0000000000000000e+00
10                                     0.0000000000000000e+00
11                                     0.0000000000000000e+00
12                                     0.0000000000000000e+00
13                                     0.0000000000000000e+00
14                                     0.0000000000000000e+00
15                                     0.0000000000000000e+00
16                                     0.0000000000000000e+00
17                                     0.0000000000000000e+00
18                                     0.0000000000000000e+00
19                                     0.0000000000000000e+00
20                                     0.0000000000000000e+00
21                                     0.0000000000000000e+00
22                                     0.0000000000000000e+00
23                                     0.0000000000000000e+00
24                                     0.0000000000000000e+00
25                                     0.0000000000000000e+00
26                                     0.0000000000000000e+00
27                                     0.0000000000000000e+00
28                                     0.0000000000000000e+00
29                                     0.0000000000000000e+00
30                                     0.0000000000000000e+00
31                                     0.0000000000000000e+00
32                                     0.0000000000000000e+00
33                                     0.0000000000000000e+00
34                                     0.0000000000000000e+00
35                                     0.0000000000000000e+00
   &Method [&Type "String"] "SCF"
   &Level [&Type "String"] "Relaxed density"
   &Mult [&Type "Integer"] 1
   &State [&Type "Integer"] -1
   &Irrep [&Type "Integer"] 0
$End
$SCF_Energy
   &GeometryIndex 1
   &Method [&Type "String"] "SCF"
   &totalEnergy [&Type "ArrayOfDoubles", &Dim (1,1)] "Total energy of each state"
                                                         0

0                                     -1.5299228963992064e+03
   &Mult [&Type "ArrayOfIntegers", &Dim (1,1)] "Multiplicity of each state"
                                                         0

0                                                        1
$End
$DFT_Energy
   &GeometryIndex 1
   &nAlphaEl [&Type "Integer"] 90
   &nBetaEl [&Type "Integer"] 90
   &nTotalEl [&Type "Integer"] 180
   &finalEn [&Type "Double"]      -1.5299228963992064e+03  "No Van der Waals correction"
   &eExchange [&Type "Double"]      -1.2755498594471011e+02
   &eCorr [&Type "Double"]      -6.2378624333536230e+00
   &eXC [&Type "Double"]      -1.3379284837806372e+02
   &eCNL [&Type "Double"]       0.0000000000000000e+00
$End
$Solvation_Details
   &GeometryIndex 1
   &Solvent [&Type "String"] "WATER"
   &Epsilon [&Type "Double"]       8.0150999999999996e+01
   &Refrac [&Type "Double"]       1.3328000000000000e+00
   &RSolv [&Type "Double"]       1.3000000000000000e+00
   &SurfaceType [&Type "String"] "GAUSSIAN VDW"
   &CPCMDielEnergy [&Type "Double"]      -1.6870156900000000e-01
   &NPoints [&Type "Integer"] 3116
   &SurfaceArea [&Type "Double"]       1.2479827923670000e+03
$End
$SCF_Timings
   &GeometryIndex 1
   &TOTAL [&Type "Double"]       1.0225892100000000e+02
   &PREP [&Type "Double"]       8.2823700000000000e-01
   &FOCK [&Type "Double"]       9.4589843000000002e+01
   &DENS [&Type "Double"]       2.8463499999998021e-01
   &ETOT [&Type "Double"]       1.5998799999998958e-01
   &POP [&Type "Double"]       1.8609299999999962e-01
   &TRAFO [&Type "Double"]       5.8274599999999843e-01
   &DIIS [&Type "Double"]       1.6756330000000013e+00
   &SOSCF [&Type "Double"]       1.1975930000000208e+00
   &XC [&Type "Double"]       1.0003524000000025e+01
   &FOCKSTART [&Type "Double"]       5.0321999999993428e-02
   &SOLV [&Type "Double"]       1.0182470000000000e+01
   &SOLV_INIT [&Type "Double"]       2.4110899999999991e-01
   &INT_PREP [&Type "Double"]       4.9999999998107114e-06
   &INT_BF [&Type "Double"]       1.4043289999999402e+00
   &INT_DENS [&Type "Double"]       2.1920499999998455e+00
   &INT_DENSIO [&Type "Double"]       2.4049537288700030e+05
   &INT_FUNC [&Type "Double"]       9.2943000000323295e-02
   &INT_POT [&Type "Double"]       1.7716029999996863e+00
   &INT_POTIO [&Type "Double"]       1.6610000000193637e-02
   &INT_SUM [&Type "Double"]       1.4399999999969992e-03
   &SPLITRIJ [&Type "Double"]       7.4899389999999997e+00
   &COSX [&Type "Double"]       7.0256823999999995e+01
$End
$VdW_Correction
   &GeometryIndex 1
   &vdW [&Type "Double"]      -3.8683364591982614e-02
$End
$Single_Point_Data
   &GeometryIndex 1
   &FinalEnergy [&Type "Double"]      -1.5299615797637985e+03  "Final single point energy"
   &Converged [&Type "Boolean"] true
$End
$SCF_Nuc_Gradient
   &GeometryIndex 1
   &NAtoms [&Type "Integer"] 36
   &gradNorm [&Type "Double"]       2.1323131748974761e-01
   &grad [&Type "ArrayOfDoubles", &Dim (108,1)] 
                                                         0

0                                      5.8708200041530746e-02
1                                      3.9419958736692642e-02
2                                     -8.3700101203683375e-02
3                                     -1.0671428932502532e-03
4                                     -1.1674723493616718e-02
5                                      2.3527298961914852e-02
6                                     -4.9243285063483334e-02
7                                     -3.5466154789823477e-02
8                                      6.0471810355898784e-02
9                                     -9.5669458735563630e-03
10                                    -6.9982169211454679e-03
11                                     4.8389648436168763e-04
12                                    -7.7707202062514275e-03
13                                     1.0907238971310582e-02
14                                    -2.1059337592493411e-04
15                                    -4.5242654731763943e-03
16                                     5.7683603122800657e-03
17                                    -1.0802758605976738e-02
18                                     5.5375243198222757e-03
19                                     1.0662790710384341e-03
20                                     1.3218254297543900e-02
21                                    -2.3596705469902193e-02
22                                    -1.0171286852587214e-02
23                                     4.2014221665699469e-03
24                                    -9.5179598266538316e-03
25                                    -1.3228901391978284e-02
26                                    -3.6443658197268347e-03
27                                     1.3056282392642397e-02
28                                     1.2040715442891734e-02
29                                    -6.8713570394206584e-03
30                                     2.3014215151987604e-04
31                                    -2.4827726079509033e-02
32                                    -1.0209787918088331e-02
33                                    -2.7231882635408212e-03
34                                     1.6678180272731921e-02
35                                    -4.8512392426014678e-03
36                                     1.1053951740480260e-02
37                                     9.5669979292206187e-04
38                                     2.4385575994511490e-02
39                                     1.7960623194939584e-02
40                                    -2.4957490578137214e-02
41                                    -2.0769376483415623e-02
42                                    -2.1861915836413122e-02
43                                    -7.3947980555171867e-04
44                                    -2.4189543458535212e-03
45                                     1.1914405578819906e-03
46                                     4.2260131616897914e-02
47                                     1.9419154775296502e-02
48                                     2.6306949813725236e-02
49                                    -1.7227492948309456e-02
50                                    -2.1912304129217000e-03
51                                    -5.5726281758211212e-03
52                                     2.5763463163142181e-02
53                                     1.1238899862417761e-02
54                                     2.7547123034517538e-02
55                                    -5.8717899867654570e-02
56                                    -2.3333957123697544e-02
57                                    -2.8616332313705806e-02
58                                     1.4958699730902136e-02
59                                     3.4134181916724337e-03
60                                     3.0465569290033707e-02
61                                     2.2527886270851727e-02
62                                     1.4175496837583563e-02
63                                     3.0790387443122919e-02
64                                    -4.5720905728628983e-02
65                                    -1.6619477468461569e-02
66                                    -4.4641239010495277e-02
67                                     1.7425411043457472e-02
68                                    -2.0492001204471351e-03
69                                     1.7023758663763790e-03
70                                    -1.6361643919389935e-03
71                                    -1.2256517087840212e-03
72                                    -1.4179337742173794e-03
73                                     3.8117718197004907e-05
74                                     3.2998043564605611e-03
75                                     3.0174390098420796e-04
76                                    -2.5512176063773248e-03
77                                     6.6109484591262395e-05
78                                    -4.8159214943604408e-04
79                                    -1.2021784573293100e-03
80                                    -2.5966681320216682e-03
81                                     9.2971234467379197e-04
82                                    -1.3844390738068041e-03
83                                     2.5111257777896035e-03
84                                     1.3511595832977671e-03
85                                     1.0695051578274271e-02
86                                     3.9088740041085344e-03
87                                     8.2096105285547460e-05
88                                     4.1496441698557849e-03
89                                    -7.2829606684873165e-04
90                                     4.6661423649246260e-03
91                                     9.6917037886647857e-03
92                                     2.2530652384066875e-03
93                                    -4.9800343635463496e-03
94                                     1.0222526706320655e-03
95                                    -1.1490960645937020e-03
96                                     4.9124087490661405e-04
97                                    -4.4040885089600109e-03
98                                    -2.3715776074574799e-03
99                                     1.9432616880576511e-02
100                                    2.4348914556050420e-02
101                                    1.3970614671080725e-02
102                                   -3.4739564892735574e-02
103                                    3.1337658530936840e-03
104                                   -3.5174842389863511e-03
105                                   -1.4838282549065670e-03
106                                   -1.9441082646147777e-03
107                                   -1.2836484870236578e-03
   &Method [&Type "String"] "SCF"
   &Level [&Type "String"] "Relaxed density"
   &Mult [&Type "Integer"] 1
   &State [&Type "Integer"] 0
   &Irrep [&Type "Integer"] 0
$End
$Geometry
   &GeometryIndex 2
   &NAtoms [&Type "Integer"] 36
   &NCorelessECP [&Type "Integer"] 0
   &NGhostAtoms [&Type "Integer"] 0
   &CartesianCoordinates [&Type "Coordinates", &Dim(36,4), &Units "Bohr"] 
              P     -8.815863527583   -1.945098857804    0.234476943706
              O    -10.818120349075   -0.178155322621   -0.629937605439
              O     -9.608312616011   -3.600455125032    2.550915343644
              O     -8.041280612212   -3.745438402947   -2.084619116300
              O     -6.317161749385   -0.405117339444    1.005490807057
              C     -5.172719934831    1.363102202709   -0.665945905536
              C     -2.870274349484    2.490282696123    0.600162365910
              O     -1.002269460571    0.567777662644    0.935592555059
              C     -1.693214769543    4.554090660166   -1.050941777614
              O     -1.748656862426    6.853727502529    0.300764532626
              C      1.036158211663    3.587780860590   -1.525137135025
              O      2.885208809355    5.502531837218   -1.397216580120
              C      1.399486623050    1.718270819718    0.660593250502
              N      3.232825631973   -0.230309333163    0.085746696931
              C      2.754251907961   -2.526296800605   -1.013073060083
              N      4.805555209937   -3.860852574566   -1.292954230374
              C      6.730202805650   -2.431971501200   -0.352968774252
              C      9.343083465995   -2.819860449549   -0.119514087400
              N     10.444901833786   -4.987594359320   -0.924122772910
              N     10.734370135536   -1.009857225512    0.914955157702
              C      9.650468309854    1.118475463391    1.706138435912
              N      7.221442906787    1.636589363087    1.559362670098
              C      5.765884731212   -0.116938648950    0.527297863141
              H     -6.704387868869   -4.920445966053   -1.686911355036
              H     -4.602609976802    0.412191236652   -2.409961903540
              H     -6.511389947626    2.870770454708   -1.110073092137
              H     -3.393597791491    3.281627568653    2.436120136501
              H     -2.716699407061    4.742970843109   -2.834786208914
              H     -1.031238087950    8.218437067848   -0.658762115160
              H      1.147636406804    2.585481978283   -3.325719804519
              H      2.637975839919    6.770566640747   -2.676926992892
              H      1.951227208804    2.714746199879    2.382035685812
              H      0.892386788750   -3.134804284322   -1.575554446253
              H      9.389577157621   -6.349513095554   -1.701946747087
              H     12.312039978106   -5.224325336240   -0.735641984797
              H     10.864244040383    2.541388441821    2.538485899527
$End
$SCF_Energy
   &GeometryIndex 2
   &Method [&Type "String"] "SCF"
   &totalEnergy [&Type "ArrayOfDoubles", &Dim (1,1)] "Total energy of each state"
                                                         0

0                                     -1.5299561915639947e+03
   &Mult [&Type "ArrayOfIntegers", &Dim (1,1)] "Multiplicity of each state"
                                                         0

0                                                        1
$End
$DFT_Energy
   &GeometryIndex 2
   &nAlphaEl [&Type "Integer"] 90
   &nBetaEl [&Type "Integer"] 90
   &nTotalEl [&Type "Integer"] 180
   &finalEn [&Type "Double"]      -1.5299561915639947e+03  "No Van der Waals correction"
   &eExchange [&Type "Double"]      -1.2761001543108357e+02
   &eCorr [&Type "Double"]      -6.2465027182506958e+00
   &eXC [&Type "Double"]      -1.3385651814933425e+02
   &eCNL [&Type "Double"]       0.0000000000000000e+00
$End
$Solvation_Details
   &GeometryIndex 2
   &Solvent [&Type "String"] "WATER"
   &Epsilon [&Type "Double"]       8.0150999999999996e+01
   &Refrac [&Type "Double"]       1.3328000000000000e+00
   &RSolv [&Type "Double"]       1.3000000000000000e+00
   &SurfaceType [&Type "String"] "GAUSSIAN VDW"
   &CPCMDielEnergy [&Type "Double"]      -1.6345489699999999e-01
   &NPoints [&Type "Integer"] 3087
   &SurfaceArea [&Type "Double"]       1.2364333279299999e+03
$End
$SCF_Timings
   &GeometryIndex 2
   &TOTAL [&Type "Double"]       8.0448979999999992e+01
   &PREP [&Type "Double"]       9.2410099999999995e-01
   &FOCK [&Type "Double"]       7.2153497999999985e+01
   &DENS [&Type "Double"]       2.2280299999999897e-01
   &ETOT [&Type "Double"]       1.1430299999999782e-01
   &TRAFO [&Type "Double"]       7.7656099999999384e-01
   &DIIS [&Type "Double"]       2.4119180000000036e+00
   &SOSCF [&Type "Double"]       1.0352020000000124e+00
   &XC [&Type "Double"]       6.9822519999999955e+00
   &FOCKSTART [&Type "Double"]       3.9063000000003845e-02
   &SOLV [&Type "Double"]       8.0279560000000103e+00
   &SOLV_INIT [&Type "Double"]       2.9511299999999996e-01
   &INT_PREP [&Type "Double"]       2.9999999924257281e-06
   &INT_BF [&Type "Double"]       1.5998619999999697e+00
   &INT_DENS [&Type "Double"]       2.4558310000001757e+00
   &INT_DENSIO [&Type "Double"]       1.3282307242000022e+05
   &INT_FUNC [&Type "Double"]       9.5230000000091408e-02
   &INT_POT [&Type "Double"]       2.1242280000001408e+00
   &INT_POTIO [&Type "Double"]       1.9550999999845331e-02
   &INT_SUM [&Type "Double"]       1.6720000000081114e-03
   &SPLITRIJ [&Type "Double"]       5.6630900000000084e+00
   &COSX [&Type "Double"]       5.5083743999999996e+01
$End
$VdW_Correction
   &GeometryIndex 2
   &vdW [&Type "Double"]      -3.9012107209261140e-02
$End
$Single_Point_Data
   &GeometryIndex 2
   &FinalEnergy [&Type "Double"]      -1.5299952036712041e+03  "Final single point energy"
   &Converged [&Type "Boolean"] true
$End
$SCF_Nuc_Gradient
   &GeometryIndex 2
   &NAtoms [&Type "Integer"] 36
   &gradNorm [&Type "Double"]       1.3008209568495777e-01
   &grad [&Type "ArrayOfDoubles", &Dim (108,1)] 
                                                         0

0                                      4.1510791677109173e-02
1                                      3.3194539441195804e-02
2                                     -6.1354730767758388e-02
3                                     -3.0843069377545830e-03
4                                     -5.5215331776657089e-03
5                                      1.4759049373384407e-02
6                                     -2.9940417465424359e-02
7                                     -3.0153862016896606e-02
8                                      4.3717036295670419e-02
9                                     -5.6190729401282306e-03
10                                    -3.9076715629279574e-03
11                                     5.3223130779621007e-03
12                                    -7.9352256456757479e-03
13                                     4.5507718269679996e-03
14                                    -1.5142156859769766e-03
15                                    -1.9813537965488137e-05
16                                     4.2675591852854499e-03
17                                    -6.1219879979009040e-03
18                                     4.8801029710830168e-03
19                                     3.1348289324974565e-03
20                                     8.2980437731870142e-03
21                                    -1.0753499603196794e-02
22                                    -3.8810258452625758e-03
23                                     1.7904359619694125e-04
24                                    -6.3575793355113690e-03
25                                    -6.3019884927747929e-03
26                                    -8.3515881706941431e-04
27                                     4.9678698377759083e-03
28                                     5.5054399094348156e-03
29                                    -6.2686068315495631e-03
30                                     3.7482705904657969e-04
31                                    -1.4438068110611395e-02
32                                    -6.7389342173587233e-03
33                                    -4.7595795838851362e-04
34                                     6.1677165105831480e-03
35                                    -4.7226753471526009e-03
36                                     9.3248348664003427e-03
37                                     2.6703821436703168e-03
38                                     1.3435759681323491e-02
39                                     1.1632531643002800e-02
40                                    -8.9222184616057319e-03
41                                    -9.3940356642596128e-03
42                                    -8.1400333650253481e-03
43                                    -1.2130268758500946e-03
44                                     1.3636397198082820e-04
45                                     7.8395589984563824e-04
46                                     1.6272979323177637e-02
47                                     7.0182102033177277e-03
48                                     1.2630526173102858e-02
49                                    -1.4493131483084183e-02
50                                    -3.1528301274835998e-03
51                                     1.1029307687427992e-03
52                                     1.7019274995999485e-02
53                                     7.6897289435805824e-03
54                                     6.1978915911517331e-03
55                                    -1.5975709852478093e-02
56                                    -6.2711758165480925e-03
57                                    -1.7359929853517978e-02
58                                    -2.9542681508990232e-03
59                                    -3.5583436697166045e-03
60                                     1.1424621035466686e-02
61                                     1.5580335541254512e-02
62                                     8.4006198454866267e-03
63                                     1.5074264963999981e-02
64                                    -2.9334799670773494e-02
65                                    -1.0806595278268322e-02
66                                    -2.6856039723467399e-02
67                                     2.3183477780288331e-02
68                                     3.7766631140770208e-03
69                                     1.2345994315507492e-03
70                                    -6.3022536294534272e-04
71                                    -1.4180557174719008e-03
72                                    -2.5111608806419028e-04
73                                    -7.1478526043029832e-04
74                                     1.6304495780992338e-03
75                                     5.4034058946949188e-05
76                                    -1.0827841492550582e-03
77                                     4.8264648876080064e-04
78                                    -8.1080516471079811e-04
79                                    -1.0046807645040740e-03
80                                    -7.8433188278182180e-04
81                                    -2.8253166623033266e-04
82                                    -4.1290693464254711e-04
83                                     1.4486035766778779e-03
84                                    -1.0975963141741790e-03
85                                     2.7988028633940507e-03
86                                     4.4549833389761215e-03
87                                     1.9244496846393126e-03
88                                     2.8953782602812624e-03
89                                     1.6359212532213453e-04
90                                     2.4874370454612211e-03
91                                     3.7291858994349955e-03
92                                     3.6404060715914443e-03
93                                    -4.4119590627116180e-03
94                                    -1.0497619948360510e-04
95                                    -6.4405554262355041e-04
96                                     1.4473589664027991e-03
97                                    -3.2289569492370187e-03
98                                    -1.6326382199714424e-03
99                                     1.2167895268285702e-03
100                                    2.9751164419641327e-03
101                                    1.5109100069272325e-03
102                                   -3.5362863790748128e-03
103                                    7.3158260043660987e-04
104                                   -2.4942713204715818e-04
105                                   -1.3376461487762845e-03
106                                   -4.0075232707699991e-04
107                                   -5.9662433047008589e-04
   &Method [&Type "String"] "SCF"
   &Level [&Type "String"] "Relaxed density"
   &Mult [&Type "Integer"] 1
   &State [&Type "Integer"] 0
   &Irrep [&Type "Integer"] 0
$End
$Geometry
   &GeometryIndex 3
   &NAtoms [&Type "Integer"] 36
   &NCorelessECP [&Type "Integer"] 0
   &NGhostAtoms [&Type "Integer"] 0
   &CartesianCoordinates [&Type "Coordinates", &Dim(36,4), &Units "Bohr"] 
              P     -8.680588948885   -2.002799162748    0.299023544473
              O    -10.666907602846   -0.269206208710   -0.688274787507
              O     -9.285950247413   -3.659385739270    2.512815830418
              O     -7.731625257352   -3.693571677683   -2.040787032352
              O     -6.193759717847   -0.450382355850    1.081269983287
              C     -5.137013378771    1.333478077238   -0.614913000744
              C     -2.846374738594    2.507853729471    0.579349883086
              O     -0.943259726394    0.625697723347    0.879365241896
              C     -1.713711227587    4.611594052803   -1.046536868669
              O     -1.806023346367    6.854432219122    0.356013818062
              C      1.007026962931    3.672612804273   -1.562978661650
              O      2.874030719527    5.530856753393   -1.464099464842
              C      1.405685236134    1.782628614955    0.572199462808
              N      3.197414077777   -0.187280340454    0.027377175586
              C      2.698681469696   -2.476244558425   -1.086119229784
              N      4.706447016527   -3.888577090350   -1.362300137392
              C      6.630775480153   -2.457041194541   -0.374172833302
              C      9.235703005727   -2.889955335068   -0.098866176140
              N     10.329664767914   -5.024508410054   -0.872433232940
              N     10.640243928689   -1.094713414425    0.977063129770
              C      9.520149791365    1.034695210491    1.751197463210
              N      7.107092380462    1.657069235251    1.592690600438
              C      5.726897333937   -0.137026786453    0.507817257045
              H     -6.359099485513   -4.808298178043   -1.607610665078
              H     -4.590939400908    0.402327244175   -2.382682953221
              H     -6.517247252784    2.818005881464   -1.026899474991
              H     -3.342071313403    3.285427474873    2.432929972407
              H     -2.748350384307    4.824519573228   -2.826831718126
              H     -1.103172602572    8.212251090795   -0.627216583713
              H      1.068059894161    2.651776236415   -3.362679615815
              H      2.593232004740    6.750013393337   -2.784708591312
              H      2.016661787357    2.766719459108    2.289895569080
              H      0.815111448902   -3.003289040780   -1.657314744921
              H      9.286606865900   -6.393426800230   -1.684870738671
              H     12.204256155242   -5.269836588849   -0.639879061711
              H     10.753484996626    2.427358985186    2.618589290057
$End
$SCF_Energy
   &GeometryIndex 3
   &Method [&Type "String"] "SCF"
   &totalEnergy [&Type "ArrayOfDoubles", &Dim (1,1)] "Total energy of each state"
                                                         0

0                                     -1.5299697444710778e+03
   &Mult [&Type "ArrayOfIntegers", &Dim (1,1)] "Multiplicity of each state"
                                                         0

0                                                        1
$End
$DFT_Energy
   &GeometryIndex 3
   &nAlphaEl [&Type "Integer"] 90
   &nBetaEl [&Type "Integer"] 90
   &nTotalEl [&Type "Integer"] 180
   &finalEn [&Type "Double"]      -1.5299697444710778e+03  "No Van der Waals correction"
   &eExchange [&Type "Double"]      -1.2766297263270937e+02
   &eCorr [&Type "Double"]      -6.2541839281619227e+00
   &eXC [&Type "Double"]      -1.3391715656087129e+02
   &eCNL [&Type "Double"]       0.0000000000000000e+00
$End
$Solvation_Details
   &GeometryIndex 3
   &Solvent [&Type "String"] "WATER"
   &Epsilon [&Type "Double"]       8.0150999999999996e+01
   &Refrac [&Type "Double"]       1.3328000000000000e+00
   &RSolv [&Type "Double"]       1.3000000000000000e+00
   &SurfaceType [&Type "String"] "GAUSSIAN VDW"
   &CPCMDielEnergy [&Type "Double"]      -1.5736634299999999e-01
   &NPoints [&Type "Integer"] 3067
   &SurfaceArea [&Type "Double"]       1.2269704811600000e+03
$End
$SCF_Timings
   &GeometryIndex 3
   &TOTAL [&Type "Double"]       9.7899214000000001e+01
   &PREP [&Type "Double"]       9.4396300000000000e-01
   &FOCK [&Type "Double"]       8.9868765999999994e+01
   &DENS [&Type "Double"]       2.7009599999998102e-01
   &ETOT [&Type "Double"]       1.5096099999999701e-01
   &POP [&Type "Double"]       9.9999999747524271e-07
   &TRAFO [&Type "Double"]       6.2462599999999213e-01
   &DIIS [&Type "Double"]       1.9007079999999945e+00
   &SOSCF [&Type "Double"]       1.0797160000000048e+00
   &XC [&Type "Double"]       9.7233900000000073e+00
   &FOCKSTART [&Type "Double"]       4.8618999999979429e-02
   &SOLV [&Type "Double"]       9.5726540000000089e+00
   &SOLV_INIT [&Type "Double"]       2.8364800000000001e-01
   &INT_PREP [&Type "Double"]       1.9999999985031991e-06
   &INT_BF [&Type "Double"]       1.7995559999998818e+00
   &INT_DENS [&Type "Double"]       2.6882040000001428e+00
   &INT_DENSIO [&Type "Double"]       2.1713601026900028e+05
   &INT_FUNC [&Type "Double"]       1.0671699999994466e-01
   &INT_POT [&Type "Double"]       1.8655060000001740e+00
   &INT_POTIO [&Type "Double"]       2.5245999999958357e-02
   &INT_SUM [&Type "Double"]       5.2000000000873570e-04
   &SPLITRIJ [&Type "Double"]       7.4487060000000058e+00
   &COSX [&Type "Double"]       6.6752650999999986e+01
$End
$VdW_Correction
   &GeometryIndex 3
   &vdW [&Type "Double"]      -3.9229959276110671e-02
$End
$Single_Point_Data
   &GeometryIndex 3
   &FinalEnergy [&Type "Double"]      -1.5300089744303539e+03  "Final single point energy"
   &Converged [&Type "Boolean"] true
$End
$SCF_Nuc_Gradient
   &GeometryIndex 3
   &NAtoms [&Type "Integer"] 36
   &gradNorm [&Type "Double"]       3.8734280773151206e-02
   &grad [&Type "ArrayOfDoubles", &Dim (108,1)] 
                                                         0

0                                      1.6659095748930802e-02
1                                      7.5197264043434815e-03
2                                     -1.4993251822720028e-02
3                                     -3.0988988318280493e-03
4                                     -4.4520472625621298e-04
5                                      4.6400752982504638e-03
6                                     -5.1759397940587884e-03
7                                     -4.2240608351012876e-03
8                                      5.0095540813811746e-03
9                                     -1.8142214502569884e-03
10                                     8.1819625635400311e-04
11                                     9.3268743837696434e-03
12                                    -8.5845271482253190e-03
13                                    -4.1357878000844910e-03
14                                    -2.3998952392531767e-03
15                                     2.5445939919914846e-03
16                                     1.9768077413319035e-03
17                                    -1.8963454711879014e-03
18                                     2.7142658675835102e-03
19                                     1.6721747884372289e-03
20                                     3.3789106650982800e-03
21                                     1.3633476344870443e-03
22                                     1.1113143898210580e-03
23                                    -2.4686265977571960e-03
24                                    -1.4671083854063643e-03
25                                     8.7016797931823667e-04
26                                     1.6490068310939959e-03
27                                     4.7426551103618334e-04
28                                    -2.8187255411260279e-03
29                                    -3.7692637045263723e-03
30                                     6.8127298522035031e-04
31                                    -1.2436176680371580e-03
32                                    -1.8090702811185122e-03
33                                    -1.2382318938149294e-03
34                                    -3.4310752213003838e-03
35                                    -1.0992193943414922e-03
36                                     2.4362137169320701e-03
37                                     1.0141787872670830e-03
38                                     2.1459392719145264e-03
39                                     2.6833735462200837e-03
40                                     1.6650212003349485e-03
41                                    -7.1676195372454812e-04
42                                    -5.5252153566514358e-04
43                                    -4.1241685856133843e-04
44                                     2.3112196298096456e-03
45                                     6.5731682326031920e-04
46                                    -1.6855992005125543e-03
47                                    -9.8919846683498966e-04
48                                     6.1645728668310450e-04
49                                    -5.8837298864267288e-03
50                                    -1.8819305160112207e-03
51                                     4.3616044143683693e-03
52                                     2.4285958221651653e-03
53                                     1.5930608086753332e-03
54                                    -2.5053866239032095e-03
55                                     4.1671809363462500e-03
56                                     1.4491169460189384e-03
57                                    -3.1563919760548339e-03
58                                    -7.7197089080984927e-03
59                                    -3.7900042847270579e-03
60                                    -2.5069976955174782e-03
61                                     4.7224567375055105e-03
62                                     1.4241676705962253e-03
63                                     2.0542214714861576e-03
64                                    -7.5519249136623444e-03
65                                    -2.9260588149749131e-03
66                                    -5.7195923940108993e-03
67                                     1.2869489749283893e-02
68                                     3.3329489290908174e-03
69                                     6.2867110689155152e-04
70                                     4.0073394529515575e-04
71                                    -1.4984108461715013e-03
72                                     4.7443075029994817e-04
73                                    -7.8431395123040068e-04
74                                     4.7540943619625077e-04
75                                    -3.0276684971261260e-04
76                                    -1.2222311396231362e-04
77                                     6.3369659161688179e-04
78                                    -6.6307654920684598e-04
79                                    -6.5774779629040056e-04
80                                     2.1868447265474252e-05
81                                    -3.4937227581665568e-04
82                                     4.1132315032528898e-05
83                                     1.2553647378196463e-04
84                                    -4.6563367023698285e-04
85                                    -1.1617008525264768e-04
86                                     1.2516049930360864e-03
87                                     2.0614333921400779e-03
88                                     9.0489493975654141e-04
89                                     1.8299739329801106e-04
90                                    -8.2190575111751741e-04
91                                     1.1948831706423736e-03
92                                     2.1667020670184003e-03
93                                    -2.3561467906774588e-03
94                                    -4.6157869733137215e-04
95                                     3.1280259217384673e-04
96                                     1.0100320431724271e-03
97                                    -1.3200100879024992e-03
98                                    -7.4874202718613132e-04
99                                    -2.3272573643272421e-03
100                                   -1.0015134423078998e-03
101                                   -8.8733380139400251e-04
102                                    2.4616382112837244e-03
103                                    3.0767881338420800e-04
104                                    5.7677495503339401e-04
105                                   -7.7625751457937957e-04
106                                    3.3077476108581003e-04
107                                   -1.3415423622960835e-04
   &Method [&Type "String"] "SCF"
   &Level [&Type "String"] "Relaxed density"
   &Mult [&Type "Integer"] 1
   &State [&Type "Integer"] 0
   &Irrep [&Type "Integer"] 0
$End
$Geometry
   &GeometryIndex 4
   &NAtoms [&Type "Integer"] 36
   &NCorelessECP [&Type "Integer"] 0
   &NGhostAtoms [&Type "Integer"] 0
   &CartesianCoordinates [&Type "Coordinates", &Dim(36,4), &Units "Bohr"] 
              P     -8.657235414148   -2.030083761476    0.384066510403
              O    -10.638611556279   -0.283040114387   -0.591989447077
              O     -9.186181234192   -3.710688163840    2.568623750337
              O     -7.718277416142   -3.661299295477   -2.013777330960
              O     -6.150061711258   -0.476697156623    1.143040666168
              C     -5.165619504727    1.344854464756   -0.552104602382
              C     -2.848452537495    2.524842508949    0.585437707186
              O     -0.932762897080    0.647750608968    0.865087947826
              C     -1.734396010629    4.640773051027   -1.046686028808
              O     -1.769856100492    6.874773690183    0.383245835625
              C      0.957972608083    3.673457784140   -1.645132422148
              O      2.857089732543    5.505935151663   -1.670211043360
              C      1.410562563364    1.802866418472    0.497120766371
              N      3.210517793130   -0.164717136920   -0.051920801438
              C      2.739130699397   -2.405022858515   -1.263243652175
              N      4.746766683318   -3.823836326581   -1.517162375279
              C      6.647355425874   -2.439507022255   -0.410360111855
              C      9.240163385678   -2.903914383189   -0.053449795500
              N     10.363705565292   -5.013512098233   -0.861493260141
              N     10.614244783964   -1.150139981983    1.148765963192
              C      9.466774312340    0.947994876077    1.958230078046
              N      7.062033619989    1.604714130441    1.733724288662
              C      5.730314641562   -0.157876976291    0.522537162900
              H     -6.376330798451   -4.817830565948   -1.595159382146
              H     -4.669744226835    0.452589058869   -2.354903525623
              H     -6.568963521656    2.824544398990   -0.901334979860
              H     -3.303421067994    3.309212640938    2.447454275431
              H     -2.809790686823    4.880194050953   -2.799707662009
              H     -1.077664971657    8.225879159413   -0.619528816586
              H      0.921987646061    2.606665071897   -3.421278135094
              H      2.590445317905    6.623790389686   -3.081654132268
              H      2.069743995204    2.809275375392    2.187149387566
              H      0.866609432545   -2.887233953403   -1.908868045644
              H      9.360038309912   -6.352143456178   -1.766043276337
              H     12.225813828748   -5.272332718401   -0.562765708978
              H     10.677230003170    2.293538015879    2.929712844695
$End
$SCF_Energy
   &GeometryIndex 4
   &Method [&Type "String"] "SCF"
   &totalEnergy [&Type "ArrayOfDoubles", &Dim (1,1)] "Total energy of each state"
                                                         0

0                                     -1.5299718349819650e+03
   &Mult [&Type "ArrayOfIntegers", &Dim (1,1)] "Multiplicity of each state"
                                                         0

0                                                        1
$End
$DFT_Energy
   &GeometryIndex 4
   &nAlphaEl [&Type "Integer"] 90
   &nBetaEl [&Type "Integer"] 90
   &nTotalEl [&Type "Integer"] 180
   &finalEn [&Type "Double"]      -1.5299718349819650e+03  "No Van der Waals correction"
   &eExchange [&Type "Double"]      -1.2765279785028528e+02
   &eCorr [&Type "Double"]      -6.2530876846550356e+00
   &eXC [&Type "Double"]      -1.3390588553494032e+02
   &eCNL [&Type "Double"]       0.0000000000000000e+00
$End
$Solvation_Details
   &GeometryIndex 4
   &Solvent [&Type "String"] "WATER"
   &Epsilon [&Type "Double"]       8.0150999999999996e+01
   &Refrac [&Type "Double"]       1.3328000000000000e+00
   &RSolv [&Type "Double"]       1.3000000000000000e+00
   &SurfaceType [&Type "String"] "GAUSSIAN VDW"
   &CPCMDielEnergy [&Type "Double"]      -1.5532044100000000e-01
   &NPoints [&Type "Integer"] 3065
   &SurfaceArea [&Type "Double"]       1.2298339825190001e+03
$End
$SCF_Timings
   &GeometryIndex 4
   &TOTAL [&Type "Double"]       8.8560483000000005e+01
   &PREP [&Type "Double"]       8.8109499999999996e-01
   &FOCK [&Type "Double"]       8.0232343000000000e+01
   &DENS [&Type "Double"]       2.5604900000000441e-01
   &ETOT [&Type "Double"]       1.3490699999999833e-01
   &POP [&Type "Double"]       9.9999999747524271e-07
   &TRAFO [&Type "Double"]       7.8712300000000823e-01
   &DIIS [&Type "Double"]       1.6065449999999970e+00
   &SOSCF [&Type "Double"]       1.1895009999999875e+00
   &XC [&Type "Double"]       8.1457990000000109e+00
   &FOCKSTART [&Type "Double"]       3.9539000000011315e-02
   &SOLV [&Type "Double"]       8.6618089999999910e+00
   &SOLV_INIT [&Type "Double"]       2.2757200000000000e-01
   &INT_PREP [&Type "Double"]       2.9999999942020850e-06
   &INT_BF [&Type "Double"]       1.3031009999998489e+00
   &INT_DENS [&Type "Double"]       2.0103420000003300e+00
   &INT_DENSIO [&Type "Double"]       1.8118805906000026e+05
   &INT_FUNC [&Type "Double"]       8.2333999999969265e-02
   &INT_POT [&Type "Double"]       1.5410190000002792e+00
   &INT_POTIO [&Type "Double"]       1.7785999999958335e-02
   &INT_SUM [&Type "Double"]       1.5569999999787143e-03
   &SPLITRIJ [&Type "Double"]       7.3707469999999926e+00
   &COSX [&Type "Double"]       6.0257657000000002e+01
$End
$VdW_Correction
   &GeometryIndex 4
   &vdW [&Type "Double"]      -3.9162184083529027e-02
$End
$Single_Point_Data
   &GeometryIndex 4
   &FinalEnergy [&Type "Double"]      -1.5300109971660486e+03  "Final single point energy"
   &Converged [&Type "Boolean"] true
$End
$SCF_Nuc_Gradient
   &GeometryIndex 4
   &NAtoms [&Type "Integer"] 36
   &gradNorm [&Type "Double"]       1.7556143105323867e-02
   &grad [&Type "ArrayOfDoubles", &Dim (108,1)] 
                                                         0

0                                      7.7093253680077653e-03
1                                     -1.0034169703686930e-03
2                                     -8.0003061477159894e-04
3                                     -1.7715314236659817e-03
4                                      4.8915909320303185e-04
5                                      1.2009525354226274e-03
6                                     -2.3640132073067505e-04
7                                      2.5369653159959269e-03
8                                     -3.6051688734139208e-03
9                                     -8.5519058243723313e-04
10                                     1.5585068274702107e-03
11                                     6.8068209223870321e-03
12                                    -6.3127353368150462e-03
13                                    -4.4178038688791315e-03
14                                    -2.1605867040858850e-03
15                                     1.1420510830466425e-03
16                                     1.3484901081078130e-03
17                                    -6.1669242859135572e-04
18                                     9.5524416581315786e-04
19                                    -1.5817135435863182e-04
20                                     1.3179893226552498e-03
21                                     5.0987096906934945e-04
22                                     1.3437880434566743e-03
23                                    -1.8931215481194107e-03
24                                    -4.7034337311640005e-04
25                                     1.3292643011322894e-03
26                                     1.5676747335603314e-03
27                                    -5.9215144931082711e-04
28                                    -1.3797869216304820e-03
29                                    -1.6884230135990291e-03
30                                     5.9934775949516323e-04
31                                     1.0418185331950490e-03
32                                    -8.5591321701358508e-04
33                                     7.7236050358736521e-04
34                                    -2.3655854503817995e-03
35                                    -1.0228014378055499e-03
36                                     1.6081119554451880e-07
37                                    -5.5384009656039948e-06
38                                     6.5244032848014229e-04
39                                     1.1355053066820304e-03
40                                     4.0942214362732103e-04
41                                    -7.1105924441703088e-04
42                                    -8.5895483399043649e-04
43                                    -6.6055254763860917e-05
44                                     2.1262240996364644e-03
45                                     8.7744005020072102e-04
46                                    -2.1908290995468404e-03
47                                    -9.4247214556373454e-04
48                                    -1.2479225864413823e-03
49                                    -1.3632639607118189e-03
50                                    -8.6132878005837972e-04
51                                     1.6285619202517059e-03
52                                     6.7224625041266157e-04
53                                     4.9663541041196184e-04
54                                    -1.0017162290306249e-03
55                                     1.8006832042937906e-03
56                                     7.2553289383685293e-04
57                                     7.0009057051504829e-04
58                                    -3.0389088755052190e-03
59                                    -1.3332924055404593e-03
60                                    -2.4785595438070436e-03
61                                     1.0828647449957669e-03
62                                    -3.9865129819062007e-05
63                                     2.9938154214141345e-04
64                                    -8.6758690019963353e-04
65                                    -2.0320997961838596e-05
66                                    -3.4014471361049113e-04
67                                     3.6372999004697058e-03
68                                     5.8018098864018081e-04
69                                     4.9120971405388605e-04
70                                     5.1341999694428937e-04
71                                    -1.2681620137786950e-03
72                                     3.7246579372223420e-04
73                                    -4.3653983305738133e-04
74                                     3.3758140265608289e-04
75                                    -3.2939811123415124e-04
76                                    -8.7123381986831908e-05
77                                     3.5751603475529142e-04
78                                    -2.5857858650632894e-04
79                                    -2.3838119849777848e-04
80                                     3.3882612177952480e-05
81                                    -1.7804563654889958e-04
82                                    -3.7249940364062427e-04
83                                    -1.5422647159981864e-04
84                                    -5.9855933726767638e-04
85                                     8.8701128048943793e-05
86                                     5.5653277935320945e-04
87                                     1.5456777458567553e-03
88                                    -1.4989438068876320e-04
89                                     7.0145637205357272e-05
90                                    -7.4140535388589682e-04
91                                     1.1026273611686877e-03
92                                     1.2139814045836702e-03
93                                    -1.1298116161903651e-03
94                                     2.0775886664498949e-04
95                                     5.5112418423202954e-04
96                                     5.6685308817450532e-04
97                                    -4.7170450391066600e-04
98                                    -3.0150185961857486e-04
99                                    -1.5111274914649275e-03
100                                   -8.4291559442772250e-04
101                                   -7.6490236878399632e-04
102                                    1.7935605657303936e-03
103                                    5.4577165559747582e-05
104                                    4.1170648363205294e-04
105                                   -1.8652938507114479e-04
106                                    2.3841236731237127e-04
107                                    3.2947492902220384e-05
   &Method [&Type "String"] "SCF"
   &Level [&Type "String"] "Relaxed density"
   &Mult [&Type "Integer"] 1
   &State [&Type "Integer"] 0
   &Irrep [&Type "Integer"] 0
$End
$Geometry
   &GeometryIndex 5
   &NAtoms [&Type "Integer"] 36
   &NCorelessECP [&Type "Integer"] 0
   &NGhostAtoms [&Type "Integer"] 0
   &CartesianCoordinates [&Type "Coordinates", &Dim(36,4), &Units "Bohr"] 
              P     -8.639035529717   -2.045576608105    0.472698262544
              O    -10.601304956454   -0.284028938349   -0.513509493507
              O     -9.134459650786   -3.727846119949    2.660836008863
              O     -7.725400114525   -3.666909144950   -1.959285003737
              O     -6.106763952112   -0.488846971642    1.211618691784
              C     -5.183893261092    1.360622597989   -0.482108180441
              C     -2.843320344099    2.543758154329    0.606193088477
              O     -0.916872395079    0.666577032459    0.869317311939
              C     -1.748438191953    4.666319105906   -1.036382531917
              O     -1.655768815104    6.883543745623    0.428893355484
              C      0.884541475720    3.645822119038   -1.748824642139
              O      2.806727224146    5.447916290826   -1.942899482368
              C      1.416210584551    1.821097791394    0.412482846193
              N      3.227107086159   -0.130665642697   -0.151412607547
              C      2.809495198326   -2.289745662760   -1.511970136464
              N      4.821600117306   -3.705179175593   -1.737623251138
              C      6.674884204627   -2.399061287565   -0.461768817678
              C      9.244081447039   -2.901475216407    0.002991215028
              N     10.411807067457   -4.969950798807   -0.856235300348
              N     10.561406657946   -1.215310955534    1.370504311759
              C      9.381826001474    0.839468955694    2.227422953862
              N      6.990827323935    1.526604131118    1.914598816230
              C      5.722589660827   -0.174265623316    0.544088123755
              H     -6.463683271206   -4.905510843015   -1.523389529062
              H     -4.736919566361    0.501789246559   -2.314251357446
              H     -6.601268176589    2.838579374569   -0.777146971104
              H     -3.258538506666    3.336573997065    2.474470282413
              H     -2.883712352104    4.962408321222   -2.741776138827
              H     -0.938350952510    8.212351506669   -0.588809888206
              H      0.715605438384    2.524468323179   -3.484245976894
              H      2.555799908039    6.411711400339   -3.467034295969
              H      2.133437921861    2.861128992058    2.058163824825
              H      0.963011775534   -2.716173562422   -2.267399121146
              H      9.468336720123   -6.257471477817   -1.882923657075
              H     12.250872972323   -5.248800945385   -0.472028274292
              H     10.548691942802    2.119852765269    3.332168212885
$End
$SCF_Energy
   &GeometryIndex 5
   &Method [&Type "String"] "SCF"
   &totalEnergy [&Type "ArrayOfDoubles", &Dim (1,1)] "Total energy of each state"
                                                         0

0                                     -1.5299732671758341e+03
   &Mult [&Type "ArrayOfIntegers", &Dim (1,1)] "Multiplicity of each state"
                                                         0

0                                                        1
$End
$DFT_Energy
   &GeometryIndex 5
   &nAlphaEl [&Type "Integer"] 90
   &nBetaEl [&Type "Integer"] 90
   &nTotalEl [&Type "Integer"] 180
   &finalEn [&Type "Double"]      -1.5299732671758341e+03  "No Van der Waals correction"
   &eExchange [&Type "Double"]      -1.2764305546598116e+02
   &eCorr [&Type "Double"]      -6.2520805992762867e+00
   &eXC [&Type "Double"]      -1.3389513606525745e+02
   &eCNL [&Type "Double"]       0.0000000000000000e+00
$End
$Solvation_Details
   &GeometryIndex 5
   &Solvent [&Type "String"] "WATER"
   &Epsilon [&Type "Double"]       8.0150999999999996e+01
   &Refrac [&Type "Double"]       1.3328000000000000e+00
   &RSolv [&Type "Double"]       1.3000000000000000e+00
   &SurfaceType [&Type "String"] "GAUSSIAN VDW"
   &CPCMDielEnergy [&Type "Double"]      -1.5341644900000001e-01
   &NPoints [&Type "Integer"] 3051
   &SurfaceArea [&Type "Double"]       1.2323156943040001e+03
$End
$SCF_Timings
   &GeometryIndex 5
   &TOTAL [&Type "Double"]       9.1220166999999989e+01
   &PREP [&Type "Double"]       8.8463999999999998e-01
   &FOCK [&Type "Double"]       8.3390625000000000e+01
   &DENS [&Type "Double"]       2.6183300000000997e-01
   &ETOT [&Type "Double"]       1.4904999999998836e-01
   &POP [&Type "Double"]       9.9999999747524271e-07
   &TRAFO [&Type "Double"]       5.6191399999999447e-01
   &DIIS [&Type "Double"]       1.8857659999999967e+00
   &SOSCF [&Type "Double"]       1.1740619999999957e+00
   &XC [&Type "Double"]       9.5412810000000015e+00
   &FOCKSTART [&Type "Double"]       4.5697999999999128e-02
   &SOLV [&Type "Double"]       9.0679089999999825e+00
   &SOLV_INIT [&Type "Double"]       2.7529099999999995e-01
   &INT_PREP [&Type "Double"]       3.9999999987827550e-06
   &INT_BF [&Type "Double"]       1.3410339999997536e+00
   &INT_DENS [&Type "Double"]       2.0848510000002651e+00
   &INT_DENSIO [&Type "Double"]       1.8470334806000022e+05
   &INT_FUNC [&Type "Double"]       8.5698999999863190e-02
   &INT_POT [&Type "Double"]       1.4825210000000073e+00
   &INT_POTIO [&Type "Double"]       2.1195000000375330e-02
   &INT_SUM [&Type "Double"]       1.0999999999850019e-03
   &SPLITRIJ [&Type "Double"]       6.7945370000000072e+00
   &COSX [&Type "Double"]       6.1363614999999996e+01
$End
$VdW_Correction
   &GeometryIndex 5
   &vdW [&Type "Double"]      -3.9114366584498003e-02
$End
$Single_Point_Data
   &GeometryIndex 5
   &FinalEnergy [&Type "Double"]      -1.5300123815424186e+03  "Final single point energy"
   &Converged [&Type "Boolean"] true
$End
$SCF_Nuc_Gradient
   &GeometryIndex 5
   &NAtoms [&Type "Integer"] 36
   &gradNorm [&Type "Double"]       1.1789452580513003e-02
   &grad [&Type "ArrayOfDoubles", &Dim (108,1)] 
                                                         0

0                                      1.3835928816875250e-03
1                                     -3.2120702135344718e-03
2                                      4.2953980514961266e-03
3                                     -4.1686750014517676e-04
4                                      6.4272777540394347e-04
5                                     -1.2164496455066966e-03
6                                      7.9588368985751003e-04
7                                      2.6047426964589753e-03
8                                     -3.0147073084262521e-03
9                                     -4.9664027097569329e-04
10                                     1.1609117158651191e-03
11                                     1.9023641010405021e-03
12                                    -2.0087209014181874e-03
13                                    -1.8165106431110359e-03
14                                    -1.3278627403125736e-03
15                                    -1.8205175317307891e-04
16                                     4.8299303747136767e-04
17                                     5.8472259264292711e-04
18                                    -6.7060097215715118e-05
19                                    -1.4668886463859085e-03
20                                    -4.2014233320360238e-04
21                                    -5.4447274495303323e-04
22                                     4.8245052252413295e-04
23                                    -1.3478888979719559e-03
24                                     3.2950915411134073e-04
25                                     9.4696294540161656e-04
26                                     1.0139854527436757e-03
27                                    -2.3406489335894251e-04
28                                     1.7430725533598603e-04
29                                    -1.1711680235898755e-04
30                                     2.0145208679567313e-04
31                                     1.7358630371856760e-03
32                                     5.4591758910188347e-05
33                                     1.6091970546379146e-03
34                                    -9.7219469235581592e-04
35                                    -6.3417346808615970e-04
36                                    -1.5767494059919555e-03
37                                    -5.1294054564640580e-04
38                                     7.1227543118160274e-04
39                                    -8.5130768149248358e-05
40                                    -1.0841502149134732e-03
41                                    -1.0770402632469462e-03
42                                    -1.0745625539023201e-03
43                                     4.2200593443854719e-04
44                                     1.1428842229212893e-03
45                                     6.2418471067991136e-04
46                                    -5.6658752691820494e-04
47                                     1.1302342262726285e-04
48                                    -1.4001450992549768e-03
49                                     1.7369165858213791e-03
50                                     4.3157011282333996e-04
51                                    -9.0185787155404199e-04
52                                    -2.6594306459572757e-04
53                                    -1.4911867043350041e-04
54                                     8.6287072333812568e-04
55                                    -1.2198899262393734e-03
56                                    -4.6860561861577441e-04
57                                     1.8136308565376107e-03
58                                     1.2518713258929560e-03
59                                     1.0624190266794369e-03
60                                    -5.8328864143918112e-04
61                                    -1.0767268794304049e-03
62                                    -7.6369352406579442e-04
63                                    -3.3047233612087273e-04
64                                     2.5380639965269188e-03
65                                     1.6296335499785095e-03
66                                     2.2460402656391395e-03
67                                    -3.1997359401360823e-03
68                                    -2.4218825490412610e-03
69                                     4.0877033309378566e-04
70                                     3.5069320769638793e-04
71                                    -7.8417194213645052e-04
72                                     9.9776895728496056e-05
73                                    -1.0135254087505683e-04
74                                     1.7557252399201396e-04
75                                    -1.2415271217889614e-04
76                                    -9.2786599818407781e-05
77                                     4.3704876784436748e-05
78                                     3.2873158555742034e-04
79                                     2.6329872476029694e-04
80                                     6.5635165807972987e-05
81                                     2.6041186652461925e-04
82                                    -6.1897322516310473e-04
83                                    -3.2650090067879524e-04
84                                    -6.5030728977439852e-04
85                                     4.7867996832588148e-04
86                                    -1.2020066849754020e-04
87                                     5.6570553029116190e-04
88                                    -5.9475042870830281e-04
89                                     3.4526054526888865e-05
90                                    -8.3862529739590506e-04
91                                     8.5419358985331566e-04
92                                     3.6261555921966986e-04
93                                    -2.2413189905212985e-05
94                                     3.7558521650282961e-04
95                                     2.8566988638689000e-04
96                                    -3.2430936073032807e-05
97                                     1.5986050207382344e-04
98                                     1.1291157752706884e-04
99                                     6.0842685235149396e-05
100                                    2.2085318650779819e-04
101                                    1.2262137143166413e-04
102                                   -2.4946525034846042e-04
103                                    5.2223850281979352e-06
104                                   -8.8582928480828666e-05
105                                    2.2887922396720961e-04
106                                   -8.6702505527078366e-05
107                                    1.3201354296021989e-04
   &Method [&Type "String"] "SCF"
   &Level [&Type "String"] "Relaxed density"
   &Mult [&Type "Integer"] 1
   &State [&Type "Integer"] 0
   &Irrep [&Type "Integer"] 0
$End
$Geometry
   &GeometryIndex 6
   &NAtoms [&Type "Integer"] 36
   &NCorelessECP [&Type "Integer"] 0
   &NGhostAtoms [&Type "Integer"] 0
   &CartesianCoordinates [&Type "Coordinates", &Dim(36,4), &Units "Bohr"] 
              P     -8.618260928131   -2.050977490501    0.535049527650
              O    -10.564418126164   -0.288194834871   -0.475849893020
              O     -9.109257328738   -3.718252972120    2.740578951100
              O     -7.711435071990   -3.699456346286   -1.894692848965
              O     -6.073398349986   -0.485098411915    1.268880594707
              C     -5.180951915822    1.370474880669   -0.430691451594
              C     -2.836365421691    2.566879957094    0.635562515172
              O     -0.894955929996    0.695679701729    0.899643327547
              C     -1.758375734000    4.688638714000   -1.018793566655
              O     -1.520196767116    6.875933099108    0.480685062644
              C      0.806763317481    3.610316461232   -1.843166162372
              O      2.737675979750    5.379184738293   -2.201720963452
              C      1.422638426538    1.846872025731    0.342060559284
              N      3.239482903184   -0.089213804781   -0.234003331910
              C      2.881242470810   -2.166025860600   -1.731615882436
              N      4.897021754617   -3.575705859750   -1.938859337865
              C      6.694802600966   -2.353439439925   -0.507495252136
              C      9.238018227321   -2.890611576988    0.045974746555
              N     10.445928835181   -4.913838177721   -0.862940981251
              N     10.492781894207   -1.281240113037    1.560471786028
              C      9.283642411790    0.730744275914    2.467100859411
              N      6.909000258191    1.442753877940    2.081080789780
              C      5.700985775830   -0.184619220824    0.573027581561
              H     -6.545373872595   -5.014171340054   -1.414475041596
              H     -4.752707855794    0.522263139278   -2.272844976626
              H     -6.606072931393    2.843968020297   -0.709886982262
              H     -3.237917492586    3.367195365134    2.503455648592
              H     -2.954519549920    5.054830442485   -2.667586735133
              H     -0.740678862425    8.170245506281   -0.536843063268
              H      0.514395678600    2.438063730596   -3.527412983456
              H      2.506981063927    6.173589093232   -3.823303167116
              H      2.191151032854    2.927239855042    1.936359060139
              H      1.068507265602   -2.536313095215   -2.593616229182
              H      9.558264380645   -6.147317044954   -1.996709360561
              H     12.262731925132   -5.215502878132   -0.406316634341
              H     10.404000627944    1.948880460611    3.684316483764
$End
$SCF_Energy
   &GeometryIndex 6
   &Method [&Type "String"] "SCF"
   &totalEnergy [&Type "ArrayOfDoubles", &Dim (1,1)] "Total energy of each state"
                                                         0

0                                     -1.5299741162640739e+03
   &Mult [&Type "ArrayOfIntegers", &Dim (1,1)] "Multiplicity of each state"
                                                         0

0                                                        1
$End
$DFT_Energy
   &GeometryIndex 6
   &nAlphaEl [&Type "Integer"] 90
   &nBetaEl [&Type "Integer"] 90
   &nTotalEl [&Type "Integer"] 179
   &finalEn [&Type "Double"]      -1.5299741162640739e+03  "No Van der Waals correction"
   &eExchange [&Type "Double"]      -1.2763947099372913e+02
   &eCorr [&Type "Double"]      -6.2518662149060802e+00
   &eXC [&Type "Double"]      -1.3389133720863521e+02
   &eCNL [&Type "Double"]       0.0000000000000000e+00
$End
$Solvation_Details
   &GeometryIndex 6
   &Solvent [&Type "String"] "WATER"
   &Epsilon [&Type "Double"]       8.0150999999999996e+01
   &Refrac [&Type "Double"]       1.3328000000000000e+00
   &RSolv [&Type "Double"]       1.3000000000000000e+00
   &SurfaceType [&Type "String"] "GAUSSIAN VDW"
   &CPCMDielEnergy [&Type "Double"]      -1.5190268500000001e-01
   &NPoints [&Type "Integer"] 3047
   &SurfaceArea [&Type "Double"]       1.2326230379010001e+03
$End
$SCF_Timings
   &GeometryIndex 6
   &TOTAL [&Type "Double"]       8.8989295999999996e+01
   &PREP [&Type "Double"]       8.4018099999999996e-01
   &FOCK [&Type "Double"]       8.1679827000000003e+01
   &DENS [&Type "Double"]       2.4282900000001462e-01
   &ETOT [&Type "Double"]       1.4241199999998599e-01
   &POP [&Type "Double"]       9.9999999747524271e-07
   &TRAFO [&Type "Double"]       6.2718500000000432e-01
   &DIIS [&Type "Double"]       1.5118669999999970e+00
   &SOSCF [&Type "Double"]       1.1721379999999968e+00
   &XC [&Type "Double"]       8.7294319999999690e+00
   &FOCKSTART [&Type "Double"]       4.3319000000006769e-02
   &SOLV [&Type "Double"]       8.8549070000000025e+00
   &SOLV_INIT [&Type "Double"]       2.4262299999999992e-01
   &SOLV_FINAL [&Type "Double"]       9.9999999747524271e-07
   &INT_PREP [&Type "Double"]       2.9999999959784418e-06
   &INT_BF [&Type "Double"]       1.3651009999997594e+00
   &INT_DENS [&Type "Double"]       2.1172430000004621e+00
   &INT_DENSIO [&Type "Double"]       1.8258253690200031e+05
   &INT_FUNC [&Type "Double"]       8.4217000000341713e-02
   &INT_POT [&Type "Double"]       1.5265439999999426e+00
   &INT_POTIO [&Type "Double"]       1.9360999999783246e-02
   &INT_SUM [&Type "Double"]       8.8799999999622514e-04
   &SPLITRIJ [&Type "Double"]       6.8431430000000031e+00
   &COSX [&Type "Double"]       6.0570975999999995e+01
$End
$VdW_Correction
   &GeometryIndex 6
   &vdW [&Type "Double"]      -3.9108798930982860e-02
$End
$Single_Point_Data
   &GeometryIndex 6
   &FinalEnergy [&Type "Double"]      -1.5300132250630049e+03  "Final single point energy"
   &Converged [&Type "Boolean"] true
$End
$SCF_Nuc_Gradient
   &GeometryIndex 6
   &NAtoms [&Type "Integer"] 36
   &gradNorm [&Type "Double"]       1.2032549786501166e-02
   &grad [&Type "ArrayOfDoubles", &Dim (108,1)] 
                                                         0

0                                     -2.2537844322345910e-03
1                                     -2.0618476432203215e-03
2                                      4.2312498341141808e-03
3                                      2.7910136700702169e-04
4                                      2.7607725068104488e-04
5                                     -1.9208519936038731e-03
6                                      7.0794221151622232e-04
7                                      9.7851832973189223e-04
8                                     -5.0687873032873444e-04
9                                     -2.6028714603410440e-04
10                                     1.5484912791732187e-04
11                                    -1.7687205001011049e-03
12                                     1.4500733139562844e-03
13                                     6.5868662501352348e-04
14                                    -5.8506038094080826e-05
15                                    -7.8851924948727015e-04
16                                    -2.8248787227110175e-04
17                                     1.1768344754741337e-03
18                                    -5.9485284256878253e-04
19                                    -1.5163299351212457e-03
20                                    -1.0605858726638110e-03
21                                    -7.9704896439750593e-04
22                                    -4.5683019192297759e-04
23                                    -1.1766164153839147e-03
24                                     5.4331137996465446e-04
25                                     5.8790618869198610e-04
26                                     3.0748073855881871e-04
27                                     2.4072592248025002e-04
28                                     6.1953415409163163e-04
29                                     5.0160977133809070e-04
30                                    -5.6765021040155271e-05
31                                     1.4786401692718171e-03
32                                     4.3082396941338636e-04
33                                     1.7867819434988579e-03
34                                    -5.0634790621848749e-04
35                                    -2.7228860084498637e-04
36                                    -1.6747123861294152e-03
37                                    -3.0202117528597158e-04
38                                     9.1199453852610387e-04
39                                    -3.6605706077582012e-04
40                                    -1.0460843093144400e-03
41                                    -1.2063430580361474e-03
42                                    -6.8436085230893151e-04
43                                     2.4910173658653591e-04
44                                     5.9115166634028703e-04
45                                     2.7655933499715497e-04
46                                     5.3234966856421397e-04
47                                     6.3085730479409802e-04
48                                    -6.6562416370687582e-04
49                                     2.1326416925083655e-03
50                                     8.3494943922386591e-04
51                                    -1.4689537553372641e-03
52                                    -6.8875389794887483e-04
53                                    -8.4379214289232460e-04
54                                     1.2014680033974809e-03
55                                    -1.6818814814445423e-03
56                                    -6.6016603099892913e-04
57                                     1.0933655125532839e-03
58                                     2.5125855798000473e-03
59                                     1.8597362390154134e-03
60                                     6.2602091250837412e-04
61                                    -1.5940938935153097e-03
62                                    -5.6619510313570323e-04
63                                    -4.4246517014304029e-04
64                                     2.9981620044903881e-03
65                                     1.5651885952828657e-03
66                                     2.1943923742725100e-03
67                                    -4.7082593778214185e-03
68                                    -2.8714848456118302e-03
69                                     2.7656392948686640e-04
70                                     5.2786122007782409e-05
71                                    -3.0548786589816779e-04
72                                    -7.0144026973942568e-05
73                                     1.3495559702245250e-04
74                                    -1.5450857159315595e-05
75                                     9.4753319520986254e-05
76                                    -2.7425950543571523e-05
77                                    -1.7239985064262549e-04
78                                     6.9913506349220101e-04
79                                     5.8934379135369426e-04
80                                     8.6545233095326860e-05
81                                     4.4587219917010341e-04
82                                    -4.4832047438695912e-04
83                                    -3.8056223786752817e-04
84                                    -8.6045534338311598e-04
85                                     4.3969212376290915e-04
86                                    -2.6383289131880926e-04
87                                    -3.2417265344037815e-04
88                                    -7.4894220783529709e-04
89                                     2.8890833137998491e-04
90                                    -7.0651988171810767e-04
91                                     5.5085594343391752e-04
92                                     8.1175789064744515e-05
93                                     4.6547582423657664e-04
94                                     1.7779645407709448e-04
95                                    -1.5930753857057038e-05
96                                    -3.0617800696669528e-04
97                                     5.1277527028868459e-04
98                                     2.6458620670569122e-04
99                                     7.6035068860316908e-04
100                                    6.2409479505018688e-04
101                                    6.6365926408317052e-04
102                                   -1.1607542518742072e-03
103                                    6.5258775865140883e-06
104                                   -4.0298165548494541e-04
105                                    3.3976196903084569e-04
106                                   -1.9825216560860999e-04
107                                    4.2324060103192575e-05
   &Method [&Type "String"] "SCF"
   &Level [&Type "String"] "Relaxed density"
   &Mult [&Type "Integer"] 1
   &State [&Type "Integer"] 0
   &Irrep [&Type "Integer"] 0
$End
$Geometry
   &GeometryIndex 7
   &NAtoms [&Type "Integer"] 36
   &NCorelessECP [&Type "Integer"] 0
   &NGhostAtoms [&Type "Integer"] 0
   &CartesianCoordinates [&Type "Coordinates", &Dim(36,4), &Units "Bohr"] 
              P     -8.542865327175   -2.089885475767    0.597908480880
              O    -10.502094587855   -0.354225961253   -0.428677654859
              O     -9.014076332891   -3.750015252528    2.818624728811
              O     -7.613256106505   -3.760921961916   -1.815958871288
              O     -6.012440563396   -0.482350574196    1.331077187761
              C     -5.153050573740    1.374214598088   -0.383265570506
              C     -2.827500407579    2.616396576444    0.673631031186
              O     -0.855048124635    0.772423661161    0.961884337003
              C     -1.778733688695    4.728724501436   -1.006801047391
              O     -1.383663272606    6.884268238122    0.508314415008
              C      0.714081750964    3.599416820515   -1.944103880259
              O      2.624144800144    5.347328729058   -2.475165779792
              C      1.435161461182    1.914663904077    0.268349365049
              N      3.246904440683   -0.014418441594   -0.320335107529
              C      2.945795423485   -1.999170213171   -1.953472744279
              N      4.953603992551   -3.419081104865   -2.140180316422
              C      6.689023954572   -2.306498559658   -0.550141039128
              C      9.195898439493   -2.902901563448    0.093951076127
              N     10.432501391034   -4.882221136836   -0.867881834841
              N     10.386868342994   -1.395728732360    1.755397450254
              C      9.157768653897    0.578264880622    2.713964089969
              N      6.810447455532    1.334945325349    2.253785239211
              C      5.661066185615   -0.188630224069    0.604046226584
              H     -6.529135128902   -5.126309818483   -1.286094043266
              H     -4.716408057672    0.523134664099   -2.222642068281
              H     -6.599764594649    2.825009053433   -0.671258987189
              H     -3.242551896622    3.429659198320    2.531968643630
              H     -3.040765976145    5.161537249798   -2.588637357433
              H     -0.501770264731    8.114524196109   -0.506488057266
              H      0.311269329523    2.375980006616   -3.566878292028
              H      2.414847277213    5.939276382303   -4.183251940247
              H      2.262346280496    3.046573709997    1.794068942381
              H      1.175483012124   -2.296226773517   -2.926567860389
              H      9.596240687566   -6.043936842229   -2.111892689163
              H     12.222830793696   -5.225877977790   -0.339836454824
              H     10.227971923257    1.715833795121    4.047983031266
$End
$SCF_Energy
   &GeometryIndex 7
   &Method [&Type "String"] "SCF"
   &totalEnergy [&Type "ArrayOfDoubles", &Dim (1,1)] "Total energy of each state"
                                                         0

0                                     -1.5299748193677578e+03
   &Mult [&Type "ArrayOfIntegers", &Dim (1,1)] "Multiplicity of each state"
                                                         0

0                                                        1
$End
$DFT_Energy
   &GeometryIndex 7
   &nAlphaEl [&Type "Integer"] 89
   &nBetaEl [&Type "Integer"] 89
   &nTotalEl [&Type "Integer"] 179
   &finalEn [&Type "Double"]      -1.5299748193677578e+03  "No Van der Waals correction"
   &eExchange [&Type "Double"]      -1.2763914243080117e+02
   &eCorr [&Type "Double"]      -6.2521625404983716e+00
   &eXC [&Type "Double"]      -1.3389130497129955e+02
   &eCNL [&Type "Double"]       0.0000000000000000e+00
$End
$Solvation_Details
   &GeometryIndex 7
   &Solvent [&Type "String"] "WATER"
   &Epsilon [&Type "Double"]       8.0150999999999996e+01
   &Refrac [&Type "Double"]       1.3328000000000000e+00
   &RSolv [&Type "Double"]       1.3000000000000000e+00
   &SurfaceType [&Type "String"] "GAUSSIAN VDW"
   &CPCMDielEnergy [&Type "Double"]      -1.5072111999999999e-01
   &NPoints [&Type "Integer"] 3040
   &SurfaceArea [&Type "Double"]       1.2339836995579999e+03
$End
$SCF_Timings
   &GeometryIndex 7
   &TOTAL [&Type "Double"]       8.9253517000000002e+01
   &PREP [&Type "Double"]       9.0693599999999996e-01
   &FOCK [&Type "Double"]       8.1015287999999984e+01
   &DENS [&Type "Double"]       2.5463600000000497e-01
   &ETOT [&Type "Double"]       1.3637000000000654e-01
   &POP [&Type "Double"]       9.9999999747524271e-07
   &TRAFO [&Type "Double"]       5.5807999999999325e-01
   &DIIS [&Type "Double"]       2.4977409999999978e+00
   &SOSCF [&Type "Double"]       1.2656349999999925e+00
   &XC [&Type "Double"]       8.3986530000000261e+00
   &FOCKSTART [&Type "Double"]       4.7324000000012689e-02
   &SOLV [&Type "Double"]       8.8931220000000142e+00
   &SOLV_INIT [&Type "Double"]       2.7565700000000004e-01
   &SOLV_FINAL [&Type "Double"]       9.9999999747524271e-07
   &INT_PREP [&Type "Double"]       1.0000000045806701e-06
   &INT_BF [&Type "Double"]       1.5933939999999698e+00
   &INT_DENS [&Type "Double"]       2.3688360000002859e+00
   &INT_DENSIO [&Type "Double"]       1.8836149337900028e+05
   &INT_FUNC [&Type "Double"]       9.7334999999800331e-02
   &INT_POT [&Type "Double"]       1.9144219999998864e+00
   &INT_POTIO [&Type "Double"]       1.7517999999947520e-02
   &INT_SUM [&Type "Double"]       1.6199999999990666e-03
   &SPLITRIJ [&Type "Double"]       6.8233080000000044e+00
   &COSX [&Type "Double"]       6.0257852999999990e+01
$End
$VdW_Correction
   &GeometryIndex 7
   &vdW [&Type "Double"]      -3.9137751867441756e-02
$End
$Single_Point_Data
   &GeometryIndex 7
   &FinalEnergy [&Type "Double"]      -1.5300139571196253e+03  "Final single point energy"
   &Converged [&Type "Boolean"] true
$End
$SCF_Nuc_Gradient
   &GeometryIndex 7
   &NAtoms [&Type "Integer"] 36
   &gradNorm [&Type "Double"]       1.0950024156076980e-02
   &grad [&Type "ArrayOfDoubles", &Dim (108,1)] 
                                                         0

0                                     -4.4692624250308663e-03
1                                     -1.5687094825331710e-04
2                                      2.1843577314328362e-03
3                                      6.9108853934314574e-04
4                                     -1.7720224723719494e-04
5                                     -1.5300191508586677e-03
6                                      4.4515380031200362e-04
7                                     -5.4660038007221703e-04
8                                      1.4937678032356390e-03
9                                      1.5328947825236041e-04
10                                    -9.9633993806690340e-04
11                                    -3.7771796833524869e-03
12                                     3.6586816588383081e-03
13                                     2.3490141602880458e-03
14                                     1.2836438112637785e-03
15                                    -8.1238237340098716e-04
16                                    -7.9614175633063765e-04
17                                     1.2758910516186884e-03
18                                    -7.7059263512330558e-04
19                                    -9.8314684066158056e-04
20                                    -9.2078628365371243e-04
21                                    -5.7323656138159049e-04
22                                    -1.5482217441639479e-03
23                                    -1.1341555423494758e-03
24                                     2.9765190588182714e-04
25                                     4.0323546830966280e-04
26                                    -6.3055576578000547e-04
27                                     6.9404719929870053e-04
28                                     2.0187731004218094e-04
29                                     6.2935824715350188e-04
30                                     1.5446672195198398e-04
31                                     1.5158966530007564e-03
32                                     7.2529836916269106e-04
33                                     1.1066819346229070e-03
34                                    -4.6145749025334245e-04
35                                    -8.0984123042929506e-06
36                                    -9.9534602547946731e-04
37                                     3.0895874653018871e-04
38                                     1.0622419770336862e-03
39                                    -2.9770045233701531e-04
40                                    -3.9076695646583385e-04
41                                    -4.9962800667296752e-04
42                                    -1.8147067136858267e-04
43                                    -3.9094293966192225e-04
44                                    -5.8599268168414449e-05
45                                    -1.1149650738850940e-04
46                                     9.8053445087012674e-04
47                                     6.0271945292939390e-04
48                                     3.2981807419542645e-04
49                                     1.0459435715590409e-03
50                                     5.6816546787649572e-04
51                                    -9.8366726195392071e-04
52                                    -7.7478060133045633e-04
53                                    -8.2368802743149506e-04
54                                     6.1692299776554792e-04
55                                    -7.0391942017175428e-04
56                                    -3.2674790290979170e-04
57                                    -1.4157663055754390e-04
58                                     1.9403169315130259e-03
59                                     1.3460458285937059e-03
60                                     1.1224097437940355e-03
61                                    -1.0495784581011883e-03
62                                    -2.3825076474574776e-04
63                                    -4.1258153712463982e-04
64                                     1.5704309298723575e-03
65                                     6.9899528271219415e-04
66                                     9.4205239801731266e-04
67                                    -2.5914801809867665e-03
68                                    -1.7054438556789332e-03
69                                     4.7004415568512435e-05
70                                    -1.7843135414062178e-04
71                                     1.2465281644119617e-04
72                                    -1.3894698896729102e-04
73                                     2.9298609690321951e-04
74                                    -1.8026550235464105e-04
75                                     2.4519710797471582e-04
76                                     1.0220101095534074e-04
77                                    -3.0531746225637173e-04
78                                     8.0139819670723127e-04
79                                     6.9891595209315566e-04
80                                     1.1367082187386970e-05
81                                     5.4326992006434294e-04
82                                    -6.7418190259635355e-05
83                                    -3.5220000519120201e-04
84                                    -9.7617671415982897e-04
85                                     3.1959919436392334e-04
86                                    -2.0361562833067922e-04
87                                    -7.6828460074078767e-04
88                                    -8.3233765936765764e-04
89                                     4.8465974589173338e-04
90                                    -4.2348288936365123e-04
91                                     2.2552600860537353e-04
92                                    -1.3526322285552388e-04
93                                     5.4970589420542948e-04
94                                    -1.0178893949922669e-04
95                                    -1.4098723220704593e-04
96                                    -4.0278555469567385e-04
97                                     6.4418937649605296e-04
98                                     2.9356911488310518e-04
99                                     7.4707027567908022e-04
100                                    3.5021123921712518e-04
101                                    6.0272226730294712e-04
102                                   -9.1091952073399688e-04
103                                   -1.9477718956174451e-05
104                                   -4.0510954797425073e-04
105                                    2.2399906637555811e-04
106                                   -1.8293331367885216e-04
107                                   -1.1544772987772447e-05
   &Method [&Type "String"] "SCF"
   &Level [&Type "String"] "Relaxed density"
   &Mult [&Type "Integer"] 1
   &State [&Type "Integer"] 0
   &Irrep [&Type "Integer"] 0
$End
$Geometry
   &GeometryIndex 8
   &NAtoms [&Type "Integer"] 36
   &NCorelessECP [&Type "Integer"] 0
   &NGhostAtoms [&Type "Integer"] 0
   &CartesianCoordinates [&Type "Coordinates", &Dim(36,4), &Units "Bohr"] 
              P     -8.401388647994   -2.172559511217    0.657020396258
              O    -10.418276665189   -0.487959239195   -0.337663141444
              O     -8.810058878754   -3.862871878653    2.870828086920
              O     -7.433400708333   -3.816206515042   -1.760611791080
              O     -5.915414408061   -0.492755210084    1.387687124238
              C     -5.103791629407    1.374101076860   -0.339927001929
              C     -2.818185359589    2.691042545305    0.717214579650
              O     -0.800052342919    0.898199574453    1.045291893616
              C     -1.812464329718    4.786656098595   -1.001439043027
              O     -1.282402166319    6.923896922459    0.499614385527
              C      0.618199568535    3.623444234359   -2.038294815624
              O      2.482377612510    5.370753405243   -2.714837514751
              C      1.451928648505    2.018860666694    0.194162304412
              N      3.248151017298    0.083548379580   -0.404625011725
              C      2.986378401053   -1.826397761451   -2.136578286917
              N      4.971188486543   -3.278461187165   -2.294852049834
              C      6.651501731058   -2.273511473018   -0.579305424106
              C      9.115167973630   -2.947014892233    0.146027260929
              N     10.356181717411   -4.905888803171   -0.848822194103
              N     10.256203381108   -1.541954710994    1.923159303707
              C      9.024300608156    0.414331428105    2.915715921083
              N      6.714938757524    1.235073274109    2.384926690194
              C      5.610289611273   -0.182988165261    0.621753928831
              H     -6.374459087518   -5.194693909853   -1.214349053095
              H     -4.637463840729    0.520135858475   -2.170898499071
              H     -6.590609426502    2.780679819765   -0.644040990508
              H     -3.270536506196    3.518786738421    2.559086183860
              H     -3.138469010480    5.261906152151   -2.517317523003
              H     -0.279220185610    8.060772122827   -0.513682119688
              H      0.136797070702    2.361336735725   -3.606800073857
              H      2.291348977881    5.779891928654   -4.476679863128
              H      2.340632349532    3.205547397596    1.639575209836
              H      1.258261712615   -2.051755376029   -3.201064843036
              H      9.555168853669   -5.995073916885   -2.180875102895
              H     12.116187502666   -5.308080996735   -0.258054285016
              H     10.052119903877    1.472984064600    4.344078007517
$End
$SCF_Energy
   &GeometryIndex 8
   &Method [&Type "String"] "SCF"
   &totalEnergy [&Type "ArrayOfDoubles", &Dim (1,1)] "Total energy of each state"
                                                         0

0                                     -1.5299753732051424e+03
   &Mult [&Type "ArrayOfIntegers", &Dim (1,1)] "Multiplicity of each state"
                                                         0

0                                                        1
$End
$DFT_Energy
   &GeometryIndex 8
   &nAlphaEl [&Type "Integer"] 90
   &nBetaEl [&Type "Integer"] 90
   &nTotalEl [&Type "Integer"] 179
   &finalEn [&Type "Double"]      -1.5299753732051424e+03  "No Van der Waals correction"
   &eExchange [&Type "Double"]      -1.2764122515364333e+02
   &eCorr [&Type "Double"]      -6.2527355996070888e+00
   &eXC [&Type "Double"]      -1.3389396075325041e+02
   &eCNL [&Type "Double"]       0.0000000000000000e+00
$End
$Solvation_Details
   &GeometryIndex 8
   &Solvent [&Type "String"] "WATER"
   &Epsilon [&Type "Double"]       8.0150999999999996e+01
   &Refrac [&Type "Double"]       1.3328000000000000e+00
   &RSolv [&Type "Double"]       1.3000000000000000e+00
   &SurfaceType [&Type "String"] "GAUSSIAN VDW"
   &CPCMDielEnergy [&Type "Double"]      -1.5026621600000001e-01
   &NPoints [&Type "Integer"] 3030
   &SurfaceArea [&Type "Double"]       1.2321855001169999e+03
$End
$SCF_Timings
   &GeometryIndex 8
   &TOTAL [&Type "Double"]       5.8521481000000001e+01
   &PREP [&Type "Double"]       6.8569599999999997e-01
   &FOCK [&Type "Double"]       5.1977398000000008e+01
   &DENS [&Type "Double"]       1.8523400000000123e-01
   &ETOT [&Type "Double"]       1.0117900000000812e-01
   &TRAFO [&Type "Double"]       3.7817600000000517e-01
   &DIIS [&Type "Double"]       1.3649540000000027e+00
   &SOSCF [&Type "Double"]       8.1922499999999232e-01
   &XC [&Type "Double"]       4.4607560000000062e+00
   &FOCKSTART [&Type "Double"]       3.3775999999993256e-02
   &SOLV [&Type "Double"]       5.1611490000000018e+00
   &SOLV_INIT [&Type "Double"]       1.7716099999999996e-01
   &INT_BF [&Type "Double"]       1.0802709999998834e+00
   &INT_DENS [&Type "Double"]       1.5853450000000642e+00
   &INT_DENSIO [&Type "Double"]       9.6811535107000163e+04
   &INT_FUNC [&Type "Double"]       6.9798000000084848e-02
   &INT_POT [&Type "Double"]       1.1711610000000396e+00
   &INT_POTIO [&Type "Double"]       1.5310000000164692e-02
   &INT_SUM [&Type "Double"]       1.3129999999907938e-03
   &SPLITRIJ [&Type "Double"]       3.7944780000000065e+00
   &COSX [&Type "Double"]       4.2007955000000010e+01
$End
$VdW_Correction
   &GeometryIndex 8
   &vdW [&Type "Double"]      -3.9192897885466191e-02
$End
$Single_Point_Data
   &GeometryIndex 8
   &FinalEnergy [&Type "Double"]      -1.5300145661030278e+03  "Final single point energy"
   &Converged [&Type "Boolean"] true
$End
$SCF_Nuc_Gradient
   &GeometryIndex 8
   &NAtoms [&Type "Integer"] 36
   &gradNorm [&Type "Double"]       1.0319523710172624e-02
   &grad [&Type "ArrayOfDoubles", &Dim (108,1)] 
                                                         0

0                                     -4.9264992522840773e-03
1                                      1.2565343277831640e-03
2                                     -3.6299021927688917e-04
3                                      8.9935215690021858e-04
4                                     -4.1638943687860022e-04
5                                     -4.4701928251815644e-04
6                                      2.1542981920378684e-04
7                                     -1.4387957790376160e-03
8                                      2.1117888833178120e-03
9                                      5.7011091559356730e-04
10                                    -1.6471289760266637e-03
11                                    -3.5857139373236591e-03
12                                     3.9598406360655510e-03
13                                     2.7669172044006204e-03
14                                     1.9822214095711736e-03
15                                    -4.4983254127027605e-04
16                                    -7.7160943367726037e-04
17                                     9.2424548951644547e-04
18                                    -7.0860947599556611e-04
19                                    -1.7839804200174978e-04
20                                    -1.7777450565635030e-04
21                                    -2.7736923160488086e-04
22                                    -1.9476034813737664e-03
23                                    -1.1150074222959286e-03
24                                    -1.3861484219139780e-04
25                                    -5.8371719458336373e-05
26                                    -1.4279450645312958e-03
27                                     8.7942460939046101e-04
28                                    -4.9627183261773361e-04
29                                     3.5861665646546502e-04
30                                     3.7983482486129158e-04
31                                     1.5406496615716146e-03
32                                     1.0064429277118715e-03
33                                    -1.0250745056694717e-05
34                                    -6.9101322082658150e-04
35                                    -1.2089130497635234e-04
36                                     2.6960733244792520e-05
37                                     7.2301476160031776e-04
38                                     8.7329773574566024e-04
39                                     1.6901418032439885e-04
40                                     1.2227898662699649e-04
41                                     8.9244503234233471e-04
42                                     6.2774133803161335e-04
43                                    -7.7561976935388948e-04
44                                    -7.3956980935389145e-04
45                                    -3.7529263552224404e-04
46                                     8.1628626475032013e-04
47                                     3.6231006250362111e-04
48                                     1.0063473770768475e-03
49                                    -5.0493632497113354e-04
50                                    -8.1047179121841490e-05
51                                    -5.5075267684798803e-05
52                                    -3.2403369108749630e-04
53                                    -3.8909772050786412e-04
54                                    -2.6241499881229626e-04
55                                     4.5412252838103755e-04
56                                     2.1720190751870025e-04
57                                    -1.0267643101598671e-03
58                                     5.6409742754163334e-04
59                                    -2.0835371718117946e-05
60                                     9.1153532747203407e-04
61                                    -1.8550464527328833e-04
62                                     4.0089940304764682e-04
63                                    -1.3335981244856220e-04
64                                    -5.2235046227242421e-04
65                                    -5.8135550160675936e-04
66                                    -6.9730956451557633e-04
67                                     7.4696338100807905e-04
68                                     2.0641811014586377e-04
69                                    -1.7378599657539299e-04
70                                    -1.9789136340873993e-04
71                                     3.6285351889162639e-04
72                                    -1.0388001619269402e-04
73                                     2.9535961157975399e-04
74                                    -2.4314572938772508e-04
75                                     2.4338501621474682e-04
76                                     1.5485910618236447e-04
77                                    -3.1561887830689530e-04
78                                     5.4363065277802719e-04
79                                     6.1613280997814643e-04
80                                    -1.0414241473062429e-04
81                                     4.4910518086140896e-04
82                                     3.7383853605385022e-04
83                                    -1.8022137849827723e-04
84                                    -9.0818034079878760e-04
85                                     4.7670358801948622e-04
86                                    -6.1292610752051779e-05
87                                    -6.2517795139539615e-04
88                                    -5.9662710568470141e-04
89                                     3.2656823631088520e-04
90                                    -1.7986212299930975e-04
91                                    -9.0722828000918809e-05
92                                    -4.1985636003874293e-05
93                                     3.4862745314580165e-04
94                                    -2.9592606063496511e-04
95                                    -1.9903841627671079e-04
96                                    -4.0561575600055882e-04
97                                     4.4679865672250660e-04
98                                     2.6675668392082161e-04
99                                     3.6436999191160127e-04
100                                   -9.8640319153193108e-05
101                                    1.1911990099439224e-04
102                                   -1.5428892925686450e-04
103                                   -8.7540367644026190e-05
104                                   -1.3962641232671895e-04
105                                    1.7473622381747661e-05
106                                   -2.9181989870658698e-05
107                                   -7.6867151071128203e-05
   &Method [&Type "String"] "SCF"
   &Level [&Type "String"] "Relaxed density"
   &Mult [&Type "Integer"] 1
   &State [&Type "Integer"] 0
   &Irrep [&Type "Integer"] 0
$End
$Geometry
   &GeometryIndex 9
   &NAtoms [&Type "Integer"] 36
   &NCorelessECP [&Type "Integer"] 0
   &NGhostAtoms [&Type "Integer"] 0
   &CartesianCoordinates [&Type "Coordinates", &Dim(36,4), &Units "Bohr"] 
              P     -8.201343818339   -2.295377361406    0.690606916037
              O    -10.310502697122   -0.692191940675   -0.243624047796
              O     -8.511189472474   -4.040113508310    2.878138657367
              O     -7.176682503070   -3.861614206345   -1.747636798318
              O     -5.793317848196   -0.516012241007    1.421329977567
              C     -5.042663967634    1.374668462892   -0.310226543770
              C     -2.812623406970    2.779353832157    0.759112417320
              O     -0.744916399480    1.053445880161    1.134132242094
              C     -1.852004571830    4.858927141803   -0.994008682623
              O     -1.231479020176    6.993319520358    0.475956833534
              C      0.538016881994    3.682709305079   -2.106180049803
              O      2.352730197925    5.449730540585   -2.868295938473
              C      1.464830801689    2.138936339166    0.133164023826
              N      3.232758956250    0.182416754171   -0.473041799680
              C      2.970985313924   -1.697660465375   -2.241584316855
              N      4.920105825643   -3.199197438967   -2.368154067731
              C      6.574225736185   -2.266849032611   -0.588058176480
              C      8.996638852377   -3.019062030913    0.196117813850
              N     10.208221668452   -4.996776633372   -0.797302963823
              N     10.123995515954   -1.677410541046    2.026407788962
              C      8.917521995767    0.298425399817    3.016118978384
              N      6.648092126449    1.188010489436    2.432963418388
              C      5.555171893608   -0.164091448552    0.616084845176
              H     -6.074083052133   -5.210823340057   -1.216112951347
              H     -4.532017783272    0.527026975145   -2.132164667140
              H     -6.581483058514    2.721272642681   -0.628019514743
              H     -3.318849435716    3.614036210152    2.582587982138
              H     -3.229395436018    5.349262775032   -2.458629070955
              H     -0.101728055700    8.018439322714   -0.525363632517
              H      0.016444304651    2.403297243937   -3.644185621297
              H      2.181616532823    5.742176341572   -4.654345104021
              H      2.412591098375    3.369338460733    1.501491908874
              H      1.270941018524   -1.872017283796   -3.358741492349
              H      9.411712034192   -6.039836449543   -2.170317969032
              H     11.940355863527   -5.458710978375   -0.164713435166
              H      9.928454600560    1.306726139750    4.491915689143
$End
$SCF_Energy
   &GeometryIndex 9
   &Method [&Type "String"] "SCF"
   &totalEnergy [&Type "ArrayOfDoubles", &Dim (1,1)] "Total energy of each state"
                                                         0

0                                     -1.5299757270249502e+03
   &Mult [&Type "ArrayOfIntegers", &Dim (1,1)] "Multiplicity of each state"
                                                         0

0                                                        1
$End
$DFT_Energy
   &GeometryIndex 9
   &nAlphaEl [&Type "Integer"] 90
   &nBetaEl [&Type "Integer"] 90
   &nTotalEl [&Type "Integer"] 180
   &finalEn [&Type "Double"]      -1.5299757270249502e+03  "No Van der Waals correction"
   &eExchange [&Type "Double"]      -1.2764502844683682e+02
   &eCorr [&Type "Double"]      -6.2534556197351208e+00
   &eXC [&Type "Double"]      -1.3389848406657194e+02
   &eCNL [&Type "Double"]       0.0000000000000000e+00
$End
$Solvation_Details
   &GeometryIndex 9
   &Solvent [&Type "String"] "WATER"
   &Epsilon [&Type "Double"]       8.0150999999999996e+01
   &Refrac [&Type "Double"]       1.3328000000000000e+00
   &RSolv [&Type "Double"]       1.3000000000000000e+00
   &SurfaceType [&Type "String"] "GAUSSIAN VDW"
   &CPCMDielEnergy [&Type "Double"]      -1.5045553300000000e-01
   &NPoints [&Type "Integer"] 3021
   &SurfaceArea [&Type "Double"]       1.2310050967990001e+03
$End
$SCF_Timings
   &GeometryIndex 9
   &TOTAL [&Type "Double"]       9.2677267000000001e+01
   &PREP [&Type "Double"]       9.2640000000000000e-01
   &FOCK [&Type "Double"]       8.4571657999999985e+01
   &DENS [&Type "Double"]       2.6609500000000708e-01
   &ETOT [&Type "Double"]       1.4124600000001131e-01
   &POP [&Type "Double"]       9.9999999747524271e-07
   &TRAFO [&Type "Double"]       5.8663899999999458e-01
   &DIIS [&Type "Double"]       1.4413390000000028e+00
   &SOSCF [&Type "Double"]       1.5019319999999841e+00
   &XC [&Type "Double"]       9.0828619999999862e+00
   &FOCKSTART [&Type "Double"]       4.4362000000006674e-02
   &SOLV [&Type "Double"]       8.8948330000000002e+00
   &SOLV_INIT [&Type "Double"]       2.8574899999999992e-01
   &INT_PREP [&Type "Double"]       2.9999999942020850e-06
   &INT_BF [&Type "Double"]       1.3914359999999348e+00
   &INT_DENS [&Type "Double"]       2.1109260000001964e+00
   &INT_DENSIO [&Type "Double"]       1.8628035813900019e+05
   &INT_FUNC [&Type "Double"]       8.8006000000122597e-02
   &INT_POT [&Type "Double"]       1.5604189999997260e+00
   &INT_POTIO [&Type "Double"]       1.9404999999988348e-02
   &INT_SUM [&Type "Double"]       1.1030000000058493e-03
   &SPLITRIJ [&Type "Double"]       6.8665199999999862e+00
   &COSX [&Type "Double"]       6.3511190999999997e+01
$End
$VdW_Correction
   &GeometryIndex 9
   &vdW [&Type "Double"]      -3.9280278005327872e-02
$End
$Single_Point_Data
   &GeometryIndex 9
   &FinalEnergy [&Type "Double"]      -1.5300150073029556e+03  "Final single point energy"
   &Converged [&Type "Boolean"] true
$End
$SCF_Nuc_Gradient
   &GeometryIndex 9
   &NAtoms [&Type "Integer"] 36
   &gradNorm [&Type "Double"]       1.0030710287506753e-02
   &grad [&Type "ArrayOfDoubles", &Dim (108,1)] 
                                                         0

0                                     -3.7413335516089858e-03
1                                      1.6690509605144369e-03
2                                     -2.0494606796197623e-03
3                                      8.9576839772502199e-04
4                                     -4.6184796361476940e-04
5                                      6.8962279405770943e-04
6                                      2.0331009790036265e-04
7                                     -1.4725421261000519e-03
8                                      1.2738678149775628e-03
9                                      7.3754824379261509e-04
10                                    -1.3962906284694068e-03
11                                    -1.6735941913331818e-03
12                                     2.5602925220902283e-03
13                                     1.8345894776086351e-03
14                                     1.6387572552585272e-03
15                                    -4.7359539609121511e-05
16                                    -3.4022963381673862e-04
17                                     3.5649554961053435e-04
18                                    -3.5973303069376003e-04
19                                     6.8292715373828757e-04
20                                     8.3546270940393721e-04
21                                    -2.2086354506648131e-04
22                                    -1.5024133971258881e-03
23                                    -1.1331680993471836e-03
24                                    -3.0493403091856846e-04
25                                    -6.4969360665056931e-04
26                                    -1.6024399147276697e-03
27                                     9.2890554758952705e-04
28                                    -8.0718580460073671e-04
29                                    -1.6936772731781860e-04
30                                     4.4812871920012535e-04
31                                     8.3280593307939797e-04
32                                     7.4745139142346048e-04
33                                    -8.6625137485792092e-04
34                                    -3.5600335748627824e-04
35                                    -3.8692870956170359e-04
36                                     7.5585856087551952e-04
37                                     7.7750096551555182e-04
38                                     2.8701045164316740e-05
39                                     3.1238890181131608e-04
40                                     3.7141194119631537e-04
41                                     2.1097348766986471e-03
42                                     9.1372278362802537e-04
43                                    -7.8333675226767712e-04
44                                    -1.1232568176537962e-03
45                                    -3.3251189297367814e-04
46                                     4.1205789244360932e-04
47                                    -1.0830215123810680e-04
48                                     9.6382025044062635e-04
49                                    -1.5491104353022830e-03
50                                    -4.8739878987270028e-04
51                                     5.7913085492986309e-04
52                                     1.9116406810573062e-04
53                                     3.8037508083914171e-04
54                                    -7.7219993344821575e-04
55                                     1.0837828415685969e-03
56                                     4.7111859885182205e-04
57                                    -1.1766199229422424e-03
58                                    -7.7547453441688310e-04
59                                    -1.2118922876052653e-03
60                                     4.0636332419410334e-04
61                                     7.3048953882392858e-04
62                                     6.6603944399829494e-04
63                                     1.4053871957038077e-04
64                                    -2.0283662706405861e-03
65                                    -1.4579326996091344e-03
66                                    -1.5469990400436876e-03
67                                     3.2941013207306857e-03
68                                     1.5273690389367668e-03
69                                    -2.8312204928797416e-04
70                                    -8.7315235307226286e-05
71                                     4.5883635027536542e-04
72                                     2.2703008143427097e-05
73                                     1.4649513977504499e-04
74                                    -1.9050225323246557e-04
75                                     1.5058652058575820e-04
76                                     1.5526646029468235e-04
77                                    -1.9761537552446311e-04
78                                     9.6150641359620028e-05
79                                     3.4377911307296804e-04
80                                    -1.5588576475049367e-04
81                                     2.5798006176414907e-04
82                                     6.0480687025595361e-04
83                                     3.2385253771568588e-05
84                                    -7.1571999077622655e-04
85                                     2.0641202462095743e-04
86                                     3.4851717721724349e-04
87                                    -2.5088164476320967e-04
88                                    -1.8994616746219502e-04
89                                     2.7815591037663929e-04
90                                     2.1956361298860474e-04
91                                    -2.2987292090517134e-04
92                                     1.3417503379805495e-04
93                                    -5.5832209748951718e-05
94                                    -3.2615944776893263e-04
95                                     1.1725663289775711e-05
96                                    -1.3976801195451392e-04
97                                     3.0278954505286534e-05
98                                     1.8530730784268126e-04
99                                    -7.6102432977267278e-05
100                                   -3.6134217524729547e-04
101                                   -3.7606668031809492e-04
102                                    4.9823134475529595e-04
103                                   -1.4616314478409963e-04
104                                    1.8751507060988797e-04
105                                   -2.0075983242359951e-04
106                                    9.6372968409772124e-05
107                                   -3.7801212659157630e-05
   &Method [&Type "String"] "SCF"
   &Level [&Type "String"] "Relaxed density"
   &Mult [&Type "Integer"] 1
   &State [&Type "Integer"] 0
   &Irrep [&Type "Integer"] 0
$End
$Geometry
   &GeometryIndex 10
   &NAtoms [&Type "Integer"] 36
   &NCorelessECP [&Type "Integer"] 0
   &NGhostAtoms [&Type "Integer"] 0
   &CartesianCoordinates [&Type "Coordinates", &Dim(36,4), &Units "Bohr"] 
              P     -8.040105739373   -2.397493279818    0.669134098189
              O    -10.212939313148   -0.873339500352   -0.254209416270
              O     -8.296633578730   -4.168895901093    2.839546660062
              O     -6.942039273937   -3.899782792408   -1.768295137611
              O     -5.712579948586   -0.536886919969    1.417784976665
              C     -4.993815156244    1.370967337194   -0.309749808681
              C     -2.816037125834    2.841848553133    0.784944912043
              O     -0.715542838016    1.171841504443    1.209392102832
              C     -1.882055479598    4.912805789450   -0.985230874288
              O     -1.259993094248    7.068484789748    0.451907103493
              C      0.510195645739    3.748068578899   -2.114323951430
              O      2.301277194813    5.542773078173   -2.874466605445
              C      1.470816405750    2.222971571712    0.124966669374
              N      3.205202105737    0.236523283355   -0.485723479787
              C      2.892203226994   -1.669529952476   -2.217775688741
              N      4.808274337714   -3.215407549656   -2.329126256423
              C      6.490096688883   -2.289069285147   -0.572444491441
              C      8.898794633329   -3.083576580752    0.214904282175
              N     10.057572205753   -5.105136829510   -0.754188274313
              N     10.064464097000   -1.741614910357    2.020209530918
              C      8.903182412705    0.275392089061    2.984524882656
              N      6.652698010774    1.206922222790    2.396158255833
              C      5.523321610311   -0.146331579629    0.602016565926
              H     -5.767647836504   -5.190094678234   -1.245433977993
              H     -4.434153908791    0.528189387135   -2.118998495557
              H     -6.569285633862    2.668790270591   -0.650256417240
              H     -3.376166045371    3.677927154745    2.591428092494
              H     -3.278250717669    5.378413382928   -2.440571048041
              H     -0.058663112895    8.028494487923   -0.533464977800
              H     -0.001306836475    2.474636983099   -3.659066285652
              H      2.135267067253    5.830696323839   -4.661620918875
              H      2.459852031532    3.469785347602    1.448882091202
              H      1.185973861664   -1.831925373922   -3.326511130219
              H      9.226084913217   -6.147668239460   -2.107161441490
              H     11.781826650554   -5.598805299285   -0.123208900446
              H      9.941243231782    1.283801413238    4.441450002622
$End
$SCF_Energy
   &GeometryIndex 10
   &Method [&Type "String"] "SCF"
   &totalEnergy [&Type "ArrayOfDoubles", &Dim (1,1)] "Total energy of each state"
                                                         0

0                                     -1.5299759092793597e+03
   &Mult [&Type "ArrayOfIntegers", &Dim (1,1)] "Multiplicity of each state"
                                                         0

0                                                        1
$End
$DFT_Energy
   &GeometryIndex 10
   &nAlphaEl [&Type "Integer"] 90
   &nBetaEl [&Type "Integer"] 90
   &nTotalEl [&Type "Integer"] 180
   &finalEn [&Type "Double"]      -1.5299759092793597e+03  "No Van der Waals correction"
   &eExchange [&Type "Double"]      -1.2764759889553828e+02
   &eCorr [&Type "Double"]      -6.2538458679970717e+00
   &eXC [&Type "Double"]      -1.3390144476353535e+02
   &eCNL [&Type "Double"]       0.0000000000000000e+00
$End
$Solvation_Details
   &GeometryIndex 10
   &Solvent [&Type "String"] "WATER"
   &Epsilon [&Type "Double"]       8.0150999999999996e+01
   &Refrac [&Type "Double"]       1.3328000000000000e+00
   &RSolv [&Type "Double"]       1.3000000000000000e+00
   &SurfaceType [&Type "String"] "GAUSSIAN VDW"
   &CPCMDielEnergy [&Type "Double"]      -1.5091718900000001e-01
   &NPoints [&Type "Integer"] 3021
   &SurfaceArea [&Type "Double"]       1.2311627241379999e+03
$End
$SCF_Timings
   &GeometryIndex 10
   &TOTAL [&Type "Double"]       7.7884501999999998e+01
   &PREP [&Type "Double"]       9.0532599999999996e-01
   &FOCK [&Type "Double"]       6.9971209000000002e+01
   &DENS [&Type "Double"]       2.3708799999999286e-01
   &ETOT [&Type "Double"]       1.1617400000000977e-01
   &TRAFO [&Type "Double"]       4.8211700000000235e-01
   &DIIS [&Type "Double"]       1.8967569999999974e+00
   &SOSCF [&Type "Double"]       1.1858400000000024e+00
   &XC [&Type "Double"]       6.6983019999999964e+00
   &FOCKSTART [&Type "Double"]       3.8413000000009911e-02
   &SOLV [&Type "Double"]       7.2562099999999941e+00
   &SOLV_INIT [&Type "Double"]       2.5028600000000001e-01
   &INT_PREP [&Type "Double"]       3.0000000066365828e-06
   &INT_BF [&Type "Double"]       1.5151949999999452e+00
   &INT_DENS [&Type "Double"]       2.2704190000000892e+00
   &INT_DENSIO [&Type "Double"]       1.3855117729400026e+05
   &INT_FUNC [&Type "Double"]       9.0952999999812434e-02
   &INT_POT [&Type "Double"]       1.6204920000002971e+00
   &INT_POTIO [&Type "Double"]       1.9166999999919554e-02
   &INT_SUM [&Type "Double"]       1.0140000000067317e-03
   &SPLITRIJ [&Type "Double"]       6.0683159999999940e+00
   &COSX [&Type "Double"]       5.3738781000000010e+01
$End
$VdW_Correction
   &GeometryIndex 10
   &vdW [&Type "Double"]      -3.9362235766871742e-02
$End
$Single_Point_Data
   &GeometryIndex 10
   &FinalEnergy [&Type "Double"]      -1.5300152715151266e+03  "Final single point energy"
   &Converged [&Type "Boolean"] true
$End
$SCF_Nuc_Gradient
   &GeometryIndex 10
   &NAtoms [&Type "Integer"] 36
   &gradNorm [&Type "Double"]       7.7528568822111694e-03
   &grad [&Type "ArrayOfDoubles", &Dim (108,1)] 
                                                         0

0                                     -1.2016946528960403e-03
1                                      1.1783949940866007e-03
2                                     -2.3108220038521887e-03
3                                      5.8496803831184420e-04
4                                     -3.4977746486799654e-04
5                                      1.3051226864360746e-03
6                                      1.1106291632657384e-04
7                                     -6.8696962395066951e-04
8                                     -6.2255913489448505e-05
9                                      4.8527403659848298e-04
10                                    -4.5019242300474492e-04
11                                     4.5983707779033444e-04
12                                     3.7512408231741342e-04
13                                     1.7449190825600530e-04
14                                     5.1085705029259439e-04
15                                     2.1660898071569011e-04
16                                     6.4894651159266256e-05
17                                    -1.0891149654745073e-04
18                                     1.6983906978043170e-04
19                                     1.1276539528656383e-03
20                                     1.3326754430258614e-03
21                                    -2.0001084022015293e-04
22                                    -9.4304697533548860e-04
23                                    -1.1399811783226635e-03
24                                    -2.0103103522242177e-04
25                                    -1.0061552400967677e-03
26                                    -8.4228288444333332e-04
27                                     4.6540035736597344e-04
28                                    -5.1890678894602306e-04
29                                    -2.6620470929175036e-04
30                                     7.5721350107326823e-04
31                                     1.0570571141671785e-04
32                                     1.2779143528205813e-04
33                                    -1.1979144018678439e-03
34                                     3.0236861092002606e-05
35                                    -3.4840769797002044e-04
36                                     1.0223355231956772e-03
37                                     5.9760005855871853e-04
38                                    -5.5374014767165794e-04
39                                     2.4541280731922891e-05
40                                     2.1936688632273675e-04
41                                     1.8283352889945982e-03
42                                     5.1779195972514536e-04
43                                    -4.9924278109208825e-04
44                                    -7.3643473322947670e-04
45                                    -9.8691905024759054e-05
46                                    -9.1777016948477451e-05
47                                    -3.1453216321491122e-04
48                                     4.2707514598296276e-04
49                                    -1.3107919536971897e-03
50                                    -6.4774161017921680e-04
51                                     7.2764000938630607e-04
52                                     5.5815799869239299e-04
53                                     6.3905549838061231e-04
54                                    -6.6168254726295677e-04
55                                     8.2940199358049436e-04
56                                     3.3151618178206506e-04
57                                    -6.5502604432477645e-04
58                                    -1.2707932104630707e-03
59                                    -1.3270254701767889e-03
60                                    -1.6717687300800481e-04
61                                     8.9153808868895721e-04
62                                     6.0942006298571739e-04
63                                     2.3383465340518422e-04
64                                    -1.9761536149527584e-03
65                                    -1.2004317375463214e-03
66                                    -1.3493579279007168e-03
67                                     3.1495213071416161e-03
68                                     1.6452229404282375e-03
69                                    -2.8540082433475372e-04
70                                     4.4727342243538164e-05
71                                     4.1477756245919729e-04
72                                     9.3730696557675945e-05
73                                    -4.8330214720993969e-05
74                                     7.9728276370331371e-06
75                                     2.6109353165722622e-05
76                                     8.1029345344203185e-05
77                                    -3.0207786509081676e-05
78                                    -2.1584377046974894e-04
79                                     1.1034871570424303e-04
80                                    -1.2873230618904189e-04
81                                     8.2741557801273933e-05
82                                     4.7348379936819199e-04
83                                     1.4786952714312192e-04
84                                    -3.2794616970742993e-04
85                                     2.0294632003888045e-04
86                                     2.3935337393685225e-04
87                                     3.1378058759617560e-06
88                                     6.1992791972332548e-05
89                                     7.7071879708683267e-05
90                                     3.7921832692008677e-04
91                                    -1.6436134174860193e-04
92                                     2.3572412027156295e-04
93                                    -4.1837576407903894e-04
94                                    -4.9009760628448482e-05
95                                     2.1349294680481740e-04
96                                     1.7740189595971372e-04
97                                    -2.8815159494520118e-04
98                                     8.6223699573372014e-05
99                                    -3.2300994841207730e-04
100                                   -3.3526028228753914e-04
101                                   -4.5643171654961590e-04
102                                    6.4220431550664659e-04
103                                   -1.0881231971464206e-04
104                                    3.0513389822298765e-04
105                                   -2.2009080354673511e-04
106                                    1.9623990005486171e-04
107                                   -4.3309938205907917e-05
   &Method [&Type "String"] "SCF"
   &Level [&Type "String"] "Relaxed density"
   &Mult [&Type "Integer"] 1
   &State [&Type "Integer"] 0
   &Irrep [&Type "Integer"] 0
$End
$Geometry
   &GeometryIndex 11
   &NAtoms [&Type "Integer"] 36
   &NCorelessECP [&Type "Integer"] 0
   &NGhostAtoms [&Type "Integer"] 0
   &CartesianCoordinates [&Type "Coordinates", &Dim(36,4), &Units "Bohr"] 
              P     -7.891126308010   -2.491922412295    0.600591682274
              O    -10.078357022509   -1.061186877130   -0.436741756053
              O     -8.179150251146   -4.228168322917    2.791899035737
              O     -6.649724089295   -3.989706693853   -1.764106623717
              O     -5.661863878549   -0.545046114623    1.396533454575
              C     -4.947819559013    1.369096547422   -0.325789795474
              C     -2.828669634540    2.899105002157    0.808995836725
              O     -0.700938084819    1.285263291469    1.298026552518
              C     -1.906420112994    4.970623546140   -0.960909196077
              O     -1.297011427655    7.142421937949    0.456373076319
              C      0.491247211746    3.812465575710   -2.092421659079
              O      2.276891198961    5.619493766459   -2.844133219024
              C      1.469449757657    2.297502172030    0.147317344162
              N      3.167169041590    0.279878195960   -0.473102571144
              C      2.780790421694   -1.661708677902   -2.146642114310
              N      4.662654029348   -3.251118129070   -2.253383335186
              C      6.396378703558   -2.315888210293   -0.552274150233
              C      8.801472219598   -3.144410583432    0.214097320348
              N      9.897594036005   -5.215105170015   -0.725289976200
              N     10.029559254370   -1.782857717956    1.964855214401
              C      8.926244228468    0.282178650890    2.896009083567
              N      6.686426688961    1.250175468152    2.324248266762
              C      5.498439059836   -0.126551841623    0.582533788808
              H     -5.420352502123   -5.202593791533   -1.185283267168
              H     -4.325616603820    0.525875943537   -2.113930997162
              H     -6.548073122899    2.623434151824   -0.710462305016
              H     -3.450650368105    3.732509412874    2.596091285963
              H     -3.307885797361    5.414180676312   -2.418827129142
              H     -0.035517788953    8.051165524778   -0.504648781427
              H     -0.009953130698    2.544615435550   -3.644478155194
              H      2.100699521995    5.925276434395   -4.627942710887
              H      2.503261249178    3.551846627084    1.429982895612
              H      1.052098659707   -1.817529037161   -3.221571587283
              H      9.016939693349   -6.269233598246   -2.036602600758
              H     11.621445808759   -5.731761044926   -0.114350722337
              H     10.011499589934    1.301454739276    4.310760463842
$End
$SCF_Energy
   &GeometryIndex 11
   &Method [&Type "String"] "SCF"
   &totalEnergy [&Type "ArrayOfDoubles", &Dim (1,1)] "Total energy of each state"
                                                         0

0                                     -1.5299760432571065e+03
   &Mult [&Type "ArrayOfIntegers", &Dim (1,1)] "Multiplicity of each state"
                                                         0

0                                                        1
$End
$DFT_Energy
   &GeometryIndex 11
   &nAlphaEl [&Type "Integer"] 90
   &nBetaEl [&Type "Integer"] 90
   &nTotalEl [&Type "Integer"] 180
   &finalEn [&Type "Double"]      -1.5299760432571065e+03  "No Van der Waals correction"
   &eExchange [&Type "Double"]      -1.2764815957119740e+02
   &eCorr [&Type "Double"]      -6.2540104779563013e+00
   &eXC [&Type "Double"]      -1.3390217004915371e+02
   &eCNL [&Type "Double"]       0.0000000000000000e+00
$End
$Solvation_Details
   &GeometryIndex 11
   &Solvent [&Type "String"] "WATER"
   &Epsilon [&Type "Double"]       8.0150999999999996e+01
   &Refrac [&Type "Double"]       1.3328000000000000e+00
   &RSolv [&Type "Double"]       1.3000000000000000e+00
   &SurfaceType [&Type "String"] "GAUSSIAN VDW"
   &CPCMDielEnergy [&Type "Double"]      -1.5099952899999999e-01
   &NPoints [&Type "Integer"] 3024
   &SurfaceArea [&Type "Double"]       1.2311636734839999e+03
$End
$SCF_Timings
   &GeometryIndex 11
   &TOTAL [&Type "Double"]       8.3056239000000005e+01
   &PREP [&Type "Double"]       8.8709700000000002e-01
   &FOCK [&Type "Double"]       7.4683842999999996e+01
   &DENS [&Type "Double"]       2.4106000000000449e-01
   &ETOT [&Type "Double"]       1.2051699999997645e-01
   &POP [&Type "Double"]       9.9999999747524271e-07
   &TRAFO [&Type "Double"]       5.5703699999999756e-01
   &DIIS [&Type "Double"]       2.2565659999999976e+00
   &SOSCF [&Type "Double"]       1.3099530000000073e+00
   &XC [&Type "Double"]       7.7278979999999926e+00
   &FOCKSTART [&Type "Double"]       4.0693000000004198e-02
   &SOLV [&Type "Double"]       8.3738839999999914e+00
   &SOLV_INIT [&Type "Double"]       2.6872300000000005e-01
   &INT_BF [&Type "Double"]       1.5697290000001738e+00
   &INT_DENS [&Type "Double"]       2.3802170000001048e+00
   &INT_DENSIO [&Type "Double"]       1.4893455421900027e+05
   &INT_FUNC [&Type "Double"]       9.3648000000013276e-02
   &INT_POT [&Type "Double"]       1.9170720000000117e+00
   &INT_POTIO [&Type "Double"]       1.8669999999908704e-02
   &INT_SUM [&Type "Double"]       1.2259999999866267e-03
   &SPLITRIJ [&Type "Double"]       6.3803419999999917e+00
   &COSX [&Type "Double"]       5.5932368999999987e+01
$End
$VdW_Correction
   &GeometryIndex 11
   &vdW [&Type "Double"]      -3.9473418466284597e-02
$End
$Single_Point_Data
   &GeometryIndex 11
   &FinalEnergy [&Type "Double"]      -1.5300155166755728e+03  "Final single point energy"
   &Converged [&Type "Boolean"] true
$End
$SCF_Nuc_Gradient
   &GeometryIndex 11
   &NAtoms [&Type "Integer"] 36
   &gradNorm [&Type "Double"]       5.3351568918879010e-03
   &grad [&Type "ArrayOfDoubles", &Dim (108,1)] 
                                                         0

0                                      1.2765634912282736e-03
1                                     -2.2449003748304606e-04
2                                     -1.1233685530123415e-03
3                                      1.1154810493045709e-04
4                                      1.1587023975699021e-04
5                                      1.3337516989968034e-03
6                                     -7.0621906501907040e-05
7                                      4.6555540355251561e-04
8                                     -1.1366097656691318e-03
9                                     -4.7767258980116559e-05
10                                     6.2961180651796924e-04
11                                     1.5073853837222074e-03
12                                    -1.2819792793217696e-03
13                                    -1.3193583633149036e-03
14                                    -8.4815545700137995e-04
15                                     2.8320077098344202e-04
16                                     2.8089843609215666e-04
17                                    -1.9665697717682708e-04
18                                     7.7358756007451319e-04
19                                     1.0487287889599990e-03
20                                     1.0471592545246021e-03
21                                    -5.1640974407605609e-04
22                                    -7.3228682794522233e-04
23                                    -9.8284020876215775e-04
24                                     9.2859876836710607e-05
25                                    -7.2990492054518985e-04
26                                     3.9682422367049380e-04
27                                    -1.9982295520356316e-04
28                                     1.2700775073060772e-04
29                                    -7.6093883387266920e-05
30                                     6.5124485168440458e-04
31                                    -5.6202834555714974e-04
32                                    -4.0917177833030326e-04
33                                    -8.6857706585140076e-04
34                                     3.0705341872627653e-04
35                                    -1.1275840173320093e-04
36                                     8.9867649037883275e-04
37                                     3.7774268533075322e-04
38                                    -5.4543457775460189e-04
39                                    -5.8856344875534306e-04
40                                    -1.9541262218133841e-04
41                                     8.9349398713148710e-04
42                                     1.1049137176889073e-04
43                                     2.7679463292411716e-04
44                                    -2.0960147980635612e-04
45                                     9.5912688803969780e-05
46                                    -3.6017510124009916e-04
47                                    -2.2412569020240059e-04
48                                    -2.4826904522249628e-04
49                                    -2.5870241990932230e-04
50                                    -2.6991835477121210e-04
51                                     2.6437712969713459e-04
52                                     4.0532115941339491e-04
53                                     5.5532763942644635e-04
54                                    -1.4476831657095335e-04
55                                     5.3465319286935369e-05
56                                    -4.6557767608803657e-05
57                                     1.8970872366458287e-04
58                                    -8.0228372591149822e-04
59                                    -5.0780297005427726e-04
60                                    -3.8730136550113879e-04
61                                     4.9994671621984637e-04
62                                     5.1017629623455304e-05
63                                     1.3983047531007485e-04
64                                    -6.4752838170327974e-04
65                                    -2.0123931677892224e-04
66                                    -2.1057423624514559e-04
67                                     1.0626150455378337e-03
68                                     5.1839566443592018e-04
69                                    -2.6005136129485956e-04
70                                     9.1897877913613379e-05
71                                     3.3317623579783641e-04
72                                     1.2636681988659600e-04
73                                    -1.7393884419342873e-04
74                                     1.8574875552756012e-04
75                                    -1.3027752282933973e-04
76                                    -1.7193494221713762e-05
77                                     7.6726973090586906e-05
78                                    -2.6482019770380101e-04
79                                     3.7025010415543406e-05
80                                    -9.7552676311959496e-05
81                                    -4.5233169732890671e-05
82                                     1.7190116761680118e-04
83                                     7.4488766249791410e-05
84                                    -2.8933286960986612e-05
85                                     5.2793909152264683e-05
86                                     9.4456565364656605e-06
87                                     1.5371415613269919e-04
88                                     1.5458579806515877e-04
89                                    -1.2326658037916966e-04
90                                     3.7176859780758585e-04
91                                    -1.5559759128686064e-04
92                                     4.6481942089692164e-05
93                                    -3.3920393338605979e-04
94                                     3.3408432192888493e-04
95                                     1.3107044750846323e-04
96                                     1.9922376926808462e-04
97                                    -3.6758850771235400e-04
98                                    -6.1131228028013025e-05
99                                    -2.7558544039351480e-04
100                                   -8.3512779640776007e-05
101                                   -2.0735736134824763e-04
102                                    3.0876282557453665e-04
103                                    1.9593932319051307e-05
104                                    1.8858131167374216e-04
105                                   -1.3907812227344121e-04
106                                    1.1750856667216793e-04
107                                    3.0567475950089948e-05
   &Method [&Type "String"] "SCF"
   &Level [&Type "String"] "Relaxed density"
   &Mult [&Type "Integer"] 1
   &State [&Type "Integer"] 0
   &Irrep [&Type "Integer"] 0
$End
$Geometry
   &GeometryIndex 12
   &NAtoms [&Type "Integer"] 36
   &NCorelessECP [&Type "Integer"] 0
   &NGhostAtoms [&Type "Integer"] 0
   &CartesianCoordinates [&Type "Coordinates", &Dim(36,4), &Units "Bohr"] 
              P     -7.361271681557   -2.781397348125    0.355925794250
              O     -9.447282286637   -1.727657788834   -1.217105441880
              O     -7.894941190248   -4.337405808835    2.628097000718
              O     -5.552195217571   -4.293224606271   -1.584816680055
              O     -5.535837435266   -0.535125675654    1.312341954340
              C     -4.812531487043    1.383699159094   -0.399154762175
              C     -2.884848196700    3.074589013550    0.856954574880
              O     -0.697817195094    1.624957163296    1.537768626315
              C     -1.977035767806    5.158239808822   -0.892234517030
              O     -1.400602842948    7.357629910430    0.492730611583
              C      0.435639573127    4.009195301641   -2.013506249103
              O      2.225905466775    5.833338582383   -2.734155997364
              C      1.437715166572    2.508103284377    0.229889582896
              N      3.016168203381    0.395194680275   -0.417267986918
              C      2.406568782238   -1.627053987010   -1.909630323808
              N      4.183959807667   -3.336242351003   -2.016759949116
              C      6.077406255902   -2.395208597122   -0.497635833037
              C      8.473887172070   -3.323771768250    0.184025296734
              N      9.381372325938   -5.519704905120   -0.671919995642
              N      9.891193537718   -1.926327555834    1.761861338152
              C      8.964692850880    0.260110135273    2.604875511867
              N      6.756298176708    1.335253619007    2.099208159117
              C      5.386084460677   -0.090340724684    0.527328498604
              H     -4.246097077433   -5.209676883852   -0.705775227051
              H     -3.991662622458    0.539157569219   -2.103962650880
              H     -6.460795314472    2.509692466706   -0.942738956946
              H     -3.688520612258    3.884536330074    2.580521733524
              H     -3.377403246170    5.559166133207   -2.365220423034
              H      0.008036408345    8.140455563799   -0.376804938272
              H     -0.040032161768    2.759425183559   -3.586626713281
              H      2.013573911755    6.206867854412   -4.502675693841
              H      2.598224860868    3.759646466868    1.403316217448
              H      0.607499640897   -1.748982197800   -2.868930788825
              H      8.354110970136   -6.593730842321   -1.850891555033
              H     11.104299971873   -6.105735804363   -0.132539889104
              H     10.197367484128    1.296103496074    3.880932320709
$End
$SCF_Energy
   &GeometryIndex 12
   &Method [&Type "String"] "SCF"
   &totalEnergy [&Type "ArrayOfDoubles", &Dim (1,1)] "Total energy of each state"
                                                         0

0                                     -1.5299757437492351e+03
   &Mult [&Type "ArrayOfIntegers", &Dim (1,1)] "Multiplicity of each state"
                                                         0

0                                                        1
$End
$DFT_Energy
   &GeometryIndex 12
   &nAlphaEl [&Type "Integer"] 89
   &nBetaEl [&Type "Integer"] 89
   &nTotalEl [&Type "Integer"] 179
   &finalEn [&Type "Double"]      -1.5299757437492351e+03  "No Van der Waals correction"
   &eExchange [&Type "Double"]      -1.2764859537007186e+02
   &eCorr [&Type "Double"]      -6.2544528848411280e+00
   &eXC [&Type "Double"]      -1.3390304825491299e+02
   &eCNL [&Type "Double"]       0.0000000000000000e+00
$End
$Solvation_Details
   &GeometryIndex 12
   &Solvent [&Type "String"] "WATER"
   &Epsilon [&Type "Double"]       8.0150999999999996e+01
   &Refrac [&Type "Double"]       1.3328000000000000e+00
   &RSolv [&Type "Double"]       1.3000000000000000e+00
   &SurfaceType [&Type "String"] "GAUSSIAN VDW"
   &CPCMDielEnergy [&Type "Double"]      -1.5035671600000000e-01
   &NPoints [&Type "Integer"] 3025
   &SurfaceArea [&Type "Double"]       1.2289717704430000e+03
$End
$SCF_Timings
   &GeometryIndex 12
   &TOTAL [&Type "Double"]       1.0759115700000000e+02
   &PREP [&Type "Double"]       9.1089000000000009e-01
   &FOCK [&Type "Double"]       9.7640202000000016e+01
   &DENS [&Type "Double"]       3.4252400000001160e-01
   &ETOT [&Type "Double"]       1.6630100000000603e-01
   &POP [&Type "Double"]       9.9999999747524271e-07
   &TRAFO [&Type "Double"]       7.1395399999999398e-01
   &DIIS [&Type "Double"]       2.6254389999999983e+00
   &SOSCF [&Type "Double"]       2.3119310000000013e+00
   &XC [&Type "Double"]       9.7610039999999767e+00
   &FOCKSTART [&Type "Double"]       4.9006999999994694e-02
   &SOLV [&Type "Double"]       1.0873429999999988e+01
   &SOLV_INIT [&Type "Double"]       2.6941700000000002e-01
   &INT_PREP [&Type "Double"]       1.9999999967268423e-06
   &INT_BF [&Type "Double"]       2.3800940000000814e+00
   &INT_DENS [&Type "Double"]       3.6377519999998729e+00
   &INT_DENSIO [&Type "Double"]       2.6008707732800039e+05
   &INT_FUNC [&Type "Double"]       1.3915400000015588e-01
   &INT_POT [&Type "Double"]       2.6884450000001543e+00
   &INT_POTIO [&Type "Double"]       2.8326999999970681e-02
   &INT_SUM [&Type "Double"]       1.5879999999874883e-03
   &SPLITRIJ [&Type "Double"]       8.0231140000000103e+00
   &COSX [&Type "Double"]       7.2439257999999981e+01
$End
$VdW_Correction
   &GeometryIndex 12
   &vdW [&Type "Double"]      -3.9990394031952786e-02
$End
$Single_Point_Data
   &GeometryIndex 12
   &FinalEnergy [&Type "Double"]      -1.5300157341432671e+03  "Final single point energy"
   &Converged [&Type "Boolean"] true
$End
$SCF_Nuc_Gradient
   &GeometryIndex 12
   &NAtoms [&Type "Integer"] 36
   &gradNorm [&Type "Double"]       1.7794692426657287e-02
   &grad [&Type "ArrayOfDoubles", &Dim (108,1)] 
                                                         0

0                                      6.0844525501042648e-03
1                                     -1.7634109743697097e-03
2                                      4.4439887827771264e-03
3                                     -1.1844410310690549e-03
4                                      5.5339797124339296e-04
5                                     -5.1828381342175120e-04
6                                     -1.0727388551853908e-04
7                                      2.4471710376233039e-03
8                                     -3.3864778283230778e-03
9                                     -2.3847204570053462e-03
10                                     3.4929198993860588e-03
11                                     3.0318561009230111e-03
12                                    -3.0565580543336218e-03
13                                    -5.6147250435746509e-03
14                                    -4.5321100135161290e-03
15                                     2.4496108281096265e-06
16                                     7.8937694501877423e-04
17                                     1.6265215835823695e-05
18                                     2.2104930511774802e-03
19                                     9.8766709377421996e-04
20                                     9.6441367418161658e-05
21                                    -1.3469012116648920e-03
22                                    -1.1453945577283352e-03
23                                    -1.4163413766858607e-03
24                                     8.6852920292838996e-04
25                                     4.0657474056378623e-04
26                                     3.5289245615791110e-03
27                                    -1.8506087568038157e-03
28                                     1.6617130771093655e-03
29                                     3.1862518578563092e-04
30                                    -1.6086621828521419e-04
31                                    -2.4409909482728158e-03
32                                    -1.3720983446172657e-03
33                                     2.6268910622831020e-04
34                                     9.8951441800445455e-04
35                                     3.5162146733393770e-04
36                                     2.4451837691683790e-04
37                                     3.8680727137622902e-04
38                                     5.0802799519996441e-04
39                                    -2.3696487704295190e-03
40                                    -7.5813894642393867e-04
41                                    -1.6937455051491057e-03
42                                    -4.8972866434297954e-04
43                                     2.2592657082521300e-03
44                                     1.3565161963815882e-03
45                                     5.6236753288709364e-04
46                                    -7.3889214239517627e-04
47                                     1.5191668211811491e-04
48                                    -1.5172419358986033e-03
49                                     2.8076545808102473e-03
50                                     5.3415619046670256e-04
51                                    -9.0482059320642395e-04
52                                    -8.0916871333806589e-06
53                                    -7.6035721475131495e-05
54                                     9.3770769871559002e-04
55                                    -2.0932837227043313e-03
56                                    -7.8968256584658388e-04
57                                     2.4092885795593461e-03
58                                     7.7599135336856950e-04
59                                     1.5408367685708017e-03
60                                    -1.0570450204051645e-03
61                                    -1.0530127322649664e-03
62                                    -1.0503365113653177e-03
63                                     3.2143580551753425e-04
64                                     3.3359829181292596e-03
65                                     2.0448987507178436e-03
66                                     2.0439781701992398e-03
67                                    -5.5373654378995836e-03
68                                    -1.9232609815717091e-03
69                                     3.7726891193444376e-05
70                                     1.7985815923143812e-05
71                                     3.5969638450016312e-05
72                                     4.9250998195390417e-04
73                                    -3.3219731212029430e-04
74                                     7.2393240390354954e-04
75                                    -5.4689001021651488e-04
76                                    -2.9326135023655185e-04
77                                     2.7058736525223436e-04
78                                    -3.2749358079054618e-04
79                                     5.3443545915634431e-05
80                                    -1.0163449185173113e-04
81                                    -3.0436866270144511e-04
82                                    -6.7653750283866920e-04
83                                    -2.1237532774297908e-04
84                                     8.3931582198108323e-04
85                                    -5.9927607612906403e-04
86                                    -5.3956531571446053e-04
87                                     2.2997338962745002e-05
88                                     4.6170971841502314e-04
89                                    -3.5097556228893650e-04
90                                     2.6482220104872276e-04
91                                    -1.1566083986422126e-04
92                                    -3.8753072798797386e-04
93                                     1.7312549974657002e-04
94                                     1.2503954239165783e-03
95                                    -5.1299079041179521e-04
96                                     2.8453786418320348e-04
97                                    -4.5423478947765396e-04
98                                    -4.6907474722902452e-04
99                                     6.4930010109466924e-05
100                                    6.0883211288250728e-04
101                                    4.2166161593826316e-04
102                                   -7.0137257338988973e-04
103                                    4.5169221193760214e-04
104                                   -1.5381250693166269e-04
105                                    1.8210414838080281e-04
106                                   -1.1362176308733651e-04
107                                    1.1010585852276167e-04
   &Method [&Type "String"] "SCF"
   &Level [&Type "String"] "Relaxed density"
   &Mult [&Type "Integer"] 1
   &State [&Type "Integer"] 0
   &Irrep [&Type "Integer"] 0
$End
$Geometry
   &GeometryIndex 13
   &NAtoms [&Type "Integer"] 36
   &NCorelessECP [&Type "Integer"] 0
   &NGhostAtoms [&Type "Integer"] 0
   &CartesianCoordinates [&Type "Coordinates", &Dim(36,4), &Units "Bohr"] 
              P     -7.207055837856   -2.857900789199    0.253917710244
              O     -9.223208772180   -1.933128924419   -1.484330509928
              O     -7.831978367470   -4.372310857203    2.533147776487
              O     -5.222583938092   -4.347771383983   -1.529512307882
              O     -5.535084462282   -0.516405763195    1.262494872776
              C     -4.791599736771    1.395568267289   -0.447191756320
              C     -2.922578053262    3.121874185613    0.849007715474
              O     -0.739191662892    1.710352748787    1.615854038196
              C     -1.987961728975    5.203099449350   -0.890275902655
              O     -1.450602756493    7.410229794178    0.496187062113
              C      0.450560212213    4.055070268814   -1.954663663556
              O      2.264488913802    5.872839539737   -2.632660990523
              C      1.411550982337    2.544211929409    0.302990179606
              N      2.949225937048    0.397204998825   -0.342239735671
              C      2.256810780064   -1.660790966516   -1.745443697380
              N      4.009305247967   -3.394801235411   -1.870406022901
              C      5.973693242353   -2.430991324076   -0.458901223705
              C      8.386992731175   -3.365407325651    0.151556546209
              N      9.237692704263   -5.595288636638   -0.673573688662
              N      9.882146377420   -1.935559137914    1.625641236747
              C      9.014309007374    0.285698154239    2.438122677455
              N      6.797934938875    1.370532010056    1.990999783123
              C      5.349148573851   -0.088199987982    0.522221602849
              H     -3.910055042492   -5.154720602660   -0.557653488186
              H     -3.911125900465    0.547509849574   -2.120580265953
              H     -6.438288439669    2.492378516942   -1.049542230686
              H     -3.785548312245    3.936551614637    2.541278591332
              H     -3.358512172091    5.588983421292   -2.394766187549
              H     -0.028457496407    8.198579625660   -0.345505455907
              H      0.010147030957    2.809081444874   -3.541387136738
              H      2.044991235632    6.301184951932   -4.388170725217
              H      2.599182915044    3.774740475526    1.470443075547
              H      0.418247086144   -1.786387092822   -2.626944914117
              H      8.152868356173   -6.692363082472   -1.776785838095
              H     10.975224902636   -6.184434232607   -0.187714738808
              H     10.310442196539    1.344544973009    3.629810261023
$End
$SCF_Energy
   &GeometryIndex 13
   &Method [&Type "String"] "SCF"
   &totalEnergy [&Type "ArrayOfDoubles", &Dim (1,1)] "Total energy of each state"
                                                         0

0                                     -1.5299758063776590e+03
   &Mult [&Type "ArrayOfIntegers", &Dim (1,1)] "Multiplicity of each state"
                                                         0

0                                                        1
$End
$DFT_Energy
   &GeometryIndex 13
   &nAlphaEl [&Type "Integer"] 90
   &nBetaEl [&Type "Integer"] 90
   &nTotalEl [&Type "Integer"] 179
   &finalEn [&Type "Double"]      -1.5299758063776590e+03  "No Van der Waals correction"
   &eExchange [&Type "Double"]      -1.2764686277554756e+02
   &eCorr [&Type "Double"]      -6.2543501098604146e+00
   &eXC [&Type "Double"]      -1.3390121288540797e+02
   &eCNL [&Type "Double"]       0.0000000000000000e+00
$End
$Solvation_Details
   &GeometryIndex 13
   &Solvent [&Type "String"] "WATER"
   &Epsilon [&Type "Double"]       8.0150999999999996e+01
   &Refrac [&Type "Double"]       1.3328000000000000e+00
   &RSolv [&Type "Double"]       1.3000000000000000e+00
   &SurfaceType [&Type "String"] "GAUSSIAN VDW"
   &CPCMDielEnergy [&Type "Double"]      -1.5010995199999999e-01
   &NPoints [&Type "Integer"] 3021
   &SurfaceArea [&Type "Double"]       1.2287808565989999e+03
$End
$SCF_Timings
   &GeometryIndex 13
   &TOTAL [&Type "Double"]       8.9448307000000000e+01
   &PREP [&Type "Double"]       9.0253400000000006e-01
   &FOCK [&Type "Double"]       8.1798169000000016e+01
   &DENS [&Type "Double"]       2.6002500000001305e-01
   &ETOT [&Type "Double"]       1.3030999999998372e-01
   &POP [&Type "Double"]       9.9999999747524271e-07
   &TRAFO [&Type "Double"]       3.9429400000000214e-01
   &DIIS [&Type "Double"]       1.6025059999999982e+00
   &SOSCF [&Type "Double"]       1.3358449999999937e+00
   &XC [&Type "Double"]       8.1208169999999811e+00
   &FOCKSTART [&Type "Double"]       4.3832999999999123e-02
   &SOLV [&Type "Double"]       9.1447790000000087e+00
   &SOLV_INIT [&Type "Double"]       2.6835899999999990e-01
   &INT_PREP [&Type "Double"]       4.9999999909289272e-06
   &INT_BF [&Type "Double"]       1.3539739999998623e+00
   &INT_DENS [&Type "Double"]       2.0610470000001264e+00
   &INT_DENSIO [&Type "Double"]       1.7954363996200019e+05
   &INT_FUNC [&Type "Double"]       8.0866999999400946e-02
   &INT_POT [&Type "Double"]       1.5070980000000915e+00
   &INT_POTIO [&Type "Double"]       1.7587000000167663e-02
   &INT_SUM [&Type "Double"]       1.0749999999966064e-03
   &SPLITRIJ [&Type "Double"]       6.8773189999999911e+00
   &COSX [&Type "Double"]       6.1202003000000012e+01
$End
$VdW_Correction
   &GeometryIndex 13
   &vdW [&Type "Double"]      -4.0221264528680425e-02
$End
$Single_Point_Data
   &GeometryIndex 13
   &FinalEnergy [&Type "Double"]      -1.5300160276421877e+03  "Final single point energy"
   &Converged [&Type "Boolean"] true
$End
$SCF_Nuc_Gradient
   &GeometryIndex 13
   &NAtoms [&Type "Integer"] 36
   &gradNorm [&Type "Double"]       1.7438719910645693e-02
   &grad [&Type "ArrayOfDoubles", &Dim (108,1)] 
                                                         0

0                                      6.1773604584102982e-03
1                                     -7.7689031803105822e-04
2                                      4.9324579367880390e-03
3                                     -1.4565694267308705e-03
4                                      5.3961861746658845e-04
5                                     -1.3521608485140024e-03
6                                     -4.5399338171101585e-04
7                                      1.8264480489866767e-03
8                                     -2.4368667034931095e-03
9                                     -2.4661558116617719e-03
10                                     2.9489878192610675e-03
11                                     2.3245837948381019e-03
12                                    -2.2755463049343207e-03
13                                    -5.2892887178676903e-03
14                                    -4.3705772397888551e-03
15                                    -6.1806736082163877e-04
16                                     9.8759361355637231e-04
17                                     2.3283340127000802e-04
18                                     2.1964898791104227e-03
19                                     2.5937636015114146e-04
20                                    -1.7371740575739360e-04
21                                    -1.4760297322056934e-03
22                                    -1.4699911074276101e-03
23                                    -8.1359412048265592e-04
24                                     4.3939592092208683e-04
25                                     9.8906381364345696e-04
26                                     3.1577848457568394e-03
27                                    -1.6700157254689889e-03
28                                     1.4921492719639291e-03
29                                     7.7470541049383141e-05
30                                    -1.4673570265971367e-04
31                                    -2.1760527502864072e-03
32                                    -1.2636041555137967e-03
33                                     7.3264594274678491e-04
34                                     7.1060322987774507e-04
35                                     3.3801231041009948e-04
36                                     4.1671784054151263e-05
37                                     1.3730254451282028e-04
38                                     1.0799821466378349e-03
39                                    -2.1840812369942472e-03
40                                    -5.9669664120032468e-04
41                                    -2.2671464445012382e-03
42                                    -4.8992839397163411e-04
43                                     2.3001655557156261e-03
44                                     1.4179308169878372e-03
45                                     4.5580359627791020e-04
46                                    -6.9019768815838654e-04
47                                     2.6310245125154045e-04
48                                    -1.3287848782788483e-03
49                                     2.9863842916151876e-03
50                                     5.8175478128949564e-04
51                                    -9.5570492324277502e-04
52                                    -2.9835969384541910e-04
53                                    -1.5251228164093398e-04
54                                     9.1589094378497643e-04
55                                    -2.0744900676335910e-03
56                                    -7.7014351613731034e-04
57                                     2.3635955600956886e-03
58                                     1.1055414705202589e-03
59                                     1.5378880360510936e-03
60                                    -9.7678816873681350e-04
61                                    -1.1151447774563786e-03
62                                    -1.0882238192683430e-03
63                                     4.7430057192785792e-04
64                                     3.6339932261573358e-03
65                                     2.0332531950107099e-03
66                                     1.9120499007059216e-03
67                                    -6.1164714744433328e-03
68                                    -1.8607776204611079e-03
69                                     1.8611451265544433e-04
70                                     9.3866650236366716e-06
71                                    -1.3288277148916118e-04
72                                     6.1307711828083203e-04
73                                    -3.2736433181972677e-04
74                                     6.1444470131978698e-04
75                                    -4.1659029043670864e-04
76                                    -4.4789083066153039e-04
77                                     2.2603786037670961e-04
78                                    -1.8838662839899053e-04
79                                     1.3803073573020138e-04
80                                    -3.7200412256124728e-05
81                                    -2.2634386086250194e-04
82                                    -7.3908856660056101e-04
83                                    -2.1698715235585211e-04
84                                     7.3423588358716553e-04
85                                    -3.9424362226083581e-04
86                                    -5.7934484205121020e-04
87                                    -3.1383944360429043e-05
88                                     6.1666132072535113e-04
89                                    -3.4983898014957402e-04
90                                     8.6101393190559682e-05
91                                     7.2631775455016094e-05
92                                    -2.7536539339098577e-04
93                                     2.2257675135629987e-04
94                                     1.1763354213410325e-03
95                                    -6.7152035000618451e-04
96                                     1.8126554873174362e-04
97                                    -3.7478535980862949e-04
98                                    -4.2726713704162550e-04
99                                     1.9292116832070845e-04
100                                    7.1538273657596415e-04
101                                    4.7944305551847347e-04
102                                   -8.0819274992394499e-04
103                                    4.3607408332465832e-04
104                                   -1.7528189701704561e-04
105                                    2.4380162830346894e-04
106                                   -1.9477465216705716e-04
107                                    1.1803323778138291e-04
   &Method [&Type "String"] "SCF"
   &Level [&Type "String"] "Relaxed density"
   &Mult [&Type "Integer"] 1
   &State [&Type "Integer"] 0
   &Irrep [&Type "Integer"] 0
$End
$Geometry
   &GeometryIndex 14
   &NAtoms [&Type "Integer"] 36
   &NCorelessECP [&Type "Integer"] 0
   &NGhostAtoms [&Type "Integer"] 0
   &CartesianCoordinates [&Type "Coordinates", &Dim(36,4), &Units "Bohr"] 
              P     -6.971231363033   -2.954647308822    0.155613133928
              O     -9.012226802508   -2.183391492489   -1.624103356590
              O     -7.512900823349   -4.529011297522    2.426257574572
              O     -4.840136350453   -4.292799064174   -1.606320399159
              O     -5.512967900950   -0.478343139790    1.227596362818
              C     -4.791236710044    1.435202115823   -0.488269580363
              C     -2.985024959548    3.204916745788    0.831938577622
              O     -0.817593397218    1.842930685210    1.737876975521
              C     -1.988158502361    5.259003827926   -0.911194487141
              O     -1.440047349173    7.450562237771    0.494765737449
              C      0.455382486156    4.067891510084   -1.887477175521
              O      2.308429695192    5.834124191012   -2.584784298239
              C      1.360488053894    2.582285376109    0.414497614393
              N      2.847052661743    0.388811863096   -0.202632999149
              C      2.072119463621   -1.695813429069   -1.526890829004
              N      3.800727468630   -3.447872444078   -1.690057349704
              C      5.837988924188   -2.471036235014   -0.393854412769
              C      8.272836929729   -3.403292532757    0.116362947726
              N      9.077332972301   -5.655125131767   -0.688907142514
              N      9.843287767475   -1.944501851376    1.474769760610
              C      9.039576024305    0.303517637744    2.272840876716
              N      6.808608907948    1.387631159612    1.907554570594
              C      5.276400821773   -0.092251347637    0.558527157988
              H     -3.484399731028   -5.001207301368   -0.617381656935
              H     -3.872964900850    0.600806991658   -2.149331264084
              H     -6.444261418502    2.498180002313   -1.129153609579
              H     -3.914779449759    4.056449018547    2.469102440300
              H     -3.313752095496    5.669096967796   -2.447407786154
              H     -0.017822152534    8.251174747189   -0.329811065203
              H      0.028225645516    2.778405156817   -3.444700678258
              H      2.091746765835    6.247163600729   -4.344038996414
              H      2.582368415683    3.785356424518    1.570157559554
              H      0.188920231719   -1.814332465287   -2.311383613304
              H      7.941974465105   -6.781282492801   -1.709946015126
              H     10.835284846818   -6.239571871289   -0.270432163952
              H     10.401882051400    1.384744022491    3.365640238110
$End
$SCF_Energy
   &GeometryIndex 14
   &Method [&Type "String"] "SCF"
   &totalEnergy [&Type "ArrayOfDoubles", &Dim (1,1)] "Total energy of each state"
                                                         0

0                                     -1.5299758893985465e+03
   &Mult [&Type "ArrayOfIntegers", &Dim (1,1)] "Multiplicity of each state"
                                                         0

0                                                        1
$End
$DFT_Energy
   &GeometryIndex 14
   &nAlphaEl [&Type "Integer"] 89
   &nBetaEl [&Type "Integer"] 89
   &nTotalEl [&Type "Integer"] 179
   &finalEn [&Type "Double"]      -1.5299758893985465e+03  "No Van der Waals correction"
   &eExchange [&Type "Double"]      -1.2764190993260343e+02
   &eCorr [&Type "Double"]      -6.2541386313951648e+00
   &eXC [&Type "Double"]      -1.3389604856399859e+02
   &eCNL [&Type "Double"]       0.0000000000000000e+00
$End
$Solvation_Details
   &GeometryIndex 14
   &Solvent [&Type "String"] "WATER"
   &Epsilon [&Type "Double"]       8.0150999999999996e+01
   &Refrac [&Type "Double"]       1.3328000000000000e+00
   &RSolv [&Type "Double"]       1.3000000000000000e+00
   &SurfaceType [&Type "String"] "GAUSSIAN VDW"
   &CPCMDielEnergy [&Type "Double"]      -1.4945822600000000e-01
   &NPoints [&Type "Integer"] 3041
   &SurfaceArea [&Type "Double"]       1.2150818567209999e+03
$End
$SCF_Timings
   &GeometryIndex 14
   &TOTAL [&Type "Double"]       8.8878654999999995e+01
   &PREP [&Type "Double"]       8.5839200000000004e-01
   &FOCK [&Type "Double"]       8.0859648999999990e+01
   &DENS [&Type "Double"]       2.3551100000000247e-01
   &ETOT [&Type "Double"]       1.3177099999997743e-01
   &TRAFO [&Type "Double"]       3.8270299999999935e-01
   &DIIS [&Type "Double"]       1.6227090000000004e+00
   &SOSCF [&Type "Double"]       1.4299460000000010e+00
   &XC [&Type "Double"]       8.3385479999999887e+00
   &FOCKSTART [&Type "Double"]       3.9322000000000523e-02
   &SOLV [&Type "Double"]       8.5287500000000005e+00
   &SOLV_INIT [&Type "Double"]       2.1548899999999993e-01
   &SOLV_FINAL [&Type "Double"]       9.9999999747524271e-07
   &INT_PREP [&Type "Double"]       4.9999999980343546e-06
   &INT_BF [&Type "Double"]       1.2309659999997962e+00
   &INT_DENS [&Type "Double"]       1.8857740000001844e+00
   &INT_DENSIO [&Type "Double"]       1.5905230612100018e+05
   &INT_FUNC [&Type "Double"]       7.5151000000239776e-02
   &INT_POT [&Type "Double"]       1.4467969999999646e+00
   &INT_POTIO [&Type "Double"]       1.5421000000104712e-02
   &INT_SUM [&Type "Double"]       8.4000000001438480e-04
   &SPLITRIJ [&Type "Double"]       6.3255050000000077e+00
   &COSX [&Type "Double"]       6.1586724999999994e+01
$End
$VdW_Correction
   &GeometryIndex 14
   &vdW [&Type "Double"]      -4.0613007098750639e-02
$End
$Single_Point_Data
   &GeometryIndex 14
   &FinalEnergy [&Type "Double"]      -1.5300165024056453e+03  "Final single point energy"
   &Converged [&Type "Boolean"] true
$End
$SCF_Nuc_Gradient
   &GeometryIndex 14
   &NAtoms [&Type "Integer"] 36
   &gradNorm [&Type "Double"]       7.3530940061288918e-03
   &grad [&Type "ArrayOfDoubles", &Dim (108,1)] 
                                                         0

0                                      1.6434847448609435e-03
1                                      1.7645640145645992e-03
2                                      6.8878608342826727e-04
3                                     -9.9183935863818035e-04
4                                      3.3491270760690990e-05
5                                     -1.5210972907147007e-03
6                                     -1.0303057954913352e-03
7                                     -1.3411155878270047e-03
8                                      2.2307053884995736e-03
9                                      2.6712546636304080e-04
10                                    -7.8252876043309019e-04
11                                    -8.7202138389903664e-04
12                                     5.2228628643730406e-04
13                                     3.5769965547755055e-04
14                                    -2.6413380735816876e-04
15                                    -1.6876680728592484e-03
16                                     9.5188641637616704e-04
17                                     6.8387540830593791e-04
18                                     9.5759858879895798e-04
19                                    -1.6574477148139151e-03
20                                    -7.3501101800699698e-04
21                                    -9.4489838670585907e-04
22                                    -1.6373824850481182e-03
23                                     1.2577605962255543e-03
24                                    -7.9809875780289228e-04
25                                     1.5524789315962059e-03
26                                    -5.3253789778454476e-04
27                                    -9.3453820533129169e-05
28                                     5.9056312407879499e-05
29                                    -6.5437903139022903e-04
30                                    -3.5869760866563189e-04
31                                     4.5858689747133160e-04
32                                     3.4119445906861598e-04
33                                     6.7099438381253368e-04
34                                     1.5511310460223314e-04
35                                     3.8138430533440584e-05
36                                    -3.0317745369912765e-05
37                                    -7.3643560386200209e-04
38                                     1.3512554058117802e-03
39                                     5.2063160722157339e-04
40                                     6.7485743102955065e-04
41                                    -1.2737624689170546e-03
42                                    -2.5130858239473227e-04
43                                     6.0145600988716389e-04
44                                     3.0058028629066571e-04
45                                    -3.3154915140463053e-04
46                                     7.8264443697953332e-05
47                                     6.0153087767641087e-05
48                                     2.8972507546352975e-04
49                                     6.8026292020695594e-04
50                                     5.0201515486909972e-04
51                                    -1.9025686553305758e-04
52                                    -7.8357606069095760e-04
53                                    -3.5747582616620067e-04
54                                     1.5774095141008973e-04
55                                    -6.7501034743210915e-05
56                                    -2.3705620007638482e-05
57                                     2.0222747901560314e-05
58                                     8.6981644425314169e-04
59                                     3.8559301406192637e-04
60                                     6.9760656946491330e-05
61                                    -2.9228342095176374e-04
62                                    -2.3943578405997973e-04
63                                     1.6340789026488760e-04
64                                     9.7977792569209159e-04
65                                     2.8913295152370553e-04
66                                     3.1708024107736772e-04
67                                    -1.9242270918814566e-03
68                                    -1.1755353914713937e-04
69                                     2.2440810376259270e-04
70                                     6.1672717385030044e-05
71                                    -6.0200894616381745e-04
72                                     7.8287206016609454e-04
73                                    -1.6171645602788796e-04
74                                    -2.9516394834529309e-05
75                                     4.1691317004690341e-04
76                                    -4.9779491998691735e-04
77                                    -1.0042840893005004e-04
78                                     1.2421843163730467e-04
79                                     4.2233589293490091e-04
80                                    -8.0174856198868662e-05
81                                     4.8512815137309267e-05
82                                    -1.9364225711714019e-04
83                                     7.8504199845353501e-06
84                                     1.9431151203808805e-04
85                                    -1.9859792023656198e-04
86                                     7.0010697818658057e-05
87                                    -1.4431928913085249e-04
88                                     2.4771599228384566e-04
89                                    -1.1398918263840402e-04
90                                    -1.3265218577491759e-04
91                                    -1.3099092854606208e-04
92                                    -7.7958177621377474e-05
93                                     1.6905676455829417e-04
94                                    -6.6576826464918577e-05
95                                    -6.9538033516672055e-04
96                                    -7.0777699416165883e-04
97                                     3.5867167203950203e-04
98                                    -9.0167985040877336e-05
99                                     2.7566720572594740e-04
100                                    3.4751717854712813e-04
101                                    2.4171049297327691e-04
102                                   -3.2713512872654303e-04
103                                    1.5077314298713701e-05
104                                   -8.7958406392067934e-05
105                                    1.8425904994697682e-04
106                                   -1.9848547444120462e-04
107                                    1.9934490500814948e-05
   &Method [&Type "String"] "SCF"
   &Level [&Type "String"] "Relaxed density"
   &Mult [&Type "Integer"] 1
   &State [&Type "Integer"] 0
   &Irrep [&Type "Integer"] 0
$End
$Geometry
   &GeometryIndex 15
   &NAtoms [&Type "Integer"] 36
   &NCorelessECP [&Type "Integer"] 0
   &NGhostAtoms [&Type "Integer"] 0
   &CartesianCoordinates [&Type "Coordinates", &Dim(36,4), &Units "Bohr"] 
              P     -7.189803599482   -2.853609624848    0.184247483583
              O     -9.246807079286   -1.968535055485   -1.518657259165
              O     -7.720660874446   -4.444408751226    2.444422821911
              O     -5.159328730143   -4.249353047607   -1.653805552875
              O     -5.602243935496   -0.451039512618    1.256442515032
              C     -4.852640956299    1.453214112785   -0.459059933378
              C     -2.970949043459    3.160955537719    0.835689226860
              O     -0.817766884289    1.736532835177    1.680988322889
              C     -1.955840897450    5.204457076776   -0.910324057223
              O     -1.374484812829    7.377841249499    0.512806425146
              C      0.467813016536    3.992377869051   -1.906341372181
              O      2.324927266657    5.740812237221   -2.627940485449
              C      1.370468903598    2.506223055264    0.392836457478
              N      2.894237613759    0.334521026995   -0.211026180530
              C      2.186341117910   -1.746725136092   -1.582592391388
              N      3.955818082012   -3.455849299022   -1.750309979210
              C      5.951541628078   -2.455365454024   -0.410255576864
              C      8.399395020856   -3.340187197449    0.118094443100
              N      9.265659432625   -5.560754850256   -0.709537256980
              N      9.917705431733   -1.869652712054    1.519740164217
              C      9.054868701582    0.347565667049    2.342325869734
              N      6.804570606875    1.385160551513    1.963126157294
              C      5.323033811035   -0.102177477215    0.571528807401
              H     -3.835258044278   -5.059520291325   -0.700130070371
              H     -4.000808925193    0.608093544801   -2.148872669732
              H     -6.484099682794    2.576185457837   -1.055759229181
              H     -3.841218058704    4.024043871577    2.499418003291
              H     -3.285284706486    5.644819425546   -2.434493848364
              H     -0.001324064522    8.217720281388   -0.352584144162
              H      0.014591889622    2.694247933423   -3.449684727236
              H      2.101846732072    6.141301502635   -4.388826410968
              H      2.558345590652    3.715420038409    1.578148321288
              H      0.319087907176   -1.894156069378   -2.395352660762
              H      8.170933217902   -6.699488995107   -1.762459914220
              H     11.031884649850   -6.110734096822   -0.275404162345
              H     10.376580366850    1.443839172854    3.469025512100
$End
$SCF_Energy
   &GeometryIndex 15
   &Method [&Type "String"] "SCF"
   &totalEnergy [&Type "ArrayOfDoubles", &Dim (1,1)] "Total energy of each state"
                                                         0

0                                     -1.5299761969084288e+03
   &Mult [&Type "ArrayOfIntegers", &Dim (1,1)] "Multiplicity of each state"
                                                         0

0                                                        1
$End
$DFT_Energy
   &GeometryIndex 15
   &nAlphaEl [&Type "Integer"] 90
   &nBetaEl [&Type "Integer"] 90
   &nTotalEl [&Type "Integer"] 179
   &finalEn [&Type "Double"]      -1.5299761969084288e+03  "No Van der Waals correction"
   &eExchange [&Type "Double"]      -1.2764228429978627e+02
   &eCorr [&Type "Double"]      -6.2537577331918968e+00
   &eXC [&Type "Double"]      -1.3389604203297816e+02
   &eCNL [&Type "Double"]       0.0000000000000000e+00
$End
$Solvation_Details
   &GeometryIndex 15
   &Solvent [&Type "String"] "WATER"
   &Epsilon [&Type "Double"]       8.0150999999999996e+01
   &Refrac [&Type "Double"]       1.3328000000000000e+00
   &RSolv [&Type "Double"]       1.3000000000000000e+00
   &SurfaceType [&Type "String"] "GAUSSIAN VDW"
   &CPCMDielEnergy [&Type "Double"]      -1.4946369000000001e-01
   &NPoints [&Type "Integer"] 3038
   &SurfaceArea [&Type "Double"]       1.2279804513639999e+03
$End
$SCF_Timings
   &GeometryIndex 15
   &TOTAL [&Type "Double"]       9.0866954000000007e+01
   &PREP [&Type "Double"]       8.9985300000000001e-01
   &FOCK [&Type "Double"]       8.2763439999999989e+01
   &DENS [&Type "Double"]       2.6200799999999447e-01
   &ETOT [&Type "Double"]       1.3674900000000711e-01
   &POP [&Type "Double"]       9.9999999747524271e-07
   &TRAFO [&Type "Double"]       6.1607299999999476e-01
   &DIIS [&Type "Double"]       2.0453499999999991e+00
   &SOSCF [&Type "Double"]       1.3741849999999936e+00
   &XC [&Type "Double"]       8.9332730000000016e+00
   &FOCKSTART [&Type "Double"]       4.2401999999994833e-02
   &SOLV [&Type "Double"]       9.0977980000000294e+00
   &SOLV_INIT [&Type "Double"]       2.5766199999999995e-01
   &INT_PREP [&Type "Double"]       4.9999999971461762e-06
   &INT_BF [&Type "Double"]       1.6806460000000474e+00
   &INT_DENS [&Type "Double"]       2.5811310000000098e+00
   &INT_DENSIO [&Type "Double"]       1.8035822288900023e+05
   &INT_FUNC [&Type "Double"]       9.7742999999782754e-02
   &INT_POT [&Type "Double"]       1.7131369999999251e+00
   &INT_POTIO [&Type "Double"]       2.0872999999821396e-02
   &INT_SUM [&Type "Double"]       1.3919999999991717e-03
   &SPLITRIJ [&Type "Double"]       6.9840149999999976e+00
   &COSX [&Type "Double"]       6.1265723999999985e+01
$End
$VdW_Correction
   &GeometryIndex 15
   &vdW [&Type "Double"]      -4.0330909137207605e-02
$End
$Single_Point_Data
   &GeometryIndex 15
   &FinalEnergy [&Type "Double"]      -1.5300165278175662e+03  "Final single point energy"
   &Converged [&Type "Boolean"] true
$End
$SCF_Nuc_Gradient
   &GeometryIndex 15
   &NAtoms [&Type "Integer"] 36
   &gradNorm [&Type "Double"]       5.1310500118393037e-03
   &grad [&Type "ArrayOfDoubles", &Dim (108,1)] 
                                                         0

0                                     -6.4232968906934561e-04
1                                      1.1455342095771219e-03
2                                     -5.1455693526169816e-04
3                                     -4.2171173545322085e-04
4                                      5.3424127603736871e-05
5                                     -5.4627688615168518e-04
6                                     -3.9708061514440721e-04
7                                     -9.5000041071524198e-04
8                                      1.6201269249681771e-03
9                                      6.4937762896211386e-04
10                                    -1.1728930213445966e-03
11                                    -1.1510244540289369e-03
12                                     8.7395731624891222e-04
13                                     1.2116363867276784e-03
14                                     8.1160712121139183e-04
15                                    -1.0593281878394851e-03
16                                     4.3561533857007945e-04
17                                     6.0517091773983208e-04
18                                    -2.0402782562883881e-04
19                                    -1.1849245448848113e-03
20                                    -8.8044883129576479e-05
21                                    -3.9377958736821556e-04
22                                    -1.1040460734167029e-04
23                                     8.4481651090084493e-04
24                                    -3.3743931024185329e-04
25                                     7.0099063439666950e-04
26                                    -1.0524178254780645e-03
27                                     1.3995408997479297e-04
28                                    -2.5008093334586280e-04
29                                    -5.4502475545257839e-04
30                                    -5.0903136571116195e-05
31                                     1.0314703926807298e-03
32                                     3.1955124397820738e-04
33                                     1.1553185893836180e-04
34                                    -2.8280792051294554e-06
35                                     6.9427754989626072e-05
36                                     9.7191038981176792e-05
37                                    -6.8802388108643922e-04
38                                     4.0716649761201701e-04
39                                     1.4564770855324675e-03
40                                     5.7277863468692142e-04
41                                    -2.5225623857676291e-04
42                                    -6.6466171918543905e-06
43                                    -4.7380140524792499e-04
44                                    -1.9240190109414540e-04
45                                    -3.2680722462528195e-04
46                                     7.8701670854827233e-05
47                                    -1.5649147995703191e-04
48                                     3.5953634427725377e-04
49                                    -3.9080664378511148e-04
50                                     2.1838789615917498e-04
51                                     1.9604239715382475e-04
52                                    -4.7093921889189194e-04
53                                    -2.3880190863746715e-04
54                                    -1.0268102641867109e-04
55                                     6.3414653423078660e-04
56                                     2.7934427921610130e-04
57                                    -6.5047996594476735e-04
58                                     1.8682427293267430e-04
59                                    -1.4233356855775829e-04
60                                     2.7282479440857762e-04
61                                     1.3966340116355839e-04
62                                     1.1465514434945775e-04
63                                    -2.2363089068279905e-04
64                                    -3.1062582186532355e-04
65                                    -4.0081271438842728e-04
66                                    -2.7405938666688742e-04
67                                     3.3908671330990870e-04
68                                     3.4727548143893242e-04
69                                     2.5275924571152282e-04
70                                    -1.5186620597861211e-04
71                                    -3.1214290673949941e-04
72                                    -3.7179901776348911e-05
73                                     1.5168130406607887e-04
74                                    -1.7633155457463050e-04
75                                     2.3572820041932371e-04
76                                    -2.8672844248717416e-04
77                                    -2.6092643040384221e-04
78                                     2.5102200419341319e-04
79                                     3.1293777758107001e-04
80                                     1.5220851957200920e-05
81                                     4.3860767296608090e-05
82                                    -3.6502731059382678e-05
83                                     1.3522088943503866e-04
84                                    -3.7495562702060402e-05
85                                     1.4113002983069797e-05
86                                     2.0662126002862438e-04
87                                    -1.2836660278146389e-04
88                                     1.0226520389182287e-05
89                                     3.7205713005461781e-05
90                                    -9.0531847321519065e-05
91                                    -1.3521958027507753e-04
92                                     4.0339471735556672e-05
93                                    -1.0832028875453478e-04
94                                    -2.5006312973455802e-04
95                                    -5.3534206516208586e-05
96                                     3.4375787158387331e-04
97                                     9.3303299314144065e-05
98                                     6.9368530033045846e-05
99                                     4.9237160517403348e-05
100                                   -4.3668332905956995e-05
101                                   -2.9508855543901101e-05
102                                    9.4909478934433489e-05
103                                   -1.2982152322049803e-04
104                                   -5.8201917482780004e-06
105                                    6.0632151567358055e-05
106                                   -7.2935709564875314e-05
107                                   -2.2798776436643665e-05
   &Method [&Type "String"] "SCF"
   &Level [&Type "String"] "Relaxed density"
   &Mult [&Type "Integer"] 1
   &State [&Type "Integer"] 0
   &Irrep [&Type "Integer"] 0
$End
$Geometry
   &GeometryIndex 16
   &NAtoms [&Type "Integer"] 36
   &NCorelessECP [&Type "Integer"] 0
   &NGhostAtoms [&Type "Integer"] 0
   &CartesianCoordinates [&Type "Coordinates", &Dim(36,4), &Units "Bohr"] 
              P     -7.016759021277   -2.918726708777    0.127609640214
              O     -9.021238548566   -2.121614750691   -1.677090160972
              O     -7.595826756017   -4.501589442947    2.375683404516
              O     -4.852471372376   -4.257376229587   -1.589601113260
              O     -5.560022534702   -0.456233181406    1.239234978381
              C     -4.813654522287    1.462559884761   -0.462887197445
              C     -2.979632898581    3.204258904634    0.859621248769
              O     -0.807769561716    1.824831381024    1.724005498005
              C     -1.973332226257    5.253309218046   -0.874374849475
              O     -1.349606185027    7.410160077631    0.557997955283
              C      0.423841363812    4.024815442638   -1.916791728954
              O      2.271565078680    5.769397872627   -2.673184431552
              C      1.358079707199    2.555944505468    0.379402067464
              N      2.849033476033    0.358854161420   -0.218245670931
              C      2.110029994399   -1.728968358666   -1.564048177021
              N      3.859106922970   -3.459893248958   -1.724739714025
              C      5.872530631045   -2.469047375693   -0.405616473056
              C      8.311266936165   -3.379909483955    0.121908888446
              N      9.143390998812   -5.621162034227   -0.687491641860
              N      9.855035756621   -1.916737286938    1.503549714731
              C      9.021385304901    0.319024228834    2.308328416988
              N      6.782963496076    1.381669670890    1.927848292334
              C      5.277497519725   -0.099033562240    0.554834283239
              H     -3.553336482895   -5.011970837215   -0.558872661802
              H     -3.927230465201    0.632621745062   -2.141118131261
              H     -6.457254641258    2.559304533133   -1.080010619513
              H     -3.886846529230    4.044928390538    2.514474503375
              H     -3.321939860162    5.720566643080   -2.374237556722
              H      0.051305387961    8.214061629418   -0.298921088968
              H     -0.057697971067    2.723603782499   -3.448405853028
              H      2.029830069753    6.157688450412   -4.434436925819
              H      2.578753085694    3.769879947918    1.527661708670
              H      0.238310064672   -1.866199446635   -2.366941800938
              H      8.027465367224   -6.755726911353   -1.723172949193
              H     10.904471701339   -6.189796353204   -0.256585141032
              H     10.359887405763    1.410279619453    3.420035935151
$End
$SCF_Energy
   &GeometryIndex 16
   &Method [&Type "String"] "SCF"
   &totalEnergy [&Type "ArrayOfDoubles", &Dim (1,1)] "Total energy of each state"
                                                         0

0                                     -1.5299761058248130e+03
   &Mult [&Type "ArrayOfIntegers", &Dim (1,1)] "Multiplicity of each state"
                                                         0

0                                                        1
$End
$DFT_Energy
   &GeometryIndex 16
   &nAlphaEl [&Type "Integer"] 89
   &nBetaEl [&Type "Integer"] 89
   &nTotalEl [&Type "Integer"] 179
   &finalEn [&Type "Double"]      -1.5299761058248130e+03  "No Van der Waals correction"
   &eExchange [&Type "Double"]      -1.2764542933160102e+02
   &eCorr [&Type "Double"]      -6.2544971178810096e+00
   &eXC [&Type "Double"]      -1.3389992644948202e+02
   &eCNL [&Type "Double"]       0.0000000000000000e+00
$End
$Solvation_Details
   &GeometryIndex 16
   &Solvent [&Type "String"] "WATER"
   &Epsilon [&Type "Double"]       8.0150999999999996e+01
   &Refrac [&Type "Double"]       1.3328000000000000e+00
   &RSolv [&Type "Double"]       1.3000000000000000e+00
   &SurfaceType [&Type "String"] "GAUSSIAN VDW"
   &CPCMDielEnergy [&Type "Double"]      -1.4858259200000001e-01
   &NPoints [&Type "Integer"] 3038
   &SurfaceArea [&Type "Double"]       1.2181739250290000e+03
$End
$SCF_Timings
   &GeometryIndex 16
   &TOTAL [&Type "Double"]       9.1499123999999995e+01
   &PREP [&Type "Double"]       8.8497800000000004e-01
   &FOCK [&Type "Double"]       8.1794843000000014e+01
   &DENS [&Type "Double"]       2.9691699999999344e-01
   &ETOT [&Type "Double"]       1.4355399999999285e-01
   &POP [&Type "Double"]       9.9999999747524271e-07
   &TRAFO [&Type "Double"]       8.2952800000000515e-01
   &DIIS [&Type "Double"]       2.8067299999999999e+00
   &SOSCF [&Type "Double"]       1.8904070000000139e+00
   &XC [&Type "Double"]       7.8193070000000020e+00
   &FOCKSTART [&Type "Double"]       4.3589000000014311e-02
   &SOLV [&Type "Double"]       9.2433939999999968e+00
   &SOLV_INIT [&Type "Double"]       2.3541800000000002e-01
   &INT_PREP [&Type "Double"]       9.9999999747524271e-07
   &INT_BF [&Type "Double"]       2.0182589999999054e+00
   &INT_DENS [&Type "Double"]       3.1094510000000177e+00
   &INT_DENSIO [&Type "Double"]       1.8056471854400038e+05
   &INT_FUNC [&Type "Double"]       1.1887700000015045e-01
   &INT_POT [&Type "Double"]       2.0737470000000915e+00
   &INT_POTIO [&Type "Double"]       2.3409999999968178e-02
   &INT_SUM [&Type "Double"]       1.4190000000109393e-03
   &SPLITRIJ [&Type "Double"]       6.9748800000000060e+00
   &COSX [&Type "Double"]       6.1316869000000004e+01
$End
$VdW_Correction
   &GeometryIndex 16
   &vdW [&Type "Double"]      -4.0556113714180823e-02
$End
$Single_Point_Data
   &GeometryIndex 16
   &FinalEnergy [&Type "Double"]      -1.5300166619385272e+03  "Final single point energy"
   &Converged [&Type "Boolean"] true
$End
$SCF_Nuc_Gradient
   &GeometryIndex 16
   &NAtoms [&Type "Integer"] 36
   &gradNorm [&Type "Double"]       2.8078557860877567e-03
   &grad [&Type "ArrayOfDoubles", &Dim (108,1)] 
                                                         0

0                                     -7.7467196603905105e-04
1                                     -8.7385965275331662e-05
2                                      8.1686192725244193e-04
3                                     -1.7023820417499499e-04
4                                     -8.2456835086617652e-05
5                                     -1.9414224487942963e-04
6                                      3.3351855074840715e-04
7                                      6.3411775797233595e-04
8                                     -6.9316082201294584e-04
9                                      1.5270953883142851e-04
10                                    -2.4898905589190512e-04
11                                    -3.6966925152933007e-05
12                                     1.3795449207643792e-04
13                                    -4.1139569795263904e-04
14                                     2.8189611666454419e-04
15                                     1.2692220878645803e-04
16                                    -1.5295107196520394e-04
17                                     1.5921690216469641e-04
18                                    -8.9465122304943298e-05
19                                    -1.0348933266608848e-04
20                                    -1.0618317095128363e-04
21                                     1.0006761691113490e-04
22                                     5.6963761005687113e-04
23                                    -6.0612035176383229e-04
24                                     7.5559093086744941e-04
25                                    -1.9463860215881648e-04
26                                     6.3761957011330809e-04
27                                    -4.5548138050934445e-04
28                                     3.7134708704911039e-04
29                                    -3.9605693564030288e-05
30                                    -2.5646163862149015e-04
31                                    -2.3465665777362482e-04
32                                    -1.3104734141921082e-04
33                                    -2.2295424443627827e-04
34                                     2.1881825318609450e-04
35                                     1.7536802709065610e-04
36                                    -4.8944900343771223e-04
37                                     1.2190301421516592e-04
38                                    -1.9785006967941947e-04
39                                     6.5793666576128239e-04
40                                     3.9897703454391256e-04
41                                     2.0123231616404972e-04
42                                    -3.8134213574082462e-06
43                                    -5.3868182996041740e-04
44                                    -5.4556721446078426e-05
45                                    -6.6503861178020439e-05
46                                    -3.8226878032017051e-05
47                                    -2.0692844951910024e-04
48                                    -1.2061906005625660e-04
49                                    -2.8566483609741714e-04
50                                     1.0897471215263728e-04
51                                     9.9817313884149802e-05
52                                    -7.4629852883879508e-06
53                                    -1.0005022094278186e-04
54                                     5.2079745887769572e-05
55                                     2.7824797750227283e-04
56                                     1.8510864151117634e-04
57                                    -1.8879203911180734e-04
58                                    -8.3227474658012881e-05
59                                    -9.3801090651614367e-05
60                                     8.8159599118014294e-05
61                                     7.4475171113620704e-05
62                                     1.2559773896565307e-04
63                                    -3.1500887084636201e-04
64                                    -2.0136550507003883e-04
65                                    -2.9039694753433924e-04
66                                    -8.4091651393017669e-05
67                                     3.4831996005770536e-04
68                                     1.6776068997351596e-04
69                                     2.1099298769545051e-04
70                                    -8.2373636587278936e-05
71                                    -1.5740605146863788e-04
72                                    -1.8538696991251245e-05
73                                     1.1574309603000661e-04
74                                    -3.4351763967783522e-06
75                                    -1.6979273007098998e-04
76                                     2.4036260142516698e-05
77                                    -2.0664093508483466e-04
78                                     5.7234893033265434e-05
79                                     2.2978160245270472e-04
80                                    -7.6961985347169130e-05
81                                    -1.6423156598950297e-04
82                                    -1.1135225957826454e-04
83                                     1.5783620632917554e-04
84                                     2.8010399415711608e-04
85                                    -1.9109009919503675e-04
86                                     1.0401022608364387e-04
87                                     7.8981207625105132e-05
88                                    -6.5812191490841439e-05
89                                    -8.8730920242194485e-05
90                                     6.8709237642022037e-05
91                                    -1.5923658089106902e-04
92                                    -8.8045918115540843e-05
93                                    -2.6342999774957266e-05
94                                     8.5094848895332130e-05
95                                     2.6830431869623338e-04
96                                     4.0731161504566722e-04
97                                     2.8993728950125195e-05
98                                     1.1298410409335704e-04
99                                    -9.2809096635568429e-05
100                                   -1.6112708489937370e-04
101                                   -1.0936080862652178e-04
102                                    9.7773481238639217e-05
103                                   -6.3538091249885551e-05
104                                    1.0053152327376400e-06
105                                    3.4015118594152489e-06
106                                    5.6292735847039872e-06
107                                   -2.2384950596786285e-05
   &Method [&Type "String"] "SCF"
   &Level [&Type "String"] "Relaxed density"
   &Mult [&Type "Integer"] 1
   &State [&Type "Integer"] 0
   &Irrep [&Type "Integer"] 0
$End
$Geometry
   &GeometryIndex 17
   &NAtoms [&Type "Integer"] 36
   &NCorelessECP [&Type "Integer"] 0
   &NGhostAtoms [&Type "Integer"] 0
   &CartesianCoordinates [&Type "Coordinates", &Dim(36,4), &Units "Bohr"] 
              P     -6.942185918187   -2.945123287749    0.099397544394
              O     -8.919528962278   -2.197369192191   -1.754946351631
              O     -7.541760740799   -4.525883140250    2.344423296946
              O     -4.713888618062   -4.250661136724   -1.559645460122
              O     -5.558409401854   -0.447371725581    1.226181367022
              C     -4.809451155015    1.471698042994   -0.474051099812
              C     -2.991561703934    3.222144027157    0.858418011259
              O     -0.822519019360    1.852166291244    1.745214397301
              C     -1.977008921226    5.268039040459   -0.875090656067
              O     -1.359030420728    7.425086909181    0.559080727613
              C      0.424838563736    4.035711891907   -1.903339382772
              O      2.280566787547    5.774478567084   -2.653532376704
              C      1.347128070856    2.566137972095    0.397989250213
              N      2.822201043014    0.357562835576   -0.195992307037
              C      2.062909822972   -1.734583176183   -1.522663223587
              N      3.805390984300   -3.471919007351   -1.689728955739
              C      5.835788439157   -2.479248310336   -0.398355459164
              C      8.276310185641   -3.395334645764    0.111484940517
              N      9.092792041868   -5.644367947362   -0.692975492928
              N      9.838650758538   -1.929608363415    1.469547095359
              C      9.019990613349    0.313331234490    2.269649730496
              N      6.781369796423    1.380891886572    1.905057563073
              C      5.257444131892   -0.102307929338    0.554573936402
              H     -3.423329149693   -4.970656812442   -0.494189220195
              H     -3.910177718003    0.642756839708   -2.145715842554
              H     -6.453186521550    2.561382653735   -1.102365594774
              H     -3.914458643721    4.062599961836    2.504532271231
              H     -3.317453461557    5.734771440341   -2.382610041138
              H      0.029517570905    8.243063237365   -0.303924491196
              H     -0.051451761472    2.732763114506   -3.435083379317
              H      2.031645778968    6.181953229050   -4.409459090759
              H      2.576892205353    3.773019155521    1.543286701601
              H      0.181871752057   -1.870345021181   -2.305924391145
              H      7.963280915240   -6.780670569865   -1.711289476281
              H     10.855825255169   -6.216607678902   -0.275630234375
              H     10.372118092679    1.406274490803    3.363098342611
$End
$SCF_Energy
   &GeometryIndex 17
   &Method [&Type "String"] "SCF"
   &totalEnergy [&Type "ArrayOfDoubles", &Dim (1,1)] "Total energy of each state"
                                                         0

0                                     -1.5299760193878401e+03
   &Mult [&Type "ArrayOfIntegers", &Dim (1,1)] "Multiplicity of each state"
                                                         0

0                                                        1
$End
$DFT_Energy
   &GeometryIndex 17
   &nAlphaEl [&Type "Integer"] 89
   &nBetaEl [&Type "Integer"] 89
   &nTotalEl [&Type "Integer"] 179
   &finalEn [&Type "Double"]      -1.5299760193878401e+03  "No Van der Waals correction"
   &eExchange [&Type "Double"]      -1.2764552539903380e+02
   &eCorr [&Type "Double"]      -6.2546087402215189e+00
   &eXC [&Type "Double"]      -1.3390013413925533e+02
   &eCNL [&Type "Double"]       0.0000000000000000e+00
$End
$Solvation_Details
   &GeometryIndex 17
   &Solvent [&Type "String"] "WATER"
   &Epsilon [&Type "Double"]       8.0150999999999996e+01
   &Refrac [&Type "Double"]       1.3328000000000000e+00
   &RSolv [&Type "Double"]       1.3000000000000000e+00
   &SurfaceType [&Type "String"] "GAUSSIAN VDW"
   &CPCMDielEnergy [&Type "Double"]      -1.4834172700000001e-01
   &NPoints [&Type "Integer"] 3038
   &SurfaceArea [&Type "Double"]       1.2118440601100001e+03
$End
$SCF_Timings
   &GeometryIndex 17
   &TOTAL [&Type "Double"]       8.1790674000000010e+01
   &PREP [&Type "Double"]       8.6915900000000001e-01
   &FOCK [&Type "Double"]       7.3540084999999976e+01
   &DENS [&Type "Double"]       2.2868199999999916e-01
   &ETOT [&Type "Double"]       1.1969800000001207e-01
   &POP [&Type "Double"]       9.9999999747524271e-07
   &TRAFO [&Type "Double"]       7.0326999999998918e-01
   &DIIS [&Type "Double"]       2.5029689999999949e+00
   &SOSCF [&Type "Double"]       8.1653800000001198e-01
   &XC [&Type "Double"]       7.3385059999999918e+00
   &FOCKSTART [&Type "Double"]       4.1246999999991596e-02
   &SOLV [&Type "Double"]       8.0953009999999956e+00
   &SOLV_INIT [&Type "Double"]       2.6948300000000003e-01
   &INT_PREP [&Type "Double"]       2.9999999924257281e-06
   &INT_BF [&Type "Double"]       1.4941270000001339e+00
   &INT_DENS [&Type "Double"]       2.2720859999998879e+00
   &INT_DENSIO [&Type "Double"]       1.3673344218500025e+05
   &INT_FUNC [&Type "Double"]       8.9134000000033353e-02
   &INT_POT [&Type "Double"]       1.6714999999998561e+00
   &INT_POTIO [&Type "Double"]       1.8297000000197627e-02
   &INT_SUM [&Type "Double"]       6.6099999999735815e-04
   &SPLITRIJ [&Type "Double"]       5.8777109999999979e+00
   &COSX [&Type "Double"]       5.5973354999999991e+01
$End
$VdW_Correction
   &GeometryIndex 17
   &vdW [&Type "Double"]      -4.0673981949795282e-02
$End
$Single_Point_Data
   &GeometryIndex 17
   &FinalEnergy [&Type "Double"]      -1.5300166933697899e+03  "Final single point energy"
   &Converged [&Type "Boolean"] true
$End
$SCF_Nuc_Gradient
   &GeometryIndex 17
   &NAtoms [&Type "Integer"] 36
   &gradNorm [&Type "Double"]       1.8247702846724998e-03
   &grad [&Type "ArrayOfDoubles", &Dim (108,1)] 
                                                         0

0                                     -7.3160659631682349e-04
1                                     -7.9620049581286749e-05
2                                      3.6109421767938652e-04
3                                      1.1287296618305346e-04
4                                     -1.4393356553236671e-04
5                                     -5.6399629661168149e-05
6                                      2.0019334404000014e-04
7                                      3.7220032432634307e-04
8                                     -3.6564120686205363e-04
9                                      8.6475890305080474e-05
10                                    -1.3038872967287984e-04
11                                     6.4098134852136492e-05
12                                     2.7803193586111114e-04
13                                    -1.9273835046429351e-04
14                                     1.9223406729924352e-04
15                                     1.9522273167064290e-04
16                                    -8.0707705210917086e-05
17                                     7.2547893910009811e-05
18                                    -2.0952453472349061e-04
19                                    -1.4928969629926742e-04
20                                     2.8782763249351182e-05
21                                     1.7944218770921618e-04
22                                     2.9625811831645438e-04
23                                    -4.0276163406926461e-04
24                                     4.8647265887746864e-04
25                                    -1.6620835437458951e-04
26                                     3.0499274038753738e-04
27                                    -2.8131227265297982e-04
28                                     2.1465737738379721e-04
29                                    -7.2574593628327443e-05
30                                    -1.0585136484602123e-04
31                                    -1.8996677554256774e-04
32                                    -1.4702933941285743e-04
33                                    -8.2604621898683074e-05
34                                     1.5892255036940384e-04
35                                     3.9514239459832918e-05
36                                    -4.1699649375968948e-04
37                                     2.4589853563459762e-05
38                                    -1.3986727770045891e-04
39                                     2.9475384018007463e-04
40                                     2.4448997689847192e-04
41                                     1.2814349136795698e-04
42                                    -9.1896269031086202e-05
43                                    -3.8277617164920449e-04
44                                    -4.6750091981363415e-05
45                                    -6.3474778172570729e-05
46                                     7.1181530697837639e-05
47                                     2.5520501549806298e-05
48                                     3.6663932246037674e-05
49                                    -1.9361193096736667e-04
50                                     1.8337581881511288e-05
51                                    -7.3693756697300550e-06
52                                     1.0344816916635265e-04
53                                    -2.1701759370273098e-05
54                                     2.6089969767861229e-05
55                                     7.3114582740911344e-05
56                                     5.7353217901756227e-05
57                                    -1.2282195359454993e-04
58                                    -1.0487815073908985e-05
59                                    -2.7615583667083709e-05
60                                     1.5650912752641444e-04
61                                     7.0423764103148470e-05
62                                     8.0663551031070514e-05
63                                    -1.5525674657068011e-04
64                                    -2.2849613924204971e-04
65                                    -1.7581955390203296e-04
66                                    -9.6729635882541204e-05
67                                     3.2895561585647337e-04
68                                     1.0323008128319117e-04
69                                     1.6007534895696903e-04
70                                     6.5657903653033883e-05
71                                    -2.2714385929614749e-04
72                                    -7.6536896148727640e-06
73                                     3.1037563916513462e-05
74                                     3.8150248617768387e-05
75                                    -7.4856265497115710e-05
76                                     1.3879976857987221e-05
77                                    -1.4154800609588478e-04
78                                     3.3055319527123213e-05
79                                     1.1819759680836307e-04
80                                    -2.2344465735861784e-05
81                                    -1.5355020384009844e-04
82                                    -2.4859898634655607e-05
83                                     9.7497330149269256e-05
84                                     1.6817237570492698e-04
85                                    -8.8576594492095621e-05
86                                     6.5003723111296686e-05
87                                     9.0873997186995218e-05
88                                    -4.6043827763125574e-05
89                                    -1.7197478256129189e-08
90                                     5.4554377951187416e-05
91                                    -3.8690132451453231e-05
92                                    -6.2744711698967332e-06
93                                    -2.3243160981596401e-05
94                                    -1.4212069699009251e-05
95                                     1.8725606197886910e-04
96                                     4.4910309243497565e-05
97                                     7.7554817214167644e-05
98                                     2.3227536909655258e-05
99                                     3.0141314349204715e-06
100                                   -7.7038824810301876e-05
101                                   -3.0721856261024236e-05
102                                    3.1771171046982084e-05
103                                   -3.5968980734901593e-05
104                                   -9.9585750900607457e-06
105                                   -1.4407635489227389e-05
106                                    9.0458965273445288e-06
107                                    6.5217304341511529e-06
   &Method [&Type "String"] "SCF"
   &Level [&Type "String"] "Relaxed density"
   &Mult [&Type "Integer"] 1
   &State [&Type "Integer"] 0
   &Irrep [&Type "Integer"] 0
$End
$Geometry
   &GeometryIndex 18
   &NAtoms [&Type "Integer"] 36
   &NCorelessECP [&Type "Integer"] 0
   &NGhostAtoms [&Type "Integer"] 0
   &CartesianCoordinates [&Type "Coordinates", &Dim(36,4), &Units "Bohr"] 
              P     -6.945538935500   -2.939157754160    0.093443085043
              O     -8.884817448143   -2.206439398707   -1.805770809130
              O     -7.589724002301   -4.501527866662    2.339884981209
              O     -4.683408705665   -4.258204447145   -1.507197946388
              O     -5.585786932032   -0.429314823750    1.224586092724
              C     -4.817221694079    1.479328452210   -0.478521999084
              C     -2.994552389541    3.222836117498    0.856199335360
              O     -0.830404018092    1.845156605377    1.745750472511
              C     -1.972730559686    5.266804624959   -0.876324409531
              O     -1.352292406547    7.419926986983    0.562816685436
              C      0.428344723331    4.028895219995   -1.899470266241
              O      2.289997679740    5.760004406576   -2.651531277659
              C      1.343922646027    2.557809424629    0.403708166977
              N      2.817684519105    0.349157052142   -0.190154833940
              C      2.063814566718   -1.737176750836   -1.527832839113
              N      3.811214584354   -3.469175136798   -1.702474347120
              C      5.839361085107   -2.477498705755   -0.406861722098
              C      8.281463372363   -3.390766353491    0.100623614539
              N      9.103240650463   -5.634128992965   -0.714748667258
              N      9.840281588704   -1.928218141579    1.466455105530
              C      9.015672768344    0.308716573595    2.277154829007
              N      6.774769529834    1.372769055647    1.916897592315
              C      5.254654830929   -0.107363828787    0.557883699571
              H     -3.426678796441   -4.982584193827   -0.404880271368
              H     -3.917910891011    0.640157155890   -2.145120116809
              H     -6.451368372574    2.578407911633   -1.114470697528
              H     -3.916816071750    4.063463105479    2.502465330538
              H     -3.307727822052    5.738829940474   -2.387061501502
              H      0.015008564758    8.257286271661   -0.314507194082
              H     -0.050948991286    2.724190336269   -3.428927243340
              H      2.035440904560    6.175530904394   -4.404782275362
              H      2.573227985125    3.762204362664    1.551571681331
              H      0.182413064513   -1.873940174037   -2.311923010447
              H      7.977114692821   -6.767503720976   -1.739500570219
              H     10.867185891969   -6.204307831966   -0.299041862247
              H     10.364245080163    1.399608490356    3.377085837115
$End
$SCF_Energy
   &GeometryIndex 18
   &Method [&Type "String"] "SCF"
   &totalEnergy [&Type "ArrayOfDoubles", &Dim (1,1)] "Total energy of each state"
                                                         0

0                                     -1.5299760389227970e+03
   &Mult [&Type "ArrayOfIntegers", &Dim (1,1)] "Multiplicity of each state"
                                                         0

0                                                        1
$End
$DFT_Energy
   &GeometryIndex 18
   &nAlphaEl [&Type "Integer"] 89
   &nBetaEl [&Type "Integer"] 89
   &nTotalEl [&Type "Integer"] 179
   &finalEn [&Type "Double"]      -1.5299760389227970e+03  "No Van der Waals correction"
   &eExchange [&Type "Double"]      -1.2764519852615607e+02
   &eCorr [&Type "Double"]      -6.2545418648651037e+00
   &eXC [&Type "Double"]      -1.3389974039102117e+02
   &eCNL [&Type "Double"]       0.0000000000000000e+00
$End
$Solvation_Details
   &GeometryIndex 18
   &Solvent [&Type "String"] "WATER"
   &Epsilon [&Type "Double"]       8.0150999999999996e+01
   &Refrac [&Type "Double"]       1.3328000000000000e+00
   &RSolv [&Type "Double"]       1.3000000000000000e+00
   &SurfaceType [&Type "String"] "GAUSSIAN VDW"
   &CPCMDielEnergy [&Type "Double"]      -1.4817020000000000e-01
   &NPoints [&Type "Integer"] 3029
   &SurfaceArea [&Type "Double"]       1.2118566482300000e+03
$End
$SCF_Timings
   &GeometryIndex 18
   &TOTAL [&Type "Double"]       7.5546508000000003e+01
   &PREP [&Type "Double"]       1.0051960000000000e+00
   &FOCK [&Type "Double"]       6.7696302000000003e+01
   &DENS [&Type "Double"]       1.9073900000000776e-01
   &ETOT [&Type "Double"]       1.0973299999998432e-01
   &POP [&Type "Double"]       9.9999999747524271e-07
   &TRAFO [&Type "Double"]       5.5375799999999487e-01
   &DIIS [&Type "Double"]       1.9331079999999989e+00
   &SOSCF [&Type "Double"]       6.1487499999999784e-01
   &XC [&Type "Double"]       7.0728939999999945e+00
   &FOCKSTART [&Type "Double"]       3.8608000000000642e-02
   &SOLV [&Type "Double"]       6.7398020000000045e+00
   &SOLV_INIT [&Type "Double"]       2.9574100000000003e-01
   &INT_PREP [&Type "Double"]       1.0000000010279564e-06
   &INT_BF [&Type "Double"]       1.1701340000000418e+00
   &INT_DENS [&Type "Double"]       1.7493660000000446e+00
   &INT_DENSIO [&Type "Double"]       1.0876512382100013e+05
   &INT_FUNC [&Type "Double"]       6.9775999999809102e-02
   &INT_POT [&Type "Double"]       1.3251789999998476e+00
   &INT_POTIO [&Type "Double"]       1.4215000000156408e-02
   &INT_SUM [&Type "Double"]       1.5760000000000218e-03
   &SPLITRIJ [&Type "Double"]       5.2556719999999988e+00
   &COSX [&Type "Double"]       5.3007090000000012e+01
$End
$VdW_Correction
   &GeometryIndex 18
   &vdW [&Type "Double"]      -4.0674890063526231e-02
$End
$Single_Point_Data
   &GeometryIndex 18
   &FinalEnergy [&Type "Double"]      -1.5300167138128604e+03  "Final single point energy"
   &Converged [&Type "Boolean"] true
$End
$SCF_Nuc_Gradient
   &GeometryIndex 18
   &NAtoms [&Type "Integer"] 36
   &gradNorm [&Type "Double"]       1.2154145165783590e-03
   &grad [&Type "ArrayOfDoubles", &Dim (108,1)] 
                                                         0

0                                     -6.3646435855154511e-04
1                                     -1.6891483756676902e-04
2                                     -1.8559620096204798e-04
3                                      3.5452219877447671e-04
4                                     -1.5978156043063826e-04
5                                      2.0019564568235298e-04
6                                      2.4913948887511070e-05
7                                      1.1396175752574530e-04
8                                     -1.0589420937521400e-04
9                                      2.7004884399281010e-05
10                                     1.7596507868293575e-05
11                                     3.9415105316255975e-05
12                                     3.2297450208858183e-04
13                                     1.0560634347208913e-04
14                                     1.1669290504262750e-04
15                                     1.4595489329411989e-04
16                                    -5.8884817146787072e-05
17                                    -3.1149604324537558e-06
18                                    -2.8944121265133229e-04
19                                    -7.5679483807131989e-06
20                                     1.6056101690403217e-04
21                                     7.7056155326894605e-05
22                                     3.0323707927720745e-05
23                                    -4.1891972647624669e-05
24                                     1.3743415953042430e-04
25                                    -1.3163502157697557e-04
26                                    -8.2591165691179807e-05
27                                    -6.9624919577277372e-05
28                                     6.7184035606214780e-05
29                                    -5.2452902541504456e-05
30                                     5.1559727070230803e-05
31                                    -3.4750059968151217e-05
32                                    -1.0723077033798274e-04
33                                    -1.6212513238661314e-05
34                                     9.6522270982041692e-05
35                                    -4.0991597296579507e-05
36                                    -1.2718042060673069e-04
37                                    -4.1707507448977016e-05
38                                    -5.1211607500781771e-05
39                                    -1.5759830274897563e-05
40                                    -9.2708694154997962e-06
41                                     6.5706103661139877e-06
42                                    -2.7058750974809625e-05
43                                    -1.6257501149837678e-04
44                                    -2.7501489428341259e-06
45                                    -7.0384875168390552e-06
46                                     1.6848866793708293e-04
47                                     1.6293412693160197e-04
48                                     1.4724898257196107e-04
49                                    -6.2714207570977940e-05
50                                    -5.7422360947353990e-05
51                                    -1.3037894038287029e-04
52                                     1.5734248890150558e-04
53                                     8.7484439212260804e-05
54                                     2.3625224687326814e-06
55                                    -1.2098238913436598e-04
56                                    -7.6626866997740089e-05
57                                    -2.4508513171585375e-07
58                                     7.6666533095436367e-05
59                                     2.9816820607786293e-05
60                                     1.6094008350061304e-04
61                                     4.3849591050341800e-06
62                                     4.5403832039770048e-05
63                                     2.1640651542747939e-05
64                                    -1.5042001267986043e-04
65                                    -4.1854247443304910e-05
66                                    -1.0507167884463603e-04
67                                     2.0255087986727790e-04
68                                    -1.1346616960131335e-05
69                                    -6.0706974402774475e-06
70                                     5.3407774249767515e-05
71                                    -1.0219106919594650e-04
72                                    -5.2344584977142368e-05
73                                    -3.5867031476369607e-05
74                                    -2.1034204390243461e-05
75                                     3.3677701911506019e-05
76                                     1.1630842285965484e-05
77                                    -4.2192656233445783e-05
78                                     5.0207493529067889e-05
79                                    -2.8237186748781635e-05
80                                     2.8536920397425876e-05
81                                    -9.7477653848373721e-05
82                                     5.7479542486150764e-05
83                                     1.2808009763104648e-05
84                                     3.9941785164907039e-05
85                                    -2.1799072311841627e-05
86                                     2.0624727246652118e-05
87                                     6.3922204834574164e-05
88                                    -4.6196508636232392e-05
89                                     6.9911547480493451e-05
90                                     3.7820063144815847e-05
91                                     3.6994622426019774e-05
92                                     1.1308294820667846e-05
93                                     1.0140985967437626e-05
94                                    -8.4125428439464595e-05
95                                     7.0962857055075011e-05
96                                    -1.6594278334643598e-04
97                                     9.0753773667048859e-05
98                                    -8.5706649205638909e-05
99                                     9.1794911550057600e-05
100                                    5.4428220970139784e-06
101                                    4.0712848576611945e-05
102                                   -2.4614096439572343e-05
103                                    2.8977023060525702e-06
104                                   -1.4933953746725735e-05
105                                   -3.0191782467665080e-05
106                                    2.6194258053988456e-05
107                                    2.3094470363926647e-05
   &Method [&Type "String"] "SCF"
   &Level [&Type "String"] "Relaxed density"
   &Mult [&Type "Integer"] 1
   &State [&Type "Integer"] 0
   &Irrep [&Type "Integer"] 0
$End
$Geometry
   &GeometryIndex 19
   &NAtoms [&Type "Integer"] 36
   &NCorelessECP [&Type "Integer"] 0
   &NGhostAtoms [&Type "Integer"] 0
   &CartesianCoordinates [&Type "Coordinates", &Dim(36,4), &Units "Bohr"] 
              P     -6.922669475011   -2.942839284019    0.085490168493
              O     -8.841288512560   -2.231126021672   -1.842507425895
              O     -7.585890726990   -4.500374682550    2.330156935923
              O     -4.629014508899   -4.253438057271   -1.476517580202
              O     -5.597228987031   -0.417392511704    1.223090168794
              C     -4.822842267482    1.489705703502   -0.479157267984
              C     -2.998216482730    3.229832308546    0.857868463984
              O     -0.835821082949    1.849640174671    1.749534074223
              C     -1.972086468719    5.272909260559   -0.872347478384
              O     -1.340718799169    7.420004917685    0.571293757841
              C      0.422112873627    4.026017913653   -1.899809330199
              O      2.287671743584    5.748155233620   -2.661264643401
              C      1.338989786559    2.556318780386    0.403784056156
              N      2.810016195962    0.345291360311   -0.189430359997
              C      2.058289860054   -1.737968411548   -1.532795860075
              N      3.806777729595   -3.468720977948   -1.711016147004
              C      5.833317268387   -2.479351922984   -0.411294028756
              C      8.275216266551   -3.393190688656    0.096402354057
              N      9.098054607254   -5.634418219679   -0.723134885492
              N      9.832303188670   -1.933481634693    1.467184006160
              C      9.005978777532    0.301299762556    2.282317402372
              N      6.765243591986    1.365726050995    1.922719441181
              C      5.246893501827   -0.111999454524    0.558808346817
              H     -3.391182064140   -4.974344001619   -0.350409577867
              H     -3.923299561240    0.649209766827   -2.144863318314
              H     -6.454309405051    2.592028626476   -1.116338322546
              H     -3.921545551886    4.069810833073    2.503809161817
              H     -3.306114179029    5.753315002880   -2.381031203584
              H      0.016322985321    8.264260388020   -0.314916339649
              H     -0.066854817664    2.719816938030   -3.425156559405
              H      2.026503654507    6.163615283684   -4.413581109697
              H      2.571318835565    3.760903619695    1.548011135883
              H      0.177249535009   -1.875014921735   -2.316882370092
              H      7.973038552266   -6.765451320648   -1.751672855528
              H     10.861593362491   -6.205195655403   -0.306645144316
              H     10.353321266029    1.390220718477    3.385724983427
$End
$SCF_Energy
   &GeometryIndex 19
   &Method [&Type "String"] "SCF"
   &totalEnergy [&Type "ArrayOfDoubles", &Dim (1,1)] "Total energy of each state"
                                                         0

0                                     -1.5299760154153373e+03
   &Mult [&Type "ArrayOfIntegers", &Dim (1,1)] "Multiplicity of each state"
                                                         0

0                                                        1
$End
$DFT_Energy
   &GeometryIndex 19
   &nAlphaEl [&Type "Integer"] 89
   &nBetaEl [&Type "Integer"] 89
   &nTotalEl [&Type "Integer"] 179
   &finalEn [&Type "Double"]      -1.5299760154153373e+03  "No Van der Waals correction"
   &eExchange [&Type "Double"]      -1.2764504837615145e+02
   &eCorr [&Type "Double"]      -6.2545532591165847e+00
   &eXC [&Type "Double"]      -1.3389960163526803e+02
   &eCNL [&Type "Double"]       0.0000000000000000e+00
$End
$Solvation_Details
   &GeometryIndex 19
   &Solvent [&Type "String"] "WATER"
   &Epsilon [&Type "Double"]       8.0150999999999996e+01
   &Refrac [&Type "Double"]       1.3328000000000000e+00
   &RSolv [&Type "Double"]       1.3000000000000000e+00
   &SurfaceType [&Type "String"] "GAUSSIAN VDW"
   &CPCMDielEnergy [&Type "Double"]      -1.4800356000000001e-01
   &NPoints [&Type "Integer"] 3026
   &SurfaceArea [&Type "Double"]       1.2105793341530000e+03
$End
$SCF_Timings
   &GeometryIndex 19
   &TOTAL [&Type "Double"]       7.3108828000000003e+01
   &PREP [&Type "Double"]       8.6632500000000001e-01
   &FOCK [&Type "Double"]       6.5749155000000002e+01
   &DENS [&Type "Double"]       1.8271499999998042e-01
   &ETOT [&Type "Double"]       1.0853099999999394e-01
   &POP [&Type "Double"]       1.0000000116860974e-06
   &TRAFO [&Type "Double"]       7.3654599999998993e-01
   &DIIS [&Type "Double"]       1.7126669999999997e+00
   &SOSCF [&Type "Double"]       6.8284499999999682e-01
   &XC [&Type "Double"]       6.9729800000000033e+00
   &FOCKSTART [&Type "Double"]       3.4642999999999646e-02
   &SOLV [&Type "Double"]       6.4910499999999907e+00
   &SOLV_INIT [&Type "Double"]       2.6658199999999999e-01
   &INT_PREP [&Type "Double"]       4.0000000041118255e-06
   &INT_BF [&Type "Double"]       1.2281489999999433e+00
   &INT_DENS [&Type "Double"]       1.8596490000000347e+00
   &INT_DENSIO [&Type "Double"]       1.1310747654800017e+05
   &INT_FUNC [&Type "Double"]       7.2437000000055818e-02
   &INT_POT [&Type "Double"]       1.1601010000000525e+00
   &INT_POTIO [&Type "Double"]       1.5312999999954613e-02
   &INT_SUM [&Type "Double"]       1.4259999999914896e-03
   &SPLITRIJ [&Type "Double"]       5.0940370000000090e+00
   &COSX [&Type "Double"]       5.1054425999999999e+01
$End
$VdW_Correction
   &GeometryIndex 19
   &vdW [&Type "Double"]      -4.0701239649338403e-02
$End
$Single_Point_Data
   &GeometryIndex 19
   &FinalEnergy [&Type "Double"]      -1.5300167166549866e+03  "Final single point energy"
   &Converged [&Type "Boolean"] true
$End
$SCF_Nuc_Gradient
   &GeometryIndex 19
   &NAtoms [&Type "Integer"] 36
   &gradNorm [&Type "Double"]       1.0401084382865261e-03
   &grad [&Type "ArrayOfDoubles", &Dim (108,1)] 
                                                         0

0                                     -4.2709215171901637e-04
1                                     -2.4775215220178726e-04
2                                     -4.4898458611605541e-04
3                                      3.1517018666903085e-04
4                                     -6.9868777193959894e-05
5                                      2.8099940458761768e-04
6                                     -3.2084589319559487e-05
7                                      1.3818808074304758e-05
8                                      5.2109354290366384e-06
9                                     -4.8254324396201079e-05
10                                     9.5948587161754056e-05
11                                     7.1369398174794623e-06
12                                     3.0612116586176970e-04
13                                     1.9573913535485317e-04
14                                     9.9705084526154232e-05
15                                     1.0773040067017466e-06
16                                    -2.8573483005916485e-05
17                                    -2.1331060085677505e-05
18                                    -2.2285113960382577e-04
19                                     4.6177898805498888e-05
20                                     1.7364684754947777e-05
21                                     3.6236729711168833e-05
22                                     5.2464409687756381e-06
23                                     1.2004483611229873e-04
24                                    -5.2237969168701193e-05
25                                    -8.3983864764083298e-05
26                                    -1.5665662107885872e-04
27                                     2.3212322783125458e-05
28                                     4.5655215897836307e-05
29                                     2.1654788181835492e-05
30                                    -7.4185307145265576e-06
31                                     6.2256334806159259e-05
32                                    -4.5148695860542265e-05
33                                    -4.5656858615725866e-05
34                                     1.7084833588625970e-07
35                                     3.5896001183131389e-07
36                                     5.2950359522517347e-05
37                                     2.4223119989370028e-05
38                                     3.0858893435130980e-05
39                                    -2.0499091583164007e-05
40                                    -1.5353034435227562e-04
41                                    -2.6655178388867766e-05
42                                    -4.9334074170575334e-05
43                                    -9.1390974816438078e-05
44                                     2.2335178248381288e-05
45                                     6.8108467227813912e-05
46                                     1.1701900742077439e-04
47                                     7.8558633156414372e-05
48                                     8.2882655874282020e-05
49                                    -4.5179763759886616e-05
50                                    -5.3788794257426410e-05
51                                    -8.7351546569737587e-05
52                                     8.8819769920567125e-05
53                                     5.8364422757293838e-05
54                                    -1.8532398920258607e-05
55                                    -6.9687057056429431e-05
56                                    -5.0165090135122204e-05
57                                     3.9086332701369260e-05
58                                     4.4838441957314258e-05
59                                     2.1364304605628838e-05
60                                     5.5245181040206579e-05
61                                    -3.9812475867368586e-05
62                                     2.5834301648325483e-05
63                                     6.1973327498021104e-05
64                                    -4.8695515641889356e-05
65                                     1.8737980696452845e-05
66                                    -8.4475022762310042e-05
67                                     1.0797483169972541e-04
68                                    -6.7662122809331515e-05
69                                    -1.6279645355748331e-06
70                                     1.1734977382377079e-05
71                                     2.2463593074117396e-05
72                                    -3.6848508770052370e-05
73                                    -4.5796898152356775e-05
74                                    -1.9602047840620252e-05
75                                     3.1928300116057599e-05
76                                     1.6531929594740195e-05
77                                    -2.1665989119536029e-05
78                                     8.0278213167249266e-06
79                                    -6.8889258224384825e-05
80                                     2.7457636743145018e-06
81                                    -1.9155518496615423e-05
82                                     5.2085565939969503e-05
83                                     1.3694319846199068e-05
84                                    -2.1153753016442484e-06
85                                    -8.2461419588754836e-06
86                                    -6.8581188553051029e-06
87                                     4.4667523740851670e-05
88                                    -4.2986168772297093e-05
89                                     3.4944720713820840e-05
90                                     9.8969196627374722e-06
91                                     3.0188459176869219e-05
92                                    -8.0184658438637994e-06
93                                     2.4012021846808393e-05
94                                    -5.3849866209589915e-05
95                                     1.3198342722884026e-05
96                                    -1.6481336224324553e-05
97                                     5.6372203871103059e-05
98                                    -2.1110203395626397e-05
99                                     8.0111985499571196e-05
100                                    2.0965724526526326e-05
101                                    4.2238544256639151e-05
102                                   -3.4810640452078931e-05
103                                    2.5355741029800026e-05
104                                   -4.2269339819279403e-06
105                                   -3.3881523353628456e-05
106                                    3.7119704858594351e-05
107                                    1.4059294129801172e-05
   &Method [&Type "String"] "SCF"
   &Level [&Type "String"] "Relaxed density"
   &Mult [&Type "Integer"] 1
   &State [&Type "Integer"] 0
   &Irrep [&Type "Integer"] 0
$End
$Geometry
   &GeometryIndex 20
   &NAtoms [&Type "Integer"] 36
   &NCorelessECP [&Type "Integer"] 0
   &NGhostAtoms [&Type "Integer"] 0
   &CartesianCoordinates [&Type "Coordinates", &Dim(36,4), &Units "Bohr"] 
              P     -6.892432310916   -2.951423401219    0.081614253305
              O     -8.798199918857   -2.264608093256   -1.868633558249
              O     -7.564304992930   -4.506370759693    2.325668914093
              O     -4.571142040174   -4.248517504008   -1.450447576766
              O     -5.602560631081   -0.409394055298    1.221952282582
              C     -4.826525085376    1.497826899724   -0.479664807094
              C     -3.000996802492    3.236726541429    0.858595033854
              O     -0.839383197473    1.855342596337    1.750234798007
              C     -1.973340772652    5.279889726450   -0.869980508312
              O     -1.336758324578    7.423656566865    0.576148651122
              C      0.417043660432    4.028746867048   -1.901036674554
              O      2.285056389077    5.746104204286   -2.666764876224
              C      1.334951816050    2.558532841360    0.401519930422
              N      2.803091617580    0.345796371790   -0.192522293569
              C      2.051098032356   -1.734327730318   -1.540358437440
              N      3.797669996233   -3.467150668475   -1.718933940672
              C      5.823548152221   -2.481888876845   -0.414979475513
              C      8.263758918146   -3.399508725637    0.094701224571
              N      9.084629298302   -5.640668098768   -0.726478396339
              N      9.820610081536   -1.943503570877    1.469639869529
              C      8.995699792653    0.291282909766    2.286539850059
              N      6.756767719096    1.359039624691    1.925863243399
              C      5.238712131161   -0.115471033245    0.557884574452
              H     -3.344213665788   -4.961059551837   -0.307071118617
              H     -3.926095083537    0.657679349716   -2.144941957318
              H     -6.457583658876    2.600566487976   -1.117104112640
              H     -3.924783039729    4.075818138994    2.504800258982
              H     -3.307195247748    5.764108913571   -2.377464906365
              H      0.013560955155    8.272907719146   -0.315326061788
              H     -0.077987921792    2.723322646928   -3.425233967299
              H      2.019319401705    6.163423149604   -4.417945412737
              H      2.569700579155    3.762792441723    1.543385184478
              H      0.170370959977   -1.869741276317   -2.325180611459
              H      7.959131892814   -6.768536306962   -1.758115221903
              H     10.846752173408   -6.214517210625   -0.308044180139
              H     10.343159819169    1.376897742967    3.393102674884
$End
$SCF_Energy
   &GeometryIndex 20
   &Method [&Type "String"] "SCF"
   &totalEnergy [&Type "ArrayOfDoubles", &Dim (1,1)] "Total energy of each state"
                                                         0

0                                     -1.5299759928574315e+03
   &Mult [&Type "ArrayOfIntegers", &Dim (1,1)] "Multiplicity of each state"
                                                         0

0                                                        1
$End
$DFT_Energy
   &GeometryIndex 20
   &nAlphaEl [&Type "Integer"] 89
   &nBetaEl [&Type "Integer"] 89
   &nTotalEl [&Type "Integer"] 179
   &finalEn [&Type "Double"]      -1.5299759928574315e+03  "No Van der Waals correction"
   &eExchange [&Type "Double"]      -1.2764498441527682e+02
   &eCorr [&Type "Double"]      -6.2545811422785942e+00
   &eXC [&Type "Double"]      -1.3389956555755541e+02
   &eCNL [&Type "Double"]       0.0000000000000000e+00
$End
$Solvation_Details
   &GeometryIndex 20
   &Solvent [&Type "String"] "WATER"
   &Epsilon [&Type "Double"]       8.0150999999999996e+01
   &Refrac [&Type "Double"]       1.3328000000000000e+00
   &RSolv [&Type "Double"]       1.3000000000000000e+00
   &SurfaceType [&Type "String"] "GAUSSIAN VDW"
   &CPCMDielEnergy [&Type "Double"]      -1.4792137100000000e-01
   &NPoints [&Type "Integer"] 3024
   &SurfaceArea [&Type "Double"]       1.2091288376719999e+03
$End
$SCF_Timings
   &GeometryIndex 20
   &TOTAL [&Type "Double"]       7.6893676999999997e+01
   &PREP [&Type "Double"]       9.7694400000000003e-01
   &FOCK [&Type "Double"]       6.9814143000000001e+01
   &DENS [&Type "Double"]       2.1192700000000286e-01
   &ETOT [&Type "Double"]       1.1733300000000568e-01
   &POP [&Type "Double"]       1.0000000116860974e-06
   &TRAFO [&Type "Double"]       7.7568600000000387e-01
   &DIIS [&Type "Double"]       1.3720319999999955e+00
   &SOSCF [&Type "Double"]       1.1603879999999904e+00
   &XC [&Type "Double"]       6.9447040000000158e+00
   &FOCKSTART [&Type "Double"]       3.7226000000000870e-02
   &SOLV [&Type "Double"]       7.3052490000000105e+00
   &SOLV_INIT [&Type "Double"]       2.9515999999999998e-01
   &SOLV_FINAL [&Type "Double"]       9.9999999747524271e-07
   &INT_PREP [&Type "Double"]       2.9999999995311555e-06
   &INT_BF [&Type "Double"]       1.3114860000000466e+00
   &INT_DENS [&Type "Double"]       2.0229139999998580e+00
   &INT_DENSIO [&Type "Double"]       1.3425899556700024e+05
   &INT_FUNC [&Type "Double"]       7.8907999999966449e-02
   &INT_POT [&Type "Double"]       1.2875140000000140e+00
   &INT_POTIO [&Type "Double"]       1.6278000000102821e-02
   &INT_SUM [&Type "Double"]       1.6749999999916554e-03
   &SPLITRIJ [&Type "Double"]       5.5358529999999924e+00
   &COSX [&Type "Double"]       5.3394673999999995e+01
$End
$VdW_Correction
   &GeometryIndex 20
   &vdW [&Type "Double"]      -4.0732095902492368e-02
$End
$Single_Point_Data
   &GeometryIndex 20
   &FinalEnergy [&Type "Double"]      -1.5300167249533340e+03  "Final single point energy"
   &Converged [&Type "Boolean"] true
$End
$SCF_Nuc_Gradient
   &GeometryIndex 20
   &NAtoms [&Type "Integer"] 36
   &gradNorm [&Type "Double"]       7.9225330351451379e-04
   &grad [&Type "ArrayOfDoubles", &Dim (108,1)] 
                                                         0

0                                     -8.7276535783755425e-05
1                                     -2.3934619797486370e-04
2                                     -4.2063873968319103e-04
3                                      1.3211213410223492e-04
4                                      3.5846863632103029e-05
5                                      2.1904547711235533e-04
6                                     -4.3671756503481612e-05
7                                     -3.3029717556138434e-05
8                                      2.8326760979224905e-05
9                                     -1.0891088642451063e-04
10                                     1.0210489132191346e-04
11                                     3.4086061786196356e-05
12                                     2.1759649774881799e-04
13                                     1.2556504681695061e-04
14                                     6.0663340506702978e-05
15                                    -1.1371553921585173e-04
16                                    -9.6128417521862798e-07
17                                    -5.2176580311979022e-05
18                                    -7.1674755145674024e-05
19                                     8.4077298227115801e-05
20                                    -7.5774468343008442e-05
21                                     3.0217825425021938e-05
22                                     2.3414180916365862e-05
23                                     1.2904688704817727e-04
24                                    -1.2658917675318514e-04
25                                    -4.6731208151707347e-05
26                                    -9.9610854691612247e-05
27                                     5.3988634551708445e-05
28                                     1.4229876533456700e-05
29                                     5.4662589329878273e-05
30                                    -2.4027146052782738e-05
31                                     7.4530269961871874e-05
32                                     1.6656298644259155e-05
33                                    -1.0662687812592228e-05
34                                    -4.9750691445068780e-05
35                                     1.1870859930010263e-05
36                                     9.3219203993861696e-05
37                                     4.7165179104877142e-05
38                                     6.3868838274435563e-05
39                                    -1.0515671876680857e-04
40                                    -1.8456580240879661e-04
41                                    -7.7083980643215374e-07
42                                     1.1552807453976254e-05
43                                     3.5018136693597843e-05
44                                    -2.8856016953521767e-06
45                                     6.9557902059545304e-05
46                                     1.2988469986215153e-07
47                                     2.7674979673166409e-05
48                                    -1.0475110544009084e-05
49                                     2.5460483424414421e-05
50                                    -3.0981864017457265e-05
51                                    -1.4584666168942310e-05
52                                     3.2904987001700038e-06
53                                     1.5973303472386128e-05
54                                    -1.9143912111941995e-05
55                                    -9.3905257462245672e-06
56                                    -8.9673125759313967e-06
57                                     6.2996218962131227e-05
58                                     8.4565555713337669e-06
59                                     2.9283815904226330e-05
60                                    -4.0634198012049253e-05
61                                    -4.1110065523418008e-05
62                                    -3.0192528023532787e-05
63                                     5.7661375681069237e-05
64                                     7.0610168641926815e-05
65                                     8.1508585324037658e-05
66                                    -7.0879281682455786e-07
67                                    -1.5971793667717525e-05
68                                    -1.0216985203037008e-04
69                                    -1.6946075532212412e-06
70                                    -2.1722583418055952e-06
71                                     5.4401846871345426e-05
72                                     7.0934468421467341e-06
73                                    -4.5916390368450773e-05
74                                    -1.4526821170103896e-06
75                                     1.7196625663684682e-05
76                                     7.2293978065330299e-06
77                                    -1.4593241405793224e-05
78                                    -2.7099967380697120e-05
79                                    -7.9702390824018171e-05
80                                     6.4145373960307751e-06
81                                     3.4370129004109056e-05
82                                     1.3057104023138756e-05
83                                     4.7331400611539694e-06
84                                    -2.7641499983495078e-05
85                                     9.5241341905655729e-07
86                                    -2.9365686147716828e-05
87                                     1.2947020853144400e-05
88                                    -2.2647458815843623e-05
89                                    -1.3624784437341530e-06
90                                    -1.3939309932100658e-05
91                                     2.1634768239849845e-05
92                                    -4.3396360091569480e-06
93                                     1.3728336116850527e-05
94                                    -1.0287314619076077e-05
95                                    -2.9348357906805529e-05
96                                     3.8958352879522087e-05
97                                     7.3272031921487954e-06
98                                     1.7723228528222123e-05
99                                     3.4094257730992793e-05
100                                    1.9639833806827761e-05
101                                    2.1595238284224931e-05
102                                   -1.6479719862685238e-05
103                                    3.3462813215391903e-05
104                                    1.1438445466725710e-05
105                                   -2.3203775506372445e-05
106                                    2.8380242440618101e-05
107                                    1.5656504388864646e-05
   &Method [&Type "String"] "SCF"
   &Level [&Type "String"] "Relaxed density"
   &Mult [&Type "Integer"] 1
   &State [&Type "Integer"] 0
   &Irrep [&Type "Integer"] 0
$End
$Geometry
   &GeometryIndex 21
   &NAtoms [&Type "Integer"] 36
   &NCorelessECP [&Type "Integer"] 0
   &NGhostAtoms [&Type "Integer"] 0
   &CartesianCoordinates [&Type "Coordinates", &Dim(36,4), &Units "Bohr"] 
              P     -6.409042657241   -3.067358424463    0.041190383488
              O     -8.030756591196   -2.761205186640   -2.242426184816
              O     -7.247917722209   -4.580382778174    2.259459565702
              O     -3.711618874661   -4.123917864228   -0.970145583311
              O     -5.683701186453   -0.312072056417    1.167657588754
              C     -4.873906599380    1.597786705312   -0.518839910173
              C     -3.051636574694    3.324017988285    0.852010511385
              O     -0.900751614576    1.933217354646    1.752872106809
              C     -1.999164700227    5.375548745073   -0.842916750664
              O     -1.303890765902    7.468863132075    0.647025918061
              C      0.346325906305    4.076318857795   -1.916439957097
              O      2.246926578103    5.735734475110   -2.722761065365
              C      1.269660970877    2.589109332906    0.369327447113
              N      2.695715266904    0.353088420128   -0.241045108342
              C      1.938418274891   -1.678617428816   -1.655038980089
              N      3.656222456025   -3.441337694687   -1.842300345774
              C      5.671708525126   -2.521046669509   -0.475020601165
              C      8.085616306713   -3.496333061166    0.061341563085
              N      8.877682044992   -5.734451807437   -0.790090444814
              N      9.638879409429   -2.098783773320    1.499144000713
              C      8.835823801549    0.134130315193    2.346884622329
              N      6.624661472948    1.252471268246    1.971571641921
              C      5.110784765705   -0.170059563818    0.541784361778
              H     -2.688650490485   -4.702682805461    0.423795717609
              H     -3.946561246220    0.764746281002   -2.170833175796
              H     -6.496563895897    2.702288129568   -1.173470122219
              H     -3.994463605199    4.143161155240    2.498224257032
              H     -3.324512875464    5.913946223035   -2.338137474923
              H     -0.040913883836    8.391027208704   -0.295600829197
              H     -0.220136491387    2.789049060240   -3.432956107425
              H      1.927090440860    6.190163612453   -4.455528555619
              H      2.537170812541    3.781551122430    1.486224684913
              H      0.063572385394   -1.785011768517   -2.455090022966
              H      7.746301255890   -6.812805334792   -1.869059565588
              H     10.618333813647   -6.354657858058   -0.346329408648
              H     10.184425979354    1.168279565054    3.500938472038
$End
$SCF_Energy
   &GeometryIndex 21
   &Method [&Type "String"] "SCF"
   &totalEnergy [&Type "ArrayOfDoubles", &Dim (1,1)] "Total energy of each state"
                                                         0

0                                     -1.5299750868028511e+03
   &Mult [&Type "ArrayOfIntegers", &Dim (1,1)] "Multiplicity of each state"
                                                         0

0                                                        1
$End
$DFT_Energy
   &GeometryIndex 21
   &nAlphaEl [&Type "Integer"] 90
   &nBetaEl [&Type "Integer"] 90
   &nTotalEl [&Type "Integer"] 180
   &finalEn [&Type "Double"]      -1.5299750868028511e+03  "No Van der Waals correction"
   &eExchange [&Type "Double"]      -1.2764554280649961e+02
   &eCorr [&Type "Double"]      -6.2555533593057921e+00
   &eXC [&Type "Double"]      -1.3390109616580540e+02
   &eCNL [&Type "Double"]       0.0000000000000000e+00
$End
$Solvation_Details
   &GeometryIndex 21
   &Solvent [&Type "String"] "WATER"
   &Epsilon [&Type "Double"]       8.0150999999999996e+01
   &Refrac [&Type "Double"]       1.3328000000000000e+00
   &RSolv [&Type "Double"]       1.3000000000000000e+00
   &SurfaceType [&Type "String"] "GAUSSIAN VDW"
   &CPCMDielEnergy [&Type "Double"]      -1.4702348800000001e-01
   &NPoints [&Type "Integer"] 3011
   &SurfaceArea [&Type "Double"]       1.1902748933539999e+03
$End
$SCF_Timings
   &GeometryIndex 21
   &TOTAL [&Type "Double"]       9.8240361000000007e+01
   &PREP [&Type "Double"]       9.6900800000000009e-01
   &FOCK [&Type "Double"]       9.0024465000000006e+01
   &DENS [&Type "Double"]       2.6886999999997840e-01
   &ETOT [&Type "Double"]       1.3992799999999583e-01
   &POP [&Type "Double"]       9.9999999747524271e-07
   &TRAFO [&Type "Double"]       5.7757399999999492e-01
   &DIIS [&Type "Double"]       1.4295780000000118e+00
   &SOSCF [&Type "Double"]       1.6965489999999832e+00
   &XC [&Type "Double"]       8.7403689999999923e+00
   &FOCKSTART [&Type "Double"]       4.4696999999989773e-02
   &SOLV [&Type "Double"]       9.2290459999999825e+00
   &SOLV_INIT [&Type "Double"]       3.1683499999999998e-01
   &INT_PREP [&Type "Double"]       3.0000000137420102e-06
   &INT_BF [&Type "Double"]       1.7138920000000191e+00
   &INT_DENS [&Type "Double"]       2.5956689999998499e+00
   &INT_DENSIO [&Type "Double"]       1.9873763306700028e+05
   &INT_FUNC [&Type "Double"]       1.0132899999948464e-01
   &INT_POT [&Type "Double"]       1.7553249999997576e+00
   &INT_POTIO [&Type "Double"]       2.0606000000622515e-02
   &INT_SUM [&Type "Double"]       1.3810000000038514e-03
   &SPLITRIJ [&Type "Double"]       7.1381980000000098e+00
   &COSX [&Type "Double"]       6.8649375000000020e+01
$End
$VdW_Correction
   &GeometryIndex 21
   &vdW [&Type "Double"]      -4.1291275862874233e-02
$End
$Single_Point_Data
   &GeometryIndex 21
   &FinalEnergy [&Type "Double"]      -1.5300163780787141e+03  "Final single point energy"
   &Converged [&Type "Boolean"] true
$End
$SCF_Nuc_Gradient
   &GeometryIndex 21
   &NAtoms [&Type "Integer"] 36
   &gradNorm [&Type "Double"]       8.3776449766544917e-03
   &grad [&Type "ArrayOfDoubles", &Dim (108,1)] 
                                                         0

0                                      3.8038380278557671e-03
1                                      1.0995029164092333e-03
2                                      1.1852888978285323e-03
3                                     -2.4451585232361829e-03
4                                      7.0126587189120254e-04
5                                     -1.8739173385649945e-03
6                                     -7.7118100091301271e-05
7                                     -6.2382167182833883e-04
8                                      3.8839045998421008e-04
9                                      2.9613009928832883e-04
10                                     2.6998171610928724e-04
11                                     9.2589169924651163e-05
12                                    -5.3998484994467028e-04
13                                    -1.1100185409286360e-03
14                                    -5.5285095960636900e-04
15                                    -1.6622251879691032e-03
16                                     3.6476483286147093e-04
17                                    -6.5923857015198187e-04
18                                     1.7847726560140107e-03
19                                     5.5209355073254055e-04
20                                    -1.0047887073973689e-03
21                                     2.7403875475552346e-05
22                                     3.8763078731692902e-04
23                                     1.9070387462009702e-04
24                                    -1.0027397248791056e-03
25                                     4.0343791659070560e-04
26                                     7.0198688421529586e-04
27                                     4.6704443267912751e-04
28                                    -4.9768700335556335e-04
29                                     4.8689883662057706e-04
30                                    -8.2298888672426693e-05
31                                     1.6888907066420000e-04
32                                     6.8717875258057001e-04
33                                     4.2984046079357541e-04
34                                    -7.0222714921345109e-04
35                                     1.2677116796071611e-04
36                                     5.1654632137027273e-04
37                                     3.3648859848995732e-04
38                                     4.2654107672071041e-04
39                                    -1.3392191811753109e-03
40                                    -4.8436028062115834e-04
41                                     1.6139452893462248e-04
42                                     8.3334287944941167e-04
43                                     1.2873622702562818e-03
44                                     4.8492593896391984e-04
45                                     1.1995865471125630e-05
46                                    -1.3988028277979198e-03
47                                    -7.3638636442013383e-04
48                                    -1.3339194760390526e-03
49                                     1.0985370408049398e-03
50                                     1.7040799072636165e-04
51                                     9.7007169867868986e-04
52                                    -1.2011298294033559e-03
53                                    -5.0811414168531988e-04
54                                    -1.7240303427688565e-05
55                                     7.2436385941271688e-04
56                                     5.0114298897810427e-04
57                                     3.7299015818705391e-04
58                                    -4.0885082651441609e-04
59                                     1.0604276247839345e-04
60                                    -1.2573863897542958e-03
61                                    -7.6398839702063371e-05
62                                    -6.8529038171453267e-04
63                                    -4.0009446366822223e-05
64                                     1.6392243970225553e-03
65                                     8.6442894278243056e-04
66                                     1.0298314518420503e-03
67                                    -1.7666259470079720e-03
68                                    -5.9558914579781077e-04
69                                    -6.0783021782793658e-06
70                                    -3.0102331512265321e-04
71                                     7.1634269408933475e-04
72                                     7.5782887786093010e-04
73                                    -3.7130339863634298e-05
74                                     3.8465818617003931e-04
75                                    -2.1147418511439732e-04
76                                    -4.0576845952628978e-05
77                                    -3.8373954622336631e-06
78                                    -4.5406787315568713e-04
79                                    -2.3587016808608255e-04
80                                     9.4459537896942860e-05
81                                     6.2476751099304077e-04
82                                    -5.1596923949301203e-04
83                                    -2.0634231102301738e-04
84                                    -3.9042908087213459e-04
85                                     1.4283276589792702e-04
86                                    -2.3891530779503181e-04
87                                    -4.8206762449596647e-04
88                                     1.7743404970822682e-04
89                                    -3.7489186667918775e-04
90                                    -3.2272901944523758e-04
91                                    -8.5734838713440010e-05
92                                     4.6344371847412266e-05
93                                    -1.1165187174900971e-04
94                                     5.3611352691720210e-04
95                                    -5.7759270494927271e-04
96                                     2.4188577981144248e-05
97                                    -4.6903313183891879e-04
98                                     2.2133926303815983e-04
99                                    -5.4923138952037175e-04
100                                    3.8817727074177440e-05
101                                   -2.6255857842689821e-04
102                                    2.3930209015243504e-04
103                                    1.0964792971740447e-04
104                                    2.2093692383531952e-04
105                                    1.3513446305271577e-04
106                                   -8.3128026503171600e-05
107                                    2.1540524528421254e-05
   &Method [&Type "String"] "SCF"
   &Level [&Type "String"] "Relaxed density"
   &Mult [&Type "Integer"] 1
   &State [&Type "Integer"] 0
   &Irrep [&Type "Integer"] 0
$End
$Geometry
   &GeometryIndex 22
   &NAtoms [&Type "Integer"] 36
   &NCorelessECP [&Type "Integer"] 0
   &NGhostAtoms [&Type "Integer"] 0
   &CartesianCoordinates [&Type "Coordinates", &Dim(36,4), &Units "Bohr"] 
              P     -6.783473086449   -2.979743624527    0.085689084758
              O     -8.617017388167   -2.414391036185   -1.971959881930
              O     -7.503620993981   -4.508453702494    2.333268420456
              O     -4.341978941559   -4.225606854413   -1.295229701989
              O     -5.652967725497   -0.362344928010    1.220780387874
              C     -4.852657151521    1.533149801163   -0.484249694293
              C     -3.011572588362    3.257499001632    0.854685125074
              O     -0.855189434223    1.861381152742    1.735266161841
              C     -1.976169737594    5.302994001982   -0.865464288131
              O     -1.319355250557    7.430022359794    0.595643861154
              C      0.399328179825    4.037579275652   -1.912972875813
              O      2.276726603548    5.737836060499   -2.692075321168
              C      1.319043397883    2.559965672479    0.382408876649
              N      2.781785693753    0.346643711997   -0.218636076230
              C      2.040297171283   -1.711267498005   -1.605168660003
              N      3.782487718776   -3.448764078050   -1.785634251997
              C      5.795282713165   -2.488475332125   -0.442747883212
              C      8.225995045289   -3.422333395104    0.084542781102
              N      9.047867771222   -5.655867426831   -0.755384763618
              N      9.770453441117   -1.990171723903    1.497796371768
              C      8.943270969643    0.237125222838    2.333589539592
              N      6.712650787968    1.317994166350    1.960999678098
              C      5.206992755384   -0.133993924433    0.555197745490
              H     -3.175394991368   -4.903434571141   -0.070479170757
              H     -3.956653716430    0.683658444698   -2.146494238321
              H     -6.473346945336    2.649060082499   -1.124792043484
              H     -3.927627008977    4.093595756873    2.506985873747
              H     -3.309291100454    5.806155780539   -2.367248732931
              H     -0.006027255617    8.310224845841   -0.319624608840
              H     -0.119565321626    2.737991174198   -3.434663973285
              H      1.993412524372    6.166251008289   -4.437732631707
              H      2.557797324320    3.760923747344    1.523233941420
              H      0.166090268451   -1.836167133094   -2.406562888930
              H      7.929336981616   -6.764440154553   -1.815635902673
              H     10.802064163545   -6.243269943171   -0.321911281683
              H     10.282155818783    1.302448935622    3.470003670713
$End
$SCF_Energy
   &GeometryIndex 22
   &Method [&Type "String"] "SCF"
   &totalEnergy [&Type "ArrayOfDoubles", &Dim (1,1)] "Total energy of each state"
                                                         0

0                                     -1.5299759114560350e+03
   &Mult [&Type "ArrayOfIntegers", &Dim (1,1)] "Multiplicity of each state"
                                                         0

0                                                        1
$End
$DFT_Energy
   &GeometryIndex 22
   &nAlphaEl [&Type "Integer"] 89
   &nBetaEl [&Type "Integer"] 89
   &nTotalEl [&Type "Integer"] 179
   &finalEn [&Type "Double"]      -1.5299759114560350e+03  "No Van der Waals correction"
   &eExchange [&Type "Double"]      -1.2764475608443846e+02
   &eCorr [&Type "Double"]      -6.2546138505424427e+00
   &eXC [&Type "Double"]      -1.3389936993498091e+02
   &eCNL [&Type "Double"]       0.0000000000000000e+00
$End
$Solvation_Details
   &GeometryIndex 22
   &Solvent [&Type "String"] "WATER"
   &Epsilon [&Type "Double"]       8.0150999999999996e+01
   &Refrac [&Type "Double"]       1.3328000000000000e+00
   &RSolv [&Type "Double"]       1.3000000000000000e+00
   &SurfaceType [&Type "String"] "GAUSSIAN VDW"
   &CPCMDielEnergy [&Type "Double"]      -1.4772900700000000e-01
   &NPoints [&Type "Integer"] 3031
   &SurfaceArea [&Type "Double"]       1.2078350724800000e+03
$End
$SCF_Timings
   &GeometryIndex 22
   &TOTAL [&Type "Double"]       8.2830974999999995e+01
   &PREP [&Type "Double"]       8.2309199999999993e-01
   &FOCK [&Type "Double"]       7.5760862000000003e+01
   &DENS [&Type "Double"]       2.0142000000000593e-01
   &ETOT [&Type "Double"]       1.0173700000001773e-01
   &TRAFO [&Type "Double"]       3.8334699999999700e-01
   &DIIS [&Type "Double"]       1.3279189999999961e+00
   &SOSCF [&Type "Double"]       6.7745700000000397e-01
   &XC [&Type "Double"]       7.5190289999999909e+00
   &FOCKSTART [&Type "Double"]       3.7335000000006335e-02
   &SOLV [&Type "Double"]       7.6837689999999981e+00
   &SOLV_INIT [&Type "Double"]       2.2478300000000007e-01
   &INT_PREP [&Type "Double"]       9.9999999747524271e-07
   &INT_BF [&Type "Double"]       1.2170779999999422e+00
   &INT_DENS [&Type "Double"]       1.8390289999998810e+00
   &INT_DENSIO [&Type "Double"]       1.3427384731400022e+05
   &INT_FUNC [&Type "Double"]       7.3034999999990191e-02
   &INT_POT [&Type "Double"]       1.2760390000002904e+00
   &INT_POTIO [&Type "Double"]       1.5503999999662454e-02
   &INT_SUM [&Type "Double"]       1.0179999999930800e-03
   &SPLITRIJ [&Type "Double"]       5.9667200000000093e+00
   &COSX [&Type "Double"]       5.8687645000000010e+01
$End
$VdW_Correction
   &GeometryIndex 22
   &vdW [&Type "Double"]      -4.0824534120419531e-02
$End
$Single_Point_Data
   &GeometryIndex 22
   &FinalEnergy [&Type "Double"]      -1.5300167359901554e+03  "Final single point energy"
   &Converged [&Type "Boolean"] true
$End
$SCF_Nuc_Gradient
   &GeometryIndex 22
   &NAtoms [&Type "Integer"] 36
   &gradNorm [&Type "Double"]       1.9014135061055158e-03
   &grad [&Type "ArrayOfDoubles", &Dim (108,1)] 
                                                         0

0                                      8.3461881008018107e-04
1                                     -1.3314886589524952e-04
2                                     -9.5846614550612781e-05
3                                     -5.0801392369388264e-04
4                                      3.4111576194331960e-04
5                                     -8.8192143573936172e-05
6                                      3.4701277446059554e-07
7                                     -1.8446200676357644e-04
8                                      7.1509872762570692e-05
9                                     -1.1955857581844712e-04
10                                    -2.2476669843654129e-05
11                                     9.0140360049908129e-05
12                                    -2.6579632400999191e-04
13                                    -3.4435764180357941e-06
14                                    -3.4175702727023630e-05
15                                    -2.9031872700131431e-04
16                                     2.0792438780882681e-05
17                                    -2.0559581753428334e-04
18                                     3.3496890928541990e-04
19                                     1.5848374376509059e-04
20                                    -2.2731765078417272e-04
21                                     5.8366135531508559e-05
22                                     2.5641769428410107e-04
23                                     1.4894520322317629e-04
24                                    -2.7790639269147159e-04
25                                     8.9626022583763404e-05
26                                     9.6537316287724853e-05
27                                     2.2111534975951042e-04
28                                    -2.0079200146471435e-04
29                                     1.5790138449664303e-04
30                                     5.2497909283925121e-05
31                                     6.5404957613590610e-05
32                                     1.8661542118524139e-04
33                                     1.3306361224049902e-04
34                                    -1.6421324004371187e-04
35                                    -2.0207690542197132e-05
36                                     1.2697101939438947e-04
37                                    -3.3018822934920994e-05
38                                    -4.4051266115536619e-06
39                                    -3.7679877680058780e-04
40                                    -2.0227724699462262e-04
41                                     1.2888742160092648e-04
42                                     2.1330074596567642e-04
43                                     5.0351734234731671e-04
44                                    -1.8189441686670559e-04
45                                     3.5422346257145014e-05
46                                    -2.9510104710911563e-04
47                                    -1.5160781286087318e-04
48                                    -2.2485694567822567e-04
49                                     2.5498637760730677e-04
50                                     7.4434158179520710e-05
51                                     1.7405535242714874e-04
52                                    -1.9093249675991071e-04
53                                    -8.3293849008472267e-05
54                                     1.1832968333451175e-05
55                                     8.8257053549449819e-05
56                                     8.6046362266520014e-05
57                                     8.9975499143119881e-05
58                                    -6.4904823292503020e-05
59                                     4.0169176821564634e-05
60                                    -2.5603456904823939e-04
61                                    -2.4327515486634917e-06
62                                    -1.3238685454350141e-04
63                                     9.5815957286032633e-06
64                                     3.6258200230897410e-04
65                                     2.2543623095485591e-04
66                                     2.5496831650377095e-04
67                                    -3.5436879880144532e-04
68                                    -1.2264857395698529e-04
69                                    -1.0155118126777452e-04
70                                    -1.1802314035016219e-04
71                                     1.2135128815683015e-04
72                                     6.5376510039251819e-05
73                                     4.4875117009367239e-06
74                                    -1.1436704791718819e-05
75                                     1.5867614606938506e-07
76                                    -3.4565595121027211e-05
77                                     5.3702079636999789e-05
78                                    -8.1655094150929759e-05
79                                    -1.4164431265320288e-04
80                                     4.9836381711935106e-05
81                                     1.6481434727096746e-04
82                                    -9.0785080188672426e-05
83                                    -1.0008416768646991e-04
84                                    -1.6548497984658793e-04
85                                     1.0080045010341974e-04
86                                    -1.0027970162262718e-04
87                                    -1.0695937583554525e-04
88                                     4.5356854909398676e-05
89                                    -5.7221893219349166e-05
90                                    -9.1006560686892466e-05
91                                     1.2522773664972283e-05
92                                     3.4204059183553349e-05
93                                    -1.9552697288299399e-05
94                                     8.1483542388902718e-05
95                                    -1.1522375209867489e-04
96                                     1.1873518384238868e-04
97                                    -1.9122432073637803e-04
98                                     1.4465326472637587e-04
99                                    -1.2036984973733499e-04
100                                    1.4788542244704062e-05
101                                   -5.4027744525663651e-05
102                                    7.1120141248921302e-05
103                                    3.6903593832983623e-05
104                                    6.3025287644973962e-05
105                                    3.4573549015277206e-05
106                                   -9.7118622623770820e-06
107                                    1.2450960778513976e-05
   &Method [&Type "String"] "SCF"
   &Level [&Type "String"] "Relaxed density"
   &Mult [&Type "Integer"] 1
   &State [&Type "Integer"] 0
   &Irrep [&Type "Integer"] 0
$End
$Geometry
   &GeometryIndex 23
   &NAtoms [&Type "Integer"] 36
   &NCorelessECP [&Type "Integer"] 0
   &NGhostAtoms [&Type "Integer"] 0
   &CartesianCoordinates [&Type "Coordinates", &Dim(36,4), &Units "Bohr"] 
              P     -6.751110660661   -2.991616987788    0.081786989196
              O     -8.583421192414   -2.441906533375   -1.981536661443
              O     -7.466581023799   -4.524192401177    2.328123744020
              O     -4.297286554824   -4.219316879295   -1.292992184171
              O     -5.642250852919   -0.366565393702    1.218012791034
              C     -4.850732187451    1.534220155077   -0.484925695339
              C     -3.014901991419    3.263169610188    0.855157177654
              O     -0.857012249165    1.871194559639    1.738210426932
              C     -1.981802289558    5.309262221619   -0.865252702240
              O     -1.327591630572    7.438607984890    0.593369029797
              C      0.395332601572    4.045952980382   -1.912347027378
              O      2.271965402430    5.749031046484   -2.687537266418
              C      1.316155007956    2.567060956580    0.382168342611
              N      2.775986062430    0.351446479539   -0.220447742201
              C      2.027671984397   -1.708371295746   -1.600523077758
              N      3.764950258555   -3.450990133744   -1.778765317431
              C      5.781431755782   -2.492754597089   -0.440063442662
              C      8.210378964273   -3.431575695659    0.086562582931
              N      9.025463366720   -5.669021202436   -0.749121941505
              N      9.760145305376   -1.999927405856    1.494487075937
              C      8.939579422135    0.231598031038    2.325601193108
              N      6.711491504197    1.317586704501    1.952795286963
              C      5.200548983082   -0.134154411783    0.552386291973
              H     -3.122022850431   -4.878135931478   -0.066101521979
              H     -3.951070173344    0.689560727254   -2.147578330635
              H     -6.476185674716    2.643757855482   -1.124637812326
              H     -3.934318162175    4.098865673896    2.505801697445
              H     -3.315767213345    5.809155643924   -2.367255708400
              H     -0.003014115091    8.309245248679   -0.315069425873
              H     -0.120803180202    2.748487197649   -3.436756613916
              H      1.991157426735    6.177563641470   -4.433638928586
              H      2.557607876598    3.767308073601    1.520884958395
              H      0.153287826254   -1.829787293977   -2.401304675271
              H      7.902562303466   -6.777078952795   -1.805256130121
              H     10.778654125373   -6.259980260089   -0.316664881681
              H     10.282632516981    1.296075461088    3.457852148079
$End
$SCF_Energy
   &GeometryIndex 23
   &Method [&Type "String"] "SCF"
   &totalEnergy [&Type "ArrayOfDoubles", &Dim (1,1)] "Total energy of each state"
                                                         0

0                                     -1.5299758949754125e+03
   &Mult [&Type "ArrayOfIntegers", &Dim (1,1)] "Multiplicity of each state"
                                                         0

0                                                        1
$End
$DFT_Energy
   &GeometryIndex 23
   &nAlphaEl [&Type "Integer"] 89
   &nBetaEl [&Type "Integer"] 89
   &nTotalEl [&Type "Integer"] 179
   &finalEn [&Type "Double"]      -1.5299758949754125e+03  "No Van der Waals correction"
   &eExchange [&Type "Double"]      -1.2764496078953195e+02
   &eCorr [&Type "Double"]      -6.2547102702150568e+00
   &eXC [&Type "Double"]      -1.3389967105974699e+02
   &eCNL [&Type "Double"]       0.0000000000000000e+00
$End
$Solvation_Details
   &GeometryIndex 23
   &Solvent [&Type "String"] "WATER"
   &Epsilon [&Type "Double"]       8.0150999999999996e+01
   &Refrac [&Type "Double"]       1.3328000000000000e+00
   &RSolv [&Type "Double"]       1.3000000000000000e+00
   &SurfaceType [&Type "String"] "GAUSSIAN VDW"
   &CPCMDielEnergy [&Type "Double"]      -1.4769686200000001e-01
   &NPoints [&Type "Integer"] 3027
   &SurfaceArea [&Type "Double"]       1.2062189695760001e+03
$End
$SCF_Timings
   &GeometryIndex 23
   &TOTAL [&Type "Double"]       7.2378996999999998e+01
   &PREP [&Type "Double"]       8.2119399999999998e-01
   &FOCK [&Type "Double"]       6.5605972000000008e+01
   &DENS [&Type "Double"]       1.8967899999999815e-01
   &ETOT [&Type "Double"]       9.3998000000009796e-02
   &TRAFO [&Type "Double"]       3.5959299999998962e-01
   &DIIS [&Type "Double"]       6.0175000000000090e-01
   &SOSCF [&Type "Double"]       1.4413189999999965e+00
   &XC [&Type "Double"]       6.5232669999999935e+00
   &FOCKSTART [&Type "Double"]       3.5390000000006361e-02
   &SOLV [&Type "Double"]       6.5105779999999953e+00
   &SOLV_INIT [&Type "Double"]       2.1768799999999999e-01
   &INT_PREP [&Type "Double"]       4.0000000058881824e-06
   &INT_BF [&Type "Double"]       1.1397239999998074e+00
   &INT_DENS [&Type "Double"]       1.7250480000001360e+00
   &INT_DENSIO [&Type "Double"]       1.1462418734600017e+05
   &INT_FUNC [&Type "Double"]       6.7381000000032998e-02
   &INT_POT [&Type "Double"]       1.0310589999998978e+00
   &INT_POTIO [&Type "Double"]       1.3920000000007704e-02
   &INT_SUM [&Type "Double"]       8.3899999999559327e-04
   &SPLITRIJ [&Type "Double"]       5.1864870000000050e+00
   &COSX [&Type "Double"]       5.1237409000000007e+01
$End
$VdW_Correction
   &GeometryIndex 23
   &vdW [&Type "Double"]      -4.0865692338250714e-02
$End
$Single_Point_Data
   &GeometryIndex 23
   &FinalEnergy [&Type "Double"]      -1.5300167606677508e+03  "Final single point energy"
   &Converged [&Type "Boolean"] true
$End
$SCF_Nuc_Gradient
   &GeometryIndex 23
   &NAtoms [&Type "Integer"] 36
   &gradNorm [&Type "Double"]       2.0894868511061636e-03
   &grad [&Type "ArrayOfDoubles", &Dim (108,1)] 
                                                         0

0                                      1.0402937124976111e-03
1                                     -2.8789830212606546e-05
2                                      8.6314224806042014e-05
3                                     -5.6830487349214293e-04
4                                      3.4330144196896030e-04
5                                     -2.0858864322364229e-04
6                                     -2.6339437649666175e-05
7                                     -1.5287968935747247e-04
8                                      5.3992548216023176e-05
9                                     -2.7397322332418169e-04
10                                     5.0381274574322484e-05
11                                     1.5499331562637662e-04
12                                    -1.9811951122612905e-04
13                                    -2.2425636435174326e-04
14                                    -2.0101315049722487e-04
15                                    -3.4493336790672458e-04
16                                     1.0692280442541921e-04
17                                    -1.3195468421750163e-04
18                                     3.7029712311098095e-04
19                                     1.0682504866326424e-04
20                                    -2.6721315900601124e-04
21                                    -2.8755044122816327e-06
22                                     2.2359243657328419e-04
23                                     1.0961610917331447e-04
24                                    -2.9438809073624109e-04
25                                     1.6247798023609331e-04
26                                     1.5847635959875811e-04
27                                     1.5004044031633796e-04
28                                    -1.4757013027402293e-04
29                                     1.3213927694436314e-04
30                                    -1.9557781047427440e-05
31                                     5.4173088915092328e-05
32                                     1.8534448033636884e-04
33                                     1.2947443442664470e-04
34                                    -1.9616911412921899e-04
35                                     5.0456370815862384e-05
36                                     1.4997476296115222e-04
37                                     6.8173508590035557e-06
38                                     6.0745662323192163e-05
39                                    -2.7166583307139120e-04
40                                    -1.9211243804062876e-04
41                                     5.8573362856719047e-05
42                                     1.7607897455674875e-04
43                                     4.2983327573790838e-04
44                                    -6.1462135294069759e-05
45                                     4.4435205671351725e-05
46                                    -3.3629793665642137e-04
47                                    -1.9027654892325228e-04
48                                    -2.8332590545987382e-04
49                                     2.5402581024047525e-04
50                                     8.2587735202573856e-05
51                                     1.9386946328029211e-04
52                                    -2.5572735955524753e-04
53                                    -1.0399813863901179e-04
54                                     2.2927280273936091e-05
55                                     1.3705839110558356e-04
56                                     1.1059150591679348e-04
57                                     1.0683852183369824e-04
58                                    -8.2050812211729529e-05
59                                     3.7470450357258029e-05
60                                    -3.0547063944156715e-04
61                                    -1.2413242851156032e-05
62                                    -1.5904180626773038e-04
63                                    -3.2767487148562002e-06
64                                     4.1669902499174915e-04
65                                     2.2576633707707349e-04
66                                     2.7962801278510921e-04
67                                    -4.5525981349719058e-04
68                                    -1.5403174336737889e-04
69                                    -1.2809558715018551e-05
70                                    -5.9696265313148085e-05
71                                     9.0869708950008386e-05
72                                     1.2323881742521884e-04
73                                    -2.0880627191345764e-05
74                                     6.3222759837620692e-05
75                                    -4.2833715378337963e-05
76                                    -4.2091743525417519e-05
77                                     1.5882495812536889e-05
78                                    -1.2253935979487858e-04
79                                    -9.1802696539819339e-05
80                                     1.2878013236948505e-05
81                                     1.7063000204671806e-04
82                                    -1.2686647723808976e-04
83                                    -5.6482144010600339e-05
84                                    -1.3676377153462423e-04
85                                     5.1253231109513734e-05
86                                    -8.2583204923012294e-05
87                                    -9.1697056356320448e-05
88                                     6.3148656993098989e-05
89                                    -1.1136516368622491e-04
90                                    -1.0092596291796803e-04
91                                    -2.9018481555337123e-06
92                                     6.2341381550814589e-06
93                                    -2.3339596500555616e-05
94                                     1.3812736555491198e-04
95                                    -1.2737410028689216e-04
96                                     2.1064429251481043e-04
97                                    -1.6839839943462651e-04
98                                     1.4383443002005309e-04
99                                    -1.2422663518670463e-04
100                                    2.9493809993082871e-05
101                                   -4.7174893540103466e-05
102                                    4.4563549609051955e-05
103                                    4.4702977966704140e-05
104                                    5.4371221856216475e-05
105                                    3.4432006168603793e-05
106                                   -2.2669166786492260e-05
107                                    8.1990272941328358e-06
   &Method [&Type "String"] "SCF"
   &Level [&Type "String"] "Relaxed density"
   &Mult [&Type "Integer"] 1
   &State [&Type "Integer"] 0
   &Irrep [&Type "Integer"] 0
$End
$Geometry
   &GeometryIndex 24
   &NAtoms [&Type "Integer"] 36
   &NCorelessECP [&Type "Integer"] 0
   &NGhostAtoms [&Type "Integer"] 0
   &CartesianCoordinates [&Type "Coordinates", &Dim(36,4), &Units "Bohr"] 
              P     -6.649756927974   -3.025019660321    0.078959495576
              O     -8.450053306619   -2.543562434050   -2.029839504321
              O     -7.375152127801   -4.555252613121    2.323565056816
              O     -4.136590163775   -4.201516291748   -1.232199146420
              O     -5.632310560312   -0.364245794525    1.213266641315
              C     -4.854425054692    1.544287186251   -0.487343292504
              C     -3.024367951536    3.279307207816    0.853340323018
              O     -0.864460882432    1.891074144671    1.736088807639
              C     -1.995173718968    5.327569440050   -0.866506411240
              O     -1.343309948105    7.458427050567    0.590586375993
              C      0.383412100934    4.068290462993   -1.915867958039
              O      2.259238172485    5.775883191973   -2.684083448405
              C      1.306159578818    2.583564195202    0.374364350488
              N      2.758602509443    0.364621153170   -0.235084647838
              C      1.999919060931   -1.690067737350   -1.617291938537
              N      3.724910880343   -3.445281875934   -1.790523738345
              C      5.744130128930   -2.501371609115   -0.445723305353
              C      8.165096443686   -3.457295051601    0.087040982697
              N      8.966330483570   -5.700374593623   -0.746529877451
              N      9.720955760120   -2.036603390886    1.499296594708
              C      8.913743859491    0.200654170477    2.328249831011
              N      6.694373416174    1.302439526519    1.949768755028
              C      5.177319797461   -0.138732412343    0.545099085326
              H     -2.966923608050   -4.811479765134    0.025010158136
              H     -3.950571454069    0.707634432758   -2.151550284146
              H     -6.487444800475    2.644148902472   -1.124486710713
              H     -3.946149551058    4.113391060605    2.503532837383
              H     -3.331036288114    5.824631673488   -2.367675907569
              H     -0.002323138740    8.315661637377   -0.306882636192
              H     -0.130631438732    2.776729669012   -3.445920136042
              H      1.983260002408    6.204421457955   -4.430985691662
              H      2.553399956057    3.779703396317    1.511036182465
              H      0.127831503632   -1.798446207943   -2.424850507202
              H      7.837669565982   -6.800363873291   -1.805077166145
              H     10.714045599697   -6.304212394172   -0.309691746079
              H     10.261412793518    1.255160622473    3.464331225348
$End
$SCF_Energy
   &GeometryIndex 24
   &Method [&Type "String"] "SCF"
   &totalEnergy [&Type "ArrayOfDoubles", &Dim (1,1)] "Total energy of each state"
                                                         0

0                                     -1.5299757996498774e+03
   &Mult [&Type "ArrayOfIntegers", &Dim (1,1)] "Multiplicity of each state"
                                                         0

0                                                        1
$End
$DFT_Energy
   &GeometryIndex 24
   &nAlphaEl [&Type "Integer"] 90
   &nBetaEl [&Type "Integer"] 90
   &nTotalEl [&Type "Integer"] 179
   &finalEn [&Type "Double"]      -1.5299757996498774e+03  "No Van der Waals correction"
   &eExchange [&Type "Double"]      -1.2764540255803304e+02
   &eCorr [&Type "Double"]      -6.2549458273752192e+00
   &eXC [&Type "Double"]      -1.3390034838540825e+02
   &eCNL [&Type "Double"]       0.0000000000000000e+00
$End
$Solvation_Details
   &GeometryIndex 24
   &Solvent [&Type "String"] "WATER"
   &Epsilon [&Type "Double"]       8.0150999999999996e+01
   &Refrac [&Type "Double"]       1.3328000000000000e+00
   &RSolv [&Type "Double"]       1.3000000000000000e+00
   &SurfaceType [&Type "String"] "GAUSSIAN VDW"
   &CPCMDielEnergy [&Type "Double"]      -1.4755010399999999e-01
   &NPoints [&Type "Integer"] 3025
   &SurfaceArea [&Type "Double"]       1.2024745580670001e+03
$End
$SCF_Timings
   &GeometryIndex 24
   &TOTAL [&Type "Double"]       7.9987565000000004e+01
   &PREP [&Type "Double"]       7.6604000000000005e-01
   &FOCK [&Type "Double"]       7.2315629999999999e+01
   &DENS [&Type "Double"]       2.0749799999999397e-01
   &ETOT [&Type "Double"]       1.0608900000001142e-01
   &POP [&Type "Double"]       9.9999999747524271e-07
   &TRAFO [&Type "Double"]       5.6087900000000346e-01
   &DIIS [&Type "Double"]       2.2981639999999963e+00
   &SOSCF [&Type "Double"]       9.1568699999999836e-01
   &XC [&Type "Double"]       7.3747200000000088e+00
   &FOCKSTART [&Type "Double"]       3.7545999999998303e-02
   &SOLV [&Type "Double"]       7.2589939999999995e+00
   &SOLV_INIT [&Type "Double"]       2.0079400000000008e-01
   &SOLV_FINAL [&Type "Double"]       9.9999999747524271e-07
   &INT_PREP [&Type "Double"]       7.0000000036429810e-06
   &INT_BF [&Type "Double"]       1.3658930000001703e+00
   &INT_DENS [&Type "Double"]       2.1368950000001039e+00
   &INT_DENSIO [&Type "Double"]       1.3089833200900021e+05
   &INT_FUNC [&Type "Double"]       8.4740999999956657e-02
   &INT_POT [&Type "Double"]       1.6181349999998602e+00
   &INT_POTIO [&Type "Double"]       1.7059999999903042e-02
   &INT_SUM [&Type "Double"]       8.3600000000139119e-04
   &SPLITRIJ [&Type "Double"]       5.7393099999999961e+00
   &COSX [&Type "Double"]       5.5434612000000008e+01
$End
$VdW_Correction
   &GeometryIndex 24
   &vdW [&Type "Double"]      -4.0981758608232333e-02
$End
$Single_Point_Data
   &GeometryIndex 24
   &FinalEnergy [&Type "Double"]      -1.5300167814084857e+03  "Final single point energy"
   &Converged [&Type "Boolean"] true
$End
$SCF_Nuc_Gradient
   &GeometryIndex 24
   &NAtoms [&Type "Integer"] 36
   &gradNorm [&Type "Double"]       2.6967602354828111e-03
   &grad [&Type "ArrayOfDoubles", &Dim (108,1)] 
                                                         0

0                                      1.3464628207399401e-03
1                                      2.7520186064953545e-04
2                                      5.2611088021821764e-04
3                                     -7.6828271618568260e-04
4                                      3.0615219079902639e-04
5                                     -5.6849866524712124e-04
6                                     -7.1113167761131465e-05
7                                     -1.0200265355967531e-04
8                                      4.6688369989085130e-06
9                                     -3.3524802916245594e-04
10                                     5.2578793292980578e-05
11                                     2.0831844394991715e-04
12                                    -8.8883685224361623e-05
13                                    -6.1435394220678871e-04
14                                    -4.0119276911179880e-04
15                                    -4.6992094867296519e-04
16                                     2.2096723998485889e-04
17                                    -3.6438540227417778e-05
18                                     4.8044419485269920e-04
19                                     6.8804728825374944e-05
20                                    -2.8209682076213200e-04
21                                    -2.9647007497466965e-05
22                                     1.2454026292222327e-04
23                                     8.2749091386420909e-06
24                                    -2.8844094200595311e-04
25                                     2.2020882603967471e-04
26                                     2.0975008524192057e-04
27                                     4.9955922709190093e-05
28                                    -1.1117504732192343e-04
29                                     9.1845113066343586e-05
30                                    -6.4264135324730026e-05
31                                     3.8645949387523804e-05
32                                     2.2981594948696219e-04
33                                     1.5948718097901778e-04
34                                    -1.9691146137341411e-04
35                                     9.9217179697954754e-05
36                                     1.2294894260509074e-04
37                                     3.5042202560607638e-05
38                                     1.2040433532915200e-04
39                                    -2.8806702998112726e-04
40                                    -7.5918499952735746e-05
41                                     5.4192232838927635e-05
42                                     1.4027424549618861e-04
43                                     3.6345808354018512e-04
44                                     7.6894086201807505e-05
45                                    -2.4566892974869106e-05
46                                    -4.2684509958916262e-04
47                                    -1.9611138433242662e-04
48                                    -3.7736695991877388e-04
49                                     2.9314445672461381e-04
50                                     8.9833980651332916e-05
51                                     2.5488226513460579e-04
52                                    -3.3002152327835663e-04
53                                    -1.7044286410039972e-04
54                                     3.4336080824998324e-05
55                                     2.1068249346670707e-04
56                                     1.6609302098356669e-04
57                                     1.0561854112469004e-04
58                                    -1.1187602708329189e-04
59                                     4.9860155031129468e-05
60                                    -3.6285562053668219e-04
61                                     3.0735526752390184e-06
62                                    -2.1110527691785692e-04
63                                    -3.7608537176420163e-05
64                                     4.8044358625873572e-04
65                                     2.2850565663031527e-04
66                                     3.5185525233242848e-04
67                                    -5.6412841087785149e-04
68                                    -1.7614526130326554e-04
69                                     1.6388471734726887e-04
70                                     3.9166826518666860e-05
71                                     9.9618770764438270e-05
72                                     2.1958022543008661e-04
73                                    -4.0739571221653417e-05
74                                     1.5693200601679363e-04
75                                    -8.5406111705904023e-05
76                                    -5.3206465217406961e-05
77                                    -5.0739453477645602e-05
78                                    -1.5520305432120229e-04
79                                    -2.8255315031461482e-05
80                                    -9.6451409846472626e-06
81                                     1.8018542601297351e-04
82                                    -1.8315533214019721e-04
83                                    -2.5263738576473003e-05
84                                    -8.1971303792522082e-05
85                                    -3.9228237833604086e-06
86                                    -4.6470123091360300e-05
87                                    -1.0325789002394619e-04
88                                     8.3090480455564567e-05
89                                    -1.7476438586383074e-04
90                                    -1.0335420000855681e-04
91                                    -4.2004564542022423e-05
92                                    -1.1665598310820787e-05
93                                    -4.2287294855142225e-05
94                                     1.8433469408176925e-04
95                                    -1.5606737483253699e-04
96                                     2.3827512292173803e-04
97                                    -1.2980515047635301e-04
98                                     9.9321670441161199e-05
99                                    -1.6134080670499173e-04
100                                    2.4381026230378542e-05
101                                   -6.3184048656182921e-05
102                                    4.6397141526447283e-05
103                                    3.8871726285830984e-05
104                                    5.0315277954822904e-05
105                                    4.4498289685016392e-05
106                                   -4.8467069488223832e-05
107                                    9.8588680696157411e-06
   &Method [&Type "String"] "SCF"
   &Level [&Type "String"] "Relaxed density"
   &Mult [&Type "Integer"] 1
   &State [&Type "Integer"] 0
   &Irrep [&Type "Integer"] 0
$End
$Geometry
   &GeometryIndex 25
   &NAtoms [&Type "Integer"] 36
   &NCorelessECP [&Type "Integer"] 0
   &NGhostAtoms [&Type "Integer"] 0
   &CartesianCoordinates [&Type "Coordinates", &Dim(36,4), &Units "Bohr"] 
              P     -6.673055423208   -3.018365999948    0.085384622227
              O     -8.486802751453   -2.522398945555   -2.007652222255
              O     -7.387329343217   -4.551149325208    2.331778717934
              O     -4.175951682515   -4.203100315020   -1.250026456610
              O     -5.632974198586   -0.365079574263    1.219575510566
              C     -4.855803814523    1.542030914069   -0.482927158772
              C     -3.021317607508    3.274957843352    0.853618925736
              O     -0.861156416346    1.884161001087    1.732050092668
              C     -1.993166929992    5.322378195175   -0.868722846366
              O     -1.340800660599    7.454301290778    0.587007072227
              C      0.385700628885    4.064352798587   -1.918355034510
              O      2.259218424883    5.774020860022   -2.687803511228
              C      1.309303598171    2.580757076781    0.372361149238
              N      2.764900704226    0.364275093981   -0.236657032237
              C      2.009756914767   -1.690051497668   -1.621702023302
              N      3.737310259144   -3.442534708723   -1.794722547041
              C      5.753852027720   -2.498169526808   -0.446236813928
              C      8.174902455679   -3.451998354003    0.089070456282
              N      8.980282100164   -5.693224786810   -0.746227934275
              N      9.727263099559   -2.031403511720    1.505267644420
              C      8.916704712172    0.203746608667    2.336155165916
              N      6.696508599808    1.303182137896    1.955361118782
              C      5.182805050289   -0.137112646705    0.546656541651
              H     -3.001112936502   -4.826219347836   -0.004408001423
              H     -3.957855678754    0.704244818840   -2.149885631852
              H     -6.488278169306    2.644948171328   -1.116185241997
              H     -3.938147146479    4.110805319547    2.505607476017
              H     -3.330579328088    5.819343002107   -2.368768013870
              H      0.001284846509    8.310007085557   -0.310363082189
              H     -0.127246209705    2.770861905025   -3.446969142879
              H      1.985679589971    6.198032370651   -4.436143446455
              H      2.554251041615    3.777233827400    1.511248514566
              H      0.138578093103   -1.798525929388   -2.432371216517
              H      7.855081059396   -6.793840225583   -1.807650697015
              H     10.728110013794   -6.295350195134   -0.307491271934
              H     10.261215769150    1.258659446511    3.475548967163
$End
$SCF_Energy
   &GeometryIndex 25
   &Method [&Type "String"] "SCF"
   &totalEnergy [&Type "ArrayOfDoubles", &Dim (1,1)] "Total energy of each state"
                                                         0

0                                     -1.5299758488896778e+03
   &Mult [&Type "ArrayOfIntegers", &Dim (1,1)] "Multiplicity of each state"
                                                         0

0                                                        1
$End
$DFT_Energy
   &GeometryIndex 25
   &nAlphaEl [&Type "Integer"] 90
   &nBetaEl [&Type "Integer"] 90
   &nTotalEl [&Type "Integer"] 179
   &finalEn [&Type "Double"]      -1.5299758488896778e+03  "No Van der Waals correction"
   &eExchange [&Type "Double"]      -1.2764525548416614e+02
   &eCorr [&Type "Double"]      -6.2548751525829918e+00
   &eXC [&Type "Double"]      -1.3390013063674914e+02
   &eCNL [&Type "Double"]       0.0000000000000000e+00
$End
$Solvation_Details
   &GeometryIndex 25
   &Solvent [&Type "String"] "WATER"
   &Epsilon [&Type "Double"]       8.0150999999999996e+01
   &Refrac [&Type "Double"]       1.3328000000000000e+00
   &RSolv [&Type "Double"]       1.3000000000000000e+00
   &SurfaceType [&Type "String"] "GAUSSIAN VDW"
   &CPCMDielEnergy [&Type "Double"]      -1.4756627800000000e-01
   &NPoints [&Type "Integer"] 3023
   &SurfaceArea [&Type "Double"]       1.2038803452320001e+03
$End
$SCF_Timings
   &GeometryIndex 25
   &TOTAL [&Type "Double"]       7.0183907000000005e+01
   &PREP [&Type "Double"]       8.6532399999999998e-01
   &FOCK [&Type "Double"]       6.3493833999999985e+01
   &DENS [&Type "Double"]       1.6488000000000369e-01
   &ETOT [&Type "Double"]       8.0379999999999896e-02
   &POP [&Type "Double"]       9.9999999747524271e-07
   &TRAFO [&Type "Double"]       5.8155699999999300e-01
   &DIIS [&Type "Double"]       1.2172029999999978e+00
   &SOSCF [&Type "Double"]       1.0497329999999998e+00
   &XC [&Type "Double"]       5.3842279999999931e+00
   &FOCKSTART [&Type "Double"]       3.3114999999994676e-02
   &SOLV [&Type "Double"]       5.8200959999999977e+00
   &SOLV_INIT [&Type "Double"]       2.2046199999999994e-01
   &INT_PREP [&Type "Double"]       1.0000000045806701e-06
   &INT_BF [&Type "Double"]       9.8863600000002627e-01
   &INT_DENS [&Type "Double"]       1.5086519999999535e+00
   &INT_DENSIO [&Type "Double"]       9.3542638059000165e+04
   &INT_FUNC [&Type "Double"]       5.8738999999997432e-02
   &INT_POT [&Type "Double"]       1.1293229999999390e+00
   &INT_POTIO [&Type "Double"]       1.1721000000008530e-02
   &INT_SUM [&Type "Double"]       8.6899999999623390e-04
   &SPLITRIJ [&Type "Double"]       5.0944910000000068e+00
   &COSX [&Type "Double"]       5.0784583000000012e+01
$End
$VdW_Correction
   &GeometryIndex 25
   &vdW [&Type "Double"]      -4.0949106650576814e-02
$End
$Single_Point_Data
   &GeometryIndex 25
   &FinalEnergy [&Type "Double"]      -1.5300167979963283e+03  "Final single point energy"
   &Converged [&Type "Boolean"] true
$End
$SCF_Nuc_Gradient
   &GeometryIndex 25
   &NAtoms [&Type "Integer"] 36
   &gradNorm [&Type "Double"]       1.6846666111035033e-03
   &grad [&Type "ArrayOfDoubles", &Dim (108,1)] 
                                                         0

0                                      8.3692456420080886e-04
1                                      1.6872183437750203e-04
2                                      3.1379269374918084e-04
3                                     -4.8369189634912146e-04
4                                      2.1634094450582742e-04
5                                     -3.5583925763004760e-04
6                                     -3.1190558191217319e-05
7                                     -1.0059302254321803e-04
8                                      3.2712638214942369e-05
9                                     -1.9912486821075154e-04
10                                     1.2149303581283899e-05
11                                     1.1701017359870866e-04
12                                    -2.3728394598947742e-05
13                                    -3.5045346801647180e-04
14                                    -2.2037206187870473e-04
15                                    -3.4307958180193284e-04
16                                     1.5382156735997389e-04
17                                    -1.4279104922048866e-05
18                                     2.8699335809971008e-04
19                                     3.0037608130346817e-05
20                                    -1.8480121672505021e-04
21                                     1.6285193596854359e-05
22                                     1.0479713737322523e-04
23                                     2.5214557754549597e-05
24                                    -1.8673047420801999e-04
25                                     1.4094013152642109e-04
26                                     1.0097701937743819e-04
27                                     6.1749442200380379e-05
28                                    -1.0447571289635467e-04
29                                     7.0764558801749233e-05
30                                    -3.2196479692692443e-05
31                                     3.9947873573728304e-05
32                                     1.6783874055327719e-04
33                                     1.0968022062880419e-04
34                                    -1.1533095478797071e-04
35                                     4.7059029418338762e-05
36                                     6.9479596773654666e-05
37                                    -2.1339393878749434e-09
38                                     3.3125715799286250e-05
39                                    -2.0190400538536141e-04
40                                    -3.0533577666026573e-05
41                                     7.3808379684920598e-05
42                                     1.5568023462752710e-04
43                                     2.4299262580979638e-04
44                                     7.4970208032653978e-05
45                                    -1.6335966117696435e-05
46                                    -2.5618084256451838e-04
47                                    -1.5598865005444476e-04
48                                    -2.3412665561272890e-04
49                                     1.8156630494315827e-04
50                                     6.7779849550166126e-05
51                                     1.7296977252142148e-04
52                                    -2.1212268792224429e-04
53                                    -1.0254970941125089e-04
54                                     1.8646025882947191e-05
55                                     1.3650495097961045e-04
56                                     1.1231593980524861e-04
57                                     4.7033878751391500e-05
58                                    -6.6861349018264087e-05
59                                     2.4170998394892382e-05
60                                    -2.2170359737067199e-04
61                                     1.3981012356232425e-05
62                                    -1.1671245713167831e-04
63                                    -3.7573840957453957e-05
64                                     2.8306552340710887e-04
65                                     1.3606399336526764e-04
66                                     2.2445735551113644e-04
67                                    -3.2924601538442306e-04
68                                    -9.1726373316542483e-05
69                                     4.0070108709555322e-05
70                                     2.0174364826770275e-05
71                                     3.5678018833644354e-05
72                                     1.4956126227429748e-04
73                                    -3.1056093745005664e-05
74                                     7.8744461508022137e-05
75                                    -4.2281606806645049e-05
76                                    -4.4722211452000247e-05
77                                    -4.1865463362385306e-05
78                                    -1.0025588112984908e-04
79                                    -2.9500282266017714e-05
80                                    -4.3367765535074724e-06
81                                     1.1883076763311698e-04
82                                    -1.0823459419098352e-04
83                                    -3.6219519423643325e-05
84                                    -6.6704338402864992e-05
85                                     1.0013300385726181e-05
86                                    -2.4828111235667250e-05
87                                    -8.4229715360205191e-05
88                                     4.9160539660953115e-05
89                                    -1.0414335872394260e-04
90                                    -6.5869946539518723e-05
91                                    -3.3166025337192861e-05
92                                    -4.1137150037970610e-06
93                                    -2.6000031378689044e-05
94                                     1.0256261405476023e-04
95                                    -9.3947709672159078e-05
96                                     1.1755439069582388e-04
97                                    -1.0298818362746513e-04
98                                     3.9404060111315059e-05
99                                    -1.0669543314630861e-04
100                                    1.6558568019928307e-05
101                                   -4.2688722205408624e-05
102                                    4.3930054252041385e-05
103                                    2.2579185277138753e-05
104                                    3.6498796509115759e-05
105                                    3.3577077516515675e-05
106                                   -3.0448210990327793e-05
107                                    6.4823904437707900e-06
   &Method [&Type "String"] "SCF"
   &Level [&Type "String"] "Relaxed density"
   &Mult [&Type "Integer"] 1
   &State [&Type "Integer"] 0
   &Irrep [&Type "Integer"] 0
$End
$Geometry
   &GeometryIndex 26
   &NAtoms [&Type "Integer"] 36
   &NCorelessECP [&Type "Integer"] 0
   &NGhostAtoms [&Type "Integer"] 0
   &CartesianCoordinates [&Type "Coordinates", &Dim(36,4), &Units "Bohr"] 
              P     -6.663948525980   -3.022177788051    0.095842704604
              O     -8.475976830734   -2.541290609502   -2.001227851025
              O     -7.372691655390   -4.553601204745    2.344805282406
              O     -4.158618292238   -4.196618125408   -1.235008502598
              O     -5.638142498971   -0.360888350130    1.226612592846
              C     -4.862740308203    1.544771838016   -0.478521311945
              C     -3.021149190066    3.274379426154    0.851877036954
              O     -0.860617276160    1.878379103914    1.721061896696
              C     -1.995670267484    5.321926262798   -0.873094606723
              O     -1.344614868914    7.455801687802    0.580839177796
              C      0.384734679129    4.068191078955   -1.924212524626
              O      2.254872157448    5.783208802852   -2.690395578000
              C      1.309446591850    2.581750277562    0.364355751340
              N      2.767666347458    0.368550488638   -0.248427753110
              C      2.015365360300   -1.681240035078   -1.642225654999
              N      3.742057120931   -3.434513982415   -1.813016597071
              C      5.754052645835   -2.496907214547   -0.453091730403
              C      8.171063592609   -3.455506229418    0.090742749512
              N      8.977774948141   -5.695398677347   -0.747832213946
              N      9.718830550843   -2.041533519626    1.518531829408
              C      8.907629967460    0.191776763688    2.353177566156
              N      6.690422519342    1.294802565031    1.965040374687
              C      5.181129815476   -0.137931459653    0.544565199611
              H     -2.985062044846   -4.817047484189    0.012905577084
              H     -3.973244288231    0.706376967315   -2.149681512227
              H     -6.495279995091    2.651222285294   -1.105445837432
              H     -3.929516132672    4.111810343152    2.507662015769
              H     -3.335767762190    5.817770203074   -2.371382882265
              H      0.001903607487    8.307627494682   -0.313803537107
              H     -0.125212455235    2.775614860651   -3.454297944906
              H      1.986179099846    6.204194693660   -4.440160572572
              H      2.552204849071    3.776311509161    1.507773722905
              H      0.147075531459   -1.784326536289   -2.461154054978
              H      7.856659105168   -6.792194395970   -1.817305445052
              H     10.722644515345   -6.301159046392   -0.302464036111
              H     10.247670079433    1.241642883350    3.502379318062
$End
$SCF_Energy
   &GeometryIndex 26
   &Method [&Type "String"] "SCF"
   &totalEnergy [&Type "ArrayOfDoubles", &Dim (1,1)] "Total energy of each state"
                                                         0

0                                     -1.5299758517137936e+03
   &Mult [&Type "ArrayOfIntegers", &Dim (1,1)] "Multiplicity of each state"
                                                         0

0                                                        1
$End
$DFT_Energy
   &GeometryIndex 26
   &nAlphaEl [&Type "Integer"] 90
   &nBetaEl [&Type "Integer"] 90
   &nTotalEl [&Type "Integer"] 179
   &finalEn [&Type "Double"]      -1.5299758517137936e+03  "No Van der Waals correction"
   &eExchange [&Type "Double"]      -1.2764517151277218e+02
   &eCorr [&Type "Double"]      -6.2548421928205151e+00
   &eXC [&Type "Double"]      -1.3390001370559270e+02
   &eCNL [&Type "Double"]       0.0000000000000000e+00
$End
$Solvation_Details
   &GeometryIndex 26
   &Solvent [&Type "String"] "WATER"
   &Epsilon [&Type "Double"]       8.0150999999999996e+01
   &Refrac [&Type "Double"]       1.3328000000000000e+00
   &RSolv [&Type "Double"]       1.3000000000000000e+00
   &SurfaceType [&Type "String"] "GAUSSIAN VDW"
   &CPCMDielEnergy [&Type "Double"]      -1.4754317800000000e-01
   &NPoints [&Type "Integer"] 3020
   &SurfaceArea [&Type "Double"]       1.2045276030760001e+03
$End
$SCF_Timings
   &GeometryIndex 26
   &TOTAL [&Type "Double"]       6.9219463000000005e+01
   &PREP [&Type "Double"]       9.8512999999999995e-01
   &FOCK [&Type "Double"]       6.1886729999999986e+01
   &DENS [&Type "Double"]       1.5386700000001241e-01
   &ETOT [&Type "Double"]       9.0851000000002458e-02
   &POP [&Type "Double"]       1.0000000116860974e-06
   &TRAFO [&Type "Double"]       3.8357200000000091e-01
   &DIIS [&Type "Double"]       4.6277699999999911e-01
   &SOSCF [&Type "Double"]       1.6891500000000015e+00
   &XC [&Type "Double"]       5.6463109999999865e+00
   &FOCKSTART [&Type "Double"]       3.4351999999998162e-02
   &SOLV [&Type "Double"]       5.4928889999999928e+00
   &SOLV_INIT [&Type "Double"]       2.6248800000000005e-01
   &INT_PREP [&Type "Double"]       3.0000000030838692e-06
   &INT_BF [&Type "Double"]       1.3796670000000208e+00
   &INT_DENS [&Type "Double"]       2.1673249999999005e+00
   &INT_DENSIO [&Type "Double"]       8.8720666107000172e+04
   &INT_FUNC [&Type "Double"]       7.4167000000109340e-02
   &INT_POT [&Type "Double"]       1.6522499999999773e+00
   &INT_POTIO [&Type "Double"]       1.5139000000012004e-02
   &INT_SUM [&Type "Double"]       4.2699999999662452e-04
   &SPLITRIJ [&Type "Double"]       4.1111880000000038e+00
   &COSX [&Type "Double"]       5.0779418000000000e+01
$End
$VdW_Correction
   &GeometryIndex 26
   &vdW [&Type "Double"]      -4.0945957226207447e-02
$End
$Single_Point_Data
   &GeometryIndex 26
   &FinalEnergy [&Type "Double"]      -1.5300167976710200e+03  "Final single point energy"
   &Converged [&Type "Boolean"] true
$End
$SCF_Nuc_Gradient
   &GeometryIndex 26
   &NAtoms [&Type "Integer"] 36
   &gradNorm [&Type "Double"]       5.8002861514483916e-04
   &grad [&Type "ArrayOfDoubles", &Dim (108,1)] 
                                                         0

0                                      2.0970741774853612e-04
1                                      1.5194479481485000e-04
2                                      1.6487932838020824e-04
3                                     -1.3794988847788090e-04
4                                      5.2746502914642710e-05
5                                     -1.6989733221568651e-04
6                                      7.2984876101428388e-06
7                                     -7.1493506614036991e-05
8                                      3.0960483566668047e-05
9                                      4.5179717660304890e-06
10                                    -2.3839401735584306e-05
11                                    -6.4804113129752689e-06
12                                     5.0592109603319116e-05
13                                    -1.3003548826428723e-04
14                                    -3.7330286814320757e-05
15                                    -1.7015843170273531e-04
16                                     6.8810383438385345e-05
17                                     5.3947751968672226e-06
18                                     3.3900994470919171e-05
19                                     5.2384177687909896e-07
20                                    -1.0913055126987240e-05
21                                     3.3943376674156638e-05
22                                     7.1075178350858489e-05
23                                    -1.9798714765654883e-06
24                                    -4.5612578706250682e-05
25                                     3.0444337457654941e-05
26                                    -1.6419394242818289e-05
27                                     4.9060768324992571e-05
28                                    -7.9839158406712016e-05
29                                     1.6908203198278077e-05
30                                     2.3710344929466091e-05
31                                     2.3432967043948163e-05
32                                     6.4611699064086303e-05
33                                     3.6556647515311342e-05
34                                    -1.9783272357694174e-05
35                                     4.7611109263454379e-06
36                                     1.3673103995680844e-05
37                                    -3.2477395367848670e-05
38                                    -6.0239357520077092e-05
39                                    -8.1900185147071704e-05
40                                     1.1688081490019906e-05
41                                     7.3750513300688280e-05
42                                     8.5825429402637456e-05
43                                     7.6566238910805322e-05
44                                     6.0228250367287835e-05
45                                    -1.4043255673148642e-05
46                                    -5.2664100814715601e-05
47                                    -8.2252265953704315e-05
48                                    -5.6868499071820828e-05
49                                     3.1061588314154750e-05
50                                     3.9057042838339703e-05
51                                     7.0030150502382846e-05
52                                    -5.6840793909307603e-05
53                                    -2.1305209700234337e-05
54                                     5.4063907423732943e-06
55                                     4.1272368131785574e-05
56                                     5.1446031559364648e-05
57                                    -2.0912092889485165e-05
58                                    -2.1998050213385541e-05
59                                    -5.7285926450019753e-06
60                                    -5.5918237176888767e-05
61                                     3.2199139789745190e-05
62                                     7.9314557583861928e-08
63                                    -3.0691164971043019e-05
64                                     2.8427635293441328e-05
65                                     1.8898025130703719e-05
66                                     7.4972418784448580e-05
67                                    -3.0298639727389877e-05
68                                    -4.4622169100716090e-06
69                                    -4.3135547201299198e-05
70                                     9.7649117193963463e-06
71                                    -9.8609284926773497e-06
72                                     5.7737051833266581e-05
73                                    -1.1939228070160029e-05
74                                     4.1481851191043056e-07
75                                     4.6877296760915936e-07
76                                    -3.6658177542092627e-05
77                                    -4.1690840276642939e-05
78                                    -1.9735443023217314e-05
79                                    -1.7862322746368096e-05
80                                     3.5037491616556136e-06
81                                     3.8367703775941326e-05
82                                    -2.4161874494014774e-05
83                                    -3.3972351750983910e-05
84                                    -3.8334766543656149e-05
85                                     2.7273250104299624e-05
86                                     9.3924344337094391e-06
87                                    -5.2084185818523002e-05
88                                     1.5496465306483762e-05
89                                    -1.3367563110167947e-05
90                                    -1.5812511664018531e-05
91                                    -1.8480148054806221e-05
92                                     5.8215640337672125e-06
93                                    -1.0995007759349165e-05
94                                     1.8952222974984875e-05
95                                    -9.5354344529359573e-06
96                                    -8.7471382284906140e-06
97                                    -5.7873943179003303e-05
98                                    -2.6371147829837397e-05
99                                    -4.1107864353352386e-05
100                                    7.5511029535851740e-06
101                                   -1.7142932024842740e-05
102                                    3.2632105286345149e-05
103                                    1.2513711115174714e-06
104                                    1.5273150120446978e-05
105                                    1.5605543598245773e-05
106                                   -1.4236881398323444e-05
107                                    3.5687177191289242e-06
   &Method [&Type "String"] "SCF"
   &Level [&Type "String"] "Relaxed density"
   &Mult [&Type "Integer"] 1
   &State [&Type "Integer"] 0
   &Irrep [&Type "Integer"] 0
$End
$Geometry
   &GeometryIndex 27
   &NAtoms [&Type "Integer"] 36
   &NCorelessECP [&Type "Integer"] 0
   &NGhostAtoms [&Type "Integer"] 0
   &CartesianCoordinates [&Type "Coordinates", &Dim(36,4), &Units "Bohr"] 
              P     -6.660129803103   -3.024453176097    0.099574953004
              O     -8.466049398146   -2.555394239680   -2.004947126525
              O     -7.371776890107   -4.552002900783    2.350122129821
              O     -4.146444832839   -4.194095316155   -1.220217482698
              O     -5.646219280682   -0.357101882771    1.227490262330
              C     -4.867369848061    1.546396527796   -0.478678624522
              C     -3.021716858220    3.272915598566    0.849896925727
              O     -0.861705381516    1.873122669521    1.714231781708
              C     -1.997089533826    5.321301384778   -0.875043873936
              O     -1.349055708059    7.456660972907    0.578252012246
              C      0.385405941166    4.070964999053   -1.925749281071
              O      2.254276190649    5.789762992122   -2.686739856602
              C      1.309148301449    2.581329780678    0.361261167526
              N      2.769229506339    0.370214249988   -0.254471988986
              C      2.017536313281   -1.677996848507   -1.651035860583
              N      3.743432493874   -3.432147287005   -1.820215916625
              C      5.754148975277   -2.496843695868   -0.456890443777
              C      8.169447073867   -3.457555839560    0.090290216314
              N      8.976123800333   -5.697396265403   -0.748909835598
              N      9.715923396674   -2.046054602728    1.521969956888
              C      8.904867762156    0.186894944279    2.357519519601
              N      6.688959019511    1.291579561520    1.966581486862
              C      5.180938830186   -0.138395581047    0.542124629483
              H     -2.975068711114   -4.808404354671    0.032800953748
              H     -3.981399358156    0.706350795411   -2.150761402359
              H     -6.498208668891    2.656301965737   -1.104070827445
              H     -3.926003788333    4.110664445887    2.507741596523
              H     -3.337751011877    5.815789234226   -2.373342627016
              H      0.000851436826    8.306239428666   -0.313590233337
              H     -0.120866254549    2.780189784953   -3.458453578174
              H      1.988483539970    6.212591511503   -4.436504128974
              H      2.549930308100    3.774303155176    1.508549241892
              H      0.150185040107   -1.778887576531   -2.472309448072
              H      7.856220038360   -6.793039096090   -1.820707977546
              H     10.719571573477   -6.304924449461   -0.300602763360
              H     10.243306478102    1.234893986578    3.510259092274
$End
$SCF_Energy
   &GeometryIndex 27
   &Method [&Type "String"] "SCF"
   &totalEnergy [&Type "ArrayOfDoubles", &Dim (1,1)] "Total energy of each state"
                                                         0

0                                     -1.5299758518249814e+03
   &Mult [&Type "ArrayOfIntegers", &Dim (1,1)] "Multiplicity of each state"
                                                         0

0                                                        1
$End
$DFT_Energy
   &GeometryIndex 27
   &nAlphaEl [&Type "Integer"] 90
   &nBetaEl [&Type "Integer"] 90
   &nTotalEl [&Type "Integer"] 179
   &finalEn [&Type "Double"]      -1.5299758518249814e+03  "No Van der Waals correction"
   &eExchange [&Type "Double"]      -1.2764515381220752e+02
   &eCorr [&Type "Double"]      -6.2548183483909803e+00
   &eXC [&Type "Double"]      -1.3389997216059851e+02
   &eCNL [&Type "Double"]       0.0000000000000000e+00
$End
$Solvation_Details
   &GeometryIndex 27
   &Solvent [&Type "String"] "WATER"
   &Epsilon [&Type "Double"]       8.0150999999999996e+01
   &Refrac [&Type "Double"]       1.3328000000000000e+00
   &RSolv [&Type "Double"]       1.3000000000000000e+00
   &SurfaceType [&Type "String"] "GAUSSIAN VDW"
   &CPCMDielEnergy [&Type "Double"]      -1.4754358200000001e-01
   &NPoints [&Type "Integer"] 3022
   &SurfaceArea [&Type "Double"]       1.2048410445860000e+03
$End
$SCF_Timings
   &GeometryIndex 27
   &TOTAL [&Type "Double"]       7.0949189000000004e+01
   &PREP [&Type "Double"]       8.6061299999999996e-01
   &FOCK [&Type "Double"]       6.4515886999999992e+01
   &DENS [&Type "Double"]       1.5490700000000146e-01
   &ETOT [&Type "Double"]       9.3621999999999872e-02
   &POP [&Type "Double"]       9.9999999747524271e-07
   &TRAFO [&Type "Double"]       4.0880300000000602e-01
   &DIIS [&Type "Double"]       2.9946900000000021e-01
   &SOSCF [&Type "Double"]       1.3285369999999990e+00
   &XC [&Type "Double"]       5.6003539999999834e+00
   &FOCKSTART [&Type "Double"]       3.2569000000006731e-02
   &SOLV [&Type "Double"]       5.9095620000000011e+00
   &SOLV_INIT [&Type "Double"]       2.1582500000000004e-01
   &INT_PREP [&Type "Double"]       3.9999999934536845e-06
   &INT_BF [&Type "Double"]       1.0821589999999794e+00
   &INT_DENS [&Type "Double"]       1.6142879999999948e+00
   &INT_DENSIO [&Type "Double"]       1.0004028075300014e+05
   &INT_FUNC [&Type "Double"]       6.5838000000022490e-02
   &INT_POT [&Type "Double"]       1.1177389999999434e+00
   &INT_POTIO [&Type "Double"]       1.2961999999967944e-02
   &INT_SUM [&Type "Double"]       9.6499999999188901e-04
   &SPLITRIJ [&Type "Double"]       4.5717519999999983e+00
   &COSX [&Type "Double"]       5.2187591000000005e+01
$End
$VdW_Correction
   &GeometryIndex 27
   &vdW [&Type "Double"]      -4.0944239494024551e-02
$End
$Single_Point_Data
   &GeometryIndex 27
   &FinalEnergy [&Type "Double"]      -1.5300167960644756e+03  "Final single point energy"
   &Converged [&Type "Boolean"] true
$End
$SCF_Nuc_Gradient
   &GeometryIndex 27
   &NAtoms [&Type "Integer"] 36
   &gradNorm [&Type "Double"]       2.8435175769036636e-04
   &grad [&Type "ArrayOfDoubles", &Dim (108,1)] 
                                                         0

0                                     -4.9525326059939923e-05
1                                      1.2066262844897884e-04
2                                      8.8963491998189770e-05
3                                      9.9872755755466328e-06
4                                     -2.5722082694328688e-05
5                                     -5.3233631701612389e-05
6                                      1.2226074402268581e-05
7                                     -1.7050112723985292e-05
8                                     -1.0378640252533161e-05
9                                      4.8886286793366473e-05
10                                    -1.2242254071397150e-05
11                                    -5.9882673214828529e-05
12                                     2.4621713279624445e-05
13                                    -7.1950051243076962e-05
14                                     1.7046001452169845e-05
15                                    -3.5715264632324916e-05
16                                     1.8021797034321256e-05
17                                    -2.1711823768768140e-05
18                                    -4.8342169386451418e-05
19                                    -2.6335941126595544e-06
20                                     5.1321488935231039e-05
21                                     5.8629065050639379e-06
22                                     5.0693431943271824e-05
23                                    -1.3806856779326627e-07
24                                     1.3400022812104623e-05
25                                    -8.9799278839929986e-06
26                                    -2.1031576437317918e-05
27                                     1.7858798391915640e-05
28                                    -3.6928317762084314e-05
29                                    -5.4642083292710575e-06
30                                     4.3449409335333827e-05
31                                    -2.8829803973253387e-06
32                                    -4.9439109221347433e-06
33                                    -7.6591863859393861e-06
34                                     1.8133990484537634e-06
35                                    -3.4967130017389710e-06
36                                     7.3957749551577094e-07
37                                    -2.5516082072683113e-05
38                                    -5.3084038518707357e-05
39                                    -7.9356840347978639e-06
40                                    -1.3780957473781867e-05
41                                     2.9276710454566836e-05
42                                     1.4516413325735625e-05
43                                     4.4616292025871036e-05
44                                    -1.4371992272132301e-05
45                                    -1.7492640907286594e-05
46                                    -6.8826879228044477e-06
47                                     1.8464755185247261e-05
48                                     2.1334997143755826e-05
49                                    -8.2336428192400718e-06
50                                    -3.5591341131416374e-06
51                                     1.2521048995406057e-05
52                                     2.1938078878043575e-05
53                                     6.7835940384981125e-06
54                                     5.1508942771683253e-06
55                                    -1.6971555593911085e-05
56                                     2.2391858309377337e-05
57                                    -2.4068260238780030e-05
58                                    -3.6882485390470261e-06
59                                    -3.5027557197267447e-06
60                                     7.8853975005107073e-06
61                                     3.3909006887386105e-05
62                                     2.0343289463724561e-05
63                                    -1.0433959101386269e-05
64                                    -5.2803701725728187e-05
65                                    -1.2852102579879695e-05
66                                    -7.3418711084624086e-06
67                                     4.8761529334802583e-05
68                                     2.3618042535761415e-05
69                                    -2.6008155485449506e-05
70                                    -1.1961373864723389e-05
71                                     3.3895188759112595e-06
72                                     3.8917202719781357e-06
73                                     2.9152171820420022e-06
74                                    -1.6816653286962243e-05
75                                     4.1369965665327625e-06
76                                    -2.7237589392736856e-05
77                                    -2.9316437852561257e-05
78                                     2.0243354044658556e-05
79                                    -4.0841605227848399e-06
80                                     6.3130216926839773e-06
81                                     4.7863106577760789e-06
82                                     2.5136355597330374e-06
83                                    -1.8649962623151320e-05
84                                    -2.2085423185391426e-05
85                                     3.1954810407319484e-05
86                                     1.0585678879764800e-05
87                                    -1.4772492836961911e-05
88                                     2.4969768399807552e-06
89                                     1.1838620547434826e-05
90                                     4.5379703115056372e-06
91                                     1.2417463138577565e-06
92                                     9.9131678872232596e-06
93                                    -7.6004597215993658e-06
94                                    -4.0267179667139184e-06
95                                     1.9201468145910419e-05
96                                    -4.0024797328474073e-06
97                                    -2.8698665793427079e-05
98                                    -1.7291643197630391e-05
99                                    -3.9004427213682326e-06
100                                    6.0924872770173964e-06
101                                    3.3912414925620131e-07
102                                    9.5488282932727260e-06
103                                   -9.5218887536032565e-07
104                                    1.6803142305476263e-06
105                                    1.2978062233933959e-06
106                                   -4.4041375038524007e-06
107                                    8.2558304067923148e-06
   &Method [&Type "String"] "SCF"
   &Level [&Type "String"] "Relaxed density"
   &Mult [&Type "Integer"] 1
   &State [&Type "Integer"] 0
   &Irrep [&Type "Integer"] 0
$End
$Geometry
   &GeometryIndex 28
   &NAtoms [&Type "Integer"] 36
   &NCorelessECP [&Type "Integer"] 0
   &NGhostAtoms [&Type "Integer"] 0
   &CartesianCoordinates [&Type "Coordinates", &Dim(36,4), &Units "Bohr"] 
              P     -6.655158378525   -3.026694572280    0.101990006776
              O     -8.459927746133   -2.564179535453   -2.004805914545
              O     -7.365886412210   -4.552995854271    2.353637571009
              O     -4.137530479887   -4.192098975541   -1.214092635400
              O     -5.648210842319   -0.355834443735    1.228121144047
              C     -4.869044606972    1.547133092954   -0.478484983102
              C     -3.022015798876    3.272778467789    0.849110627861
              O     -0.861870418713    1.871899316547    1.711449607901
              C     -1.998365175680    5.321748437568   -0.875795843300
              O     -1.350594359508    7.457626199369    0.576903292817
              C      0.384556523185    4.072744044299   -1.927089496380
              O      2.252661454614    5.793178866569   -2.686555351615
              C      1.308791910474    2.582021450640    0.359135250583
              N      2.769557289178    0.371835122341   -0.258198389225
              C      2.017994393424   -1.675417422165   -1.656271763161
              N      3.743342438379   -3.430113389726   -1.825017719490
              C      5.753027902456   -2.496808751720   -0.458812767523
              C      8.167063561033   -3.459260558587    0.090704241121
              N      8.973611294018   -5.698943996789   -0.749106304862
              N      9.712695505164   -2.049595869648    1.525164033967
              C      8.901956611866    0.183280982715    2.361119746051
              N      6.687228403241    1.289602958791    1.968011010516
              C      5.180013098953   -0.138609981394    0.540920921711
              H     -2.965097588347   -4.801118927140    0.040509024772
              H     -3.984514647310    0.706795101142   -2.151126650754
              H     -6.499687486526    2.658033219476   -1.102715809736
              H     -3.924946039202    4.110428797955    2.507750925445
              H     -3.339755089164    5.815829014696   -2.373581158532
              H      0.003018163689    8.303688822835   -0.312802162004
              H     -0.120565180334    2.782774511459   -3.460806138489
              H      1.988287097353    6.215650418474   -4.436634712395
              H      2.549202378585    3.774571839839    1.507252783770
              H      0.151361913895   -1.774557073088   -2.479381396966
              H      7.854447181250   -6.793579321152   -1.822647047999
              H     10.715960872525   -6.307901965604   -0.298580103326
              H     10.239522948649    1.229864849823    3.516148809197
$End
$SCF_Mulliken_Population_Analysis
   &GeometryIndex 28
   &NAtoms [&Type "Integer"] 36
   &ATNO [&Type "ArrayOfIntegers", &Dim (36,1)] 
                                                         0

0                                                       15
1                                                        8
2                                                        8
3                                                        8
4                                                        8
5                                                        6
6                                                        6
7                                                        8
8                                                        6
9                                                        8
10                                                       6
11                                                       8
12                                                       6
13                                                       7
14                                                       6
15                                                       7
16                                                       6
17                                                       6
18                                                       7
19                                                       7
20                                                       6
21                                                       7
22                                                       6
23                                                       1
24                                                       1
25                                                       1
26                                                       1
27                                                       1
28                                                       1
29                                                       1
30                                                       1
31                                                       1
32                                                       1
33                                                       1
34                                                       1
35                                                       1
   &AtomicCharges [&Type "ArrayOfDoubles", &Dim (36,1)] 
                                                         0

0                                      7.8962174912416572e-01
1                                     -7.0594741813961370e-01
2                                     -7.0954915111876637e-01
3                                     -5.4092827189973569e-01
4                                     -3.5528821783977627e-01
5                                     -1.3384436333146610e-01
6                                      1.5292431051228750e-01
7                                     -3.1066908792222137e-01
8                                      8.7780179318771800e-02
9                                     -4.9764214999297174e-01
10                                    -5.7951448860231736e-02
11                                    -4.9722058591158458e-01
12                                     7.7199186203896097e-02
13                                     7.7493396233637490e-02
14                                    -4.3074790560851284e-02
15                                    -3.0464144688088979e-01
16                                    -9.7089425523755324e-04
17                                     1.1470706427948318e-01
18                                    -3.9982688369277852e-01
19                                    -3.2052809797070836e-01
20                                     3.3030615100330785e-02
21                                    -3.4537245358072255e-01
22                                     1.5589170959975540e-01
23                                     3.6431246507518367e-01
24                                     1.2357060833669808e-01
25                                     1.3022388239495886e-01
26                                     1.0367943935155344e-01
27                                     1.2858866710547701e-01
28                                     3.4433747283355864e-01
29                                     1.5130179512993169e-01
30                                     3.6884716830313913e-01
31                                     9.9411063831347901e-02
32                                     1.9550502195698960e-01
33                                     2.8943308703166049e-01
34                                     2.8376667240223830e-01
35                                     1.5182970783258631e-01
   &Method [&Type "String"] "SCF"
   &Level [&Type "String"] "Relaxed density"
   &Mult [&Type "Integer"] 1
   &State [&Type "Integer"] -1
   &Irrep [&Type "Integer"] 0
$End
$SCF_Loewdin_Population_Analysis
   &GeometryIndex 28
   &NAtoms [&Type "Integer"] 36
   &ATNO [&Type "ArrayOfIntegers", &Dim (36,1)] 
                                                         0

0                                                       15
1                                                        8
2                                                        8
3                                                        8
4                                                        8
5                                                        6
6                                                        6
7                                                        8
8                                                        6
9                                                        8
10                                                       6
11                                                       8
12                                                       6
13                                                       7
14                                                       6
15                                                       7
16                                                       6
17                                                       6
18                                                       7
19                                                       7
20                                                       6
21                                                       7
22                                                       6
23                                                       1
24                                                       1
25                                                       1
26                                                       1
27                                                       1
28                                                       1
29                                                       1
30                                                       1
31                                                       1
32                                                       1
33                                                       1
34                                                       1
35                                                       1
   &AtomicCharges [&Type "ArrayOfDoubles", &Dim (36,1)] 
                                                         0

0                                     -1.0277810150381761e-01
1                                     -4.0083325212896703e-01
2                                     -4.0761639958750173e-01
3                                     -1.7494882773182852e-01
4                                      3.6070153278252803e-02
5                                     -3.2738719549654327e-01
6                                     -2.8662629348812541e-01
7                                      2.0948189469095180e-01
8                                     -3.1681892016401214e-01
9                                     -1.0547212918822879e-02
10                                    -3.1975437782210303e-01
11                                     9.2536836658592136e-03
12                                    -3.0098077068856099e-01
13                                     2.9322729306750528e-01
14                                    -2.3755206819505226e-01
15                                     8.7983049445849559e-02
16                                    -2.1804604393209548e-01
17                                    -3.1265435391527596e-01
18                                     5.4999904569852376e-02
19                                     8.0499954030209153e-02
20                                    -3.0645497385038301e-01
21                                     8.0654836570453803e-02
22                                    -2.4740897957917429e-01
23                                     1.8090863108986932e-01
24                                     1.3134635702222086e-01
25                                     1.3573340225721064e-01
26                                     1.5481782145901446e-01
27                                     1.5070873192081147e-01
28                                     1.8467029729811801e-01
29                                     1.5990849384013950e-01
30                                     2.0130031006612670e-01
31                                     1.5659333144690080e-01
32                                     1.4587159541969619e-01
33                                     1.8971044295964723e-01
34                                     1.8736818586139037e-01
35                                     1.3929940104227923e-01
   &Method [&Type "String"] "SCF"
   &Level [&Type "String"] "Relaxed density"
   &Mult [&Type "Integer"] 1
   &State [&Type "Integer"] -1
   &Irrep [&Type "Integer"] 0
$End
$SCF_Mayer_Population_Analysis
   &GeometryIndex 28
   &NAtoms [&Type "Integer"] 36 "Total number of atoms"
   &NBondOrdersPrint [&Type "Integer"] 38 "The number of bond orders larger than threshold"
   &bondThresh [&Type "Double"]       1.0000000000000001e-01  "The threshold for printing"
   &components [&Type "ArrayOfIntegers", &Dim (38,4)] "The indices and atomic numbers of the bonding atoms"
                                                         0                           1                           2                           3

0                                                        0                          15                           1                           8
1                                                        0                          15                           2                           8
2                                                        0                          15                           3                           8
3                                                        0                          15                           4                           8
4                                                        3                           8                          23                           1
5                                                        4                           8                           5                           6
6                                                        5                           6                           6                           6
7                                                        5                           6                          24                           1
8                                                        5                           6                          25                           1
9                                                        6                           6                           7                           8
10                                                       6                           6                           8                           6
11                                                       6                           6                          26                           1
12                                                       7                           8                          12                           6
13                                                       8                           6                           9                           8
14                                                       8                           6                          10                           6
15                                                       8                           6                          27                           1
16                                                       9                           8                          28                           1
17                                                      10                           6                          11                           8
18                                                      10                           6                          12                           6
19                                                      10                           6                          29                           1
20                                                      11                           8                          30                           1
21                                                      12                           6                          13                           7
22                                                      12                           6                          31                           1
23                                                      13                           7                          14                           6
24                                                      13                           7                          22                           6
25                                                      14                           6                          15                           7
26                                                      14                           6                          32                           1
27                                                      15                           7                          16                           6
28                                                      16                           6                          17                           6
29                                                      16                           6                          22                           6
30                                                      17                           6                          18                           7
31                                                      17                           6                          19                           7
32                                                      18                           7                          33                           1
33                                                      18                           7                          34                           1
34                                                      19                           7                          20                           6
35                                                      20                           6                          21                           7
36                                                      20                           6                          35                           1
37                                                      21                           7                          22                           6
   &BondOrders [&Type "ArrayOfDoubles", &Dim (38,1)] "The bond orders"
                                                         0

0                                      1.8582482963077880e+00
1                                      1.8952498828321631e+00
2                                      1.0877078706646559e+00
3                                      1.0500423076655674e+00
4                                      8.4716750854167777e-01
5                                      9.3375689684183172e-01
6                                      9.7483190969779998e-01
7                                      9.5228980314144285e-01
8                                      9.4963953725554062e-01
9                                      9.7116846221503583e-01
10                                     9.3211827045998819e-01
11                                     9.2335988962391136e-01
12                                     1.0954044455015428e+00
13                                     1.0314152036049775e+00
14                                     9.9645489454673952e-01
15                                     9.5387288396025616e-01
16                                     8.4927172149061025e-01
17                                     1.1040172825963690e+00
18                                     9.4428533571367379e-01
19                                     9.7094866377788869e-01
20                                     8.5703290125919740e-01
21                                     9.2948440539549060e-01
22                                     9.3780904239241425e-01
23                                     1.1758911364782940e+00
24                                     1.1588175221311736e+00
25                                     1.7298676122199943e+00
26                                     9.3923060038341366e-01
27                                     1.2775428177116979e+00
28                                     1.2332263927806602e+00
29                                     1.3763820893852652e+00
30                                     1.3901775649236301e+00
31                                     1.4802863020495662e+00
32                                     8.8703870804670215e-01
33                                     8.7446913100290391e-01
34                                     1.4715525249658068e+00
35                                     1.5260363047923353e+00
36                                     9.6228375399319388e-01
37                                     1.3562057025329939e+00
   &ATNO [&Type "ArrayOfIntegers", &Dim (36,1)] "Atomic number of the elements"
                                                         0

0                                                       15
1                                                        8
2                                                        8
3                                                        8
4                                                        8
5                                                        6
6                                                        6
7                                                        8
8                                                        6
9                                                        8
10                                                       6
11                                                       8
12                                                       6
13                                                       7
14                                                       6
15                                                       7
16                                                       6
17                                                       6
18                                                       7
19                                                       7
20                                                       6
21                                                       7
22                                                       6
23                                                       1
24                                                       1
25                                                       1
26                                                       1
27                                                       1
28                                                       1
29                                                       1
30                                                       1
31                                                       1
32                                                       1
33                                                       1
34                                                       1
35                                                       1
   &NA [&Type "ArrayOfDoubles", &Dim (36,1)] "Mulliken gross atomic population"
                                                         0

0                                      1.4210378250875857e+01
1                                      8.7059474181396190e+00
2                                      8.7095491511187628e+00
3                                      8.5409282718997375e+00
4                                      8.3552882178397816e+00
5                                      6.1338443633314679e+00
6                                      5.8470756894877134e+00
7                                      8.3106690879222285e+00
8                                      5.9122198206812326e+00
9                                      8.4976421499929735e+00
10                                     6.0579514488602326e+00
11                                     8.4972205859115952e+00
12                                     5.9228008137960995e+00
13                                     6.9225066037663607e+00
14                                     6.0430747905608424e+00
15                                     7.3046414468808925e+00
16                                     6.0009708942552358e+00
17                                     5.8852929357205248e+00
18                                     7.3998268836927732e+00
19                                     7.3205280979707048e+00
20                                     5.9669693848996630e+00
21                                     7.3453724535807261e+00
22                                     5.8441082904002366e+00
23                                     6.3568753492481600e-01
24                                     8.7642939166330158e-01
25                                     8.6977611760504137e-01
26                                     8.9632056064844678e-01
27                                     8.7141133289452255e-01
28                                     6.5566252716644091e-01
29                                     8.4869820487006886e-01
30                                     6.3115283169686109e-01
31                                     9.0058893616865210e-01
32                                     8.0449497804301007e-01
33                                     7.1056691296833963e-01
34                                     7.1623332759776170e-01
35                                     8.4817029216741380e-01
   &ZA [&Type "ArrayOfDoubles", &Dim (36,1)] "Total nuclear charge"
                                                         0

0                                      1.5000000000000000e+01
1                                      8.0000000000000000e+00
2                                      8.0000000000000000e+00
3                                      8.0000000000000000e+00
4                                      8.0000000000000000e+00
5                                      6.0000000000000000e+00
6                                      6.0000000000000000e+00
7                                      8.0000000000000000e+00
8                                      6.0000000000000000e+00
9                                      8.0000000000000000e+00
10                                     6.0000000000000000e+00
11                                     8.0000000000000000e+00
12                                     6.0000000000000000e+00
13                                     7.0000000000000000e+00
14                                     6.0000000000000000e+00
15                                     7.0000000000000000e+00
16                                     6.0000000000000000e+00
17                                     6.0000000000000000e+00
18                                     7.0000000000000000e+00
19                                     7.0000000000000000e+00
20                                     6.0000000000000000e+00
21                                     7.0000000000000000e+00
22                                     6.0000000000000000e+00
23                                     1.0000000000000000e+00
24                                     1.0000000000000000e+00
25                                     1.0000000000000000e+00
26                                     1.0000000000000000e+00
27                                     1.0000000000000000e+00
28                                     1.0000000000000000e+00
29                                     1.0000000000000000e+00
30                                     1.0000000000000000e+00
31                                     1.0000000000000000e+00
32                                     1.0000000000000000e+00
33                                     1.0000000000000000e+00
34                                     1.0000000000000000e+00
35                                     1.0000000000000000e+00
   &QA [&Type "ArrayOfDoubles", &Dim (36,1)] "Mulliken gross atomic charge"
                                                         0

0                                      7.8962174912414262e-01
1                                     -7.0594741813961903e-01
2                                     -7.0954915111876282e-01
3                                     -5.4092827189973747e-01
4                                     -3.5528821783978159e-01
5                                     -1.3384436333146787e-01
6                                      1.5292431051228661e-01
7                                     -3.1066908792222847e-01
8                                      8.7780179318767360e-02
9                                     -4.9764214999297351e-01
10                                    -5.7951448860232624e-02
11                                    -4.9722058591159524e-01
12                                     7.7199186203900538e-02
13                                     7.7493396233639267e-02
14                                    -4.3074790560842402e-02
15                                    -3.0464144688089245e-01
16                                    -9.7089425523577688e-04
17                                     1.1470706427947519e-01
18                                    -3.9982688369277319e-01
19                                    -3.2052809797070481e-01
20                                     3.3030615100337002e-02
21                                    -3.4537245358072610e-01
22                                     1.5589170959976340e-01
23                                     3.6431246507518400e-01
24                                     1.2357060833669842e-01
25                                     1.3022388239495863e-01
26                                     1.0367943935155322e-01
27                                     1.2858866710547745e-01
28                                     3.4433747283355909e-01
29                                     1.5130179512993114e-01
30                                     3.6884716830313891e-01
31                                     9.9411063831347901e-02
32                                     1.9550502195698993e-01
33                                     2.8943308703166037e-01
34                                     2.8376667240223830e-01
35                                     1.5182970783258620e-01
   &VA [&Type "ArrayOfDoubles", &Dim (36,1)] "Mayer's total valence"
                                                         0

0                                      5.9576931840329515e+00
1                                      1.8584914562303503e+00
2                                      1.8653892136400785e+00
3                                      1.9288697160876964e+00
4                                      1.9707911551622548e+00
5                                      3.9499458608339344e+00
6                                      3.8586773126140783e+00
7                                      2.0635904745726865e+00
8                                      3.9909856359389395e+00
9                                      1.9632265908746103e+00
10                                     4.1846304394536640e+00
11                                     1.9611527666332389e+00
12                                     3.9485698590818314e+00
13                                     3.2790858304054966e+00
14                                     4.0736476020580508e+00
15                                     3.1463267589091028e+00
16                                     3.9197594011491068e+00
17                                     4.4208669730591321e+00
18                                     3.1904165310608477e+00
19                                     3.0387546517312352e+00
20                                     4.1292437708936234e+00
21                                     2.9956804868224607e+00
22                                     4.1132266464638967e+00
23                                     8.9001715250953417e-01
24                                     9.8450779937033273e-01
25                                     9.7383570569705513e-01
26                                     9.8789508874518972e-01
27                                     9.6976292590446400e-01
28                                     9.1338198767494672e-01
29                                     9.6306476079244141e-01
30                                     8.7758883990128300e-01
31                                     1.0341497123373160e+00
32                                     9.7694802614918053e-01
33                                     9.3042986579321840e-01
34                                     9.4089304643564009e-01
35                                     9.6827614366465886e-01
   &BVA [&Type "ArrayOfDoubles", &Dim (36,1)] "Mayer's bonded valence"
                                                         0

0                                      5.9576931840329390e+00
1                                      1.8584914562303183e+00
2                                      1.8653892136401247e+00
3                                      1.9288697160877479e+00
4                                      1.9707911551623454e+00
5                                      3.9499458608339180e+00
6                                      3.8586773126141161e+00
7                                      2.0635904745727762e+00
8                                      3.9909856359388343e+00
9                                      1.9632265908746120e+00
10                                     4.1846304394536764e+00
11                                     1.9611527666333401e+00
12                                     3.9485698590819149e+00
13                                     3.2790858304054220e+00
14                                     4.0736476020580135e+00
15                                     3.1463267589090727e+00
16                                     3.9197594011491259e+00
17                                     4.4208669730590033e+00
18                                     3.1904165310607926e+00
19                                     3.0387546517311446e+00
20                                     4.1292437708935239e+00
21                                     2.9956804868223932e+00
22                                     4.1132266464639091e+00
23                                     8.9001715250954438e-01
24                                     9.8450779937034172e-01
25                                     9.7383570569706357e-01
26                                     9.8789508874518095e-01
27                                     9.6976292590443680e-01
28                                     9.1338198767494361e-01
29                                     9.6306476079243664e-01
30                                     8.7758883990129366e-01
31                                     1.0341497123373644e+00
32                                     9.7694802614918008e-01
33                                     9.3042986579321196e-01
34                                     9.4089304643563465e-01
35                                     9.6827614366462922e-01
   &FA [&Type "ArrayOfDoubles", &Dim (36,1)] "Mayer's free valence"
                                                         0

0                                      0.0000000000000000e+00
1                                      0.0000000000000000e+00
2                                      0.0000000000000000e+00
3                                      0.0000000000000000e+00
4                                      0.0000000000000000e+00
5                                      0.0000000000000000e+00
6                                      0.0000000000000000e+00
7                                      0.0000000000000000e+00
8                                      0.0000000000000000e+00
9                                      0.0000000000000000e+00
10                                     0.0000000000000000e+00
11                                     0.0000000000000000e+00
12                                     0.0000000000000000e+00
13                                     0.0000000000000000e+00
14                                     0.0000000000000000e+00
15                                     0.0000000000000000e+00
16                                     0.0000000000000000e+00
17                                     0.0000000000000000e+00
18                                     0.0000000000000000e+00
19                                     0.0000000000000000e+00
20                                     0.0000000000000000e+00
21                                     0.0000000000000000e+00
22                                     0.0000000000000000e+00
23                                     0.0000000000000000e+00
24                                     0.0000000000000000e+00
25                                     0.0000000000000000e+00
26                                     0.0000000000000000e+00
27                                     0.0000000000000000e+00
28                                     0.0000000000000000e+00
29                                     0.0000000000000000e+00
30                                     0.0000000000000000e+00
31                                     0.0000000000000000e+00
32                                     0.0000000000000000e+00
33                                     0.0000000000000000e+00
34                                     0.0000000000000000e+00
35                                     0.0000000000000000e+00
   &Method [&Type "String"] "SCF"
   &Level [&Type "String"] "Relaxed density"
   &Mult [&Type "Integer"] 1
   &State [&Type "Integer"] -1
   &Irrep [&Type "Integer"] 0
$End
$SCF_Energy
   &GeometryIndex 28
   &Method [&Type "String"] "SCF"
   &totalEnergy [&Type "ArrayOfDoubles", &Dim (1,1)] "Total energy of each state"
                                                         0

0                                     -1.5299758613408580e+03
   &Mult [&Type "ArrayOfIntegers", &Dim (1,1)] "Multiplicity of each state"
                                                         0

0                                                        1
$End
$DFT_Energy
   &GeometryIndex 28
   &nAlphaEl [&Type "Integer"] 90
   &nBetaEl [&Type "Integer"] 90
   &nTotalEl [&Type "Integer"] 179
   &finalEn [&Type "Double"]      -1.5299758613408580e+03  "No Van der Waals correction"
   &eExchange [&Type "Double"]      -1.2764518015028575e+02
   &eCorr [&Type "Double"]      -6.2548243203281650e+00
   &eXC [&Type "Double"]      -1.3390000447061391e+02
   &eCNL [&Type "Double"]       0.0000000000000000e+00
$End
$Solvation_Details
   &GeometryIndex 28
   &Solvent [&Type "String"] "WATER"
   &Epsilon [&Type "Double"]       8.0150999999999996e+01
   &Refrac [&Type "Double"]       1.3328000000000000e+00
   &RSolv [&Type "Double"]       1.3000000000000000e+00
   &SurfaceType [&Type "String"] "GAUSSIAN VDW"
   &CPCMDielEnergy [&Type "Double"]      -1.4754766699999999e-01
   &NPoints [&Type "Integer"] 3023
   &SurfaceArea [&Type "Double"]       1.2048202718550001e+03
$End
$SCF_Timings
   &GeometryIndex 28
   &TOTAL [&Type "Double"]       5.8398510000000002e+01
   &PREP [&Type "Double"]       9.4316699999999998e-01
   &FOCK [&Type "Double"]       5.1059902999999998e+01
   &DENS [&Type "Double"]       1.0602499999999537e-01
   &ETOT [&Type "Double"]       5.8339999999995840e-02
   &POP [&Type "Double"]       3.2312999999999903e-01
   &TRAFO [&Type "Double"]       3.8066400000000300e-01
   &DIIS [&Type "Double"]       4.5972700000000088e-01
   &SOSCF [&Type "Double"]       1.1403889999999990e+00
   &XC [&Type "Double"]       4.1566340000000057e+00
   &FOCKSTART [&Type "Double"]       2.6638999999997082e-02
   &SOLV [&Type "Double"]       4.1047330000000048e+00
   &SOLV_INIT [&Type "Double"]       2.7241200000000010e-01
   &INT_BF [&Type "Double"]       9.6831300000005349e-01
   &INT_DENS [&Type "Double"]       1.5784520000000057e+00
   &INT_DENSIO [&Type "Double"]       5.0375111128000077e+04
   &INT_FUNC [&Type "Double"]       5.3346999999941858e-02
   &INT_POT [&Type "Double"]       1.3983899999998517e+00
   &INT_POTIO [&Type "Double"]       9.3500000000013017e-03
   &INT_SUM [&Type "Double"]       1.5109999999971535e-03
   &SPLITRIJ [&Type "Double"]       2.9764149999999958e+00
   &COSX [&Type "Double"]       4.4703231000000002e+01
$End
$VdW_Correction
   &GeometryIndex 28
   &vdW [&Type "Double"]      -4.0947622418735244e-02
$End
$Single_Point_Data
   &GeometryIndex 28
   &FinalEnergy [&Type "Double"]      -1.5300168089632768e+03  "Final single point energy"
   &Converged [&Type "Boolean"] true
$End
$SCF_Dipole_Moment
   &GeometryIndex 28
   &dipoleMagnitude [&Type "Double", &Units "a.u."]       8.6717619613427424e+00
   &dipoleElecContrib [&Type "ArrayOfDoubles", &Dim (3,1)] "Electronic contribution"
                                                         0

0                                     -1.2707383534748465e-02
1                                     -6.5933762460983898e+00
2                                      2.5373091388366116e+00
   &dipoleNucContrib [&Type "ArrayOfDoubles", &Dim (3,1)] "Nuclear contribution"
                                                         0

0                                      7.4709452449761269e+00
1                                      1.0122024887152246e+01
2                                     -5.2061632533100921e+00
   &dipoleTotal [&Type "ArrayOfDoubles", &Dim (3,1)] "Total"
                                                         0

0                                      7.4582378614413782e+00
1                                      3.5286486410538567e+00
2                                     -2.6688541144734805e+00
   &doAtomicDipole [&Type "Boolean"] false
   &Method [&Type "String"] "SCF"
   &Level [&Type "String"] "Relaxed density"
   &Mult [&Type "Integer"] 1
   &State [&Type "Integer"] -1
   &Irrep [&Type "Integer"] 0
$End
$Calculation_Info
   &GeometryIndex 28
   &Mult [&Type "Integer"] 1
   &Charge [&Type "Integer"] -1
   &NumOfAtoms [&Type "Integer"] 36
   &NumOfElectrons [&Type "Integer"] 180
   &NumOfBasisFuncts [&Type "Integer"] 797
   &NumOfAuxCBasisFuncts [&Type "Integer"] 0
   &NumOfAuxJBasisFuncts [&Type "Integer"] 1272
   &NumOfAuxJKBasisFuncts [&Type "Integer"] 0
   &NumOfCABSBasisFuncts [&Type "Integer"] 0
$End
$Calculation_Timings
   &GeometryIndex 28
   &GTOINT [&Type "Double"]       1.0270287000000053e+02
   &SCF [&Type "Double"]       2.4002323720000004e+03
   &SCFGRAD [&Type "Double"]       1.1673275029999986e+03
   &GSTEP [&Type "Double"]       2.4445499999989115e-01
   &PROP [&Type "Double"]       7.3946200000000317e-01
   &SUM [&Type "Double"]       3.6712466619999996e+03
$End
