*************************************************
******************* ORCA 6.1.1 ******************
*************************************************
$Calculation_Status
   &GeometryIndex 2
   &version [&Type "String"] "6.1.1"
   &progName [&Type "String"] "LeanSCF"
   &Status [&Type "String"] "NORMAL TERMINATION"
$End
$Geometry
   &GeometryIndex 1
   &NAtoms [&Type "Integer"] 69
   &NCorelessECP [&Type "Integer"] 0
   &NGhostAtoms [&Type "Integer"] 0
   &CartesianCoordinates [&Type "Coordinates", &Dim(69,4), &Units "Bohr"] 
              O     58.623903769761   79.526717055480  121.412157208142
              P     57.485502582067   77.112503334599  122.323431448378
              C     61.807945141446   74.657659469963  122.816882179979
              H     63.346746791569   76.002713996839  123.137688061915
              H     61.560756543099   74.434598752054  120.775666752243
              O     59.563563747611   75.529947897203  123.964686520170
              C     62.522746098808   72.121058225154  123.890828946292
              H     64.107973295614   71.365811081653  122.792014240778
              O     63.279044684648   72.369321903359  126.479268362964
              C     60.392204644430   70.191372563119  123.958577120126
              H     58.627564779581   71.139326435672  124.454711672711
              O     60.159238393868   68.894851553478  121.642384463412
              C     61.210788920970   68.454856904482  126.100850198790
              H     59.638093596760   67.422925465617  126.951842309377
              O     63.141715241368   66.802378833806  125.310614012735
              H     62.822362599895   66.388372617185  123.561382799993
              C     62.358280433636   70.357111132521  127.926396557273
              H     63.889351569820   69.496623266196  129.012732652133
              N     57.151137102299   68.317681791924  135.804592872475
              C     58.701455175977   66.912608384373  134.402578135032
              H     58.949950178941   64.974233831686  135.034131621360
              N     59.972612179366   67.572475070132  132.344926410076
              C     59.530911630884   69.974802984657  131.716624944743
              C     57.968790982336   71.663148986273  132.985254871908
              C     56.742551267210   70.731176453844  135.146570899745
              N     55.238428479700   72.163333110503  136.595681134686
              H     54.175530247268   71.313836466894  137.924168297564
              H     54.676543888481   73.864647913923  135.962076213464
              N     57.974183992182   73.979576455668  131.806119627320
              C     59.496311493247   73.687416908991  129.878610066462
              H     59.946330775566   75.104263139873  128.483377362483
              N     60.497679171143   71.307946806239  129.723713658550
              O     57.074477244729   75.373397254349  119.884872064878
              H     56.564761515621   73.594069406913  120.250367699587
              O     55.198802385749   77.169954962494  123.974000843754
              P     57.349330274816   68.309368310889  120.530922186827
              C     56.892832481166   64.052683374782  123.095450313803
              H     58.925486025488   63.973804019788  123.463438354393
              H     56.495123267241   62.901144943184  121.424901402228
              O     56.096748300874   66.578518462203  122.703127387445
              C     55.484823097629   62.956506603577  125.307184318314
              H     56.100842173260   60.984291994180  125.508879063018
              O     56.078291441191   64.321366925989  127.567885806116
              C     52.604927091981   63.045102111579  125.127449343504
              H     52.027654824350   64.849093418801  124.306222898046
              O     51.541539892365   61.118232297110  123.668517842810
              H     51.468784702752   59.629656539432  124.726481412206
              C     51.848989420595   62.967119412265  127.915896722763
              H     49.991213111594   63.780879578268  128.265917184288
              O     51.763787753629   60.465389623670  128.825050149520
              H     53.446991224318   59.782455106184  128.973945226552
              C     53.948796946766   64.535106600820  129.134319312949
              H     54.376096127196   63.843434126896  131.033615939039
              N     49.197807289547   71.056491997490  134.446088949627
              C     49.600666238286   68.592112241144  134.773837971435
              H     48.757063512267   67.777490632132  136.459953265459
              N     50.890737495550   67.011608720169  133.316163551568
              C     51.841460681218   68.186729844430  131.297743662490
              C     51.571263593911   70.728003257243  130.694673234508
              C     50.186434125024   72.204313497529  132.412621884653
              N     49.818179993574   74.682920226297  132.097412971764
              H     48.873565833947   75.673949550924  133.414708686228
              H     50.610867305779   75.599652660598  130.635899008252
              N     52.777093480686   71.275011597416  128.457841145952
              C     53.749959737752   69.120395623129  127.737092562806
              H     54.831783405639   68.801632401121  126.037951953659
              N     53.259966233004   67.182376101018  129.382108010846
              O     57.758342509688   66.867250912592  118.170314446266
              O     55.805251220638   70.672796036772  120.583177947505
$End
$SCF_Mulliken_Population_Analysis
   &GeometryIndex 1
   &NAtoms [&Type "Integer"] 69
   &ATNO [&Type "ArrayOfIntegers", &Dim (69,1)] 
                                                         0

0                                                        8
1                                                       15
2                                                        6
3                                                        1
4                                                        1
5                                                        8
6                                                        6
7                                                        1
8                                                        8
9                                                        6
10                                                       1
11                                                       8
12                                                       6
13                                                       1
14                                                       8
15                                                       1
16                                                       6
17                                                       1
18                                                       7
19                                                       6
20                                                       1
21                                                       7
22                                                       6
23                                                       6
24                                                       6
25                                                       7
26                                                       1
27                                                       1
28                                                       7
29                                                       6
30                                                       1
31                                                       7
32                                                       8
33                                                       1
34                                                       8
35                                                      15
36                                                       6
37                                                       1
38                                                       1
39                                                       8
40                                                       6
41                                                       1
42                                                       8
43                                                       6
44                                                       1
45                                                       8
46                                                       1
47                                                       6
48                                                       1
49                                                       8
50                                                       1
51                                                       6
52                                                       1
53                                                       7
54                                                       6
55                                                       1
56                                                       7
57                                                       6
58                                                       6
59                                                       6
60                                                       7
61                                                       1
62                                                       1
63                                                       7
64                                                       6
65                                                       1
66                                                       7
67                                                       8
68                                                       8
   &AtomicCharges [&Type "ArrayOfDoubles", &Dim (69,1)] 
                                                         0

0                                     -7.2138779998956792e-01
1                                      7.7136852647341136e-01
2                                     -1.1142770089889442e-01
3                                      1.3127983653788888e-01
4                                      1.2744977705116034e-01
5                                     -3.6118373840231577e-01
6                                      1.7159225603581518e-01
7                                      1.0785014670081572e-01
8                                     -3.2778628086643558e-01
9                                     -6.1220151697917835e-02
10                                     1.3932018499042709e-01
11                                    -3.6183809427050662e-01
12                                     3.1740521133829525e-02
13                                     1.3851829915476155e-01
14                                    -4.9201674680030294e-01
15                                     3.5203301268001952e-01
16                                     1.3232758899606800e-01
17                                     1.2786775901872649e-01
18                                    -3.1130759044826828e-01
19                                     2.3422581184469493e-02
20                                     1.5122127996136037e-01
21                                    -3.4268306768511447e-01
22                                     1.2204794634385152e-01
23                                     4.9525864193835645e-02
24                                     6.4390124244085634e-02
25                                    -3.8725453407988830e-01
26                                     2.7951092745067196e-01
27                                     2.8491977353071007e-01
28                                    -3.1041430558175431e-01
29                                    -3.6775831117207503e-02
30                                     1.7590588068227719e-01
31                                     8.4302630277163892e-02
32                                    -5.5475241060379510e-01
33                                     3.5648516028897004e-01
34                                    -7.2401478092701588e-01
35                                     7.6044592452370452e-01
36                                    -1.0556930280684362e-01
37                                     1.3243502581526956e-01
38                                     1.3444342253818298e-01
39                                    -3.3339227940583704e-01
40                                     1.1234026370887129e-01
41                                     1.2219997985914044e-01
42                                    -3.1103245717848260e-01
43                                    -4.0017797659459120e-02
44                                     1.3278642260914753e-01
45                                    -4.8283410031878304e-01
46                                     3.4589505868180459e-01
47                                     9.2078085675096233e-02
48                                     1.4547480967433368e-01
49                                    -4.8825367253438756e-01
50                                     3.6314823485214398e-01
51                                     4.2162110553718435e-02
52                                     1.2702966701562990e-01
53                                    -3.0694232813947497e-01
54                                     1.0915997244135056e-02
55                                     1.5100087509608606e-01
56                                    -3.5441215188017861e-01
57                                     1.1954386693839325e-01
58                                     9.1707367258321071e-02
59                                     4.1434952638585543e-02
60                                    -3.9511862804549924e-01
61                                     2.8220188679846769e-01
62                                     2.8728561797891627e-01
63                                    -3.1479144242010992e-01
64                                    -7.1359038932532037e-02
65                                     2.2300739786095258e-01
66                                     1.1171218261363780e-01
67                                    -6.7090640120892964e-01
68                                    -6.7363659296558964e-01
   &Method [&Type "String"] "SCF"
   &Level [&Type "String"] "Relaxed density"
   &Mult [&Type "Integer"] 1
   &State [&Type "Integer"] -1
   &Irrep [&Type "Integer"] 0
$End
$SCF_Loewdin_Population_Analysis
   &GeometryIndex 1
   &NAtoms [&Type "Integer"] 69
   &ATNO [&Type "ArrayOfIntegers", &Dim (69,1)] 
                                                         0

0                                                        8
1                                                       15
2                                                        6
3                                                        1
4                                                        1
5                                                        8
6                                                        6
7                                                        1
8                                                        8
9                                                        6
10                                                       1
11                                                       8
12                                                       6
13                                                       1
14                                                       8
15                                                       1
16                                                       6
17                                                       1
18                                                       7
19                                                       6
20                                                       1
21                                                       7
22                                                       6
23                                                       6
24                                                       6
25                                                       7
26                                                       1
27                                                       1
28                                                       7
29                                                       6
30                                                       1
31                                                       7
32                                                       8
33                                                       1
34                                                       8
35                                                      15
36                                                       6
37                                                       1
38                                                       1
39                                                       8
40                                                       6
41                                                       1
42                                                       8
43                                                       6
44                                                       1
45                                                       8
46                                                       1
47                                                       6
48                                                       1
49                                                       8
50                                                       1
51                                                       6
52                                                       1
53                                                       7
54                                                       6
55                                                       1
56                                                       7
57                                                       6
58                                                       6
59                                                       6
60                                                       7
61                                                       1
62                                                       1
63                                                       7
64                                                       6
65                                                       1
66                                                       7
67                                                       8
68                                                       8
   &AtomicCharges [&Type "ArrayOfDoubles", &Dim (69,1)] 
                                                         0

0                                     -4.2145385243047429e-01
1                                     -1.1935046596766874e-01
2                                     -3.3005530508558767e-01
3                                      1.3453439032747694e-01
4                                      1.3851262120007601e-01
5                                      3.9740036111298949e-02
6                                     -2.8917202439169021e-01
7                                      1.5791445871117726e-01
8                                      2.2648307217786989e-01
9                                     -3.1631332841297688e-01
10                                     1.5777873824116806e-01
11                                     8.0990244174344639e-02
12                                    -3.2679451659481096e-01
13                                     1.4742451670202505e-01
14                                     2.5370084068967458e-03
15                                     1.8479930061522210e-01
16                                    -2.8457909138883686e-01
17                                     1.5856926082116418e-01
18                                     8.5778982393311942e-02
19                                    -3.0983992096657076e-01
20                                     1.3875979646115266e-01
21                                     8.5429911228105837e-02
22                                    -2.5471279170376881e-01
23                                    -2.2174660141797009e-01
24                                    -3.1668424061570821e-01
25                                     5.6781708561109312e-02
26                                     1.8517726288194869e-01
27                                     1.8705387285432118e-01
28                                     8.1996776285890860e-02
29                                    -2.4511883513384003e-01
30                                     1.4389788037648377e-01
31                                     2.9656157575113706e-01
32                                    -1.8930291489190409e-01
33                                     1.4033149774615117e-01
34                                    -4.2497535360093330e-01
35                                    -3.5732770109166978e-02
36                                    -3.1472297232419422e-01
37                                     1.3521275024198043e-01
38                                     1.4213515130070420e-01
39                                     6.5559533440629814e-02
40                                    -2.9952802020077129e-01
41                                     1.5982190073163494e-01
42                                     2.2418007027455289e-01
43                                    -3.2925424863640718e-01
44                                     1.6124995431798650e-01
45                                    -9.2747744810139920e-04
46                                     1.8602769106031503e-01
47                                    -3.1133809546078695e-01
48                                     1.6066457948464985e-01
49                                     4.6034860992385518e-03
50                                     1.9562060548196536e-01
51                                    -2.9389820395602673e-01
52                                     1.5850179750880988e-01
53                                     8.2682645618096018e-02
54                                    -3.1186695213285009e-01
55                                     1.3864879416122355e-01
56                                     8.3376272432026610e-02
57                                    -2.5464245551574649e-01
58                                    -2.2225334549137887e-01
59                                    -3.1932069660444018e-01
60                                     5.5483878863572755e-02
61                                     1.8696596510306773e-01
62                                     1.8902193912425236e-01
63                                     8.7385558178016076e-02
64                                    -2.4427024320554480e-01
65                                     1.4233869290577905e-01
66                                     2.9556114206850470e-01
67                                    -3.6335726503519794e-01
68                                    -3.3488333170218887e-01
   &Method [&Type "String"] "SCF"
   &Level [&Type "String"] "Relaxed density"
   &Mult [&Type "Integer"] 1
   &State [&Type "Integer"] -1
   &Irrep [&Type "Integer"] 0
$End
$SCF_Mayer_Population_Analysis
   &GeometryIndex 1
   &NAtoms [&Type "Integer"] 69 "Total number of atoms"
   &NBondOrdersPrint [&Type "Integer"] 75 "The number of bond orders larger than threshold"
   &bondThresh [&Type "Double"]       1.0000000000000001e-01  "The threshold for printing"
   &components [&Type "ArrayOfIntegers", &Dim (75,4)] "The indices and atomic numbers of the bonding atoms"
                                                         0                           1                           2                           3

0                                                        0                           8                           1                          15
1                                                        1                          15                           5                           8
2                                                        1                          15                          32                           8
3                                                        1                          15                          34                           8
4                                                        2                           6                           3                           1
5                                                        2                           6                           4                           1
6                                                        2                           6                           5                           8
7                                                        2                           6                           6                           6
8                                                        6                           6                           7                           1
9                                                        6                           6                           8                           8
10                                                       6                           6                           9                           6
11                                                       8                           8                          16                           6
12                                                       9                           6                          10                           1
13                                                       9                           6                          11                           8
14                                                       9                           6                          12                           6
15                                                      11                           8                          35                          15
16                                                      12                           6                          13                           1
17                                                      12                           6                          14                           8
18                                                      12                           6                          16                           6
19                                                      14                           8                          15                           1
20                                                      16                           6                          17                           1
21                                                      16                           6                          31                           7
22                                                      18                           7                          19                           6
23                                                      18                           7                          24                           6
24                                                      19                           6                          20                           1
25                                                      19                           6                          21                           7
26                                                      21                           7                          22                           6
27                                                      22                           6                          23                           6
28                                                      22                           6                          31                           7
29                                                      23                           6                          24                           6
30                                                      23                           6                          28                           7
31                                                      24                           6                          25                           7
32                                                      25                           7                          26                           1
33                                                      25                           7                          27                           1
34                                                      28                           7                          29                           6
35                                                      29                           6                          30                           1
36                                                      29                           6                          31                           7
37                                                      32                           8                          33                           1
38                                                      33                           1                          68                           8
39                                                      35                          15                          39                           8
40                                                      35                          15                          67                           8
41                                                      35                          15                          68                           8
42                                                      36                           6                          37                           1
43                                                      36                           6                          38                           1
44                                                      36                           6                          39                           8
45                                                      36                           6                          40                           6
46                                                      40                           6                          41                           1
47                                                      40                           6                          42                           8
48                                                      40                           6                          43                           6
49                                                      42                           8                          51                           6
50                                                      43                           6                          44                           1
51                                                      43                           6                          45                           8
52                                                      43                           6                          47                           6
53                                                      45                           8                          46                           1
54                                                      47                           6                          48                           1
55                                                      47                           6                          49                           8
56                                                      47                           6                          51                           6
57                                                      49                           8                          50                           1
58                                                      51                           6                          52                           1
59                                                      51                           6                          66                           7
60                                                      53                           7                          54                           6
61                                                      53                           7                          59                           6
62                                                      54                           6                          55                           1
63                                                      54                           6                          56                           7
64                                                      56                           7                          57                           6
65                                                      57                           6                          58                           6
66                                                      57                           6                          66                           7
67                                                      58                           6                          59                           6
68                                                      58                           6                          63                           7
69                                                      59                           6                          60                           7
70                                                      60                           7                          61                           1
71                                                      60                           7                          62                           1
72                                                      63                           7                          64                           6
73                                                      64                           6                          65                           1
74                                                      64                           6                          66                           7
   &BondOrders [&Type "ArrayOfDoubles", &Dim (75,1)] "The bond orders"
                                                         0

0                                      1.8845279729124025e+00
1                                      9.9091818599706194e-01
2                                      1.1517886379440474e+00
3                                      1.8462840858021599e+00
4                                      9.4859182849391188e-01
5                                      9.4899974358721950e-01
6                                      9.4057892215279737e-01
7                                      9.9443340388289914e-01
8                                      9.3435203459734806e-01
9                                      9.5591393254821277e-01
10                                     9.7946091780014610e-01
11                                     1.0867449984070034e+00
12                                     9.4043465155840000e-01
13                                     8.9071698153393308e-01
14                                     1.0041058128901399e+00
15                                     1.0282091659896089e+00
16                                     9.6870824502564234e-01
17                                     1.0128333268264287e+00
18                                     9.2718089396925962e-01
19                                     8.4818461626529018e-01
20                                     9.3113158790293549e-01
21                                     9.3026714381852138e-01
22                                     1.4703118584120567e+00
23                                     1.4655875461737553e+00
24                                     9.6155633777147598e-01
25                                     1.5225729781416586e+00
26                                     1.3397394416834816e+00
27                                     1.3762464648302748e+00
28                                     1.1761279668653630e+00
29                                     1.2440631046558670e+00
30                                     1.2758228140257604e+00
31                                     1.3937554834267214e+00
32                                     8.8045423897337072e-01
33                                     8.8988826762170925e-01
34                                     1.7126953246676957e+00
35                                     9.3919655339882113e-01
36                                     1.1899265767820066e+00
37                                     7.5292166156590945e-01
38                                     1.6372468150518929e-01
39                                     1.0520961484855382e+00
40                                     1.9615689198365462e+00
41                                     1.7011230151832499e+00
42                                     9.5226470274927821e-01
43                                     9.3468521083827161e-01
44                                     9.2959574219031726e-01
45                                     1.0205206291185436e+00
46                                     9.1701425931047820e-01
47                                     9.7015908119865468e-01
48                                     9.3379782055453275e-01
49                                     1.0411080195840756e+00
50                                     9.4048582154596838e-01
51                                     1.0846829858913509e+00
52                                     1.0105183652747769e+00
53                                     8.4520646485068740e-01
54                                     9.2767579174847326e-01
55                                     1.0041468983877397e+00
56                                     9.9274328650939292e-01
57                                     8.5363864309615511e-01
58                                     9.2993301726167321e-01
59                                     9.2114446440735698e-01
60                                     1.4689094028538059e+00
61                                     1.4829544424302350e+00
62                                     9.6153754032960659e-01
63                                     1.5405002068470375e+00
64                                     1.2880054791558648e+00
65                                     1.3783545808528956e+00
66                                     1.1739405819774795e+00
67                                     1.2335182176910751e+00
68                                     1.2758290642691590e+00
69                                     1.3990762371235830e+00
70                                     8.7578998902665761e-01
71                                     8.8598895659595855e-01
72                                     1.6798193954405978e+00
73                                     9.3519426680423234e-01
74                                     1.1726988509890848e+00
   &ATNO [&Type "ArrayOfIntegers", &Dim (69,1)] "Atomic number of the elements"
                                                         0

0                                                        8
1                                                       15
2                                                        6
3                                                        1
4                                                        1
5                                                        8
6                                                        6
7                                                        1
8                                                        8
9                                                        6
10                                                       1
11                                                       8
12                                                       6
13                                                       1
14                                                       8
15                                                       1
16                                                       6
17                                                       1
18                                                       7
19                                                       6
20                                                       1
21                                                       7
22                                                       6
23                                                       6
24                                                       6
25                                                       7
26                                                       1
27                                                       1
28                                                       7
29                                                       6
30                                                       1
31                                                       7
32                                                       8
33                                                       1
34                                                       8
35                                                      15
36                                                       6
37                                                       1
38                                                       1
39                                                       8
40                                                       6
41                                                       1
42                                                       8
43                                                       6
44                                                       1
45                                                       8
46                                                       1
47                                                       6
48                                                       1
49                                                       8
50                                                       1
51                                                       6
52                                                       1
53                                                       7
54                                                       6
55                                                       1
56                                                       7
57                                                       6
58                                                       6
59                                                       6
60                                                       7
61                                                       1
62                                                       1
63                                                       7
64                                                       6
65                                                       1
66                                                       7
67                                                       8
68                                                       8
   &NA [&Type "ArrayOfDoubles", &Dim (69,1)] "Mulliken gross atomic population"
                                                         0

0                                      8.7213877999895537e+00
1                                      1.4228631473526582e+01
2                                      6.1114277008988918e+00
3                                      8.6872016346211145e-01
4                                      8.7255022294884099e-01
5                                      8.3611837384023211e+00
6                                      5.8284077439641848e+00
7                                      8.9214985329918373e-01
8                                      8.3277862808664409e+00
9                                      6.0612201516979232e+00
10                                     8.6067981500957225e-01
11                                     8.3618380942705084e+00
12                                     5.9682594788661758e+00
13                                     8.6148170084523867e-01
14                                     8.4920167468003083e+00
15                                     6.4796698731998070e-01
16                                     5.8676724110039284e+00
17                                     8.7213224098127329e-01
18                                     7.3113075904482709e+00
19                                     5.9765774188155270e+00
20                                     8.4877872003864030e-01
21                                     7.3426830676851171e+00
22                                     5.8779520536561627e+00
23                                     5.9504741358061537e+00
24                                     5.9356098757559153e+00
25                                     7.3872545340798892e+00
26                                     7.2048907254932848e-01
27                                     7.1508022646929037e-01
28                                     7.3104143055817552e+00
29                                     6.0367758311171968e+00
30                                     8.2409411931772347e-01
31                                     6.9156973697228405e+00
32                                     8.5547524106038040e+00
33                                     6.4351483971103041e-01
34                                     8.7240147809270194e+00
35                                     1.4239554075476299e+01
36                                     6.1055693028068490e+00
37                                     8.6756497418473055e-01
38                                     8.6555657746181680e-01
39                                     8.3333922794058495e+00
40                                     5.8876597362911287e+00
41                                     8.7780002014085801e-01
42                                     8.3110324571784808e+00
43                                     6.0400177976594636e+00
44                                     8.6721357739085236e-01
45                                     8.4828341003187866e+00
46                                     6.5410494131819541e-01
47                                     5.9079219143249082e+00
48                                     8.5452519032566598e-01
49                                     8.4882536725343929e+00
50                                     6.3685176514785558e-01
51                                     5.9578378894462780e+00
52                                     8.7297033298437043e-01
53                                     7.3069423281394803e+00
54                                     5.9890840027558614e+00
55                                     8.4899912490391372e-01
56                                     7.3544121518801679e+00
57                                     5.8804561330616121e+00
58                                     5.9082926327416692e+00
59                                     5.9585650473614242e+00
60                                     7.3951186280455037e+00
61                                     7.1779811320153253e-01
62                                     7.1271438202108395e-01
63                                     7.3147914424201019e+00
64                                     6.0713590389325365e+00
65                                     7.7699260213904742e-01
66                                     6.8882878173863631e+00
67                                     8.6709064012089225e+00
68                                     8.6736365929655861e+00
   &ZA [&Type "ArrayOfDoubles", &Dim (69,1)] "Total nuclear charge"
                                                         0

0                                      8.0000000000000000e+00
1                                      1.5000000000000000e+01
2                                      6.0000000000000000e+00
3                                      1.0000000000000000e+00
4                                      1.0000000000000000e+00
5                                      8.0000000000000000e+00
6                                      6.0000000000000000e+00
7                                      1.0000000000000000e+00
8                                      8.0000000000000000e+00
9                                      6.0000000000000000e+00
10                                     1.0000000000000000e+00
11                                     8.0000000000000000e+00
12                                     6.0000000000000000e+00
13                                     1.0000000000000000e+00
14                                     8.0000000000000000e+00
15                                     1.0000000000000000e+00
16                                     6.0000000000000000e+00
17                                     1.0000000000000000e+00
18                                     7.0000000000000000e+00
19                                     6.0000000000000000e+00
20                                     1.0000000000000000e+00
21                                     7.0000000000000000e+00
22                                     6.0000000000000000e+00
23                                     6.0000000000000000e+00
24                                     6.0000000000000000e+00
25                                     7.0000000000000000e+00
26                                     1.0000000000000000e+00
27                                     1.0000000000000000e+00
28                                     7.0000000000000000e+00
29                                     6.0000000000000000e+00
30                                     1.0000000000000000e+00
31                                     7.0000000000000000e+00
32                                     8.0000000000000000e+00
33                                     1.0000000000000000e+00
34                                     8.0000000000000000e+00
35                                     1.5000000000000000e+01
36                                     6.0000000000000000e+00
37                                     1.0000000000000000e+00
38                                     1.0000000000000000e+00
39                                     8.0000000000000000e+00
40                                     6.0000000000000000e+00
41                                     1.0000000000000000e+00
42                                     8.0000000000000000e+00
43                                     6.0000000000000000e+00
44                                     1.0000000000000000e+00
45                                     8.0000000000000000e+00
46                                     1.0000000000000000e+00
47                                     6.0000000000000000e+00
48                                     1.0000000000000000e+00
49                                     8.0000000000000000e+00
50                                     1.0000000000000000e+00
51                                     6.0000000000000000e+00
52                                     1.0000000000000000e+00
53                                     7.0000000000000000e+00
54                                     6.0000000000000000e+00
55                                     1.0000000000000000e+00
56                                     7.0000000000000000e+00
57                                     6.0000000000000000e+00
58                                     6.0000000000000000e+00
59                                     6.0000000000000000e+00
60                                     7.0000000000000000e+00
61                                     1.0000000000000000e+00
62                                     1.0000000000000000e+00
63                                     7.0000000000000000e+00
64                                     6.0000000000000000e+00
65                                     1.0000000000000000e+00
66                                     7.0000000000000000e+00
67                                     8.0000000000000000e+00
68                                     8.0000000000000000e+00
   &QA [&Type "ArrayOfDoubles", &Dim (69,1)] "Mulliken gross atomic charge"
                                                         0

0                                     -7.2138779998955371e-01
1                                      7.7136852647341847e-01
2                                     -1.1142770089889176e-01
3                                      1.3127983653788855e-01
4                                      1.2744977705115901e-01
5                                     -3.6118373840232110e-01
6                                      1.7159225603581518e-01
7                                      1.0785014670081627e-01
8                                     -3.2778628086644090e-01
9                                     -6.1220151697923164e-02
10                                     1.3932018499042775e-01
11                                    -3.6183809427050839e-01
12                                     3.1740521133824195e-02
13                                     1.3851829915476133e-01
14                                    -4.9201674680030827e-01
15                                     3.5203301268001930e-01
16                                     1.3232758899607155e-01
17                                     1.2786775901872671e-01
18                                    -3.1130759044827094e-01
19                                     2.3422581184473046e-02
20                                     1.5122127996135970e-01
21                                    -3.4268306768511714e-01
22                                     1.2204794634383731e-01
23                                     4.9525864193846303e-02
24                                     6.4390124244084745e-02
25                                    -3.8725453407988919e-01
26                                     2.7951092745067152e-01
27                                     2.8491977353070963e-01
28                                    -3.1041430558175520e-01
29                                    -3.6775831117196844e-02
30                                     1.7590588068227653e-01
31                                     8.4302630277159452e-02
32                                    -5.5475241060380398e-01
33                                     3.5648516028896959e-01
34                                    -7.2401478092701943e-01
35                                     7.6044592452370097e-01
36                                    -1.0556930280684895e-01
37                                     1.3243502581526945e-01
38                                     1.3444342253818320e-01
39                                    -3.3339227940584948e-01
40                                     1.1234026370887129e-01
41                                     1.2219997985914199e-01
42                                    -3.1103245717848083e-01
43                                    -4.0017797659463561e-02
44                                     1.3278642260914764e-01
45                                    -4.8283410031878660e-01
46                                     3.4589505868180459e-01
47                                     9.2078085675091792e-02
48                                     1.4547480967433402e-01
49                                    -4.8825367253439289e-01
50                                     3.6314823485214442e-01
51                                     4.2162110553721988e-02
52                                     1.2702966701562957e-01
53                                    -3.0694232813948030e-01
54                                     1.0915997244138609e-02
55                                     1.5100087509608628e-01
56                                    -3.5441215188016795e-01
57                                     1.1954386693838792e-01
58                                     9.1707367258330841e-02
59                                     4.1434952638575773e-02
60                                    -3.9511862804550368e-01
61                                     2.8220188679846747e-01
62                                     2.8728561797891605e-01
63                                    -3.1479144242010193e-01
64                                    -7.1359038932536478e-02
65                                     2.2300739786095258e-01
66                                     1.1171218261363691e-01
67                                    -6.7090640120892253e-01
68                                    -6.7363659296558609e-01
   &VA [&Type "ArrayOfDoubles", &Dim (69,1)] "Mayer's total valence"
                                                         0

0                                      1.8515602509385936e+00
1                                      5.9568583902071310e+00
2                                      3.9717551559859463e+00
3                                      9.7358504070529162e-01
4                                      9.9450976319286177e-01
5                                      1.9442719750263038e+00
6                                      3.9081492055086509e+00
7                                      9.8547948157934773e-01
8                                      2.0772126059637515e+00
9                                      4.0563833762265338e+00
10                                     9.8841061584828083e-01
11                                     1.9779559384766259e+00
12                                     4.0054891542593420e+00
13                                     1.0002559016452039e+00
14                                     1.9706231467475455e+00
15                                     9.0624622039647384e-01
16                                     3.9982565863177610e+00
17                                     9.9136425053381794e-01
18                                     3.0290444594825390e+00
19                                     4.1373444666202417e+00
20                                     9.7126912004589283e-01
21                                     2.9821885464898781e+00
22                                     4.1157211292674303e+00
23                                     3.9123463383404511e+00
24                                     4.4581934131956320e+00
25                                     3.2265603771594833e+00
26                                     9.4589260828531985e-01
27                                     9.3576864013995564e-01
28                                     3.1182371685393342e+00
29                                     4.0572570414216154e+00
30                                     1.0143609417155921e+00
31                                     3.3120921944270734e+00
32                                     1.8825453696539949e+00
33                                     9.5847185635425602e-01
34                                     1.8241550223929259e+00
35                                     5.8668183992038827e+00
36                                     3.9776111357983215e+00
37                                     9.8254072852612029e-01
38                                     9.8993763874802432e-01
39                                     2.0101252113953194e+00
40                                     3.8683015464311832e+00
41                                     9.7348415185423320e-01
42                                     2.0429901855804342e+00
43                                     4.1207982058037977e+00
44                                     9.9193172191264090e-01
45                                     1.9430501283794417e+00
46                                     9.0992535556645326e-01
47                                     4.0303133861870446e+00
48                                     9.7827406180451137e-01
49                                     1.9866973388329647e+00
50                                     8.8593733634707905e-01
51                                     4.0481554165089753e+00
52                                     9.9376537428870826e-01
53                                     3.0307782922883275e+00
54                                     4.1591700817362360e+00
55                                     9.7003844200392764e-01
56                                     2.9566664101018123e+00
57                                     4.0686020438501993e+00
58                                     3.8615920765976002e+00
59                                     4.4710101569991085e+00
60                                     3.1965485919027685e+00
61                                     9.4177869784982826e-01
62                                     9.3406160717090003e-01
63                                     3.1078952432736280e+00
64                                     4.0906700945530501e+00
65                                     9.3526682983245291e-01
66                                     3.2889366137980369e+00
67                                     1.9532953262677282e+00
68                                     1.8653780285574975e+00
   &BVA [&Type "ArrayOfDoubles", &Dim (69,1)] "Mayer's bonded valence"
                                                         0

0                                      1.8515602509385776e+00
1                                      5.9568583902072429e+00
2                                      3.9717551559858961e+00
3                                      9.7358504070528662e-01
4                                      9.9450976319285722e-01
5                                      1.9442719750262896e+00
6                                      3.9081492055086597e+00
7                                      9.8547948157935417e-01
8                                      2.0772126059636928e+00
9                                      4.0563833762266572e+00
10                                     9.8841061584831102e-01
11                                     1.9779559384766596e+00
12                                     4.0054891542594007e+00
13                                     1.0002559016452197e+00
14                                     1.9706231467476183e+00
15                                     9.0624622039647529e-01
16                                     3.9982565863177175e+00
17                                     9.9136425053380239e-01
18                                     3.0290444594825621e+00
19                                     4.1373444666202470e+00
20                                     9.7126912004589372e-01
21                                     2.9821885464899047e+00
22                                     4.1157211292674045e+00
23                                     3.9123463383404840e+00
24                                     4.4581934131957119e+00
25                                     3.2265603771595508e+00
26                                     9.4589260828532806e-01
27                                     9.3576864013995598e-01
28                                     3.1182371685393182e+00
29                                     4.0572570414216589e+00
30                                     1.0143609417155892e+00
31                                     3.3120921944269295e+00
32                                     1.8825453696539878e+00
33                                     9.5847185635425347e-01
34                                     1.8241550223929117e+00
35                                     5.8668183992039111e+00
36                                     3.9776111357983552e+00
37                                     9.8254072852612273e-01
38                                     9.8993763874802809e-01
39                                     2.0101252113953105e+00
40                                     3.8683015464311956e+00
41                                     9.7348415185423387e-01
42                                     2.0429901855804395e+00
43                                     4.1207982058038102e+00
44                                     9.9193172191263912e-01
45                                     1.9430501283794648e+00
46                                     9.0992535556645304e-01
47                                     4.0303133861870375e+00
48                                     9.7827406180451437e-01
49                                     1.9866973388329594e+00
50                                     8.8593733634707728e-01
51                                     4.0481554165089717e+00
52                                     9.9376537428869971e-01
53                                     3.0307782922883302e+00
54                                     4.1591700817362103e+00
55                                     9.7003844200393008e-01
56                                     2.9566664101017572e+00
57                                     4.0686020438502233e+00
58                                     3.8615920765976499e+00
59                                     4.4710101569990677e+00
60                                     3.1965485919027481e+00
61                                     9.4177869784982815e-01
62                                     9.3406160717089548e-01
63                                     3.1078952432736848e+00
64                                     4.0906700945530883e+00
65                                     9.3526682983246001e-01
66                                     3.2889366137980787e+00
67                                     1.9532953262677477e+00
68                                     1.8653780285574797e+00
   &FA [&Type "ArrayOfDoubles", &Dim (69,1)] "Mayer's free valence"
                                                         0

0                                      0.0000000000000000e+00
1                                      0.0000000000000000e+00
2                                      0.0000000000000000e+00
3                                      0.0000000000000000e+00
4                                      0.0000000000000000e+00
5                                      0.0000000000000000e+00
6                                      0.0000000000000000e+00
7                                      0.0000000000000000e+00
8                                      0.0000000000000000e+00
9                                      0.0000000000000000e+00
10                                     0.0000000000000000e+00
11                                     0.0000000000000000e+00
12                                     0.0000000000000000e+00
13                                     0.0000000000000000e+00
14                                     0.0000000000000000e+00
15                                     0.0000000000000000e+00
16                                     0.0000000000000000e+00
17                                     0.0000000000000000e+00
18                                     0.0000000000000000e+00
19                                     0.0000000000000000e+00
20                                     0.0000000000000000e+00
21                                     0.0000000000000000e+00
22                                     0.0000000000000000e+00
23                                     0.0000000000000000e+00
24                                     0.0000000000000000e+00
25                                     0.0000000000000000e+00
26                                     0.0000000000000000e+00
27                                     0.0000000000000000e+00
28                                     0.0000000000000000e+00
29                                     0.0000000000000000e+00
30                                     0.0000000000000000e+00
31                                     0.0000000000000000e+00
32                                     0.0000000000000000e+00
33                                     0.0000000000000000e+00
34                                     0.0000000000000000e+00
35                                     0.0000000000000000e+00
36                                     0.0000000000000000e+00
37                                     0.0000000000000000e+00
38                                     0.0000000000000000e+00
39                                     0.0000000000000000e+00
40                                     0.0000000000000000e+00
41                                     0.0000000000000000e+00
42                                     0.0000000000000000e+00
43                                     0.0000000000000000e+00
44                                     0.0000000000000000e+00
45                                     0.0000000000000000e+00
46                                     0.0000000000000000e+00
47                                     0.0000000000000000e+00
48                                     0.0000000000000000e+00
49                                     0.0000000000000000e+00
50                                     0.0000000000000000e+00
51                                     0.0000000000000000e+00
52                                     0.0000000000000000e+00
53                                     0.0000000000000000e+00
54                                     0.0000000000000000e+00
55                                     0.0000000000000000e+00
56                                     0.0000000000000000e+00
57                                     0.0000000000000000e+00
58                                     0.0000000000000000e+00
59                                     0.0000000000000000e+00
60                                     0.0000000000000000e+00
61                                     0.0000000000000000e+00
62                                     0.0000000000000000e+00
63                                     0.0000000000000000e+00
64                                     0.0000000000000000e+00
65                                     0.0000000000000000e+00
66                                     0.0000000000000000e+00
67                                     0.0000000000000000e+00
68                                     0.0000000000000000e+00
   &Method [&Type "String"] "SCF"
   &Level [&Type "String"] "Relaxed density"
   &Mult [&Type "Integer"] 1
   &State [&Type "Integer"] -1
   &Irrep [&Type "Integer"] 0
$End
$SCF_Energy
   &GeometryIndex 1
   &Method [&Type "String"] "SCF"
   &totalEnergy [&Type "ArrayOfDoubles", &Dim (1,1)] "Total energy of each state"
                                                         0

0                                     -2.9835678188547095e+03
   &Mult [&Type "ArrayOfIntegers", &Dim (1,1)] "Multiplicity of each state"
                                                         0

0                                                        1
$End
$DFT_Energy
   &GeometryIndex 1
   &nAlphaEl [&Type "Integer"] 175
   &nBetaEl [&Type "Integer"] 175
   &nTotalEl [&Type "Integer"] 350
   &finalEn [&Type "Double"]      -2.9835678188547095e+03  "No Van der Waals correction"
   &eExchange [&Type "Double"]      -2.4860969443590173e+02
   &eCorr [&Type "Double"]      -1.2201374714837915e+01
   &eXC [&Type "Double"]      -2.6081106915073963e+02
   &eCNL [&Type "Double"]       0.0000000000000000e+00
$End
$Solvation_Details
   &GeometryIndex 1
   &Solvent [&Type "String"] "WATER"
   &Epsilon [&Type "Double"]       8.0150999999999996e+01
   &Refrac [&Type "Double"]       1.3328000000000000e+00
   &RSolv [&Type "Double"]       1.3000000000000000e+00
   &SurfaceType [&Type "String"] "GAUSSIAN VDW"
   &CPCMDielEnergy [&Type "Double"]      -3.4264335800000001e-01
   &NPoints [&Type "Integer"] 5404
   &SurfaceArea [&Type "Double"]       1.9942443589370000e+03
$End
$SCF_Timings
   &GeometryIndex 1
   &TOTAL [&Type "Double"]       4.6088507600000003e+02
   &PREP [&Type "Double"]       2.1674680000000000e+00
   &FOCK [&Type "Double"]       4.3000977999999998e+02
   &DENS [&Type "Double"]       1.7343629999999735e+00
   &ETOT [&Type "Double"]       7.0697899999998981e-01
   &POP [&Type "Double"]       5.1326399999999239e-01
   &TRAFO [&Type "Double"]       1.3975879999999989e+00
   &DIIS [&Type "Double"]       6.6297929999999852e+00
   &SOSCF [&Type "Double"]       4.6132700000000355e+00
   &XC [&Type "Double"]       3.7964677000000002e+01
   &FOCKSTART [&Type "Double"]       3.1250700000000986e-01
   &SOLV [&Type "Double"]       4.8744880000000030e+01
   &SOLV_INIT [&Type "Double"]       1.1556419999999998e+00
   &INT_PREP [&Type "Double"]       3.9999999899009708e-06
   &INT_BF [&Type "Double"]       6.0785809999972287e+00
   &INT_DENS [&Type "Double"]       1.3296838000004207e+01
   &INT_DENSIO [&Type "Double"]       2.1086053233430013e+06
   &INT_FUNC [&Type "Double"]       2.3556199999900684e-01
   &INT_POT [&Type "Double"]       9.1112410000009163e+00
   &INT_POTIO [&Type "Double"]       4.7144999999538584e-02
   &INT_SUM [&Type "Double"]       7.1429999999850224e-03
   &SPLITRIJ [&Type "Double"]       4.1208878999999911e+01
   &COSX [&Type "Double"]       3.1579855899999995e+02
$End
$VdW_Correction
   &GeometryIndex 1
   &vdW [&Type "Double"]      -1.0453519121829608e-01
$End
$Single_Point_Data
   &GeometryIndex 1
   &FinalEnergy [&Type "Double"]      -2.9836723540459279e+03  "Final single point energy"
   &Converged [&Type "Boolean"] true
$End
$SCF_Nuc_Gradient
   &GeometryIndex 1
   &NAtoms [&Type "Integer"] 69
   &gradNorm [&Type "Double"]       3.0478342982902333e-04
   &grad [&Type "ArrayOfDoubles", &Dim (207,1)] 
                                                         0

0                                     -7.0154461185126349e-06
1                                      1.3934144980732558e-05
2                                     -6.9799615447185511e-07
3                                     -8.1325520522251100e-06
4                                      4.0465971300651833e-05
5                                      3.4712050152136786e-05
6                                      3.3734786646595302e-05
7                                     -1.6005026159684967e-05
8                                     -5.8716446751781156e-05
9                                     -4.7726916218132067e-06
10                                     4.7651284860786281e-06
11                                     6.6810418909287066e-06
12                                     8.2049438487993473e-06
13                                    -3.8880481326528799e-06
14                                     8.0604863079512931e-06
15                                    -1.2137544558057016e-05
16                                    -1.5789939535529394e-05
17                                     7.7815827102110244e-05
18                                    -4.8571118556170055e-05
19                                     4.5824055167307992e-05
20                                     2.1464484340490196e-05
21                                     8.8163784604311035e-06
22                                    -6.2911421748694637e-08
23                                     1.5802824178070987e-06
24                                     7.5130455140545553e-06
25                                    -2.0964977104746070e-05
26                                    -1.6199375686974902e-05
27                                    -2.4711690328579417e-05
28                                    -2.1991129099067672e-05
29                                     2.6768850909522786e-05
30                                     2.4331868506880679e-06
31                                     1.1704557061070774e-05
32                                    -4.0782885334897140e-06
33                                    -1.9011682153527117e-05
34                                     6.9195584379099070e-06
35                                    -5.2709159630081898e-05
36                                    -1.8037334343629975e-05
37                                    -2.1012714282073560e-05
38                                     1.1168382517077968e-06
39                                     9.2559405091083703e-06
40                                    -5.4906101015655983e-06
41                                    -8.5646331065001219e-06
42                                     7.6384332865664806e-06
43                                     3.9809097450942252e-05
44                                    -2.6687668163784779e-05
45                                     7.9326248514017855e-06
46                                    -3.5458004909570212e-05
47                                     2.7054554374739889e-05
48                                     3.8882453405710503e-05
49                                     8.3520970821710958e-06
50                                     6.1295272581595589e-06
51                                    -5.9742373290635814e-06
52                                    -2.3503006456526633e-06
53                                     3.5641929413064542e-06
54                                    -1.1187100398539756e-05
55                                     1.0609586806366722e-05
56                                     9.0082438841813158e-06
57                                    -3.2025831610061391e-06
58                                    -4.2499483310837844e-05
59                                    -3.1821223381701421e-05
60                                     7.9035057258114297e-06
61                                    -2.3337733568528198e-06
62                                    -5.4515487261760822e-06
63                                    -1.8505280969910031e-05
64                                     2.8948666333134714e-05
65                                     4.2317870492564365e-05
66                                     2.6719106575509078e-05
67                                     9.9325479595846478e-06
68                                    -5.2809071621386355e-05
69                                    -5.8202705088333459e-06
70                                    -3.1056953421861977e-05
71                                     4.2194293572618427e-05
72                                    -4.9790488666332953e-06
73                                     1.0857504330269761e-05
74                                    -2.7911265233611859e-06
75                                    -4.9572813171584653e-06
76                                    -1.6041306539766855e-05
77                                    -6.7066713693545192e-06
78                                     1.5264687020793311e-05
79                                     3.2828611910012696e-06
80                                     7.0858072806833186e-06
81                                     5.9114786431286361e-06
82                                    -9.2223415026516248e-06
83                                    -1.1664225829717653e-05
84                                     3.2748401469402406e-06
85                                     1.8962855598446082e-05
86                                    -2.0721116796949032e-05
87                                    -3.7503994972324511e-06
88                                    -4.5266522586953281e-06
89                                     1.9744144931568841e-05
90                                    -3.0825740360918084e-07
91                                     2.1498311004519233e-06
92                                    -1.6574370231834442e-06
93                                    -1.5479336529656103e-05
94                                     9.6239111943787923e-06
95                                     4.4522935400528917e-06
96                                    -1.4901019501701711e-05
97                                    -6.4064752453316955e-05
98                                    -6.4860169260591897e-05
99                                     4.2113366627562709e-06
100                                    2.7962150741636175e-05
101                                    2.3406927663243760e-06
102                                    1.7531778835823029e-06
103                                    6.0329529862648249e-06
104                                    5.7018994537346020e-06
105                                    1.0967319859284531e-05
106                                   -1.7797781756723923e-05
107                                    2.5769072072638361e-05
108                                   -1.5727291709080753e-05
109                                    1.5375855986268067e-05
110                                    1.7119395728746928e-05
111                                    2.7672980310947532e-06
112                                   -1.1717339827971057e-05
113                                   -3.3239109942625111e-08
114                                    2.1604939442328459e-06
115                                    6.6837730930970844e-06
116                                   -6.7687748739048007e-06
117                                    3.2379301675093471e-05
118                                   -1.7466733877266464e-05
119                                   -2.9564653963461878e-05
120                                   -7.3293494507767164e-06
121                                   -2.8862365279524018e-07
122                                   -1.8472946914022950e-05
123                                    1.9333305599033898e-05
124                                    5.5351293569166514e-06
125                                   -3.1955290173253808e-06
126                                    1.4275301533936236e-05
127                                    4.8517928161940951e-06
128                                    1.3853023980592615e-05
129                                   -5.5907076500808785e-05
130                                   -1.5671017746125674e-05
131                                    1.2645777203413265e-05
132                                    5.4692191575372493e-06
133                                    3.8274714367044285e-06
134                                    1.0777872544199553e-06
135                                    4.5417741448011863e-05
136                                    1.0487995902754303e-05
137                                   -1.1899484625235750e-05
138                                   -1.7489813862714873e-05
139                                    1.2012767663286772e-06
140                                    1.2435002231278637e-05
141                                    3.2369152845712677e-05
142                                    2.8520539443674386e-07
143                                    1.3210616625133153e-05
144                                    7.4406368432185916e-06
145                                    1.6205927227080582e-05
146                                   -6.4010757512033652e-06
147                                   -1.5351079554322530e-05
148                                   -1.7039045305915484e-05
149                                   -1.3891244555806859e-05
150                                    8.8687339360634713e-06
151                                   -4.8503905491446017e-07
152                                    4.1926427017455593e-06
153                                   -4.0876922093427675e-05
154                                    1.4031892418085924e-05
155                                   -3.1449625230319168e-05
156                                    2.3144276955368918e-05
157                                   -7.9081471278001159e-07
158                                    4.0442253280308690e-06
159                                   -2.5294354042120089e-06
160                                    4.0792030010179893e-06
161                                   -3.2698283817348290e-06
162                                   -7.2746500731196142e-06
163                                    2.4472728913366561e-06
164                                   -4.1696304728510575e-06
165                                    8.2562962943575626e-06
166                                   -4.6481566745449200e-06
167                                    5.4204168735364763e-06
168                                   -5.7040841443039766e-06
169                                   -8.2899354134002634e-06
170                                    9.8796381206817476e-06
171                                    4.5867153286264486e-05
172                                   -7.1154894668002365e-07
173                                   -3.7331530740011983e-05
174                                   -3.0714053354817896e-05
175                                   -1.7610986401551737e-05
176                                    4.5084974289236234e-05
177                                    2.5324662453357052e-05
178                                   -6.8708621391116412e-06
179                                   -2.6506577487654850e-05
180                                   -4.0824953843598467e-05
181                                    5.6020265577858691e-06
182                                   -4.9501738624117909e-06
183                                    1.3616355451689200e-05
184                                    1.8088060692372169e-06
185                                    6.0074031612268881e-06
186                                    1.6580660767428194e-05
187                                   -3.7067119697858832e-06
188                                    7.8357510229055833e-06
189                                    1.2810014878149529e-05
190                                   -1.6343024797255709e-06
191                                    1.6339938881929864e-05
192                                   -1.2587644323186920e-05
193                                    1.6500315177636832e-05
194                                   -4.0895232805390844e-05
195                                   -4.0984877416887396e-06
196                                    2.1285157939049328e-06
197                                    8.5018146359586849e-06
198                                   -2.3601029478825244e-05
199                                   -1.3255000924438634e-05
200                                    4.6931623410277165e-05
201                                    9.0599479635658221e-06
202                                    7.6257364920626444e-06
203                                    8.6570458976816737e-06
204                                   -1.4088836012980134e-05
205                                    3.1925824711970384e-05
206                                   -1.8667394889506500e-06
   &Method [&Type "String"] "SCF"
   &Level [&Type "String"] "Relaxed density"
   &Mult [&Type "Integer"] 1
   &State [&Type "Integer"] 0
   &Irrep [&Type "Integer"] 0
$End
$Geometry
   &GeometryIndex 2
   &NAtoms [&Type "Integer"] 69
   &NCorelessECP [&Type "Integer"] 0
   &NGhostAtoms [&Type "Integer"] 0
   &CartesianCoordinates [&Type "Coordinates", &Dim(69,4), &Units "Bohr"] 
              O     58.628909741724   79.526926543126  121.408966107124
              P     57.488902061631   77.114534969742  122.323031033640
              C     61.809907167764   74.657070522323  122.816941797623
              H     63.349931905645   76.000910673669  123.136964351459
              H     61.562226945769   74.433385241129  120.775832302268
              O     59.566458350809   75.531739667230  123.964596094189
              C     62.522551927606   72.120246863310  123.891886015730
              H     64.107255557162   71.363199322369  122.793593601014
              O     63.278488321847   72.368949652279  126.480409986598
              C     60.390212442198   70.192594023635  123.959943489419
              H     58.626264093888   71.142434981537  124.454897979735
              O     60.156901077398   68.895006953723  121.644400875867
              C     61.206100131911   68.456481324606  126.103527879829
              H     59.631864038613   67.426942203772  126.954617121363
              O     63.135203702118   66.801200374263  125.314723113720
              H     62.816431045027   66.387800001366  123.565210197080
              C     62.355286982559   70.358396651231  127.928319420189
              H     63.885296570667   69.496812602172  129.015287527204
              N     57.146102126955   68.329866714971  135.808043024963
              C     58.694746079230   66.922127775516  134.406900631951
              H     58.940588207925   64.983749147400  135.039466903624
              N     59.966307691457   67.578991499117  132.348513386712
              C     59.527327458244   69.981449515314  131.718767183118
              C     57.967274043446   71.672479993373  132.986387258335
              C     56.740164290219   70.743373195214  135.148464551980
              N     55.237698639466   72.178141285954  136.596775004393
              H     54.173649793047   71.330541786628  137.925573613297
              H     54.677760746366   73.879766755987  135.962256875745
              N     57.975222018168   73.988085258941  131.805748834790
              C     59.496867734610   73.692922495558  129.878309252988
              H     59.948482907573   75.108365607856  128.482181146286
              N     60.495581982625   71.312235591676  129.724957067554
              O     57.075145693491   75.373561479695  119.886371181218
              H     56.564217208787   73.594891523703  120.253745252582
              O     55.203106061843   77.175386039669  123.974741285844
              P     57.346902675776   68.310695892722  120.532441275607
              C     56.889971604063   64.050729441589  123.091229780845
              H     58.922795913474   63.970752710086  123.457982681300
              H     56.490927991290   62.901554230762  121.419375531530
              O     56.094466600089   66.577408342647  122.702808978109
              C     55.482787643111   62.952111899613  125.302267893861
              H     56.097643888962   60.979222106184  125.500865208521
              O     56.078561307208   64.313565347088  127.564393094646
              C     52.602855088102   63.042745447435  125.124361797864
              H     52.026155243788   64.848011697346  124.305544750810
              O     51.537193156733   61.118188391650  123.663978319534
              H     51.464906790044   59.628271517151  124.720062426718
              C     51.848517887452   62.962165104194  127.913165893723
              H     49.991351099479   63.776440876647  128.265220327213
              O     51.762652027967   60.459557741411  128.819760052326
              H     53.445580167826   59.775550190232  128.966650374058
              C     53.949964248695   64.527727635752  129.131934283297
              H     54.377393800177   63.834481902629  131.030619264570
              N     49.204551883986   71.050365448096  134.447299070088
              C     49.605289825745   68.585474050880  134.773765042958
              H     48.760685355371   67.770636208656  136.459268499718
              N     50.893957015153   67.004631698083  133.315232070005
              C     51.845685326641   68.179998718627  131.297451887446
              C     51.577711270598   70.721825934554  130.695636313581
              C     50.194113693806   72.198400341906  132.414396190027
              N     49.827796817743   74.677424441855  132.100316540464
              H     48.883579609031   75.668507549944  133.417863640986
              H     50.620744988387   75.594167850699  130.638932702706
              N     52.783877591812   71.268906086553  128.459007625246
              C     53.755203064407   69.113884254024  127.737399851351
              H     54.836746175490   68.795025763103  126.038072847592
              N     53.263418539701   67.175435584248  129.381310184042
              O     57.755681681766   66.871130975647  118.170227757403
              O     55.802836637708   70.674045546669  120.587382840762
$End
$SCF_Mulliken_Population_Analysis
   &GeometryIndex 2
   &NAtoms [&Type "Integer"] 69
   &ATNO [&Type "ArrayOfIntegers", &Dim (69,1)] 
                                                         0

0                                                        8
1                                                       15
2                                                        6
3                                                        1
4                                                        1
5                                                        8
6                                                        6
7                                                        1
8                                                        8
9                                                        6
10                                                       1
11                                                       8
12                                                       6
13                                                       1
14                                                       8
15                                                       1
16                                                       6
17                                                       1
18                                                       7
19                                                       6
20                                                       1
21                                                       7
22                                                       6
23                                                       6
24                                                       6
25                                                       7
26                                                       1
27                                                       1
28                                                       7
29                                                       6
30                                                       1
31                                                       7
32                                                       8
33                                                       1
34                                                       8
35                                                      15
36                                                       6
37                                                       1
38                                                       1
39                                                       8
40                                                       6
41                                                       1
42                                                       8
43                                                       6
44                                                       1
45                                                       8
46                                                       1
47                                                       6
48                                                       1
49                                                       8
50                                                       1
51                                                       6
52                                                       1
53                                                       7
54                                                       6
55                                                       1
56                                                       7
57                                                       6
58                                                       6
59                                                       6
60                                                       7
61                                                       1
62                                                       1
63                                                       7
64                                                       6
65                                                       1
66                                                       7
67                                                       8
68                                                       8
   &AtomicCharges [&Type "ArrayOfDoubles", &Dim (69,1)] 
                                                         0

0                                     -7.2136063125263838e-01
1                                      7.7133477109459747e-01
2                                     -1.1138399106300323e-01
3                                      1.3132203570727419e-01
4                                      1.2741153770042946e-01
5                                     -3.6119539799104672e-01
6                                      1.7179308225144929e-01
7                                      1.0789616165804294e-01
8                                     -3.2776768281455304e-01
9                                     -6.1671224751090215e-02
10                                     1.3950562169790526e-01
11                                    -3.6183210654503384e-01
12                                     3.1377039676388385e-02
13                                     1.3846058311514176e-01
14                                    -4.9200804876864090e-01
15                                     3.5200943494917936e-01
16                                     1.3276789012455747e-01
17                                     1.2784141137350036e-01
18                                    -3.1128672444680117e-01
19                                     2.3486111430661261e-02
20                                     1.5121383748516282e-01
21                                    -3.4266029188211000e-01
22                                     1.2196293850674245e-01
23                                     4.9170275470785008e-02
24                                     6.4829686259136210e-02
25                                    -3.8741053924234325e-01
26                                     2.7945604367618648e-01
27                                     2.8489796663316791e-01
28                                    -3.1035290181238118e-01
29                                    -3.6755430551604462e-02
30                                     1.7589862659885147e-01
31                                     8.4312531318505357e-02
32                                    -5.5471304701997326e-01
33                                     3.5648774244840298e-01
34                                    -7.2405441377485324e-01
35                                     7.6050797353918576e-01
36                                    -1.0516720581627403e-01
37                                     1.3225916637624224e-01
38                                     1.3448852600896144e-01
39                                    -3.3361528069961999e-01
40                                     1.1210241909195062e-01
41                                     1.2222859112582785e-01
42                                    -3.1112606894467731e-01
43                                    -3.9942820139735602e-02
44                                     1.3282384817708248e-01
45                                    -4.8280834574276454e-01
46                                     3.4590166289525848e-01
47                                     9.1920635498921932e-02
48                                     1.4550298618505697e-01
49                                    -4.8825304299069217e-01
50                                     3.6314664744062464e-01
51                                     4.2218946097682064e-02
52                                     1.2704910757203702e-01
53                                    -3.0702664667014634e-01
54                                     1.1061822307315339e-02
55                                     1.5101334462077109e-01
56                                    -3.5447319514449127e-01
57                                     1.1939689205752657e-01
58                                     9.2339555741616230e-02
59                                     4.1144842810647120e-02
60                                    -3.9497724731360062e-01
61                                     2.8218650439240434e-01
62                                     2.8726581798447137e-01
63                                    -3.1476362686713610e-01
64                                    -7.1904431513559075e-02
65                                     2.2326185462584636e-01
66                                     1.1175781903863236e-01
67                                    -6.7090403289069656e-01
68                                    -6.7359991611458092e-01
   &Method [&Type "String"] "SCF"
   &Level [&Type "String"] "Relaxed density"
   &Mult [&Type "Integer"] 1
   &State [&Type "Integer"] -1
   &Irrep [&Type "Integer"] 0
$End
$SCF_Loewdin_Population_Analysis
   &GeometryIndex 2
   &NAtoms [&Type "Integer"] 69
   &ATNO [&Type "ArrayOfIntegers", &Dim (69,1)] 
                                                         0

0                                                        8
1                                                       15
2                                                        6
3                                                        1
4                                                        1
5                                                        8
6                                                        6
7                                                        1
8                                                        8
9                                                        6
10                                                       1
11                                                       8
12                                                       6
13                                                       1
14                                                       8
15                                                       1
16                                                       6
17                                                       1
18                                                       7
19                                                       6
20                                                       1
21                                                       7
22                                                       6
23                                                       6
24                                                       6
25                                                       7
26                                                       1
27                                                       1
28                                                       7
29                                                       6
30                                                       1
31                                                       7
32                                                       8
33                                                       1
34                                                       8
35                                                      15
36                                                       6
37                                                       1
38                                                       1
39                                                       8
40                                                       6
41                                                       1
42                                                       8
43                                                       6
44                                                       1
45                                                       8
46                                                       1
47                                                       6
48                                                       1
49                                                       8
50                                                       1
51                                                       6
52                                                       1
53                                                       7
54                                                       6
55                                                       1
56                                                       7
57                                                       6
58                                                       6
59                                                       6
60                                                       7
61                                                       1
62                                                       1
63                                                       7
64                                                       6
65                                                       1
66                                                       7
67                                                       8
68                                                       8
   &AtomicCharges [&Type "ArrayOfDoubles", &Dim (69,1)] 
                                                         0

0                                     -4.2144504182078535e-01
1                                     -1.1941469243728875e-01
2                                     -3.3007561130513619e-01
3                                      1.3453518607109327e-01
4                                      1.3851749535682301e-01
5                                      3.9789164907099384e-02
6                                     -2.8914405863092263e-01
7                                      1.5791521610314752e-01
8                                      2.2648633485584124e-01
9                                     -3.1635278723063198e-01
10                                     1.5778402903563116e-01
11                                     8.1001116026830466e-02
12                                    -3.2679301012097550e-01
13                                     1.4739850255255971e-01
14                                     2.5450191461686700e-03
15                                     1.8479089991854625e-01
16                                    -2.8458496946601830e-01
17                                     1.5857175743634877e-01
18                                     8.5809677187907774e-02
19                                    -3.0983685527414284e-01
20                                     1.3875542479664915e-01
21                                     8.5423248433242449e-02
22                                    -2.5470245079465581e-01
23                                    -2.2175536667436280e-01
24                                    -3.1667293188813694e-01
25                                     5.6760347476185302e-02
26                                     1.8516670250761313e-01
27                                     1.8702689314300602e-01
28                                     8.1976365883165592e-02
29                                    -2.4512727415072533e-01
30                                     1.4389516020221016e-01
31                                     2.9655425132000968e-01
32                                    -1.8928396175823536e-01
33                                     1.4037973918991586e-01
34                                    -4.2498060246358627e-01
35                                    -3.5698479370692482e-02
36                                    -3.1469296468388475e-01
37                                     1.3520350271698678e-01
38                                     1.4214387719582078e-01
39                                     6.5524023449121671e-02
40                                    -2.9954295062002601e-01
41                                     1.5982576597163689e-01
42                                     2.2421596161154689e-01
43                                    -3.2924913599309225e-01
44                                     1.6125676908739850e-01
45                                    -9.3253593767350651e-04
46                                     1.8602621623170112e-01
47                                    -3.1136458751921747e-01
48                                     1.6065945387292180e-01
49                                     4.6235103271605738e-03
50                                     1.9561639293393873e-01
51                                    -2.9391609203849800e-01
52                                     1.5850263369168927e-01
53                                     8.2684378330614372e-02
54                                    -3.1185509060445948e-01
55                                     1.3864798039146564e-01
56                                     8.3367143792751897e-02
57                                    -2.5462321999985615e-01
58                                    -2.2223923960314451e-01
59                                    -3.1932723454973644e-01
60                                     5.5501370311907827e-02
61                                     1.8696550445377613e-01
62                                     1.8901884904087929e-01
63                                     8.7401623575927623e-02
64                                    -2.4435221140827235e-01
65                                     1.4231805259761143e-01
66                                     2.9555950237597184e-01
67                                    -3.6334005707332118e-01
68                                    -3.3484163009319090e-01
   &Method [&Type "String"] "SCF"
   &Level [&Type "String"] "Relaxed density"
   &Mult [&Type "Integer"] 1
   &State [&Type "Integer"] -1
   &Irrep [&Type "Integer"] 0
$End
$SCF_Mayer_Population_Analysis
   &GeometryIndex 2
   &NAtoms [&Type "Integer"] 69 "Total number of atoms"
   &NBondOrdersPrint [&Type "Integer"] 75 "The number of bond orders larger than threshold"
   &bondThresh [&Type "Double"]       1.0000000000000001e-01  "The threshold for printing"
   &components [&Type "ArrayOfIntegers", &Dim (75,4)] "The indices and atomic numbers of the bonding atoms"
                                                         0                           1                           2                           3

0                                                        0                           8                           1                          15
1                                                        1                          15                           5                           8
2                                                        1                          15                          32                           8
3                                                        1                          15                          34                           8
4                                                        2                           6                           3                           1
5                                                        2                           6                           4                           1
6                                                        2                           6                           5                           8
7                                                        2                           6                           6                           6
8                                                        6                           6                           7                           1
9                                                        6                           6                           8                           8
10                                                       6                           6                           9                           6
11                                                       8                           8                          16                           6
12                                                       9                           6                          10                           1
13                                                       9                           6                          11                           8
14                                                       9                           6                          12                           6
15                                                      11                           8                          35                          15
16                                                      12                           6                          13                           1
17                                                      12                           6                          14                           8
18                                                      12                           6                          16                           6
19                                                      14                           8                          15                           1
20                                                      16                           6                          17                           1
21                                                      16                           6                          31                           7
22                                                      18                           7                          19                           6
23                                                      18                           7                          24                           6
24                                                      19                           6                          20                           1
25                                                      19                           6                          21                           7
26                                                      21                           7                          22                           6
27                                                      22                           6                          23                           6
28                                                      22                           6                          31                           7
29                                                      23                           6                          24                           6
30                                                      23                           6                          28                           7
31                                                      24                           6                          25                           7
32                                                      25                           7                          26                           1
33                                                      25                           7                          27                           1
34                                                      28                           7                          29                           6
35                                                      29                           6                          30                           1
36                                                      29                           6                          31                           7
37                                                      32                           8                          33                           1
38                                                      33                           1                          68                           8
39                                                      35                          15                          39                           8
40                                                      35                          15                          67                           8
41                                                      35                          15                          68                           8
42                                                      36                           6                          37                           1
43                                                      36                           6                          38                           1
44                                                      36                           6                          39                           8
45                                                      36                           6                          40                           6
46                                                      40                           6                          41                           1
47                                                      40                           6                          42                           8
48                                                      40                           6                          43                           6
49                                                      42                           8                          51                           6
50                                                      43                           6                          44                           1
51                                                      43                           6                          45                           8
52                                                      43                           6                          47                           6
53                                                      45                           8                          46                           1
54                                                      47                           6                          48                           1
55                                                      47                           6                          49                           8
56                                                      47                           6                          51                           6
57                                                      49                           8                          50                           1
58                                                      51                           6                          52                           1
59                                                      51                           6                          66                           7
60                                                      53                           7                          54                           6
61                                                      53                           7                          59                           6
62                                                      54                           6                          55                           1
63                                                      54                           6                          56                           7
64                                                      56                           7                          57                           6
65                                                      57                           6                          58                           6
66                                                      57                           6                          66                           7
67                                                      58                           6                          59                           6
68                                                      58                           6                          63                           7
69                                                      59                           6                          60                           7
70                                                      60                           7                          61                           1
71                                                      60                           7                          62                           1
72                                                      63                           7                          64                           6
73                                                      64                           6                          65                           1
74                                                      64                           6                          66                           7
   &BondOrders [&Type "ArrayOfDoubles", &Dim (75,1)] "The bond orders"
                                                         0

0                                      1.8845405269620572e+00
1                                      9.9091920630489994e-01
2                                      1.1518469770561997e+00
3                                      1.8463136651523699e+00
4                                      9.4858815579511946e-01
5                                      9.4900467543696188e-01
6                                      9.4057599452002250e-01
7                                      9.9440564370858309e-01
8                                      9.3439967246829092e-01
9                                      9.5582387993562179e-01
10                                     9.7919260650738782e-01
11                                     1.0867812012186999e+00
12                                     9.4041006545444394e-01
13                                     8.9057158117702917e-01
14                                     1.0044327814973304e+00
15                                     1.0281703408484182e+00
16                                     9.6872321501357583e-01
17                                     1.0130399858850987e+00
18                                     9.2692952507082127e-01
19                                     8.4817708400452752e-01
20                                     9.3112486991781551e-01
21                                     9.3022059873254492e-01
22                                     1.4704113396166782e+00
23                                     1.4655155781571494e+00
24                                     9.6152866037958906e-01
25                                     1.5225259076751843e+00
26                                     1.3398342208480012e+00
27                                     1.3762349880390521e+00
28                                     1.1760620041911478e+00
29                                     1.2442106336844341e+00
30                                     1.2761082620669324e+00
31                                     1.3933983064268103e+00
32                                     8.8051222030901821e-01
33                                     8.8989224121634514e-01
34                                     1.7126195065813024e+00
35                                     9.3918861839904344e-01
36                                     1.1899534538875964e+00
37                                     7.5292531280269370e-01
38                                     1.6370578606904398e-01
39                                     1.0521188943454449e+00
40                                     1.9615512866683438e+00
41                                     1.7010815858669448e+00
42                                     9.5229963074903556e-01
43                                     9.3467771751899509e-01
44                                     9.2945598541315466e-01
45                                     1.0206047726504837e+00
46                                     9.1700458499023429e-01
47                                     9.7032341210779749e-01
48                                     9.3378669303264328e-01
49                                     1.0409865332611246e+00
50                                     9.4043897079189687e-01
51                                     1.0846754173476096e+00
52                                     1.0105473802494140e+00
53                                     8.4521108531980760e-01
54                                     9.2766172706289296e-01
55                                     1.0042060804607396e+00
56                                     9.9279467592932835e-01
57                                     8.5363710722280639e-01
58                                     9.2999600547243622e-01
59                                     9.2124771155958296e-01
60                                     1.4689298315911059e+00
61                                     1.4828255034381530e+00
62                                     9.6151780664473252e-01
63                                     1.5404805341828181e+00
64                                     1.2882522880854652e+00
65                                     1.3782137075254934e+00
66                                     1.1739085812183232e+00
67                                     1.2332963344352335e+00
68                                     1.2758527873046799e+00
69                                     1.3992433749972777e+00
70                                     8.7578827269246717e-01
71                                     8.8597188186464149e-01
72                                     1.6799864646575857e+00
73                                     9.3511327857042237e-01
74                                     1.1726536490323225e+00
   &ATNO [&Type "ArrayOfIntegers", &Dim (69,1)] "Atomic number of the elements"
                                                         0

0                                                        8
1                                                       15
2                                                        6
3                                                        1
4                                                        1
5                                                        8
6                                                        6
7                                                        1
8                                                        8
9                                                        6
10                                                       1
11                                                       8
12                                                       6
13                                                       1
14                                                       8
15                                                       1
16                                                       6
17                                                       1
18                                                       7
19                                                       6
20                                                       1
21                                                       7
22                                                       6
23                                                       6
24                                                       6
25                                                       7
26                                                       1
27                                                       1
28                                                       7
29                                                       6
30                                                       1
31                                                       7
32                                                       8
33                                                       1
34                                                       8
35                                                      15
36                                                       6
37                                                       1
38                                                       1
39                                                       8
40                                                       6
41                                                       1
42                                                       8
43                                                       6
44                                                       1
45                                                       8
46                                                       1
47                                                       6
48                                                       1
49                                                       8
50                                                       1
51                                                       6
52                                                       1
53                                                       7
54                                                       6
55                                                       1
56                                                       7
57                                                       6
58                                                       6
59                                                       6
60                                                       7
61                                                       1
62                                                       1
63                                                       7
64                                                       6
65                                                       1
66                                                       7
67                                                       8
68                                                       8
   &NA [&Type "ArrayOfDoubles", &Dim (69,1)] "Mulliken gross atomic population"
                                                         0

0                                      8.7213606312526366e+00
1                                      1.4228665228905406e+01
2                                      6.1113839910630023e+00
3                                      8.6867796429272659e-01
4                                      8.7258846229957054e-01
5                                      8.3611953979910361e+00
6                                      5.8282069177485525e+00
7                                      8.9210383834195706e-01
8                                      8.3277676828145424e+00
9                                      6.0616712247510964e+00
10                                     8.6049437830209463e-01
11                                     8.3618321065450321e+00
12                                     5.9686229603236036e+00
13                                     8.6153941688485824e-01
14                                     8.4920080487686391e+00
15                                     6.4799056505082109e-01
16                                     5.8672321098754550e+00
17                                     8.7215858862649864e-01
18                                     7.3112867244467967e+00
19                                     5.9765138885693325e+00
20                                     8.4878616251483696e-01
21                                     7.3426602918820967e+00
22                                     5.8780370614932709e+00
23                                     5.9508297245291981e+00
24                                     5.9351703137408691e+00
25                                     7.3874105392423495e+00
26                                     7.2054395632381285e-01
27                                     7.1510203336683276e-01
28                                     7.3103529018123901e+00
29                                     6.0367554305516009e+00
30                                     8.2410137340114864e-01
31                                     6.9156874686814920e+00
32                                     8.5547130470199733e+00
33                                     6.4351225755159702e-01
34                                     8.7240544137748657e+00
35                                     1.4239492026460800e+01
36                                     6.1051672058162794e+00
37                                     8.6774083362375776e-01
38                                     8.6551147399103900e-01
39                                     8.3336152806996324e+00
40                                     5.8878975809080529e+00
41                                     8.7777140887417227e-01
42                                     8.3111260689446720e+00
43                                     6.0399428201397285e+00
44                                     8.6717615182291785e-01
45                                     8.4828083457427539e+00
46                                     6.5409833710474108e-01
47                                     5.9080793645010790e+00
48                                     8.5449701381494336e-01
49                                     8.4882530429906957e+00
50                                     6.3685335255937481e-01
51                                     5.9577810539023206e+00
52                                     8.7295089242796275e-01
53                                     7.3070266466701472e+00
54                                     5.9889381776926776e+00
55                                     8.4898665537922913e-01
56                                     7.3544731951444993e+00
57                                     5.8806031079424734e+00
58                                     5.9076604442583855e+00
59                                     5.9588551571893511e+00
60                                     7.3949772473136042e+00
61                                     7.1781349560759533e-01
62                                     7.1273418201552841e-01
63                                     7.3147636268671334e+00
64                                     6.0719044315135680e+00
65                                     7.7673814537415353e-01
66                                     6.8882421809613561e+00
67                                     8.6709040328906841e+00
68                                     8.6735999161145827e+00
   &ZA [&Type "ArrayOfDoubles", &Dim (69,1)] "Total nuclear charge"
                                                         0

0                                      8.0000000000000000e+00
1                                      1.5000000000000000e+01
2                                      6.0000000000000000e+00
3                                      1.0000000000000000e+00
4                                      1.0000000000000000e+00
5                                      8.0000000000000000e+00
6                                      6.0000000000000000e+00
7                                      1.0000000000000000e+00
8                                      8.0000000000000000e+00
9                                      6.0000000000000000e+00
10                                     1.0000000000000000e+00
11                                     8.0000000000000000e+00
12                                     6.0000000000000000e+00
13                                     1.0000000000000000e+00
14                                     8.0000000000000000e+00
15                                     1.0000000000000000e+00
16                                     6.0000000000000000e+00
17                                     1.0000000000000000e+00
18                                     7.0000000000000000e+00
19                                     6.0000000000000000e+00
20                                     1.0000000000000000e+00
21                                     7.0000000000000000e+00
22                                     6.0000000000000000e+00
23                                     6.0000000000000000e+00
24                                     6.0000000000000000e+00
25                                     7.0000000000000000e+00
26                                     1.0000000000000000e+00
27                                     1.0000000000000000e+00
28                                     7.0000000000000000e+00
29                                     6.0000000000000000e+00
30                                     1.0000000000000000e+00
31                                     7.0000000000000000e+00
32                                     8.0000000000000000e+00
33                                     1.0000000000000000e+00
34                                     8.0000000000000000e+00
35                                     1.5000000000000000e+01
36                                     6.0000000000000000e+00
37                                     1.0000000000000000e+00
38                                     1.0000000000000000e+00
39                                     8.0000000000000000e+00
40                                     6.0000000000000000e+00
41                                     1.0000000000000000e+00
42                                     8.0000000000000000e+00
43                                     6.0000000000000000e+00
44                                     1.0000000000000000e+00
45                                     8.0000000000000000e+00
46                                     1.0000000000000000e+00
47                                     6.0000000000000000e+00
48                                     1.0000000000000000e+00
49                                     8.0000000000000000e+00
50                                     1.0000000000000000e+00
51                                     6.0000000000000000e+00
52                                     1.0000000000000000e+00
53                                     7.0000000000000000e+00
54                                     6.0000000000000000e+00
55                                     1.0000000000000000e+00
56                                     7.0000000000000000e+00
57                                     6.0000000000000000e+00
58                                     6.0000000000000000e+00
59                                     6.0000000000000000e+00
60                                     7.0000000000000000e+00
61                                     1.0000000000000000e+00
62                                     1.0000000000000000e+00
63                                     7.0000000000000000e+00
64                                     6.0000000000000000e+00
65                                     1.0000000000000000e+00
66                                     7.0000000000000000e+00
67                                     8.0000000000000000e+00
68                                     8.0000000000000000e+00
   &QA [&Type "ArrayOfDoubles", &Dim (69,1)] "Mulliken gross atomic charge"
                                                         0

0                                     -7.2136063125263661e-01
1                                      7.7133477109459392e-01
2                                     -1.1138399106300234e-01
3                                      1.3132203570727341e-01
4                                      1.2741153770042946e-01
5                                     -3.6119539799103606e-01
6                                      1.7179308225144752e-01
7                                      1.0789616165804294e-01
8                                     -3.2776768281454238e-01
9                                     -6.1671224751096432e-02
10                                     1.3950562169790537e-01
11                                    -3.6183210654503206e-01
12                                     3.1377039676396379e-02
13                                     1.3846058311514176e-01
14                                    -4.9200804876863913e-01
15                                     3.5200943494917891e-01
16                                     1.3276789012454504e-01
17                                     1.2784141137350136e-01
18                                    -3.1128672444679673e-01
19                                     2.3486111430667478e-02
20                                     1.5121383748516304e-01
21                                    -3.4266029188209668e-01
22                                     1.2196293850672912e-01
23                                     4.9170275470801883e-02
24                                     6.4829686259130881e-02
25                                    -3.8741053924234947e-01
26                                     2.7945604367618715e-01
27                                     2.8489796663316724e-01
28                                    -3.1035290181239006e-01
29                                    -3.6755430551600909e-02
30                                     1.7589862659885136e-01
31                                     8.4312531318508022e-02
32                                    -5.5471304701997326e-01
33                                     3.5648774244840298e-01
34                                    -7.2405441377486568e-01
35                                     7.6050797353919997e-01
36                                    -1.0516720581627936e-01
37                                     1.3225916637624224e-01
38                                     1.3448852600896100e-01
39                                    -3.3361528069963242e-01
40                                     1.1210241909194707e-01
41                                     1.2222859112582773e-01
42                                    -3.1112606894467199e-01
43                                    -3.9942820139728497e-02
44                                     1.3282384817708215e-01
45                                    -4.8280834574275389e-01
46                                     3.4590166289525892e-01
47                                     9.1920635498921044e-02
48                                     1.4550298618505664e-01
49                                    -4.8825304299069572e-01
50                                     3.6314664744062519e-01
51                                     4.2218946097679400e-02
52                                     1.2704910757203725e-01
53                                    -3.0702664667014723e-01
54                                     1.1061822307322444e-02
55                                     1.5101334462077087e-01
56                                    -3.5447319514449926e-01
57                                     1.1939689205752657e-01
58                                     9.2339555741614454e-02
59                                     4.1144842810648896e-02
60                                    -3.9497724731360417e-01
61                                     2.8218650439240467e-01
62                                     2.8726581798447159e-01
63                                    -3.1476362686713344e-01
64                                    -7.1904431513567957e-02
65                                     2.2326185462584647e-01
66                                     1.1175781903864390e-01
67                                    -6.7090403289068412e-01
68                                    -6.7359991611458270e-01
   &VA [&Type "ArrayOfDoubles", &Dim (69,1)] "Mayer's total valence"
                                                         0

0                                      1.8515608600787612e+00
1                                      5.9569636826569301e+00
2                                      3.9717061426194897e+00
3                                      9.7353996510032015e-01
4                                      9.9453688521180916e-01
5                                      1.9443073843918679e+00
6                                      3.9078987724281644e+00
7                                      9.8544168946291710e-01
8                                      2.0771994055511884e+00
9                                      4.0562412444708578e+00
10                                     9.8833122420199326e-01
11                                     1.9778647694329425e+00
12                                     4.0063574421413284e+00
13                                     9.9982775575730054e-01
14                                     1.9707401471133998e+00
15                                     9.0628520232425269e-01
16                                     3.9975102579941586e+00
17                                     9.9137898747492637e-01
18                                     3.0291411939284414e+00
19                                     4.1373733304245093e+00
20                                     9.7127205416029327e-01
21                                     2.9822215877377412e+00
22                                     4.1156176629926033e+00
23                                     3.9130972106480209e+00
24                                     4.4578699897099199e+00
25                                     3.2264799833000497e+00
26                                     9.4595253809233881e-01
27                                     9.3580707520221984e-01
28                                     3.1183719892749107e+00
29                                     4.0572696144921707e+00
30                                     1.0143742140349452e+00
31                                     3.3120474676601637e+00
32                                     1.8825841459701742e+00
33                                     9.5845495353402488e-01
34                                     1.8241476055284931e+00
35                                     5.8667669195010603e+00
36                                     3.9774291311179031e+00
37                                     9.8267547181415082e-01
38                                     9.8989635735388926e-01
39                                     2.0100698467234892e+00
40                                     3.8686638761152476e+00
41                                     9.7346879530420471e-01
42                                     2.0430235679270972e+00
43                                     4.1206922310600751e+00
44                                     9.9191687363254710e-01
45                                     1.9431045670954497e+00
46                                     9.0991085318175668e-01
47                                     4.0304944059399457e+00
48                                     9.7826647903372610e-01
49                                     1.9867041670716059e+00
50                                     8.8593927475953049e-01
51                                     4.0482619846164170e+00
52                                     9.9375365119100567e-01
53                                     3.0307176387430239e+00
54                                     4.1590435420801439e+00
55                                     9.7003341163989487e-01
56                                     2.9568573025745479e+00
57                                     4.0690543574329139e+00
58                                     3.8605375819460224e+00
59                                     4.4711701005655842e+00
60                                     3.1965806477458028e+00
61                                     9.4178594106579649e-01
62                                     9.3408700709592318e-01
63                                     3.1081009243710431e+00
64                                     4.0912199184270239e+00
65                                     9.3481889185865163e-01
66                                     3.2888621225582071e+00
67                                     1.9533179625595789e+00
68                                     1.8654229312150576e+00
   &BVA [&Type "ArrayOfDoubles", &Dim (69,1)] "Mayer's bonded valence"
                                                         0

0                                      1.8515608600788092e+00
1                                      5.9569636826569461e+00
2                                      3.9717061426194569e+00
3                                      9.7353996510030716e-01
4                                      9.9453688521180750e-01
5                                      1.9443073843918608e+00
6                                      3.9078987724281351e+00
7                                      9.8544168946291388e-01
8                                      2.0771994055511902e+00
9                                      4.0562412444707991e+00
10                                     9.8833122420198238e-01
11                                     1.9778647694329443e+00
12                                     4.0063574421412724e+00
13                                     9.9982775575730298e-01
14                                     1.9707401471133750e+00
15                                     9.0628520232425791e-01
16                                     3.9975102579941275e+00
17                                     9.9137898747491104e-01
18                                     3.0291411939284734e+00
19                                     4.1373733304245306e+00
20                                     9.7127205416029416e-01
21                                     2.9822215877377065e+00
22                                     4.1156176629925474e+00
23                                     3.9130972106479076e+00
24                                     4.4578699897098826e+00
25                                     3.2264799833000675e+00
26                                     9.4595253809234547e-01
27                                     9.3580707520222706e-01
28                                     3.1183719892749266e+00
29                                     4.0572696144921974e+00
30                                     1.0143742140349497e+00
31                                     3.3120474676602445e+00
32                                     1.8825841459702168e+00
33                                     9.5845495353402210e-01
34                                     1.8241476055284522e+00
35                                     5.8667669195011278e+00
36                                     3.9774291311179151e+00
37                                     9.8267547181415327e-01
38                                     9.8989635735390147e-01
39                                     2.0100698467235167e+00
40                                     3.8686638761151539e+00
41                                     9.7346879530418140e-01
42                                     2.0430235679271282e+00
43                                     4.1206922310601088e+00
44                                     9.9191687363253611e-01
45                                     1.9431045670954674e+00
46                                     9.0991085318176390e-01
47                                     4.0304944059399119e+00
48                                     9.7826647903373209e-01
49                                     1.9867041670716095e+00
50                                     8.8593927475953638e-01
51                                     4.0482619846164205e+00
52                                     9.9375365119100456e-01
53                                     3.0307176387430870e+00
54                                     4.1590435420801839e+00
55                                     9.7003341163989787e-01
56                                     2.9568573025745915e+00
57                                     4.0690543574329379e+00
58                                     3.8605375819458683e+00
59                                     4.4711701005655575e+00
60                                     3.1965806477457761e+00
61                                     9.4178594106579672e-01
62                                     9.3408700709592341e-01
63                                     3.1081009243709969e+00
64                                     4.0912199184270586e+00
65                                     9.3481889185866107e-01
66                                     3.2888621225582977e+00
67                                     1.9533179625596127e+00
68                                     1.8654229312150239e+00
   &FA [&Type "ArrayOfDoubles", &Dim (69,1)] "Mayer's free valence"
                                                         0

0                                      0.0000000000000000e+00
1                                      0.0000000000000000e+00
2                                      0.0000000000000000e+00
3                                      0.0000000000000000e+00
4                                      0.0000000000000000e+00
5                                      0.0000000000000000e+00
6                                      0.0000000000000000e+00
7                                      0.0000000000000000e+00
8                                      0.0000000000000000e+00
9                                      0.0000000000000000e+00
10                                     0.0000000000000000e+00
11                                     0.0000000000000000e+00
12                                     0.0000000000000000e+00
13                                     0.0000000000000000e+00
14                                     0.0000000000000000e+00
15                                     0.0000000000000000e+00
16                                     0.0000000000000000e+00
17                                     0.0000000000000000e+00
18                                     0.0000000000000000e+00
19                                     0.0000000000000000e+00
20                                     0.0000000000000000e+00
21                                     0.0000000000000000e+00
22                                     0.0000000000000000e+00
23                                     0.0000000000000000e+00
24                                     0.0000000000000000e+00
25                                     0.0000000000000000e+00
26                                     0.0000000000000000e+00
27                                     0.0000000000000000e+00
28                                     0.0000000000000000e+00
29                                     0.0000000000000000e+00
30                                     0.0000000000000000e+00
31                                     0.0000000000000000e+00
32                                     0.0000000000000000e+00
33                                     0.0000000000000000e+00
34                                     0.0000000000000000e+00
35                                     0.0000000000000000e+00
36                                     0.0000000000000000e+00
37                                     0.0000000000000000e+00
38                                     0.0000000000000000e+00
39                                     0.0000000000000000e+00
40                                     0.0000000000000000e+00
41                                     0.0000000000000000e+00
42                                     0.0000000000000000e+00
43                                     0.0000000000000000e+00
44                                     0.0000000000000000e+00
45                                     0.0000000000000000e+00
46                                     0.0000000000000000e+00
47                                     0.0000000000000000e+00
48                                     0.0000000000000000e+00
49                                     0.0000000000000000e+00
50                                     0.0000000000000000e+00
51                                     0.0000000000000000e+00
52                                     0.0000000000000000e+00
53                                     0.0000000000000000e+00
54                                     0.0000000000000000e+00
55                                     0.0000000000000000e+00
56                                     0.0000000000000000e+00
57                                     0.0000000000000000e+00
58                                     0.0000000000000000e+00
59                                     0.0000000000000000e+00
60                                     0.0000000000000000e+00
61                                     0.0000000000000000e+00
62                                     0.0000000000000000e+00
63                                     0.0000000000000000e+00
64                                     0.0000000000000000e+00
65                                     0.0000000000000000e+00
66                                     0.0000000000000000e+00
67                                     0.0000000000000000e+00
68                                     0.0000000000000000e+00
   &Method [&Type "String"] "SCF"
   &Level [&Type "String"] "Relaxed density"
   &Mult [&Type "Integer"] 1
   &State [&Type "Integer"] -1
   &Irrep [&Type "Integer"] 0
$End
$SCF_Energy
   &GeometryIndex 2
   &Method [&Type "String"] "SCF"
   &totalEnergy [&Type "ArrayOfDoubles", &Dim (1,1)] "Total energy of each state"
                                                         0

0                                     -2.9835677930481588e+03
   &Mult [&Type "ArrayOfIntegers", &Dim (1,1)] "Multiplicity of each state"
                                                         0

0                                                        1
$End
$DFT_Energy
   &GeometryIndex 2
   &nAlphaEl [&Type "Integer"] 175
   &nBetaEl [&Type "Integer"] 175
   &nTotalEl [&Type "Integer"] 350
   &finalEn [&Type "Double"]      -2.9835677930481588e+03  "No Van der Waals correction"
   &eExchange [&Type "Double"]      -2.4860979905980267e+02
   &eCorr [&Type "Double"]      -1.2201410382677601e+01
   &eXC [&Type "Double"]      -2.6081120944248028e+02
   &eCNL [&Type "Double"]       0.0000000000000000e+00
$End
$Solvation_Details
   &GeometryIndex 2
   &Solvent [&Type "String"] "WATER"
   &Epsilon [&Type "Double"]       8.0150999999999996e+01
   &Refrac [&Type "Double"]       1.3328000000000000e+00
   &RSolv [&Type "Double"]       1.3000000000000000e+00
   &SurfaceType [&Type "String"] "GAUSSIAN VDW"
   &CPCMDielEnergy [&Type "Double"]      -3.4261405600000000e-01
   &NPoints [&Type "Integer"] 5405
   &SurfaceArea [&Type "Double"]       1.9938771687920000e+03
$End
$SCF_Timings
   &GeometryIndex 2
   &TOTAL [&Type "Double"]       2.9693031700000000e+02
   &PREP [&Type "Double"]       2.0620099999999999e+00
   &FOCK [&Type "Double"]       2.7688690999999994e+02
   &DENS [&Type "Double"]       7.4086700000000860e-01
   &ETOT [&Type "Double"]       4.1644200000008880e-01
   &POP [&Type "Double"]       6.0115400000000818e-01
   &TRAFO [&Type "Double"]       8.4173200000003590e-01
   &DIIS [&Type "Double"]       9.4017199999999690e-01
   &SOSCF [&Type "Double"]       3.9347119999999904e+00
   &XC [&Type "Double"]       2.1256925000000038e+01
   &FOCKSTART [&Type "Double"]       1.7756100000000741e-01
   &SOLV [&Type "Double"]       2.5336572000000032e+01
   &SOLV_INIT [&Type "Double"]       1.0099629999999999e+00
   &SOLV_FINAL [&Type "Double"]       9.9999999747524271e-07
   &INT_PREP [&Type "Double"]       3.9999999899009708e-06
   &INT_BF [&Type "Double"]       3.1568840000011988e+00
   &INT_DENS [&Type "Double"]       7.0798759999995369e+00
   &INT_DENSIO [&Type "Double"]       8.0378821776499727e+05
   &INT_FUNC [&Type "Double"]       1.2479700000022120e-01
   &INT_POT [&Type "Double"]       4.1607859999981542e+00
   &INT_POTIO [&Type "Double"]       2.3057000000584082e-02
   &INT_SUM [&Type "Double"]       6.5359999999614615e-03
   &SPLITRIJ [&Type "Double"]       2.1485662000000008e+01
   &COSX [&Type "Double"]       2.2028887399999999e+02
$End
$VdW_Correction
   &GeometryIndex 2
   &vdW [&Type "Double"]      -1.0454962639865999e-01
$End
$Single_Point_Data
   &GeometryIndex 2
   &FinalEnergy [&Type "Double"]      -2.9836723426745575e+03  "Final single point energy"
   &Converged [&Type "Boolean"] true
$End
$SCF_Dipole_Moment
   &GeometryIndex 2
   &dipoleMagnitude [&Type "Double", &Units "a.u."]       1.3133998803917910e+01
   &dipoleElecContrib [&Type "ArrayOfDoubles", &Dim (3,1)] "Electronic contribution"
                                                         0

0                                      7.9993231567118417e-01
1                                      9.1294053712360999e+00
2                                     -1.0015204421716668e+00
   &dipoleNucContrib [&Type "ArrayOfDoubles", &Dim (3,1)] "Nuclear contribution"
                                                         0

0                                     -1.1760464095578484e+00
1                                     -1.8254960399130198e+01
2                                      1.0439990032236238e+01
   &dipoleTotal [&Type "ArrayOfDoubles", &Dim (3,1)] "Total"
                                                         0

0                                     -3.7611409388666428e-01
1                                     -9.1255550278940980e+00
2                                      9.4384695900645710e+00
   &doAtomicDipole [&Type "Boolean"] false
   &Method [&Type "String"] "SCF"
   &Level [&Type "String"] "Relaxed density"
   &Mult [&Type "Integer"] 1
   &State [&Type "Integer"] -1
   &Irrep [&Type "Integer"] 0
$End
$Calculation_Info
   &GeometryIndex 2
   &Mult [&Type "Integer"] 1
   &Charge [&Type "Integer"] -2
   &NumOfAtoms [&Type "Integer"] 69
   &NumOfElectrons [&Type "Integer"] 350
   &NumOfBasisFuncts [&Type "Integer"] 1551
   &NumOfAuxCBasisFuncts [&Type "Integer"] 0
   &NumOfAuxJBasisFuncts [&Type "Integer"] 2473
   &NumOfAuxJKBasisFuncts [&Type "Integer"] 0
   &NumOfCABSBasisFuncts [&Type "Integer"] 0
$End
$Calculation_Timings
   &GeometryIndex 2
   &GTOINT [&Type "Double"]       1.9847928999999905e+01
   &SCF [&Type "Double"]       7.7438094300000000e+02
   &SCFGRAD [&Type "Double"]       1.5351485000000002e+02
   &GSTEP [&Type "Double"]       7.3941999999937252e-02
   &PROP [&Type "Double"]       1.0678570000000036e+00
   &SUM [&Type "Double"]       9.4888552099999993e+02
$End
