*************************************************
******************* ORCA 6.1.1 ******************
*************************************************
$Calculation_Status
   &GeometryIndex 32
   &version [&Type "String"] "6.1.1"
   &progName [&Type "String"] "LeanSCF"
   &Status [&Type "String"] "NORMAL TERMINATION"
$End
$Geometry
   &GeometryIndex 1
   &NAtoms [&Type "Integer"] 37
   &NCorelessECP [&Type "Integer"] 0
   &NGhostAtoms [&Type "Integer"] 0
   &CartesianCoordinates [&Type "Coordinates", &Dim(37,4), &Units "Bohr"] 
              P     -9.038560098545   -1.851931611243    0.198421244062
              O    -10.998206099422   -0.009448630670   -0.570697292444
              O    -10.036335497256   -3.454419372808    2.585145351204
              O     -8.454634723164   -3.737878292896   -2.114603543858
              O     -6.494988722287   -0.368496596115    0.965650054434
              C     -5.257218104569    1.373830899361   -0.684080860479
              C     -2.910178246239    2.437746712758    0.625499350328
              O     -1.079033622469    0.464872628945    0.988326768041
              C     -1.672407628520    4.469202306724   -1.054467182728
              O     -1.610046666101    6.846477783197    0.224877409937
              C      1.043128825925    3.475206360281   -1.500442550333
              O      2.840258379284    5.485874966773   -1.360602816423
              C      1.385169256164    1.606267213833    0.729434287694
              N      3.288123473023   -0.308025359829    0.113383568035
              C      2.849707009953   -2.587035077338   -1.001554850978
              N      4.966200279945   -3.811577612119   -1.269895961995
              C      6.889941484277   -2.399952190080   -0.345819882508
              C      9.516660810427   -2.734433715784   -0.130391103241
              N     10.661834847584   -4.924626304999   -0.982657589639
              N     10.875373900717   -0.895730187479    0.910847996550
              C      9.800119730516    1.201865821174    1.727209686404
              N      7.349144934820    1.596818583163    1.566582965021
              C      5.839253753817   -0.128501377107    0.542351400435
              H     -7.186628487303   -5.000215350356   -1.744217221609
              H     -4.697859168928    0.404401392659   -2.413180273017
              H     -6.542231875635    2.915847424640   -1.147063763290
              H     -3.431742659201    3.252218676478    2.445305617294
              H     -2.683411110168    4.641167384911   -2.840258379284
              H     -0.850376760265    8.193852516683   -0.746441822899
              H      1.179189107567    2.496328222910   -3.308910460496
              H      2.594593981874    6.791675725313   -2.613491243213
              H      1.901064490725    2.617270695481    2.449085069562
              H      1.016672660050   -3.276785116219   -1.577921321824
              H      9.648941639802   -6.253103777145   -1.738548043208
              H     12.475971936148   -5.134385905864   -0.822030868256
              H     10.973639659681    2.649396039758    2.560578911463
              H     11.785220342416   -1.681232649566    2.441771829424
$End
$SCF_Mulliken_Population_Analysis
   &GeometryIndex 1
   &NAtoms [&Type "Integer"] 37
   &ATNO [&Type "ArrayOfIntegers", &Dim (37,1)] 
                                                         0

0                                                       15
1                                                        8
2                                                        8
3                                                        8
4                                                        8
5                                                        6
6                                                        6
7                                                        8
8                                                        6
9                                                        8
10                                                       6
11                                                       8
12                                                       6
13                                                       7
14                                                       6
15                                                       7
16                                                       6
17                                                       6
18                                                       7
19                                                       7
20                                                       6
21                                                       7
22                                                       6
23                                                       1
24                                                       1
25                                                       1
26                                                       1
27                                                       1
28                                                       1
29                                                       1
30                                                       1
31                                                       1
32                                                       1
33                                                       1
34                                                       1
35                                                       1
36                                                       1
   &AtomicCharges [&Type "ArrayOfDoubles", &Dim (37,1)] 
                                                         0

0                                      7.8779652236292819e-01
1                                     -6.9775091801893829e-01
2                                     -8.0830242705770239e-01
3                                     -5.1663747496232126e-01
4                                     -3.2760965080890792e-01
5                                     -1.2713191612760433e-01
6                                      1.5417549583262957e-01
7                                     -3.0764917157192961e-01
8                                      3.0602392538968459e-02
9                                     -5.0020636086352255e-01
10                                     5.4466810474458782e-02
11                                    -5.1213068308583765e-01
12                                     6.2129191350762447e-02
13                                     9.1107675622984274e-02
14                                     6.1784550695289653e-03
15                                    -2.8428921495183967e-01
16                                     7.8488977249535630e-02
17                                     1.6187668827070301e-01
18                                    -3.4310860153541256e-01
19                                    -1.5228794091400566e-01
20                                     6.9108396613865253e-02
21                                    -2.8390913101633686e-01
22                                     1.5980113104265392e-01
23                                     3.7596562703114467e-01
24                                     1.3855497065248368e-01
25                                     1.3934334782190105e-01
26                                     9.5999047612497890e-02
27                                     1.2839530837037760e-01
28                                     3.4855133036902541e-01
29                                     1.2218885733081419e-01
30                                     3.6038083007961208e-01
31                                     1.3940465220678899e-01
32                                     2.1123435162931326e-01
33                                     2.9335618612648129e-01
34                                     2.9609750813429581e-01
35                                     2.1446131880849673e-01
36                                     3.4134841831232643e-01
   &Method [&Type "String"] "SCF"
   &Level [&Type "String"] "Relaxed density"
   &Mult [&Type "Integer"] 1
   &State [&Type "Integer"] -1
   &Irrep [&Type "Integer"] 0
$End
$SCF_Loewdin_Population_Analysis
   &GeometryIndex 1
   &NAtoms [&Type "Integer"] 37
   &ATNO [&Type "ArrayOfIntegers", &Dim (37,1)] 
                                                         0

0                                                       15
1                                                        8
2                                                        8
3                                                        8
4                                                        8
5                                                        6
6                                                        6
7                                                        8
8                                                        6
9                                                        8
10                                                       6
11                                                       8
12                                                       6
13                                                       7
14                                                       6
15                                                       7
16                                                       6
17                                                       6
18                                                       7
19                                                       7
20                                                       6
21                                                       7
22                                                       6
23                                                       1
24                                                       1
25                                                       1
26                                                       1
27                                                       1
28                                                       1
29                                                       1
30                                                       1
31                                                       1
32                                                       1
33                                                       1
34                                                       1
35                                                       1
36                                                       1
   &AtomicCharges [&Type "ArrayOfDoubles", &Dim (37,1)] 
                                                         0

0                                     -2.9291969534325446e-02
1                                     -4.0006722832228725e-01
2                                     -5.6293763536695884e-01
3                                     -1.5881231554244835e-01
4                                      3.4477498996167810e-02
5                                     -3.0071432582784929e-01
6                                     -2.7176966408145820e-01
7                                      1.8936125087639510e-01
8                                     -2.8846925856606997e-01
9                                     -2.6421252183729038e-02
10                                    -2.8362647182657419e-01
11                                    -2.4823049557948451e-02
12                                    -2.3644222836981221e-01
13                                     3.0949632056585141e-01
14                                    -1.9567952921846121e-01
15                                     1.1275814570596765e-01
16                                    -1.9205779090995811e-01
17                                    -1.9217190424538000e-01
18                                     1.1236155081281840e-01
19                                     2.3443312176976061e-01
20                                    -2.0510642648724353e-01
21                                     1.4477726066341212e-01
22                                    -2.0894435971853298e-01
23                                     1.9289991063803524e-01
24                                     1.3488190542421818e-01
25                                     1.3739169697183795e-01
26                                     1.5350367903471007e-01
27                                     1.5097026509484002e-01
28                                     1.8593400571634588e-01
29                                     1.5274071214700380e-01
30                                     1.9277361639252510e-01
31                                     1.6143474824501913e-01
32                                     1.6149758360505351e-01
33                                     1.8205687014967076e-01
34                                     1.8013994066389305e-01
35                                     1.6648844359707515e-01
36                                     2.8695688268860664e-01
   &Method [&Type "String"] "SCF"
   &Level [&Type "String"] "Relaxed density"
   &Mult [&Type "Integer"] 1
   &State [&Type "Integer"] -1
   &Irrep [&Type "Integer"] 0
$End
$SCF_Mayer_Population_Analysis
   &GeometryIndex 1
   &NAtoms [&Type "Integer"] 37 "Total number of atoms"
   &NBondOrdersPrint [&Type "Integer"] 39 "The number of bond orders larger than threshold"
   &bondThresh [&Type "Double"]       1.0000000000000001e-01  "The threshold for printing"
   &components [&Type "ArrayOfIntegers", &Dim (39,4)] "The indices and atomic numbers of the bonding atoms"
                                                         0                           1                           2                           3

0                                                        0                          15                           1                           8
1                                                        0                          15                           2                           8
2                                                        0                          15                           3                           8
3                                                        0                          15                           4                           8
4                                                        3                           8                          23                           1
5                                                        4                           8                           5                           6
6                                                        5                           6                           6                           6
7                                                        5                           6                          24                           1
8                                                        5                           6                          25                           1
9                                                        6                           6                           7                           8
10                                                       6                           6                           8                           6
11                                                       6                           6                          26                           1
12                                                       7                           8                          12                           6
13                                                       8                           6                           9                           8
14                                                       8                           6                          10                           6
15                                                       8                           6                          27                           1
16                                                       9                           8                          28                           1
17                                                      10                           6                          11                           8
18                                                      10                           6                          12                           6
19                                                      10                           6                          29                           1
20                                                      11                           8                          30                           1
21                                                      12                           6                          13                           7
22                                                      12                           6                          31                           1
23                                                      13                           7                          14                           6
24                                                      13                           7                          22                           6
25                                                      14                           6                          15                           7
26                                                      14                           6                          32                           1
27                                                      15                           7                          16                           6
28                                                      16                           6                          17                           6
29                                                      16                           6                          22                           6
30                                                      17                           6                          18                           7
31                                                      17                           6                          19                           7
32                                                      18                           7                          33                           1
33                                                      18                           7                          34                           1
34                                                      19                           7                          20                           6
35                                                      19                           7                          36                           1
36                                                      20                           6                          21                           7
37                                                      20                           6                          35                           1
38                                                      21                           7                          22                           6
   &BondOrders [&Type "ArrayOfDoubles", &Dim (39,1)] "The bond orders"
                                                         0

0                                      1.8697625713101795e+00
1                                      1.7648803061045313e+00
2                                      1.1213156165215061e+00
3                                      1.0830031659504336e+00
4                                      8.3846548069032145e-01
5                                      9.3551954980148266e-01
6                                      9.7051959391293596e-01
7                                      9.4695444518996419e-01
8                                      9.5891107169291112e-01
9                                      9.5607628301117531e-01
10                                     9.2031825239053888e-01
11                                     9.3000353060334784e-01
12                                     1.0496639452731900e+00
13                                     1.0793702450000331e+00
14                                     1.0033288675595680e+00
15                                     9.7442437432492102e-01
16                                     8.5684278462218655e-01
17                                     1.0943882701368222e+00
18                                     9.8504096640052952e-01
19                                     9.5850493647997703e-01
20                                     8.5646672430793780e-01
21                                     9.1232665124598222e-01
22                                     9.2592868189285882e-01
23                                     1.1763434567173936e+00
24                                     1.2352830533685482e+00
25                                     1.6925454793209282e+00
26                                     9.3742437324768191e-01
27                                     1.3214196069366491e+00
28                                     1.2894559242124919e+00
29                                     1.3250789084325616e+00
30                                     1.4388121384541719e+00
31                                     1.2211108852676036e+00
32                                     8.8703979272601585e-01
33                                     8.8121948640730841e-01
34                                     1.1982348595835293e+00
35                                     8.2318761666206930e-01
36                                     1.6700271856159838e+00
37                                     9.3607116398067103e-01
38                                     1.2788499521199743e+00
   &ATNO [&Type "ArrayOfIntegers", &Dim (37,1)] "Atomic number of the elements"
                                                         0

0                                                       15
1                                                        8
2                                                        8
3                                                        8
4                                                        8
5                                                        6
6                                                        6
7                                                        8
8                                                        6
9                                                        8
10                                                       6
11                                                       8
12                                                       6
13                                                       7
14                                                       6
15                                                       7
16                                                       6
17                                                       6
18                                                       7
19                                                       7
20                                                       6
21                                                       7
22                                                       6
23                                                       1
24                                                       1
25                                                       1
26                                                       1
27                                                       1
28                                                       1
29                                                       1
30                                                       1
31                                                       1
32                                                       1
33                                                       1
34                                                       1
35                                                       1
36                                                       1
   &NA [&Type "ArrayOfDoubles", &Dim (37,1)] "Mulliken gross atomic population"
                                                         0

0                                      1.4212203477637090e+01
1                                      8.6977509180189418e+00
2                                      8.8083024270576988e+00
3                                      8.5166374749623266e+00
4                                      8.3276096508089044e+00
5                                      6.1271319161276008e+00
6                                      5.8458245041673695e+00
7                                      8.3076491715719278e+00
8                                      5.9693976074610280e+00
9                                      8.5002063608635208e+00
10                                     5.9455331895255448e+00
11                                     8.5121306830858483e+00
12                                     5.9378708086492260e+00
13                                     6.9088923243770122e+00
14                                     5.9938215449304613e+00
15                                     7.2842892149518388e+00
16                                     5.9215110227504635e+00
17                                     5.8381233117292997e+00
18                                     7.3431086015354170e+00
19                                     7.1522879409140012e+00
20                                     5.9308916033861383e+00
21                                     7.2839091310163369e+00
22                                     5.8401988689573407e+00
23                                     6.2403437296885478e-01
24                                     8.6144502934751588e-01
25                                     8.6065665217809861e-01
26                                     9.0400095238750211e-01
27                                     8.7160469162962284e-01
28                                     6.5144866963097492e-01
29                                     8.7781114266918525e-01
30                                     6.3961916992038725e-01
31                                     8.6059534779321067e-01
32                                     7.8876564837068708e-01
33                                     7.0664381387351860e-01
34                                     7.0390249186570453e-01
35                                     7.8553868119150305e-01
36                                     6.5865158168767335e-01
   &ZA [&Type "ArrayOfDoubles", &Dim (37,1)] "Total nuclear charge"
                                                         0

0                                      1.5000000000000000e+01
1                                      8.0000000000000000e+00
2                                      8.0000000000000000e+00
3                                      8.0000000000000000e+00
4                                      8.0000000000000000e+00
5                                      6.0000000000000000e+00
6                                      6.0000000000000000e+00
7                                      8.0000000000000000e+00
8                                      6.0000000000000000e+00
9                                      8.0000000000000000e+00
10                                     6.0000000000000000e+00
11                                     8.0000000000000000e+00
12                                     6.0000000000000000e+00
13                                     7.0000000000000000e+00
14                                     6.0000000000000000e+00
15                                     7.0000000000000000e+00
16                                     6.0000000000000000e+00
17                                     6.0000000000000000e+00
18                                     7.0000000000000000e+00
19                                     7.0000000000000000e+00
20                                     6.0000000000000000e+00
21                                     7.0000000000000000e+00
22                                     6.0000000000000000e+00
23                                     1.0000000000000000e+00
24                                     1.0000000000000000e+00
25                                     1.0000000000000000e+00
26                                     1.0000000000000000e+00
27                                     1.0000000000000000e+00
28                                     1.0000000000000000e+00
29                                     1.0000000000000000e+00
30                                     1.0000000000000000e+00
31                                     1.0000000000000000e+00
32                                     1.0000000000000000e+00
33                                     1.0000000000000000e+00
34                                     1.0000000000000000e+00
35                                     1.0000000000000000e+00
36                                     1.0000000000000000e+00
   &QA [&Type "ArrayOfDoubles", &Dim (37,1)] "Mulliken gross atomic charge"
                                                         0

0                                      7.8779652236291042e-01
1                                     -6.9775091801894185e-01
2                                     -8.0830242705769884e-01
3                                     -5.1663747496232659e-01
4                                     -3.2760965080890436e-01
5                                     -1.2713191612760077e-01
6                                      1.5417549583263046e-01
7                                     -3.0764917157192784e-01
8                                      3.0602392538972012e-02
9                                     -5.0020636086352077e-01
10                                     5.4466810474455229e-02
11                                    -5.1213068308584830e-01
12                                     6.2129191350773993e-02
13                                     9.1107675622987827e-02
14                                     6.1784550695387352e-03
15                                    -2.8428921495183879e-01
16                                     7.8488977249536518e-02
17                                     1.6187668827070034e-01
18                                    -3.4310860153541700e-01
19                                    -1.5228794091400122e-01
20                                     6.9108396613861700e-02
21                                    -2.8390913101633686e-01
22                                     1.5980113104265925e-01
23                                     3.7596562703114522e-01
24                                     1.3855497065248412e-01
25                                     1.3934334782190139e-01
26                                     9.5999047612497890e-02
27                                     1.2839530837037716e-01
28                                     3.4855133036902508e-01
29                                     1.2218885733081475e-01
30                                     3.6038083007961275e-01
31                                     1.3940465220678933e-01
32                                     2.1123435162931292e-01
33                                     2.9335618612648140e-01
34                                     2.9609750813429547e-01
35                                     2.1446131880849695e-01
36                                     3.4134841831232665e-01
   &VA [&Type "ArrayOfDoubles", &Dim (37,1)] "Mayer's total valence"
                                                         0

0                                      5.9066330667425575e+00
1                                      1.8490436558186385e+00
2                                      1.7101817605762459e+00
3                                      1.9458164450354722e+00
4                                      1.9925938095599305e+00
5                                      3.9359223112699784e+00
6                                      3.8030434672121869e+00
7                                      2.0595283286678114e+00
8                                      4.1258824621161230e+00
9                                      1.9560036204712699e+00
10                                     4.0937079007732677e+00
11                                     1.9660083586323509e+00
12                                     3.9833925551003846e+00
13                                     3.3755789283816249e+00
14                                     4.0423648631658740e+00
15                                     3.1487046533823939e+00
16                                     3.9920554735946792e+00
17                                     4.2935169996476450e+00
18                                     3.3163081914916495e+00
19                                     3.3295396580552010e+00
20                                     4.0263753188244138e+00
21                                     3.0521341683545575e+00
22                                     4.1146681460983059e+00
23                                     8.7768117352932273e-01
24                                     9.7236643794675870e-01
25                                     9.8283852482281819e-01
26                                     9.9872201137979899e-01
27                                     9.6788293286388949e-01
28                                     9.0221539112179205e-01
29                                     9.7183382064231649e-01
30                                     8.8815351777015428e-01
31                                     9.9755321102203809e-01
32                                     9.6944645315766154e-01
33                                     9.3297670734920501e-01
34                                     9.2786154960249345e-01
35                                     9.4939914466092257e-01
36                                     8.9014368934106436e-01
   &BVA [&Type "ArrayOfDoubles", &Dim (37,1)] "Mayer's bonded valence"
                                                         0

0                                      5.9066330667425806e+00
1                                      1.8490436558186722e+00
2                                      1.7101817605763365e+00
3                                      1.9458164450355113e+00
4                                      1.9925938095599465e+00
5                                      3.9359223112699864e+00
6                                      3.8030434672122118e+00
7                                      2.0595283286678647e+00
8                                      4.1258824621161176e+00
9                                      1.9560036204712148e+00
10                                     4.0937079007732446e+00
11                                     1.9660083586322195e+00
12                                     3.9833925551003775e+00
13                                     3.3755789283816213e+00
14                                     4.0423648631659219e+00
15                                     3.1487046533822660e+00
16                                     3.9920554735944966e+00
17                                     4.2935169996475269e+00
18                                     3.3163081914916965e+00
19                                     3.3295396580552135e+00
20                                     4.0263753188244715e+00
21                                     3.0521341683545753e+00
22                                     4.1146681460982304e+00
23                                     8.7768117352933195e-01
24                                     9.7236643794675437e-01
25                                     9.8283852482281453e-01
26                                     9.9872201137979721e-01
27                                     9.6788293286387228e-01
28                                     9.0221539112178606e-01
29                                     9.7183382064229562e-01
30                                     8.8815351777015195e-01
31                                     9.9755321102203154e-01
32                                     9.6944645315765299e-01
33                                     9.3297670734920879e-01
34                                     9.2786154960250611e-01
35                                     9.4939914466092057e-01
36                                     8.9014368934106292e-01
   &FA [&Type "ArrayOfDoubles", &Dim (37,1)] "Mayer's free valence"
                                                         0

0                                      0.0000000000000000e+00
1                                      0.0000000000000000e+00
2                                      0.0000000000000000e+00
3                                      0.0000000000000000e+00
4                                      0.0000000000000000e+00
5                                      0.0000000000000000e+00
6                                      0.0000000000000000e+00
7                                      0.0000000000000000e+00
8                                      0.0000000000000000e+00
9                                      0.0000000000000000e+00
10                                     0.0000000000000000e+00
11                                     0.0000000000000000e+00
12                                     0.0000000000000000e+00
13                                     0.0000000000000000e+00
14                                     0.0000000000000000e+00
15                                     0.0000000000000000e+00
16                                     0.0000000000000000e+00
17                                     0.0000000000000000e+00
18                                     0.0000000000000000e+00
19                                     0.0000000000000000e+00
20                                     0.0000000000000000e+00
21                                     0.0000000000000000e+00
22                                     0.0000000000000000e+00
23                                     0.0000000000000000e+00
24                                     0.0000000000000000e+00
25                                     0.0000000000000000e+00
26                                     0.0000000000000000e+00
27                                     0.0000000000000000e+00
28                                     0.0000000000000000e+00
29                                     0.0000000000000000e+00
30                                     0.0000000000000000e+00
31                                     0.0000000000000000e+00
32                                     0.0000000000000000e+00
33                                     0.0000000000000000e+00
34                                     0.0000000000000000e+00
35                                     0.0000000000000000e+00
36                                     0.0000000000000000e+00
   &Method [&Type "String"] "SCF"
   &Level [&Type "String"] "Relaxed density"
   &Mult [&Type "Integer"] 1
   &State [&Type "Integer"] -1
   &Irrep [&Type "Integer"] 0
$End
$SCF_Energy
   &GeometryIndex 1
   &Method [&Type "String"] "SCF"
   &totalEnergy [&Type "ArrayOfDoubles", &Dim (1,1)] "Total energy of each state"
                                                         0

0                                     -1.5303400557893096e+03
   &Mult [&Type "ArrayOfIntegers", &Dim (1,1)] "Multiplicity of each state"
                                                         0

0                                                        1
$End
$DFT_Energy
   &GeometryIndex 1
   &nAlphaEl [&Type "Integer"] 90
   &nBetaEl [&Type "Integer"] 90
   &nTotalEl [&Type "Integer"] 180
   &finalEn [&Type "Double"]      -1.5303400557893096e+03  "No Van der Waals correction"
   &eExchange [&Type "Double"]      -1.2763557204055549e+02
   &eCorr [&Type "Double"]      -6.2396035318331258e+00
   &eXC [&Type "Double"]      -1.3387517557238863e+02
   &eCNL [&Type "Double"]       0.0000000000000000e+00
$End
$Solvation_Details
   &GeometryIndex 1
   &Solvent [&Type "String"] "WATER"
   &Epsilon [&Type "Double"]       8.0150999999999996e+01
   &Refrac [&Type "Double"]       1.3328000000000000e+00
   &RSolv [&Type "Double"]       1.3000000000000000e+00
   &SurfaceType [&Type "String"] "GAUSSIAN VDW"
   &CPCMDielEnergy [&Type "Double"]      -1.9227127499999999e-01
   &NPoints [&Type "Integer"] 3155
   &SurfaceArea [&Type "Double"]       1.2543235969970001e+03
$End
$SCF_Timings
   &GeometryIndex 1
   &TOTAL [&Type "Double"]       1.0901254499999999e+02
   &PREP [&Type "Double"]       7.6167200000000002e-01
   &FOCK [&Type "Double"]       9.9769598999999999e+01
   &DENS [&Type "Double"]       3.3477200000000096e-01
   &ETOT [&Type "Double"]       1.9282899999998548e-01
   &POP [&Type "Double"]       2.6343299999999203e-01
   &TRAFO [&Type "Double"]       9.1010499999999439e-01
   &DIIS [&Type "Double"]       2.6176389999999969e+00
   &SOSCF [&Type "Double"]       1.7417799999999879e+00
   &XC [&Type "Double"]       1.1955935999999987e+01
   &FOCKSTART [&Type "Double"]       5.5465999999978033e-02
   &SOLV [&Type "Double"]       1.1058654000000001e+01
   &SOLV_INIT [&Type "Double"]       2.7920800000000001e-01
   &SOLV_FINAL [&Type "Double"]       9.9999999747524271e-07
   &INT_PREP [&Type "Double"]       5.9999999866278131e-06
   &INT_BF [&Type "Double"]       1.8812280000000481e+00
   &INT_DENS [&Type "Double"]       2.9697059999997499e+00
   &INT_DENSIO [&Type "Double"]       2.6686935366500035e+05
   &INT_FUNC [&Type "Double"]       1.1815599999980009e-01
   &INT_POT [&Type "Double"]       2.3898490000002273e+00
   &INT_POTIO [&Type "Double"]       2.8389999999586024e-02
   &INT_SUM [&Type "Double"]       1.8479999999900798e-03
   &SPLITRIJ [&Type "Double"]       8.1810509999999699e+00
   &COSX [&Type "Double"]       7.1292180999999999e+01
$End
$VdW_Correction
   &GeometryIndex 1
   &vdW [&Type "Double"]      -3.9461259525279985e-02
$End
$Single_Point_Data
   &GeometryIndex 1
   &FinalEnergy [&Type "Double"]      -1.5303795170488349e+03  "Final single point energy"
   &Converged [&Type "Boolean"] true
$End
$SCF_Nuc_Gradient
   &GeometryIndex 1
   &NAtoms [&Type "Integer"] 37
   &gradNorm [&Type "Double"]       2.5705430590188955e-01
   &grad [&Type "ArrayOfDoubles", &Dim (111,1)] 
                                                         0

0                                      5.9090597344426260e-02
1                                      3.9609268715506067e-02
2                                     -8.3631268998548614e-02
3                                     -1.2008541881894442e-03
4                                     -1.1674753662719231e-02
5                                      2.3502458945632059e-02
6                                     -4.9331297309686328e-02
7                                     -3.5519746980314404e-02
8                                      6.0507787425464130e-02
9                                     -9.6179057920467645e-03
10                                    -7.0543200885271442e-03
11                                     4.4909533947859215e-04
12                                    -8.1289123515761903e-03
13                                     1.0644973555023078e-02
14                                    -1.8002695198470408e-04
15                                    -4.3998667383407615e-03
16                                     6.1900341026951446e-03
17                                    -1.0820366378138985e-02
18                                     6.3606578020182812e-03
19                                     9.7841198542316391e-05
20                                     1.3406071700272476e-02
21                                    -2.6119991011498075e-02
22                                    -9.0831512572182409e-03
23                                     4.2446876591777137e-03
24                                    -9.1867653107380234e-03
25                                    -1.3376884093994989e-02
26                                    -4.3292210215805068e-03
27                                     1.2821329847189592e-02
28                                     1.2717479699720478e-02
29                                    -6.6978320843887667e-03
30                                    -9.6339837189462888e-04
31                                    -2.5267148928397012e-02
32                                    -9.0257732191823883e-03
33                                    -2.7768006387512874e-03
34                                     1.7751785560596037e-02
35                                    -5.4060442804161352e-03
36                                     1.6095544518154561e-02
37                                    -2.7562403529975388e-03
38                                     2.2403837074958324e-02
39                                     6.9257185604094376e-03
40                                    -2.6283383593531894e-02
41                                    -2.3243074571161267e-02
42                                    -2.5032773697260091e-02
43                                     7.4305727528423062e-04
44                                    -3.3323841760167479e-03
45                                    -4.3814685785331046e-03
46                                     4.0922018962337728e-02
47                                     1.9492066439773390e-02
48                                     2.5787059724599437e-02
49                                    -2.0724816228501031e-02
50                                     3.1729826680912147e-03
51                                     1.7346237925402883e-02
52                                     8.4699243222337184e-02
53                                     5.1661056578133621e-02
54                                     3.3786933326642662e-02
55                                    -8.1084082416379460e-02
56                                    -3.5313838291419729e-02
57                                    -2.9230119718005220e-02
58                                     3.4791420552377585e-02
59                                    -3.1643229559286050e-02
60                                     7.2933596505734111e-02
61                                    -3.9256856873781616e-02
62                                    -3.0029748308277133e-03
63                                    -7.7255384830736042e-03
64                                    -4.4169978146429888e-02
65                                    -1.1935464841867647e-02
66                                    -2.7680519232408475e-02
67                                     2.5695398648878300e-02
68                                     4.3493681472546401e-03
69                                     1.7145799905199791e-03
70                                    -1.6188299456036575e-03
71                                    -1.2234164207026886e-03
72                                    -1.4171423437399312e-03
73                                     1.7269002012424675e-05
74                                     3.3196539945561107e-03
75                                     1.8841513542681033e-04
76                                    -2.6147887935539715e-03
77                                     3.1299257869294751e-05
78                                    -6.7695099016779438e-04
79                                    -1.0322652084300500e-03
80                                    -2.5674351403893432e-03
81                                     6.2896667943281937e-04
82                                    -1.2517627110264281e-03
83                                     2.5195514641955393e-03
84                                     1.4414632563539110e-03
85                                     1.0557120624019997e-02
86                                     3.9532446268635462e-03
87                                     1.7021207574760409e-04
88                                     4.1173447518888275e-03
89                                    -5.9921128373657123e-04
90                                     4.5677463670037149e-03
91                                     9.6671810601920028e-03
92                                     2.3837468563253600e-03
93                                    -5.2544796302253392e-03
94                                     1.4960689326364606e-03
95                                    -1.0489087667824772e-03
96                                     6.0737740850387275e-04
97                                    -4.1607489482272855e-03
98                                    -2.3821640683520970e-03
99                                     2.2072672186442564e-02
100                                    2.5788862080671673e-02
101                                    1.3180031400620211e-02
102                                   -3.7412444592772931e-02
103                                    4.7517907771920031e-03
104                                   -2.7161158171301186e-03
105                                   -2.6936549619694136e-03
106                                    2.4161058870545552e-03
107                                   -3.8093518316470835e-03
108                                   -2.9308224658337760e-02
109                                   -5.7445063754639654e-03
110                                    1.4331162954951862e-02
   &Method [&Type "String"] "SCF"
   &Level [&Type "String"] "Relaxed density"
   &Mult [&Type "Integer"] 1
   &State [&Type "Integer"] 0
   &Irrep [&Type "Integer"] 0
$End
$Geometry
   &GeometryIndex 2
   &NAtoms [&Type "Integer"] 37
   &NCorelessECP [&Type "Integer"] 0
   &NGhostAtoms [&Type "Integer"] 0
   &CartesianCoordinates [&Type "Coordinates", &Dim(37,4), &Units "Bohr"] 
              P     -8.848969732111   -1.924193703271    0.230221750137
              O    -10.842382269300   -0.142721817834   -0.622688317212
              O     -9.679976557852   -3.561028890377    2.556422687637
              O     -8.108661388031   -3.744566028802   -2.084915528179
              O     -6.341163588719   -0.396828267180    1.000268523095
              C     -5.177264044258    1.361967828289   -0.669582955572
              C     -2.867494821030    2.476871205920    0.605320772595
              O     -1.008696465424    0.542806717474    0.948338302476
              C     -1.674203555848    4.531471712207   -1.051369312717
              O     -1.703792528441    6.846551550923    0.281817264533
              C      1.052927420525    3.557773678311   -1.514985298441
              O      2.891951661895    5.486585133264   -1.372380141692
              C      1.400685803636    1.689046550460    0.680040173572
              N      3.247812723062   -0.254913196398    0.092990666283
              C      2.774704417222   -2.550691589658   -1.009793411874
              N      4.832815056914   -3.868060244048   -1.297852837540
              C      6.746134727451   -2.441477825838   -0.361296418754
              C      9.348775095868   -2.828878184203   -0.138245088844
              N     10.463310666386   -4.962371403863   -0.943440241600
              N     10.742049434025   -0.967306693568    0.925867452540
              C      9.637048571318    1.202321908382    1.727296811792
              N      7.229534494683    1.649477606293    1.555125274551
              C      5.771293991575   -0.127107102431    0.522549031856
              H     -6.784535761473   -4.935558197919   -1.689906939954
              H     -4.608312260011    0.403577231220   -2.408505029574
              H     -6.503994028802    2.876692731394   -1.121570450280
              H     -3.391857554303    3.274375397089    2.436919069816
              H     -2.689671118952    4.717449716676   -2.838623570512
              H     -0.974068849378    8.203879302547   -0.681806840468
              H      1.172729142824    2.563681423927   -3.319220632509
              H      2.647540315563    6.767619512448   -2.641332299539
              H      1.947203637057    2.687331596845    2.400809337315
              H      0.915571300050   -3.172218699576   -1.570413397675
              H      9.416301808463   -6.327191759412   -1.716308299938
              H     12.328339616592   -5.188792371448   -0.760832291189
              H     10.837231229743    2.642477919319    2.541232712946
              H     11.737434443723   -1.725510519735    2.417043951085
$End
$SCF_Energy
   &GeometryIndex 2
   &Method [&Type "String"] "SCF"
   &totalEnergy [&Type "ArrayOfDoubles", &Dim (1,1)] "Total energy of each state"
                                                         0

0                                     -1.5303812355464670e+03
   &Mult [&Type "ArrayOfIntegers", &Dim (1,1)] "Multiplicity of each state"
                                                         0

0                                                        1
$End
$DFT_Energy
   &GeometryIndex 2
   &nAlphaEl [&Type "Integer"] 90
   &nBetaEl [&Type "Integer"] 90
   &nTotalEl [&Type "Integer"] 180
   &finalEn [&Type "Double"]      -1.5303812355464670e+03  "No Van der Waals correction"
   &eExchange [&Type "Double"]      -1.2767692955398060e+02
   &eCorr [&Type "Double"]      -6.2463063890508268e+00
   &eXC [&Type "Double"]      -1.3392323594303141e+02
   &eCNL [&Type "Double"]       0.0000000000000000e+00
$End
$Solvation_Details
   &GeometryIndex 2
   &Solvent [&Type "String"] "WATER"
   &Epsilon [&Type "Double"]       8.0150999999999996e+01
   &Refrac [&Type "Double"]       1.3328000000000000e+00
   &RSolv [&Type "Double"]       1.3000000000000000e+00
   &SurfaceType [&Type "String"] "GAUSSIAN VDW"
   &CPCMDielEnergy [&Type "Double"]      -1.8626622200000001e-01
   &NPoints [&Type "Integer"] 3136
   &SurfaceArea [&Type "Double"]       1.2439883983860000e+03
$End
$SCF_Timings
   &GeometryIndex 2
   &TOTAL [&Type "Double"]       9.6698652999999993e+01
   &PREP [&Type "Double"]       8.7292099999999995e-01
   &FOCK [&Type "Double"]       8.8812463999999991e+01
   &DENS [&Type "Double"]       2.4580500000000427e-01
   &ETOT [&Type "Double"]       1.5096500000000823e-01
   &POP [&Type "Double"]       1.0000000116860974e-06
   &TRAFO [&Type "Double"]       5.9070299999999420e-01
   &DIIS [&Type "Double"]       2.2104099999999978e+00
   &SOSCF [&Type "Double"]       1.0556870000000096e+00
   &XC [&Type "Double"]       9.4175290000000249e+00
   &FOCKSTART [&Type "Double"]       5.0218000000002538e-02
   &SOLV [&Type "Double"]       9.6769229999999933e+00
   &SOLV_INIT [&Type "Double"]       3.1125199999999997e-01
   &INT_PREP [&Type "Double"]       4.9999999980343546e-06
   &INT_BF [&Type "Double"]       1.4515240000005498e+00
   &INT_DENS [&Type "Double"]       2.0977609999999451e+00
   &INT_DENSIO [&Type "Double"]       2.2289482522500039e+05
   &INT_FUNC [&Type "Double"]       9.3846999999547265e-02
   &INT_POT [&Type "Double"]       1.6204619999995877e+00
   &INT_POTIO [&Type "Double"]       2.1041000000280974e-02
   &INT_SUM [&Type "Double"]       2.4290000000011247e-03
   &SPLITRIJ [&Type "Double"]       7.3573239999999887e+00
   &COSX [&Type "Double"]       6.5816258999999988e+01
$End
$VdW_Correction
   &GeometryIndex 2
   &vdW [&Type "Double"]      -3.9745651418088869e-02
$End
$Single_Point_Data
   &GeometryIndex 2
   &FinalEnergy [&Type "Double"]      -1.5304209811978851e+03  "Final single point energy"
   &Converged [&Type "Boolean"] true
$End
$SCF_Nuc_Gradient
   &GeometryIndex 2
   &NAtoms [&Type "Integer"] 37
   &gradNorm [&Type "Double"]       1.5847746940690988e-01
   &grad [&Type "ArrayOfDoubles", &Dim (111,1)] 
                                                         0

0                                      4.5275660611245348e-02
1                                      3.3312332025608293e-02
2                                     -6.4062005405061920e-02
3                                     -3.3233512669101303e-03
4                                     -6.4151973634395815e-03
5                                      1.6304347838059934e-02
6                                     -3.2988648085231734e-02
7                                     -3.0081133439372288e-02
8                                      4.5287302701364683e-02
9                                     -6.4306679397717866e-03
10                                    -4.4855857206086034e-03
11                                     4.5547641376345949e-03
12                                    -8.2791949813684033e-03
13                                     5.4121799275311452e-03
14                                    -1.2429377302700269e-03
15                                    -7.6266249900603256e-04
16                                     4.8183524204801174e-03
17                                    -6.9125624161475892e-03
18                                     5.9337591414037917e-03
19                                     1.7017817550517634e-03
20                                     9.5630222994172020e-03
21                                    -1.4990293512528218e-02
22                                    -3.7673833083087544e-03
23                                     8.7350303531429844e-04
24                                    -6.7354514418018711e-03
25                                    -7.5697390675367867e-03
26                                    -1.5826059471211850e-03
27                                     6.4451707481838856e-03
28                                     7.0544173393168276e-03
29                                    -6.6182137975600765e-03
30                                    -2.0137632947666946e-04
31                                    -1.6575790481338386e-02
32                                    -6.4901105848828239e-03
33                                    -1.1546878976650210e-03
34                                     8.6735575967609307e-03
35                                    -5.0231290812145866e-03
36                                     1.3226999196523516e-02
37                                    -7.1931518945883479e-04
38                                     1.4342903265162467e-02
39                                     6.4629070738525451e-03
40                                    -1.1590275445636844e-02
41                                    -1.2631430120041741e-02
42                                    -9.5738780404208898e-03
43                                     1.5325042883822406e-04
44                                    -5.6306335401892478e-04
45                                    -2.3383405537104000e-03
46                                     1.8586795108792936e-02
47                                     8.7169610918658245e-03
48                                     1.4072810705707126e-02
49                                    -2.3208179774456633e-02
50                                    -3.2199466810093149e-04
51                                     6.6400864796257947e-03
52                                     4.4710683198206841e-02
53                                     2.8245951701959107e-02
54                                     9.7571078791199549e-03
55                                    -3.3875351453876622e-02
56                                    -1.6496512331449179e-02
57                                    -5.1023257096764604e-03
58                                     1.6687093990469002e-02
59                                    -3.0587252966953069e-02
60                                     3.5660594724406844e-02
61                                    -1.3089325454210494e-02
62                                     1.1951252574378816e-03
63                                    -1.7913807365566670e-03
64                                    -2.8711409369495532e-02
65                                    -4.4754256683257401e-03
66                                    -2.0518943330760295e-02
67                                     2.7953724423505570e-02
68                                     6.2386109026329392e-03
69                                     1.2938742189191749e-03
70                                    -7.3633018807914307e-04
71                                    -1.3609572328690262e-03
72                                    -4.7937579052629187e-04
73                                    -6.4409140105766208e-04
74                                     1.9473267114734055e-03
75                                     2.3529449732738326e-06
76                                    -1.4026815086741462e-03
77                                     3.7732122698120750e-04
78                                    -9.7974073108004827e-04
79                                    -8.7947013554202198e-04
80                                    -1.1519032386292866e-03
81                                    -1.4974176242559279e-04
82                                    -3.4940272190812986e-04
83                                     1.6417146678549641e-03
84                                    -6.0201781246972403e-04
85                                     4.0093326429724687e-03
86                                     4.3393092395317481e-03
87                                     1.5760418982559083e-03
88                                     3.1631632132354684e-03
89                                    -4.0718388383895085e-05
90                                     2.6885264578137657e-03
91                                     4.5945959243117989e-03
92                                     3.6613385087464622e-03
93                                    -4.8375288809133802e-03
94                                     6.0437487274643022e-04
95                                    -7.4156354800994210e-04
96                                     1.3017884270312002e-03
97                                    -3.4366171377321051e-03
98                                    -1.9399593975954618e-03
99                                     4.6487837489055991e-03
100                                    6.6031872947321536e-03
101                                    2.1776326351698968e-03
102                                   -8.1670354183364831e-03
103                                    2.9570471894758291e-03
104                                    4.0969986127909353e-04
105                                   -3.7704437490344344e-03
106                                    3.7858708668055143e-03
107                                   -3.3025382359909714e-03
108                                   -2.1809377736804043e-02
109                                   -7.2444610604464324e-03
110                                    1.5668049037755451e-02
   &Method [&Type "String"] "SCF"
   &Level [&Type "String"] "Relaxed density"
   &Mult [&Type "Integer"] 1
   &State [&Type "Integer"] 0
   &Irrep [&Type "Integer"] 0
$End
$Geometry
   &GeometryIndex 3
   &NAtoms [&Type "Integer"] 37
   &NCorelessECP [&Type "Integer"] 0
   &NGhostAtoms [&Type "Integer"] 0
   &CartesianCoordinates [&Type "Coordinates", &Dim(37,4), &Units "Bohr"] 
              P     -8.719214118390   -1.977151329416    0.271016260798
              O    -10.709147154721   -0.232156267548   -0.685894697036
              O     -9.393461855045   -3.615361576569    2.508558829156
              O     -7.825106640849   -3.708950914413   -2.059257312786
              O     -6.229249368212   -0.430436821812    1.054870282403
              C     -5.133697094215    1.337883554242   -0.636751834509
              C     -2.843135747152    2.496957337451    0.588960162856
              O     -0.955060879711    0.596602497615    0.908753695703
              C     -1.683101607739    4.579914951519   -1.046498551607
              O     -1.759852748660    6.846246696234    0.327303777531
              C      1.044047838902    3.629303236860   -1.533213623364
              O      2.901308066739    5.504102056895   -1.396422133627
              C      1.405201291192    1.747702691496    0.625098951477
              N      3.213348493019   -0.222259759534    0.062659333338
              C      2.709140844918   -2.521241854050   -1.034301117218
              N      4.728232205202   -3.906126160441   -1.329905273473
              C      6.641582607100   -2.473796546965   -0.373622034607
              C      9.232462468842   -2.915303219675   -0.138037791376
              N     10.345353659630   -4.991283842408   -0.902054142150
              N     10.641679103264   -1.030944681603    0.958846050982
              C      9.500733935910    1.180943255576    1.745486783357
              N      7.129090663411    1.679750860405    1.554928385354
              C      5.724935275690   -0.149045290330    0.500933316382
              H     -6.461397936306   -4.839766053874   -1.635799009717
              H     -4.572451500798    0.390372378051   -2.389062746508
              H     -6.495348623481    2.830604502429   -1.072781318014
              H     -3.355329064869    3.282415042677    2.432690997494
              H     -2.701101754870    4.780830097492   -2.835395479923
              H     -1.043370715629    8.201017761258   -0.649519631687
              H      1.136603782700    2.622187417623   -3.337065689452
              H      2.635189662243    6.758379147713   -2.687475598101
              H      1.996286189843    2.733782855317    2.344551815984
              H      0.827117233577   -3.075997500633   -1.585347014133
              H      9.303909074972   -6.376929379491   -1.685782973501
              H     12.224014797298   -5.223564188714   -0.695524924569
              H     10.737820497796    2.599139729786    2.549143447963
              H     11.738320153039   -1.745278455735    2.383105284742
$End
$SCF_Energy
   &GeometryIndex 3
   &Method [&Type "String"] "SCF"
   &totalEnergy [&Type "ArrayOfDoubles", &Dim (1,1)] "Total energy of each state"
                                                         0

0                                     -1.5304016865144515e+03
   &Mult [&Type "ArrayOfIntegers", &Dim (1,1)] "Multiplicity of each state"
                                                         0

0                                                        1
$End
$DFT_Energy
   &GeometryIndex 3
   &nAlphaEl [&Type "Integer"] 90
   &nBetaEl [&Type "Integer"] 90
   &nTotalEl [&Type "Integer"] 180
   &finalEn [&Type "Double"]      -1.5304016865144515e+03  "No Van der Waals correction"
   &eExchange [&Type "Double"]      -1.2772807900029844e+02
   &eCorr [&Type "Double"]      -6.2529816996666989e+00
   &eXC [&Type "Double"]      -1.3398106069996513e+02
   &eCNL [&Type "Double"]       0.0000000000000000e+00
$End
$Solvation_Details
   &GeometryIndex 3
   &Solvent [&Type "String"] "WATER"
   &Epsilon [&Type "Double"]       8.0150999999999996e+01
   &Refrac [&Type "Double"]       1.3328000000000000e+00
   &RSolv [&Type "Double"]       1.3000000000000000e+00
   &SurfaceType [&Type "String"] "GAUSSIAN VDW"
   &CPCMDielEnergy [&Type "Double"]      -1.8025686099999999e-01
   &NPoints [&Type "Integer"] 3115
   &SurfaceArea [&Type "Double"]       1.2345320875330001e+03
$End
$SCF_Timings
   &GeometryIndex 3
   &TOTAL [&Type "Double"]       9.8829891000000003e+01
   &PREP [&Type "Double"]       8.0135900000000004e-01
   &FOCK [&Type "Double"]       9.0206000000000017e+01
   &DENS [&Type "Double"]       2.8447200000000805e-01
   &ETOT [&Type "Double"]       1.6116499999997735e-01
   &POP [&Type "Double"]       9.9999999747524271e-07
   &TRAFO [&Type "Double"]       5.9632799999999264e-01
   &DIIS [&Type "Double"]       2.1986850000000064e+00
   &SOSCF [&Type "Double"]       1.6493090000000006e+00
   &XC [&Type "Double"]       9.8457760000000203e+00
   &FOCKSTART [&Type "Double"]       4.6913000000027738e-02
   &SOLV [&Type "Double"]       9.9027599999999882e+00
   &SOLV_INIT [&Type "Double"]       2.9743600000000003e-01
   &SOLV_FINAL [&Type "Double"]       9.9999999747524271e-07
   &INT_PREP [&Type "Double"]       1.9999999985031991e-06
   &INT_BF [&Type "Double"]       1.7716859999998729e+00
   &INT_DENS [&Type "Double"]       2.6011919999996742e+00
   &INT_DENSIO [&Type "Double"]       2.2549713136800029e+05
   &INT_FUNC [&Type "Double"]       1.0770399999985436e-01
   &INT_POT [&Type "Double"]       1.8800930000002047e+00
   &INT_POTIO [&Type "Double"]       2.4892000000367176e-02
   &INT_SUM [&Type "Double"]       1.4809999999823020e-03
   &SPLITRIJ [&Type "Double"]       7.3354280000000074e+00
   &COSX [&Type "Double"]       6.6605568000000005e+01
$End
$VdW_Correction
   &GeometryIndex 3
   &vdW [&Type "Double"]      -3.9953241376079716e-02
$End
$Single_Point_Data
   &GeometryIndex 3
   &FinalEnergy [&Type "Double"]      -1.5304416397558275e+03  "Final single point energy"
   &Converged [&Type "Boolean"] true
$End
$SCF_Nuc_Gradient
   &GeometryIndex 3
   &NAtoms [&Type "Integer"] 37
   &gradNorm [&Type "Double"]       7.0092912708071650e-02
   &grad [&Type "ArrayOfDoubles", &Dim (111,1)] 
                                                         0

0                                      2.5265075541710702e-02
1                                      1.2836377300815823e-02
2                                     -2.6172509264921123e-02
3                                     -4.0967814529729307e-03
4                                     -1.9926763279550057e-03
5                                      8.0260291657201291e-03
6                                     -1.2051411953193380e-02
7                                     -9.5128692791934411e-03
8                                      1.3351085426048509e-02
9                                     -3.3672978439034046e-03
10                                    -8.6080697770771577e-04
11                                     7.9057325015417460e-03
12                                    -8.7036808502483111e-03
13                                    -1.3997962865767986e-03
14                                    -1.8120743299572110e-03
15                                     1.6485200612750227e-03
16                                     2.9988064120677841e-03
17                                    -3.4853330166683414e-03
18                                     4.2465575306077389e-03
19                                     1.4495218454476156e-03
20                                     5.9069347348521314e-03
21                                    -3.4411692808798116e-03
22                                     5.5831711573090849e-04
23                                    -1.9055357745242573e-03
24                                    -3.1539290134041508e-03
25                                    -1.5763821134334288e-03
26                                     8.5077322403932906e-04
27                                     2.2405560975244589e-03
28                                    -9.1205340529024377e-05
29                                    -4.9835866767118844e-03
30                                     6.2624830750290707e-04
31                                    -6.0757884684527145e-03
32                                    -3.3426195399088726e-03
33                                    -1.5771331678189986e-03
34                                    -2.0276795221269977e-04
35                                    -2.1125422177629312e-03
36                                     6.0840353094592271e-03
37                                    -7.2229702608263258e-04
38                                     6.2169017298325914e-03
39                                     4.1945819778395699e-03
40                                    -1.8456696443193814e-03
41                                    -4.3478616134782037e-03
42                                    -1.8901434393697749e-03
43                                     3.5575111708123226e-04
44                                     1.6563178750131583e-03
45                                    -4.0408442235262063e-04
46                                     3.4836848540513161e-03
47                                     1.6551003929061090e-03
48                                     4.1827291257631963e-03
49                                    -1.5895624545454966e-02
50                                     4.3263233117320449e-04
51                                     1.7341574663007106e-03
52                                     6.5128722695460290e-03
53                                     7.0730476324753115e-03
54                                    -2.6317024838845384e-03
55                                    -1.7233355907285599e-03
56                                    -3.7086665737960079e-03
57                                     1.6058319849046095e-02
58                                     5.8769417366076266e-03
59                                    -2.2101919685449178e-02
60                                     4.8454079290354774e-03
61                                    -7.4849908668974850e-05
62                                     7.8584073568886876e-04
63                                     3.6029158069312756e-03
64                                    -1.3286761312616836e-02
65                                     2.4006120515880085e-03
66                                    -1.0122442709999213e-02
67                                     1.7818572025225916e-02
68                                     3.5105074515772734e-03
69                                     8.1619188226799983e-04
70                                     1.3905168321352927e-04
71                                    -1.4267573580749445e-03
72                                     1.9966196496190699e-04
73                                    -8.6983287782055427e-04
74                                     9.4889232827050172e-04
75                                    -2.5921937116443045e-04
76                                    -5.4693884204446504e-04
77                                     5.9314031516660942e-04
78                                    -1.0421621005993046e-03
79                                    -6.3080071070312530e-04
80                                    -3.6895265430842534e-04
81                                    -2.8153798712476599e-04
82                                     9.5047034282742972e-05
83                                     5.8388007069334425e-04
84                                    -3.5502774323811965e-04
85                                     9.3054060507861145e-04
86                                     2.1753664723646840e-03
87                                     2.0070271213757799e-03
88                                     1.7129007483521375e-03
89                                    -9.4808348641618767e-06
90                                    -2.7080569195221966e-05
91                                     2.2836624779206589e-03
92                                     2.7049342007571340e-03
93                                    -3.3380503868466658e-03
94                                     1.7617019145477168e-04
95                                    -6.8607984672178798e-05
96                                     1.0219371505418792e-03
97                                    -2.0080998811234296e-03
98                                    -1.2903419057397349e-03
99                                    -5.0805248973952676e-04
100                                    1.9029963424262793e-03
101                                   -3.1727924941785639e-04
102                                   -5.1872590730405387e-04
103                                    2.2435434090379634e-03
104                                    1.1722129956305667e-03
105                                   -3.1275206288439738e-03
106                                    3.9349974760511741e-03
107                                   -3.3260959798268206e-03
108                                   -1.7876769270646381e-02
109                                   -5.9932515437666574e-03
110                                    1.2830223022931745e-02
   &Method [&Type "String"] "SCF"
   &Level [&Type "String"] "Relaxed density"
   &Mult [&Type "Integer"] 1
   &State [&Type "Integer"] 0
   &Irrep [&Type "Integer"] 0
$End
$Geometry
   &GeometryIndex 4
   &NAtoms [&Type "Integer"] 37
   &NCorelessECP [&Type "Integer"] 0
   &NGhostAtoms [&Type "Integer"] 0
   &CartesianCoordinates [&Type "Coordinates", &Dim(37,4), &Units "Bohr"] 
              P     -8.656455048519   -2.025413238701    0.347787901069
              O    -10.632751059879   -0.287009128913   -0.658609224580
              O     -9.209469995873   -3.679433061164    2.530732281745
              O     -7.691894278909   -3.670708757963   -2.028982742381
              O     -6.159492952398   -0.464127544939    1.120465473661
              C     -5.143108640419    1.326924451068   -0.587758727118
              C     -2.845710829321    2.519768311709    0.575495377016
              O     -0.930470053338    0.643438848623    0.882751804015
              C     -1.712650325501    4.626684869051   -1.053695231548
              O     -1.795915324244    6.870534934306    0.353069409614
              C      1.005127522351    3.678940207965   -1.591434526187
              O      2.894565003156    5.516713081466   -1.539997874048
              C      1.404993120611    1.801960890357    0.556524008603
              N      3.203871509378   -0.181867762453    0.005423582865
              C      2.696897337132   -2.451674722204   -1.147777276433
              N      4.701279309549   -3.865678479991   -1.437265602325
              C      6.606877148559   -2.465465797561   -0.398751014131
              C      9.188043094332   -2.967331627092   -0.110546031797
              N     10.327766715033   -5.016166685196   -0.887554149535
              N     10.577283219920   -1.095259714918    1.071572956216
              C      9.413544706544    1.099982092813    1.920188330619
              N      7.062934128617    1.656871592786    1.666158090347
              C      5.709181895917   -0.168153716455    0.510455367269
              H     -6.324697502592   -4.793591696084   -1.600329911224
              H     -4.615292526174    0.403476930064   -2.365489325347
              H     -6.536715698663    2.803432665313   -0.985091471615
              H     -3.326820568681    3.307313069829    2.428566628754
              H     -2.751592807463    4.839072654921   -2.831537955186
              H     -1.102991718971    8.224169228049   -0.644970939128
              H      1.028399506778    2.628895602904   -3.377109946564
              H      2.635397733194    6.687217332082   -2.909893510860
              H      2.049669606199    2.792959313385    2.259205010674
              H      0.809628591751   -2.946717755822   -1.736636576551
              H      9.308084422907   -6.404655514223   -1.710820417983
              H     12.206022086415   -5.264647063265   -0.643011590057
              H     10.678195675238    2.455823289045    2.791407090606
              H     11.864618032005   -1.773734871367    2.334655209687
$End
$SCF_Energy
   &GeometryIndex 4
   &Method [&Type "String"] "SCF"
   &totalEnergy [&Type "ArrayOfDoubles", &Dim (1,1)] "Total energy of each state"
                                                         0

0                                     -1.5304113803866990e+03
   &Mult [&Type "ArrayOfIntegers", &Dim (1,1)] "Multiplicity of each state"
                                                         0

0                                                        1
$End
$DFT_Energy
   &GeometryIndex 4
   &nAlphaEl [&Type "Integer"] 90
   &nBetaEl [&Type "Integer"] 90
   &nTotalEl [&Type "Integer"] 180
   &finalEn [&Type "Double"]      -1.5304113803866990e+03  "No Van der Waals correction"
   &eExchange [&Type "Double"]      -1.2773306452648777e+02
   &eCorr [&Type "Double"]      -6.2539153967144898e+00
   &eXC [&Type "Double"]      -1.3398697992320226e+02
   &eCNL [&Type "Double"]       0.0000000000000000e+00
$End
$Solvation_Details
   &GeometryIndex 4
   &Solvent [&Type "String"] "WATER"
   &Epsilon [&Type "Double"]       8.0150999999999996e+01
   &Refrac [&Type "Double"]       1.3328000000000000e+00
   &RSolv [&Type "Double"]       1.3000000000000000e+00
   &SurfaceType [&Type "String"] "GAUSSIAN VDW"
   &CPCMDielEnergy [&Type "Double"]      -1.7667269199999999e-01
   &NPoints [&Type "Integer"] 3106
   &SurfaceArea [&Type "Double"]       1.2349240908750000e+03
$End
$SCF_Timings
   &GeometryIndex 4
   &TOTAL [&Type "Double"]       9.6096710999999999e+01
   &PREP [&Type "Double"]       6.9576499999999997e-01
   &FOCK [&Type "Double"]       8.7200145999999989e+01
   &DENS [&Type "Double"]       2.4882800000001737e-01
   &ETOT [&Type "Double"]       1.3131300000001112e-01
   &POP [&Type "Double"]       9.9999999747524271e-07
   &TRAFO [&Type "Double"]       8.2047399999999726e-01
   &DIIS [&Type "Double"]       1.9228060000000067e+00
   &SOSCF [&Type "Double"]       1.1206869999999896e+00
   &XC [&Type "Double"]       8.9995019999999624e+00
   &FOCKSTART [&Type "Double"]       4.1435000000004774e-02
   &SOLV [&Type "Double"]       8.6195890000000102e+00
   &SOLV_INIT [&Type "Double"]       2.0807100000000001e-01
   &INT_PREP [&Type "Double"]       3.9999999899009708e-06
   &INT_BF [&Type "Double"]       1.4218630000000232e+00
   &INT_DENS [&Type "Double"]       2.2658620000001033e+00
   &INT_DENSIO [&Type "Double"]       1.7969618554000027e+05
   &INT_FUNC [&Type "Double"]       8.3511000000111579e-02
   &INT_POT [&Type "Double"]       1.6690310000003432e+00
   &INT_POTIO [&Type "Double"]       2.1518999999889488e-02
   &INT_SUM [&Type "Double"]       2.7509999999839607e-03
   &SPLITRIJ [&Type "Double"]       6.4787850000000029e+00
   &COSX [&Type "Double"]       6.7633137000000005e+01
$End
$VdW_Correction
   &GeometryIndex 4
   &vdW [&Type "Double"]      -3.9952332094642926e-02
$End
$Single_Point_Data
   &GeometryIndex 4
   &FinalEnergy [&Type "Double"]      -1.5304513327187935e+03  "Final single point energy"
   &Converged [&Type "Boolean"] true
$End
$SCF_Nuc_Gradient
   &GeometryIndex 4
   &NAtoms [&Type "Integer"] 37
   &gradNorm [&Type "Double"]       4.6467877004773776e-02
   &grad [&Type "ArrayOfDoubles", &Dim (111,1)] 
                                                         0

0                                      8.2021358846673005e-03
1                                     -5.5313828414218624e-03
2                                      4.5307814791101138e-03
3                                     -2.5789407898211300e-03
4                                      7.1944020937030864e-04
5                                      1.3582531395516203e-03
6                                      9.1186413449477856e-04
7                                      7.0479457271893902e-03
8                                     -9.3840745287468927e-03
9                                     -1.2017194670405670e-03
10                                     1.6488517659094227e-03
11                                     7.1045209033343349e-03
12                                    -6.9181027475509818e-03
13                                    -4.6213901899171432e-03
14                                    -2.0132376107804186e-03
15                                     1.3523938490652386e-03
16                                     1.4804892509818132e-03
17                                    -1.1404486632116127e-03
18                                     1.6402294160852212e-03
19                                     5.9559348482009515e-05
20                                     2.4791657791115858e-03
21                                     9.7933624243289681e-04
22                                     1.7188332768975410e-03
23                                    -2.4106848896928161e-03
24                                    -9.5555516424633059e-04
25                                     1.1961035560041379e-03
26                                     1.4944716668491285e-03
27                                    -5.1547134685648200e-04
28                                    -1.5362533764388818e-03
29                                    -2.1416099672090252e-03
30                                     9.0265648567564960e-04
31                                     5.7692579109651799e-04
32                                    -1.3942944633709936e-03
33                                     5.1288803732575064e-04
34                                    -2.6085859100148379e-03
35                                    -1.2268185970550605e-03
36                                     2.9022647696529786e-04
37                                    -7.6517781005967886e-04
38                                     1.2766737248661804e-03
39                                     1.6342356547302454e-03
40                                     1.2438728040043031e-03
41                                    -1.0363090202282757e-03
42                                    -5.7048231642417048e-04
43                                    -2.5489968057567541e-04
44                                     2.7509567094392024e-03
45                                     6.0618022745805944e-04
46                                    -1.6579401726999918e-03
47                                    -1.0944371214016181e-03
48                                    -2.1776123231921161e-03
49                                    -5.1625553592045360e-03
50                                     1.8255911170032761e-03
51                                    -5.5595852365980473e-03
52                                    -6.5986431467322674e-03
53                                    -1.5019736953854597e-03
54                                    -2.1016125164699346e-03
55                                     5.2181009897007951e-03
56                                    -4.4337721594125051e-04
57                                     2.7100887870990142e-02
58                                     3.6087259512145595e-03
59                                    -1.6218231659794188e-02
60                                    -9.5361850810119133e-03
61                                     4.6099586346504042e-03
62                                     3.0319571832485566e-03
63                                     3.4259081035072467e-03
64                                    -1.3998796523732879e-03
65                                     5.1327512723562275e-03
66                                    -1.7294398049764452e-03
67                                     3.1502961196626261e-03
68                                    -3.0664815873639596e-04
69                                     5.7024565329299570e-04
70                                     6.1966157373392211e-04
71                                    -1.2543515038172151e-03
72                                     4.0064183751460804e-04
73                                    -6.3129930413561078e-04
74                                     3.8570258562270926e-04
75                                    -3.1497279300004015e-04
76                                    -1.2451316847220139e-04
77                                     3.9019092505985896e-04
78                                    -5.6005483534245389e-04
79                                    -3.0297956211315522e-04
80                                    -3.5418827908015153e-05
81                                    -3.0711356409579007e-04
82                                    -2.6337121386502571e-04
83                                    -8.8228759747772543e-05
84                                    -3.9556158621090317e-04
85                                    -9.9133265189635850e-05
86                                     8.1814443061718192e-04
87                                     1.8010592395731704e-03
88                                     6.8583998819709738e-05
89                                     1.0051858152878144e-04
90                                    -8.7307119662636688e-04
91                                     1.2736492476645789e-03
92                                     1.4761083218413141e-03
93                                    -1.4219398913781431e-03
94                                     2.5261311483203527e-04
95                                     3.7724360357014046e-04
96                                     5.6433581307312978e-04
97                                    -5.9851946586849270e-04
98                                    -5.1641953444026413e-04
99                                    -1.8299926742360909e-03
100                                   -8.8276666993181813e-04
101                                   -1.0760436707493305e-03
102                                    2.3174059746588500e-03
103                                    9.2257375865380307e-04
104                                    7.7536162013532560e-04
105                                   -1.0033522703226734e-03
106                                    3.2604500812219192e-03
107                                   -3.3150900870296961e-03
108                                   -1.2661865281047451e-02
109                                   -5.6373444124878172e-03
110                                    1.1289304945139836e-02
   &Method [&Type "String"] "SCF"
   &Level [&Type "String"] "Relaxed density"
   &Mult [&Type "Integer"] 1
   &State [&Type "Integer"] 0
   &Irrep [&Type "Integer"] 0
$End
$Geometry
   &GeometryIndex 5
   &NAtoms [&Type "Integer"] 37
   &NCorelessECP [&Type "Integer"] 0
   &NGhostAtoms [&Type "Integer"] 0
   &CartesianCoordinates [&Type "Coordinates", &Dim(37,4), &Units "Bohr"] 
              P     -8.645735608126   -2.042890871148    0.405953844145
              O    -10.587820074207   -0.299432676589   -0.656052122494
              O     -9.163947245212   -3.691171543842    2.594827666654
              O     -7.659234951341   -3.678679526996   -1.986090489965
              O     -6.130258106166   -0.473631827997    1.170116025968
              C     -5.163657898194    1.329595413551   -0.547232472601
              C     -2.853786715272    2.535895327430    0.572667327165
              O     -0.926235175229    0.665016787399    0.879398008933
              C     -1.730451271567    4.652247513113   -1.056743430778
              O     -1.770313781178    6.889091906365    0.370629799621
              C      0.962222569133    3.686428439565   -1.640556282900
              O      2.873726610821    5.501021694847   -1.678026659937
              C      1.401089917395    1.825717856330    0.509102793460
              N      3.205282568541   -0.153571388044   -0.049268562459
              C      2.725208054030   -2.372299776693   -1.302703662760
              N      4.728989259444   -3.792069821613   -1.574619136649
              C      6.612003445506   -2.434934375740   -0.431305950409
              C      9.178902110871   -2.980129312010   -0.075759429469
              N     10.346954327217   -5.011627691958   -0.875753381268
              N     10.520666354407   -1.132539434780    1.185071268922
              C      9.348081034119    1.012513437489    2.112695141604
              N      7.007153712770    1.609343576362    1.803213474755
              C      5.701664978239   -0.179149164333    0.530275011447
              H     -6.334364475917   -4.839526950954   -1.525955971979
              H     -4.668626259219    0.424223517813   -2.344546120706
              H     -6.570371926325    2.802196208576   -0.915242975702
              H     -3.306147972790    3.332694508766    2.430038767342
              H     -2.791182722058    4.885612173745   -2.819237386360
              H     -1.074084396382    8.228676609880   -0.647700711188
              H      0.912304315675    2.598552163219   -3.405074847098
              H      2.634991543899    6.570899469060   -3.132007621055
              H      2.091805724364    2.823869033687    2.191603141670
              H      0.846266347503   -2.823152175493   -1.953074772441
              H      9.353849927478   -6.386737703554   -1.749690065563
              H     12.213301276419   -5.282963806658   -0.583454747313
              H     10.620452578988    2.290960883400    3.084858412185
              H     12.027652957005   -1.727506244771    2.216840595389
$End
$SCF_Energy
   &GeometryIndex 5
   &Method [&Type "String"] "SCF"
   &totalEnergy [&Type "ArrayOfDoubles", &Dim (1,1)] "Total energy of each state"
                                                         0

0                                     -1.5304185912094524e+03
   &Mult [&Type "ArrayOfIntegers", &Dim (1,1)] "Multiplicity of each state"
                                                         0

0                                                        1
$End
$DFT_Energy
   &GeometryIndex 5
   &nAlphaEl [&Type "Integer"] 90
   &nBetaEl [&Type "Integer"] 90
   &nTotalEl [&Type "Integer"] 180
   &finalEn [&Type "Double"]      -1.5304185912094524e+03  "No Van der Waals correction"
   &eExchange [&Type "Double"]      -1.2772694381009310e+02
   &eCorr [&Type "Double"]      -6.2535028229943812e+00
   &eXC [&Type "Double"]      -1.3398044663308750e+02
   &eCNL [&Type "Double"]       0.0000000000000000e+00
$End
$Solvation_Details
   &GeometryIndex 5
   &Solvent [&Type "String"] "WATER"
   &Epsilon [&Type "Double"]       8.0150999999999996e+01
   &Refrac [&Type "Double"]       1.3328000000000000e+00
   &RSolv [&Type "Double"]       1.3000000000000000e+00
   &SurfaceType [&Type "String"] "GAUSSIAN VDW"
   &CPCMDielEnergy [&Type "Double"]      -1.7546225700000001e-01
   &NPoints [&Type "Integer"] 3103
   &SurfaceArea [&Type "Double"]       1.2358834375030001e+03
$End
$SCF_Timings
   &GeometryIndex 5
   &TOTAL [&Type "Double"]       9.6715074999999999e+01
   &PREP [&Type "Double"]       8.8149699999999998e-01
   &FOCK [&Type "Double"]       8.7532654999999991e+01
   &DENS [&Type "Double"]       2.5987100000001817e-01
   &ETOT [&Type "Double"]       1.7042400000001479e-01
   &POP [&Type "Double"]       9.9999999747524271e-07
   &TRAFO [&Type "Double"]       4.2209100000000177e-01
   &DIIS [&Type "Double"]       1.7680790000000002e+00
   &SOSCF [&Type "Double"]       1.4580910000000031e+00
   &XC [&Type "Double"]       9.4677540000000260e+00
   &FOCKSTART [&Type "Double"]       5.0931999999996647e-02
   &SOLV [&Type "Double"]       9.1045099999999941e+00
   &SOLV_INIT [&Type "Double"]       3.4833800000000004e-01
   &SOLV_FINAL [&Type "Double"]       9.9999999747524271e-07
   &INT_PREP [&Type "Double"]       5.0000000015870683e-06
   &INT_BF [&Type "Double"]       1.6839159999999680e+00
   &INT_DENS [&Type "Double"]       2.6067950000003002e+00
   &INT_DENSIO [&Type "Double"]       1.9785568062400023e+05
   &INT_FUNC [&Type "Double"]       9.9818999999843783e-02
   &INT_POT [&Type "Double"]       1.7580780000001717e+00
   &INT_POTIO [&Type "Double"]       2.4597999999443232e-02
   &INT_SUM [&Type "Double"]       2.6260000000295491e-03
   &SPLITRIJ [&Type "Double"]       7.0647989999999918e+00
   &COSX [&Type "Double"]       6.6412419999999997e+01
$End
$VdW_Correction
   &GeometryIndex 5
   &vdW [&Type "Double"]      -3.9904960847549298e-02
$End
$Single_Point_Data
   &GeometryIndex 5
   &FinalEnergy [&Type "Double"]      -1.5304584961702999e+03  "Final single point energy"
   &Converged [&Type "Boolean"] true
$End
$SCF_Nuc_Gradient
   &GeometryIndex 5
   &NAtoms [&Type "Integer"] 37
   &gradNorm [&Type "Double"]       4.5929887678404516e-02
   &grad [&Type "ArrayOfDoubles", &Dim (111,1)] 
                                                         0

0                                     -9.7925615207423164e-04
1                                     -8.6876251927091586e-03
2                                      1.2336487072964761e-02
3                                     -6.4195641702086809e-04
4                                      1.7442906197589337e-03
5                                     -2.5996606728983808e-03
6                                      3.8600324965412341e-03
7                                      7.5769664625956312e-03
8                                     -9.9418372976127368e-03
9                                     -1.7302625561287937e-04
10                                     1.9772531240159906e-03
11                                     2.9245230850435669e-03
12                                    -2.7581006261745648e-03
13                                    -3.1141312620683228e-03
14                                    -1.6613574883644626e-03
15                                     4.4014568037665499e-04
16                                     1.6359442020763914e-04
17                                     4.9970958367704906e-04
18                                    -2.1769456217549598e-04
19                                    -1.0549958992873199e-03
20                                    -6.0513992720573044e-05
21                                     1.1891031923961172e-03
22                                     1.1414880538137722e-03
23                                    -1.9314471216304071e-03
24                                     4.7790780565969186e-04
25                                     1.6438115530181961e-03
26                                     1.0093288666842910e-03
27                                    -1.0427731501593737e-03
28                                    -1.0909093597726905e-03
29                                     3.3169366147032229e-05
30                                     4.4619235051281613e-04
31                                     3.4960241237584838e-03
32                                    -5.6366535217171223e-05
33                                     1.7690998801282189e-03
34                                    -2.5096434868201478e-03
35                                    -2.8101574089463440e-04
36                                    -2.5302903620740272e-03
37                                    -4.3509011682724575e-04
38                                    -5.4142005364734495e-04
39                                     2.7158256233512072e-04
40                                     1.5779076255630472e-03
41                                     5.8134915286835642e-04
42                                    -3.8451558074511019e-04
43                                    -4.7200777039057711e-04
44                                     1.6035680167276701e-03
45                                     5.9097389019967294e-04
46                                    -2.2918380794899203e-03
47                                    -1.1961396453552884e-03
48                                    -3.4178573465186643e-03
49                                     2.6122518470501812e-03
50                                     2.6663572344826662e-03
51                                    -9.9267492263681797e-03
52                                    -8.3804474927336118e-03
53                                    -2.3915882335414540e-03
54                                     7.4514082237660880e-04
55                                     3.9347193647044426e-03
56                                    -2.9396522312995780e-04
57                                     2.6978432533665605e-02
58                                     4.2122383555224492e-03
59                                    -1.2551335957375249e-02
60                                    -1.2863405514876095e-02
61                                     3.8366928275706527e-03
62                                     4.6574242782696802e-03
63                                     1.1025686241289156e-03
64                                     4.5850344997232072e-03
65                                     4.5304874796927878e-03
66                                     3.1160507033196629e-03
67                                    -6.4121491825324143e-03
68                                    -3.3178024973044467e-03
69                                     4.9116132250232806e-04
70                                     7.2524999722662015e-04
71                                    -8.5922309831818866e-04
72                                     2.5347373134111125e-04
73                                    -2.9637892647157505e-04
74                                     9.7117326412920224e-05
75                                    -1.9389191101759683e-04
76                                     6.2968852096225513e-05
77                                     8.7891918127462338e-05
78                                     1.1113512132186889e-04
79                                     8.2475132302726228e-05
80                                     1.1938640726641007e-04
81                                     1.4673846995321915e-05
82                                    -6.3957170121490138e-04
83                                    -3.7927552812864649e-04
84                                    -2.1440589463983181e-04
85                                    -4.1928916266611164e-05
86                                    -4.6537618349418522e-04
87                                     9.3333872133764459e-04
88                                    -8.0465235434526395e-04
89                                     1.8549478556923433e-04
90                                    -1.4054462704593620e-03
91                                     6.3943917358601080e-04
92                                     7.7439234548602525e-04
93                                     8.2582731827250807e-05
94                                     1.8779841986059755e-04
95                                     3.6035973358509250e-04
96                                     7.8874432995048037e-05
97                                     2.9208224598005359e-04
98                                     1.4250934535101534e-04
99                                    -9.5598391057673065e-04
100                                   -1.2115804614387833e-03
101                                   -5.2374256843703713e-04
102                                    1.5797401236688916e-03
103                                    1.8731555919502537e-04
104                                    2.2749624291037171e-04
105                                    8.8216094223839332e-04
106                                    1.6431320825815358e-03
107                                   -2.6600404400085459e-03
108                                   -7.7090182975059450e-03
109                                   -4.8797841151214973e-03
110                                    8.8750560404965758e-03
   &Method [&Type "String"] "SCF"
   &Level [&Type "String"] "Relaxed density"
   &Mult [&Type "Integer"] 1
   &State [&Type "Integer"] 0
   &Irrep [&Type "Integer"] 0
$End
$Geometry
   &GeometryIndex 6
   &NAtoms [&Type "Integer"] 37
   &NCorelessECP [&Type "Integer"] 0
   &NGhostAtoms [&Type "Integer"] 0
   &CartesianCoordinates [&Type "Coordinates", &Dim(37,4), &Units "Bohr"] 
              P     -8.667132978887   -2.028751862880    0.441991900382
              O    -10.569427291016   -0.275373599550   -0.666396474879
              O     -9.202912281355   -3.654799072385    2.664403434180
              O     -7.690301423375   -3.714120637442   -1.937430160071
              O     -6.127500762333   -0.463325578980    1.208136902824
              C     -5.179425981308    1.340503394179   -0.514361307479
              C     -2.857681456337    2.546444006923    0.582612777552
              O     -0.924655234665    0.671640776141    0.894595959030
              C     -1.737414320842    4.661421676769   -1.051561480665
              O     -1.694058754071    6.888416256673    0.401334389190
              C      0.916048049977    3.656351197846   -1.695827762612
              O      2.844979908436    5.450444162861   -1.843288441283
              C      1.400276644647    1.829959167382    0.470813012771
              N      3.213874768319   -0.136049364147   -0.096017690571
              C      2.782239219725   -2.296363916338   -1.458670439925
              N      4.796179396388   -3.702797444339   -1.716340591757
              C      6.641964714416   -2.394250264582   -0.457922238865
              C      9.195080845662   -2.961173940781   -0.038647591832
              N     10.387295078780   -4.971582603249   -0.877897884809
              N     10.463103897585   -1.154595688144    1.310152835563
              C      9.289218807653    0.919177371096    2.314937837187
              N      6.949051796375    1.533859222897    1.968038930906
              C      5.693451654427   -0.188984430253    0.570538662668
              H     -6.443691928616   -4.939033731539   -1.423701512220
              H     -4.708365730087    0.444880414922   -2.323365174588
              H     -6.584219081961    2.818298246943   -0.868140875989
              H     -3.289145639575    3.353117233193    2.440945284112
              H     -2.832295022282    4.935367717450   -2.786440783919
              H     -0.972801945247    8.209882493076   -0.624075449534
              H      0.781639015613    2.528789260542   -3.431168877044
              H      2.638653442793    6.395784422673   -3.386412107067
              H      2.127578541434    2.845113183718    2.127032855657
              H      0.923304059884   -2.713775445725   -2.187538093998
              H      9.421368733910   -6.309318395420   -1.827968136565
              H     12.236274603240   -5.274687489621   -0.538393138131
              H     10.545357646898    2.113284465266    3.406489537344
              H     12.170440040437   -1.601208977748    2.056736372599
$End
$SCF_Energy
   &GeometryIndex 6
   &Method [&Type "String"] "SCF"
   &totalEnergy [&Type "ArrayOfDoubles", &Dim (1,1)] "Total energy of each state"
                                                         0

0                                     -1.5304242930012163e+03
   &Mult [&Type "ArrayOfIntegers", &Dim (1,1)] "Multiplicity of each state"
                                                         0

0                                                        1
$End
$DFT_Energy
   &GeometryIndex 6
   &nAlphaEl [&Type "Integer"] 90
   &nBetaEl [&Type "Integer"] 90
   &nTotalEl [&Type "Integer"] 180
   &finalEn [&Type "Double"]      -1.5304242930012163e+03  "No Van der Waals correction"
   &eExchange [&Type "Double"]      -1.2772350487974444e+02
   &eCorr [&Type "Double"]      -6.2532093012810677e+00
   &eXC [&Type "Double"]      -1.3397671418102550e+02
   &eCNL [&Type "Double"]       0.0000000000000000e+00
$End
$Solvation_Details
   &GeometryIndex 6
   &Solvent [&Type "String"] "WATER"
   &Epsilon [&Type "Double"]       8.0150999999999996e+01
   &Refrac [&Type "Double"]       1.3328000000000000e+00
   &RSolv [&Type "Double"]       1.3000000000000000e+00
   &SurfaceType [&Type "String"] "GAUSSIAN VDW"
   &CPCMDielEnergy [&Type "Double"]      -1.7536289999999999e-01
   &NPoints [&Type "Integer"] 3110
   &SurfaceArea [&Type "Double"]       1.2377446826180001e+03
$End
$SCF_Timings
   &GeometryIndex 6
   &TOTAL [&Type "Double"]       9.3626487999999995e+01
   &PREP [&Type "Double"]       9.3796400000000002e-01
   &FOCK [&Type "Double"]       8.4875305000000012e+01
   &DENS [&Type "Double"]       2.8977600000000336e-01
   &ETOT [&Type "Double"]       1.5711000000000297e-01
   &POP [&Type "Double"]       9.9999999747524271e-07
   &TRAFO [&Type "Double"]       8.7415800000000132e-01
   &DIIS [&Type "Double"]       2.2190760000000065e+00
   &SOSCF [&Type "Double"]       1.7027789999999889e+00
   &XC [&Type "Double"]       9.4642950000000159e+00
   &FOCKSTART [&Type "Double"]       5.1040000000015295e-02
   &SOLV [&Type "Double"]       9.4784389999999945e+00
   &SOLV_INIT [&Type "Double"]       3.5473600000000011e-01
   &INT_PREP [&Type "Double"]       4.9999999873762135e-06
   &INT_BF [&Type "Double"]       2.0426549999999697e+00
   &INT_DENS [&Type "Double"]       3.3596850000000540e+00
   &INT_DENSIO [&Type "Double"]       1.9785873835500027e+05
   &INT_FUNC [&Type "Double"]       1.1777299999998014e-01
   &INT_POT [&Type "Double"]       2.3501739999998250e+00
   &INT_POTIO [&Type "Double"]       2.8361000000085568e-02
   &INT_SUM [&Type "Double"]       9.6899999998711905e-04
   &SPLITRIJ [&Type "Double"]       7.2300319999999934e+00
   &COSX [&Type "Double"]       6.2070229999999974e+01
$End
$VdW_Correction
   &GeometryIndex 6
   &vdW [&Type "Double"]      -3.9849867693076413e-02
$End
$Single_Point_Data
   &GeometryIndex 6
   &FinalEnergy [&Type "Double"]      -1.5304641428689092e+03  "Final single point energy"
   &Converged [&Type "Boolean"] true
$End
$SCF_Nuc_Gradient
   &GeometryIndex 6
   &NAtoms [&Type "Integer"] 37
   &gradNorm [&Type "Double"]       3.0857044936779040e-02
   &grad [&Type "ArrayOfDoubles", &Dim (111,1)] 
                                                         0

0                                     -5.3288587604495754e-03
1                                     -2.9499060009156165e-03
2                                      6.9219822393957924e-03
3                                      7.8859154460294136e-04
4                                      1.2801641848139524e-03
5                                     -3.5983693516869085e-03
6                                      2.4056730417045479e-03
7                                      1.0632045900587342e-03
8                                     -1.0771587723205597e-03
9                                      5.3115417090582133e-05
10                                     2.1541505040958061e-04
11                                    -1.9342496736668173e-03
12                                     1.8647771630772333e-03
13                                     3.8776389728149287e-04
14                                    -1.7231881737136528e-04
15                                    -5.0056444310417531e-04
16                                    -7.5612594325399159e-04
17                                     1.3960082684875484e-03
18                                    -1.2367679892195671e-03
19                                    -1.1272155557337186e-03
20                                    -1.4474637021058094e-03
21                                     3.5152955104551629e-04
22                                    -8.9373724865614377e-05
23                                    -1.2129485474178653e-03
24                                     1.1190559076142237e-03
25                                     8.5379626383221083e-04
26                                     2.2417612735024488e-06
27                                    -6.2856797604005261e-04
28                                     2.4224717223566596e-04
29                                     1.1302487660662401e-03
30                                    -1.3563455129456738e-04
31                                     3.4272084819541356e-03
32                                     8.0332712568379090e-04
33                                     2.2782468481850225e-03
34                                    -1.4344166945497354e-03
35                                     2.2741398468320508e-04
36                                    -2.9658271313109663e-03
37                                    -3.2027761595287571e-05
38                                    -5.8806038045119535e-04
39                                    -2.5922052696061057e-04
40                                     1.1940377954364949e-03
41                                     1.4615155802985338e-04
42                                    -3.9688566136111781e-04
43                                    -9.4738431498720592e-04
44                                     9.9235163249409512e-04
45                                     2.0649078094487665e-04
46                                    -9.2132056075526177e-04
47                                    -6.4894150512342984e-04
48                                    -1.4369433716083522e-03
49                                     6.2626172116296962e-03
50                                     2.4936405438094420e-03
51                                    -8.0296922700719836e-03
52                                    -4.3091694700430824e-03
53                                     1.2341632420449188e-03
54                                     2.2537163808252682e-03
55                                     7.2473693997561592e-04
56                                    -9.8950752528952730e-04
57                                     1.5769609879852327e-02
58                                     5.7490636419575431e-03
59                                    -8.9411154084517476e-03
60                                    -8.6199500075097267e-03
61                                    -1.1860993702169358e-03
62                                     3.7391207271859675e-03
63                                    -1.2337971443843131e-03
64                                     4.9003927584619945e-03
65                                     1.7002476503872076e-03
66                                     4.3431663813398441e-03
67                                    -8.8374488706645521e-03
68                                    -3.5031953215684730e-03
69                                     5.5835825090525698e-04
70                                     4.9048709719837224e-04
71                                    -3.2024849387759792e-04
72                                    -2.5770688270200509e-05
73                                     4.5964628440088328e-05
74                                    -5.9915909487661816e-05
75                                     5.7229918580072850e-05
76                                     9.0098246228039277e-05
77                                    -2.1123047891839254e-04
78                                     7.0934926843854783e-04
79                                     4.3952787879644251e-04
80                                     2.0021495112325515e-04
81                                     2.3077062267045544e-04
82                                    -7.5147797688079280e-04
83                                    -3.7820610711322678e-04
84                                    -4.3792480422727073e-04
85                                    -9.7891425113020078e-05
86                                    -7.9255623345199334e-04
87                                     1.1258873878674146e-04
88                                    -1.0267020766698163e-03
89                                     2.3788810307252443e-04
90                                    -1.3709052865703466e-03
91                                     5.4045940898397491e-04
92                                     1.0643350118911591e-04
93                                     9.0842227171721111e-04
94                                    -1.6462570757953685e-04
95                                     1.4109239868501417e-04
96                                    -3.5399678627853011e-04
97                                     7.2266607584766784e-04
98                                     4.9717663126165146e-04
99                                     4.8285936291395700e-04
100                                   -4.6709319960062864e-04
101                                    4.3436969637195754e-04
102                                   -2.3292673891714202e-04
103                                   -2.2790081611874123e-04
104                                   -3.4147538279822302e-04
105                                    1.9734431693394111e-03
106                                   -4.2299543367523105e-04
107                                   -1.4619348705115576e-03
108                                   -3.2727603048390229e-03
109                                   -2.8806764159703480e-03
110                                    5.2748237034672581e-03
   &Method [&Type "String"] "SCF"
   &Level [&Type "String"] "Relaxed density"
   &Mult [&Type "Integer"] 1
   &State [&Type "Integer"] 0
   &Irrep [&Type "Integer"] 0
$End
$Geometry
   &GeometryIndex 7
   &NAtoms [&Type "Integer"] 37
   &NCorelessECP [&Type "Integer"] 0
   &NGhostAtoms [&Type "Integer"] 0
   &CartesianCoordinates [&Type "Coordinates", &Dim(37,4), &Units "Bohr"] 
              P     -8.654172872003   -2.035809178835    0.450997413311
              O    -10.559653510634   -0.276487079757   -0.633872993230
              O     -9.189876185986   -3.676972410838    2.672418313532
              O     -7.692664762083   -3.728747446465   -1.935847207593
              O     -6.110162695614   -0.467841715721    1.229771961052
              C     -5.176710794380    1.352709715719   -0.483166557289
              C     -2.856124463582    2.562896956098    0.613691394079
              O     -0.915169778997    0.690268310422    0.931068868180
              C     -1.743423505480    4.674136238663   -1.028436758840
              O     -1.595043340317    6.882022873368    0.450678387130
              C      0.865167368714    3.623756643939   -1.749961346287
              O      2.800172129113    5.400371510533   -2.007897061738
              C      1.403580814843    1.843703619550    0.440622449003
              N      3.218966762795   -0.113650447965   -0.131135207349
              C      2.825445183651   -2.228321196572   -1.573586752886
              N      4.840164159825   -3.635740021309   -1.805555049900
              C      6.655683878890   -2.368146040891   -0.466133250178
              C      9.197500972322   -2.949204821667    0.000110752879
              N     10.388724520813   -4.956794007173   -0.851936386908
              N     10.414793399233   -1.179848002840    1.411487839560
              C      9.253964606207    0.868860242140    2.431593794293
              N      6.912812170209    1.486695258629    2.064183138475
              C      5.682798617964   -0.182501280538    0.594369390286
              H     -6.515704186502   -5.012390475300   -1.399808729460
              H     -4.710286269383    0.474778633560   -2.302262700681
              H     -6.587183646010    2.828330238373   -0.822453089410
              H     -3.286787436908    3.372252958674    2.470328253108
              H     -2.882541115049    5.001406139866   -2.724585085145
              H     -0.828026911760    8.183374512638   -0.567574599573
              H      0.649877620375    2.463340575843   -3.454147992687
              H      2.620817522016    6.226647608525   -3.620394331173
              H      2.157656822295    2.889008257658    2.064411453555
              H      0.987691984676   -2.620562743389   -2.368649820398
              H      9.434485784932   -6.250573792556   -1.868905134542
              H     12.221999341423   -5.297290127944   -0.473805175034
              H     10.484300634305    2.015295555721    3.599423311182
              H     12.223278214727   -1.496432832734    1.952152988838
$End
$SCF_Energy
   &GeometryIndex 7
   &Method [&Type "String"] "SCF"
   &totalEnergy [&Type "ArrayOfDoubles", &Dim (1,1)] "Total energy of each state"
                                                         0

0                                     -1.5304266744234969e+03
   &Mult [&Type "ArrayOfIntegers", &Dim (1,1)] "Multiplicity of each state"
                                                         0

0                                                        1
$End
$DFT_Energy
   &GeometryIndex 7
   &nAlphaEl [&Type "Integer"] 90
   &nBetaEl [&Type "Integer"] 90
   &nTotalEl [&Type "Integer"] 180
   &finalEn [&Type "Double"]      -1.5304266744234969e+03  "No Van der Waals correction"
   &eExchange [&Type "Double"]      -1.2772709870539670e+02
   &eCorr [&Type "Double"]      -6.2536100694273049e+00
   &eXC [&Type "Double"]      -1.3398070877482400e+02
   &eCNL [&Type "Double"]       0.0000000000000000e+00
$End
$Solvation_Details
   &GeometryIndex 7
   &Solvent [&Type "String"] "WATER"
   &Epsilon [&Type "Double"]       8.0150999999999996e+01
   &Refrac [&Type "Double"]       1.3328000000000000e+00
   &RSolv [&Type "Double"]       1.3000000000000000e+00
   &SurfaceType [&Type "String"] "GAUSSIAN VDW"
   &CPCMDielEnergy [&Type "Double"]      -1.7536908000000001e-01
   &NPoints [&Type "Integer"] 3113
   &SurfaceArea [&Type "Double"]       1.2382122882440001e+03
$End
$SCF_Timings
   &GeometryIndex 7
   &TOTAL [&Type "Double"]       9.7581344000000001e+01
   &PREP [&Type "Double"]       8.8588499999999992e-01
   &FOCK [&Type "Double"]       8.7757856999999987e+01
   &DENS [&Type "Double"]       3.1135500000000604e-01
   &ETOT [&Type "Double"]       1.7460799999999743e-01
   &POP [&Type "Double"]       9.9999999747524271e-07
   &TRAFO [&Type "Double"]       8.0069099999999338e-01
   &DIIS [&Type "Double"]       2.3755420000000012e+00
   &SOSCF [&Type "Double"]       1.5170490000000001e+00
   &XC [&Type "Double"]       9.9707619999999917e+00
   &FOCKSTART [&Type "Double"]       5.9894999999999587e-02
   &SOLV [&Type "Double"]       9.2026169999999947e+00
   &SOLV_INIT [&Type "Double"]       3.5190199999999994e-01
   &SOLV_FINAL [&Type "Double"]       1.0000000116860974e-06
   &INT_PREP [&Type "Double"]       8.0000000046709374e-06
   &INT_BF [&Type "Double"]       1.9744109999997761e+00
   &INT_DENS [&Type "Double"]       3.2137490000002149e+00
   &INT_DENSIO [&Type "Double"]       2.0231486793100028e+05
   &INT_FUNC [&Type "Double"]       1.1511100000038610e-01
   &INT_POT [&Type "Double"]       1.9902610000000571e+00
   &INT_POTIO [&Type "Double"]       2.8425999999896590e-02
   &INT_SUM [&Type "Double"]       2.6830000000028775e-03
   &SPLITRIJ [&Type "Double"]       7.1342009999999778e+00
   &COSX [&Type "Double"]       6.5810623000000007e+01
$End
$VdW_Correction
   &GeometryIndex 7
   &vdW [&Type "Double"]      -3.9846849794613656e-02
$End
$Single_Point_Data
   &GeometryIndex 7
   &FinalEnergy [&Type "Double"]      -1.5304665212732916e+03  "Final single point energy"
   &Converged [&Type "Boolean"] true
$End
$SCF_Nuc_Gradient
   &GeometryIndex 7
   &NAtoms [&Type "Integer"] 37
   &gradNorm [&Type "Double"]       1.7707233718590246e-02
   &grad [&Type "ArrayOfDoubles", &Dim (111,1)] 
                                                         0

0                                     -5.9476982459128096e-03
1                                      7.1157054059284102e-04
2                                      2.0329087002824596e-03
3                                      1.0852415140819827e-03
4                                      2.1396941698739014e-04
5                                     -2.1844917753423123e-03
6                                      1.0321443944124144e-03
7                                     -1.4050633424251180e-03
8                                      2.2861027534497990e-03
9                                      5.1098142966686210e-05
10                                    -1.3883091895560704e-03
11                                    -3.6678694222606325e-03
12                                     3.7871216868245717e-03
13                                     2.0387713076005913e-03
14                                     1.3451624498366135e-03
15                                    -8.3128843166982631e-04
16                                    -7.9538600777299821e-04
17                                     1.4615695299479974e-03
18                                    -1.2170277599873167e-03
19                                    -8.2727421582474774e-04
20                                    -1.3912290565647465e-03
21                                     1.3099520480847086e-05
22                                    -7.3816941679080911e-04
23                                    -9.6307433861786938e-04
24                                     1.0040317923088323e-03
25                                     1.4216968176625672e-04
26                                    -5.3359390128779392e-04
27                                    -7.0669114234817281e-05
28                                     6.2928461950436786e-04
29                                     1.0339393011546112e-03
30                                    -2.1687061388236356e-04
31                                     1.9345470394056081e-03
32                                     8.6069742561837193e-04
33                                     1.7089209005528739e-03
34                                    -8.5618065783557053e-04
35                                     4.8427047303905316e-05
36                                    -1.9078749548701516e-03
37                                     1.8514325880051132e-04
38                                     3.0448966210378994e-04
39                                    -7.3026604325197864e-04
40                                     1.4783146763974031e-04
41                                     2.3373632653382121e-04
42                                     2.9178746553403098e-04
43                                    -5.6068560144067179e-04
44                                    -3.4940736376540878e-04
45                                    -3.3977048195278213e-04
46                                    -2.1433074117780605e-04
47                                     1.7374173032335199e-04
48                                     4.0043067405783712e-04
49                                     4.6439683847781616e-03
50                                     1.5437041639947407e-03
51                                    -2.9397151379474224e-03
52                                    -5.1965628733270175e-04
53                                     3.8845629453540774e-03
54                                     1.1181604562262287e-03
55                                    -3.9780531301614907e-04
56                                    -1.0034254819493995e-03
57                                     4.5849385753866734e-03
58                                     4.7340787930810974e-03
59                                    -4.8397858187495795e-03
60                                    -2.1360194205007660e-03
61                                    -3.7493906592227203e-03
62                                     1.0072249033453707e-03
63                                    -2.0143489916296079e-03
64                                     2.0576393063199035e-03
65                                    -5.8361419810830394e-04
66                                     2.8811704156716878e-03
67                                    -4.4109285549925508e-03
68                                    -2.2591226601326097e-03
69                                     4.6870567664353621e-04
70                                     2.2787367037525801e-04
71                                     1.6093601117502613e-05
72                                    -1.2702043569057367e-04
73                                     2.1940224911465463e-04
74                                    -1.4503322280593758e-04
75                                     2.1374005823528118e-04
76                                     1.1806673094349709e-04
77                                    -3.6324944752997944e-04
78                                     8.4729776520198370e-04
79                                     5.4651367241598714e-04
80                                     1.1764456488846210e-04
81                                     3.1571710658194593e-04
82                                    -4.2936964914252519e-04
83                                    -2.4910545173161772e-04
84                                    -6.9567823253178487e-04
85                                     1.2714938531210336e-04
86                                    -6.3712966929839118e-04
87                                    -3.3054613390006354e-04
88                                    -7.8550229174833013e-04
89                                     2.5651871669237858e-04
90                                    -9.4872580852675041e-04
91                                     5.0633710675083792e-04
92                                     1.1352282027452207e-04
93                                     7.6641264275515775e-04
94                                    -3.3654982588841116e-04
95                                     8.6255796778167648e-05
96                                    -3.9431143627339252e-04
97                                     6.9175267335249942e-04
98                                     4.8719675980741687e-04
99                                     9.7146158569938533e-04
100                                   -9.1148359234947577e-05
101                                    7.6197092496096725e-04
102                                   -9.1624560284342448e-04
103                                   -4.1284067820350511e-04
104                                   -5.5234780289310011e-04
105                                    1.6660205866993395e-03
106                                   -1.4654074246815462e-03
107                                   -1.9522880421834489e-04
108                                   -1.4434241064526575e-03
109                                   -4.9207106620395829e-04
110                                    1.8622382976957650e-03
   &Method [&Type "String"] "SCF"
   &Level [&Type "String"] "Relaxed density"
   &Mult [&Type "Integer"] 1
   &State [&Type "Integer"] 0
   &Irrep [&Type "Integer"] 0
$End
$Geometry
   &GeometryIndex 8
   &NAtoms [&Type "Integer"] 37
   &NCorelessECP [&Type "Integer"] 0
   &NGhostAtoms [&Type "Integer"] 0
   &CartesianCoordinates [&Type "Coordinates", &Dim(37,4), &Units "Bohr"] 
              P     -8.614732040438   -2.056812557997    0.450894085090
              O    -10.541215565652   -0.301585594139   -0.598700254000
              O     -9.143588987182   -3.720671124600    2.657709327331
              O     -7.652107759023   -3.734014287187   -1.943251179884
              O     -6.083339389805   -0.476633140562    1.239520376819
              C     -5.160736501057    1.360335588564   -0.463839210377
              C     -2.855447782472    2.588852361908    0.647268452569
              O     -0.903110167901    0.728516603180    0.981364794768
              C     -1.750579152363    4.693896863297   -1.005205137558
              O     -1.502920978514    6.880473826690    0.491475267251
              C      0.817522376119    3.603331839469   -1.798447081430
              O      2.749616117874    5.366956627216   -2.152136182527
              C      1.407258113737    1.871350821325    0.417099140976
              N      3.215261502577   -0.090093909491   -0.150441980257
              C      2.835650595152   -2.183967548142   -1.627826927939
              N      4.849197086160   -3.593201985294   -1.852837637779
              C      6.647637693795   -2.357133086994   -0.465489556380
              C      9.185023679306   -2.944835212927    0.020190259956
              N     10.374381509595   -4.946375805212   -0.846472609355
              N     10.374076453751   -1.213033775215    1.491884556060
              C      9.223364482164    0.837701957356    2.508913827256
              N      6.884507313575    1.456169378413    2.126919878661
              C      5.664296892441   -0.179227717362    0.618276549651
              H     -6.525032977676   -5.058613213615   -1.400045213937
              H     -4.679683172094    0.493294457000   -2.284357573155
              H     -6.584697223975    2.823347395511   -0.801027960449
              H     -3.305434846201    3.400240003665    2.497564365552
              H     -2.929557159378    5.068938983000   -2.663694087277
              H     -0.668700933532    8.152163421345   -0.511379142426
              H      0.539312545647    2.415579664905   -3.473022378547
              H      2.591167589426    6.087153660257   -3.816219829620
              H      2.185880354340    2.953847471355    2.003299850586
              H      1.013029776707   -2.558661324674   -2.465622249712
              H      9.431076797049   -6.196444440485   -1.926957501437
              H     12.198446416874   -5.310186446206   -0.443724201968
              H     10.430735059251    1.971457833501    3.711590039717
              H     12.219793316369   -1.469575360429    1.933921601938
$End
$SCF_Energy
   &GeometryIndex 8
   &Method [&Type "String"] "SCF"
   &totalEnergy [&Type "ArrayOfDoubles", &Dim (1,1)] "Total energy of each state"
                                                         0

0                                     -1.5304275858242881e+03
   &Mult [&Type "ArrayOfIntegers", &Dim (1,1)] "Multiplicity of each state"
                                                         0

0                                                        1
$End
$DFT_Energy
   &GeometryIndex 8
   &nAlphaEl [&Type "Integer"] 90
   &nBetaEl [&Type "Integer"] 90
   &nTotalEl [&Type "Integer"] 180
   &finalEn [&Type "Double"]      -1.5304275858242881e+03  "No Van der Waals correction"
   &eExchange [&Type "Double"]      -1.2772996333855528e+02
   &eCorr [&Type "Double"]      -6.2540005530572795e+00
   &eXC [&Type "Double"]      -1.3398396389161255e+02
   &eCNL [&Type "Double"]       0.0000000000000000e+00
$End
$Solvation_Details
   &GeometryIndex 8
   &Solvent [&Type "String"] "WATER"
   &Epsilon [&Type "Double"]       8.0150999999999996e+01
   &Refrac [&Type "Double"]       1.3328000000000000e+00
   &RSolv [&Type "Double"]       1.3000000000000000e+00
   &SurfaceType [&Type "String"] "GAUSSIAN VDW"
   &CPCMDielEnergy [&Type "Double"]      -1.7518757700000001e-01
   &NPoints [&Type "Integer"] 3100
   &SurfaceArea [&Type "Double"]       1.2372122594150001e+03
$End
$SCF_Timings
   &GeometryIndex 8
   &TOTAL [&Type "Double"]       7.8429980000000000e+01
   &PREP [&Type "Double"]       7.8437400000000002e-01
   &FOCK [&Type "Double"]       6.9506319000000019e+01
   &DENS [&Type "Double"]       2.1432099999999110e-01
   &ETOT [&Type "Double"]       1.1502299999998833e-01
   &POP [&Type "Double"]       9.9999999747524271e-07
   &TRAFO [&Type "Double"]       5.7660800000000023e-01
   &DIIS [&Type "Double"]       2.2266930000000009e+00
   &SOSCF [&Type "Double"]       8.8913499999999601e-01
   &XC [&Type "Double"]       7.0398640000000068e+00
   &FOCKSTART [&Type "Double"]       3.7992000000007131e-02
   &SOLV [&Type "Double"]       6.9856019999999930e+00
   &SOLV_INIT [&Type "Double"]       2.7641100000000002e-01
   &SOLV_FINAL [&Type "Double"]       1.0000000116860974e-06
   &INT_BF [&Type "Double"]       1.2744009999999371e+00
   &INT_DENS [&Type "Double"]       1.9459739999998256e+00
   &INT_DENSIO [&Type "Double"]       1.1350842998400016e+05
   &INT_FUNC [&Type "Double"]       7.3287999999950060e-02
   &INT_POT [&Type "Double"]       1.4822420000000704e+00
   &INT_POTIO [&Type "Double"]       1.8054000000139681e-02
   &INT_SUM [&Type "Double"]       1.0009999999986974e-03
   &SPLITRIJ [&Type "Double"]       5.3856270000000004e+00
   &COSX [&Type "Double"]       5.4894261000000000e+01
$End
$VdW_Correction
   &GeometryIndex 8
   &vdW [&Type "Double"]      -3.9873005102838442e-02
$End
$Single_Point_Data
   &GeometryIndex 8
   &FinalEnergy [&Type "Double"]      -1.5304674588293910e+03  "Final single point energy"
   &Converged [&Type "Boolean"] true
$End
$SCF_Nuc_Gradient
   &GeometryIndex 8
   &NAtoms [&Type "Integer"] 37
   &gradNorm [&Type "Double"]       1.0801674606361104e-02
   &grad [&Type "ArrayOfDoubles", &Dim (111,1)] 
                                                         0

0                                     -4.5261187412693037e-03
1                                      1.5272346733267226e-03
2                                     -2.0561856020099824e-04
3                                      9.6566298129830059e-04
4                                     -5.5301488868905182e-04
5                                     -5.2841632376673649e-04
6                                      2.5059511081490017e-04
7                                     -1.2099894359975107e-03
8                                      1.8554900840927911e-03
9                                      4.8152054460186099e-05
10                                    -1.6817098695979232e-03
11                                    -3.0040137134055163e-03
12                                     3.3285679313127719e-03
13                                     1.9951971427878221e-03
14                                     1.7842253454273187e-03
15                                    -6.3726834085831637e-04
16                                    -5.3684026004869689e-04
17                                     1.0414788043972599e-03
18                                    -7.0108256646193043e-04
19                                    -5.5044213677778316e-04
20                                    -6.3086216712143664e-04
21                                    -2.7802008038142143e-04
22                                    -9.7619016774095995e-04
23                                    -1.0685199840031921e-03
24                                     4.9353642912127371e-04
25                                    -1.8827279116084047e-05
26                                    -5.4349923699630607e-04
27                                     2.8494602088389380e-04
28                                     3.2029460113031436e-04
29                                     3.0589443058428559e-04
30                                     4.9486262108739823e-05
31                                     9.1565425198233009e-04
32                                     5.6026340560427215e-04
33                                     9.8064175257202334e-04
34                                    -7.4226280464742144e-04
35                                    -1.3127605878833048e-04
36                                    -6.0242180723548853e-04
37                                     5.5136127214127641e-04
38                                     7.0804655035591388e-04
39                                    -2.9232270780875000e-04
40                                    -4.2114676184798851e-05
41                                    -5.8305362123241495e-04
42                                     1.6698954817375268e-04
43                                    -9.8843113546408690e-04
44                                     2.4552112097444895e-04
45                                    -2.8381457061801970e-04
46                                     3.0767061683111522e-04
47                                     5.5797593691502906e-06
48                                     8.9182138246234554e-04
49                                     1.6244355560499622e-03
50                                     2.1723017286320271e-04
51                                     4.8187908530944126e-04
52                                     9.3720679442408760e-04
53                                     3.0788473498224367e-03
54                                    -9.3512654192167880e-05
55                                    -4.0702454607675941e-04
56                                    -4.9393144073150530e-04
57                                    -1.1538938348165607e-03
58                                     2.3768992695054844e-03
59                                    -2.1276470316564768e-03
60                                     1.0373246846869290e-03
61                                    -2.7204635023939045e-03
62                                    -5.8158710542701277e-05
63                                    -1.2579430770133450e-03
64                                    -3.0794796186468684e-04
65                                    -1.1450824040874622e-03
66                                     6.0388572832163669e-04
67                                    -3.4285257630609154e-04
68                                    -1.0942089169746201e-04
69                                     2.5696707470251981e-04
70                                     1.1350687616520810e-04
71                                     1.4093634215641633e-04
72                                    -8.5138542462618157e-05
73                                     2.4256614794511725e-04
74                                    -1.4583768444502814e-04
75                                     2.2489367316877280e-04
76                                     1.5044928846738825e-04
77                                    -3.0912394887606324e-04
78                                     6.8894529165913483e-04
79                                     4.8825575928333970e-04
80                                     5.1518754966069875e-05
81                                     3.3893073443167317e-04
82                                    -6.3169959093510711e-05
83                                    -1.5976679122015701e-04
84                                    -9.0326318575507383e-04
85                                     3.2252901356062463e-04
86                                    -2.2765419960934182e-04
87                                    -3.6945896326098907e-04
88                                    -4.9324695619073166e-04
89                                     2.6863175156066935e-04
90                                    -5.0668139459579087e-04
91                                     4.8624079476740470e-04
92                                     9.9346460739343535e-05
93                                     2.5504623061594695e-04
94                                    -2.5824764725735060e-04
95                                     1.6240781602306855e-04
96                                    -2.5422097132033746e-04
97                                     4.9125498381213939e-04
98                                     2.2309866049684816e-04
99                                     7.2330048464569138e-04
100                                   -1.4647140352776368e-05
101                                    5.0833748106005928e-04
102                                   -6.7137399949741838e-04
103                                   -4.6097792921607800e-04
104                                   -3.1182917676539145e-04
105                                    7.4343914931319639e-04
106                                   -1.1681984077267760e-03
107                                    3.7589977567980317e-04
108                                   -1.9847615316288656e-04
109                                    6.8584224584808374e-04
110                                    1.5095788515564898e-04
   &Method [&Type "String"] "SCF"
   &Level [&Type "String"] "Relaxed density"
   &Mult [&Type "Integer"] 1
   &State [&Type "Integer"] 0
   &Irrep [&Type "Integer"] 0
$End
$Geometry
   &GeometryIndex 9
   &NAtoms [&Type "Integer"] 37
   &NCorelessECP [&Type "Integer"] 0
   &NGhostAtoms [&Type "Integer"] 0
   &CartesianCoordinates [&Type "Coordinates", &Dim(37,4), &Units "Bohr"] 
              P     -8.527196338846   -2.113009878811    0.443003897391
              O    -10.488599145609   -0.386677314652   -0.589303029941
              O     -9.043728619476   -3.797213506177    2.634717017001
              O     -7.526916135333   -3.764443173855   -1.945153406491
              O     -6.033759869522   -0.493457307413    1.244778449000
              C     -5.129533637713    1.363899742085   -0.448615889135
              C     -2.857700068562    2.633327483623    0.688838175126
              O     -0.882664340146    0.802218874315    1.053376053894
              C     -1.766880578371    4.734560153587   -0.972843841907
              O     -1.413000754296    6.894278477451    0.539212646149
              C      0.757828179252    3.609160824149   -1.846089800043
              O      2.675696560340    5.366083505148   -2.297373482376
              C      1.412212005933    1.928921927023    0.391339303800
              N      3.203961617221   -0.043959037546   -0.175835478436
              C      2.821791368964   -2.118586104801   -1.680902848077
              N      4.820174351791   -3.551775364221   -1.887041874987
              C      6.611640141210   -2.352541054127   -0.462834765218
              C      9.139128312324   -2.965427986568    0.045360744854
              N     10.318190958990   -4.968052244157   -0.828694823377
              N     10.318769830435   -1.274220983929    1.571847780057
              C      9.192793491748    0.808937692015    2.558132467722
              N      6.866270766415    1.449738164579    2.148874261119
              C      5.640805056185   -0.163003143386    0.622287919490
              H     -6.432252193140   -5.111048077475   -1.390909498982
              H     -4.614262676401    0.505472525316   -2.263728841646
              H     -6.580073874674    2.798208493738   -0.794983249286
              H     -3.347178480800    3.444441390205    2.528225594548
              H     -2.988716219498    5.158577313001   -2.588180376481
              H     -0.481418819297    8.115942524594   -0.440600192953
              H      0.420192349250    2.396362965749   -3.490118968829
              H      2.530569035696    5.977286584509   -4.004982869177
              H      2.228179934047    3.053716145255    1.927307189254
              H      1.010191361960   -2.470799784777   -2.551723487471
              H      9.382888173020   -6.172071484746   -1.968847000829
              H     12.135276107706   -5.352260269474   -0.408124956133
              H     10.388364323435    1.943872865678    3.770727674347
              H     12.175308860401   -1.523918708479    1.976053986187
$End
$SCF_Energy
   &GeometryIndex 9
   &Method [&Type "String"] "SCF"
   &totalEnergy [&Type "ArrayOfDoubles", &Dim (1,1)] "Total energy of each state"
                                                         0

0                                     -1.5304281560912855e+03
   &Mult [&Type "ArrayOfIntegers", &Dim (1,1)] "Multiplicity of each state"
                                                         0

0                                                        1
$End
$DFT_Energy
   &GeometryIndex 9
   &nAlphaEl [&Type "Integer"] 90
   &nBetaEl [&Type "Integer"] 90
   &nTotalEl [&Type "Integer"] 179
   &finalEn [&Type "Double"]      -1.5304281560912855e+03  "No Van der Waals correction"
   &eExchange [&Type "Double"]      -1.2773298149124291e+02
   &eCorr [&Type "Double"]      -6.2545111650548861e+00
   &eXC [&Type "Double"]      -1.3398749265629780e+02
   &eCNL [&Type "Double"]       0.0000000000000000e+00
$End
$Solvation_Details
   &GeometryIndex 9
   &Solvent [&Type "String"] "WATER"
   &Epsilon [&Type "Double"]       8.0150999999999996e+01
   &Refrac [&Type "Double"]       1.3328000000000000e+00
   &RSolv [&Type "Double"]       1.3000000000000000e+00
   &SurfaceType [&Type "String"] "GAUSSIAN VDW"
   &CPCMDielEnergy [&Type "Double"]      -1.7487296599999999e-01
   &NPoints [&Type "Integer"] 3105
   &SurfaceArea [&Type "Double"]       1.2366237596730000e+03
$End
$SCF_Timings
   &GeometryIndex 9
   &TOTAL [&Type "Double"]       8.0058248000000006e+01
   &PREP [&Type "Double"]       8.1241099999999999e-01
   &FOCK [&Type "Double"]       7.0374033999999995e+01
   &DENS [&Type "Double"]       2.2105200000000735e-01
   &ETOT [&Type "Double"]       1.0932900000001133e-01
   &TRAFO [&Type "Double"]       7.2955200000000531e-01
   &DIIS [&Type "Double"]       2.6397599999999972e+00
   &SOSCF [&Type "Double"]       1.0872119999999867e+00
   &XC [&Type "Double"]       6.8818289999999944e+00
   &FOCKSTART [&Type "Double"]       4.1626000000001162e-02
   &SOLV [&Type "Double"]       7.6144600000000064e+00
   &SOLV_INIT [&Type "Double"]       2.9437500000000005e-01
   &INT_PREP [&Type "Double"]       1.9999999949504854e-06
   &INT_BF [&Type "Double"]       1.5773509999999789e+00
   &INT_DENS [&Type "Double"]       2.4705909999999740e+00
   &INT_DENSIO [&Type "Double"]       1.1682312395200023e+05
   &INT_FUNC [&Type "Double"]       8.9194999999836710e-02
   &INT_POT [&Type "Double"]       2.1153589999999571e+00
   &INT_POTIO [&Type "Double"]       1.9119000000218378e-02
   &INT_SUM [&Type "Double"]       1.3830000000076836e-03
   &SPLITRIJ [&Type "Double"]       5.4273600000000020e+00
   &COSX [&Type "Double"]       5.5237749000000001e+01
$End
$VdW_Correction
   &GeometryIndex 9
   &vdW [&Type "Double"]      -3.9932158496897345e-02
$End
$Single_Point_Data
   &GeometryIndex 9
   &FinalEnergy [&Type "Double"]      -1.5304680882497823e+03  "Final single point energy"
   &Converged [&Type "Boolean"] true
$End
$SCF_Nuc_Gradient
   &GeometryIndex 9
   &NAtoms [&Type "Integer"] 37
   &gradNorm [&Type "Double"]       8.1375019224680881e-03
   &grad [&Type "ArrayOfDoubles", &Dim (111,1)] 
                                                         0

0                                     -2.0162795754570346e-03
1                                      9.6910417292570905e-04
2                                     -1.1333139126460060e-03
3                                      6.8249684039984053e-04
4                                     -8.8249597140814149e-04
5                                      7.7462031675485862e-04
6                                     -2.3905308525648598e-04
7                                     -1.5086925231579619e-04
8                                      2.4223954314461435e-04
9                                      3.4507999704439077e-06
10                                    -1.0313903244723046e-03
11                                    -1.1515372811162097e-03
12                                     1.6356579870984635e-03
13                                     1.0478759057347261e-03
14                                     1.3019786633232493e-03
15                                    -2.3098430782670659e-04
16                                    -1.6646396048374464e-04
17                                     4.7690189575628805e-04
18                                    -2.5271270130669944e-05
19                                    -3.0262315079884609e-04
20                                     3.5942559670349800e-04
21                                    -6.4093744836873489e-04
22                                    -9.7968635928513638e-04
23                                    -1.3698575839907925e-03
24                                    -1.2825911213827916e-05
25                                     1.5176971794048010e-04
26                                    -2.0725612309978344e-04
27                                     5.2876018988194423e-04
28                                    -3.2056252475441146e-04
29                                    -4.5254109473415817e-04
30                                     5.0384760235407501e-04
31                                     3.0475364178492035e-04
32                                     9.6293829724884293e-05
33                                     1.3228969153375214e-04
34                                    -8.3974763235644949e-04
35                                    -3.0085752345726226e-04
36                                     5.2740046123801797e-04
37                                     6.6053467082624942e-04
38                                     9.7391363938257756e-04
39                                    -1.2570697414539950e-04
40                                    -7.6703267790742958e-04
41                                     1.3165120275826137e-05
42                                     1.9377264780300356e-04
43                                    -3.8804870661125030e-04
44                                    -2.6397289106623264e-04
45                                    -1.2324324272944731e-04
46                                     2.8491565951109765e-04
47                                     3.0204863100527924e-04
48                                     5.5296234545200874e-04
49                                    -1.3875519808515219e-03
50                                    -7.1410043599964747e-04
51                                     1.9861774610610019e-03
52                                     7.7850119456070556e-04
53                                     1.0786340220028654e-03
54                                    -8.5251022265059274e-04
55                                     1.4512293844631417e-04
56                                     1.1816138635201388e-04
57                                    -3.1681596037729316e-03
58                                    -3.8385610833904836e-04
59                                     4.0777353792005925e-05
60                                     1.9315775493557491e-03
61                                    -1.7672815058644858e-04
62                                    -1.4887531105707138e-04
63                                     6.7885319851423130e-05
64                                    -1.5982503611401873e-03
65                                    -7.4844078775119409e-04
66                                    -9.2917428627632074e-04
67                                     3.0776321859960851e-03
68                                     3.7722794798704054e-04
69                                     4.5572848046736923e-05
70                                     5.0335886635716355e-05
71                                     1.9686252253518224e-04
72                                     1.9763373477754020e-06
73                                     1.4506674769005208e-04
74                                    -5.8690053722259262e-05
75                                     1.2870406207581377e-04
76                                     1.3613330731440302e-04
77                                    -1.4145059271741548e-04
78                                     4.1902372472432084e-04
79                                     3.8020532113534618e-04
80                                    -9.4869216522474242e-06
81                                     3.6208385400505143e-04
82                                     1.8429055339262902e-04
83                                    -1.4433059045335648e-04
84                                    -9.8659218227608475e-04
85                                     4.6599913499495324e-04
86                                     1.7623431805563274e-04
87                                    -2.0643264352692038e-04
88                                    -3.0174508446267618e-04
89                                     1.9978725093066943e-04
90                                    -1.0737974009674278e-04
91                                     4.7839444823374655e-04
92                                     1.8714094440443204e-04
93                                    -3.3058948655766927e-04
94                                    -3.4397220841928393e-05
95                                     2.1477924541376690e-04
96                                    -2.4937267227525463e-05
97                                     1.4746017133302305e-04
98                                     4.8671463122038476e-05
99                                     1.4923343344203831e-04
100                                   -4.6400553376008851e-06
101                                    5.0866927928915886e-06
102                                   -8.2514952320099938e-05
103                                   -3.4256482036882079e-04
104                                    4.6646245710079203e-05
105                                   -2.9279082281772619e-04
106                                   -2.8414291910466600e-04
107                                    4.9739210484370721e-04
108                                    5.4250986994964167e-04
109                                    9.3470161695496110e-04
110                                   -8.8327762578375513e-04
   &Method [&Type "String"] "SCF"
   &Level [&Type "String"] "Relaxed density"
   &Mult [&Type "Integer"] 1
   &State [&Type "Integer"] 0
   &Irrep [&Type "Integer"] 0
$End
$Geometry
   &GeometryIndex 10
   &NAtoms [&Type "Integer"] 37
   &NCorelessECP [&Type "Integer"] 0
   &NGhostAtoms [&Type "Integer"] 0
   &CartesianCoordinates [&Type "Coordinates", &Dim(37,4), &Units "Bohr"] 
              P     -8.378901770779   -2.207878857602    0.431931628615
              O    -10.394443976034   -0.545493555519   -0.604498077598
              O     -8.864228888981   -3.913292793721    2.612343162472
              O     -7.301214593961   -3.818641852289   -1.940814599403
              O     -5.954943777107   -0.510492278987    1.250293317444
              C     -5.082403325445    1.369153970276   -0.436682162810
              C     -2.865151771885    2.707903787545    0.734070809428
              O     -0.855693564028    0.926979960890    1.157900199907
              C     -1.792228138786    4.800017996466   -0.942909471117
              O     -1.330223420235    6.938071432789    0.569580403928
              C      0.686146761590    3.639627711445   -1.892570880147
              O      2.581784919719    5.390869731856   -2.451255559140
              C      1.416319883534    2.021762663278    0.368394654868
              N      3.178972968642    0.024373428413   -0.196203722360
              C      2.771936684151   -2.038902579980   -1.711183221524
              N      4.747463356765   -3.504728336645   -1.909715464166
              C      6.543097034832   -2.350055750537   -0.456775270294
              C      9.057364754228   -3.003945314081    0.066461659462
              N     10.221170445760   -5.006860946716   -0.825312910382
              N     10.240351774395   -1.363649237428    1.649405483645
              C      9.150856799945    0.756944323032    2.608638127008
              N      6.843661166181    1.441506770019    2.171642094173
              C      5.601128138923   -0.148002345744    0.633590623709
              H     -6.208508387652   -5.160896611158   -1.373499611112
              H     -4.513247980298    0.516540882400   -2.238307326205
              H     -6.573195907721    2.754934160982   -0.807376202869
              H     -3.415749667754    3.525487411272    2.552218422943
              H     -3.056920326473    5.263928302031   -2.514145154545
              H     -0.274126439059    8.075832177147   -0.386696897240
              H      0.291144180322    2.396537472906   -3.499288181034
              H      2.443667211188    5.880255036906   -4.197745716714
              H      2.289936349299    3.194730197238    1.833870055939
              H      0.965910843943   -2.359901549536   -2.605609816104
              H      9.289593693806   -6.163522437388   -2.018039757765
              H     12.034397097998   -5.408350945420   -0.400339803132
              H     10.349856113825    1.886568693280    3.822451905757
              H     12.092772791790   -1.644868489995    2.053371734525
$End
$SCF_Energy
   &GeometryIndex 10
   &Method [&Type "String"] "SCF"
   &totalEnergy [&Type "ArrayOfDoubles", &Dim (1,1)] "Total energy of each state"
                                                         0

0                                     -1.5304285357789288e+03
   &Mult [&Type "ArrayOfIntegers", &Dim (1,1)] "Multiplicity of each state"
                                                         0

0                                                        1
$End
$DFT_Energy
   &GeometryIndex 10
   &nAlphaEl [&Type "Integer"] 90
   &nBetaEl [&Type "Integer"] 90
   &nTotalEl [&Type "Integer"] 179
   &finalEn [&Type "Double"]      -1.5304285357789288e+03  "No Van der Waals correction"
   &eExchange [&Type "Double"]      -1.2773536812573613e+02
   &eCorr [&Type "Double"]      -6.2550514206254695e+00
   &eXC [&Type "Double"]      -1.3399041954636161e+02
   &eCNL [&Type "Double"]       0.0000000000000000e+00
$End
$Solvation_Details
   &GeometryIndex 10
   &Solvent [&Type "String"] "WATER"
   &Epsilon [&Type "Double"]       8.0150999999999996e+01
   &Refrac [&Type "Double"]       1.3328000000000000e+00
   &RSolv [&Type "Double"]       1.3000000000000000e+00
   &SurfaceType [&Type "String"] "GAUSSIAN VDW"
   &CPCMDielEnergy [&Type "Double"]      -1.7454076800000001e-01
   &NPoints [&Type "Integer"] 3089
   &SurfaceArea [&Type "Double"]       1.2369516147910001e+03
$End
$SCF_Timings
   &GeometryIndex 10
   &TOTAL [&Type "Double"]       8.6859534999999994e+01
   &PREP [&Type "Double"]       1.0268520000000001e+00
   &FOCK [&Type "Double"]       7.9863889999999998e+01
   &DENS [&Type "Double"]       2.3093999999998971e-01
   &ETOT [&Type "Double"]       1.3325799999999610e-01
   &TRAFO [&Type "Double"]       3.9700700000000921e-01
   &DIIS [&Type "Double"]       1.4368300000000023e+00
   &SOSCF [&Type "Double"]       9.4752700000000800e-01
   &XC [&Type "Double"]       8.5053450000000197e+00
   &FOCKSTART [&Type "Double"]       4.8067000000004523e-02
   &SOLV [&Type "Double"]       8.0263789999999915e+00
   &SOLV_INIT [&Type "Double"]       4.1196799999999995e-01
   &INT_PREP [&Type "Double"]       2.9999999995311555e-06
   &INT_BF [&Type "Double"]       1.2683950000000532e+00
   &INT_DENS [&Type "Double"]       2.0002889999997038e+00
   &INT_DENSIO [&Type "Double"]       1.6440436826800022e+05
   &INT_FUNC [&Type "Double"]       7.9669999999913088e-02
   &INT_POT [&Type "Double"]       1.4854860000000425e+00
   &INT_POTIO [&Type "Double"]       1.8380999999889625e-02
   &INT_SUM [&Type "Double"]       7.8600000000506043e-04
   &SPLITRIJ [&Type "Double"]       6.5042370000000087e+00
   &COSX [&Type "Double"]       6.0341241000000018e+01
$End
$VdW_Correction
   &GeometryIndex 10
   &vdW [&Type "Double"]      -4.0028482947318089e-02
$End
$Single_Point_Data
   &GeometryIndex 10
   &FinalEnergy [&Type "Double"]      -1.5304685642618761e+03  "Final single point energy"
   &Converged [&Type "Boolean"] true
$End
$SCF_Nuc_Gradient
   &GeometryIndex 10
   &NAtoms [&Type "Integer"] 37
   &gradNorm [&Type "Double"]       9.5725467970308020e-03
   &grad [&Type "ArrayOfDoubles", &Dim (111,1)] 
                                                         0

0                                      9.0886328469622860e-04
1                                      1.0537173279569429e-04
2                                     -1.3478960828120948e-03
3                                      2.5991560073332636e-04
4                                     -6.4078965287274155e-04
5                                      1.3773233177499947e-03
6                                     -5.5451110019348463e-04
7                                      6.4042560996508411e-04
8                                     -1.0519943323764509e-03
9                                     -1.4003395025488250e-04
10                                     1.1368486767778077e-04
11                                     9.6237078241330823e-04
12                                    -4.1287933450749056e-04
13                                    -3.8896698145671145e-04
14                                     2.0073049346697289e-04
15                                     1.1140015389604770e-04
16                                     2.9244531967594344e-04
17                                     3.9777442021936118e-05
18                                     6.0707299311387570e-04
19                                    -7.3623067049698458e-05
20                                     1.1233867754998944e-03
21                                    -8.3816239595548448e-04
22                                    -1.0847998212149470e-03
23                                    -1.7064371241176600e-03
24                                    -4.1308606467643560e-04
25                                     3.5946019038234783e-04
26                                     2.4049462882875800e-04
27                                     5.4336242045729336e-04
28                                    -8.9434707693131156e-04
29                                    -9.0623043080784724e-04
30                                     7.4705119834922332e-04
31                                     3.0099795326713825e-04
32                                    -1.7384647343844639e-04
33                                    -4.1834131263177130e-04
34                                    -9.8381223218520567e-04
35                                    -4.5260805443142531e-04
36                                     1.2064864543888049e-03
37                                     7.0183415802648104e-04
38                                     8.0149600865075824e-04
39                                     3.7087083413135571e-04
40                                    -6.0112567240211184e-04
41                                     1.7933069406782926e-06
42                                    -3.7243241431671441e-04
43                                    -3.5458101618225310e-04
44                                     4.5330658580552659e-04
45                                     3.8031571313551450e-04
46                                     4.0178072425620641e-04
47                                     9.2633596088153452e-05
48                                    -8.5399919940745868e-05
49                                    -2.7493863087560294e-03
50                                    -1.4316415993839465e-03
51                                     1.9869436901711092e-03
52                                     4.7619513378286359e-04
53                                    -1.0995200103944155e-03
54                                    -7.5441576470065992e-04
55                                     3.3133220188485317e-04
56                                     5.4433829953752413e-04
57                                    -2.9442120168955560e-03
58                                    -2.5140281779586025e-03
59                                     1.8218257736454988e-03
60                                     1.5560619462654864e-03
61                                     1.8199632814561444e-03
62                                    -1.2143174886112071e-05
63                                     1.0877024441467240e-03
64                                    -1.6785405955879586e-03
65                                     1.2332219500695387e-05
66                                    -1.7572393646036616e-03
67                                     3.6195986454896326e-03
68                                     1.0467702662190573e-03
69                                    -1.2228899476193861e-04
70                                     1.2053101968906451e-05
71                                     1.7742553505626854e-04
72                                     1.2221930379181106e-04
73                                    -1.7326033977374086e-05
74                                     6.6421296784578121e-05
75                                    -1.9728302914128132e-05
76                                     1.6772844467296798e-05
77                                     4.2856772666530039e-05
78                                     9.8013193787559877e-05
79                                     3.1796654546651932e-04
80                                    -9.5469912174502887e-05
81                                     3.2528182409375598e-04
82                                     2.7726702932734425e-04
83                                    -1.7290949834919438e-04
84                                    -8.9413890658926215e-04
85                                     6.8573857195218470e-04
86                                     4.0288215378736703e-04
87                                     8.8754237189638194e-05
88                                    -2.0404123784643788e-04
89                                     7.8411321947705141e-05
90                                     7.6392910932378055e-05
91                                     3.4920887355949107e-04
92                                     2.2842918035504122e-04
93                                    -6.5244681305682227e-04
94                                     2.3656070334644350e-04
95                                     1.2365739153979546e-04
96                                     1.8362601262336545e-04
97                                    -1.3923846562154734e-04
98                                    -1.7695952389777626e-04
99                                    -3.8895992976437777e-04
100                                    5.3830338827806135e-05
101                                   -4.2596819325650985e-04
102                                    3.7474554378504174e-04
103                                   -1.2931704341188525e-04
104                                    3.3345074430951593e-04
105                                   -9.5818381066132435e-04
106                                    6.4132604443997579e-04
107                                    2.4028231801484832e-04
108                                    6.9138067874474456e-04
109                                    7.0010952108542402e-04
110                                   -1.3587717945024670e-03
   &Method [&Type "String"] "SCF"
   &Level [&Type "String"] "Relaxed density"
   &Mult [&Type "Integer"] 1
   &State [&Type "Integer"] 0
   &Irrep [&Type "Integer"] 0
$End
$Geometry
   &GeometryIndex 11
   &NAtoms [&Type "Integer"] 37
   &NCorelessECP [&Type "Integer"] 0
   &NGhostAtoms [&Type "Integer"] 0
   &CartesianCoordinates [&Type "Coordinates", &Dim(37,4), &Units "Bohr"] 
              P     -8.145188144350   -2.356327515022    0.403820445318
              O    -10.231509522308   -0.815913022562   -0.685773725281
              O     -8.583782942207   -4.072616202783    2.584807758358
              O     -6.924671697520   -3.915407302679   -1.926698238591
              O     -5.842667763353   -0.525487876589    1.253227458489
              C     -5.017517361859    1.379718946278   -0.429212649737
              C     -2.880362159581    2.814554674225    0.783296219166
              O     -0.824287154142    1.109173049592    1.291471066379
              C     -1.829340682195    4.898452832334   -0.906534035189
              O     -1.260595898117    7.016165912424    0.598465492421
              C      0.600906589149    3.707007992513   -1.928319806296
              O      2.467305392947    5.456066280427   -2.592171845311
              C      1.415440994969    2.152800638796    0.350170845642
              N      3.135156245032    0.120325688125   -0.217962962141
              C      2.680707534358   -1.933104069285   -1.732968654733
              N      4.614215214426   -3.456458058972   -1.913794850151
              C      6.430306348393   -2.351468914615   -0.447761353677
              C      8.923045280461   -3.071456349184    0.090458928187
              N     10.051460308298   -5.092448669813   -0.805296049749
              N     10.132238995112   -1.476900215756    1.704928400450
              C      9.103701759574    0.694790548195    2.625428232089
              N      6.824845506701    1.449087008943    2.159998540555
              C      5.545831140033   -0.120518650854    0.628685689591
              H     -5.796505188119   -5.212872173983   -1.326525763173
              H     -4.373804243985    0.536156859545   -2.209900599038
              H     -6.559917571092    2.695802292213   -0.839332782370
              H     -3.513257999490    3.636720625171    2.571395130539
              H     -3.135306809586    5.397829056699   -2.432974290422
              H     -0.058974988883    8.031214780569   -0.326491385807
              H      0.151261477284    2.435769664116   -3.496487414863
              H      2.333001195711    5.822108148700   -4.368730914008
              H      2.367978237291    3.369121982688    1.727667313950
              H      0.871622362580   -2.213604310157   -2.635361624444
              H      9.107692697374   -6.214425887925   -2.022175152741
              H     11.860980750200   -5.517205563374   -0.385329566567
              H     10.328575678306    1.808757032906    3.827945919932
              H     11.967767453226   -1.822867003480    2.135230701387
$End
$SCF_Energy
   &GeometryIndex 11
   &Method [&Type "String"] "SCF"
   &totalEnergy [&Type "ArrayOfDoubles", &Dim (1,1)] "Total energy of each state"
                                                         0

0                                     -1.5304288389690071e+03
   &Mult [&Type "ArrayOfIntegers", &Dim (1,1)] "Multiplicity of each state"
                                                         0

0                                                        1
$End
$DFT_Energy
   &GeometryIndex 11
   &nAlphaEl [&Type "Integer"] 90
   &nBetaEl [&Type "Integer"] 90
   &nTotalEl [&Type "Integer"] 179
   &finalEn [&Type "Double"]      -1.5304288389690071e+03  "No Van der Waals correction"
   &eExchange [&Type "Double"]      -1.2773699880491084e+02
   &eCorr [&Type "Double"]      -6.2556572338219381e+00
   &eXC [&Type "Double"]      -1.3399265603873278e+02
   &eCNL [&Type "Double"]       0.0000000000000000e+00
$End
$Solvation_Details
   &GeometryIndex 11
   &Solvent [&Type "String"] "WATER"
   &Epsilon [&Type "Double"]       8.0150999999999996e+01
   &Refrac [&Type "Double"]       1.3328000000000000e+00
   &RSolv [&Type "Double"]       1.3000000000000000e+00
   &SurfaceType [&Type "String"] "GAUSSIAN VDW"
   &CPCMDielEnergy [&Type "Double"]      -1.7416708200000000e-01
   &NPoints [&Type "Integer"] 3074
   &SurfaceArea [&Type "Double"]       1.2396598907729999e+03
$End
$SCF_Timings
   &GeometryIndex 11
   &TOTAL [&Type "Double"]       9.2879338000000004e+01
   &PREP [&Type "Double"]       7.3304599999999998e-01
   &FOCK [&Type "Double"]       8.4992909999999995e+01
   &DENS [&Type "Double"]       2.7309799999999029e-01
   &ETOT [&Type "Double"]       1.4867899999998357e-01
   &TRAFO [&Type "Double"]       4.3921599999999472e-01
   &DIIS [&Type "Double"]       1.9453780000000016e+00
   &SOSCF [&Type "Double"]       1.3320959999999999e+00
   &XC [&Type "Double"]       9.3552400000000162e+00
   &FOCKSTART [&Type "Double"]       5.0677000000018180e-02
   &SOLV [&Type "Double"]       9.0584310000000006e+00
   &SOLV_INIT [&Type "Double"]       2.2429100000000002e-01
   &INT_PREP [&Type "Double"]       3.0000000030838692e-06
   &INT_BF [&Type "Double"]       1.7895659999998532e+00
   &INT_DENS [&Type "Double"]       2.8127570000001825e+00
   &INT_DENSIO [&Type "Double"]       1.9377392889800027e+05
   &INT_FUNC [&Type "Double"]       1.0207899999982928e-01
   &INT_POT [&Type "Double"]       2.0682290000000716e+00
   &INT_POTIO [&Type "Double"]       2.4085999999954311e-02
   &INT_SUM [&Type "Double"]       1.2549999999702521e-03
   &SPLITRIJ [&Type "Double"]       6.9524600000000234e+00
   &COSX [&Type "Double"]       6.2960203000000014e+01
$End
$VdW_Correction
   &GeometryIndex 11
   &vdW [&Type "Double"]      -4.0187934730049994e-02
$End
$Single_Point_Data
   &GeometryIndex 11
   &FinalEnergy [&Type "Double"]      -1.5304690269037371e+03  "Final single point energy"
   &Converged [&Type "Boolean"] true
$End
$SCF_Nuc_Gradient
   &GeometryIndex 11
   &NAtoms [&Type "Integer"] 37
   &gradNorm [&Type "Double"]       1.1260266031906037e-02
   &grad [&Type "ArrayOfDoubles", &Dim (111,1)] 
                                                         0

0                                      3.3885316562241169e-03
1                                     -5.4080977366276163e-04
2                                     -1.0077575579100738e-03
3                                     -4.3652191380381131e-04
4                                      5.2269051378895140e-05
5                                      1.3824425328686871e-03
6                                     -5.9535607314443410e-04
7                                      8.9092015628105387e-04
8                                     -1.6560306955956711e-03
9                                     -3.9162996369901919e-04
10                                     1.2234924391500296e-03
11                                     2.6336441267497943e-03
12                                    -1.8761100766979165e-03
13                                    -1.9991940068210330e-03
14                                    -1.1600628050656560e-03
15                                     1.9113316832607326e-04
16                                     7.1051185588463404e-04
17                                    -1.2937146255580779e-04
18                                     1.1499456501463461e-03
19                                     2.4699434467744793e-04
20                                     1.5168295909033199e-03
21                                    -1.1071391743343983e-03
22                                    -1.2392120611467484e-03
23                                    -2.0021066485788356e-03
24                                    -4.6008303390507641e-04
25                                     5.1919991240689453e-04
26                                     4.7365581023848299e-04
27                                     5.4293676907780268e-04
28                                    -1.1287263059620344e-03
29                                    -9.9945273582178074e-04
30                                     5.9439565071942057e-04
31                                     5.1879579431940112e-04
32                                    -6.8730767424762302e-05
33                                    -7.5407804075941335e-04
34                                    -6.6799561301449887e-04
35                                    -4.6041229462865914e-04
36                                     1.2084019744310445e-03
37                                     4.9028253287332834e-04
38                                     5.5408151256287918e-04
39                                     3.4246980320027385e-04
40                                    -5.4549546844728488e-04
41                                     1.0837659944643685e-03
42                                    -4.1153989249416347e-04
43                                     5.5182185287802024e-04
44                                    -1.9079273571907286e-05
45                                     5.7791469743496244e-04
46                                    -2.6624342120843683e-05
47                                     2.9169800923011283e-04
48                                    -7.9865428805267914e-04
49                                    -2.5851942202676868e-03
50                                    -1.2376617814866848e-03
51                                     1.0037805243301946e-03
52                                     4.1301125271078941e-05
53                                    -2.6008979338143423e-03
54                                    -2.3708157450319549e-04
55                                     2.5496473726164539e-04
56                                     6.2511870999024859e-04
57                                    -1.7699705059270624e-03
58                                    -3.4742903322605373e-03
59                                     3.1465637250277447e-03
60                                     6.0025697999958839e-04
61                                     2.6518854128152925e-03
62                                    -1.8840356299722592e-04
63                                     1.4358474408979903e-03
64                                    -7.7176155231525878e-04
65                                     7.4207699331268421e-04
66                                    -1.2393547036708753e-03
67                                     2.5516049915768023e-03
68                                     3.9306657275055127e-04
69                                    -2.3979186013215113e-04
70                                    -3.2833504833360190e-05
71                                     7.3821832401884790e-05
72                                     2.9768830191262533e-04
73                                    -1.6365970366771643e-04
74                                     1.2697926363683132e-04
75                                    -7.5063013295944908e-05
76                                    -7.6693427103155447e-05
77                                     1.6170168478384924e-04
78                                    -2.1461761410378378e-04
79                                     3.1032297850331009e-04
80                                    -2.0709736399247605e-04
81                                     2.3714179867741922e-04
82                                     2.2875169065050946e-04
83                                    -2.1095004842383293e-04
84                                    -6.4637131233996658e-04
85                                     3.5661795692250005e-04
86                                     5.9461276986349620e-04
87                                     3.4421453128626191e-04
88                                    -1.4755398826073841e-04
89                                    -2.2493916669443751e-05
90                                     1.1551577431024541e-04
91                                    -4.8397564119075445e-05
92                                     2.0136865024390901e-05
93                                    -5.7951121920431995e-04
94                                     4.7008373965808770e-04
95                                    -8.6505156067018886e-05
96                                     2.4043126305232180e-04
97                                    -3.6978231505841092e-04
98                                    -1.8918989683412349e-04
99                                    -7.3936639225641841e-04
100                                    1.4104732260112338e-04
101                                   -6.1995537921842082e-04
102                                    6.5102196254990892e-04
103                                    1.4674159238084068e-04
104                                    4.3304962367712863e-04
105                                   -1.0766666336148338e-03
106                                    1.2101367680051839e-03
107                                   -1.1652025411679200e-04
108                                    7.2727934940914501e-04
109                                    2.5047793617497720e-04
110                                   -1.2705660697510280e-03
   &Method [&Type "String"] "SCF"
   &Level [&Type "String"] "Relaxed density"
   &Mult [&Type "Integer"] 1
   &State [&Type "Integer"] 0
   &Irrep [&Type "Integer"] 0
$End
$Geometry
   &GeometryIndex 12
   &NAtoms [&Type "Integer"] 37
   &NCorelessECP [&Type "Integer"] 0
   &NGhostAtoms [&Type "Integer"] 0
   &CartesianCoordinates [&Type "Coordinates", &Dim(37,4), &Units "Bohr"] 
              P     -7.854003490518   -2.530010539926    0.339707607889
              O     -9.955216437145   -1.192515205473   -0.972558269295
              O     -8.328391778489   -4.174044250241    2.568950889891
              O     -6.363636402759   -4.095429743128   -1.821815764049
              O     -5.747255110899   -0.509862422787    1.250345477359
              C     -4.945678139462    1.394053478805   -0.443275698169
              C     -2.907640361017    2.935448431970    0.815575955806
              O     -0.807216145549    1.318381989194    1.427264329582
              C     -1.873337948242    5.013277288331   -0.880994228470
              O     -1.257967223765    7.132175341176    0.606635866979
              C      0.538417337402    3.813750834526   -1.928831202597
              O      2.383927189839    5.573271846035   -2.634490908731
              C      1.404622790938    2.296074231547    0.357890514175
              N      3.068217166327    0.218731035047   -0.220489354235
              C      2.539163950886   -1.833274217052   -1.712742261510
              N      4.422410500869   -3.418212449057   -1.894389469502
              C      6.279973299988   -2.360838655727   -0.442739032070
              C      8.750667061432   -3.156647176844    0.087531974807
              N      9.823632699600   -5.207511605007   -0.808689020595
              N     10.015116002254   -1.595258986898    1.695654584512
              C      9.059872223584    0.618805101955    2.597147271490
              N      6.808545101071    1.450481680504    2.128152646181
              C      5.473154742039   -0.099010671150    0.620714286772
              H     -5.192844346949   -5.281919895020   -1.088652139669
              H     -4.205473127786    0.540266380795   -2.180879967264
              H     -6.527536407920    2.633518323406   -0.933725160277
              H     -3.633949994142    3.759346288701    2.566312737667
              H     -3.200211106496    5.517944616413   -2.387796141724
              H      0.055899082537    8.036410888518   -0.284591205069
              H      0.070670676015    2.532236593542   -3.481872531904
              H      2.259658287028    5.876096217201   -4.423471967085
              H      2.439408601115    3.528754049568    1.659057703526
              H      0.714586807700   -2.068299036538   -2.597459992317
              H      8.843804247948   -6.316190747759   -2.008959266090
              H     11.630940021099   -5.661617106662   -0.411409701596
              H     10.332764424744    1.701665955937    3.778586164037
              H     11.821256841363   -2.027505636478    2.167499749709
$End
$SCF_Energy
   &GeometryIndex 12
   &Method [&Type "String"] "SCF"
   &totalEnergy [&Type "ArrayOfDoubles", &Dim (1,1)] "Total energy of each state"
                                                         0

0                                     -1.5304290920039443e+03
   &Mult [&Type "ArrayOfIntegers", &Dim (1,1)] "Multiplicity of each state"
                                                         0

0                                                        1
$End
$DFT_Energy
   &GeometryIndex 12
   &nAlphaEl [&Type "Integer"] 90
   &nBetaEl [&Type "Integer"] 90
   &nTotalEl [&Type "Integer"] 180
   &finalEn [&Type "Double"]      -1.5304290920039443e+03  "No Van der Waals correction"
   &eExchange [&Type "Double"]      -1.2773659465264137e+02
   &eCorr [&Type "Double"]      -6.2559580095099090e+00
   &eXC [&Type "Double"]      -1.3399255266215127e+02
   &eCNL [&Type "Double"]       0.0000000000000000e+00
$End
$Solvation_Details
   &GeometryIndex 12
   &Solvent [&Type "String"] "WATER"
   &Epsilon [&Type "Double"]       8.0150999999999996e+01
   &Refrac [&Type "Double"]       1.3328000000000000e+00
   &RSolv [&Type "Double"]       1.3000000000000000e+00
   &SurfaceType [&Type "String"] "GAUSSIAN VDW"
   &CPCMDielEnergy [&Type "Double"]      -1.7348143699999999e-01
   &NPoints [&Type "Integer"] 3071
   &SurfaceArea [&Type "Double"]       1.2379497790999999e+03
$End
$SCF_Timings
   &GeometryIndex 12
   &TOTAL [&Type "Double"]       9.6086061000000001e+01
   &PREP [&Type "Double"]       8.2444499999999998e-01
   &FOCK [&Type "Double"]       8.8758478999999994e+01
   &DENS [&Type "Double"]       2.4068100000000925e-01
   &ETOT [&Type "Double"]       1.4553500000000952e-01
   &TRAFO [&Type "Double"]       4.3708599999999720e-01
   &DIIS [&Type "Double"]       1.5600339999999946e+00
   &SOSCF [&Type "Double"]       1.0753879999999985e+00
   &XC [&Type "Double"]       9.2282340000000200e+00
   &FOCKSTART [&Type "Double"]       4.3804999999997873e-02
   &SOLV [&Type "Double"]       8.9616119999999881e+00
   &SOLV_INIT [&Type "Double"]       2.9724700000000004e-01
   &SOLV_FINAL [&Type "Double"]       9.9999999747524271e-07
   &INT_PREP [&Type "Double"]       2.9999999959784418e-06
   &INT_BF [&Type "Double"]       1.3791919999997955e+00
   &INT_DENS [&Type "Double"]       2.0593090000000007e+00
   &INT_DENSIO [&Type "Double"]       1.9709538378400027e+05
   &INT_FUNC [&Type "Double"]       8.4940000000068849e-02
   &INT_POT [&Type "Double"]       1.4635880000001329e+00
   &INT_POTIO [&Type "Double"]       1.9758999999911708e-02
   &INT_SUM [&Type "Double"]       1.9810000000042294e-03
   &SPLITRIJ [&Type "Double"]       7.2052439999999862e+00
   &COSX [&Type "Double"]       6.6868673999999999e+01
$End
$VdW_Correction
   &GeometryIndex 12
   &vdW [&Type "Double"]      -4.0403907474255811e-02
$End
$Single_Point_Data
   &GeometryIndex 12
   &FinalEnergy [&Type "Double"]      -1.5304694959114186e+03  "Final single point energy"
   &Converged [&Type "Boolean"] true
$End
$SCF_Nuc_Gradient
   &GeometryIndex 12
   &NAtoms [&Type "Integer"] 37
   &gradNorm [&Type "Double"]       1.1224544630597971e-02
   &grad [&Type "ArrayOfDoubles", &Dim (111,1)] 
                                                         0

0                                      4.1948355294233273e-03
1                                     -6.2604525517888365e-04
2                                      8.7496236325445409e-05
3                                     -1.3870579239186806e-03
4                                      6.7921071905603625e-04
5                                      2.3175251336207065e-04
6                                     -2.3727946541949105e-04
7                                      5.6312307480263870e-04
8                                     -1.1915680542174407e-03
9                                     -5.1013964613185478e-04
10                                     1.9532493803698691e-03
11                                     3.2878397875601012e-03
12                                    -1.9835645648229889e-03
13                                    -3.0189178462096361e-03
14                                    -2.4585165387740015e-03
15                                     2.0757572941263120e-04
16                                     7.4193365349861271e-04
17                                    -3.6302459322314551e-05
18                                     1.2828617742123888e-03
19                                     8.7859698367016891e-04
20                                     1.5821676881021636e-03
21                                    -9.7071987914835816e-04
22                                    -1.7362595083033516e-03
23                                    -2.1064550369194264e-03
24                                    -3.0850416777644158e-04
25                                     1.7725512565791785e-04
26                                     4.3479689516587615e-04
27                                     2.3145324020294028e-04
28                                    -7.4004911890326603e-04
29                                    -5.0529737493402072e-04
30                                     2.8404679329951997e-04
31                                     6.2221067801980132e-04
32                                     9.6767112677479994e-05
33                                    -7.2907994761212689e-04
34                                     1.9617843148360170e-04
35                                    -4.3061105802790650e-04
36                                     8.2374868107469644e-04
37                                     2.2452738985594728e-04
38                                     9.8829098337388944e-05
39                                     1.8406225153859651e-04
40                                     3.0623220998358757e-04
41                                     1.4613138068755318e-03
42                                    -4.1307949397958402e-04
43                                     8.2113910054554652e-04
44                                     1.2220973130744827e-04
45                                     5.8016091692286449e-04
46                                    -3.1820337989816417e-04
47                                    -1.9620305096494640e-05
48                                    -1.1406324415097725e-03
49                                    -8.5730100066861705e-04
50                                    -4.2949970560676270e-04
51                                    -5.4575423803063694e-04
52                                    -4.8848404531171442e-04
53                                    -3.2029105394734735e-03
54                                     3.8045629154975557e-04
55                                     5.0116406638369169e-05
56                                     3.5734028314660766e-04
57                                     2.3346182802296057e-04
58                                    -2.9395388046068545e-03
59                                     3.3393783320504978e-03
60                                    -6.8558034892473967e-04
61                                     2.4414876298706478e-03
62                                    -4.1485257316091928e-04
63                                     1.1466331257376423e-03
64                                     8.1323683420124991e-04
65                                     1.2167993287388365e-03
66                                    -2.6665250328889508e-04
67                                    -4.4781204015936283e-04
68                                    -1.4008458010243897e-04
69                                    -2.8215487791220144e-04
70                                    -8.0682428084787478e-05
71                                    -1.1256323915385198e-04
72                                     3.6393804776564339e-04
73                                    -2.8954285675083228e-04
74                                     2.4125247020939536e-04
75                                    -1.3814356247151806e-04
76                                    -7.9255942066030341e-05
77                                     1.8704262557423318e-04
78                                    -3.9397367998456279e-04
79                                     3.2191069066765904e-04
80                                    -2.6459224973242399e-04
81                                     5.7118188460558538e-05
82                                     1.2473406760514215e-04
83                                    -1.7398400602698080e-04
84                                    -3.0350075267942672e-06
85                                    -1.6819528792766568e-04
86                                     2.8609918037302923e-04
87                                     1.1143020328183693e-04
88                                    -1.2687592405191515e-04
89                                    -8.3242053841912726e-06
90                                     1.4532719390822899e-04
91                                    -3.9493918934237128e-04
92                                     2.4546108611654980e-05
93                                    -2.3436210740638479e-04
94                                     4.9164829553270055e-04
95                                    -3.2596274390206550e-04
96                                     2.2756162325314461e-04
97                                    -4.2596864592432009e-04
98                                    -6.9996954623821261e-05
99                                    -7.5740679135731851e-04
100                                    1.3736162922303014e-04
101                                   -5.1526640899496247e-04
102                                    6.1457565374188334e-04
103                                    3.4476167869503611e-04
104                                    2.7291617686489290e-04
105                                   -5.8348526376479453e-04
106                                    1.1674747741211009e-03
107                                   -4.3306942784055347e-04
108                                    5.0135888689907667e-04
109                                   -3.1831746737227292e-04
110                                   -4.8906989658677169e-04
   &Method [&Type "String"] "SCF"
   &Level [&Type "String"] "Relaxed density"
   &Mult [&Type "Integer"] 1
   &State [&Type "Integer"] 0
   &Irrep [&Type "Integer"] 0
$End
$Geometry
   &GeometryIndex 13
   &NAtoms [&Type "Integer"] 37
   &NCorelessECP [&Type "Integer"] 0
   &NGhostAtoms [&Type "Integer"] 0
   &CartesianCoordinates [&Type "Coordinates", &Dim(37,4), &Units "Bohr"] 
              P     -7.645523596768   -2.653739543793    0.283009072263
              O     -9.734835067880   -1.465603901104   -1.183987356503
              O     -8.144237065245   -4.259115524021    2.536582409861
              O     -5.967573860262   -4.192917639261   -1.764153676951
              O     -5.693974175002   -0.500187101005    1.243217747696
              C     -4.901070211809    1.394407160537   -0.462250746067
              C     -2.932943045418    3.007653661451    0.820648746604
              O     -0.808957652013    1.456535495520    1.520258724619
              C     -1.905720400532    5.080382403134   -0.882180543353
              O     -1.336146512201    7.230658685312    0.582923678961
              C      0.531298860282    3.901313878203   -1.895113884346
              O      2.376020385118    5.678597983794   -2.565781364071
              C      1.394243592688    2.383927735715    0.394415366545
              N      3.014589019108    0.271789851514   -0.196991081454
              C      2.417272101505   -1.792406350936   -1.645516750705
              N      4.262931556049   -3.420072819618   -1.833028831526
              C      6.169283494071   -2.376907720726   -0.430849724109
              C      8.628418506208   -3.221479140840    0.074946700717
              N      9.644270041514   -5.312349856057   -0.795911482585
              N      9.961103116664   -1.649933042640    1.615200356084
              C      9.057894262956    0.583336001573    2.514232036681
              N      6.817112932916    1.460157096777    2.070530742202
              C      5.427925946085   -0.086273652108    0.607533206520
              H     -4.743831326823   -5.266599047461   -0.947415094141
              H     -4.097003989298    0.532142386214   -2.166787256573
              H     -6.501380262949    2.582715145342   -1.015355316140
              H     -3.721618205226    3.838601250568    2.540602308155
              H     -3.225960925625    5.546771988972   -2.406734339464
              H      0.002552059920    8.113445344248   -0.295716773815
              H      0.093708284876    2.626253206923   -3.461649236775
              H      2.258307450829    6.006432573540   -4.351123931919
              H      2.481979512891    3.603587992878    1.664768945627
              H      0.569532796910   -2.002002237584   -2.488685613295
              H      8.614929418862   -6.447032000870   -1.926883634181
              H     11.450012300506   -5.790993817036   -0.425196828585
              H     10.380553747043    1.640560538171    3.664408598251
              H     11.743187944689   -2.139114757901    2.115229303937
$End
$SCF_Energy
   &GeometryIndex 13
   &Method [&Type "String"] "SCF"
   &totalEnergy [&Type "ArrayOfDoubles", &Dim (1,1)] "Total energy of each state"
                                                         0

0                                     -1.5304293434053016e+03
   &Mult [&Type "ArrayOfIntegers", &Dim (1,1)] "Multiplicity of each state"
                                                         0

0                                                        1
$End
$DFT_Energy
   &GeometryIndex 13
   &nAlphaEl [&Type "Integer"] 89
   &nBetaEl [&Type "Integer"] 89
   &nTotalEl [&Type "Integer"] 179
   &finalEn [&Type "Double"]      -1.5304293434053016e+03  "No Van der Waals correction"
   &eExchange [&Type "Double"]      -1.2773442812275849e+02
   &eCorr [&Type "Double"]      -6.2557184888025397e+00
   &eXC [&Type "Double"]      -1.3399014661156102e+02
   &eCNL [&Type "Double"]       0.0000000000000000e+00
$End
$Solvation_Details
   &GeometryIndex 13
   &Solvent [&Type "String"] "WATER"
   &Epsilon [&Type "Double"]       8.0150999999999996e+01
   &Refrac [&Type "Double"]       1.3328000000000000e+00
   &RSolv [&Type "Double"]       1.3000000000000000e+00
   &SurfaceType [&Type "String"] "GAUSSIAN VDW"
   &CPCMDielEnergy [&Type "Double"]      -1.7293982199999999e-01
   &NPoints [&Type "Integer"] 3079
   &SurfaceArea [&Type "Double"]       1.2364972377490001e+03
$End
$SCF_Timings
   &GeometryIndex 13
   &TOTAL [&Type "Double"]       8.5158985000000001e+01
   &PREP [&Type "Double"]       7.3882800000000004e-01
   &FOCK [&Type "Double"]       7.7291171999999989e+01
   &DENS [&Type "Double"]       2.2195000000002096e-01
   &ETOT [&Type "Double"]       1.3048700000000579e-01
   &POP [&Type "Double"]       9.9999999747524271e-07
   &TRAFO [&Type "Double"]       6.4457200000000370e-01
   &DIIS [&Type "Double"]       1.6879270000000073e+00
   &SOSCF [&Type "Double"]       1.1922209999999964e+00
   &XC [&Type "Double"]       7.9512019999999879e+00
   &FOCKSTART [&Type "Double"]       4.0475999999999956e-02
   &SOLV [&Type "Double"]       8.2844490000000057e+00
   &SOLV_INIT [&Type "Double"]       2.3400299999999996e-01
   &INT_PREP [&Type "Double"]       4.0000000076645392e-06
   &INT_BF [&Type "Double"]       1.3912469999999431e+00
   &INT_DENS [&Type "Double"]       2.0187789999999985e+00
   &INT_DENSIO [&Type "Double"]       1.6104463027000026e+05
   &INT_FUNC [&Type "Double"]       8.4948000000011348e-02
   &INT_POT [&Type "Double"]       1.6452850000000936e+00
   &INT_POTIO [&Type "Double"]       1.7649000000027115e-02
   &INT_SUM [&Type "Double"]       1.3830000000023546e-03
   &SPLITRIJ [&Type "Double"]       6.3733829999999987e+00
   &COSX [&Type "Double"]       5.8374031000000002e+01
$End
$VdW_Correction
   &GeometryIndex 13
   &vdW [&Type "Double"]      -4.0573094557253622e-02
$End
$Single_Point_Data
   &GeometryIndex 13
   &FinalEnergy [&Type "Double"]      -1.5304699164998588e+03  "Final single point energy"
   &Converged [&Type "Boolean"] true
$End
$SCF_Nuc_Gradient
   &GeometryIndex 13
   &NAtoms [&Type "Integer"] 37
   &gradNorm [&Type "Double"]       9.0826711347875011e-03
   &grad [&Type "ArrayOfDoubles", &Dim (111,1)] 
                                                         0

0                                      2.7067888117358191e-03
1                                     -2.0751278707206527e-04
2                                      1.3734742145641752e-03
3                                     -1.2484873321356792e-03
4                                      7.3859815970039281e-04
5                                     -1.0777277741630235e-03
6                                      1.2987581193001351e-04
7                                     -3.9640191719402445e-05
8                                      1.0905864757859075e-05
9                                     -4.8687330454327983e-04
10                                     1.5171174394646460e-03
11                                     1.6873961806046808e-03
12                                    -1.0440527891299900e-03
13                                    -2.0921938236286648e-03
14                                    -2.2877180118360567e-03
15                                    -1.6188414535501209e-04
16                                     4.9593390226097453e-04
17                                     2.9982381733479143e-04
18                                     8.2081614618902913e-04
19                                     8.3902622983766928e-04
20                                     8.2948017258841367e-04
21                                    -5.2929559229675314e-04
22                                    -1.8311996712554832e-03
23                                    -1.4319219150315920e-03
24                                    -5.5565106461514572e-05
25                                    -4.3792704105918135e-04
26                                     4.6709127450879565e-05
27                                    -2.4920143679477385e-04
28                                     2.8834029533619110e-04
29                                     3.2704805173475101e-04
30                                     2.5238357900842363e-04
31                                     3.6954816966738261e-04
32                                    -8.8091334155749695e-05
33                                    -1.4342585009535769e-04
34                                     5.6844142087516180e-04
35                                    -8.1484200342326788e-05
36                                     2.6371480006658440e-05
37                                    -4.4451687496397666e-05
38                                    -2.4145029291030787e-04
39                                    -2.8005189286005864e-04
40                                     8.8844153248914719e-04
41                                     1.3638938259997221e-03
42                                    -5.2110205155038100e-05
43                                     8.0624779467747135e-04
44                                    -1.5163497090611407e-04
45                                     2.1297173268352323e-04
46                                    -5.1544289878083975e-04
47                                    -2.0161417161016569e-04
48                                    -7.1884731006016818e-04
49                                     1.4388567286850544e-03
50                                     7.2539095837190941e-04
51                                    -1.4419858109239586e-03
52                                    -7.4925513411864229e-04
53                                    -1.9131577050166635e-03
54                                     7.2657090489363610e-04
55                                     8.7015660179150841e-06
56                                    -1.3066764529440041e-05
57                                     2.0876532498482784e-03
58                                    -1.1761334618495360e-03
59                                     1.9058099692614251e-03
60                                    -1.5171892383503425e-03
61                                     8.0881497864234060e-04
62                                    -5.6540127822804725e-04
63                                     2.0420855612721269e-04
64                                     1.9261562492320806e-03
65                                     8.8806797225682711e-04
66                                     8.6465384352028612e-04
67                                    -3.1370422983121411e-03
68                                    -8.1239111184032865e-04
69                                    -1.4632658691218263e-04
70                                    -1.1413713532158344e-04
71                                    -1.5270923148015300e-04
72                                     2.9917102527139087e-04
73                                    -1.9509753149875755e-04
74                                     3.5716323518051641e-04
75                                    -1.4142917993426369e-04
76                                    -2.2401737920556129e-04
77                                     7.3117694917395612e-05
78                                    -2.6663306252667189e-04
79                                     3.1742990875875839e-04
80                                    -1.7436556510049223e-04
81                                    -5.6087786299039544e-05
82                                    -2.1663760560589089e-05
83                                     1.3114842311377030e-05
84                                     3.0095176990880949e-04
85                                    -1.6199913551512434e-04
86                                    -2.5388167043262041e-04
87                                    -2.0276864765600674e-04
88                                    -3.9660055413548556e-05
89                                     8.0973887799033154e-05
90                                     6.4574757281870467e-05
91                                    -3.6372471811449842e-04
92                                     4.7389588307865046e-05
93                                     2.0994607573842348e-04
94                                     2.9327987248007080e-04
95                                    -3.6962340210765264e-04
96                                     7.5404330766948958e-05
97                                    -3.4054408900336677e-04
98                                     8.9458537127276464e-05
99                                    -3.6881524902684411e-04
100                                    4.5235317779841391e-05
101                                   -6.0845907384714015e-05
102                                    2.5257483290365375e-04
103                                    3.6896219882041751e-04
104                                   -1.2147596722782527e-04
105                                    2.4039141200057386e-04
106                                    3.3999268177504853e-04
107                                   -4.9971592756051469e-04
108                                   -3.6427775850097642e-04
109                                   -3.6748163614509695e-04
110                                    3.7905926897570895e-04
   &Method [&Type "String"] "SCF"
   &Level [&Type "String"] "Relaxed density"
   &Mult [&Type "Integer"] 1
   &State [&Type "Integer"] 0
   &Irrep [&Type "Integer"] 0
$End
$Geometry
   &GeometryIndex 14
   &NAtoms [&Type "Integer"] 37
   &NCorelessECP [&Type "Integer"] 0
   &NGhostAtoms [&Type "Integer"] 0
   &CartesianCoordinates [&Type "Coordinates", &Dim(37,4), &Units "Bohr"] 
              P     -7.313799576145   -2.824388761276    0.173412617534
              O     -9.362456986286   -1.831500025156   -1.481722988479
              O     -7.857670244060   -4.405893385366    2.434946223190
              O     -5.382802743495   -4.286605185683   -1.711173053403
              O     -5.601481822528   -0.503953138473    1.216412227665
              C     -4.824494857208    1.396708658774   -0.488224791083
              C     -2.969051830736    3.107710583122    0.838579231871
              O     -0.815575613989    1.662531023194    1.666140331552
              C     -1.947411511465    5.177771474825   -0.863896937551
              O     -1.402025871278    7.346335883195    0.586092689021
              C      0.500981318370    4.003366953466   -1.850891653763
              O      2.344500040520    5.786087207149   -2.518249714298
              C      1.372154826423    2.507976793765    0.451862478455
              N      2.926913113491    0.344071285896   -0.149072526847
              C      2.231286150328   -1.739177860047   -1.524060672542
              N      4.023593442958   -3.423730072223   -1.718676184233
              C      6.000628869549   -2.398378577703   -0.400024863126
              C      8.445840936481   -3.303661649553    0.064913302469
              N      9.370156041741   -5.457827773675   -0.754359826447
              N      9.875863143450   -1.715761144709    1.490749877163
              C      9.054010815040    0.545816990816    2.381377012485
              N      6.822189158239    1.473212047059    1.988288418709
              C      5.351961711149   -0.063448375837    0.597858969163
              H     -4.118264242266   -5.212542273764   -0.782213953356
              H     -3.928285297927    0.545734060468   -2.152463753729
              H     -6.449038550676    2.511254509353   -1.119351885731
              H     -3.854064118882    3.938063384521    2.510488006692
              H     -3.262662248077    5.622685044973   -2.399018686185
              H     -0.020244403660    8.190912634749   -0.264490428973
              H      0.080388325271    2.721910358156   -3.416170329022
              H      2.229386439186    6.113922085246   -4.304355827742
              H      2.531641634448    3.717741204123    1.666797975338
              H      0.353425044646   -1.912461088634   -2.308647413167
              H      8.269804206909   -6.616759077408   -1.787603508250
              H     11.166166514515   -5.985261540079   -0.408056774387
              H     10.441937462450    1.575684203074    3.478415670507
              H     11.652851758154   -2.245604228911    1.963585218662
$End
$SCF_Energy
   &GeometryIndex 14
   &Method [&Type "String"] "SCF"
   &totalEnergy [&Type "ArrayOfDoubles", &Dim (1,1)] "Total energy of each state"
                                                         0

0                                     -1.5304294383753092e+03
   &Mult [&Type "ArrayOfIntegers", &Dim (1,1)] "Multiplicity of each state"
                                                         0

0                                                        1
$End
$DFT_Energy
   &GeometryIndex 14
   &nAlphaEl [&Type "Integer"] 90
   &nBetaEl [&Type "Integer"] 90
   &nTotalEl [&Type "Integer"] 179
   &finalEn [&Type "Double"]      -1.5304294383753092e+03  "No Van der Waals correction"
   &eExchange [&Type "Double"]      -1.2773325280359306e+02
   &eCorr [&Type "Double"]      -6.2558985490593200e+00
   &eXC [&Type "Double"]      -1.3398915135265239e+02
   &eCNL [&Type "Double"]       0.0000000000000000e+00
$End
$Solvation_Details
   &GeometryIndex 14
   &Solvent [&Type "String"] "WATER"
   &Epsilon [&Type "Double"]       8.0150999999999996e+01
   &Refrac [&Type "Double"]       1.3328000000000000e+00
   &RSolv [&Type "Double"]       1.3000000000000000e+00
   &SurfaceType [&Type "String"] "GAUSSIAN VDW"
   &CPCMDielEnergy [&Type "Double"]      -1.7167640300000001e-01
   &NPoints [&Type "Integer"] 3083
   &SurfaceArea [&Type "Double"]       1.2336637186779999e+03
$End
$SCF_Timings
   &GeometryIndex 14
   &TOTAL [&Type "Double"]       8.5316130000000001e+01
   &PREP [&Type "Double"]       8.4331699999999998e-01
   &FOCK [&Type "Double"]       7.5028695999999997e+01
   &DENS [&Type "Double"]       2.0414499999999691e-01
   &ETOT [&Type "Double"]       1.1246999999999652e-01
   &POP [&Type "Double"]       2.0000000091613401e-06
   &TRAFO [&Type "Double"]       7.9681399999999414e-01
   &DIIS [&Type "Double"]       2.6662579999999991e+00
   &SOSCF [&Type "Double"]       8.7103400000000875e-01
   &XC [&Type "Double"]       7.9937259999999952e+00
   &FOCKSTART [&Type "Double"]       3.9033000000000539e-02
   &SOLV [&Type "Double"]       7.8884170000000111e+00
   &SOLV_INIT [&Type "Double"]       3.1358900000000006e-01
   &SOLV_FINAL [&Type "Double"]       1.0000000116860974e-06
   &INT_PREP [&Type "Double"]       2.9999999995311555e-06
   &INT_BF [&Type "Double"]       1.3550879999999310e+00
   &INT_DENS [&Type "Double"]       2.1931740000001572e+00
   &INT_DENSIO [&Type "Double"]       1.2569740925700020e+05
   &INT_FUNC [&Type "Double"]       7.8056999999876808e-02
   &INT_POT [&Type "Double"]       1.8938700000002271e+00
   &INT_POTIO [&Type "Double"]       1.7721000000019416e-02
   &INT_SUM [&Type "Double"]       1.6070000000105722e-03
   &SPLITRIJ [&Type "Double"]       5.9016470000000041e+00
   &COSX [&Type "Double"]       5.8778685999999993e+01
$End
$VdW_Correction
   &GeometryIndex 14
   &vdW [&Type "Double"]      -4.0930194273921874e-02
$End
$Single_Point_Data
   &GeometryIndex 14
   &FinalEnergy [&Type "Double"]      -1.5304703685695831e+03  "Final single point energy"
   &Converged [&Type "Boolean"] true
$End
$SCF_Nuc_Gradient
   &GeometryIndex 14
   &NAtoms [&Type "Integer"] 37
   &gradNorm [&Type "Double"]       7.9356195268122463e-03
   &grad [&Type "ArrayOfDoubles", &Dim (111,1)] 
                                                         0

0                                      4.8751040443513466e-04
1                                      3.3789282234883048e-04
2                                      1.0813732006433395e-03
3                                     -5.0159671021017722e-04
4                                      7.1322871159177866e-04
5                                     -1.1241442214872282e-03
6                                      1.8419669849878368e-04
7                                     -4.8785971297351930e-04
8                                      1.1242805756482824e-03
9                                     -2.0257047419871551e-04
10                                     3.1842295471938857e-04
11                                    -3.0051649505769874e-04
12                                    -1.4172535038977719e-04
13                                    -7.3389057764532974e-04
14                                    -1.1348848045553612e-03
15                                    -4.6763063905322518e-04
16                                     1.4530459261514621e-04
17                                     7.2697141958887447e-04
18                                     6.2008256480492970e-04
19                                     5.9489084366299769e-04
20                                    -4.4454059467795748e-04
21                                    -2.3849610213672485e-04
22                                    -1.9947578887687103e-03
23                                    -6.4945211396580079e-04
24                                     5.1759399045889242e-04
25                                    -6.9311532540015713e-04
26                                     1.0444256676905148e-04
27                                    -7.0324089162302362e-04
28                                     1.2795084536650163e-03
29                                     7.9029549489182164e-04
30                                    -1.1255063286756704e-04
31                                    -3.8390695086651584e-04
32                                    -6.1208334460355096e-05
33                                     1.4723749887205856e-04
34                                     7.3519243474165681e-04
35                                     2.4841542528050530e-04
36                                    -7.0094804152209258e-04
37                                     4.5708156829979624e-04
38                                    -8.6682211856610605e-05
39                                    -7.5444375111817378e-04
40                                     1.1950705431885541e-03
41                                     6.8701182444168133e-04
42                                     2.9398477858960615e-04
43                                     3.6751204323181604e-04
44                                    -3.2241040667239809e-04
45                                    -3.0247133090978282e-04
46                                    -2.9384251593303278e-04
47                                    -3.0287892137903841e-04
48                                     2.8053932224853407e-04
49                                     2.5934104332264022e-03
50                                     1.2349744687706957e-03
51                                    -9.6434352002079833e-04
52                                    -3.2264984815166158e-05
53                                     1.4875482866416514e-04
54                                     6.4530169481854529e-04
55                                    -1.7706699578422033e-04
56                                    -1.7467384814996817e-04
57                                     1.7987744976442959e-03
58                                     5.2986030334660028e-04
59                                     9.3732819795261436e-05
60                                    -1.0610281705542516e-03
61                                    -1.2419147591179280e-03
62                                    -7.0762380351621840e-04
63                                    -7.8005190754769447e-04
64                                     1.7501452598990923e-03
65                                     7.5195567209753898e-05
66                                     1.1870354659586726e-03
67                                    -3.7856788115248024e-03
68                                    -5.4124869534634260e-04
69                                     1.3601283933670609e-04
70                                    -2.6154616147184358e-04
71                                    -1.0357390743140483e-04
72                                     5.7115406184519535e-04
73                                    -9.5182252332559752e-05
74                                     1.7083582838126976e-04
75                                    -1.2776702010748123e-04
76                                    -2.7519982944688184e-04
77                                    -7.2392947712932715e-05
78                                    -7.6982573586714207e-05
79                                     3.6506684436896455e-04
80                                    -1.8494693219694313e-04
81                                    -1.6263909086155657e-04
82                                    -5.4994543664633490e-05
83                                     1.6510919986447342e-04
84                                     4.6135575814687730e-04
85                                    -4.7938931445099371e-04
86                                    -4.6284721406576577e-04
87                                    -3.2425535964108858e-04
88                                     7.3456013223919229e-05
89                                     3.6470834070671343e-05
90                                     9.3940143826215259e-05
91                                    -3.5766017009170893e-04
92                                    -1.5914208050810087e-04
93                                     5.8958649386576243e-04
94                                     1.9453056716078524e-04
95                                    -4.0501867020719198e-04
96                                    -2.6367904985523984e-04
97                                     3.4398554310947937e-05
98                                     1.6489907799563936e-04
99                                     1.3661245037183148e-04
100                                   -3.3643284026326197e-06
101                                    4.1453520635070210e-04
102                                   -1.2862018852148233e-04
103                                    3.1681962471951362e-04
104                                   -4.5913819427803961e-04
105                                    7.8777771225156613e-04
106                                   -5.9789740594792524e-04
107                                   -3.3190515333808590e-04
108                                   -9.2365550498865875e-04
109                                   -5.2260040910760434e-05
110                                    7.6193122624010280e-04
   &Method [&Type "String"] "SCF"
   &Level [&Type "String"] "Relaxed density"
   &Mult [&Type "Integer"] 1
   &State [&Type "Integer"] 0
   &Irrep [&Type "Integer"] 0
$End
$Geometry
   &GeometryIndex 15
   &NAtoms [&Type "Integer"] 37
   &NCorelessECP [&Type "Integer"] 0
   &NGhostAtoms [&Type "Integer"] 0
   &CartesianCoordinates [&Type "Coordinates", &Dim(37,4), &Units "Bohr"] 
              P     -6.623355524443   -3.105728544725   -0.025223297513
              O     -8.445045181388   -2.505007160823   -2.081189771943
              O     -7.343990053223   -4.637827366770    2.221100314186
              O     -4.201771101895   -4.364512856562   -1.450256925102
              O     -5.456677885987   -0.506974458527    1.136807327874
              C     -4.703589353174    1.414274763380   -0.553833605294
              C     -3.045459300783    3.264931637859    0.849628376231
              O     -0.863387247043    1.997447364950    1.871705338427
              C     -2.024441990089    5.341794469773   -0.835636173892
              O     -1.515541077171    7.521164475624    0.612057946641
              C      0.443334911026    4.173234498428   -1.778440801506
              O      2.293225783971    5.960448978840   -2.424220397699
              C      1.307941171677    2.694183688980    0.542598484933
              N      2.747520135619    0.444197399616   -0.071083495329
              C      1.894135608923   -1.656896707763   -1.325066591756
              N      3.595878166153   -3.429979351530   -1.532642356128
              C      5.683239952438   -2.444883028077   -0.358376510007
              C      8.102593045213   -3.447151432230    0.034203353228
              N      8.872419737912   -5.693450839237   -0.696984575616
              N      9.685580258319   -1.850037781109    1.267106151791
              C      9.001062812090    0.453285627518    2.149537569629
              N      6.787325849494    1.459822223156    1.847719282873
              C      5.186987746710   -0.044768927491    0.574667958875
              H     -2.975433807346   -4.987658513150   -0.255341246635
              H     -3.660500355872    0.601411825021   -2.149660161976
              H     -6.352720133679    2.410086041287   -1.308459738684
              H     -4.084900057066    4.070952887778    2.441354586056
              H     -3.322877219802    5.770579645405   -2.389484760684
              H     -0.081030958281    8.330273152902   -0.185063552588
              H      0.053625887024    2.891249206070   -3.350222783170
              H      2.180662295542    6.311054093200   -4.206728762313
              H      2.571961781161    3.867890126938    1.684611463652
              H     -0.025024549022   -1.764911006449   -2.016570905574
              H      7.663253338592   -6.862716143455   -1.584339215621
              H     10.641053153863   -6.313398036803   -0.368696332640
              H     10.486735634003    1.438003966351    3.156221243591
              H     11.463559561173   -2.437841690947    1.665397041844
$End
$SCF_Energy
   &GeometryIndex 15
   &Method [&Type "String"] "SCF"
   &totalEnergy [&Type "ArrayOfDoubles", &Dim (1,1)] "Total energy of each state"
                                                         0

0                                     -1.5304283210436311e+03
   &Mult [&Type "ArrayOfIntegers", &Dim (1,1)] "Multiplicity of each state"
                                                         0

0                                                        1
$End
$DFT_Energy
   &GeometryIndex 15
   &nAlphaEl [&Type "Integer"] 89
   &nBetaEl [&Type "Integer"] 89
   &nTotalEl [&Type "Integer"] 179
   &finalEn [&Type "Double"]      -1.5304283210436311e+03  "No Van der Waals correction"
   &eExchange [&Type "Double"]      -1.2773219074080785e+02
   &eCorr [&Type "Double"]      -6.2570577867598542e+00
   &eXC [&Type "Double"]      -1.3398924852756770e+02
   &eCNL [&Type "Double"]       0.0000000000000000e+00
$End
$Solvation_Details
   &GeometryIndex 15
   &Solvent [&Type "String"] "WATER"
   &Epsilon [&Type "Double"]       8.0150999999999996e+01
   &Refrac [&Type "Double"]       1.3328000000000000e+00
   &RSolv [&Type "Double"]       1.3000000000000000e+00
   &SurfaceType [&Type "String"] "GAUSSIAN VDW"
   &CPCMDielEnergy [&Type "Double"]      -1.6658671999999999e-01
   &NPoints [&Type "Integer"] 3067
   &SurfaceArea [&Type "Double"]       1.1967426294300001e+03
$End
$SCF_Timings
   &GeometryIndex 15
   &TOTAL [&Type "Double"]       1.0622895600000000e+02
   &PREP [&Type "Double"]       7.7112400000000003e-01
   &FOCK [&Type "Double"]       9.7790273000000013e+01
   &DENS [&Type "Double"]       2.7935000000000798e-01
   &ETOT [&Type "Double"]       1.4502699999998647e-01
   &TRAFO [&Type "Double"]       7.8860100000000344e-01
   &DIIS [&Type "Double"]       1.7261999999999968e+00
   &SOSCF [&Type "Double"]       1.2887420000000329e+00
   &XC [&Type "Double"]       9.7709189999999992e+00
   &FOCKSTART [&Type "Double"]       4.8781000000004515e-02
   &SOLV [&Type "Double"]       1.0287085000000005e+01
   &SOLV_INIT [&Type "Double"]       2.6053799999999999e-01
   &INT_PREP [&Type "Double"]       4.0000000183226803e-06
   &INT_BF [&Type "Double"]       1.7206619999997219e+00
   &INT_DENS [&Type "Double"]       2.6717390000000893e+00
   &INT_DENSIO [&Type "Double"]       2.3618579356900023e+05
   &INT_FUNC [&Type "Double"]       9.9510000000350374e-02
   &INT_POT [&Type "Double"]       1.8691219999994040e+00
   &INT_POTIO [&Type "Double"]       4.0410000000346002e-02
   &INT_SUM [&Type "Double"]       2.5070000000066983e-03
   &SPLITRIJ [&Type "Double"]       7.8935900000000032e+00
   &COSX [&Type "Double"]       7.3822591999999986e+01
$End
$VdW_Correction
   &GeometryIndex 15
   &vdW [&Type "Double"]      -4.1839701191780487e-02
$End
$Single_Point_Data
   &GeometryIndex 15
   &FinalEnergy [&Type "Double"]      -1.5304701607448228e+03  "Final single point energy"
   &Converged [&Type "Boolean"] true
$End
$SCF_Nuc_Gradient
   &GeometryIndex 15
   &NAtoms [&Type "Integer"] 37
   &gradNorm [&Type "Double"]       1.1229596554251226e-02
   &grad [&Type "ArrayOfDoubles", &Dim (111,1)] 
                                                         0

0                                     -1.4445787324154024e-03
1                                      2.1587988548222876e-04
2                                     -3.5163758150138098e-04
3                                      4.9599402894868702e-04
4                                      6.9296783762055170e-05
5                                     -9.7449099188597792e-04
6                                     -3.4927645061913953e-04
7                                     -3.8219753317695964e-04
8                                      1.9920797727294303e-03
9                                      5.9200387828191954e-04
10                                    -1.7214883395098317e-03
11                                    -1.7277912671209378e-03
12                                     9.2862260220215927e-04
13                                     1.5350204000486914e-03
14                                     1.0546053767570402e-03
15                                    -9.3182292746934754e-04
16                                     4.3186854148481710e-05
17                                     6.4426384389262392e-04
18                                     3.1434996663503147e-04
19                                    -2.7573712226328925e-04
20                                    -1.9132797290012705e-03
21                                     1.6260188071756668e-04
22                                    -1.5264667314889440e-03
23                                     2.3400705706960251e-04
24                                     1.0398793180236374e-03
25                                    -9.6990464614785826e-04
26                                     3.8915029104667184e-04
27                                    -9.8804190000654547e-04
28                                     2.1158989657022271e-03
29                                     1.0141397895533605e-03
30                                    -8.0855853371779242e-04
31                                    -1.7456118178380536e-03
32                                     3.2299335036256209e-05
33                                     3.9053216758341147e-04
34                                     7.6825320822877471e-04
35                                     4.0057079252839718e-04
36                                    -1.8277001396380028e-03
37                                     1.1703194127534238e-03
38                                     6.4754876369809919e-04
39                                    -7.9079807382512147e-04
40                                     1.0962509361354665e-03
41                                    -4.5603241924876547e-04
42                                    -5.0020677760305313e-04
43                                    -9.8733567886838728e-04
44                                    -7.8737734489217604e-04
45                                    -9.1732710248419020e-04
46                                     5.4372533287451112e-05
47                                    -1.3200163262547360e-04
48                                     1.5999620651657507e-03
49                                     2.5100232780049178e-03
50                                     1.1611646370825787e-03
51                                     3.2378013851381827e-04
52                                     1.6067122291628403e-03
53                                     2.7463058330582163e-03
54                                     3.8097552026755026e-04
55                                    -1.0560515981781705e-03
56                                    -4.7949843996669293e-04
57                                    -2.5841218584520209e-04
58                                     2.9743656718449946e-03
59                                    -2.6948257349771925e-03
60                                     2.4515997980076369e-04
61                                    -3.2549725209873159e-03
62                                    -1.1475446784096999e-04
63                                    -1.7870335775069621e-03
64                                     6.3749236548726656e-04
65                                    -8.4721117586537169e-04
66                                     1.0612987075905151e-03
67                                    -2.6124974323771207e-03
68                                     3.5387115324457454e-05
69                                     8.2042780450568645e-04
70                                     8.4465993900113704e-04
71                                    -6.0340970611140595e-04
72                                     1.5311443123101252e-03
73                                    -5.5466549856032288e-04
74                                     4.4156877246520143e-04
75                                    -8.9880386384036040e-05
76                                    -8.2113672546970648e-05
77                                    -2.4577096069117882e-04
78                                     7.9893437070894236e-05
79                                     4.8949299812665414e-04
80                                    -1.1223927192851243e-04
81                                    -3.3327753860558303e-04
82                                    -1.0838148531012027e-06
83                                     3.6858411187696779e-04
84                                     6.0196221881177886e-04
85                                    -7.1598607456393700e-04
86                                    -5.2590618529616581e-04
87                                    -3.8856817636663619e-04
88                                     2.1894359127159682e-04
89                                     6.9795147034219020e-05
90                                     2.1341292409686149e-04
91                                    -2.4811361084158202e-04
92                                    -2.6657141357508423e-04
93                                     9.0430392629296959e-04
94                                     9.2135903065386778e-05
95                                    -4.8553290650377699e-04
96                                    -7.2203718409243165e-04
97                                     1.0129428164424867e-03
98                                     3.4236599343404306e-04
99                                     9.0372426339447144e-04
100                                   -4.9083604044029508e-05
101                                    6.9647057974758547e-04
102                                   -7.5365648601604990e-04
103                                    2.1806648908752850e-04
104                                   -1.9134748748593199e-04
105                                    1.0751196900127191e-03
106                                   -1.5940392687446797e-03
107                                    2.9464708123073634e-05
108                                   -7.7397264356719015e-04
109                                    1.0403471273256463e-04
110                                    6.0990680908081006e-04
   &Method [&Type "String"] "SCF"
   &Level [&Type "String"] "Relaxed density"
   &Mult [&Type "Integer"] 1
   &State [&Type "Integer"] 0
   &Irrep [&Type "Integer"] 0
$End
$Geometry
   &GeometryIndex 16
   &NAtoms [&Type "Integer"] 37
   &NCorelessECP [&Type "Integer"] 0
   &NGhostAtoms [&Type "Integer"] 0
   &CartesianCoordinates [&Type "Coordinates", &Dim(37,4), &Units "Bohr"] 
              P     -7.045964266083   -2.940150892740    0.028612096057
              O     -8.874460726020   -2.162157144969   -1.959718895144
              O     -7.832189981477   -4.425269121426    2.283149153163
              O     -4.789390987015   -4.396828717141   -1.470592233589
              O     -5.619768223787   -0.464125865893    1.167531544308
              C     -4.800557308015    1.425259552083   -0.531113153722
              C     -3.016571384563    3.179680360657    0.840060982289
              O     -0.858692415489    1.805807694844    1.773791816935
              C     -1.971490042832    5.247205419811   -0.851383618375
              O     -1.459253641325    7.417036441619    0.605247903409
              C      0.496125979865    4.072524325498   -1.791095164990
              O      2.356092330473    5.850987182161   -2.421723422017
              C      1.337841637693    2.569388370640    0.521214314318
              N      2.842264848130    0.363499959482   -0.091137780615
              C      2.076688441782   -1.737843367922   -1.400471327555
              N      3.837561680453   -3.451617158666   -1.614762119397
              C      5.871266220823   -2.426796707692   -0.386667786576
              C      8.315811834234   -3.358921900406    0.024711771773
              N      9.163414542106   -5.562422551774   -0.747111649751
              N      9.823431886872   -1.744385916393    1.330258076211
              C      9.055509405429    0.526198536204    2.237350513555
              N      6.817037009664    1.466097385184    1.914470957094
              C      5.284669757991   -0.059127819127    0.584838999779
              H     -3.621187286897   -5.177030579670   -0.310084106442
              H     -3.847583980666    0.572900652935   -2.161410135656
              H     -6.412356430390    2.515984553118   -1.232951656902
              H     -3.969847981817    4.007991584515    2.474198618608
              H     -3.260230236153    5.685071977136   -2.410827013037
              H     -0.076700332978    8.279214338670   -0.223870939246
              H      0.105772879773    2.796746525512   -3.368827200529
              H      2.235607242838    6.230021621084   -4.197611368174
              H      2.538453413937    3.750439449729    1.722137643312
              H      0.176965313660   -1.892876977049   -2.132821546794
              H      8.006304578287   -6.732032687528   -1.702929427240
              H     10.942414602094   -6.143746209238   -0.399607662417
              H     10.485432509988    1.546814837894    3.287643881737
              H     11.623930144056   -2.270994923718    1.718694413783
$End
$SCF_Energy
   &GeometryIndex 16
   &Method [&Type "String"] "SCF"
   &totalEnergy [&Type "ArrayOfDoubles", &Dim (1,1)] "Total energy of each state"
                                                         0

0                                     -1.5304293782794807e+03
   &Mult [&Type "ArrayOfIntegers", &Dim (1,1)] "Multiplicity of each state"
                                                         0

0                                                        1
$End
$DFT_Energy
   &GeometryIndex 16
   &nAlphaEl [&Type "Integer"] 89
   &nBetaEl [&Type "Integer"] 89
   &nTotalEl [&Type "Integer"] 179
   &finalEn [&Type "Double"]      -1.5304293782794807e+03  "No Van der Waals correction"
   &eExchange [&Type "Double"]      -1.2773059876272940e+02
   &eCorr [&Type "Double"]      -6.2556740546257412e+00
   &eXC [&Type "Double"]      -1.3398627281735514e+02
   &eCNL [&Type "Double"]       0.0000000000000000e+00
$End
$Solvation_Details
   &GeometryIndex 16
   &Solvent [&Type "String"] "WATER"
   &Epsilon [&Type "Double"]       8.0150999999999996e+01
   &Refrac [&Type "Double"]       1.3328000000000000e+00
   &RSolv [&Type "Double"]       1.3000000000000000e+00
   &SurfaceType [&Type "String"] "GAUSSIAN VDW"
   &CPCMDielEnergy [&Type "Double"]      -1.6904778700000000e-01
   &NPoints [&Type "Integer"] 3087
   &SurfaceArea [&Type "Double"]       1.2210871284540001e+03
$End
$SCF_Timings
   &GeometryIndex 16
   &TOTAL [&Type "Double"]       1.0103663600000000e+02
   &PREP [&Type "Double"]       7.4514700000000000e-01
   &FOCK [&Type "Double"]       9.2393046999999996e+01
   &DENS [&Type "Double"]       3.0668900000000576e-01
   &ETOT [&Type "Double"]       1.6255699999998363e-01
   &POP [&Type "Double"]       9.9999999747524271e-07
   &TRAFO [&Type "Double"]       7.9139199999999832e-01
   &DIIS [&Type "Double"]       2.4038789999999981e+00
   &SOSCF [&Type "Double"]       1.1841570000000274e+00
   &XC [&Type "Double"]       1.0076515000000020e+01
   &FOCKSTART [&Type "Double"]       5.2839999999989451e-02
   &SOLV [&Type "Double"]       9.4606290000000186e+00
   &SOLV_INIT [&Type "Double"]       2.3670900000000000e-01
   &INT_PREP [&Type "Double"]       3.9999999916773277e-06
   &INT_BF [&Type "Double"]       1.7534790000001603e+00
   &INT_DENS [&Type "Double"]       2.8614219999995480e+00
   &INT_DENSIO [&Type "Double"]       2.0771198234200029e+05
   &INT_FUNC [&Type "Double"]       1.0130500000001419e-01
   &INT_POT [&Type "Double"]       2.0823359999999465e+00
   &INT_POTIO [&Type "Double"]       2.4116999999938216e-02
   &INT_SUM [&Type "Double"]       1.5210000000109858e-03
   &SPLITRIJ [&Type "Double"]       7.5312069999999967e+00
   &COSX [&Type "Double"]       6.8827135999999996e+01
$End
$VdW_Correction
   &GeometryIndex 16
   &vdW [&Type "Double"]      -4.1245855128219926e-02
$End
$Single_Point_Data
   &GeometryIndex 16
   &FinalEnergy [&Type "Double"]      -1.5304706241346089e+03  "Final single point energy"
   &Converged [&Type "Boolean"] true
$End
$SCF_Nuc_Gradient
   &GeometryIndex 16
   &NAtoms [&Type "Integer"] 37
   &gradNorm [&Type "Double"]       6.3886591363659252e-03
   &grad [&Type "ArrayOfDoubles", &Dim (111,1)] 
                                                         0

0                                     -2.0447211619208207e-03
1                                      4.9751480476083318e-04
2                                     -3.4909283031452605e-05
3                                      5.9162335068843868e-04
4                                     -4.7849362964060807e-04
5                                     -2.9365142885409489e-04
6                                     -2.1554672758433336e-04
7                                      6.3299506405576522e-05
8                                      6.7874535172658343e-04
9                                      8.6892473526638714e-04
10                                    -1.3581883355694873e-03
11                                    -1.4417823989006596e-03
12                                     8.5011524980429056e-04
13                                     1.1458609834308466e-03
14                                     9.7194111673047927e-04
15                                    -6.8055318938984319e-04
16                                    -1.4151939791155722e-04
17                                     3.2107604680749088e-04
18                                    -3.3831587241221132e-04
19                                    -7.6486949548943176e-05
20                                    -3.5413282708557066e-04
21                                    -3.9819572633928804e-04
22                                    -2.5383547775482523e-04
23                                     5.5544970756566075e-04
24                                     4.8299159964663204e-04
25                                    -2.5741413099775857e-04
26                                    -3.3589321622387949e-04
27                                    -3.7061227747951076e-04
28                                     8.3822519959859108e-04
29                                     2.2158438445577961e-04
30                                    -5.5606068333381816e-06
31                                    -4.1399322622175376e-04
32                                    -8.8037434706531226e-05
33                                     4.7372878195994406e-05
34                                     2.5748182563719858e-04
35                                     2.9550325248662364e-04
36                                    -2.9791336187352314e-04
37                                     2.2626196137112714e-04
38                                     3.8569487921011152e-04
39                                     3.3190350278438453e-04
40                                     2.7065482656191548e-04
41                                    -6.6238889824229497e-04
42                                     6.1937947322808279e-04
43                                    -5.6389559905945430e-04
44                                    -2.4423747507346073e-04
45                                    -6.6678846273363827e-04
46                                     1.7968419764309871e-04
47                                    -1.1099018623693341e-04
48                                     9.0423909559831034e-04
49                                     7.2840180157713675e-04
50                                     4.0643411890801820e-04
51                                     4.6955229067020306e-04
52                                     7.9302720629282621e-04
53                                     1.7969816664226781e-03
54                                    -2.4432818066910355e-05
55                                    -3.5147840063996718e-04
56                                    -2.2816135933576313e-04
57                                    -9.0933922871873341e-04
58                                     2.0308790211334806e-03
59                                    -1.7728670985885685e-03
60                                     5.3043099865079804e-04
61                                    -1.8079962326938762e-03
62                                     1.0308174473056144e-05
63                                    -1.0172366021681161e-03
64                                    -1.5191493682455796e-04
65                                    -6.7199829859080186e-04
66                                     2.5126134216160560e-04
67                                    -5.0214771686945571e-04
68                                     1.8647181335250819e-04
69                                     4.1499750139746073e-05
70                                    -1.6021880848465355e-04
71                                    -1.8230515852317371e-05
72                                     1.5182704335050021e-04
73                                     1.1639400603425123e-04
74                                     1.1910497625342182e-04
75                                     4.9560843589404691e-05
76                                    -2.4677655223535346e-04
77                                    -3.0982522508167412e-04
78                                     2.7154437483127163e-04
79                                     2.0497977876460043e-04
80                                     4.1145883116763501e-05
81                                    -2.1246176143144632e-04
82                                    -7.7984013169071103e-07
83                                     2.1993610196950186e-04
84                                     1.0647029942591797e-04
85                                    -2.6482497672686918e-04
86                                    -2.0237951091463765e-04
87                                    -2.0070200366854589e-04
88                                     2.1099649826495444e-04
89                                    -2.0150074620905296e-06
90                                     1.4782770059311307e-04
91                                    -5.7949625662733113e-05
92                                    -1.0279026311405930e-04
93                                     2.2766440472088141e-04
94                                     1.3750785964671434e-05
95                                    -1.4637766289543516e-04
96                                    -2.1301732964285628e-04
97                                     5.5986398581472734e-04
98                                     7.1333521630248710e-05
99                                     5.2703809952627900e-04
100                                   -1.6573728707492669e-04
101                                    3.5681274075140366e-04
102                                   -3.9864979790351837e-04
103                                   -1.2188617443464036e-04
104                                   -1.0100787471912056e-04
105                                    5.9630469070743957e-04
106                                   -9.2054281042015329e-04
107                                    1.4042105868339723e-04
108                                   -7.3484749009732536e-05
109                                    1.5880372140237214e-04
110                                    3.4273118267215283e-04
   &Method [&Type "String"] "SCF"
   &Level [&Type "String"] "Relaxed density"
   &Mult [&Type "Integer"] 1
   &State [&Type "Integer"] 0
   &Irrep [&Type "Integer"] 0
$End
$Geometry
   &GeometryIndex 17
   &NAtoms [&Type "Integer"] 37
   &NCorelessECP [&Type "Integer"] 0
   &NGhostAtoms [&Type "Integer"] 0
   &CartesianCoordinates [&Type "Coordinates", &Dim(37,4), &Units "Bohr"] 
              P     -7.147605613101   -2.882358331621    0.085552447494
              O     -9.149257216642   -2.001201061594   -1.682219173213
              O     -7.737140135618   -4.479451396510    2.322938263083
              O     -5.041824728709   -4.259726986263   -1.672972167984
              O     -5.608850653840   -0.472083042855    1.202366765600
              C     -4.839169657020    1.446446692189   -0.487411664056
              C     -2.996686304272    3.159901512317    0.854784401864
              O     -0.845322534278    1.739354143511    1.728973376719
              C     -1.952944793181    5.216755473966   -0.850589683279
              O     -1.378831448795    7.371473800992    0.604061862351
              C      0.481913053811    4.009831212130   -1.834380585680
              O      2.340931367743    5.768035388568   -2.519357236674
              C      1.345688770722    2.522107703240    0.479175395001
              N      2.869120020178    0.328507663548   -0.110943662494
              C      2.140747646259   -1.778332656726   -1.433372736343
              N      3.925024538068   -3.470551273346   -1.633129593754
              C      5.929494129718   -2.429336506862   -0.374488370519
              C      8.380902783275   -3.333363930773    0.060468521339
              N      9.269826811543   -5.511178531224   -0.733260178804
              N      9.844477756412   -1.723380545726    1.426508574519
              C      9.044929775822    0.551847177780    2.307836853312
              N      6.805758693463    1.471215840795    1.945503641219
              C      5.305790064496   -0.070707575856    0.596706374716
              H     -3.794283469109   -5.117226253067   -0.659072138807
              H     -3.948513649904    0.617780479452   -2.164715837656
              H     -6.467830312908    2.561319724127   -1.107682638651
              H     -3.904337548813    3.996337342733    2.510766318712
              H     -3.260128667677    5.679715095075   -2.387379841885
              H      0.000301123587    8.218999090538   -0.245832952233
              H      0.049264432180    2.720876842913   -3.390587400063
              H      2.201438491051    6.114416887745   -4.300168053963
              H      2.528641673648    3.723516494194    1.677410870714
              H      0.252585654952   -1.959837981975   -2.188136049950
              H      8.145224557129   -6.668113260725   -1.743153211622
              H     11.057716138959   -6.065295620431   -0.384030075293
              H     10.444250452288    1.599615935456    3.372255478433
              H     11.645049833203   -2.233367318288    1.834768586010
$End
$SCF_Energy
   &GeometryIndex 17
   &Method [&Type "String"] "SCF"
   &totalEnergy [&Type "ArrayOfDoubles", &Dim (1,1)] "Total energy of each state"
                                                         0

0                                     -1.5304295800505317e+03
   &Mult [&Type "ArrayOfIntegers", &Dim (1,1)] "Multiplicity of each state"
                                                         0

0                                                        1
$End
$DFT_Energy
   &GeometryIndex 17
   &nAlphaEl [&Type "Integer"] 89
   &nBetaEl [&Type "Integer"] 89
   &nTotalEl [&Type "Integer"] 179
   &finalEn [&Type "Double"]      -1.5304295800505317e+03  "No Van der Waals correction"
   &eExchange [&Type "Double"]      -1.2773262484024198e+02
   &eCorr [&Type "Double"]      -6.2559013877163192e+00
   &eXC [&Type "Double"]      -1.3398852622795829e+02
   &eCNL [&Type "Double"]       0.0000000000000000e+00
$End
$Solvation_Details
   &GeometryIndex 17
   &Solvent [&Type "String"] "WATER"
   &Epsilon [&Type "Double"]       8.0150999999999996e+01
   &Refrac [&Type "Double"]       1.3328000000000000e+00
   &RSolv [&Type "Double"]       1.3000000000000000e+00
   &SurfaceType [&Type "String"] "GAUSSIAN VDW"
   &CPCMDielEnergy [&Type "Double"]      -1.7019183399999999e-01
   &NPoints [&Type "Integer"] 3085
   &SurfaceArea [&Type "Double"]       1.2287916401040000e+03
$End
$SCF_Timings
   &GeometryIndex 17
   &TOTAL [&Type "Double"]       9.8911833000000001e+01
   &PREP [&Type "Double"]       1.1250430000000000e+00
   &FOCK [&Type "Double"]       9.0032944000000015e+01
   &DENS [&Type "Double"]       2.9302300000000514e-01
   &ETOT [&Type "Double"]       1.5772400000001952e-01
   &POP [&Type "Double"]       1.0000000116860974e-06
   &TRAFO [&Type "Double"]       6.6054899999999250e-01
   &DIIS [&Type "Double"]       1.9180619999999973e+00
   &SOSCF [&Type "Double"]       1.3506509999999849e+00
   &XC [&Type "Double"]       9.9873170000000044e+00
   &FOCKSTART [&Type "Double"]       5.8305999999995084e-02
   &SOLV [&Type "Double"]       9.0135360000000038e+00
   &SOLV_INIT [&Type "Double"]       4.7296500000000008e-01
   &INT_PREP [&Type "Double"]       4.9999999944816409e-06
   &INT_BF [&Type "Double"]       1.8273390000002117e+00
   &INT_DENS [&Type "Double"]       2.9656349999996898e+00
   &INT_DENSIO [&Type "Double"]       2.0342396195100032e+05
   &INT_FUNC [&Type "Double"]       9.7988000000151843e-02
   &INT_POT [&Type "Double"]       1.8573169999997692e+00
   &INT_POTIO [&Type "Double"]       2.5553999999905486e-02
   &INT_SUM [&Type "Double"]       1.9669999999951671e-03
   &SPLITRIJ [&Type "Double"]       7.6013309999999930e+00
   &COSX [&Type "Double"]       6.7536225000000002e+01
$End
$VdW_Correction
   &GeometryIndex 17
   &vdW [&Type "Double"]      -4.1130700413324769e-02
$End
$Single_Point_Data
   &GeometryIndex 17
   &FinalEnergy [&Type "Double"]      -1.5304707107509450e+03  "Final single point energy"
   &Converged [&Type "Boolean"] true
$End
$SCF_Nuc_Gradient
   &GeometryIndex 17
   &NAtoms [&Type "Integer"] 37
   &gradNorm [&Type "Double"]       1.9944903051097827e-03
   &grad [&Type "ArrayOfDoubles", &Dim (111,1)] 
                                                         0

0                                     -6.8827185323443326e-04
1                                      2.9512263823077502e-04
2                                      2.6000416593099153e-04
3                                      1.4468021742359687e-05
4                                      2.2483299955871290e-04
5                                     -1.7045752387794758e-04
6                                      2.1197993009946294e-04
7                                     -2.2266712333793767e-04
8                                      1.9280501117179734e-04
9                                      1.1658602219376715e-04
10                                     3.8817591760495983e-05
11                                    -1.7775845133821390e-04
12                                     2.6608837909974253e-04
13                                    -2.2648381307914268e-04
14                                    -1.8514619335474760e-04
15                                    -6.0316222146118757e-04
16                                     3.7242078166554933e-04
17                                     3.6318530293528940e-04
18                                    -7.0445281495438213e-05
19                                    -2.3667220059124988e-04
20                                    -1.8596138522361050e-04
21                                     1.3809861685742768e-04
22                                    -2.5312201510016384e-04
23                                     1.0815119834795293e-04
24                                     1.3555283690008774e-04
25                                    -1.6019495699783667e-05
26                                    -6.2907661933582612e-05
27                                    -2.4649134598498019e-04
28                                     3.2363724681888601e-04
29                                     7.9010396038302702e-06
30                                    -2.4491131922315265e-05
31                                     2.6342324103709907e-05
32                                    -1.8593314238978876e-05
33                                    -3.2028228407056521e-04
34                                     3.9372008097476418e-04
35                                     3.9074348958670552e-06
36                                     9.7081559137836293e-05
37                                    -1.2325754916246427e-04
38                                     6.1265462413811794e-05
39                                     3.9120942993329703e-04
40                                     2.6506865440525408e-04
41                                    -4.6425536682124174e-05
42                                     1.5507528287470951e-04
43                                    -2.7240047246607181e-04
44                                     8.6490134623486560e-05
45                                    -1.3155118775116749e-04
46                                     1.4421835394870048e-04
47                                    -1.2622502958867490e-04
48                                     1.8063280625323325e-04
49                                     2.5767969181063094e-05
50                                     5.1057476926199294e-05
51                                     9.5526443451998829e-06
52                                    -3.9666139231039573e-04
53                                    -4.6746212470209588e-05
54                                    -1.5941351763691647e-04
55                                     1.8712382297955162e-04
56                                     1.3571094995809947e-05
57                                     1.5864652265737709e-04
58                                     3.1155541068291284e-04
59                                    -1.7661806809048802e-04
60                                    -6.0042947926750012e-05
61                                    -9.8605172208401085e-06
62                                     5.1987805826593606e-05
63                                    -8.0223289396654678e-05
64                                    -2.5409957843265221e-05
65                                    -5.7998624281947720e-05
66                                    -1.3097185804917275e-04
67                                    -2.4174616287548506e-04
68                                     1.9257277883109772e-04
69                                     3.3381249086078807e-05
70                                    -2.1923981145560692e-04
71                                     8.5567578074266802e-05
72                                     1.2710170245422881e-04
73                                     1.5022334172677175e-04
74                                     3.4614592600314148e-05
75                                     2.7274063282560924e-06
76                                    -2.6676279935893639e-04
77                                    -1.5695013062405199e-04
78                                    -7.9389917853498441e-05
79                                     1.3285847403420286e-04
80                                    -1.8243505116034083e-04
81                                    -7.6682100610584285e-05
82                                     5.2439746391967049e-06
83                                     1.0936501707910268e-04
84                                     2.5887408742467425e-04
85                                    -1.7209387052374628e-04
86                                    -2.4311347943720949e-05
87                                    -5.8485490928418950e-05
88                                     1.5684950834956606e-04
89                                    -1.1939986598051057e-04
90                                     1.6448665829345901e-04
91                                    -1.9375206071361659e-04
92                                    -8.9285669380539479e-05
93                                    -6.5188881765525247e-05
94                                    -3.2133201642056539e-05
95                                    -4.6131299675539520e-05
96                                     2.4552902116426931e-04
97                                    -8.3548416591229009e-05
98                                     8.7952772509072093e-06
99                                     1.1530264599540001e-04
100                                   -2.1401133793174206e-05
101                                    9.5890456077495626e-05
102                                   -3.4121450718825171e-05
103                                    1.2574341918244238e-05
104                                   -1.2136188748223621e-04
105                                    1.0586465261206549e-04
106                                   -9.6374997291126833e-05
107                                   -2.2707053377145123e-05
108                                   -9.9024672017684683e-05
109                                    4.3229471956219483e-05
110                                    2.9028849050027937e-04
   &Method [&Type "String"] "SCF"
   &Level [&Type "String"] "Relaxed density"
   &Mult [&Type "Integer"] 1
   &State [&Type "Integer"] 0
   &Irrep [&Type "Integer"] 0
$End
$Geometry
   &GeometryIndex 18
   &NAtoms [&Type "Integer"] 37
   &NCorelessECP [&Type "Integer"] 0
   &NGhostAtoms [&Type "Integer"] 0
   &CartesianCoordinates [&Type "Coordinates", &Dim(37,4), &Units "Bohr"] 
              P     -7.021583332011   -2.933313851472    0.038714269836
              O     -8.970764600572   -2.132131061984   -1.822263675098
              O     -7.659394245780   -4.515486327482    2.273142229072
              O     -4.808051522170   -4.276170961650   -1.613218659159
              O     -5.595605038082   -0.465518667427    1.183955887904
              C     -4.824846966121    1.456203629157   -0.501729014842
              C     -3.012702455233    3.189737318067    0.856693892811
              O     -0.860509768077    1.793225966595    1.764699094692
              C     -1.963201290204    5.245536307756   -0.845321604804
              O     -1.399590465972    7.402128297049    0.610033037139
              C      0.476828652172    4.037203432427   -1.815038793225
              O      2.341876592066    5.792040238752   -2.492547893240
              C      1.331533681842    2.550881690898    0.502762143864
              N      2.832970012408    0.341356368382   -0.088028655846
              C      2.074620902923   -1.770166629205   -1.385448013385
              N      3.843761671527   -3.477681503067   -1.589653342785
              C      5.870713888688   -2.439931812094   -0.364624158835
              C      8.319720238291   -3.359148151065    0.051433169616
              N      9.179989356514   -5.554057849949   -0.727594141702
              N      9.813592800634   -1.745202973345    1.378377031922
              C      9.039237201236    0.539751522530    2.255990953143
              N      6.801729192511    1.471389993726    1.914185037568
              C      5.275514662758   -0.068146665945    0.592953256256
              H     -3.576984342726   -5.078510581762   -0.536097666080
              H     -3.911517767085    0.632861657288   -2.169288254324
              H     -6.456154220807    2.556308878333   -1.141772711002
              H     -3.945597568703    4.023879167672    2.499654453097
              H     -3.262723292139    5.704867282236   -2.389767423648
              H     -0.023101812764    8.256259959855   -0.237055193221
              H      0.051632917997    2.746988375099   -3.372288733933
              H      2.197228037304    6.154049106812   -4.269927705828
              H      2.530186679684    3.744068534907    1.693500507881
              H      0.176460503900   -1.943157690620   -2.117668698636
              H      8.033693331025   -6.712801388235   -1.710531178746
              H     10.964051987202   -6.124483676168   -0.385478705665
              H     10.457520585824    1.584063150777    3.298428545046
              H     11.615816826581   -2.264348859423    1.768015192323
$End
$SCF_Energy
   &GeometryIndex 18
   &Method [&Type "String"] "SCF"
   &totalEnergy [&Type "ArrayOfDoubles", &Dim (1,1)] "Total energy of each state"
                                                         0

0                                     -1.5304295161088289e+03
   &Mult [&Type "ArrayOfIntegers", &Dim (1,1)] "Multiplicity of each state"
                                                         0

0                                                        1
$End
$DFT_Energy
   &GeometryIndex 18
   &nAlphaEl [&Type "Integer"] 89
   &nBetaEl [&Type "Integer"] 89
   &nTotalEl [&Type "Integer"] 179
   &finalEn [&Type "Double"]      -1.5304295161088289e+03  "No Van der Waals correction"
   &eExchange [&Type "Double"]      -1.2773277199285143e+02
   &eCorr [&Type "Double"]      -6.2560660608994016e+00
   &eXC [&Type "Double"]      -1.3398883805375084e+02
   &eCNL [&Type "Double"]       0.0000000000000000e+00
$End
$Solvation_Details
   &GeometryIndex 18
   &Solvent [&Type "String"] "WATER"
   &Epsilon [&Type "Double"]       8.0150999999999996e+01
   &Refrac [&Type "Double"]       1.3328000000000000e+00
   &RSolv [&Type "Double"]       1.3000000000000000e+00
   &SurfaceType [&Type "String"] "GAUSSIAN VDW"
   &CPCMDielEnergy [&Type "Double"]      -1.6923671800000001e-01
   &NPoints [&Type "Integer"] 3085
   &SurfaceArea [&Type "Double"]       1.2202428545850000e+03
$End
$SCF_Timings
   &GeometryIndex 18
   &TOTAL [&Type "Double"]       7.8304121999999992e+01
   &PREP [&Type "Double"]       8.2877400000000001e-01
   &FOCK [&Type "Double"]       6.9096745999999996e+01
   &DENS [&Type "Double"]       1.8343500000000290e-01
   &ETOT [&Type "Double"]       1.2195600000000617e-01
   &POP [&Type "Double"]       1.0000000116860974e-06
   &TRAFO [&Type "Double"]       7.6258199999999476e-01
   &DIIS [&Type "Double"]       2.7907270000000004e+00
   &SOSCF [&Type "Double"]       5.7262300000000721e-01
   &XC [&Type "Double"]       7.0234279999999991e+00
   &FOCKSTART [&Type "Double"]       3.7501999999995705e-02
   &SOLV [&Type "Double"]       7.1950499999999895e+00
   &SOLV_INIT [&Type "Double"]       2.9569100000000004e-01
   &INT_PREP [&Type "Double"]       2.0000000038322696e-06
   &INT_BF [&Type "Double"]       1.2655550000003437e+00
   &INT_DENS [&Type "Double"]       2.0097169999996787e+00
   &INT_DENSIO [&Type "Double"]       1.1357484901100016e+05
   &INT_FUNC [&Type "Double"]       7.4123999999898160e-02
   &INT_POT [&Type "Double"]       1.5727019999998237e+00
   &INT_POTIO [&Type "Double"]       1.6881999999995401e-02
   &INT_SUM [&Type "Double"]       1.9159999999960320e-03
   &SPLITRIJ [&Type "Double"]       5.4042850000000016e+00
   &COSX [&Type "Double"]       5.4028835000000008e+01
$End
$VdW_Correction
   &GeometryIndex 18
   &vdW [&Type "Double"]      -4.1297451064474452e-02
$End
$Single_Point_Data
   &GeometryIndex 18
   &FinalEnergy [&Type "Double"]      -1.5304708135598935e+03  "Final single point energy"
   &Converged [&Type "Boolean"] true
$End
$SCF_Nuc_Gradient
   &GeometryIndex 18
   &NAtoms [&Type "Integer"] 37
   &gradNorm [&Type "Double"]       2.0972988600900149e-03
   &grad [&Type "ArrayOfDoubles", &Dim (111,1)] 
                                                         0

0                                     -1.0496869249671929e-03
1                                      1.3499402022519320e-04
2                                      1.1653297330179992e-04
3                                      2.3270742167052951e-04
4                                     -5.3215642426204964e-05
5                                     -3.7039524852059392e-05
6                                      1.4168797581158018e-04
7                                     -9.2909685178095672e-05
8                                      1.3826442002839057e-04
9                                      3.0593924869698334e-04
10                                    -2.5099803277977916e-04
11                                    -3.6103464759163883e-04
12                                     5.0921722682519075e-04
13                                     1.3523631581635891e-04
14                                     1.9995850948629579e-04
15                                    -3.9711802422587029e-04
16                                     2.4634279542588351e-04
17                                     2.8438286935378060e-04
18                                    -1.0707801242609561e-04
19                                    -2.8413069215648209e-04
20                                    -2.1756600294757346e-04
21                                     1.0068121624873258e-04
22                                    -1.3702657030811865e-04
23                                     9.6513906501188515e-05
24                                     2.0054060186534557e-04
25                                    -4.2543120630943632e-05
26                                    -3.4171692055102727e-05
27                                    -2.3143836171941670e-04
28                                     3.0959449131742197e-04
29                                    -2.3744858502647303e-05
30                                     9.1064329702220536e-06
31                                    -2.0289642311114328e-04
32                                     3.5472285992674572e-07
33                                    -2.1686489384790210e-04
34                                     3.1368969932379052e-04
35                                     9.8726339953076855e-06
36                                    -6.1426137277378786e-05
37                                    -8.1282913713965639e-05
38                                     8.9775516593235393e-05
39                                     5.1018980525288193e-05
40                                     1.5549055730408351e-04
41                                    -1.2293995787651202e-04
42                                     2.6458560910028574e-04
43                                    -2.2914906666389120e-04
44                                    -7.4904069263342769e-05
45                                    -2.0724371635621910e-04
46                                     1.8301671633977118e-04
47                                     3.3422618851721603e-05
48                                     2.2588629490109227e-04
49                                    -2.2625759643049494e-05
50                                     5.2603129146329777e-05
51                                     7.5107351315289425e-05
52                                    -7.7942348320303705e-05
53                                     3.6145661217736101e-04
54                                    -1.0630742621169939e-04
55                                     5.2206943689495181e-05
56                                    -3.5661431232301098e-05
57                                     3.2001256648331697e-05
58                                     4.6619789762536744e-04
59                                    -6.1899096935604252e-04
60                                     8.7821862885088602e-05
61                                    -1.6157001558060572e-04
62                                     1.9270688675099298e-04
63                                    -1.7662195714636733e-04
64                                    -2.2024470216143964e-04
65                                    -1.7373049903840690e-04
66                                    -4.7814710719271684e-05
67                                     1.4209650050943151e-04
68                                     1.4595312233034219e-04
69                                     2.4101474845463438e-07
70                                    -3.4271449278073211e-05
71                                    -9.7786021301867282e-06
72                                     9.3576126622426953e-05
73                                     9.7443562148192222e-05
74                                     6.2744330572040981e-06
75                                     3.5565168578123102e-05
76                                    -1.5960164963409998e-04
77                                    -1.8686953333489482e-04
78                                     8.6780291967028495e-06
79                                     1.0470206617144997e-04
80                                    -6.9137816244872107e-05
81                                    -7.4575237009426743e-05
82                                     4.9598971567194300e-06
83                                     1.0212590769535555e-04
84                                     1.8504324849469799e-04
85                                    -1.1893066049512002e-04
86                                    -2.6767603030452799e-05
87                                    -3.0406393485572064e-05
88                                     1.4402365153662973e-04
89                                    -9.1510286751849990e-05
90                                     1.5625284652415316e-04
91                                    -1.2164612068207593e-04
92                                    -6.1534747343295509e-05
93                                    -2.6819492861026312e-05
94                                    -2.5887494614202776e-05
95                                    -2.6646238470341851e-06
96                                    -5.0107911397535891e-05
97                                     3.3447830071060044e-05
98                                     4.8075996691513681e-06
99                                     1.8137738082036432e-04
100                                   -4.3957394440583995e-05
101                                    9.6427739535857347e-05
102                                   -1.2928254118498126e-04
103                                   -4.4096106764893929e-05
104                                   -3.3033294884108377e-05
105                                    9.5144009514350404e-05
106                                   -1.6270182530353375e-04
107                                    4.0683781654860240e-05
108                                   -7.9387538078259565e-05
109                                    4.4184730017827637e-05
110                                    2.0896279469818517e-04
   &Method [&Type "String"] "SCF"
   &Level [&Type "String"] "Relaxed density"
   &Mult [&Type "Integer"] 1
   &State [&Type "Integer"] 0
   &Irrep [&Type "Integer"] 0
$End
$Geometry
   &GeometryIndex 19
   &NAtoms [&Type "Integer"] 37
   &NCorelessECP [&Type "Integer"] 0
   &NGhostAtoms [&Type "Integer"] 0
   &CartesianCoordinates [&Type "Coordinates", &Dim(37,4), &Units "Bohr"] 
              P     -6.945005749588   -2.956013189996   -0.004920120290
              O     -8.839669797768   -2.209230121813   -1.942780086194
              O     -7.636368151275   -4.527270522478    2.221069016739
              O     -4.647821720182   -4.273763268276   -1.559685812603
              O     -5.607575132967   -0.450274009382    1.165159505835
              C     -4.820903071283    1.470267902543   -0.514377220227
              C     -3.025552533812    3.209236976163    0.860169303097
              O     -0.877896147846    1.821904182036    1.790985921557
              C     -1.964488505299    5.262066749832   -0.836677645917
              O     -1.396129496173    7.413477226955    0.623517155431
              C      0.471537246127    4.040905791237   -1.800128126203
              O      2.346757985745    5.782571590105   -2.482480237337
              C      1.317727383531    2.559159147535    0.523272434116
              N      2.804577379785    0.337947674905   -0.062366763787
              C      2.028965924041   -1.779533138578   -1.339384824443
              N      3.793128999827   -3.491908282557   -1.550462704594
              C      5.834108392192   -2.450389125566   -0.352824176653
              C      8.285995875387   -3.370996487907    0.043117072440
              N      9.133675086518   -5.571826749775   -0.733239314944
              N      9.796510920377   -1.752614861780    1.345367867931
              C      9.034568593298    0.538690112356    2.218260749428
              N      6.795390597683    1.472064512451    1.893484507087
              C      5.252970937358   -0.071759913482    0.596446773837
              H     -3.443054997168   -5.040876966008   -0.428292308472
              H     -3.892607845056    0.646660252456   -2.173475853244
              H     -6.447118586427    2.569190732642   -1.170083693826
              H     -3.975095720639    4.042016459945    2.494163837599
              H     -3.257067153102    5.728074912848   -2.385135677354
              H     -0.026410019861    8.275000664331   -0.226227651873
              H      0.042450232461    2.745499846951   -3.352195858746
              H      2.189343689060    6.157674461086   -4.256121686198
              H      2.525361992772    3.748686976203    1.708614943811
              H      0.124400398675   -1.952573761563   -2.054248417679
              H      7.975222095325   -6.730954669003   -1.701570833716
              H     10.919523471125   -6.145397221013   -0.405182164666
              H     10.463659261496    1.588044476883    3.240617192919
              H     11.603239200306   -2.271216132863    1.714809375301
$End
$SCF_Energy
   &GeometryIndex 19
   &Method [&Type "String"] "SCF"
   &totalEnergy [&Type "ArrayOfDoubles", &Dim (1,1)] "Total energy of each state"
                                                         0

0                                     -1.5304294246214963e+03
   &Mult [&Type "ArrayOfIntegers", &Dim (1,1)] "Multiplicity of each state"
                                                         0

0                                                        1
$End
$DFT_Energy
   &GeometryIndex 19
   &nAlphaEl [&Type "Integer"] 89
   &nBetaEl [&Type "Integer"] 89
   &nTotalEl [&Type "Integer"] 179
   &finalEn [&Type "Double"]      -1.5304294246214963e+03  "No Van der Waals correction"
   &eExchange [&Type "Double"]      -1.2773328468681595e+02
   &eCorr [&Type "Double"]      -6.2562762709404112e+00
   &eXC [&Type "Double"]      -1.3398956095775637e+02
   &eCNL [&Type "Double"]       0.0000000000000000e+00
$End
$Solvation_Details
   &GeometryIndex 19
   &Solvent [&Type "String"] "WATER"
   &Epsilon [&Type "Double"]       8.0150999999999996e+01
   &Refrac [&Type "Double"]       1.3328000000000000e+00
   &RSolv [&Type "Double"]       1.3000000000000000e+00
   &SurfaceType [&Type "String"] "GAUSSIAN VDW"
   &CPCMDielEnergy [&Type "Double"]      -1.6842804700000000e-01
   &NPoints [&Type "Integer"] 3088
   &SurfaceArea [&Type "Double"]       1.2139883091090001e+03
$End
$SCF_Timings
   &GeometryIndex 19
   &TOTAL [&Type "Double"]       8.3921504999999996e+01
   &PREP [&Type "Double"]       7.7788400000000002e-01
   &FOCK [&Type "Double"]       7.5862837999999996e+01
   &DENS [&Type "Double"]       2.1014800000001088e-01
   &ETOT [&Type "Double"]       1.2907100000000149e-01
   &POP [&Type "Double"]       9.9999999747524271e-07
   &TRAFO [&Type "Double"]       6.0187300000000477e-01
   &DIIS [&Type "Double"]       1.8084299999999978e+00
   &SOSCF [&Type "Double"]       1.0046900000000143e+00
   &XC [&Type "Double"]       8.2641799999999961e+00
   &FOCKSTART [&Type "Double"]       4.1224000000006478e-02
   &SOLV [&Type "Double"]       7.7254180000000066e+00
   &SOLV_INIT [&Type "Double"]       2.7401700000000001e-01
   &INT_PREP [&Type "Double"]       3.9999999934536845e-06
   &INT_BF [&Type "Double"]       1.4008589999999863e+00
   &INT_DENS [&Type "Double"]       2.2227880000000173e+00
   &INT_DENSIO [&Type "Double"]       1.3587522743800021e+05
   &INT_FUNC [&Type "Double"]       8.2635000000184533e-02
   &INT_POT [&Type "Double"]       1.6348919999997591e+00
   &INT_POTIO [&Type "Double"]       2.0350999999994457e-02
   &INT_SUM [&Type "Double"]       1.8170000000043984e-03
   &SPLITRIJ [&Type "Double"]       5.9747569999999888e+00
   &COSX [&Type "Double"]       5.7866481000000007e+01
$End
$VdW_Correction
   &GeometryIndex 19
   &vdW [&Type "Double"]      -4.1425160362629540e-02
$End
$Single_Point_Data
   &GeometryIndex 19
   &FinalEnergy [&Type "Double"]      -1.5304708497818590e+03  "Final single point energy"
   &Converged [&Type "Boolean"] true
$End
$SCF_Nuc_Gradient
   &GeometryIndex 19
   &NAtoms [&Type "Integer"] 37
   &gradNorm [&Type "Double"]       1.7308879547444124e-03
   &grad [&Type "ArrayOfDoubles", &Dim (111,1)] 
                                                         0

0                                     -6.7457912680250092e-04
1                                     -4.6650929121785771e-05
2                                     -2.9457513632312146e-04
3                                      2.6332471043832894e-04
4                                     -1.1286468633127215e-04
5                                      2.2045755312506880e-04
6                                     -2.5953685291167576e-05
7                                      3.7082160439541123e-05
8                                      3.3844105872693462e-05
9                                      8.6133705983801052e-05
10                                    -1.6390199645391855e-04
11                                    -2.2053793682439839e-04
12                                     4.5989267239687217e-04
13                                     2.5348177622024938e-04
14                                     2.5017202055602732e-04
15                                    -1.4484794360990503e-04
16                                     3.0876576453877898e-05
17                                     1.8630101093467780e-04
18                                    -3.0677034075631535e-05
19                                    -1.8724573616937719e-04
20                                    -1.5963512547148163e-04
21                                    -4.9520534895724156e-05
22                                     2.6056773402522413e-05
23                                     6.3711647095639049e-05
24                                     1.8074656168022893e-04
25                                    -2.5392711922389045e-05
26                                     1.6097873093413049e-04
27                                    -1.7983417840903153e-04
28                                     1.9316230454000148e-04
29                                    -8.1806588275527774e-05
30                                    -4.8449702100397917e-05
31                                    -3.4052296140396008e-04
32                                    -6.8425450100304192e-06
33                                    -1.4744531837672473e-04
34                                     2.0264490323082263e-04
35                                    -5.3877466343296200e-06
36                                    -8.2009443703644512e-05
37                                    -3.9369034697145969e-06
38                                     5.1157406198321342e-05
39                                    -2.7565084143526414e-05
40                                     5.5397727437177116e-05
41                                    -2.5396494249101408e-04
42                                    -1.2099546714921736e-04
43                                    -2.4752051059845229e-04
44                                     7.2714342438600461e-06
45                                    -1.0382609864374747e-04
46                                     1.4263759006505415e-04
47                                     1.0151987428700720e-04
48                                     1.5597364487408686e-04
49                                    -6.0361414721288819e-05
50                                    -5.3589126388995940e-05
51                                     1.2051218132390836e-04
52                                     6.5419956415862230e-05
53                                     4.0726569144208346e-04
54                                    -1.0620921097145822e-04
55                                     2.4220060791381378e-05
56                                    -3.2323140352718348e-05
57                                     3.7173608543678669e-05
58                                     3.2437143155569152e-04
59                                    -6.1722658528850778e-04
60                                     8.6495229200495352e-05
61                                    -1.1485679934341149e-04
62                                     2.5108908668745097e-04
63                                    -1.0654068678311716e-04
64                                    -2.9422963653769768e-04
65                                    -1.9492042909036148e-04
66                                    -6.2896719334526517e-05
67                                     3.2929435591905307e-04
68                                     1.8552985776607722e-04
69                                     8.5433649204166303e-05
70                                     7.6059780466514453e-05
71                                    -4.1354210484481731e-06
72                                     5.0804221003948374e-05
73                                    -2.4148820123893588e-05
74                                    -6.5061291884894434e-05
75                                     1.7327811992163590e-05
76                                    -4.5054515651129766e-05
77                                    -1.2765218551394537e-04
78                                     5.6168093539330749e-05
79                                     6.8092916249215738e-05
80                                     8.8774829245929642e-06
81                                    -5.8857999120444712e-05
82                                    -9.3988592661661211e-06
83                                     3.6883847790750694e-05
84                                     8.7987583342523777e-05
85                                    -6.9307984604061103e-05
86                                     4.3691762218632329e-06
87                                     4.1020649009209476e-05
88                                     8.9736880570702655e-05
89                                    -6.0022647848581709e-05
90                                     1.2302427590912975e-04
91                                    -7.7417277850526259e-05
92                                    -3.9785568829873395e-05
93                                     2.3498333328567816e-06
94                                     1.3581300010461140e-05
95                                     2.8264648069116477e-05
96                                     1.3856536836552732e-04
97                                     4.8167902589404016e-05
98                                    -3.2815677815004025e-06
99                                     1.3686571239880722e-04
100                                   -2.7212009784976577e-05
101                                    3.8010936710741874e-05
102                                   -9.2826005769037316e-05
103                                   -6.2533511387522341e-05
104                                    3.7366774955925326e-05
105                                   -3.5925665651657024e-07
106                                   -5.9799357289165106e-05
107                                    5.9560762492765466e-05
108                                   -6.6405961740085802e-05
109                                   -7.9277588274601714e-06
110                                    8.8115945697935237e-05
   &Method [&Type "String"] "SCF"
   &Level [&Type "String"] "Relaxed density"
   &Mult [&Type "Integer"] 1
   &State [&Type "Integer"] 0
   &Irrep [&Type "Integer"] 0
$End
$Geometry
   &GeometryIndex 20
   &NAtoms [&Type "Integer"] 37
   &NCorelessECP [&Type "Integer"] 0
   &NGhostAtoms [&Type "Integer"] 0
   &CartesianCoordinates [&Type "Coordinates", &Dim(37,4), &Units "Bohr"] 
              P     -6.850302857137   -2.984616728522   -0.040142344622
              O     -8.674417177042   -2.307966581365   -2.069535161358
              O     -7.605971215385   -4.537158762875    2.177917541141
              O     -4.459575133338   -4.275994207740   -1.469777024712
              O     -5.619563954351   -0.432744473449    1.145693408140
              C     -4.815698785102    1.485119218987   -0.529466037595
              C     -3.038636089835    3.231267571219    0.861216955471
              O     -0.893440208095    1.854142319042    1.812071222326
              C     -1.967941567191    5.283983320390   -0.828283730446
              O     -1.388391627618    7.425637911599    0.640967068859
              C      0.461634468087    4.050307979939   -1.791298337408
              O      2.345659563401    5.778433723995   -2.482356488738
              C      1.303820314099    2.572330435277    0.536039603129
              N      2.775852086252    0.340228107579   -0.046276041510
              C      1.985532270661   -1.776257275921   -1.315272729308
              N      3.742870212309   -3.495555695509   -1.533089752583
              C      5.793735918506   -2.458852282434   -0.348775595453
              C      8.245152803324   -3.386466278096    0.034112152800
              N      9.081582322156   -5.590095007348   -0.746228179227
              N      9.767844358653   -1.772908606613    1.328543959527
              C      9.019899152534    0.525698150198    2.195740827516
              N      6.782891339811    1.466911013704    1.880196836960
              C      5.227076143899   -0.075694015362    0.597340909902
              H     -3.299517929071   -5.012913385663   -0.273337476542
              H     -3.870078055001    0.660044949285   -2.177589239737
              H     -6.436721417518    2.581279792443   -1.202961503671
              H     -4.005985162017    4.059225999636    2.486961789401
              H     -3.255634024839    5.761857459531   -2.377321358408
              H     -0.024563397302    8.293258791595   -0.211380966967
              H      0.024340844024    2.750061890325   -3.337288063263
              H      2.170909276513    6.167446195457   -4.251441308737
              H      2.521494574492    3.758229541361    1.714497215693
              H      0.075615849011   -1.945036001223   -2.018684517360
              H      7.913598209459   -6.743415650920   -1.710451198002
              H     10.869150359174   -6.167154864383   -0.432638994980
              H     10.457699292692    1.575092908892    3.205747726284
              H     11.576430276425   -2.295185235605    1.683743311642
$End
$SCF_Energy
   &GeometryIndex 20
   &Method [&Type "String"] "SCF"
   &totalEnergy [&Type "ArrayOfDoubles", &Dim (1,1)] "Total energy of each state"
                                                         0

0                                     -1.5304293268970962e+03
   &Mult [&Type "ArrayOfIntegers", &Dim (1,1)] "Multiplicity of each state"
                                                         0

0                                                        1
$End
$DFT_Energy
   &GeometryIndex 20
   &nAlphaEl [&Type "Integer"] 89
   &nBetaEl [&Type "Integer"] 89
   &nTotalEl [&Type "Integer"] 179
   &finalEn [&Type "Double"]      -1.5304293268970962e+03  "No Van der Waals correction"
   &eExchange [&Type "Double"]      -1.2773364757748689e+02
   &eCorr [&Type "Double"]      -6.2565457820408099e+00
   &eXC [&Type "Double"]      -1.3399019335952769e+02
   &eCNL [&Type "Double"]       0.0000000000000000e+00
$End
$Solvation_Details
   &GeometryIndex 20
   &Solvent [&Type "String"] "WATER"
   &Epsilon [&Type "Double"]       8.0150999999999996e+01
   &Refrac [&Type "Double"]       1.3328000000000000e+00
   &RSolv [&Type "Double"]       1.3000000000000000e+00
   &SurfaceType [&Type "String"] "GAUSSIAN VDW"
   &CPCMDielEnergy [&Type "Double"]      -1.6738618599999999e-01
   &NPoints [&Type "Integer"] 3085
   &SurfaceArea [&Type "Double"]       1.2085869924030001e+03
$End
$SCF_Timings
   &GeometryIndex 20
   &TOTAL [&Type "Double"]       8.5463377999999992e+01
   &PREP [&Type "Double"]       9.2243400000000009e-01
   &FOCK [&Type "Double"]       7.7110986999999994e+01
   &DENS [&Type "Double"]       2.2336099999998993e-01
   &ETOT [&Type "Double"]       1.4133199999999135e-01
   &TRAFO [&Type "Double"]       6.4343500000001086e-01
   &DIIS [&Type "Double"]       1.6477219999999964e+00
   &SOSCF [&Type "Double"]       1.0026819999999930e+00
   &XC [&Type "Double"]       8.0568049999999829e+00
   &FOCKSTART [&Type "Double"]       4.3110999999980582e-02
   &SOLV [&Type "Double"]       7.8583699999999901e+00
   &SOLV_INIT [&Type "Double"]       3.5457800000000000e-01
   &INT_PREP [&Type "Double"]       3.0000000172947239e-06
   &INT_BF [&Type "Double"]       1.3522540000000820e+00
   &INT_DENS [&Type "Double"]       2.2072349999997751e+00
   &INT_DENSIO [&Type "Double"]       1.4112851769800021e+05
   &INT_FUNC [&Type "Double"]       7.8596999999927419e-02
   &INT_POT [&Type "Double"]       1.5717760000000514e+00
   &INT_POTIO [&Type "Double"]       1.9938000000120581e-02
   &INT_SUM [&Type "Double"]       1.1600000000022703e-03
   &SPLITRIJ [&Type "Double"]       6.0852700000000048e+00
   &COSX [&Type "Double"]       5.9474657000000001e+01
$End
$VdW_Correction
   &GeometryIndex 20
   &vdW [&Type "Double"]      -4.1563440588837770e-02
$End
$Single_Point_Data
   &GeometryIndex 20
   &FinalEnergy [&Type "Double"]      -1.5304708903376850e+03  "Final single point energy"
   &Converged [&Type "Boolean"] true
$End
$SCF_Nuc_Gradient
   &GeometryIndex 20
   &NAtoms [&Type "Integer"] 37
   &gradNorm [&Type "Double"]       1.3901285545041622e-03
   &grad [&Type "ArrayOfDoubles", &Dim (111,1)] 
                                                         0

0                                      1.4123569632878367e-04
1                                     -2.4048967935560257e-04
2                                     -6.2055629382880913e-04
3                                      3.1122011290097212e-05
4                                      4.5634628551724426e-05
5                                      4.8373808623304305e-04
6                                     -1.7816501127949192e-04
7                                      1.3358745800774589e-04
8                                     -4.1307040986694185e-05
9                                     -2.7576052244713249e-04
10                                    -6.5644565425730010e-05
11                                     5.4202414440301224e-05
12                                     3.0762840089069814e-04
13                                     9.5492120490692375e-05
14                                     2.1398339791230147e-04
15                                     1.1669274738494446e-04
16                                    -1.7054027427641132e-04
17                                    -8.0234735776495603e-05
18                                     2.6289449906686672e-05
19                                     3.4092582116250329e-05
20                                    -5.6030795940555778e-05
21                                    -6.4286059211125383e-05
22                                     9.4615637115974671e-05
23                                    -2.6923098184965895e-05
24                                     3.9581384896173594e-05
25                                     5.1679594668028854e-05
26                                     2.6334825764320001e-04
27                                    -4.2912103294176196e-05
28                                     1.1140512221011678e-05
29                                    -1.2720403136402749e-04
30                                    -1.0707901754691499e-04
31                                    -2.8569725992543606e-04
32                                    -1.7049066932158999e-05
33                                    -5.6604926989790852e-05
34                                     1.0788179483853049e-04
35                                    -2.7120322195542976e-05
36                                    -5.4663200360209613e-05
37                                     2.3759827400324904e-05
38                                     7.7109312758563239e-05
39                                    -1.5468198755448338e-04
40                                    -8.0166146135617229e-05
41                                    -8.1897173862901498e-05
42                                    -1.9979444846195647e-04
43                                    -8.0588836083930423e-05
44                                     1.5250592924485266e-04
45                                     9.9143746515413053e-05
46                                     3.2261097183954293e-05
47                                     6.0031501234298020e-05
48                                    -5.0873357197404358e-05
49                                    -8.0455138288864031e-05
50                                    -3.9971618185210352e-06
51                                     4.5140009608094470e-05
52                                     7.0076260643073881e-05
53                                     2.4204789661656610e-04
54                                    -5.9116751360066363e-05
55                                     6.1875175569400597e-05
56                                     1.5480318305548891e-05
57                                     1.1442144716747047e-04
58                                     4.9142548575869258e-07
59                                    -2.8059753362476856e-04
60                                    -1.3157414238131667e-05
61                                    -9.7970321662875926e-06
62                                     1.3522255255980913e-04
63                                     1.1640745200085277e-05
64                                    -1.7013213173863907e-04
65                                    -9.2547412142400672e-05
66                                     2.6451144453339679e-05
67                                     3.2967582342379809e-04
68                                    -5.2286486330259884e-05
69                                     2.4683130687318884e-04
70                                     1.7915992812240282e-04
71                                    -1.0663830779056146e-04
72                                     7.4267763060030973e-05
73                                    -1.4364740435227869e-04
74                                    -5.4456463418666893e-05
75                                    -1.0449869322013702e-05
76                                     7.9582013594470369e-05
77                                    -2.8465961364986072e-05
78                                     3.9087055524178829e-05
79                                    -7.9206147591974517e-06
80                                     3.0353729307431475e-05
81                                    -3.4891806119457822e-05
82                                    -2.0438536048772058e-05
83                                    -3.3387767926946964e-05
84                                     2.2292351271235796e-05
85                                    -3.9488635233608105e-05
86                                     1.8493513637162517e-05
87                                     6.5154588765297400e-05
88                                     1.4640751724627447e-05
89                                    -1.3450117338487588e-05
90                                     6.6797125388118865e-05
91                                    -5.9833659375558895e-05
92                                    -1.5498881563460570e-05
93                                     3.0806034176390616e-05
94                                     2.8452300823681901e-05
95                                     1.1888643106747643e-05
96                                    -1.0218173692939358e-04
97                                     5.6078290139187972e-05
98                                    -7.5373448550315514e-05
99                                     8.3391971225349590e-06
100                                   -5.8559951518821274e-06
101                                   -1.7170897887455576e-05
102                                    2.2343094482786516e-05
103                                   -3.2600782587698847e-05
104                                    5.8159062695757267e-05
105                                   -9.5755608465005371e-05
106                                    6.7088613950476130e-05
107                                    5.5149566522254872e-05
108                                   -3.4891497967677837e-05
109                                   -2.3969135830350237e-05
110                                   -1.9521178154653808e-05
   &Method [&Type "String"] "SCF"
   &Level [&Type "String"] "Relaxed density"
   &Mult [&Type "Integer"] 1
   &State [&Type "Integer"] 0
   &Irrep [&Type "Integer"] 0
$End
$Geometry
   &GeometryIndex 21
   &NAtoms [&Type "Integer"] 37
   &NCorelessECP [&Type "Integer"] 0
   &NGhostAtoms [&Type "Integer"] 0
   &CartesianCoordinates [&Type "Coordinates", &Dim(37,4), &Units "Bohr"] 
              P     -6.768964667436   -3.008115127474   -0.074830582580
              O     -8.459873875488   -2.416293675310   -2.241478033449
              O     -7.650009090093   -4.512270441850    2.130300836509
              O     -4.268400478696   -4.300960058162   -1.301788606993
              O     -5.657150001365   -0.405020157843    1.118237321271
              C     -4.814009690668    1.498077961745   -0.555159426968
              C     -3.054466672597    3.247526192387    0.854622717463
              O     -0.913321938078    1.878221120534    1.826884881123
              C     -1.971074289819    5.303359645191   -0.822022209738
              O     -1.390318966170    7.435358289619    0.660447931361
              C      0.457101010811    4.062921775386   -1.778808177557
              O      2.350997512405    5.781734806282   -2.464899156166
              C      1.288758179274    2.580685189103    0.549730498980
              N      2.749840408299    0.340761656329   -0.035119522054
              C      1.949468258768   -1.771438520023   -1.304684640381
              N      3.701775995156   -3.494880642209   -1.532532744921
              C      5.760226705250   -2.464467337760   -0.356102931011
              C      8.211710725827   -3.397555035999    0.012781787746
              N      9.039489088889   -5.601489615629   -0.776020620001
              N      9.743964806535   -1.789664377853    1.302493346356
              C      9.004963021889    0.508566791330    2.177563394317
              N      6.768268591719    1.455075846387    1.875200795734
              C      5.202929486874   -0.081999910833    0.597175115970
              H     -3.192639902537   -5.001021434452   -0.008199909184
              H     -3.844605510256    0.660249687156   -2.182515925259
              H     -6.419034041389    2.596479395393   -1.262617008290
              H     -4.039917292770    4.069510069534    2.472299289793
              H     -3.249871020491    5.792296668278   -2.374956128708
              H     -0.029869376254    8.311406138589   -0.188069022576
              H      0.018768014590    2.763703490222   -3.325642012660
              H      2.165653899936    6.191473788525   -4.228388555664
              H      2.513564113568    3.758543658115    1.728610456543
              H      0.036373716826   -1.934731464861   -2.000466266646
              H      7.863740178980   -6.749860376562   -1.736755149203
              H     10.827821398323   -6.182603729197   -0.474174177743
              H     10.449797130007    1.553069491471    3.182594800539
              H     11.554665604821   -2.314107528135    1.643482112211
$End
$SCF_Energy
   &GeometryIndex 21
   &Method [&Type "String"] "SCF"
   &totalEnergy [&Type "ArrayOfDoubles", &Dim (1,1)] "Total energy of each state"
                                                         0

0                                     -1.5304292800792737e+03
   &Mult [&Type "ArrayOfIntegers", &Dim (1,1)] "Multiplicity of each state"
                                                         0

0                                                        1
$End
$DFT_Energy
   &GeometryIndex 21
   &nAlphaEl [&Type "Integer"] 89
   &nBetaEl [&Type "Integer"] 89
   &nTotalEl [&Type "Integer"] 179
   &finalEn [&Type "Double"]      -1.5304292800792737e+03  "No Van der Waals correction"
   &eExchange [&Type "Double"]      -1.2773365513032294e+02
   &eCorr [&Type "Double"]      -6.2567304708658380e+00
   &eXC [&Type "Double"]      -1.3399038560118879e+02
   &eCNL [&Type "Double"]       0.0000000000000000e+00
$End
$Solvation_Details
   &GeometryIndex 21
   &Solvent [&Type "String"] "WATER"
   &Epsilon [&Type "Double"]       8.0150999999999996e+01
   &Refrac [&Type "Double"]       1.3328000000000000e+00
   &RSolv [&Type "Double"]       1.3000000000000000e+00
   &SurfaceType [&Type "String"] "GAUSSIAN VDW"
   &CPCMDielEnergy [&Type "Double"]      -1.6619784400000001e-01
   &NPoints [&Type "Integer"] 3080
   &SurfaceArea [&Type "Double"]       1.2054663146580001e+03
$End
$SCF_Timings
   &GeometryIndex 21
   &TOTAL [&Type "Double"]       8.3571510000000004e+01
   &PREP [&Type "Double"]       9.5062900000000006e-01
   &FOCK [&Type "Double"]       7.2454623999999995e+01
   &DENS [&Type "Double"]       7.4653099999999029e-01
   &ETOT [&Type "Double"]       1.2162300000000670e-01
   &TRAFO [&Type "Double"]       4.8167699999999414e-01
   &DIIS [&Type "Double"]       2.4327650000000034e+00
   &SOSCF [&Type "Double"]       1.2595149999999862e+00
   &XC [&Type "Double"]       7.7901400000000027e+00
   &FOCKSTART [&Type "Double"]       5.1739999999995456e-02
   &SOLV [&Type "Double"]       7.8570670000000007e+00
   &SOLV_INIT [&Type "Double"]       3.7365799999999999e-01
   &SOLV_FINAL [&Type "Double"]       1.0000000116860974e-06
   &INT_PREP [&Type "Double"]       2.9999999924257281e-06
   &INT_BF [&Type "Double"]       1.7509699999998851e+00
   &INT_DENS [&Type "Double"]       2.8497510000000474e+00
   &INT_DENSIO [&Type "Double"]       1.2264351608100020e+05
   &INT_FUNC [&Type "Double"]       9.2851999999956192e-02
   &INT_POT [&Type "Double"]       2.0583669999998264e+00
   &INT_POTIO [&Type "Double"]       2.1187000000034928e-02
   &INT_SUM [&Type "Double"]       4.9699999999575084e-04
   &SPLITRIJ [&Type "Double"]       5.8152850000000038e+00
   &COSX [&Type "Double"]       5.6724610999999996e+01
$End
$VdW_Correction
   &GeometryIndex 21
   &vdW [&Type "Double"]      -4.1677628786227203e-02
$End
$Single_Point_Data
   &GeometryIndex 21
   &FinalEnergy [&Type "Double"]      -1.5304709577080598e+03  "Final single point energy"
   &Converged [&Type "Boolean"] true
$End
$SCF_Nuc_Gradient
   &GeometryIndex 21
   &NAtoms [&Type "Integer"] 37
   &gradNorm [&Type "Double"]       1.6142744431241172e-03
   &grad [&Type "ArrayOfDoubles", &Dim (111,1)] 
                                                         0

0                                      2.0482539403536321e-04
1                                     -1.4606644560435933e-04
2                                     -7.9932123657427110e-04
3                                     -2.1113574964103671e-04
4                                     -2.4056823868211813e-05
5                                      3.2246064956385632e-04
6                                     -2.1934599091803957e-04
7                                      1.3851670619486199e-04
8                                      4.6749795358649163e-05
9                                     -2.6255904034457777e-04
10                                    -2.1897263256582725e-04
11                                     1.3140203377515406e-04
12                                     3.5050429714235046e-04
13                                     1.5175574678272800e-04
14                                     3.3329585490424700e-04
15                                     2.0044612290341158e-04
16                                    -2.2117245728707962e-04
17                                    -2.2156486610173690e-04
18                                    -4.6503125369696109e-05
19                                     1.3540193156643315e-04
20                                    -3.7075552929602217e-05
21                                    -9.1162425040293643e-05
22                                     3.1414924367093402e-04
23                                     5.9625155209638543e-05
24                                    -1.7254543228941831e-05
25                                     8.8007961430638579e-05
26                                     2.8481783619155169e-04
27                                     3.0405602835658736e-05
28                                    -6.2217856865867910e-05
29                                    -1.0504495207793811e-04
30                                    -1.4416278279050289e-04
31                                    -2.5597863657485969e-04
32                                    -5.4235146526796418e-05
33                                     4.2799247357535667e-05
34                                    -2.7204172272524553e-05
35                                     1.6466816152995828e-05
36                                    -1.0866515491817768e-04
37                                     9.4070534166753011e-05
38                                     1.2083342099096445e-04
39                                    -1.2783257608876592e-04
40                                    -1.4123321276952985e-04
41                                    -2.0571398517843010e-04
42                                    -1.6114215722201662e-04
43                                    -6.5476977941022685e-05
44                                     2.1731790237551249e-04
45                                     1.0812220874893934e-04
46                                    -5.4343354478791851e-05
47                                     9.5411919214113950e-05
48                                    -6.1757721311353053e-05
49                                    -2.0289691490165741e-06
50                                    -1.0519873069670890e-04
51                                     1.2882459125151616e-04
52                                     1.5165640233935951e-04
53                                     2.4398267146786835e-04
54                                    -5.8682551035801452e-05
55                                     4.7258165741179570e-05
56                                     3.9441747966107905e-05
57                                     1.2985663824685550e-05
58                                    -1.3907689332382473e-05
59                                    -1.9136524804131707e-04
60                                     2.9836066391053452e-05
61                                    -1.4939470412461095e-04
62                                     6.6782199563698288e-05
63                                    -1.9247725403723920e-05
64                                    -1.0499307411219440e-04
65                                    -9.5933014600009195e-05
66                                     1.9484413431694917e-05
67                                     2.2975733204054689e-04
68                                    -3.4128814714200803e-05
69                                     3.0274881823540357e-04
70                                     1.3017633248074955e-04
71                                    -2.7576444653078733e-05
72                                     1.3437250280299242e-04
73                                    -2.3425049687882240e-04
74                                    -6.1110502964084609e-05
75                                    -1.5285549289161031e-05
76                                     1.5538176749706298e-04
77                                     3.3849249222302633e-06
78                                     7.0707369027085486e-05
79                                    -8.3755231511679267e-05
80                                     7.2773216936470133e-05
81                                    -2.4632480237526250e-05
82                                    -5.1582827948378688e-05
83                                    -6.7637524446946513e-05
84                                    -5.2361214132864871e-05
85                                    -1.2451905620125434e-05
86                                     1.6473242469693473e-05
87                                     7.0424999942079132e-05
88                                    -4.2675525091882661e-05
89                                     2.5667486133888458e-05
90                                     6.4592220860239285e-06
91                                    -1.1352997642331548e-05
92                                    -2.5887414279916000e-05
93                                     6.1922122489682454e-05
94                                     2.3863609102868320e-05
95                                     4.7726966323399496e-06
96                                    -4.6717482156022837e-05
97                                     2.2958335357490877e-04
98                                    -8.8507658466708349e-05
99                                    -1.6170937462631404e-05
100                                    4.5582504166433602e-07
101                                   -1.7053851400685977e-05
102                                    4.4059941419309675e-05
103                                   -3.0386960811848340e-05
104                                    5.7064801207745814e-05
105                                   -1.0366068639955482e-04
106                                    5.8932280089192329e-05
107                                    7.3192309545024771e-05
108                                   -3.0648681566570552e-05
109                                    4.5357728207421507e-06
110                                   -9.4561726116299688e-05
   &Method [&Type "String"] "SCF"
   &Level [&Type "String"] "Relaxed density"
   &Mult [&Type "Integer"] 1
   &State [&Type "Integer"] 0
   &Irrep [&Type "Integer"] 0
$End
$Geometry
   &GeometryIndex 22
   &NAtoms [&Type "Integer"] 37
   &NCorelessECP [&Type "Integer"] 0
   &NGhostAtoms [&Type "Integer"] 0
   &CartesianCoordinates [&Type "Coordinates", &Dim(37,4), &Units "Bohr"] 
              P     -6.670412712173   -3.025567613669   -0.118913431201
              O     -8.184038338664   -2.536168241214   -2.436771396770
              O     -7.693406530714   -4.496465444745    2.046693205974
              O     -4.043993870915   -4.283017120270   -1.095169954113
              O     -5.724540574372   -0.362130862646    1.084639184125
              C     -4.842549790209    1.533757001713   -0.577921151604
              C     -3.077086553078    3.263822515604    0.848046235869
              O     -0.947053194049    1.879057595009    1.825809184038
              C     -1.971003380011    5.320864911877   -0.813580970688
              O     -1.381683196436    7.437138904340    0.687619998283
              C      0.451150892437    4.066088876500   -1.767055847884
              O      2.362436495188    5.768060679460   -2.444149747840
              C      1.264864926443    2.569573933839    0.558692564997
              N      2.719040469547    0.324125921128   -0.027989591336
              C      1.914990146534   -1.787425349507   -1.296950479627
              N      3.667735498006   -3.509520398561   -1.533598715964
              C      5.730674594416   -2.478312846790   -0.366171830899
              C      8.184633766445   -3.409730175671   -0.009914754279
              N      9.009144982029   -5.613426053700   -0.802941852454
              N      9.722181456750   -1.800989726071    1.272402745279
              C      8.986424543138    0.497035658237    2.150527884011
              N      6.746932631839    1.441237614872    1.861783402735
              C      5.175933276391   -0.096872622837    0.591489161390
              H     -3.086015236012   -4.952353424256    0.302762152656
              H     -3.867146901840    0.690234571398   -2.197499958784
              H     -6.429250121117    2.648607832609   -1.300267400494
              H     -4.065189279277    4.083576367546    2.465152113000
              H     -3.238053388972    5.829431288843   -2.369638211490
              H     -0.032646394502    8.329046263447   -0.161664612935
              H      0.005587051015    2.773037531020   -3.317587710565
              H      2.159873531681    6.214700571615   -4.196948605151
              H      2.490749405630    3.735324570258    1.748007780111
              H     -0.002441848495   -1.956172379069   -1.978863498950
              H      7.828242955432   -6.761362549500   -1.757883685841
              H     10.799389303903   -6.193969369113   -0.511642409224
              H     10.436061101501    1.542729759448    3.147413029320
              H     11.536815317152   -2.321425963721    1.599281654467
$End
$SCF_Energy
   &GeometryIndex 22
   &Method [&Type "String"] "SCF"
   &totalEnergy [&Type "ArrayOfDoubles", &Dim (1,1)] "Total energy of each state"
                                                         0

0                                     -1.5304291956815173e+03
   &Mult [&Type "ArrayOfIntegers", &Dim (1,1)] "Multiplicity of each state"
                                                         0

0                                                        1
$End
$DFT_Energy
   &GeometryIndex 22
   &nAlphaEl [&Type "Integer"] 89
   &nBetaEl [&Type "Integer"] 89
   &nTotalEl [&Type "Integer"] 179
   &finalEn [&Type "Double"]      -1.5304291956815173e+03  "No Van der Waals correction"
   &eExchange [&Type "Double"]      -1.2773376357379377e+02
   &eCorr [&Type "Double"]      -6.2569179792436813e+00
   &eXC [&Type "Double"]      -1.3399068155303746e+02
   &eCNL [&Type "Double"]       0.0000000000000000e+00
$End
$Solvation_Details
   &GeometryIndex 22
   &Solvent [&Type "String"] "WATER"
   &Epsilon [&Type "Double"]       8.0150999999999996e+01
   &Refrac [&Type "Double"]       1.3328000000000000e+00
   &RSolv [&Type "Double"]       1.3000000000000000e+00
   &SurfaceType [&Type "String"] "GAUSSIAN VDW"
   &CPCMDielEnergy [&Type "Double"]      -1.6450582200000000e-01
   &NPoints [&Type "Integer"] 3070
   &SurfaceArea [&Type "Double"]       1.1997077892880000e+03
$End
$SCF_Timings
   &GeometryIndex 22
   &TOTAL [&Type "Double"]       9.0869129000000001e+01
   &PREP [&Type "Double"]       7.9545699999999997e-01
   &FOCK [&Type "Double"]       8.2785718000000003e+01
   &DENS [&Type "Double"]       2.4287400000000048e-01
   &ETOT [&Type "Double"]       1.4402000000001358e-01
   &POP [&Type "Double"]       9.9999999747524271e-07
   &TRAFO [&Type "Double"]       7.5117399999999890e-01
   &DIIS [&Type "Double"]       2.0010049999999957e+00
   &SOSCF [&Type "Double"]       1.2350200000000022e+00
   &XC [&Type "Double"]       8.7216130000000014e+00
   &FOCKSTART [&Type "Double"]       4.3439999999998036e-02
   &SOLV [&Type "Double"]       8.9056379999999979e+00
   &SOLV_INIT [&Type "Double"]       2.7027800000000007e-01
   &INT_PREP [&Type "Double"]       5.0000000051397819e-06
   &INT_BF [&Type "Double"]       1.7009870000002092e+00
   &INT_DENS [&Type "Double"]       2.5802910000001074e+00
   &INT_DENSIO [&Type "Double"]       1.8641170194200022e+05
   &INT_FUNC [&Type "Double"]       9.9569000000050423e-02
   &INT_POT [&Type "Double"]       1.7507679999998818e+00
   &INT_POTIO [&Type "Double"]       2.2517000000291887e-02
   &INT_SUM [&Type "Double"]       1.1349999999783478e-03
   &SPLITRIJ [&Type "Double"]       6.8926380000000158e+00
   &COSX [&Type "Double"]       6.1773303999999996e+01
$End
$VdW_Correction
   &GeometryIndex 22
   &vdW [&Type "Double"]      -4.1804646229040621e-02
$End
$Single_Point_Data
   &GeometryIndex 22
   &FinalEnergy [&Type "Double"]      -1.5304710003277464e+03  "Final single point energy"
   &Converged [&Type "Boolean"] true
$End
$SCF_Nuc_Gradient
   &GeometryIndex 22
   &NAtoms [&Type "Integer"] 37
   &gradNorm [&Type "Double"]       1.6508448356453485e-03
   &grad [&Type "ArrayOfDoubles", &Dim (111,1)] 
                                                         0

0                                     -1.7656887131057316e-05
1                                     -2.2685850764060146e-04
2                                     -3.9944872401983779e-04
3                                      9.3056936637415520e-05
4                                     -4.4761342571666374e-05
5                                      4.9669325862132635e-05
6                                     -5.2918416235351088e-05
7                                      1.7339197345283755e-05
8                                     -2.1002264148515290e-05
9                                     -5.4947620041680205e-05
10                                     3.9237481434051659e-05
11                                     8.8367123834336885e-05
12                                     5.5945351173798533e-04
13                                     2.0418611939338279e-04
14                                     3.4967276446917078e-04
15                                    -3.1954018908208332e-04
16                                    -3.3031561727833237e-05
17                                    -1.6962125423181494e-04
18                                    -3.6198174013124448e-04
19                                    -1.0746438932759283e-04
20                                    -8.1251154016311164e-06
21                                     1.4226055553502527e-04
22                                     7.5041158878581067e-04
23                                     2.6630329471879843e-04
24                                    -1.2196026373683670e-04
25                                     2.6175679921252302e-04
26                                    -1.8261694341213411e-05
27                                     1.3610900986839170e-04
28                                    -2.6496953355113745e-04
29                                    -8.4763025605189045e-05
30                                    -8.3918928428002953e-05
31                                     1.1591683564058617e-04
32                                    -1.0515803498430752e-04
33                                     1.6290617933562842e-04
34                                    -2.7951744930150210e-04
35                                     6.7701040431324149e-05
36                                    -3.7625327534420491e-05
37                                    -1.3639177200901477e-05
38                                     5.5268134321115293e-05
39                                    -6.9272977137517597e-06
40                                    -2.8088703524374988e-04
41                                    -1.7754979229108413e-04
42                                    -2.0466567144635742e-05
43                                    -1.9475439644380552e-04
44                                     1.6701919531827319e-04
45                                     3.5306754013704342e-05
46                                    -1.0088933472945069e-04
47                                     6.2536443032739278e-05
48                                    -1.3581374969859903e-04
49                                    -4.9585842767892250e-05
50                                    -1.5764131993833443e-04
51                                     2.0163498651553036e-04
52                                     8.2955879805825410e-05
53                                     1.4976831437691994e-04
54                                    -4.3453866794384389e-05
55                                     5.4476566578259649e-05
56                                     8.5468382189273260e-05
57                                    -1.5843625410039730e-04
58                                    -2.2426267297335770e-05
59                                    -2.2231512782531448e-05
60                                     8.7787785404144694e-05
61                                    -1.2735121547817290e-04
62                                    -7.3650865899701741e-05
63                                    -6.8972114675795162e-06
64                                    -5.6860353617682507e-05
65                                     7.5759198547241098e-06
66                                     9.3758488223401586e-08
67                                     2.0172284256886265e-04
68                                    -1.0664855651554208e-04
69                                     2.2421339997894687e-05
70                                     1.0660497518036747e-04
71                                     1.5193297897328281e-05
72                                     4.4643453639547638e-05
73                                    -1.2517905081803411e-04
74                                     7.6676336742761086e-05
75                                     4.8202253542756028e-05
76                                     1.1978401011826773e-04
77                                    -8.4785927970385113e-05
78                                     5.4710704219404033e-06
79                                    -2.0741843161994460e-04
80                                     7.5819827315193756e-05
81                                     3.7938938881939210e-05
82                                    -8.9683072890170721e-05
83                                    -7.5676970400167880e-05
84                                    -1.7345013628371341e-04
85                                     8.3045346747069820e-05
86                                     1.0060469726151159e-05
87                                     6.0217228316581153e-05
88                                    -7.9812534464163113e-05
89                                     3.6060600559690062e-05
90                                    -9.6580799445785423e-05
91                                     8.6234694173926066e-05
92                                    -5.1962918091036099e-06
93                                    -3.0775276026228176e-05
94                                    -7.1127570804924593e-05
95                                     5.9374118577084435e-05
96                                     1.4930751826393998e-04
97                                     2.0050316230453219e-04
98                                    -9.3381894015995450e-05
99                                    -4.1409093829089995e-05
100                                    1.5941342836414668e-05
101                                   -1.6375542462127313e-05
102                                    3.3725135808913465e-05
103                                   -4.3851071186284959e-05
104                                    5.0657683614813858e-05
105                                   -1.0089643423755582e-04
106                                    5.1606267973016505e-05
107                                    9.3132876385876252e-05
108                                    4.5119629967285246e-05
109                                    2.8345037458884109e-05
110                                   -1.4680636560286225e-04
   &Method [&Type "String"] "SCF"
   &Level [&Type "String"] "Relaxed density"
   &Mult [&Type "Integer"] 1
   &State [&Type "Integer"] 0
   &Irrep [&Type "Integer"] 0
$End
$Geometry
   &GeometryIndex 23
   &NAtoms [&Type "Integer"] 37
   &NCorelessECP [&Type "Integer"] 0
   &NGhostAtoms [&Type "Integer"] 0
   &CartesianCoordinates [&Type "Coordinates", &Dim(37,4), &Units "Bohr"] 
              P     -6.790715966479   -2.986085105385   -0.094085183533
              O     -8.343297093442   -2.451548690043   -2.376124549048
              O     -7.796850498905   -4.446681677233    2.086479999076
              O     -4.215256873628   -4.295413336685   -1.135814023183
              O     -5.759556561060   -0.351097357728    1.101274444154
              C     -4.864930364161    1.534036881653   -0.567137748902
              C     -3.065920949460    3.239439904327    0.845323322032
              O     -0.941058625934    1.824932519866    1.792617330370
              C     -1.958633825389    5.296472515418   -0.817681550262
              O     -1.370504680042    7.413771005517    0.683516086523
              C      0.463894002715    4.045275327373   -1.774314078220
              O      2.373924584985    5.751363068389   -2.444553421345
              C      1.274803172474    2.540644383572    0.546270525891
              N      2.747895965133    0.309452145265   -0.042093672027
              C      1.965131742218   -1.802480007443   -1.324133941890
              N      3.730732710954   -3.511558136149   -1.557303440187
              C      5.780398120369   -2.471281962248   -0.374123881701
              C      8.238503113623   -3.387608050545   -0.008042400979
              N      9.083203337339   -5.582592845523   -0.804513082864
              N      9.757730061995   -1.773257554625    1.289258878058
              C      9.001986775371    0.516416657254    2.171897378318
              N      6.757485544004    1.446354714580    1.875134852900
              C      5.203797461361   -0.098099932784    0.590998946650
              H     -3.242863926854   -4.996460158690    0.236130353910
              H     -3.911005738401    0.679281010276   -2.193699665216
              H     -6.442732182054    2.668494051859   -1.277626461766
              H     -4.027707396980    4.064556516398    2.475849869852
              H     -3.226971219900    5.805308523352   -2.372444962787
              H     -0.022923458760    8.306801735177   -0.167190938837
              H      0.018710795321    2.757738600522   -3.329588744280
              H      2.178651350534    6.195710091034   -4.198699584929
              H      2.484063335946    3.708983780541    1.750308057730
              H      0.051273644496   -1.983868392242   -2.012546893297
              H      7.915809781890   -6.736841568207   -1.768172249901
              H     10.875824673289   -6.151005093898   -0.505263286206
              H     10.440640353059    1.567537498235    3.178992763361
              H     11.572819869016   -2.284148833754    1.628295430700
$End
$SCF_Energy
   &GeometryIndex 23
   &Method [&Type "String"] "SCF"
   &totalEnergy [&Type "ArrayOfDoubles", &Dim (1,1)] "Total energy of each state"
                                                         0

0                                     -1.5304293706641204e+03
   &Mult [&Type "ArrayOfIntegers", &Dim (1,1)] "Multiplicity of each state"
                                                         0

0                                                        1
$End
$DFT_Energy
   &GeometryIndex 23
   &nAlphaEl [&Type "Integer"] 89
   &nBetaEl [&Type "Integer"] 89
   &nTotalEl [&Type "Integer"] 179
   &finalEn [&Type "Double"]      -1.5304293706641204e+03  "No Van der Waals correction"
   &eExchange [&Type "Double"]      -1.2773293477235011e+02
   &eCorr [&Type "Double"]      -6.2564606516428949e+00
   &eXC [&Type "Double"]      -1.3398939542399299e+02
   &eCNL [&Type "Double"]       0.0000000000000000e+00
$End
$Solvation_Details
   &GeometryIndex 23
   &Solvent [&Type "String"] "WATER"
   &Epsilon [&Type "Double"]       8.0150999999999996e+01
   &Refrac [&Type "Double"]       1.3328000000000000e+00
   &RSolv [&Type "Double"]       1.3000000000000000e+00
   &SurfaceType [&Type "String"] "GAUSSIAN VDW"
   &CPCMDielEnergy [&Type "Double"]      -1.6546465299999999e-01
   &NPoints [&Type "Integer"] 3070
   &SurfaceArea [&Type "Double"]       1.2079506401270000e+03
$End
$SCF_Timings
   &GeometryIndex 23
   &TOTAL [&Type "Double"]       8.2490507999999991e+01
   &PREP [&Type "Double"]       8.0736200000000002e-01
   &FOCK [&Type "Double"]       7.4799281999999991e+01
   &DENS [&Type "Double"]       2.1550699999999523e-01
   &ETOT [&Type "Double"]       1.1578099999999125e-01
   &POP [&Type "Double"]       9.9999999747524271e-07
   &TRAFO [&Type "Double"]       6.2155200000000121e-01
   &DIIS [&Type "Double"]       1.6063009999999949e+00
   &SOSCF [&Type "Double"]       8.6912500000000570e-01
   &XC [&Type "Double"]       7.9237670000000069e+00
   &FOCKSTART [&Type "Double"]       4.0396999999994354e-02
   &SOLV [&Type "Double"]       7.5582730000000140e+00
   &SOLV_INIT [&Type "Double"]       2.7871200000000002e-01
   &INT_PREP [&Type "Double"]       2.9999999995311555e-06
   &INT_BF [&Type "Double"]       1.2945719999998602e+00
   &INT_DENS [&Type "Double"]       2.0530310000001268e+00
   &INT_DENSIO [&Type "Double"]       1.3413187736200020e+05
   &INT_FUNC [&Type "Double"]       7.5141000000007452e-02
   &INT_POT [&Type "Double"]       1.4309930000002709e+00
   &INT_POTIO [&Type "Double"]       1.9454999999823031e-02
   &INT_SUM [&Type "Double"]       1.9849999999976831e-03
   &SPLITRIJ [&Type "Double"]       5.8966260000000066e+00
   &COSX [&Type "Double"]       5.7403030999999977e+01
$End
$VdW_Correction
   &GeometryIndex 23
   &vdW [&Type "Double"]      -4.1633279232910547e-02
$End
$Single_Point_Data
   &GeometryIndex 23
   &FinalEnergy [&Type "Double"]      -1.5304710039433533e+03  "Final single point energy"
   &Converged [&Type "Boolean"] true
$End
$SCF_Nuc_Gradient
   &GeometryIndex 23
   &NAtoms [&Type "Integer"] 37
   &gradNorm [&Type "Double"]       1.5508732780853331e-03
   &grad [&Type "ArrayOfDoubles", &Dim (111,1)] 
                                                         0

0                                     -6.1672328240844115e-04
1                                     -7.1455081943818267e-05
2                                     -6.3224598158633034e-05
3                                      2.0821057548782681e-04
4                                     -1.2614558529741140e-04
5                                     -4.5878141487969246e-06
6                                      6.9205223115118258e-05
7                                     -6.3431758130470101e-05
8                                     -1.9359120467216744e-05
9                                     -5.2100384682016648e-05
10                                    -1.4133971991605850e-05
11                                     2.1156534855242485e-05
12                                     5.0522583196628058e-04
13                                     9.7125620437860501e-05
14                                     2.1552860111819817e-04
15                                    -3.6531786680333987e-04
16                                     1.6072034411983852e-04
17                                    -4.9874496724865777e-06
18                                    -3.6458891772476576e-04
19                                    -1.7363375229350367e-04
20                                    -2.0710499790075059e-06
21                                     1.4583886557981200e-04
22                                     6.6485615526156035e-04
23                                     3.1793044019775782e-04
24                                    -2.3345563004250629e-05
25                                     1.9879254341676676e-04
26                                    -1.8012340943505118e-04
27                                     6.9832972233018436e-05
28                                    -1.7587392967708749e-04
29                                    -2.8130733426517059e-05
30                                     7.9414660712999390e-06
31                                     1.7255088012196207e-04
32                                    -5.7491595510947855e-05
33                                     1.0449837628974481e-04
34                                    -2.0988470760612921e-04
35                                     5.7157252349906984e-05
36                                     2.8945087677658375e-05
37                                    -1.5012648711855938e-04
38                                    -8.8821262744032174e-05
39                                     1.3178125153474196e-04
40                                    -1.3524089874050976e-04
41                                    -1.9603681272677842e-04
42                                     1.9250862351803981e-04
43                                     3.2798342368097014e-05
44                                    -2.0035148019112740e-04
45                                    -5.1253322304365345e-05
46                                    -6.3696828219652265e-05
47                                     1.0306697087732860e-04
48                                     5.4058479959302611e-05
49                                    -3.6695441548696911e-06
50                                    -1.0031402389769649e-04
51                                     4.4073978282084338e-05
52                                     1.3547598245745342e-04
53                                     1.0809413429415514e-04
54                                     6.8266777087747516e-05
55                                    -6.2577371374875426e-05
56                                     3.9964959503983847e-05
57                                    -1.2243729032284365e-04
58                                     8.8236166373418962e-05
59                                    -5.5475741059060748e-05
60                                     1.0828911236911647e-04
61                                    -9.7377109273748171e-05
62                                    -5.8148014826244236e-05
63                                    -1.4222633385792640e-05
64                                    -2.0902312043078548e-05
65                                     4.5527356690248477e-05
66                                    -3.7158550708910764e-05
67                                     4.6100381807085171e-05
68                                     8.0440222825274869e-05
69                                    -1.5017316886684049e-04
70                                    -2.5664245071099160e-05
71                                     1.2362194820940458e-05
72                                    -5.5389570756262464e-05
73                                     4.8412471252890196e-05
74                                     5.1291951071976335e-05
75                                     8.3032738537860344e-05
76                                    -2.8057422428171157e-05
77                                    -1.2034780951945386e-04
78                                     2.6564999389113510e-05
79                                    -1.6104043733544945e-04
80                                     7.5892497190567537e-05
81                                     4.5047175686264518e-05
82                                    -8.8319646532011772e-05
83                                    -4.8770517439719824e-05
84                                    -1.4207774151363763e-04
85                                     1.0487034733628936e-04
86                                    -1.0607030620532926e-05
87                                     2.8410455594844651e-05
88                                    -3.2309920303963752e-05
89                                     2.9781968644601424e-06
90                                    -7.7688643762757111e-05
91                                     8.6131146133353024e-05
92                                    -4.0948825108294746e-06
93                                    -6.4263405875162856e-05
94                                    -9.7123576331786099e-05
95                                     7.2283474500158077e-05
96                                     2.2334676648276639e-04
97                                    -3.2863327591630933e-05
98                                    -9.4393769493352733e-06
99                                     1.6892909797912463e-05
100                                    2.1937009407719588e-05
101                                    2.5391220008918447e-05
102                                   -4.9606241482200554e-05
103                                   -4.7768480836309727e-05
104                                    8.9247000217332521e-06
105                                   -1.1022147284440643e-05
106                                   -8.0996148656675005e-06
107                                    4.5222512848606974e-05
108                                    3.5397076780170519e-05
109                                    3.1388618717916112e-05
110                                   -3.0830486741115188e-05
   &Method [&Type "String"] "SCF"
   &Level [&Type "String"] "Relaxed density"
   &Mult [&Type "Integer"] 1
   &State [&Type "Integer"] 0
   &Irrep [&Type "Integer"] 0
$End
$Geometry
   &GeometryIndex 24
   &NAtoms [&Type "Integer"] 37
   &NCorelessECP [&Type "Integer"] 0
   &NGhostAtoms [&Type "Integer"] 0
   &CartesianCoordinates [&Type "Coordinates", &Dim(37,4), &Units "Bohr"] 
              P     -6.749628235936   -2.997596505505   -0.106660356542
              O     -8.300998884493   -2.482332307342   -2.394242043617
              O     -7.748081202286   -4.468164396578    2.070775066814
              O     -4.155192165930   -4.277559825469   -1.136630603659
              O     -5.754967497534   -0.350569820130    1.090358640315
              C     -4.862161784527    1.539750678449   -0.573257833616
              C     -3.070751405378    3.247881831446    0.846163376130
              O     -0.948320028024    1.834221971922    1.798904109591
              C     -1.959428037183    5.304670221827   -0.813068669551
              O     -1.362209043646    7.417586103510    0.690959281213
              C      0.458093763610    4.046651761759   -1.772086691060
              O      2.370076079763    5.748329396681   -2.448607805535
              C      1.268014983087    2.545864895663    0.551215790314
              N      2.735006298040    0.310761800759   -0.031990681085
              C      1.943573559763   -1.804369995326   -1.303001664758
              N      3.706336086967   -3.516368026729   -1.537939698952
              C      5.761657947959   -2.475637970386   -0.364996603521
              C      8.220297953716   -3.393522131858   -0.006359627687
              N      9.060959238338   -5.589854902167   -0.803110456271
              N      9.745717042940   -1.778836399677    1.284031279569
              C      8.996908574673    0.516692754655    2.158753946445
              N      6.753412593798    1.449596382892    1.865017441609
              C      5.192365156332   -0.098384128216    0.593835143901
              H     -3.182327730987   -4.970986159561    0.239066374931
              H     -3.902696787628    0.690273100964   -2.199435849533
              H     -6.442443466934    2.670618369857   -1.284085942162
              H     -4.039114809346    4.071900834210    2.473331319446
              H     -3.226996662712    5.820678031433   -2.366195591419
              H     -0.006106559256    8.301907274909   -0.155572718281
              H      0.007843674080    2.757018007861   -3.324122172277
              H      2.175690146311    6.185934147924   -4.204488881632
              H      2.479748696055    3.715422786139    1.751753101385
              H      0.025709375184   -1.986688138336   -1.981645566038
              H      7.889376544483   -6.744264524771   -1.761590833269
              H     10.855854745594   -6.156307477980   -0.513544021643
              H     10.440898794319    1.571072891227    3.154736553957
              H     11.560234081429   -2.292848306635    1.620927364651
$End
$SCF_Energy
   &GeometryIndex 24
   &Method [&Type "String"] "SCF"
   &totalEnergy [&Type "ArrayOfDoubles", &Dim (1,1)] "Total energy of each state"
                                                         0

0                                     -1.5304293371202452e+03
   &Mult [&Type "ArrayOfIntegers", &Dim (1,1)] "Multiplicity of each state"
                                                         0

0                                                        1
$End
$DFT_Energy
   &GeometryIndex 24
   &nAlphaEl [&Type "Integer"] 89
   &nBetaEl [&Type "Integer"] 89
   &nTotalEl [&Type "Integer"] 179
   &finalEn [&Type "Double"]      -1.5304293371202452e+03  "No Van der Waals correction"
   &eExchange [&Type "Double"]      -1.2773351950112171e+02
   &eCorr [&Type "Double"]      -6.2567076201691973e+00
   &eXC [&Type "Double"]      -1.3399022712129090e+02
   &eCNL [&Type "Double"]       0.0000000000000000e+00
$End
$Solvation_Details
   &GeometryIndex 24
   &Solvent [&Type "String"] "WATER"
   &Epsilon [&Type "Double"]       8.0150999999999996e+01
   &Refrac [&Type "Double"]       1.3328000000000000e+00
   &RSolv [&Type "Double"]       1.3000000000000000e+00
   &SurfaceType [&Type "String"] "GAUSSIAN VDW"
   &CPCMDielEnergy [&Type "Double"]      -1.6516838800000000e-01
   &NPoints [&Type "Integer"] 3074
   &SurfaceArea [&Type "Double"]       1.2050737187370000e+03
$End
$SCF_Timings
   &GeometryIndex 24
   &TOTAL [&Type "Double"]       8.0308577000000000e+01
   &PREP [&Type "Double"]       1.0154960000000000e+00
   &FOCK [&Type "Double"]       7.1358081000000027e+01
   &DENS [&Type "Double"]       2.0261100000000454e-01
   &ETOT [&Type "Double"]       1.0612399999999589e-01
   &TRAFO [&Type "Double"]       7.7787199999999501e-01
   &DIIS [&Type "Double"]       1.6724709999999998e+00
   &SOSCF [&Type "Double"]       1.5241450000000007e+00
   &XC [&Type "Double"]       6.8799999999999972e+00
   &FOCKSTART [&Type "Double"]       4.3088000000002458e-02
   &SOLV [&Type "Double"]       7.3167999999999971e+00
   &SOLV_INIT [&Type "Double"]       3.9506899999999995e-01
   &INT_PREP [&Type "Double"]       2.9999999924257281e-06
   &INT_BF [&Type "Double"]       1.6374009999997803e+00
   &INT_DENS [&Type "Double"]       2.5221450000001511e+00
   &INT_DENSIO [&Type "Double"]       1.2477215374800024e+05
   &INT_FUNC [&Type "Double"]       8.9422999999884567e-02
   &INT_POT [&Type "Double"]       1.8874250000000057e+00
   &INT_POTIO [&Type "Double"]       1.9095999999981572e-02
   &INT_SUM [&Type "Double"]       5.7100000000609441e-04
   &SPLITRIJ [&Type "Double"]       5.3129940000000078e+00
   &COSX [&Type "Double"]       5.6318605000000005e+01
$End
$VdW_Correction
   &GeometryIndex 24
   &vdW [&Type "Double"]      -4.1707813986196288e-02
$End
$Single_Point_Data
   &GeometryIndex 24
   &FinalEnergy [&Type "Double"]      -1.5304710449342315e+03  "Final single point energy"
   &Converged [&Type "Boolean"] true
$End
$SCF_Nuc_Gradient
   &GeometryIndex 24
   &NAtoms [&Type "Integer"] 37
   &gradNorm [&Type "Double"]       8.3020989686649095e-04
   &grad [&Type "ArrayOfDoubles", &Dim (111,1)] 
                                                         0

0                                     -5.1091564579341898e-05
1                                     -4.9721005180259725e-05
2                                     -7.1269739739979055e-05
3                                      2.4067740800815993e-06
4                                     -5.9871685070869644e-05
5                                     -6.6707043326668720e-06
6                                     -9.8940591210463125e-06
7                                     -3.5423139776315254e-05
8                                     -8.4301744514711171e-06
9                                     -1.8655274368528405e-04
10                                     9.4337450093321068e-05
11                                     9.4271639959964422e-05
12                                     2.9845306124500718e-04
13                                    -6.8963433702187780e-05
14                                     6.4836118656941329e-05
15                                    -1.5157386640048717e-04
16                                     7.7833896743182259e-05
17                                    -4.3261223639854687e-05
18                                    -1.3549966517198271e-04
19                                    -7.3161345174863816e-05
20                                    -4.7789188357480017e-05
21                                     1.4817004949947235e-04
22                                     3.7418916774799722e-04
23                                     1.6499957843173668e-04
24                                    -5.2985042316043758e-06
25                                     1.1956979536824612e-04
26                                    -1.0553979420470201e-05
27                                     6.4584533961990987e-05
28                                    -1.3151683435043421e-04
29                                    -1.3545235006072551e-05
30                                    -4.0251469736266023e-05
31                                     5.2277718138554578e-06
32                                     8.0171659036645869e-06
33                                     5.7037880755256097e-05
34                                    -1.0852789983518756e-04
35                                    -2.5239969700405944e-05
36                                    -6.6598511385510830e-06
37                                    -8.1744345613907118e-05
38                                    -1.1962541091607133e-04
39                                    -1.2530131911518352e-04
40                                     1.1432653244006598e-05
41                                    -1.3132946676839874e-04
42                                     1.5972220739153033e-04
43                                     7.1440211043778001e-05
44                                    -7.6203065788367106e-06
45                                    -1.2128317897138168e-05
46                                    -9.6270650290731648e-07
47                                     5.6338628870045190e-06
48                                    -2.6298883859175639e-05
49                                     4.4135294433476945e-05
50                                    -7.2885847906272610e-06
51                                    -7.0043914710299197e-05
52                                     2.8274891202606850e-05
53                                    -4.7930616969093704e-05
54                                     9.9425716544501716e-05
55                                    -3.2390452178504092e-05
56                                     3.3625041118290228e-05
57                                     9.9975344776699558e-05
58                                    -7.8771921341717107e-05
59                                     6.6752046539759487e-05
60                                    -3.2587477849882647e-05
61                                     4.4627611141235225e-05
62                                    -8.2777266771611011e-06
63                                     6.9489701348727194e-05
64                                     5.7017020062026476e-05
65                                     6.7182345922154495e-05
66                                    -1.8981487653611936e-05
67                                    -7.4752891705392880e-05
68                                     8.1550749177072650e-05
69                                    -1.9044096020238963e-05
70                                    -5.8568267006542417e-06
71                                     1.4027000508101709e-05
72                                     1.4296179155702982e-05
73                                    -1.2325595275803498e-05
74                                     1.2936707928306280e-05
75                                     4.6841853402094022e-05
76                                    -1.1797351709017686e-05
77                                    -5.2716132414266822e-05
78                                     5.2714764699729981e-06
79                                    -1.0055913241897085e-04
80                                     4.3162366915371341e-05
81                                     4.2326175327904594e-05
82                                    -6.1389712357035872e-05
83                                    -6.7818685545199134e-05
84                                    -8.0084043607931096e-05
85                                     7.5280411721127620e-05
86                                     1.4253553205831039e-06
87                                     1.6554919284397609e-05
88                                    -3.4091064802858944e-05
89                                    -1.3261165151419105e-05
90                                    -5.7854840708849791e-05
91                                     5.3324594625596517e-05
92                                    -3.8017980572895233e-06
93                                    -6.9234748134819227e-07
94                                    -6.2294316106987018e-05
95                                     3.5491405817711564e-05
96                                    -1.4033622441516724e-05
97                                    -6.7730882306365559e-05
98                                    -8.4691080097093339e-06
99                                    -2.4121750699869673e-05
100                                    3.4495437929249993e-05
101                                    1.0409598621481339e-05
102                                   -9.9614487996306327e-06
103                                    4.4262934594746040e-06
104                                    6.9427099367939385e-06
105                                   -3.1621512468010276e-05
106                                    7.1532135117563980e-05
107                                   -1.5096943410084705e-05
108                                   -1.4979051653017211e-05
109                                   -1.5292087542583851e-05
110                                   -1.2675317664208885e-06
   &Method [&Type "String"] "SCF"
   &Level [&Type "String"] "Relaxed density"
   &Mult [&Type "Integer"] 1
   &State [&Type "Integer"] 0
   &Irrep [&Type "Integer"] 0
$End
$Geometry
   &GeometryIndex 25
   &NAtoms [&Type "Integer"] 37
   &NCorelessECP [&Type "Integer"] 0
   &NGhostAtoms [&Type "Integer"] 0
   &CartesianCoordinates [&Type "Coordinates", &Dim(37,4), &Units "Bohr"] 
              P     -6.721967363555   -2.999790437979   -0.128483172426
              O     -8.220311950696   -2.522389364437   -2.459311295612
              O     -7.757887252098   -4.463737825003    2.035834212098
              O     -4.086726914127   -4.257862309735   -1.080287009484
              O     -5.790504134216   -0.330696450222    1.069233776706
              C     -4.878220926024    1.556561657444   -0.587616491433
              C     -3.081836196120    3.251521577607    0.841213014240
              O     -0.969758052729    1.821803100154    1.793603821043
              C     -1.955663113129    5.307717204433   -0.808824272958
              O     -1.353982867552    7.413683712671    0.703489527190
              C      0.459224039300    4.041341563230   -1.762442487930
              O      2.380344676904    5.735297170985   -2.431996855742
              C      1.255089101871    2.534804483588    0.561618220481
              N      2.721505381366    0.298962416263   -0.017962731200
              C      1.926617625906   -1.820424733998   -1.279688289396
              N      3.691319298847   -3.530038868262   -1.519395602755
              C      5.751201759876   -2.482748325704   -0.360255151213
              C      8.213849823473   -3.394539118765   -0.014063878100
              N      9.054755074803   -5.590826060368   -0.810695518477
              N      9.743398571033   -1.773289014907    1.263350799694
              C      8.995614277442    0.523771875377    2.134777143819
              N      6.748733888637    1.451651598743    1.851283147005
              C      5.183036261453   -0.103789277100    0.594977408853
              H     -3.147863906176   -4.938378340384    0.325254336357
              H     -3.917224288379    0.704865340713   -2.211544867869
              H     -6.449552211852    2.697321334761   -1.302533813077
              H     -4.049593562924    4.076814163352    2.468161090997
              H     -3.215354124007    5.834453280171   -2.364744154602
              H      0.006711247736    8.296185423407   -0.137511800539
              H      0.007580795033    2.754497781996   -3.316502796968
              H      2.190021566942    6.178533731416   -4.186910630189
              H      2.461176258177    3.701073660801    1.771169989007
              H      0.004478632580   -2.009166541328   -1.944773038259
              H      7.879887526063   -6.750711294448   -1.758471675044
              H     10.853367313716   -6.151237841356   -0.532476235998
              H     10.444053632776    1.583963593731    3.118059989351
              H     11.560831144293   -2.282656639421    1.591659770598
$End
$SCF_Energy
   &GeometryIndex 25
   &Method [&Type "String"] "SCF"
   &totalEnergy [&Type "ArrayOfDoubles", &Dim (1,1)] "Total energy of each state"
                                                         0

0                                     -1.5304292857209184e+03
   &Mult [&Type "ArrayOfIntegers", &Dim (1,1)] "Multiplicity of each state"
                                                         0

0                                                        1
$End
$DFT_Energy
   &GeometryIndex 25
   &nAlphaEl [&Type "Integer"] 89
   &nBetaEl [&Type "Integer"] 89
   &nTotalEl [&Type "Integer"] 179
   &finalEn [&Type "Double"]      -1.5304292857209184e+03  "No Van der Waals correction"
   &eExchange [&Type "Double"]      -1.2773377309967559e+02
   &eCorr [&Type "Double"]      -6.2568468627534397e+00
   &eXC [&Type "Double"]      -1.3399061996242904e+02
   &eCNL [&Type "Double"]       0.0000000000000000e+00
$End
$Solvation_Details
   &GeometryIndex 25
   &Solvent [&Type "String"] "WATER"
   &Epsilon [&Type "Double"]       8.0150999999999996e+01
   &Refrac [&Type "Double"]       1.3328000000000000e+00
   &RSolv [&Type "Double"]       1.3000000000000000e+00
   &SurfaceType [&Type "String"] "GAUSSIAN VDW"
   &CPCMDielEnergy [&Type "Double"]      -1.6466241900000000e-01
   &NPoints [&Type "Integer"] 3084
   &SurfaceArea [&Type "Double"]       1.2024633360559999e+03
$End
$SCF_Timings
   &GeometryIndex 25
   &TOTAL [&Type "Double"]       7.8263569999999987e+01
   &PREP [&Type "Double"]       7.5394300000000003e-01
   &FOCK [&Type "Double"]       7.0067743999999976e+01
   &DENS [&Type "Double"]       2.0050200000000018e-01
   &ETOT [&Type "Double"]       1.0945600000001043e-01
   &TRAFO [&Type "Double"]       6.7564199999999985e-01
   &DIIS [&Type "Double"]       1.6886739999999971e+00
   &SOSCF [&Type "Double"]       8.8641299999999745e-01
   &XC [&Type "Double"]       7.4760730000000013e+00
   &FOCKSTART [&Type "Double"]       3.9655999999993363e-02
   &SOLV [&Type "Double"]       7.0103429999999953e+00
   &SOLV_INIT [&Type "Double"]       2.3823099999999997e-01
   &SOLV_FINAL [&Type "Double"]       1.0000000116860974e-06
   &INT_PREP [&Type "Double"]       1.9999999985031991e-06
   &INT_BF [&Type "Double"]       1.1851489999999121e+00
   &INT_DENS [&Type "Double"]       1.8643579999998732e+00
   &INT_DENSIO [&Type "Double"]       1.1218241835300016e+05
   &INT_FUNC [&Type "Double"]       6.7951999999834811e-02
   &INT_POT [&Type "Double"]       1.2797140000002400e+00
   &INT_POTIO [&Type "Double"]       1.6442000000044033e-02
   &INT_SUM [&Type "Double"]       1.0380000000065337e-03
   &SPLITRIJ [&Type "Double"]       5.4270770000000121e+00
   &COSX [&Type "Double"]       5.4615138000000002e+01
$End
$VdW_Correction
   &GeometryIndex 25
   &vdW [&Type "Double"]      -4.1764878287682265e-02
$End
$Single_Point_Data
   &GeometryIndex 25
   &FinalEnergy [&Type "Double"]      -1.5304710505992061e+03  "Final single point energy"
   &Converged [&Type "Boolean"] true
$End
$SCF_Nuc_Gradient
   &GeometryIndex 25
   &NAtoms [&Type "Integer"] 37
   &gradNorm [&Type "Double"]       7.0820679888019037e-04
   &grad [&Type "ArrayOfDoubles", &Dim (111,1)] 
                                                         0

0                                      1.1440084289903883e-04
1                                     -1.0960845353022181e-04
2                                     -7.2490981710329225e-06
3                                     -9.9118583166106912e-06
4                                      2.4251554030817746e-05
5                                     -8.1798284811755281e-05
6                                     -1.4307193102812031e-05
7                                     -2.0233905346411806e-05
8                                     -1.1019881214157130e-05
9                                     -8.6125937747219116e-05
10                                     1.6919061039678552e-04
11                                     1.0316143020965142e-04
12                                     1.7405033835528067e-04
13                                    -2.2204473527444272e-05
14                                     1.4228396680820651e-05
15                                    -1.5231272268151260e-04
16                                     2.6378896541911779e-05
17                                    -2.5334599321842596e-06
18                                    -9.2451719943903850e-05
19                                    -7.2526933598444053e-05
20                                    -7.1174688032693502e-06
21                                     7.8042700993319932e-05
22                                     2.2824566107364891e-04
23                                     1.2737818394613381e-04
24                                    -4.2988595108774084e-05
25                                     7.7911905469363720e-05
26                                    -5.6040439568398078e-05
27                                     6.9428472450552340e-05
28                                    -1.3953232222430035e-04
29                                     7.0093126078954210e-07
30                                    -2.5558637233587246e-05
31                                     1.3345347326216075e-05
32                                     6.2728471212865588e-05
33                                     7.1415962925488159e-05
34                                    -1.2194367319197944e-04
35                                    -3.8214381168170876e-05
36                                     7.4562088102261511e-05
37                                    -6.2189194487205079e-05
38                                    -1.4607986386552596e-04
39                                    -1.6783168436139623e-04
40                                     4.0980193753696441e-05
41                                    -6.1807506623882399e-05
42                                     7.8688372979809299e-05
43                                     5.2785119970031593e-05
44                                    -3.8893558527710974e-05
45                                    -5.5093861061981397e-05
46                                    -6.9866448836264838e-07
47                                    -1.7536325670414928e-05
48                                     3.5264542926367187e-06
49                                     7.2612219378243167e-05
50                                     6.1609406116661146e-05
51                                    -6.1749237637698034e-05
52                                    -2.3164791642981552e-05
53                                    -9.1027591813314264e-05
54                                     8.2672639742358342e-05
55                                    -1.6216789811766656e-05
56                                     2.0363429467969713e-05
57                                     8.0239513768593060e-05
58                                    -3.0490035614856063e-05
59                                     1.1418074806607239e-04
60                                    -4.8670020261248849e-05
61                                     4.8139308159793250e-05
62                                    -1.1005950154741419e-05
63                                     5.0785369811978752e-05
64                                     7.1928082923910638e-05
65                                     3.2324840878397698e-05
66                                     5.1587672993633768e-06
67                                    -1.2409362554606333e-04
68                                     6.7254842118904114e-05
69                                     1.0439759358020785e-06
70                                    -1.8127005198743696e-05
71                                     4.2917759364411787e-05
72                                     5.2394683687088619e-05
73                                    -2.5159952179889020e-05
74                                     2.0297156009544055e-06
75                                     2.2729076680729670e-05
76                                    -2.8158419257473462e-05
77                                    -4.3801228010375103e-05
78                                    -3.9041336426149953e-06
79                                    -4.6652998428392751e-05
80                                     2.2200507707504074e-05
81                                     4.6968944066699519e-05
82                                    -3.2794854457287204e-05
83                                    -6.5898234836788970e-05
84                                    -8.1724239543828233e-05
85                                     7.3083309391757295e-05
86                                    -4.7168838711143437e-06
87                                    -2.0036880880937613e-05
88                                    -2.8997576237584525e-05
89                                    -4.6921047201995412e-06
90                                    -6.9028803984181941e-05
91                                     5.4387330701486086e-05
92                                     6.3611840763597074e-06
93                                     1.2105122142546084e-05
94                                    -3.4737697796415840e-05
95                                     1.0830190349999004e-05
96                                    -3.7440186777401726e-05
97                                    -6.9674538186766024e-05
98                                    -1.5775267820917181e-06
99                                    -1.8383761615564564e-05
100                                    2.9024959803448578e-05
101                                    1.5638766693013610e-05
102                                   -2.4504849118643299e-06
103                                    1.6314468326450896e-05
104                                    5.7167928805855967e-06
105                                   -5.8139723983189094e-06
106                                    5.5617039667809896e-05
107                                   -3.4710570419525658e-05
108                                   -2.2429371452276135e-05
109                                   -2.6990083264411547e-05
110                                    1.6094757877047793e-05
   &Method [&Type "String"] "SCF"
   &Level [&Type "String"] "Relaxed density"
   &Mult [&Type "Integer"] 1
   &State [&Type "Integer"] 0
   &Irrep [&Type "Integer"] 0
$End
$Geometry
   &GeometryIndex 26
   &NAtoms [&Type "Integer"] 37
   &NCorelessECP [&Type "Integer"] 0
   &NGhostAtoms [&Type "Integer"] 0
   &CartesianCoordinates [&Type "Coordinates", &Dim(37,4), &Units "Bohr"] 
              P     -6.740692713471   -2.992521738192   -0.132566953833
              O     -8.256227470848   -2.510375594242   -2.451278821230
              O     -7.760457568307   -4.461952996502    2.035732725195
              O     -4.111589861112   -4.247527579347   -1.106474083688
              O     -5.803180245599   -0.325834634575    1.065501204765
              C     -4.888027904472    1.561501118743   -0.589755098056
              C     -3.083868835713    3.248059850707    0.839055696730
              O     -0.977696415676    1.806648802806    1.787054013250
              C     -1.951439930067    5.302411909607   -0.809355141475
              O     -1.350249338947    7.408675623199    0.703039826236
              C      0.464228844610    4.033750483324   -1.757722189519
              O      2.388409499846    5.726382349158   -2.421938953798
              C      1.252212359844    2.525443895732    0.567722302065
              N      2.722337037303    0.291434935921   -0.008142650510
              C      1.927816398229   -1.832517102917   -1.262257420251
              N      3.695382115034   -3.539037008860   -1.503382506414
              C      5.756719452872   -2.484606600098   -0.353337235660
              C      8.222551647069   -3.390010761212   -0.013223633988
              N      9.065631628495   -5.586532589721   -0.806837153956
              N      9.752868357813   -1.761623941809    1.254090248559
              C      9.002924765859    0.535674346754    2.122670667593
              N      6.752995382049    1.457827384761    1.844542226143
              C      5.186606697268   -0.104281601644    0.597621596330
              H     -3.161744092018   -4.930355331857    0.290536828902
              H     -3.932348303519    0.709826177333   -2.216825001331
              H     -6.457459898483    2.708225438742   -1.299486627651
              H     -4.046655446582    4.076659927498    2.467338059665
              H     -3.207602188821    5.830496784652   -2.367660765455
              H      0.015437513254    8.286787734308   -0.134608081647
              H      0.015006703624    2.747720270801   -3.313119658768
              H      2.207179868957    6.164930885383   -4.178956600965
              H      2.451376670018    3.692238348254    1.783795689206
              H      0.003990403053   -2.026000743902   -1.920975755740
              H      7.890149331508   -6.752374718304   -1.746490452891
              H     10.866557960422   -6.141882997426   -0.533317351149
              H     10.452542899641    1.601015103235    3.098613892001
              H     11.572665711507   -2.265733202886    1.577591639500
$End
$SCF_Energy
   &GeometryIndex 26
   &Method [&Type "String"] "SCF"
   &totalEnergy [&Type "ArrayOfDoubles", &Dim (1,1)] "Total energy of each state"
                                                         0

0                                     -1.5304293043080643e+03
   &Mult [&Type "ArrayOfIntegers", &Dim (1,1)] "Multiplicity of each state"
                                                         0

0                                                        1
$End
$DFT_Energy
   &GeometryIndex 26
   &nAlphaEl [&Type "Integer"] 89
   &nBetaEl [&Type "Integer"] 89
   &nTotalEl [&Type "Integer"] 179
   &finalEn [&Type "Double"]      -1.5304293043080643e+03  "No Van der Waals correction"
   &eExchange [&Type "Double"]      -1.2773370659099956e+02
   &eCorr [&Type "Double"]      -6.2568098741149552e+00
   &eXC [&Type "Double"]      -1.3399051646511452e+02
   &eCNL [&Type "Double"]       0.0000000000000000e+00
$End
$Solvation_Details
   &GeometryIndex 26
   &Solvent [&Type "String"] "WATER"
   &Epsilon [&Type "Double"]       8.0150999999999996e+01
   &Refrac [&Type "Double"]       1.3328000000000000e+00
   &RSolv [&Type "Double"]       1.3000000000000000e+00
   &SurfaceType [&Type "String"] "GAUSSIAN VDW"
   &CPCMDielEnergy [&Type "Double"]      -1.6484304000000000e-01
   &NPoints [&Type "Integer"] 3086
   &SurfaceArea [&Type "Double"]       1.2033749808760001e+03
$End
$SCF_Timings
   &GeometryIndex 26
   &TOTAL [&Type "Double"]       7.7593649999999997e+01
   &PREP [&Type "Double"]       7.7507300000000001e-01
   &FOCK [&Type "Double"]       7.0870536999999999e+01
   &DENS [&Type "Double"]       1.7079700000000742e-01
   &ETOT [&Type "Double"]       1.0154300000000305e-01
   &TRAFO [&Type "Double"]       4.5766100000000165e-01
   &DIIS [&Type "Double"]       9.0151200000000031e-01
   &SOSCF [&Type "Double"]       1.1343510000000023e+00
   &XC [&Type "Double"]       6.4769349999999974e+00
   &FOCKSTART [&Type "Double"]       3.5832000000009412e-02
   &SOLV [&Type "Double"]       6.6856029999999933e+00
   &SOLV_INIT [&Type "Double"]       2.4115699999999995e-01
   &INT_PREP [&Type "Double"]       5.9999999937332404e-06
   &INT_BF [&Type "Double"]       1.0546350000000011e+00
   &INT_DENS [&Type "Double"]       1.6118519999999261e+00
   &INT_DENSIO [&Type "Double"]       1.2100379865000016e+05
   &INT_FUNC [&Type "Double"]       6.3950999999915936e-02
   &INT_POT [&Type "Double"]       1.0681220000000771e+00
   &INT_POTIO [&Type "Double"]       1.4228999999918557e-02
   &INT_SUM [&Type "Double"]       1.2500000000166267e-03
   &SPLITRIJ [&Type "Double"]       5.2064839999999988e+00
   &COSX [&Type "Double"]       5.6259084999999999e+01
$End
$VdW_Correction
   &GeometryIndex 26
   &vdW [&Type "Double"]      -4.1752814145716514e-02
$End
$Single_Point_Data
   &GeometryIndex 26
   &FinalEnergy [&Type "Double"]      -1.5304710571222099e+03  "Final single point energy"
   &Converged [&Type "Boolean"] true
$End
$SCF_Nuc_Gradient
   &GeometryIndex 26
   &NAtoms [&Type "Integer"] 37
   &gradNorm [&Type "Double"]       5.1457265497830708e-04
   &grad [&Type "ArrayOfDoubles", &Dim (111,1)] 
                                                         0

0                                      9.7948920576510900e-05
1                                     -8.5763530660872326e-05
2                                     -4.4125799727097088e-05
3                                     -6.3273140501399281e-05
4                                      2.9844889387727346e-05
5                                     -3.4146525562282748e-05
6                                     -8.4620667119106687e-06
7                                      6.6976858734677826e-07
8                                      2.4384118340728387e-05
9                                     -2.9261169674018152e-05
10                                     6.2137892950867685e-05
11                                     6.4759343597500232e-05
12                                     5.9769158161048484e-05
13                                     3.4422322075823100e-05
14                                     1.1397907740079866e-05
15                                    -4.5662391011858441e-05
16                                     7.6193323660723636e-06
17                                     1.3722133566700645e-05
18                                    -5.6167048541301681e-05
19                                    -5.9100186486632099e-05
20                                     2.4269690213359443e-05
21                                    -6.9951635237530405e-06
22                                     8.6248139011155510e-05
23                                     9.6854370447009607e-05
24                                    -6.5169732169177540e-05
25                                     3.9215250134756816e-05
26                                    -7.6122479068942828e-05
27                                     5.9282880243286694e-05
28                                    -1.0751644675538740e-04
29                                    -3.1323247560748117e-06
30                                    -1.7602975698060390e-05
31                                     1.0701472817986645e-05
32                                     8.7044635641916315e-05
33                                     6.5282954183410320e-05
34                                    -9.6381775705965754e-05
35                                    -3.7298212553172743e-05
36                                     1.4136383419593383e-04
37                                    -3.7757689193986180e-05
38                                    -1.2350149453273750e-04
39                                    -1.3002628949919403e-04
40                                     5.1486090184024258e-05
41                                    -3.6313447603953010e-05
42                                     4.7806024167167463e-05
43                                     3.6935299490243746e-05
44                                    -4.3876332017293959e-05
45                                    -6.0179875506617109e-05
46                                     8.9798072380592764e-06
47                                    -3.3107075271999659e-05
48                                     3.7079733012835084e-05
49                                     5.2174274153378973e-05
50                                     8.6753777321390321e-05
51                                    -2.3672624258576296e-05
52                                    -3.9632319385882056e-05
53                                    -5.9064690065952340e-05
54                                     4.0764403832116582e-05
55                                     2.9669931919998327e-06
56                                     7.9956384282665318e-06
57                                     2.2258320231927956e-05
58                                     4.9253994127077300e-05
59                                     8.1011702619492279e-05
60                                    -2.4634721411800138e-05
61                                     2.4962841802430655e-05
62                                    -1.4707934542610595e-06
63                                     4.5439950168184784e-06
64                                     3.3629408538146942e-05
65                                    -1.5513903158011444e-05
66                                     9.4200130079426518e-06
67                                    -8.7067869133935203e-05
68                                     6.9531794463537501e-05
69                                     6.6697787106626000e-05
70                                     9.0265273134627021e-06
71                                    -1.3816079200350438e-06
72                                     2.5299036332123700e-05
73                                    -1.3674363500220251e-05
74                                    -7.2850775099134001e-06
75                                    -3.8273333302753579e-06
76                                    -3.5725161362985637e-05
77                                    -3.7562415096945502e-05
78                                     4.6593567833389269e-06
79                                     9.2218240003131169e-06
80                                    -2.4959473666178345e-06
81                                     3.7058223004910596e-05
82                                    -7.2482953696745289e-06
83                                    -4.7232948432363879e-05
84                                    -6.7978267630842135e-05
85                                     5.5536345137058085e-05
86                                    -9.4495930598651743e-06
87                                    -4.1146556576410579e-05
88                                    -1.5106877728893162e-05
89                                    -4.6619555108630200e-07
90                                    -5.5465042649401045e-05
91                                     3.8316563448035750e-05
92                                     5.8801361936612390e-06
93                                     9.0745901485936233e-06
94                                    -1.8921634767350394e-06
95                                    -1.0338179601615462e-05
96                                    -1.9274135826413138e-05
97                                    -8.0174892725366526e-05
98                                     2.5304199343528745e-05
99                                     1.6186062353549906e-06
100                                    1.4629529086286445e-05
101                                    1.8918317474034662e-05
102                                   -2.6259983817939272e-06
103                                    1.1894165242797085e-05
104                                    1.1917351306274542e-05
105                                    1.0598957720960123e-05
106                                    2.4318715880054692e-05
107                                   -2.8605956499808274e-05
108                                   -1.9102242420094369e-05
109                                   -2.7149854752260823e-05
110                                    2.2745885679971773e-05
   &Method [&Type "String"] "SCF"
   &Level [&Type "String"] "Relaxed density"
   &Mult [&Type "Integer"] 1
   &State [&Type "Integer"] 0
   &Irrep [&Type "Integer"] 0
$End
$Geometry
   &GeometryIndex 27
   &NAtoms [&Type "Integer"] 37
   &NCorelessECP [&Type "Integer"] 0
   &NGhostAtoms [&Type "Integer"] 0
   &CartesianCoordinates [&Type "Coordinates", &Dim(37,4), &Units "Bohr"] 
              P     -6.779570425933   -2.977551037419   -0.143147090542
              O     -8.285525725708   -2.494279949024   -2.467829831976
              O     -7.811538351540   -4.439194862970    2.024681074328
              O     -4.152185505732   -4.245362896064   -1.106848924561
              O     -5.837373076982   -0.312064704614    1.053341370806
              C     -4.904141578602    1.569230135662   -0.599162230342
              C     -3.087709949351    3.239533823786    0.832844168976
              O     -0.992319502423    1.777748560722    1.774100838242
              C     -1.942823178517    5.292739349689   -0.808997841542
              O     -1.343698605299    7.397739206548    0.706728687975
              C      0.474714819367    4.021286531815   -1.747957661944
              O      2.404523738525    5.712569829346   -2.399412947726
              C      1.246824646840    2.507577973130    0.579044102134
              N      2.724284186541    0.277729520594    0.008239280143
              C      1.931906603895   -1.852843904534   -1.235727724496
              N      3.705374898513   -3.552739497986   -1.481109195545
              C      5.768421563604   -2.486160773897   -0.345439280823
              C      8.240325497839   -3.379334192794   -0.017360378724
              N      9.088658764343   -5.574657754404   -0.808678505501
              N      9.771058316620   -1.739255777428    1.234094845673
              C      9.015872593891    0.556734036056    2.101040551671
              N      6.759936080029    1.467689307103    1.834359922260
              C      5.193340739309   -0.105318762191    0.601641520681
              H     -3.212228360959   -4.933771701668    0.294029572302
              H     -3.953412648629    0.711968401836   -2.226129583627
              H     -6.464005663796    2.729211054102   -1.308550302053
              H     -4.043764646341    4.071450638275    2.463507070087
              H     -3.191516701823    5.825100989143   -2.371798716630
              H      0.032800417982    8.267851144277   -0.121877213051
              H      0.031342446149    2.738291458564   -3.307509708675
              H      2.240909805218    6.144346754339   -4.159808224634
              H      2.433066071329    3.673695459962    1.808615177183
              H      0.005415540794   -2.054631391118   -1.884190227411
              H      7.912751591021   -6.750539638533   -1.735166476564
              H     10.894128850808   -6.120000425532   -0.545011416602
              H     10.467032433985    1.630743107123    3.065119762058
              H     11.595475349674   -2.232987784471    1.547520016614
$End
$SCF_Energy
   &GeometryIndex 27
   &Method [&Type "String"] "SCF"
   &totalEnergy [&Type "ArrayOfDoubles", &Dim (1,1)] "Total energy of each state"
                                                         0

0                                     -1.5304293384455307e+03
   &Mult [&Type "ArrayOfIntegers", &Dim (1,1)] "Multiplicity of each state"
                                                         0

0                                                        1
$End
$DFT_Energy
   &GeometryIndex 27
   &nAlphaEl [&Type "Integer"] 89
   &nBetaEl [&Type "Integer"] 89
   &nTotalEl [&Type "Integer"] 179
   &finalEn [&Type "Double"]      -1.5304293384455307e+03  "No Van der Waals correction"
   &eExchange [&Type "Double"]      -1.2773362741135362e+02
   &eCorr [&Type "Double"]      -6.2567369126314469e+00
   &eXC [&Type "Double"]      -1.3399036432398506e+02
   &eCNL [&Type "Double"]       0.0000000000000000e+00
$End
$Solvation_Details
   &GeometryIndex 27
   &Solvent [&Type "String"] "WATER"
   &Epsilon [&Type "Double"]       8.0150999999999996e+01
   &Refrac [&Type "Double"]       1.3328000000000000e+00
   &RSolv [&Type "Double"]       1.3000000000000000e+00
   &SurfaceType [&Type "String"] "GAUSSIAN VDW"
   &CPCMDielEnergy [&Type "Double"]      -1.6501257499999999e-01
   &NPoints [&Type "Integer"] 3084
   &SurfaceArea [&Type "Double"]       1.2053458867790000e+03
$End
$SCF_Timings
   &GeometryIndex 27
   &TOTAL [&Type "Double"]       7.9332404000000011e+01
   &PREP [&Type "Double"]       8.8791900000000001e-01
   &FOCK [&Type "Double"]       7.1559164999999993e+01
   &DENS [&Type "Double"]       1.9884700000000777e-01
   &ETOT [&Type "Double"]       9.8796999999997581e-02
   &TRAFO [&Type "Double"]       5.3471800000000513e-01
   &DIIS [&Type "Double"]       1.1316220000000037e+00
   &SOSCF [&Type "Double"]       1.1679650000000095e+00
   &XC [&Type "Double"]       6.7189750000000039e+00
   &FOCKSTART [&Type "Double"]       3.7134000000002665e-02
   &SOLV [&Type "Double"]       7.0274309999999947e+00
   &SOLV_INIT [&Type "Double"]       3.3684899999999995e-01
   &INT_PREP [&Type "Double"]       1.9999999967268423e-06
   &INT_BF [&Type "Double"]       1.1711519999999123e+00
   &INT_DENS [&Type "Double"]       1.7454709999998403e+00
   &INT_DENSIO [&Type "Double"]       1.2116623608400021e+05
   &INT_FUNC [&Type "Double"]       7.1280000000193411e-02
   &INT_POT [&Type "Double"]       1.2931510000001492e+00
   &INT_POTIO [&Type "Double"]       1.4751999999916166e-02
   &INT_SUM [&Type "Double"]       1.4200000000030855e-03
   &SPLITRIJ [&Type "Double"]       5.2790810000000068e+00
   &COSX [&Type "Double"]       5.6916603999999992e+01
$End
$VdW_Correction
   &GeometryIndex 27
   &vdW [&Type "Double"]      -4.1720979134858116e-02
$End
$Single_Point_Data
   &GeometryIndex 27
   &FinalEnergy [&Type "Double"]      -1.5304710594246656e+03  "Final single point energy"
   &Converged [&Type "Boolean"] true
$End
$SCF_Nuc_Gradient
   &GeometryIndex 27
   &NAtoms [&Type "Integer"] 37
   &gradNorm [&Type "Double"]       4.9440094852405865e-04
   &grad [&Type "ArrayOfDoubles", &Dim (111,1)] 
                                                         0

0                                     -3.7711265336663291e-05
1                                     -2.9586712619856202e-05
2                                      4.9318642373271008e-05
3                                     -1.7012326315343133e-05
4                                      1.7232675422281500e-05
5                                     -1.5494778773753382e-05
6                                      1.6436733386635265e-05
7                                      2.0280886404285491e-06
8                                      3.1317262049908843e-05
9                                      7.1909897959730246e-05
10                                    -5.9774673872489887e-05
11                                    -1.4976121808686009e-05
12                                    -1.1972530901410467e-04
13                                     5.5279081927125020e-05
14                                    -5.3476571094405925e-06
15                                     6.1197327104785834e-05
16                                    -1.3498591987055010e-05
17                                     4.9988710388166711e-05
18                                     3.2215022240926754e-05
19                                    -2.5297382002739254e-05
20                                     4.8460325317834202e-06
21                                    -7.0985826938819584e-05
22                                    -1.0383438802669382e-04
23                                     4.6350826962032450e-05
24                                    -2.5597461955746489e-05
25                                    -5.2206393886441809e-05
26                                    -6.7847325838565754e-05
27                                     2.3214163274933441e-05
28                                    -3.9926855281090224e-06
29                                     2.5679050495230470e-05
30                                    -5.7811581853169276e-06
31                                    -1.3346306793052026e-05
32                                     8.4163796350725164e-05
33                                     3.9388534646651451e-05
34                                    -5.0356620591438038e-05
35                                    -2.6585391654353592e-05
36                                     1.1909879017906773e-04
37                                     1.5083607728822633e-05
38                                    -9.1014399276613298e-05
39                                    -7.5356113378273947e-05
40                                     1.1832450275367452e-04
41                                    -8.4969813871860970e-06
42                                     5.8752028715816206e-05
43                                     4.8121905322765738e-05
44                                    -5.1993946695175122e-05
45                                    -7.9119455742771456e-05
46                                     1.6102626911576500e-05
47                                    -2.5723778592140261e-05
48                                     9.1359604087075993e-05
49                                     6.0946458788895691e-05
50                                     8.3445709075113646e-05
51                                     2.2790254868833168e-05
52                                    -4.8671682689323240e-05
53                                     8.8307415875553701e-07
54                                    -2.9950410077457502e-06
55                                     2.7260608758868381e-05
56                                    -6.2382815094145242e-06
57                                    -4.5827490967549419e-05
58                                     1.4242672820075601e-04
59                                     2.8520149347215568e-05
60                                     1.9759772053296943e-05
61                                    -2.1938834850413727e-05
62                                     4.1544286635841494e-07
63                                    -6.9066281403339926e-05
64                                     1.4626958433546373e-06
65                                    -6.0901637651384933e-05
66                                     2.1695033365963328e-05
67                                    -7.4457722302997465e-05
68                                     9.8857597935923152e-05
69                                     1.2682219546387904e-05
70                                    -1.2541928622107840e-05
71                                    -1.7226975562105763e-05
72                                     4.4844365832646233e-06
73                                     2.8679935986274503e-05
74                                    -2.2257515193672690e-05
75                                    -2.9434768795285411e-05
76                                    -4.6944652399374625e-05
77                                    -1.4655127694416247e-05
78                                     2.1868814795077709e-05
79                                     6.6330975087442508e-05
80                                    -3.5538939897872095e-05
81                                     1.9444593438759070e-05
82                                     1.6005281139249718e-05
83                                    -1.9018532713351933e-05
84                                    -2.9359987658495029e-05
85                                     2.1812549215825935e-05
86                                    -2.0598899176750861e-05
87                                    -6.5225089727301218e-05
88                                    -8.0746094249867977e-06
89                                    -8.1103760623338632e-06
90                                    -2.9651731811650468e-05
91                                     1.7794760107249033e-05
92                                    -1.1954290002713549e-05
93                                     9.1129755635269513e-06
94                                     2.5180535113721901e-05
95                                    -4.1381792078198714e-05
96                                     9.7778144034575795e-06
97                                    -7.0663820395743660e-05
98                                     9.2332900110157290e-06
99                                     3.3197633900693181e-05
100                                   -9.3266171723422155e-06
101                                    2.8323392368117915e-05
102                                   -9.8921321357175893e-06
103                                    4.3516121685206814e-06
104                                    1.1987475615585719e-05
105                                    4.5137180319630021e-05
106                                   -3.0188478817469563e-05
107                                   -2.0846847619791518e-05
108                                   -2.0781366288880320e-05
109                                   -9.7225133191430743e-06
110                                    3.2879149115367089e-05
   &Method [&Type "String"] "SCF"
   &Level [&Type "String"] "Relaxed density"
   &Mult [&Type "Integer"] 1
   &State [&Type "Integer"] 0
   &Irrep [&Type "Integer"] 0
$End
$Geometry
   &GeometryIndex 28
   &NAtoms [&Type "Integer"] 37
   &NCorelessECP [&Type "Integer"] 0
   &NGhostAtoms [&Type "Integer"] 0
   &CartesianCoordinates [&Type "Coordinates", &Dim(37,4), &Units "Bohr"] 
              P     -6.790080299525   -2.973650262805   -0.154056857628
              O     -8.284261778069   -2.493961713954   -2.486978848321
              O     -7.833413617961   -4.430415052259    2.011619935879
              O     -4.158912834044   -4.245588954992   -1.102753346996
              O     -5.852345624122   -0.306482502208    1.042157569465
              C     -4.909612450735    1.571875712822   -0.608430946982
              C     -3.092136642458    3.237145316931    0.827953579411
              O     -1.002755477781    1.768685631047    1.772342120911
              C     -1.939285307007    5.289251149939   -0.809986305038
              O     -1.346063000933    7.395409430126    0.706589493227
              C      0.482464954169    4.017764032794   -1.738187478891
              O      2.415679135902    5.709682415521   -2.377922915716
              C      1.242431672324    2.500881189055    0.590981770792
              N      2.721519480338    0.270936251215    0.023792163459
              C      1.926415102957   -1.864540380903   -1.209809264853
              N      3.701601189973   -3.562198346454   -1.459171426696
              C      5.768681011148   -2.488277503242   -0.338063232994
              C      8.244220464745   -3.375474708239   -0.021317722553
              N      9.092070173814   -5.571891987855   -0.810139445704
              N      9.779288787555   -1.727864348546    1.214746865148
              C      9.024045332678    0.568597691834    2.080433241496
              N      6.764639074611    1.474010404213    1.824567042443
              C      5.194339472020   -0.105475262770    0.604919899678
              H     -3.226717616082   -4.932366458634    0.304135910475
              H     -3.957542149963    0.711891915095   -2.233101412197
              H     -6.464537383728    2.736484162821   -1.321133156253
              H     -4.049662226069    4.070536053069    2.457048254361
              H     -3.181502651347    5.821087291070   -2.378112905997
              H      0.037429831714    8.261291150382   -0.114942103568
              H      0.047228798999    2.736403434312   -3.301293685525
              H      2.265112618967    6.138410881783   -4.140208587929
              H      2.422601756992    3.665176543783    1.828187909948
              H     -0.002874467995   -2.070028048802   -1.848746655403
              H      7.912895825548   -6.753704835982   -1.724865829525
              H     10.900218450725   -6.112717546678   -0.555441960751
              H     10.478390656462    1.647978532415    3.033651957380
              H     11.606780770816   -2.216319048478    1.518730853610
$End
$SCF_Energy
   &GeometryIndex 28
   &Method [&Type "String"] "SCF"
   &totalEnergy [&Type "ArrayOfDoubles", &Dim (1,1)] "Total energy of each state"
                                                         0

0                                     -1.5304293427684536e+03
   &Mult [&Type "ArrayOfIntegers", &Dim (1,1)] "Multiplicity of each state"
                                                         0

0                                                        1
$End
$DFT_Energy
   &GeometryIndex 28
   &nAlphaEl [&Type "Integer"] 89
   &nBetaEl [&Type "Integer"] 89
   &nTotalEl [&Type "Integer"] 179
   &finalEn [&Type "Double"]      -1.5304293427684536e+03  "No Van der Waals correction"
   &eExchange [&Type "Double"]      -1.2773359913535731e+02
   &eCorr [&Type "Double"]      -6.2567309177231376e+00
   &eXC [&Type "Double"]      -1.3399033005308044e+02
   &eCNL [&Type "Double"]       0.0000000000000000e+00
$End
$Solvation_Details
   &GeometryIndex 28
   &Solvent [&Type "String"] "WATER"
   &Epsilon [&Type "Double"]       8.0150999999999996e+01
   &Refrac [&Type "Double"]       1.3328000000000000e+00
   &RSolv [&Type "Double"]       1.3000000000000000e+00
   &SurfaceType [&Type "String"] "GAUSSIAN VDW"
   &CPCMDielEnergy [&Type "Double"]      -1.6500612200000001e-01
   &NPoints [&Type "Integer"] 3087
   &SurfaceArea [&Type "Double"]       1.2054052963669999e+03
$End
$SCF_Timings
   &GeometryIndex 28
   &TOTAL [&Type "Double"]       8.5324460000000002e+01
   &PREP [&Type "Double"]       7.4302800000000002e-01
   &FOCK [&Type "Double"]       7.6594187000000005e+01
   &DENS [&Type "Double"]       2.1747500000000741e-01
   &ETOT [&Type "Double"]       1.1610300000000251e-01
   &TRAFO [&Type "Double"]       9.0841100000000097e-01
   &DIIS [&Type "Double"]       1.4592939999999963e+00
   &SOSCF [&Type "Double"]       1.6823079999999937e+00
   &XC [&Type "Double"]       7.2371540000000021e+00
   &FOCKSTART [&Type "Double"]       4.3147000000001712e-02
   &SOLV [&Type "Double"]       7.0797029999999950e+00
   &SOLV_INIT [&Type "Double"]       2.2671200000000002e-01
   &SOLV_FINAL [&Type "Double"]       9.9999999747524271e-07
   &INT_PREP [&Type "Double"]       2.9999999995311555e-06
   &INT_BF [&Type "Double"]       1.5261860000001146e+00
   &INT_DENS [&Type "Double"]       2.4479090000000454e+00
   &INT_DENSIO [&Type "Double"]       1.3706068265900019e+05
   &INT_FUNC [&Type "Double"]       8.4906000000094295e-02
   &INT_POT [&Type "Double"]       1.5749709999997883e+00
   &INT_POTIO [&Type "Double"]       1.9352000000024461e-02
   &INT_SUM [&Type "Double"]       1.0659999999962366e-03
   &SPLITRIJ [&Type "Double"]       5.5184469999999930e+00
   &COSX [&Type "Double"]       6.0325182000000005e+01
$End
$VdW_Correction
   &GeometryIndex 28
   &vdW [&Type "Double"]      -4.1721390649843398e-02
$End
$Single_Point_Data
   &GeometryIndex 28
   &FinalEnergy [&Type "Double"]      -1.5304710641591034e+03  "Final single point energy"
   &Converged [&Type "Boolean"] true
$End
$SCF_Nuc_Gradient
   &GeometryIndex 28
   &NAtoms [&Type "Integer"] 37
   &gradNorm [&Type "Double"]       5.0691461534585198e-04
   &grad [&Type "ArrayOfDoubles", &Dim (111,1)] 
                                                         0

0                                     -6.1712644095864326e-05
1                                     -3.0421850037277965e-05
2                                      2.7621776506219434e-05
3                                      8.1242769048432174e-06
4                                      1.3540845342734122e-05
5                                      4.1213165414220041e-06
6                                      1.8637025066654052e-05
7                                      9.1444518743003943e-06
8                                      3.8975726982982628e-05
9                                      9.7178148604024658e-05
10                                    -1.0252258313451259e-04
11                                    -5.5855677320456557e-05
12                                    -1.4769015911065127e-04
13                                     9.4651754742819944e-05
14                                     2.0111208980650911e-05
15                                     9.6606294955942757e-05
16                                    -3.9632585256176261e-05
17                                     2.9974565978895791e-05
18                                     3.2251096157325524e-05
19                                    -3.2397357205465383e-06
20                                     3.2411246707685624e-05
21                                    -8.7477578175644015e-05
22                                    -1.4643961735812068e-04
23                                     1.5907576409681279e-06
24                                    -3.3531621606253207e-05
25                                    -7.0428513757198117e-05
26                                    -8.8488358628274034e-05
27                                     1.6163327703042952e-05
28                                     1.7857100106498153e-05
29                                     1.5946147425209260e-05
30                                     8.3811545643651451e-06
31                                    -1.4516138203724840e-06
32                                     3.9905112994125739e-05
33                                     3.1067092334066248e-05
34                                    -4.9010603416302866e-05
35                                    -1.0007531867223360e-05
36                                     8.9053657495565008e-05
37                                     2.7251105531387174e-05
38                                    -3.5916698704256941e-05
39                                    -1.6746647990609567e-05
40                                     1.0899641278283372e-04
41                                    -4.3179676550618386e-06
42                                     3.5797110133946840e-05
43                                    -3.7102880428948915e-06
44                                    -2.6763736664813962e-05
45                                    -7.3973383183192375e-05
46                                     3.8676263874297948e-06
47                                    -1.5557565864000988e-07
48                                     8.1383604351745707e-05
49                                     4.0394609809145583e-05
50                                     3.9534097714686905e-05
51                                     3.9086884135508551e-05
52                                    -4.6069308528559846e-05
53                                     5.0750598840800461e-05
54                                    -3.6981323457579017e-05
55                                     3.8285009460761429e-05
56                                    -1.0459604613582930e-05
57                                    -5.7361002850582504e-05
58                                     1.6799741240667107e-04
59                                    -4.9993933123755836e-05
60                                     2.4306165080593544e-05
61                                    -3.0592098906655159e-05
62                                     1.7200247504882920e-05
63                                    -8.3215822226349705e-05
64                                    -2.2669188734786191e-05
65                                    -6.0716510702430777e-05
66                                     2.4639580660308836e-05
67                                    -3.4791161867696275e-05
68                                     8.1682887495409325e-05
69                                     2.1222765763424819e-05
70                                    -1.5059878656597506e-06
71                                    -1.2337063532150407e-05
72                                    -1.1820597508452389e-05
73                                     2.5813824709823424e-05
74                                    -1.0213210182605375e-05
75                                    -2.8996214322464986e-05
76                                    -2.8514953623677588e-05
77                                     1.6885967014909335e-06
78                                     1.7252709004919814e-05
79                                     6.9273155365741145e-05
80                                    -3.2598647544505106e-05
81                                     1.8741297061643231e-06
82                                     2.1406371967552535e-05
83                                    -2.2028020020819231e-06
84                                    -2.1031428587547138e-05
85                                     8.8495271024318072e-06
86                                    -2.4785667361809966e-05
87                                    -6.1828618637810133e-05
88                                    -1.2784123549275985e-06
89                                    -1.1465575169142185e-06
90                                    -1.5675536080108244e-05
91                                     1.3990907339901001e-05
92                                    -9.5512393241375243e-06
93                                     2.5094395190667978e-06
94                                     3.4529178766482893e-05
95                                    -4.7914426472029352e-05
96                                     1.4481837245096250e-05
97                                    -1.4924731019901738e-05
98                                    -1.2294755052780811e-06
99                                     4.3888716534624017e-05
100                                   -2.1019979620793308e-05
101                                    2.7315652901827077e-05
102                                   -7.0777888624200215e-06
103                                   -1.0300290570055220e-06
104                                    1.9367763596335698e-05
105                                    4.3689210745913431e-05
106                                   -4.1408823064461252e-05
107                                   -3.6406322640399101e-06
108                                   -2.4738461761158992e-06
109                                   -5.1872047880996086e-06
110                                    4.0097618297336906e-05
   &Method [&Type "String"] "SCF"
   &Level [&Type "String"] "Relaxed density"
   &Mult [&Type "Integer"] 1
   &State [&Type "Integer"] 0
   &Irrep [&Type "Integer"] 0
$End
$Geometry
   &GeometryIndex 29
   &NAtoms [&Type "Integer"] 37
   &NCorelessECP [&Type "Integer"] 0
   &NGhostAtoms [&Type "Integer"] 0
   &CartesianCoordinates [&Type "Coordinates", &Dim(37,4), &Units "Bohr"] 
              P     -6.810239641650   -2.967496279741   -0.176868924107
              O     -8.275605958924   -2.492348024052   -2.528763324806
              O     -7.884032398020   -4.410441609883    1.983185300241
              O     -4.173912366049   -4.255037293925   -1.089910929254
              O     -5.874999521104   -0.299196456524    1.018439406561
              C     -4.912896827691    1.572231451858   -0.629041920754
              C     -3.100104179817    3.233133812932    0.818203849546
              O     -1.020489521353    1.758878900214    1.775302072919
              C     -1.932883821075    5.283760270770   -0.811517472188
              O     -1.353203682529    7.392733165375    0.706443293170
              C      0.498155129025    4.013641281180   -1.717478004118
              O      2.436301182849    5.708648475066   -2.334219070655
              C      1.235233815650    2.491775680705    0.616517814811
              N      2.715489931821    0.260007246000    0.056279741607
              C      1.913754467325   -1.884944820662   -1.156125414214
              N      3.691508325295   -3.578927535548   -1.414053181328
              C      5.767069170269   -2.491479370636   -0.322707109060
              C      8.249342331827   -3.368023434699   -0.029655409551
              N      9.094829116606   -5.566971318190   -0.814091836868
              N      9.794081399522   -1.706676821197    1.175417926339
              C      9.040321271653    0.591801447782    2.037637620903
              N      6.774697256153    1.487463931586    1.803987293024
              C      5.195718244557   -0.104372661403    0.611735423334
              H     -3.261876868068   -4.940332577407    0.330905352389
              H     -3.952769926968    0.705624851445   -2.245387449135
              H     -6.457962810081    2.742298427403   -1.354134476818
              H     -4.066311156080    4.067741994816    2.441568336250
              H     -3.162017505481    5.813077751628   -2.390771968039
              H      0.045600591989    8.249412590693   -0.099049616263
              H      0.081063839970    2.734853240194   -3.287437795511
              H      2.312398731192    6.129278520580   -4.100495825704
              H      2.406162027297    3.652073929110    1.866343244139
              H     -0.021330619097   -2.097583450031   -1.774995024343
              H      7.908274500677   -6.758988487900   -1.705812139817
              H     10.908110578386   -6.099649450935   -0.579054670625
              H     10.501477585670    1.682084304058    2.967726707127
              H     11.627398340895   -2.185509453235    1.459072658964
$End
$SCF_Energy
   &GeometryIndex 29
   &Method [&Type "String"] "SCF"
   &totalEnergy [&Type "ArrayOfDoubles", &Dim (1,1)] "Total energy of each state"
                                                         0

0                                     -1.5304293457679451e+03
   &Mult [&Type "ArrayOfIntegers", &Dim (1,1)] "Multiplicity of each state"
                                                         0

0                                                        1
$End
$DFT_Energy
   &GeometryIndex 29
   &nAlphaEl [&Type "Integer"] 89
   &nBetaEl [&Type "Integer"] 89
   &nTotalEl [&Type "Integer"] 179
   &finalEn [&Type "Double"]      -1.5304293457679451e+03  "No Van der Waals correction"
   &eExchange [&Type "Double"]      -1.2773359091968054e+02
   &eCorr [&Type "Double"]      -6.2567326308788687e+00
   &eXC [&Type "Double"]      -1.3399032355055940e+02
   &eCNL [&Type "Double"]       0.0000000000000000e+00
$End
$Solvation_Details
   &GeometryIndex 29
   &Solvent [&Type "String"] "WATER"
   &Epsilon [&Type "Double"]       8.0150999999999996e+01
   &Refrac [&Type "Double"]       1.3328000000000000e+00
   &RSolv [&Type "Double"]       1.3000000000000000e+00
   &SurfaceType [&Type "String"] "GAUSSIAN VDW"
   &CPCMDielEnergy [&Type "Double"]      -1.6496760499999999e-01
   &NPoints [&Type "Integer"] 3079
   &SurfaceArea [&Type "Double"]       1.2054012957810000e+03
$End
$SCF_Timings
   &GeometryIndex 29
   &TOTAL [&Type "Double"]       7.5163858000000005e+01
   &PREP [&Type "Double"]       8.1351699999999993e-01
   &FOCK [&Type "Double"]       6.7359116999999998e+01
   &DENS [&Type "Double"]       1.8056200000000189e-01
   &ETOT [&Type "Double"]       9.0718999999989336e-02
   &POP [&Type "Double"]       9.9999999747524271e-07
   &TRAFO [&Type "Double"]       6.0658700000000465e-01
   &DIIS [&Type "Double"]       1.6334219999999995e+00
   &SOSCF [&Type "Double"]       9.8463499999999549e-01
   &XC [&Type "Double"]       6.2838850000000015e+00
   &FOCKSTART [&Type "Double"]       3.8097999999992749e-02
   &SOLV [&Type "Double"]       6.2328039999999927e+00
   &SOLV_INIT [&Type "Double"]       2.7986300000000003e-01
   &INT_PREP [&Type "Double"]       9.9999999747524271e-07
   &INT_BF [&Type "Double"]       1.4141709999998895e+00
   &INT_DENS [&Type "Double"]       2.2084930000002565e+00
   &INT_DENSIO [&Type "Double"]       9.3893431738000159e+04
   &INT_FUNC [&Type "Double"]       7.7692000000213923e-02
   &INT_POT [&Type "Double"]       1.7429829999999367e+00
   &INT_POTIO [&Type "Double"]       2.1472999999959441e-02
   &INT_SUM [&Type "Double"]       6.5299999999979264e-04
   &SPLITRIJ [&Type "Double"]       4.7416389999999966e+00
   &COSX [&Type "Double"]       5.4248733999999999e+01
$End
$VdW_Correction
   &GeometryIndex 29
   &vdW [&Type "Double"]      -4.1723043010230706e-02
$End
$Single_Point_Data
   &GeometryIndex 29
   &FinalEnergy [&Type "Double"]      -1.5304710688109553e+03  "Final single point energy"
   &Converged [&Type "Boolean"] true
$End
$SCF_Nuc_Gradient
   &GeometryIndex 29
   &NAtoms [&Type "Integer"] 37
   &gradNorm [&Type "Double"]       5.1226819599119676e-04
   &grad [&Type "ArrayOfDoubles", &Dim (111,1)] 
                                                         0

0                                     -4.8842519326946251e-05
1                                     -1.3441579088153185e-05
2                                     -2.8471274629745664e-05
3                                      6.2641643321467846e-05
4                                     -1.3537856560283357e-05
5                                      4.4644083526392686e-05
6                                      8.5097499874328306e-06
7                                      1.6696407663511256e-06
8                                      4.2391795535846530e-05
9                                      5.7470836487390561e-05
10                                    -1.0996496155105953e-04
11                                    -7.9288547059803657e-05
12                                    -1.2733787841725369e-04
13                                     8.9039143468843846e-05
14                                     4.8061067078878882e-05
15                                     1.1606901820560933e-04
16                                    -6.7478454252487872e-05
17                                    -2.6451330748314351e-05
18                                     3.6766747632006386e-05
19                                     4.8555182906729244e-05
20                                     6.1701107169149312e-05
21                                    -7.7011250613607922e-05
22                                    -1.4742947124249243e-04
23                                    -6.8215529557853673e-05
24                                    -1.6052515743659532e-05
25                                    -6.8205451342997700e-05
26                                    -7.1225069238671528e-05
27                                    -8.4031169022968780e-06
28                                     4.9970048603221963e-05
29                                    -7.9030923082326810e-06
30                                     1.4751632423542630e-05
31                                    -3.7078617157480028e-06
32                                    -6.0937576928823592e-05
33                                    -1.1110891076421329e-05
34                                    -3.2185483351157118e-05
35                                     7.4172502555912203e-06
36                                    -2.5932677824110583e-05
37                                     2.6284127026819389e-05
38                                     5.9628502629764313e-05
39                                     8.5037486002865657e-05
40                                     7.1543665275124353e-05
41                                     1.4470425299835272e-05
42                                     1.2717207622343560e-06
43                                    -7.8332595044761899e-05
44                                     3.4700036784244192e-06
45                                    -2.6821607703155192e-05
46                                     3.1814033475252325e-06
47                                     3.3470904468008190e-05
48                                     9.4250079396957474e-06
49                                    -9.7730900139450581e-06
50                                    -1.9700559396175016e-05
51                                     2.4377926068638536e-05
52                                    -1.9338370306503069e-05
53                                     1.2674476690859550e-04
54                                    -6.3317689938943627e-05
55                                     3.7191020242927509e-05
56                                    -8.9804916916966883e-06
57                                     4.4230503659310386e-06
58                                     1.0936696836736612e-04
59                                    -1.6368013618580637e-04
60                                     7.5032006827313504e-06
61                                    -2.1473416275697265e-05
62                                     5.1246677175451446e-05
63                                    -6.2523747299679370e-05
64                                    -4.0864916684899192e-05
65                                    -3.3668819556866209e-05
66                                     3.7076572884628444e-05
67                                     3.4314890059949162e-05
68                                     9.9449240654677653e-06
69                                     8.6458664875829609e-06
70                                     1.5782131118867654e-05
71                                     2.9059064881465022e-06
72                                    -2.2960692519946292e-05
73                                    -1.1512332802008930e-06
74                                     9.4220285989924155e-06
75                                    -1.3749290258542428e-05
76                                     1.5623372452646587e-05
77                                     3.5064028143342964e-05
78                                    -2.1311083190573882e-07
79                                     3.7363967790851935e-05
80                                    -2.0235675301169271e-05
81                                    -3.1193423522040149e-05
82                                     9.0336654244936978e-06
83                                     1.8296027725780319e-05
84                                     4.6303975172543936e-06
85                                    -1.9484867242254659e-05
86                                    -2.0675069679309683e-05
87                                    -1.5397213120502445e-05
88                                     6.4008950986185634e-06
89                                     8.7525685121505508e-08
90                                     1.0288410174153086e-05
91                                     4.2758870797133511e-06
92                                    -1.1236838905458798e-05
93                                    -2.7809249600500239e-06
94                                     3.8227106286144652e-05
95                                    -4.2515174584686818e-05
96                                    -3.3463090719268430e-06
97                                     9.5584957100157631e-05
98                                    -1.4787390490900702e-05
99                                     4.2001625621723013e-05
100                                   -2.8966386365976383e-05
101                                    1.6916497735842016e-05
102                                    7.7200017816545907e-06
103                                   -5.2375124616672219e-06
104                                    2.7943199286604952e-05
105                                    1.1397563822499186e-05
106                                   -2.6154833380567349e-05
107                                    2.4829884673768625e-05
108                                    6.9864330586828847e-06
109                                    1.3320269843140665e-05
110                                    3.9315988291135912e-05
   &Method [&Type "String"] "SCF"
   &Level [&Type "String"] "Relaxed density"
   &Mult [&Type "Integer"] 1
   &State [&Type "Integer"] 0
   &Irrep [&Type "Integer"] 0
$End
$Geometry
   &GeometryIndex 30
   &NAtoms [&Type "Integer"] 37
   &NCorelessECP [&Type "Integer"] 0
   &NGhostAtoms [&Type "Integer"] 0
   &CartesianCoordinates [&Type "Coordinates", &Dim(37,4), &Units "Bohr"] 
              P     -6.835847035609   -2.957896102024   -0.209828442514
              O     -8.260602151952   -2.487951502099   -2.587473383615
              O     -7.952143819459   -4.383092666674    1.940433959929
              O     -4.192520290711   -4.265490349999   -1.072726876723
              O     -5.904210015798   -0.288736415342    0.985804282417
              C     -4.915450027661    1.573670354786   -0.656299387296
              C     -3.109947377675    3.228730514869    0.806727932582
              O     -1.043251993739    1.748141228052    1.782543984603
              C     -1.922860903571    5.277286561405   -0.811147545051
              O     -1.358060472328    7.387810880193    0.710170541711
              C      0.517523984592    4.005901604522   -1.689834397802
              O      2.463097491854    5.701874726740   -2.280649224705
              C      1.225691922696    2.478630053944    0.650261539570
              N      2.706261958719    0.243568732732    0.099947205922
              C      1.897073065984   -1.914764971446   -1.083276405807
              N      3.679026356772   -3.603016311847   -1.352204793022
              C      5.764846931929   -2.496501658689   -0.301255333965
              C      8.256083228602   -3.357668076144   -0.040401999191
              N      9.099593318682   -5.559471461952   -0.819159284990
              N      9.811968628727   -1.677867109012    1.123873453024
              C      9.059534888960    0.623929629508    1.979185992024
              N      6.785726095719    1.505733865948    1.774992966407
              C      5.196010605813   -0.104032936952    0.621352783397
              H     -3.310092216423   -4.950982673645    0.366646619027
              H     -3.943500157698    0.698615479052   -2.260984086506
              H     -6.446771918884    2.750599372047   -1.399166911593
              H     -4.088761874146    4.064802726433    2.421776890576
              H     -3.134394022265    5.805808182381   -2.404216043133
              H      0.056989845742    8.235702972614   -0.076391154776
              H      0.120413297046    2.729497539289   -3.266768084415
              H      2.368879931233    6.114406585657   -4.050625097366
              H      2.386134239298    3.633755465326    1.914728600702
              H     -0.045615632642   -2.140130054235   -1.673311551431
              H      7.904110486355   -6.764726417350   -1.680717756171
              H     10.919548655593   -6.080582495034   -0.611172857698
              H     10.529077157366    1.730316823705    2.876434068226
              H     11.652788853519   -2.143329869332    1.379924275818
$End
$SCF_Energy
   &GeometryIndex 30
   &Method [&Type "String"] "SCF"
   &totalEnergy [&Type "ArrayOfDoubles", &Dim (1,1)] "Total energy of each state"
                                                         0

0                                     -1.5304293417557944e+03
   &Mult [&Type "ArrayOfIntegers", &Dim (1,1)] "Multiplicity of each state"
                                                         0

0                                                        1
$End
$DFT_Energy
   &GeometryIndex 30
   &nAlphaEl [&Type "Integer"] 89
   &nBetaEl [&Type "Integer"] 89
   &nTotalEl [&Type "Integer"] 179
   &finalEn [&Type "Double"]      -1.5304293417557944e+03  "No Van der Waals correction"
   &eExchange [&Type "Double"]      -1.2773359762555555e+02
   &eCorr [&Type "Double"]      -6.2567377695942854e+00
   &eXC [&Type "Double"]      -1.3399033539514983e+02
   &eCNL [&Type "Double"]       0.0000000000000000e+00
$End
$Solvation_Details
   &GeometryIndex 30
   &Solvent [&Type "String"] "WATER"
   &Epsilon [&Type "Double"]       8.0150999999999996e+01
   &Refrac [&Type "Double"]       1.3328000000000000e+00
   &RSolv [&Type "Double"]       1.3000000000000000e+00
   &SurfaceType [&Type "String"] "GAUSSIAN VDW"
   &CPCMDielEnergy [&Type "Double"]      -1.6487508000000001e-01
   &NPoints [&Type "Integer"] 3084
   &SurfaceArea [&Type "Double"]       1.2054898050560000e+03
$End
$SCF_Timings
   &GeometryIndex 30
   &TOTAL [&Type "Double"]       8.6645326999999995e+01
   &PREP [&Type "Double"]       7.4732699999999996e-01
   &FOCK [&Type "Double"]       7.8664968000000016e+01
   &DENS [&Type "Double"]       2.3236599999998475e-01
   &ETOT [&Type "Double"]       1.2127599999998395e-01
   &POP [&Type "Double"]       9.9999999747524271e-07
   &TRAFO [&Type "Double"]       3.8457300000000672e-01
   &DIIS [&Type "Double"]       1.8861429999999988e+00
   &SOSCF [&Type "Double"]       8.8839999999998298e-01
   &XC [&Type "Double"]       8.0641079999999956e+00
   &FOCKSTART [&Type "Double"]       4.5320000000011906e-02
   &SOLV [&Type "Double"]       7.6530569999999916e+00
   &SOLV_INIT [&Type "Double"]       2.1485399999999999e-01
   &INT_PREP [&Type "Double"]       2.9999999995311555e-06
   &INT_BF [&Type "Double"]       1.3645450000001542e+00
   &INT_DENS [&Type "Double"]       2.3073299999997676e+00
   &INT_DENSIO [&Type "Double"]       1.4505269904600023e+05
   &INT_FUNC [&Type "Double"]       7.9944000000317317e-02
   &INT_POT [&Type "Double"]       1.6285780000000418e+00
   &INT_POTIO [&Type "Double"]       1.9004999999877370e-02
   &INT_SUM [&Type "Double"]       1.9229999999961223e-03
   &SPLITRIJ [&Type "Double"]       6.1254680000000024e+00
   &COSX [&Type "Double"]       6.0962767999999997e+01
$End
$VdW_Correction
   &GeometryIndex 30
   &vdW [&Type "Double"]      -4.1728472765659975e-02
$End
$Single_Point_Data
   &GeometryIndex 30
   &FinalEnergy [&Type "Double"]      -1.5304710702285602e+03  "Final single point energy"
   &Converged [&Type "Boolean"] true
$End
$SCF_Nuc_Gradient
   &GeometryIndex 30
   &NAtoms [&Type "Integer"] 37
   &gradNorm [&Type "Double"]       6.0065275949534652e-04
   &grad [&Type "ArrayOfDoubles", &Dim (111,1)] 
                                                         0

0                                      2.2640020721858352e-05
1                                     -3.0772330401388306e-05
2                                     -3.8647553586100257e-05
3                                      8.6695554509535507e-05
4                                     -3.5020886753211835e-05
5                                      5.4862308123465833e-05
6                                     -8.1838267116883501e-06
7                                      8.3046326314451077e-06
8                                      1.4806073769533620e-05
9                                     -3.0186714656247590e-05
10                                    -4.6996186357102596e-05
11                                    -6.0380028353574461e-05
12                                    -7.0024657889561153e-05
13                                     5.0442022378495977e-05
14                                     6.1807725729875541e-05
15                                     6.2741307194353235e-05
16                                    -6.9576054052520610e-05
17                                    -6.4586064569155464e-05
18                                     6.3364472427719231e-05
19                                     6.4040433146499533e-05
20                                     5.5528890058353301e-05
21                                    -6.4109883409756120e-05
22                                    -9.9923367743786891e-05
23                                    -1.0180574593590051e-04
24                                     1.0829956355849548e-05
25                                    -3.3317099195148074e-05
26                                    -1.1338301905078677e-05
27                                    -4.5708431983706751e-05
28                                     6.3742196311904436e-05
29                                    -4.2657247933142775e-05
30                                    -2.1370221606603724e-05
31                                    -1.1422450169134473e-05
32                                    -1.2990764149380801e-04
33                                    -4.7415306115108148e-05
34                                    -7.3051734602162278e-06
35                                     9.4886070986782559e-06
36                                    -1.2031886876476494e-04
37                                    -5.5895021224273572e-06
38                                     1.0756130663668715e-04
39                                     2.0132446022078467e-04
40                                     6.5391259369493586e-05
41                                     2.7180353901070132e-05
42                                    -3.6127314041128553e-05
43                                    -1.2766521432353250e-04
44                                    -9.1137912855373572e-06
45                                     2.4762777722254792e-05
46                                     2.5709083219101329e-06
47                                     8.1731926369318325e-05
48                                    -5.1045965996767816e-05
49                                    -4.8327967307063794e-05
50                                    -8.5972529589135697e-05
51                                    -2.5469920152936420e-05
52                                     2.1672199410343915e-05
53                                     1.4911149204550582e-04
54                                    -6.2345301257920411e-05
55                                    -1.6667510896985140e-07
56                                     2.8929305157873058e-06
57                                     6.9359064089157116e-05
58                                     6.9757214943728480e-06
59                                    -2.3019409935037000e-04
60                                    -4.9672641783734400e-06
61                                    -8.2248354226890160e-06
62                                     6.4476977295257684e-05
63                                    -1.3745892381301136e-05
64                                    -3.9273422346497065e-05
65                                    -1.0195317672356119e-05
66                                     6.7941935659607754e-06
67                                     5.6406174376879962e-05
68                                     3.8053967637896374e-06
69                                     1.0646785388336112e-05
70                                     3.1457278241262178e-05
71                                     7.6506099113406124e-06
72                                    -3.9530845587409171e-05
73                                    -1.8354080342375826e-05
74                                     8.3055132533585923e-06
75                                     4.7253867092330150e-06
76                                     4.8502343785867996e-05
77                                     4.8428339178036749e-05
78                                    -1.9644602282389858e-05
79                                    -1.2601810669403564e-06
80                                    -9.5981170820080006e-06
81                                    -4.9622858359481373e-05
82                                    -7.7006457529045697e-06
83                                     2.6568870175408597e-05
84                                     3.2510809461147293e-05
85                                    -3.3203169950438231e-05
86                                    -9.1119117621799073e-06
87                                     5.4319684967977648e-05
88                                     5.7238803036655737e-06
89                                    -1.0245418264954824e-05
90                                     2.7848567074357234e-05
91                                    -3.0842196434101895e-06
92                                    -9.3560093167666201e-06
93                                    -5.1069584430848478e-06
94                                     2.6639155052521102e-05
95                                    -2.7890731248857289e-05
96                                    -1.2044883966016388e-05
97                                     1.3268528248940929e-04
98                                     1.8180447652307576e-05
99                                     2.6179063378933979e-05
100                                   -1.5490678258121490e-05
101                                    7.7759197498991389e-06
102                                    1.7323163914692160e-05
103                                   -1.7873436015937531e-06
104                                    2.3379812281739437e-05
105                                   -3.0249555093476746e-05
106                                    1.6202091103419667e-05
107                                    4.1747889589761005e-05
108                                    3.5153980123993339e-05
109                                    4.3705904670820599e-05
110                                    3.5709135284325971e-05
   &Method [&Type "String"] "SCF"
   &Level [&Type "String"] "Relaxed density"
   &Mult [&Type "Integer"] 1
   &State [&Type "Integer"] 0
   &Irrep [&Type "Integer"] 0
$End
$Geometry
   &GeometryIndex 31
   &NAtoms [&Type "Integer"] 37
   &NCorelessECP [&Type "Integer"] 0
   &NGhostAtoms [&Type "Integer"] 0
   &CartesianCoordinates [&Type "Coordinates", &Dim(37,4), &Units "Bohr"] 
              P     -6.825540720113   -2.962169219109   -0.200035214783
              O     -8.259655926334   -2.488955045786   -2.571471976909
              O     -7.933520682830   -4.390536266364    1.952413490306
              O     -4.185300751028   -4.267723902507   -1.074479507549
              O     -5.889073439574   -0.294629958377    0.995548445401
              C     -4.908573961804    1.569967213739   -0.648823983211
              C     -3.106388294227    3.231563804650    0.811004670623
              O     -1.033780389842    1.759183071440    1.786635354103
              C     -1.926447048487    5.281207336419   -0.810391226999
              O     -1.357182642173    7.390888260842    0.710196341025
              C      0.510894631318    4.010236319190   -1.697911301135
              O      2.453654023770    5.705879786289   -2.298814586026
              C      1.229814575372    2.485750684466    0.640553355897
              N      2.707729693016    0.249881254906    0.086503771011
              C      1.900329558073   -1.903919429679   -1.106355053557
              N      3.680702364339   -3.594205660879   -1.372394653377
              C      5.763558668701   -2.494486515200   -0.308343399171
              C      8.251774970789   -3.361255195291   -0.037502553748
              N      9.095161153463   -5.562213390556   -0.818716842650
              N      9.804508385379   -1.688542451151    1.141094240370
              C      9.052652477412    0.612970069684    1.997601219627
              N      6.781741434600    1.499987506031    1.783853715464
              C      5.194585311375   -0.103764910164    0.618313127230
              H     -3.296962832302   -4.954713578542    0.360535770563
              H     -3.935707217024    0.696824492777   -2.254056871112
              H     -6.444378541223    2.741342364411   -1.391144348497
              H     -4.085895360528    4.065975297818    2.426442284900
              H     -3.143467962439    5.809710506666   -2.399289384409
              H      0.051538072102    8.243061160123   -0.082881472982
              H      0.106962952264    2.732349773956   -3.271955466533
              H      2.348054595390    6.120966407448   -4.067559941909
              H      2.397062283654    3.641872933528    1.897718814190
              H     -0.040007406144   -2.125796386920   -1.705307446152
              H      7.901908366888   -6.761851327720   -1.691140893405
              H     10.912838144044   -6.087789108294   -0.602536335680
              H     10.519877939330    1.714387879592    2.904701685198
              H     11.642884609432   -2.158911550013    1.405190652049
$End
$SCF_Energy
   &GeometryIndex 31
   &Method [&Type "String"] "SCF"
   &totalEnergy [&Type "ArrayOfDoubles", &Dim (1,1)] "Total energy of each state"
                                                         0

0                                     -1.5304293409130689e+03
   &Mult [&Type "ArrayOfIntegers", &Dim (1,1)] "Multiplicity of each state"
                                                         0

0                                                        1
$End
$DFT_Energy
   &GeometryIndex 31
   &nAlphaEl [&Type "Integer"] 89
   &nBetaEl [&Type "Integer"] 89
   &nTotalEl [&Type "Integer"] 179
   &finalEn [&Type "Double"]      -1.5304293409130689e+03  "No Van der Waals correction"
   &eExchange [&Type "Double"]      -1.2773363637561815e+02
   &eCorr [&Type "Double"]      -6.2567468753001183e+00
   &eXC [&Type "Double"]      -1.3399038325091826e+02
   &eCNL [&Type "Double"]       0.0000000000000000e+00
$End
$Solvation_Details
   &GeometryIndex 31
   &Solvent [&Type "String"] "WATER"
   &Epsilon [&Type "Double"]       8.0150999999999996e+01
   &Refrac [&Type "Double"]       1.3328000000000000e+00
   &RSolv [&Type "Double"]       1.3000000000000000e+00
   &SurfaceType [&Type "String"] "GAUSSIAN VDW"
   &CPCMDielEnergy [&Type "Double"]      -1.6486007200000000e-01
   &NPoints [&Type "Integer"] 3085
   &SurfaceArea [&Type "Double"]       1.2052189623429999e+03
$End
$SCF_Timings
   &GeometryIndex 31
   &TOTAL [&Type "Double"]       8.1791432999999998e+01
   &PREP [&Type "Double"]       8.1771000000000005e-01
   &FOCK [&Type "Double"]       7.3966623999999996e+01
   &DENS [&Type "Double"]       1.4989399999999620e-01
   &ETOT [&Type "Double"]       8.6500999999982398e-02
   &TRAFO [&Type "Double"]       2.4756399999999701e-01
   &DIIS [&Type "Double"]       4.3393900000000052e-01
   &SOSCF [&Type "Double"]       1.4528230000000022e+00
   &XC [&Type "Double"]       6.6274990000000038e+00
   &FOCKSTART [&Type "Double"]       3.4009000000004730e-02
   &SOLV [&Type "Double"]       6.6124790000000058e+00
   &SOLV_INIT [&Type "Double"]       2.8357200000000005e-01
   &INT_PREP [&Type "Double"]       2.0000000056086265e-06
   &INT_BF [&Type "Double"]       1.2860849999998347e+00
   &INT_DENS [&Type "Double"]       2.1073930000002363e+00
   &INT_DENSIO [&Type "Double"]       1.2013099922200017e+05
   &INT_FUNC [&Type "Double"]       7.3634999999987016e-02
   &INT_POT [&Type "Double"]       1.5218439999998754e+00
   &INT_POTIO [&Type "Double"]       1.5902999999918066e-02
   &INT_SUM [&Type "Double"]       1.2219999999860676e-03
   &SPLITRIJ [&Type "Double"]       4.8010120000000072e+00
   &COSX [&Type "Double"]       6.0193580000000011e+01
$End
$VdW_Correction
   &GeometryIndex 31
   &vdW [&Type "Double"]      -4.1730253255310233e-02
$End
$Single_Point_Data
   &GeometryIndex 31
   &FinalEnergy [&Type "Double"]      -1.5304710711663242e+03  "Final single point energy"
   &Converged [&Type "Boolean"] true
$End
$SCF_Nuc_Gradient
   &GeometryIndex 31
   &NAtoms [&Type "Integer"] 37
   &gradNorm [&Type "Double"]       3.8496915080283748e-04
   &grad [&Type "ArrayOfDoubles", &Dim (111,1)] 
                                                         0

0                                      4.2722818902151630e-05
1                                     -3.2266078983289505e-05
2                                     -3.5874663390478132e-05
3                                      4.8510584946790449e-05
4                                     -3.0312930918539389e-05
5                                      2.5795966140647295e-05
6                                     -4.2146828589851475e-06
7                                      1.0256025121220199e-06
8                                      2.1730022843141709e-06
9                                     -5.5704468475292583e-05
10                                    -7.9699252245684325e-06
11                                    -1.6478322865038619e-05
12                                    -1.6771060136980254e-05
13                                     2.0181941515581470e-05
14                                     4.4920403555928824e-05
15                                     3.2485997554799193e-05
16                                    -5.1546116886313939e-05
17                                    -5.5034842216327646e-05
18                                     4.2504458730500727e-05
19                                     4.2412417342511867e-05
20                                     3.2232704168904026e-05
21                                    -2.8807119458442091e-05
22                                    -2.9500243269597851e-05
23                                    -4.0988485596563388e-05
24                                     5.5242292436125199e-06
25                                    -4.0302929563709408e-06
26                                     2.0001579472916334e-06
27                                    -3.0247140845053872e-05
28                                     2.9300025625690217e-05
29                                    -4.5031025543527196e-05
30                                    -2.0060541169529349e-05
31                                    -1.6676910543445412e-05
32                                    -8.6814601005988113e-05
33                                    -3.0362326972851049e-05
34                                    -3.3140487335387185e-06
35                                    -2.0727109445154606e-06
36                                    -8.0557102625355867e-05
37                                    -8.9752576878837787e-06
38                                     6.2371907505526093e-05
39                                     1.2510281769386063e-04
40                                     3.9930195574370371e-05
41                                     8.1721505171286671e-06
42                                    -2.8947876757252824e-05
43                                    -1.0273886382488939e-04
44                                    -8.7463427436149706e-06
45                                     3.4790790617866582e-05
46                                     6.3642616620327245e-06
47                                     4.5001842941448540e-05
48                                    -4.8623464231752024e-05
49                                    -3.8377328253777867e-05
50                                    -3.5543099971316322e-05
51                                    -1.2542864277446400e-05
52                                     4.1463543275562469e-05
53                                     8.3647940717615602e-05
54                                    -1.2782002227721019e-05
55                                    -4.0180675901996601e-07
56                                     1.8768128973139779e-05
57                                     6.7183220939507273e-05
58                                    -1.8295754794411082e-05
59                                    -1.2817812388619856e-04
60                                     1.8570425550728208e-06
61                                    -5.2178742476268619e-07
62                                     3.6345863869962074e-05
63                                     1.3220040575982230e-07
64                                    -1.7206933031311931e-05
65                                     1.8745211227781926e-06
66                                     1.8770974963593567e-06
67                                     4.1193437972139374e-05
68                                    -1.3828891884703153e-05
69                                     1.5007313787784046e-06
70                                     1.5299697555989699e-05
71                                     2.3597959247595247e-05
72                                    -1.7526137549223606e-05
73                                    -2.8255680075758616e-05
74                                     1.0822864081788677e-05
75                                     9.0596583991452444e-06
76                                     3.4024035491020291e-05
77                                     3.1165817953831197e-05
78                                    -1.8354219067961763e-05
79                                    -1.2151198038645784e-05
80                                    -3.2305044238494591e-06
81                                    -3.1366440019505801e-05
82                                    -1.4712933682315928e-05
83                                     8.7612398475429967e-06
84                                     1.8901723811384324e-05
85                                    -1.8496147777037061e-05
86                                    -8.0614005731106783e-06
87                                     3.5276951431743536e-05
88                                     8.6755505248605966e-07
89                                    -4.2109381727660250e-06
90                                     1.6206410417309269e-05
91                                    -6.6673789148181917e-06
92                                    -6.1772868504349578e-06
93                                    -6.1726802891410337e-06
94                                     2.0923987723359838e-05
95                                    -1.1299595621456061e-05
96                                    -1.9445117124357075e-05
97                                     1.0573309059628473e-04
98                                    -3.0558712563530507e-06
99                                     1.1854425732870227e-05
100                                   -3.3862017450873221e-06
101                                    6.4751565299171355e-06
102                                    1.7170452787508252e-06
103                                   -4.7388332947553087e-08
104                                    2.4150976742396024e-05
105                                   -3.1739283287625524e-05
106                                    2.9034510256251104e-05
107                                    2.8148191617007840e-05
108                                   -2.9836810389706557e-06
109                                    1.8096900602011591e-05
110                                    8.1999268958124502e-06
   &Method [&Type "String"] "SCF"
   &Level [&Type "String"] "Relaxed density"
   &Mult [&Type "Integer"] 1
   &State [&Type "Integer"] 0
   &Irrep [&Type "Integer"] 0
$End
$Geometry
   &GeometryIndex 32
   &NAtoms [&Type "Integer"] 37
   &NCorelessECP [&Type "Integer"] 0
   &NGhostAtoms [&Type "Integer"] 0
   &CartesianCoordinates [&Type "Coordinates", &Dim(37,4), &Units "Bohr"] 
              P     -6.825495436309   -2.961111296943   -0.198488190531
              O     -8.264528013252   -2.485372589462   -2.566508461201
              O     -7.929360050525   -4.391481224667    1.954747170341
              O     -4.186940576520   -4.265826915819   -1.079035365341
              O     -5.886117640872   -0.294890227194    0.997607703416
              C     -4.907334381120    1.570437269606   -0.646870627294
              C     -3.105360533684    3.232520082465    0.812629576141
              O     -1.031915488758    1.761213654565    1.788282356254
              C     -1.925868117190    5.282108689996   -0.809009883641
              O     -1.353148856842    7.390001221701    0.712671096788
              C      0.508924817837    4.008900449691   -1.699940501524
              O      2.452182055645    5.702173824493   -2.305818110667
              C      1.230553556034    2.485486607421    0.638143491977
              N      2.707349853314    0.249047100055    0.084003567902
              C      1.901454357353   -1.904517825534   -1.110362494912
              N      3.682504103479   -3.594195190028   -1.375687084468
              C      5.764200568880   -2.494661119043   -0.309107594269
              C      8.252266359602   -3.361213085913   -0.036260416613
              N      9.097030141434   -5.561285934088   -0.818468353000
              N      9.803062505236   -1.689418846868    1.146252949627
              C      9.050407617739    0.612272050313    2.001470386582
              N      6.779762997945    1.499338065885    1.785124840980
              C      5.193832339624   -0.104574866795    0.618056709186
              H     -3.296777702094   -4.955864772880    0.353358528284
              H     -3.934311104632    0.698029764242   -2.252455660432
              H     -6.443992454638    2.740785506344   -1.389014490754
              H     -4.084691695181    4.066831548299    2.428203890306
              H     -3.143912891244    5.812689472240   -2.396436941542
              H      0.051899815050    8.245001289252   -0.083706225745
              H      0.100517532021    2.730185170598   -3.272238619144
              H      2.341066353921    6.118911571771   -4.073851291384
              H      2.399928894070    3.641852538899    1.893057571434
              H     -0.038404411388   -2.128181106486   -1.710142091343
              H      7.904933001295   -6.760056377514   -1.693659383265
              H     10.914652074525   -6.086549188496   -0.601160135948
              H     10.516816112856    1.713865723037    2.909668309471
              H     11.641165331031   -2.159908805715    1.412138252491
$End
$SCF_Mulliken_Population_Analysis
   &GeometryIndex 32
   &NAtoms [&Type "Integer"] 37
   &ATNO [&Type "ArrayOfIntegers", &Dim (37,1)] 
                                                         0

0                                                       15
1                                                        8
2                                                        8
3                                                        8
4                                                        8
5                                                        6
6                                                        6
7                                                        8
8                                                        6
9                                                        8
10                                                       6
11                                                       8
12                                                       6
13                                                       7
14                                                       6
15                                                       7
16                                                       6
17                                                       6
18                                                       7
19                                                       7
20                                                       6
21                                                       7
22                                                       6
23                                                       1
24                                                       1
25                                                       1
26                                                       1
27                                                       1
28                                                       1
29                                                       1
30                                                       1
31                                                       1
32                                                       1
33                                                       1
34                                                       1
35                                                       1
36                                                       1
   &AtomicCharges [&Type "ArrayOfDoubles", &Dim (37,1)] 
                                                         0

0                                      7.9107220021966107e-01
1                                     -7.0337685651885451e-01
2                                     -7.0805364574886198e-01
3                                     -5.4393540402650409e-01
4                                     -3.5574825057135406e-01
5                                     -1.3256527766071979e-01
6                                      1.4760171731174232e-01
7                                     -3.1006327287692415e-01
8                                      9.4025766925092569e-02
9                                     -4.9548173392021866e-01
10                                    -6.0608282921988277e-02
11                                    -4.9429628347812660e-01
12                                     7.4360858415282394e-02
13                                     9.5245118489448721e-02
14                                    -2.1022152002504235e-02
15                                    -2.9041304937826951e-01
16                                     9.7727127948362025e-02
17                                     9.1302380552821916e-02
18                                    -3.2731830824281438e-01
19                                    -1.2253327256099666e-01
20                                     7.0949586181294322e-02
21                                    -2.9762630311378846e-01
22                                     1.9111477390623133e-01
23                                     3.6690040602486340e-01
24                                     1.2525585475048906e-01
25                                     1.3349640335661461e-01
26                                     1.0671797179826314e-01
27                                     1.3141505066723758e-01
28                                     3.4543003422819196e-01
29                                     1.5207466200932118e-01
30                                     3.7074820467202063e-01
31                                     1.1486868889681634e-01
32                                     2.0690406683158713e-01
33                                     3.1190895648939065e-01
34                                     3.1725777672290723e-01
35                                     2.1101155590792686e-01
36                                     3.1565293071654821e-01
   &Method [&Type "String"] "SCF"
   &Level [&Type "String"] "Relaxed density"
   &Mult [&Type "Integer"] 1
   &State [&Type "Integer"] -1
   &Irrep [&Type "Integer"] 0
$End
$SCF_Loewdin_Population_Analysis
   &GeometryIndex 32
   &NAtoms [&Type "Integer"] 37
   &ATNO [&Type "ArrayOfIntegers", &Dim (37,1)] 
                                                         0

0                                                       15
1                                                        8
2                                                        8
3                                                        8
4                                                        8
5                                                        6
6                                                        6
7                                                        8
8                                                        6
9                                                        8
10                                                       6
11                                                       8
12                                                       6
13                                                       7
14                                                       6
15                                                       7
16                                                       6
17                                                       6
18                                                       7
19                                                       7
20                                                       6
21                                                       7
22                                                       6
23                                                       1
24                                                       1
25                                                       1
26                                                       1
27                                                       1
28                                                       1
29                                                       1
30                                                       1
31                                                       1
32                                                       1
33                                                       1
34                                                       1
35                                                       1
36                                                       1
   &AtomicCharges [&Type "ArrayOfDoubles", &Dim (37,1)] 
                                                         0

0                                     -1.0102180420753371e-01
1                                     -3.9810893356933263e-01
2                                     -4.0577695103023537e-01
3                                     -1.7523135854790972e-01
4                                      3.5825224105218823e-02
5                                     -3.2714488743911474e-01
6                                     -2.7944693327079317e-01
7                                      2.1742766360645494e-01
8                                     -3.1569152646861998e-01
9                                     -8.3109115538739786e-03
10                                    -3.1914112236929792e-01
11                                     1.2202297239102933e-02
12                                    -2.9630445521039750e-01
13                                     3.0965090080883240e-01
14                                    -2.0471943770774370e-01
15                                     1.1464479680536233e-01
16                                    -2.0160135727514650e-01
17                                    -2.2672431416977723e-01
18                                     1.2416529350947236e-01
19                                     2.6796951041248729e-01
20                                    -1.9804907813619632e-01
21                                     1.3932692198853136e-01
22                                    -2.1596015346359554e-01
23                                     1.8225447841925457e-01
24                                     1.3225157093794493e-01
25                                     1.3726910256236824e-01
26                                     1.5643538785675437e-01
27                                     1.5199744951523253e-01
28                                     1.8565810424562446e-01
29                                     1.6173856962241395e-01
30                                     2.0261444531940631e-01
31                                     1.5957021037592189e-01
32                                     1.4947564289811399e-01
33                                     2.1197581677142063e-01
34                                     2.0997593969051642e-01
35                                     1.6546193010853594e-01
36                                     2.4534196762075722e-01
   &Method [&Type "String"] "SCF"
   &Level [&Type "String"] "Relaxed density"
   &Mult [&Type "Integer"] 1
   &State [&Type "Integer"] -1
   &Irrep [&Type "Integer"] 0
$End
$SCF_Mayer_Population_Analysis
   &GeometryIndex 32
   &NAtoms [&Type "Integer"] 37 "Total number of atoms"
   &NBondOrdersPrint [&Type "Integer"] 39 "The number of bond orders larger than threshold"
   &bondThresh [&Type "Double"]       1.0000000000000001e-01  "The threshold for printing"
   &components [&Type "ArrayOfIntegers", &Dim (39,4)] "The indices and atomic numbers of the bonding atoms"
                                                         0                           1                           2                           3

0                                                        0                          15                           1                           8
1                                                        0                          15                           2                           8
2                                                        0                          15                           3                           8
3                                                        0                          15                           4                           8
4                                                        3                           8                          23                           1
5                                                        4                           8                           5                           6
6                                                        5                           6                           6                           6
7                                                        5                           6                          24                           1
8                                                        5                           6                          25                           1
9                                                        6                           6                           7                           8
10                                                       6                           6                           8                           6
11                                                       6                           6                          26                           1
12                                                       7                           8                          12                           6
13                                                       8                           6                           9                           8
14                                                       8                           6                          10                           6
15                                                       8                           6                          27                           1
16                                                       9                           8                          28                           1
17                                                      10                           6                          11                           8
18                                                      10                           6                          12                           6
19                                                      10                           6                          29                           1
20                                                      11                           8                          30                           1
21                                                      12                           6                          13                           7
22                                                      12                           6                          31                           1
23                                                      13                           7                          14                           6
24                                                      13                           7                          22                           6
25                                                      14                           6                          15                           7
26                                                      14                           6                          32                           1
27                                                      15                           7                          16                           6
28                                                      16                           6                          17                           6
29                                                      16                           6                          22                           6
30                                                      17                           6                          18                           7
31                                                      17                           6                          19                           7
32                                                      18                           7                          33                           1
33                                                      18                           7                          34                           1
34                                                      19                           7                          20                           6
35                                                      19                           7                          36                           1
36                                                      20                           6                          21                           7
37                                                      20                           6                          35                           1
38                                                      21                           7                          22                           6
   &BondOrders [&Type "ArrayOfDoubles", &Dim (39,1)] "The bond orders"
                                                         0

0                                      1.8587471731387175e+00
1                                      1.8981279844167289e+00
2                                      1.0828610795171627e+00
3                                      1.0467840757649149e+00
4                                      8.4576186004523224e-01
5                                      9.3230268975889763e-01
6                                      9.7388846837315091e-01
7                                      9.5200779230118715e-01
8                                      9.4982648892861965e-01
9                                      9.6110476225537977e-01
10                                     9.3226109228616993e-01
11                                     9.2566467327933633e-01
12                                     1.1040057760839885e+00
13                                     1.0365078299989146e+00
14                                     9.9872967230770870e-01
15                                     9.5449453890873248e-01
16                                     8.4895876412335836e-01
17                                     1.1161753763972870e+00
18                                     9.4715187813340429e-01
19                                     9.6606326486249272e-01
20                                     8.5559746259141034e-01
21                                     9.0916921846961030e-01
22                                     9.3346024290468410e-01
23                                     1.1803860516750802e+00
24                                     1.2000860098624180e+00
25                                     1.7023794008959079e+00
26                                     9.3523781995302935e-01
27                                     1.2991341684798323e+00
28                                     1.2605066590282834e+00
29                                     1.3678893794252998e+00
30                                     1.5118264194440441e+00
31                                     1.2671234319340856e+00
32                                     8.6731046958201363e-01
33                                     8.5792191680867158e-01
34                                     1.2322240033135838e+00
35                                     8.5605354056683924e-01
36                                     1.6813591314443290e+00
37                                     9.3219465662364676e-01
38                                     1.2421614397012037e+00
   &ATNO [&Type "ArrayOfIntegers", &Dim (37,1)] "Atomic number of the elements"
                                                         0

0                                                       15
1                                                        8
2                                                        8
3                                                        8
4                                                        8
5                                                        6
6                                                        6
7                                                        8
8                                                        6
9                                                        8
10                                                       6
11                                                       8
12                                                       6
13                                                       7
14                                                       6
15                                                       7
16                                                       6
17                                                       6
18                                                       7
19                                                       7
20                                                       6
21                                                       7
22                                                       6
23                                                       1
24                                                       1
25                                                       1
26                                                       1
27                                                       1
28                                                       1
29                                                       1
30                                                       1
31                                                       1
32                                                       1
33                                                       1
34                                                       1
35                                                       1
36                                                       1
   &NA [&Type "ArrayOfDoubles", &Dim (37,1)] "Mulliken gross atomic population"
                                                         0

0                                      1.4208927799780348e+01
1                                      8.7033768565188616e+00
2                                      8.7080536457488638e+00
3                                      8.5439354040265005e+00
4                                      8.3557482505713487e+00
5                                      6.1325652776607296e+00
6                                      5.8523982826882470e+00
7                                      8.3100632728769135e+00
8                                      5.9059742330749057e+00
9                                      8.4954817339202187e+00
10                                     6.0606082829219909e+00
11                                     8.4942962834781284e+00
12                                     5.9256391415847212e+00
13                                     6.9047548815105539e+00
14                                     6.0210221520025096e+00
15                                     7.2904130493782695e+00
16                                     5.9022728720516433e+00
17                                     5.9086976194471701e+00
18                                     7.3273183082428268e+00
19                                     7.1225332725610038e+00
20                                     5.9290504138187110e+00
21                                     7.2976263031137991e+00
22                                     5.8088852260937642e+00
23                                     6.3309959397513682e-01
24                                     8.7474414524951027e-01
25                                     8.6650359664338561e-01
26                                     8.9328202820173663e-01
27                                     8.6858494933276220e-01
28                                     6.5456996577180826e-01
29                                     8.4792533799067893e-01
30                                     6.2925179532797915e-01
31                                     8.8513131110318377e-01
32                                     7.9309593316841287e-01
33                                     6.8809104351060968e-01
34                                     6.8274222327709300e-01
35                                     7.8898844409207303e-01
36                                     6.8434706928345168e-01
   &ZA [&Type "ArrayOfDoubles", &Dim (37,1)] "Total nuclear charge"
                                                         0

0                                      1.5000000000000000e+01
1                                      8.0000000000000000e+00
2                                      8.0000000000000000e+00
3                                      8.0000000000000000e+00
4                                      8.0000000000000000e+00
5                                      6.0000000000000000e+00
6                                      6.0000000000000000e+00
7                                      8.0000000000000000e+00
8                                      6.0000000000000000e+00
9                                      8.0000000000000000e+00
10                                     6.0000000000000000e+00
11                                     8.0000000000000000e+00
12                                     6.0000000000000000e+00
13                                     7.0000000000000000e+00
14                                     6.0000000000000000e+00
15                                     7.0000000000000000e+00
16                                     6.0000000000000000e+00
17                                     6.0000000000000000e+00
18                                     7.0000000000000000e+00
19                                     7.0000000000000000e+00
20                                     6.0000000000000000e+00
21                                     7.0000000000000000e+00
22                                     6.0000000000000000e+00
23                                     1.0000000000000000e+00
24                                     1.0000000000000000e+00
25                                     1.0000000000000000e+00
26                                     1.0000000000000000e+00
27                                     1.0000000000000000e+00
28                                     1.0000000000000000e+00
29                                     1.0000000000000000e+00
30                                     1.0000000000000000e+00
31                                     1.0000000000000000e+00
32                                     1.0000000000000000e+00
33                                     1.0000000000000000e+00
34                                     1.0000000000000000e+00
35                                     1.0000000000000000e+00
36                                     1.0000000000000000e+00
   &QA [&Type "ArrayOfDoubles", &Dim (37,1)] "Mulliken gross atomic charge"
                                                         0

0                                      7.9107220021965219e-01
1                                     -7.0337685651886162e-01
2                                     -7.0805364574886376e-01
3                                     -5.4393540402650054e-01
4                                     -3.5574825057134873e-01
5                                     -1.3256527766072956e-01
6                                      1.4760171731175298e-01
7                                     -3.1006327287691349e-01
8                                      9.4025766925094345e-02
9                                     -4.9548173392021866e-01
10                                    -6.0608282921990941e-02
11                                    -4.9429628347812837e-01
12                                     7.4360858415278841e-02
13                                     9.5245118489446057e-02
14                                    -2.1022152002509564e-02
15                                    -2.9041304937826951e-01
16                                     9.7727127948356696e-02
17                                     9.1302380552829909e-02
18                                    -3.2731830824282682e-01
19                                    -1.2253327256100377e-01
20                                     7.0949586181288993e-02
21                                    -2.9762630311379912e-01
22                                     1.9111477390623577e-01
23                                     3.6690040602486318e-01
24                                     1.2525585475048973e-01
25                                     1.3349640335661439e-01
26                                     1.0671797179826337e-01
27                                     1.3141505066723780e-01
28                                     3.4543003422819174e-01
29                                     1.5207466200932107e-01
30                                     3.7074820467202085e-01
31                                     1.1486868889681623e-01
32                                     2.0690406683158713e-01
33                                     3.1190895648939032e-01
34                                     3.1725777672290700e-01
35                                     2.1101155590792697e-01
36                                     3.1565293071654832e-01
   &VA [&Type "ArrayOfDoubles", &Dim (37,1)] "Mayer's total valence"
                                                         0

0                                      5.9525782136691152e+00
1                                      1.8621990850819365e+00
2                                      1.8690726933653270e+00
3                                      1.9247199396126504e+00
4                                      1.9695097104384676e+00
5                                      3.9400116421630558e+00
6                                      3.8561623432545664e+00
7                                      2.0723192671249411e+00
8                                      3.9969119749010775e+00
9                                      1.9680824683406257e+00
10                                     4.2094344267785910e+00
11                                     1.9647246145380723e+00
12                                     3.9379465197360881e+00
13                                     3.3225297805317364e+00
14                                     4.0600839626883527e+00
15                                     3.1366709906787964e+00
16                                     3.9730122002174881e+00
17                                     4.3911929838199235e+00
18                                     3.3359538713308456e+00
19                                     3.4455876831407313e+00
20                                     4.0415376237095968e+00
21                                     3.0538859438272326e+00
22                                     4.0542958503265298e+00
23                                     8.8679905274572901e-01
24                                     9.8525077740581934e-01
25                                     9.7280241161534720e-01
26                                     9.8894190425464135e-01
27                                     9.6901155778733361e-01
28                                     9.1221814749276198e-01
29                                     9.6316235423261143e-01
30                                     8.7611013114816005e-01
31                                     1.0193350908501990e+00
32                                     9.7228663264731707e-01
33                                     9.1691722485109817e-01
34                                     9.0971783569804143e-01
35                                     9.4820498075441972e-01
36                                     9.0488365393780945e-01
   &BVA [&Type "ArrayOfDoubles", &Dim (37,1)] "Mayer's bonded valence"
                                                         0

0                                      5.9525782136691294e+00
1                                      1.8621990850819454e+00
2                                      1.8690726933653323e+00
3                                      1.9247199396126700e+00
4                                      1.9695097104384782e+00
5                                      3.9400116421630909e+00
6                                      3.8561623432546370e+00
7                                      2.0723192671249340e+00
8                                      3.9969119749009301e+00
9                                      1.9680824683406080e+00
10                                     4.2094344267785786e+00
11                                     1.9647246145379729e+00
12                                     3.9379465197361698e+00
13                                     3.3225297805316991e+00
14                                     4.0600839626882976e+00
15                                     3.1366709906787493e+00
16                                     3.9730122002174681e+00
17                                     4.3911929838198418e+00
18                                     3.3359538713308110e+00
19                                     3.4455876831406238e+00
20                                     4.0415376237095515e+00
21                                     3.0538859438271899e+00
22                                     4.0542958503266782e+00
23                                     8.8679905274573001e-01
24                                     9.8525077740582545e-01
25                                     9.7280241161535375e-01
26                                     9.8894190425466566e-01
27                                     9.6901155778730208e-01
28                                     9.1221814749275909e-01
29                                     9.6316235423264729e-01
30                                     8.7611013114815439e-01
31                                     1.0193350908502408e+00
32                                     9.7228663264728010e-01
33                                     9.1691722485109450e-01
34                                     9.0971783569804954e-01
35                                     9.4820498075440518e-01
36                                     9.0488365393779091e-01
   &FA [&Type "ArrayOfDoubles", &Dim (37,1)] "Mayer's free valence"
                                                         0

0                                      0.0000000000000000e+00
1                                      0.0000000000000000e+00
2                                      0.0000000000000000e+00
3                                      0.0000000000000000e+00
4                                      0.0000000000000000e+00
5                                      0.0000000000000000e+00
6                                      0.0000000000000000e+00
7                                      0.0000000000000000e+00
8                                      0.0000000000000000e+00
9                                      0.0000000000000000e+00
10                                     0.0000000000000000e+00
11                                     0.0000000000000000e+00
12                                     0.0000000000000000e+00
13                                     0.0000000000000000e+00
14                                     0.0000000000000000e+00
15                                     0.0000000000000000e+00
16                                     0.0000000000000000e+00
17                                     0.0000000000000000e+00
18                                     0.0000000000000000e+00
19                                     0.0000000000000000e+00
20                                     0.0000000000000000e+00
21                                     0.0000000000000000e+00
22                                     0.0000000000000000e+00
23                                     0.0000000000000000e+00
24                                     0.0000000000000000e+00
25                                     0.0000000000000000e+00
26                                     0.0000000000000000e+00
27                                     0.0000000000000000e+00
28                                     0.0000000000000000e+00
29                                     0.0000000000000000e+00
30                                     0.0000000000000000e+00
31                                     0.0000000000000000e+00
32                                     0.0000000000000000e+00
33                                     0.0000000000000000e+00
34                                     0.0000000000000000e+00
35                                     0.0000000000000000e+00
36                                     0.0000000000000000e+00
   &Method [&Type "String"] "SCF"
   &Level [&Type "String"] "Relaxed density"
   &Mult [&Type "Integer"] 1
   &State [&Type "Integer"] -1
   &Irrep [&Type "Integer"] 0
$End
$SCF_Energy
   &GeometryIndex 32
   &Method [&Type "String"] "SCF"
   &totalEnergy [&Type "ArrayOfDoubles", &Dim (1,1)] "Total energy of each state"
                                                         0

0                                     -1.5304293405612675e+03
   &Mult [&Type "ArrayOfIntegers", &Dim (1,1)] "Multiplicity of each state"
                                                         0

0                                                        1
$End
$DFT_Energy
   &GeometryIndex 32
   &nAlphaEl [&Type "Integer"] 89
   &nBetaEl [&Type "Integer"] 89
   &nTotalEl [&Type "Integer"] 179
   &finalEn [&Type "Double"]      -1.5304293405612675e+03  "No Van der Waals correction"
   &eExchange [&Type "Double"]      -1.2773365912278335e+02
   &eCorr [&Type "Double"]      -6.2567457793429586e+00
   &eXC [&Type "Double"]      -1.3399040490212630e+02
   &eCNL [&Type "Double"]       0.0000000000000000e+00
$End
$Solvation_Details
   &GeometryIndex 32
   &Solvent [&Type "String"] "WATER"
   &Epsilon [&Type "Double"]       8.0150999999999996e+01
   &Refrac [&Type "Double"]       1.3328000000000000e+00
   &RSolv [&Type "Double"]       1.3000000000000000e+00
   &SurfaceType [&Type "String"] "GAUSSIAN VDW"
   &CPCMDielEnergy [&Type "Double"]      -1.6485825600000001e-01
   &NPoints [&Type "Integer"] 3085
   &SurfaceArea [&Type "Double"]       1.2052848854839999e+03
$End
$SCF_Timings
   &GeometryIndex 32
   &TOTAL [&Type "Double"]       6.3765626000000005e+01
   &PREP [&Type "Double"]       8.3837000000000006e-01
   &FOCK [&Type "Double"]       5.7193262999999995e+01
   &DENS [&Type "Double"]       1.1576499999999612e-01
   &ETOT [&Type "Double"]       7.1152999999997135e-02
   &POP [&Type "Double"]       2.3664200000000335e-01
   &TRAFO [&Type "Double"]       3.8497600000000887e-01
   &DIIS [&Type "Double"]       4.0649400000000036e-01
   &SOSCF [&Type "Double"]       1.2038519999999977e+00
   &XC [&Type "Double"]       4.8932470000000041e+00
   &FOCKSTART [&Type "Double"]       3.0598999999997267e-02
   &SOLV [&Type "Double"]       4.7433129999999935e+00
   &SOLV_INIT [&Type "Double"]       2.9579100000000003e-01
   &INT_PREP [&Type "Double"]       1.0000000045806701e-06
   &INT_BF [&Type "Double"]       1.1336410000000061e+00
   &INT_DENS [&Type "Double"]       1.8460610000000433e+00
   &INT_DENSIO [&Type "Double"]       6.7080849395000085e+04
   &INT_FUNC [&Type "Double"]       5.9906000000228943e-02
   &INT_POT [&Type "Double"]       1.4306550000000247e+00
   &INT_POTIO [&Type "Double"]       1.3119999999828380e-02
   &INT_SUM [&Type "Double"]       1.3229999999957442e-03
   &SPLITRIJ [&Type "Double"]       3.4955009999999977e+00
   &COSX [&Type "Double"]       4.8099984999999990e+01
$End
$VdW_Correction
   &GeometryIndex 32
   &vdW [&Type "Double"]      -4.1730069183824423e-02
$End
$Single_Point_Data
   &GeometryIndex 32
   &FinalEnergy [&Type "Double"]      -1.5304710706304513e+03  "Final single point energy"
   &Converged [&Type "Boolean"] true
$End
$SCF_Dipole_Moment
   &GeometryIndex 32
   &dipoleMagnitude [&Type "Double", &Units "a.u."]       1.6804546038558314e+01
   &dipoleElecContrib [&Type "ArrayOfDoubles", &Dim (3,1)] "Electronic contribution"
                                                         0

0                                      3.2294395172297277e+00
1                                     -7.2936649799828919e+00
2                                      2.7463737341587171e+00
   &dipoleNucContrib [&Type "ArrayOfDoubles", &Dim (3,1)] "Nuclear contribution"
                                                         0

0                                      1.3464093009938747e+01
1                                      8.9198571383055221e+00
2                                     -3.7828284560853174e+00
   &dipoleTotal [&Type "ArrayOfDoubles", &Dim (3,1)] "Total"
                                                         0

0                                      1.6693532527168475e+01
1                                      1.6261921583226302e+00
2                                     -1.0364547219266003e+00
   &doAtomicDipole [&Type "Boolean"] false
   &Method [&Type "String"] "SCF"
   &Level [&Type "String"] "Relaxed density"
   &Mult [&Type "Integer"] 1
   &State [&Type "Integer"] -1
   &Irrep [&Type "Integer"] 0
$End
$Calculation_Info
   &GeometryIndex 32
   &Mult [&Type "Integer"] 1
   &Charge [&Type "Integer"] 0
   &NumOfAtoms [&Type "Integer"] 37
   &NumOfElectrons [&Type "Integer"] 180
   &NumOfBasisFuncts [&Type "Integer"] 803
   &NumOfAuxCBasisFuncts [&Type "Integer"] 0
   &NumOfAuxJBasisFuncts [&Type "Integer"] 1283
   &NumOfAuxJKBasisFuncts [&Type "Integer"] 0
   &NumOfCABSBasisFuncts [&Type "Integer"] 0
$End
$Calculation_Timings
   &GeometryIndex 32
   &GTOINT [&Type "Double"]       1.1930327000000108e+02
   &SCF [&Type "Double"]       2.8908412890000004e+03
   &SCFGRAD [&Type "Double"]       1.4343352460000015e+03
   &GSTEP [&Type "Double"]       3.2336200000058180e-01
   &PROP [&Type "Double"]       6.4668199999960052e-01
   &SUM [&Type "Double"]       4.4454498490000033e+03
$End
