*************************************************
******************* ORCA 6.1.1 ******************
*************************************************
$Calculation_Status
   &GeometryIndex 9
   &version [&Type "String"] "6.1.1"
   &progName [&Type "String"] "LeanSCF"
   &Status [&Type "String"] "NORMAL TERMINATION"
$End
$Geometry
   &GeometryIndex 1
   &NAtoms [&Type "Integer"] 126
   &NCorelessECP [&Type "Integer"] 0
   &NGhostAtoms [&Type "Integer"] 0
   &CartesianCoordinates [&Type "Coordinates", &Dim(126,4), &Units "Bohr"] 
              Si     6.720338937190   63.957428611152   14.783007281470
              Si     6.719745933142   58.140851999111   14.783009119018
              O      4.057819579329   65.157676069389   15.892234434784
              O      4.056981831717   56.941148529889   15.892237096553
              O      7.011042871921   61.049110984105   15.897951343186
              O      6.718498513479   63.961207030065   11.653620773065
              O      6.717904640463   58.137072072833   11.653622612944
              Si    11.753087159129   49.419252483003   14.783089330650
              Si    16.787021588139   46.514229898072   14.783167942750
              O      9.090323134801   48.219548826743   15.892317345532
              O     14.126392209542   47.714477522228   15.892395675927
              O     17.079616622592   43.605911740905   15.898111125372
              O     11.753135389841   49.415472740273   11.653702853599
              O     16.787070925851   46.518009083961   11.653781465044
              Si    11.753680062251   55.235829381381   14.783088316183
              Si    11.754865527903   66.861424166619   14.783085000927
              Si    16.788799643204   63.956401926482   14.783164584009
              Si    16.788206529220   58.139825058708   14.783166182422
              O      9.091161042301   56.436077348532   15.892315789566
              O      9.092101696056   65.661720058852   15.892313035704
              O     14.128170347243   65.156649607759   15.892391929981
              O     14.127332531972   56.940120554921   15.892394202706
              O     12.044384096632   52.327511456960   15.898031870127
              O     17.081393264837   61.048083934051   15.898108461900
              O     11.753729228523   55.239608142562   11.653701837961
              O     11.754914071185   66.857643632300   11.653698524837
              O     16.788848850801   63.960180378030   11.653778105414
              O     16.788254966588   58.136044878170   11.653779705902
              Si    11.755458570486   72.678000869816   14.783082713677
              Si    16.789985204652   75.581996857447   14.783160026832
              O      9.092939057590   73.878247896757   15.892309836079
              O     14.129111099693   74.382292432775   15.892388281704
              O     12.046162479825   69.769683292279   15.898026963445
              O     17.083172804602   78.490255894149   15.898101713306
              O     11.755507775764   72.681778809761   11.653696234465
              O     16.790033823541   75.578215987518   11.653773551149
              Si    21.823437544938   49.418225632233   14.783246253898
              Si    26.859261684518   46.513203302608   14.783325272009
              O     19.160673910589   48.218521049586   15.892474113574
              O     24.196742535282   47.713450890498   15.892552769883
              O     27.149966954562   43.604885397107   15.898268542321
              O     21.823485971551   49.414445815540   11.653859776939
              O     26.857421463977   46.516982645153   11.653938764600
              Si    21.824030364776   55.234802557046   14.783245352610
              Al    21.825215758218   66.860397556703   14.783242130768
              Si    26.861039544175   63.955375132465   14.783321501619
              Si    26.860446370398   58.138798258959   14.783323171949
              O     19.161511370162   56.435050341809   15.892472850767
              O     19.162452070748   65.660693300410   15.892470303197
              O     24.198520620332   65.155623013691   15.892548950497
              O     24.197682743992   56.939093841573   15.892551260550
              O     22.114734411379   52.326484608888   15.898188833744
              O     27.151743458123   61.047057342481   15.898265362567
              O     21.824079542501   55.238581383641   11.653858874468
              O     21.825264123875   66.856616990515   11.653855654714
              O     26.859198861733   63.959153745253   11.653934993600
              O     26.858604957404   58.135018221868   11.653936666081
              Si    21.825808967442   72.676974408052   14.783239847575
              Si    26.862225226808   75.580969934150   14.783316996298
              O     19.163289999403   73.877222410778   15.892467115565
              O     24.199461496477   74.381265849653   15.892545323658
              O     22.116512840556   69.768656743849   15.898184017903
              O     27.153523050257   78.489229151764   15.898258590562
              O     21.825858089042   72.680752512912   11.653853368560
              O     26.860383991387   75.577189213384   11.653930491151
              Si    31.893787439138   49.417199106900   14.783403351986
              O     29.231024035177   48.217494672302   15.892631504311
              O     34.267091881032   47.712423708886   15.892709745614
              O     31.893835537208   49.413418970748   11.654016875408
              Si    31.894380399938   55.233775984754   14.783402152281
              Si    31.895565865990   66.859370948146   14.783398697946
              Si    36.929499781905   63.954348699617   14.783477664226
              Si    36.928906657859   58.137771511739   14.783479426694
              O     29.231861492905   56.434023774400   15.892629752200
              O     29.232802273245   65.659666710898   15.892627049562
              O     34.268870723104   65.154596383622   15.892705406993
              O     34.268032865822   56.938067150297   15.892707883706
              O     32.185084444618   52.325458105383   15.898345745832
              O     37.222093529051   61.046030576307   15.898421539592
              O     31.894429399831   55.237554724490   11.654015674030
              O     31.895614040016   66.855590343874   11.654012221935
              O     36.929548465738   63.958127281593   11.654091185780
              O     36.928954574743   58.133991025767   11.654092950536
              Si    31.896159095186   72.675947916369   14.783396445498
              O     29.233640280228   73.876195766965   15.892623997355
              O     34.269811216687   74.380240035830   15.892701763743
              O     32.186863028662   69.767630192526   15.898340556826
              O     31.896207871735   72.679726197119   11.654009966690
              O     39.302210981026   56.432995908663   15.892785870083
              O     39.303151746179   65.658640884001   15.892783062353
              H      7.699986631489   47.218156128385   15.186956333070
              H      2.665286688171   55.939701304076   15.187255101288
              H      2.665286763182   66.155504122444   15.187255112160
              H      7.699986644940   74.877049409425   15.186956342480
              H     16.909611197292   41.901378892173   15.190188775293
              H     16.909611256927   80.193826638237   15.190188758426
              H     26.981059413718   41.901282793640   15.190151923161
              H     26.981059472565   80.193922750306   15.190151930339
              H     35.830259291403   47.009257737504   15.186606023084
              H     35.830259198986   75.085947776216   15.186606021915
              H     40.864793287792   55.730706969931   15.186941694829
              H     40.864793297258   66.364498553576   15.186941697913
              H     25.397054514227   64.761555344535   10.902054246801
              H     20.403419899557   65.985928963089   10.900688719433
              H     16.833126723646   62.296609617361   10.894261252791
              H     18.253723279216   57.339948914929   10.901603393758
              H     23.248528411942   56.104311054501   10.900014466176
              H     26.806905726479   59.798836805445   10.895258702960
              H     25.439652500749   74.712283639332   10.893669367571
              H     20.381706750549   73.519290809621   10.906041112966
              H     15.398083074434   74.662975436909   10.898049764628
              H     11.778991545600   71.021323610509   10.888233554969
              H     10.306863060416   66.025302237112   10.906602524882
              H      6.813717242868   62.300773380387   10.892580023098
              H      8.178971757171   57.344583703910   10.891095623126
              H     11.739217651201   53.572473593631   10.900258364911
              H     13.245973794471   48.674804613415   10.899084373418
              H     18.217190612513   47.367549441833   10.894053268384
              H     23.271992316499   48.582098858006   10.907358809183
              H     28.257902562574   47.417072524992   10.896349921640
              H     31.846452144747   51.072754215745   10.887018723927
              H     33.346678317098   56.061671805998   10.906039382758
              H     36.815541598416   59.793937718259   10.893946723030
              H     35.476882880611   64.768287869254   10.894248268785
              H     31.899168596482   68.523372945238   10.901718635407
              H     30.411547369311   73.435212682468   10.898484805605
$End
$SCF_Mulliken_Population_Analysis
   &GeometryIndex 1
   &NAtoms [&Type "Integer"] 126
   &ATNO [&Type "ArrayOfIntegers", &Dim (126,1)] 
                                                         0

0                                                       14
1                                                       14
2                                                        8
3                                                        8
4                                                        8
5                                                        8
6                                                        8
7                                                       14
8                                                       14
9                                                        8
10                                                       8
11                                                       8
12                                                       8
13                                                       8
14                                                      14
15                                                      14
16                                                      14
17                                                      14
18                                                       8
19                                                       8
20                                                       8
21                                                       8
22                                                       8
23                                                       8
24                                                       8
25                                                       8
26                                                       8
27                                                       8
28                                                      14
29                                                      14
30                                                       8
31                                                       8
32                                                       8
33                                                       8
34                                                       8
35                                                       8
36                                                      14
37                                                      14
38                                                       8
39                                                       8
40                                                       8
41                                                       8
42                                                       8
43                                                      14
44                                                      13
45                                                      14
46                                                      14
47                                                       8
48                                                       8
49                                                       8
50                                                       8
51                                                       8
52                                                       8
53                                                       8
54                                                       8
55                                                       8
56                                                       8
57                                                      14
58                                                      14
59                                                       8
60                                                       8
61                                                       8
62                                                       8
63                                                       8
64                                                       8
65                                                      14
66                                                       8
67                                                       8
68                                                       8
69                                                      14
70                                                      14
71                                                      14
72                                                      14
73                                                       8
74                                                       8
75                                                       8
76                                                       8
77                                                       8
78                                                       8
79                                                       8
80                                                       8
81                                                       8
82                                                       8
83                                                      14
84                                                       8
85                                                       8
86                                                       8
87                                                       8
88                                                       8
89                                                       8
90                                                       1
91                                                       1
92                                                       1
93                                                       1
94                                                       1
95                                                       1
96                                                       1
97                                                       1
98                                                       1
99                                                       1
100                                                      1
101                                                      1
102                                                      1
103                                                      1
104                                                      1
105                                                      1
106                                                      1
107                                                      1
108                                                      1
109                                                      1
110                                                      1
111                                                      1
112                                                      1
113                                                      1
114                                                      1
115                                                      1
116                                                      1
117                                                      1
118                                                      1
119                                                      1
120                                                      1
121                                                      1
122                                                      1
123                                                      1
124                                                      1
125                                                      1
   &AtomicCharges [&Type "ArrayOfDoubles", &Dim (126,1)] 
                                                         0

0                                      7.5253936846041292e-01
1                                      7.5032361958515281e-01
2                                     -6.0652071383641193e-01
3                                     -6.0614644280960128e-01
4                                     -3.5984525103899401e-01
5                                     -5.6902025319818073e-01
6                                     -5.6653144733179062e-01
7                                      7.4928333149139625e-01
8                                      7.4972360342782629e-01
9                                     -6.0611434227255856e-01
10                                    -3.4794810930126197e-01
11                                    -6.0757064415742157e-01
12                                    -5.6672808941621255e-01
13                                    -5.6780082575631852e-01
14                                     7.2618827650629036e-01
15                                     7.1559161559529016e-01
16                                     6.9658248900831587e-01
17                                     6.9663343905435937e-01
18                                    -3.4605575375674391e-01
19                                    -3.4853145479083913e-01
20                                    -3.6028880069217983e-01
21                                    -3.5459792535249690e-01
22                                    -3.5602426780914520e-01
23                                    -3.5248430710406708e-01
24                                    -5.5218483604248192e-01
25                                    -5.5413093872204122e-01
26                                    -5.6745927370366545e-01
27                                    -5.5278725807374052e-01
28                                     7.5084524426841881e-01
29                                     7.4227778441117742e-01
30                                    -6.0688998279030137e-01
31                                    -3.4999652788271796e-01
32                                    -3.5939151068058983e-01
33                                    -6.1070381977766530e-01
34                                    -5.6942375193944983e-01
35                                    -5.7031645685081322e-01
36                                     7.2572575615512314e-01
37                                     7.5064739451697093e-01
38                                    -3.5463955895116506e-01
39                                    -3.4739177778010877e-01
40                                    -6.0711136873552896e-01
41                                    -5.5208289613783101e-01
42                                    -5.6826157617319950e-01
43                                     7.0625234325490815e-01
44                                     3.2652659120343230e-01
45                                     6.9853568901437590e-01
46                                     6.9859331615010767e-01
47                                    -3.4422425617357533e-01
48                                    -3.8341564323133603e-01
49                                    -3.8492674498203883e-01
50                                    -3.4165322700625289e-01
51                                    -3.5411859232956999e-01
52                                    -3.5477630151736683e-01
53                                    -5.5261849528482010e-01
54                                    -6.7238431579087887e-01
55                                    -5.8383322645357794e-01
56                                    -5.5665211326290454e-01
57                                     7.0074738752092891e-01
58                                     7.4501766821748561e-01
59                                    -3.6240437608653764e-01
60                                    -3.5701052430877311e-01
61                                    -3.9585041694271084e-01
62                                    -6.1062887452057169e-01
63                                    -5.6691279990111809e-01
64                                    -5.7238256276723121e-01
65                                     7.5162944582333679e-01
66                                    -3.5575142772806601e-01
67                                    -6.0669991679407964e-01
68                                    -5.6710385738139024e-01
69                                     7.2522515777109220e-01
70                                     7.1694865217038029e-01
71                                     7.5118845070696061e-01
72                                     7.4904865071038351e-01
73                                    -3.5474179507203907e-01
74                                    -3.5921183165929982e-01
75                                    -3.5569671345190557e-01
76                                    -3.5251326485597190e-01
77                                    -3.4966799050658537e-01
78                                    -3.5221403902493620e-01
79                                    -5.5142812979992151e-01
80                                    -5.5486349620051101e-01
81                                    -5.6841210799007591e-01
82                                    -5.6774396816372708e-01
83                                     7.5058629518550646e-01
84                                    -3.5769925812134851e-01
85                                    -6.0734791274794198e-01
86                                    -3.5220874374631350e-01
87                                    -5.6912250735219061e-01
88                                    -6.0713274203721745e-01
89                                    -6.0770067697457364e-01
90                                     3.9239637495244195e-01
91                                     3.9242927534370731e-01
92                                     3.9187100482107939e-01
93                                     3.9175592233555956e-01
94                                     3.9204873942316965e-01
95                                     3.9051337687428500e-01
96                                     3.9200924486048727e-01
97                                     3.9083788053262403e-01
98                                     3.9253499004967907e-01
99                                     3.9163871355854440e-01
100                                    3.9228029781578111e-01
101                                    3.9185742841951221e-01
102                                    3.5814516522118967e-01
103                                    3.2868887640526889e-01
104                                    3.6052152476212984e-01
105                                    3.6859705777485174e-01
106                                    3.6973531301996987e-01
107                                    3.6877623122796810e-01
108                                    3.6883643354138518e-01
109                                    3.6067654046247721e-01
110                                    3.6888457180344991e-01
111                                    3.7095577390506640e-01
112                                    3.6812417251154317e-01
113                                    3.7135946460221603e-01
114                                    3.7027629974185827e-01
115                                    3.6995325928350831e-01
116                                    3.7024745663387115e-01
117                                    3.7128719721104764e-01
118                                    3.6981203512798455e-01
119                                    3.7144239564153425e-01
120                                    3.7079531790518572e-01
121                                    3.6946790460086110e-01
122                                    3.7068091580884710e-01
123                                    3.7080735805118703e-01
124                                    3.6853557458175978e-01
125                                    3.7059135400956178e-01
   &Method [&Type "String"] "SCF"
   &Level [&Type "String"] "Relaxed density"
   &Mult [&Type "Integer"] 1
   &State [&Type "Integer"] -1
   &Irrep [&Type "Integer"] 0
$End
$SCF_Loewdin_Population_Analysis
   &GeometryIndex 1
   &NAtoms [&Type "Integer"] 126
   &ATNO [&Type "ArrayOfIntegers", &Dim (126,1)] 
                                                         0

0                                                       14
1                                                       14
2                                                        8
3                                                        8
4                                                        8
5                                                        8
6                                                        8
7                                                       14
8                                                       14
9                                                        8
10                                                       8
11                                                       8
12                                                       8
13                                                       8
14                                                      14
15                                                      14
16                                                      14
17                                                      14
18                                                       8
19                                                       8
20                                                       8
21                                                       8
22                                                       8
23                                                       8
24                                                       8
25                                                       8
26                                                       8
27                                                       8
28                                                      14
29                                                      14
30                                                       8
31                                                       8
32                                                       8
33                                                       8
34                                                       8
35                                                       8
36                                                      14
37                                                      14
38                                                       8
39                                                       8
40                                                       8
41                                                       8
42                                                       8
43                                                      14
44                                                      13
45                                                      14
46                                                      14
47                                                       8
48                                                       8
49                                                       8
50                                                       8
51                                                       8
52                                                       8
53                                                       8
54                                                       8
55                                                       8
56                                                       8
57                                                      14
58                                                      14
59                                                       8
60                                                       8
61                                                       8
62                                                       8
63                                                       8
64                                                       8
65                                                      14
66                                                       8
67                                                       8
68                                                       8
69                                                      14
70                                                      14
71                                                      14
72                                                      14
73                                                       8
74                                                       8
75                                                       8
76                                                       8
77                                                       8
78                                                       8
79                                                       8
80                                                       8
81                                                       8
82                                                       8
83                                                      14
84                                                       8
85                                                       8
86                                                       8
87                                                       8
88                                                       8
89                                                       8
90                                                       1
91                                                       1
92                                                       1
93                                                       1
94                                                       1
95                                                       1
96                                                       1
97                                                       1
98                                                       1
99                                                       1
100                                                      1
101                                                      1
102                                                      1
103                                                      1
104                                                      1
105                                                      1
106                                                      1
107                                                      1
108                                                      1
109                                                      1
110                                                      1
111                                                      1
112                                                      1
113                                                      1
114                                                      1
115                                                      1
116                                                      1
117                                                      1
118                                                      1
119                                                      1
120                                                      1
121                                                      1
122                                                      1
123                                                      1
124                                                      1
125                                                      1
   &AtomicCharges [&Type "ArrayOfDoubles", &Dim (126,1)] 
                                                         0

0                                     -2.3989356460016253e-01
1                                     -2.3914670380114167e-01
2                                     -1.1632382215326764e-01
3                                     -1.1556582177455432e-01
4                                      5.7607606288498481e-02
5                                     -1.0743847846124943e-01
6                                     -1.0718745224154169e-01
7                                     -2.3853883631271167e-01
8                                     -2.3874904249451312e-01
9                                     -1.1510997678821155e-01
10                                     5.8759613237140407e-02
11                                    -1.1857093452260159e-01
12                                    -1.0758405414784633e-01
13                                    -1.0711991677906596e-01
14                                    -2.0313939577578033e-01
15                                    -2.0842493216500202e-01
16                                    -2.2048207154032617e-01
17                                    -2.0682096458160615e-01
18                                     6.1798116446665219e-02
19                                     6.0688851326796467e-02
20                                     5.9554849676763943e-02
21                                     6.4470810349857466e-02
22                                     5.9622629749687128e-02
23                                     5.9673070786394611e-02
24                                    -9.4061161421988615e-02
25                                    -9.5951485750552123e-02
26                                    -9.7914620838858824e-02
27                                    -9.4646805431811032e-02
28                                    -2.4017867928077941e-01
29                                    -2.4527637947399583e-01
30                                    -1.1716791204360177e-01
31                                     5.7714785776128430e-02
32                                     5.9311203420652880e-02
33                                    -1.1961353635882155e-01
34                                    -1.0778168655309806e-01
35                                    -1.0970744321325299e-01
36                                    -2.0274545256107679e-01
37                                    -2.3836742127357624e-01
38                                     6.2502550032784043e-02
39                                     6.1393541217452885e-02
40                                    -1.1790580511468285e-01
41                                    -9.4211920388787007e-02
42                                    -1.0715554254438686e-01
43                                    -2.0284196842554181e-01
44                                    -9.5146367977486435e-01
45                                    -2.2140850780346177e-01
46                                    -2.0634439169701935e-01
47                                     6.4548231981687465e-02
48                                     7.8377202638078458e-02
49                                     7.6952450772591163e-02
50                                     6.4489828970854646e-02
51                                     6.1882747115446612e-02
52                                     5.8119710249365575e-02
53                                    -9.3388653642112018e-02
54                                    -1.2560070416030911e-01
55                                    -1.0603706480430475e-01
56                                    -9.5702622765122314e-02
57                                    -2.2249893837616064e-01
58                                    -2.4465539835870587e-01
59                                     5.8812115510390228e-02
60                                     5.5911222324992238e-02
61                                     7.4134772531018633e-02
62                                    -1.2013948646374040e-01
63                                    -9.8070686803767515e-02
64                                    -1.1040573252052788e-01
65                                    -2.3813258483619748e-01
66                                     6.0528351047705264e-02
67                                    -1.1622367991379434e-01
68                                    -1.0697332960699946e-01
69                                    -2.0328644718356692e-01
70                                    -2.0845934089890328e-01
71                                    -2.4070536530417286e-01
72                                    -2.3959226790953636e-01
73                                     6.4314020778287961e-02
74                                     6.1646016460932707e-02
75                                     6.1955646787314578e-02
76                                     6.2421370506001495e-02
77                                     5.9015199598930757e-02
78                                     5.5614328512486821e-02
79                                    -9.4233445890901990e-02
80                                    -9.5725627606919161e-02
81                                    -1.0775197166088013e-01
82                                    -1.0752689774783164e-01
83                                    -2.4017729003735688e-01
84                                     5.9657990582373088e-02
85                                    -1.1744401776714675e-01
86                                     5.8073346876883036e-02
87                                    -1.0813268789667951e-01
88                                    -1.1601545823725701e-01
89                                    -1.1775466880951058e-01
90                                     2.1633923161726010e-01
91                                     2.1658092987838862e-01
92                                     2.1557182378067608e-01
93                                     2.1583950457964163e-01
94                                     2.1593451956498688e-01
95                                     2.1462381258281693e-01
96                                     2.1558857000882048e-01
97                                     2.1512010637186885e-01
98                                     2.1654880592898140e-01
99                                     2.1528350740755919e-01
100                                    2.1612327417839972e-01
101                                    2.1578206432278546e-01
102                                    1.8979715845173473e-01
103                                    1.7649962854256229e-01
104                                    1.8734588501192484e-01
105                                    1.9247958454292302e-01
106                                    1.9327782895233292e-01
107                                    1.9245110066492643e-01
108                                    1.9037004944369118e-01
109                                    1.8735432307791000e-01
110                                    1.9058531665590361e-01
111                                    1.9147708326709056e-01
112                                    1.9207896219985576e-01
113                                    1.9181111019064434e-01
114                                    1.9150919716061998e-01
115                                    1.9330442831271399e-01
116                                    1.9164328710442058e-01
117                                    1.9171382344011179e-01
118                                    1.9331307155599375e-01
119                                    1.9181287757422705e-01
120                                    1.9187584068425245e-01
121                                    1.9297747244967822e-01
122                                    1.9191273230567085e-01
123                                    1.9130182348060432e-01
124                                    1.9240599563389937e-01
125                                    1.9128782481038198e-01
   &Method [&Type "String"] "SCF"
   &Level [&Type "String"] "Relaxed density"
   &Mult [&Type "Integer"] 1
   &State [&Type "Integer"] -1
   &Irrep [&Type "Integer"] 0
$End
$SCF_Mayer_Population_Analysis
   &GeometryIndex 1
   &NAtoms [&Type "Integer"] 126 "Total number of atoms"
   &NBondOrdersPrint [&Type "Integer"] 132 "The number of bond orders larger than threshold"
   &bondThresh [&Type "Double"]       1.0000000000000001e-01  "The threshold for printing"
   &components [&Type "ArrayOfIntegers", &Dim (132,4)] "The indices and atomic numbers of the bonding atoms"
                                                         0                           1                           2                           3

0                                                        0                          14                           2                           8
1                                                        0                          14                           4                           8
2                                                        0                          14                           5                           8
3                                                        0                          14                          19                           8
4                                                        1                          14                           3                           8
5                                                        1                          14                           4                           8
6                                                        1                          14                           6                           8
7                                                        1                          14                          18                           8
8                                                        2                           8                          92                           1
9                                                        3                           8                          91                           1
10                                                       5                           8                         113                           1
11                                                       6                           8                         114                           1
12                                                       7                          14                           9                           8
13                                                       7                          14                          10                           8
14                                                       7                          14                          12                           8
15                                                       7                          14                          22                           8
16                                                       8                          14                          10                           8
17                                                       8                          14                          11                           8
18                                                       8                          14                          13                           8
19                                                       8                          14                          38                           8
20                                                       9                           8                          90                           1
21                                                      11                           8                          94                           1
22                                                      12                           8                         116                           1
23                                                      13                           8                         117                           1
24                                                      14                          14                          18                           8
25                                                      14                          14                          21                           8
26                                                      14                          14                          22                           8
27                                                      14                          14                          24                           8
28                                                      15                          14                          19                           8
29                                                      15                          14                          20                           8
30                                                      15                          14                          25                           8
31                                                      15                          14                          32                           8
32                                                      16                          14                          20                           8
33                                                      16                          14                          23                           8
34                                                      16                          14                          26                           8
35                                                      16                          14                          48                           8
36                                                      17                          14                          21                           8
37                                                      17                          14                          23                           8
38                                                      17                          14                          27                           8
39                                                      17                          14                          47                           8
40                                                      24                           8                         115                           1
41                                                      25                           8                         112                           1
42                                                      26                           8                         104                           1
43                                                      27                           8                         105                           1
44                                                      28                          14                          30                           8
45                                                      28                          14                          31                           8
46                                                      28                          14                          32                           8
47                                                      28                          14                          34                           8
48                                                      29                          14                          31                           8
49                                                      29                          14                          33                           8
50                                                      29                          14                          35                           8
51                                                      29                          14                          59                           8
52                                                      30                           8                          93                           1
53                                                      33                           8                          95                           1
54                                                      34                           8                         111                           1
55                                                      35                           8                         110                           1
56                                                      36                          14                          38                           8
57                                                      36                          14                          39                           8
58                                                      36                          14                          41                           8
59                                                      36                          14                          51                           8
60                                                      37                          14                          39                           8
61                                                      37                          14                          40                           8
62                                                      37                          14                          42                           8
63                                                      37                          14                          66                           8
64                                                      40                           8                          96                           1
65                                                      41                           8                         118                           1
66                                                      42                           8                         119                           1
67                                                      43                          14                          47                           8
68                                                      43                          14                          50                           8
69                                                      43                          14                          51                           8
70                                                      43                          14                          53                           8
71                                                      44                          13                          48                           8
72                                                      44                          13                          49                           8
73                                                      44                          13                          54                           8
74                                                      44                          13                          61                           8
75                                                      45                          14                          49                           8
76                                                      45                          14                          52                           8
77                                                      45                          14                          55                           8
78                                                      45                          14                          74                           8
79                                                      46                          14                          50                           8
80                                                      46                          14                          52                           8
81                                                      46                          14                          56                           8
82                                                      46                          14                          73                           8
83                                                      53                           8                         106                           1
84                                                      54                           8                         103                           1
85                                                      55                           8                         102                           1
86                                                      56                           8                         107                           1
87                                                      57                          14                          59                           8
88                                                      57                          14                          60                           8
89                                                      57                          14                          61                           8
90                                                      57                          14                          63                           8
91                                                      58                          14                          60                           8
92                                                      58                          14                          62                           8
93                                                      58                          14                          64                           8
94                                                      58                          14                          84                           8
95                                                      62                           8                          97                           1
96                                                      63                           8                         109                           1
97                                                      64                           8                         108                           1
98                                                      65                          14                          66                           8
99                                                      65                          14                          67                           8
100                                                     65                          14                          68                           8
101                                                     65                          14                          77                           8
102                                                     67                           8                          98                           1
103                                                     68                           8                         120                           1
104                                                     69                          14                          73                           8
105                                                     69                          14                          76                           8
106                                                     69                          14                          77                           8
107                                                     69                          14                          79                           8
108                                                     70                          14                          74                           8
109                                                     70                          14                          75                           8
110                                                     70                          14                          80                           8
111                                                     70                          14                          86                           8
112                                                     71                          14                          75                           8
113                                                     71                          14                          78                           8
114                                                     71                          14                          81                           8
115                                                     71                          14                          89                           8
116                                                     72                          14                          76                           8
117                                                     72                          14                          78                           8
118                                                     72                          14                          82                           8
119                                                     72                          14                          88                           8
120                                                     79                           8                         121                           1
121                                                     80                           8                         124                           1
122                                                     81                           8                         123                           1
123                                                     82                           8                         122                           1
124                                                     83                          14                          84                           8
125                                                     83                          14                          85                           8
126                                                     83                          14                          86                           8
127                                                     83                          14                          87                           8
128                                                     85                           8                          99                           1
129                                                     87                           8                         125                           1
130                                                     88                           8                         100                           1
131                                                     89                           8                         101                           1
   &BondOrders [&Type "ArrayOfDoubles", &Dim (132,1)] "The bond orders"
                                                         0

0                                      1.2635918905885655e+00
1                                      1.1374653477979479e+00
2                                      1.1611330527356691e+00
3                                      1.1539459759106241e+00
4                                      1.2653636235752104e+00
5                                      1.1434733470189011e+00
6                                      1.1604466555530488e+00
7                                      1.1446881529430057e+00
8                                      8.2411196662742869e-01
9                                      8.2347176217051643e-01
10                                     8.2665851539725299e-01
11                                     8.2726168172036230e-01
12                                     1.2663344088233095e+00
13                                     1.1428065865288750e+00
14                                     1.1637478545301305e+00
15                                     1.1465134469845497e+00
16                                     1.1546470449720299e+00
17                                     1.2627301462951050e+00
18                                     1.1584301970651354e+00
19                                     1.1404190755620918e+00
20                                     8.2354338110645608e-01
21                                     8.2390924749120642e-01
22                                     8.2646735804990235e-01
23                                     8.2718760833747551e-01
24                                     1.1612739791239710e+00
25                                     1.1732062866275490e+00
26                                     1.1526478887724849e+00
27                                     1.1951014551597898e+00
28                                     1.1486795639562244e+00
29                                     1.1991147195015350e+00
30                                     1.1923883845033285e+00
31                                     1.1543168115728846e+00
32                                     1.1152493344115078e+00
33                                     1.1102750689309164e+00
34                                     1.1389693256237157e+00
35                                     1.3341702666171820e+00
36                                     1.1538124426646157e+00
37                                     1.1919570153611621e+00
38                                     1.1835451889934006e+00
39                                     1.1482628452766148e+00
40                                     8.2481593720296353e-01
41                                     8.2623817761098295e-01
42                                     8.3388394220928985e-01
43                                     8.2606896025092025e-01
44                                     1.2631575513284850e+00
45                                     1.1554966977499710e+00
46                                     1.1429439486153259e+00
47                                     1.1552268334334785e+00
48                                     1.1395213715636843e+00
49                                     1.2581145678839154e+00
50                                     1.1599571327199498e+00
51                                     1.1713920893137537e+00
52                                     8.2407225386945426e-01
53                                     8.2534969361626931e-01
54                                     8.2756357954630655e-01
55                                     8.2782184396338154e-01
56                                     1.1623926594807563e+00
57                                     1.1533340038826074e+00
58                                     1.1950183383152211e+00
59                                     1.1707173596770688e+00
60                                     1.1512458701881143e+00
61                                     1.2627968264704830e+00
62                                     1.1624011590797076e+00
63                                     1.1401903543168843e+00
64                                     8.2408399447026781e-01
65                                     8.2459700801261393e-01
66                                     8.2611456306343078e-01
67                                     1.1708671011900407e+00
68                                     1.1604022208668689e+00
69                                     1.1554685226235846e+00
70                                     1.1822725107658416e+00
71                                     1.0093000853687681e+00
72                                     1.0083929557293254e+00
73                                     1.0305740513438919e+00
74                                     9.9810534455857658e-01
75                                     1.3324443703008098e+00
76                                     1.1198664346677276e+00
77                                     1.1273250226293277e+00
78                                     1.1110299156468346e+00
79                                     1.1585032218389621e+00
80                                     1.1834246199612617e+00
81                                     1.1788039935307966e+00
82                                     1.1538139017533362e+00
83                                     8.2407775837582442e-01
84                                     8.7324549624282299e-01
85                                     8.1855530379957064e-01
86                                     8.2330453654477831e-01
87                                     1.1133594203730719e+00
88                                     1.1191800924933371e+00
89                                     1.3457108593402392e+00
90                                     1.1461227888650314e+00
91                                     1.1708510615320735e+00
92                                     1.2579687799318662e+00
93                                     1.1550765894098851e+00
94                                     1.1381801514878200e+00
95                                     8.2508312724913702e-01
96                                     8.3247082874242584e-01
97                                     8.2620522571206578e-01
98                                     1.1448459651723790e+00
99                                     1.2643853309873956e+00
100                                    1.1593295643179027e+00
101                                    1.1437244666467821e+00
102                                    8.2342725526871319e-01
103                                    8.2730423299797295e-01
104                                    1.1742905426344017e+00
105                                    1.1531830863319743e+00
106                                    1.1590977889895147e+00
107                                    1.1963639954926231e+00
108                                    1.2002399871683607e+00
109                                    1.1540415112101639e+00
110                                    1.1907004556468224e+00
111                                    1.1474674218866134e+00
112                                    1.1460614780433840e+00
113                                    1.1500149709213550e+00
114                                    1.1581090416185726e+00
115                                    1.2622393763680018e+00
116                                    1.1492162269307995e+00
117                                    1.1435849968821208e+00
118                                    1.1622115877424870e+00
119                                    1.2648617681045460e+00
120                                    8.2460652498432996e-01
121                                    8.2630851409728845e-01
122                                    8.2719615693156423e-01
123                                    8.2651257525803534e-01
124                                    1.1436431578150736e+00
125                                    1.2617781119074731e+00
126                                    1.1523271688555881e+00
127                                    1.1608227587764504e+00
128                                    8.2436182910194522e-01
129                                    8.2629821020961147e-01
130                                    8.2369648682381036e-01
131                                    8.2401430169684120e-01
   &ATNO [&Type "ArrayOfIntegers", &Dim (126,1)] "Atomic number of the elements"
                                                         0

0                                                       14
1                                                       14
2                                                        8
3                                                        8
4                                                        8
5                                                        8
6                                                        8
7                                                       14
8                                                       14
9                                                        8
10                                                       8
11                                                       8
12                                                       8
13                                                       8
14                                                      14
15                                                      14
16                                                      14
17                                                      14
18                                                       8
19                                                       8
20                                                       8
21                                                       8
22                                                       8
23                                                       8
24                                                       8
25                                                       8
26                                                       8
27                                                       8
28                                                      14
29                                                      14
30                                                       8
31                                                       8
32                                                       8
33                                                       8
34                                                       8
35                                                       8
36                                                      14
37                                                      14
38                                                       8
39                                                       8
40                                                       8
41                                                       8
42                                                       8
43                                                      14
44                                                      13
45                                                      14
46                                                      14
47                                                       8
48                                                       8
49                                                       8
50                                                       8
51                                                       8
52                                                       8
53                                                       8
54                                                       8
55                                                       8
56                                                       8
57                                                      14
58                                                      14
59                                                       8
60                                                       8
61                                                       8
62                                                       8
63                                                       8
64                                                       8
65                                                      14
66                                                       8
67                                                       8
68                                                       8
69                                                      14
70                                                      14
71                                                      14
72                                                      14
73                                                       8
74                                                       8
75                                                       8
76                                                       8
77                                                       8
78                                                       8
79                                                       8
80                                                       8
81                                                       8
82                                                       8
83                                                      14
84                                                       8
85                                                       8
86                                                       8
87                                                       8
88                                                       8
89                                                       8
90                                                       1
91                                                       1
92                                                       1
93                                                       1
94                                                       1
95                                                       1
96                                                       1
97                                                       1
98                                                       1
99                                                       1
100                                                      1
101                                                      1
102                                                      1
103                                                      1
104                                                      1
105                                                      1
106                                                      1
107                                                      1
108                                                      1
109                                                      1
110                                                      1
111                                                      1
112                                                      1
113                                                      1
114                                                      1
115                                                      1
116                                                      1
117                                                      1
118                                                      1
119                                                      1
120                                                      1
121                                                      1
122                                                      1
123                                                      1
124                                                      1
125                                                      1
   &NA [&Type "ArrayOfDoubles", &Dim (126,1)] "Mulliken gross atomic population"
                                                         0

0                                      1.3247460631539589e+01
1                                      1.3249676380414837e+01
2                                      8.6065207138364030e+00
3                                      8.6061464428095995e+00
4                                      8.3598452510389798e+00
5                                      8.5690202531981683e+00
6                                      8.5665314473317764e+00
7                                      1.3250716668508602e+01
8                                      1.3250276396572159e+01
9                                      8.6061143422725621e+00
10                                     8.3479481093012673e+00
11                                     8.6075706441574127e+00
12                                     8.5667280894162214e+00
13                                     8.5678008257563310e+00
14                                     1.3273811723493719e+01
15                                     1.3284408384404728e+01
16                                     1.3303417510991691e+01
17                                     1.3303366560945658e+01
18                                     8.3460557537567475e+00
19                                     8.3485314547908374e+00
20                                     8.3602888006921816e+00
21                                     8.3545979253525058e+00
22                                     8.3560242678091505e+00
23                                     8.3524843071040813e+00
24                                     8.5521848360424801e+00
25                                     8.5541309387220412e+00
26                                     8.5674592737036690e+00
27                                     8.5527872580737387e+00
28                                     1.3249154755731585e+01
29                                     1.3257722215588814e+01
30                                     8.6068899827903049e+00
31                                     8.3499965278827251e+00
32                                     8.3593915106805952e+00
33                                     8.6107038197776671e+00
34                                     8.5694237519394516e+00
35                                     8.5703164568508168e+00
36                                     1.3274274243844866e+01
37                                     1.3249352605483029e+01
38                                     8.3546395589511704e+00
39                                     8.3473917777801105e+00
40                                     8.6071113687355290e+00
41                                     8.5520828961378292e+00
42                                     8.5682615761732084e+00
43                                     1.3293747656745094e+01
44                                     1.2673473408796585e+01
45                                     1.3301464310985626e+01
46                                     1.3301406683849883e+01
47                                     8.3442242561735789e+00
48                                     8.3834156432313378e+00
49                                     8.3849267449820424e+00
50                                     8.3416532270062582e+00
51                                     8.3541185923295700e+00
52                                     8.3547763015173686e+00
53                                     8.5526184952848361e+00
54                                     8.6723843157908718e+00
55                                     8.5838332264535797e+00
56                                     8.5566521132629063e+00
57                                     1.3299252612479048e+01
58                                     1.3254982331782507e+01
59                                     8.3624043760865430e+00
60                                     8.3570105243087713e+00
61                                     8.3958504169427108e+00
62                                     8.6106288745205681e+00
63                                     8.5669127999011145e+00
64                                     8.5723825627672170e+00
65                                     1.3248370554176660e+01
66                                     8.3557514277280696e+00
67                                     8.6066999167940832e+00
68                                     8.5671038573813991e+00
69                                     1.3274774842228870e+01
70                                     1.3283051347829620e+01
71                                     1.3248811549293045e+01
72                                     1.3250951349289601e+01
73                                     8.3547417950720426e+00
74                                     8.3592118316593051e+00
75                                     8.3556967134518985e+00
76                                     8.3525132648559541e+00
77                                     8.3496679905065871e+00
78                                     8.3522140390249255e+00
79                                     8.5514281297999126e+00
80                                     8.5548634962005199e+00
81                                     8.5684121079900706e+00
82                                     8.5677439681637253e+00
83                                     1.3249413704814504e+01
84                                     8.3576992581213361e+00
85                                     8.6073479127479402e+00
86                                     8.3522087437463064e+00
87                                     8.5691225073521924e+00
88                                     8.6071327420372192e+00
89                                     8.6077006769745719e+00
90                                     6.0760362504755783e-01
91                                     6.0757072465629292e-01
92                                     6.0812899517892050e-01
93                                     6.0824407766444066e-01
94                                     6.0795126057683013e-01
95                                     6.0948662312571478e-01
96                                     6.0799075513951284e-01
97                                     6.0916211946737631e-01
98                                     6.0746500995032160e-01
99                                     6.0836128644145560e-01
100                                    6.0771970218421922e-01
101                                    6.0814257158048801e-01
102                                    6.4185483477881022e-01
103                                    6.7131112359473166e-01
104                                    6.3947847523786994e-01
105                                    6.3140294222514859e-01
106                                    6.3026468698003024e-01
107                                    6.3122376877203212e-01
108                                    6.3116356645861438e-01
109                                    6.3932345953752301e-01
110                                    6.3111542819654987e-01
111                                    6.2904422609493327e-01
112                                    6.3187582748845683e-01
113                                    6.2864053539778397e-01
114                                    6.2972370025814151e-01
115                                    6.3004674071649180e-01
116                                    6.2975254336612885e-01
117                                    6.2871280278895192e-01
118                                    6.3018796487201556e-01
119                                    6.2855760435846530e-01
120                                    6.2920468209481395e-01
121                                    6.3053209539913868e-01
122                                    6.2931908419115246e-01
123                                    6.2919264194881275e-01
124                                    6.3146442541824022e-01
125                                    6.2940864599043800e-01
   &ZA [&Type "ArrayOfDoubles", &Dim (126,1)] "Total nuclear charge"
                                                         0

0                                      1.4000000000000000e+01
1                                      1.4000000000000000e+01
2                                      8.0000000000000000e+00
3                                      8.0000000000000000e+00
4                                      8.0000000000000000e+00
5                                      8.0000000000000000e+00
6                                      8.0000000000000000e+00
7                                      1.4000000000000000e+01
8                                      1.4000000000000000e+01
9                                      8.0000000000000000e+00
10                                     8.0000000000000000e+00
11                                     8.0000000000000000e+00
12                                     8.0000000000000000e+00
13                                     8.0000000000000000e+00
14                                     1.4000000000000000e+01
15                                     1.4000000000000000e+01
16                                     1.4000000000000000e+01
17                                     1.4000000000000000e+01
18                                     8.0000000000000000e+00
19                                     8.0000000000000000e+00
20                                     8.0000000000000000e+00
21                                     8.0000000000000000e+00
22                                     8.0000000000000000e+00
23                                     8.0000000000000000e+00
24                                     8.0000000000000000e+00
25                                     8.0000000000000000e+00
26                                     8.0000000000000000e+00
27                                     8.0000000000000000e+00
28                                     1.4000000000000000e+01
29                                     1.4000000000000000e+01
30                                     8.0000000000000000e+00
31                                     8.0000000000000000e+00
32                                     8.0000000000000000e+00
33                                     8.0000000000000000e+00
34                                     8.0000000000000000e+00
35                                     8.0000000000000000e+00
36                                     1.4000000000000000e+01
37                                     1.4000000000000000e+01
38                                     8.0000000000000000e+00
39                                     8.0000000000000000e+00
40                                     8.0000000000000000e+00
41                                     8.0000000000000000e+00
42                                     8.0000000000000000e+00
43                                     1.4000000000000000e+01
44                                     1.3000000000000000e+01
45                                     1.4000000000000000e+01
46                                     1.4000000000000000e+01
47                                     8.0000000000000000e+00
48                                     8.0000000000000000e+00
49                                     8.0000000000000000e+00
50                                     8.0000000000000000e+00
51                                     8.0000000000000000e+00
52                                     8.0000000000000000e+00
53                                     8.0000000000000000e+00
54                                     8.0000000000000000e+00
55                                     8.0000000000000000e+00
56                                     8.0000000000000000e+00
57                                     1.4000000000000000e+01
58                                     1.4000000000000000e+01
59                                     8.0000000000000000e+00
60                                     8.0000000000000000e+00
61                                     8.0000000000000000e+00
62                                     8.0000000000000000e+00
63                                     8.0000000000000000e+00
64                                     8.0000000000000000e+00
65                                     1.4000000000000000e+01
66                                     8.0000000000000000e+00
67                                     8.0000000000000000e+00
68                                     8.0000000000000000e+00
69                                     1.4000000000000000e+01
70                                     1.4000000000000000e+01
71                                     1.4000000000000000e+01
72                                     1.4000000000000000e+01
73                                     8.0000000000000000e+00
74                                     8.0000000000000000e+00
75                                     8.0000000000000000e+00
76                                     8.0000000000000000e+00
77                                     8.0000000000000000e+00
78                                     8.0000000000000000e+00
79                                     8.0000000000000000e+00
80                                     8.0000000000000000e+00
81                                     8.0000000000000000e+00
82                                     8.0000000000000000e+00
83                                     1.4000000000000000e+01
84                                     8.0000000000000000e+00
85                                     8.0000000000000000e+00
86                                     8.0000000000000000e+00
87                                     8.0000000000000000e+00
88                                     8.0000000000000000e+00
89                                     8.0000000000000000e+00
90                                     1.0000000000000000e+00
91                                     1.0000000000000000e+00
92                                     1.0000000000000000e+00
93                                     1.0000000000000000e+00
94                                     1.0000000000000000e+00
95                                     1.0000000000000000e+00
96                                     1.0000000000000000e+00
97                                     1.0000000000000000e+00
98                                     1.0000000000000000e+00
99                                     1.0000000000000000e+00
100                                    1.0000000000000000e+00
101                                    1.0000000000000000e+00
102                                    1.0000000000000000e+00
103                                    1.0000000000000000e+00
104                                    1.0000000000000000e+00
105                                    1.0000000000000000e+00
106                                    1.0000000000000000e+00
107                                    1.0000000000000000e+00
108                                    1.0000000000000000e+00
109                                    1.0000000000000000e+00
110                                    1.0000000000000000e+00
111                                    1.0000000000000000e+00
112                                    1.0000000000000000e+00
113                                    1.0000000000000000e+00
114                                    1.0000000000000000e+00
115                                    1.0000000000000000e+00
116                                    1.0000000000000000e+00
117                                    1.0000000000000000e+00
118                                    1.0000000000000000e+00
119                                    1.0000000000000000e+00
120                                    1.0000000000000000e+00
121                                    1.0000000000000000e+00
122                                    1.0000000000000000e+00
123                                    1.0000000000000000e+00
124                                    1.0000000000000000e+00
125                                    1.0000000000000000e+00
   &QA [&Type "ArrayOfDoubles", &Dim (126,1)] "Mulliken gross atomic charge"
                                                         0

0                                      7.5253936846041114e-01
1                                      7.5032361958516347e-01
2                                     -6.0652071383640305e-01
3                                     -6.0614644280959951e-01
4                                     -3.5984525103897980e-01
5                                     -5.6902025319816829e-01
6                                     -5.6653144733177641e-01
7                                      7.4928333149139803e-01
8                                      7.4972360342784050e-01
9                                     -6.0611434227256211e-01
10                                    -3.4794810930126729e-01
11                                    -6.0757064415741269e-01
12                                    -5.6672808941622144e-01
13                                    -5.6780082575633095e-01
14                                     7.2618827650628148e-01
15                                     7.1559161559527240e-01
16                                     6.9658248900830877e-01
17                                     6.9663343905434161e-01
18                                    -3.4605575375674746e-01
19                                    -3.4853145479083736e-01
20                                    -3.6028880069218161e-01
21                                    -3.5459792535250578e-01
22                                    -3.5602426780915053e-01
23                                    -3.5248430710408130e-01
24                                    -5.5218483604248014e-01
25                                    -5.5413093872204122e-01
26                                    -5.6745927370366900e-01
27                                    -5.5278725807373874e-01
28                                     7.5084524426841526e-01
29                                     7.4227778441118630e-01
30                                    -6.0688998279030493e-01
31                                    -3.4999652788272506e-01
32                                    -3.5939151068059516e-01
33                                    -6.1070381977766708e-01
34                                    -5.6942375193945161e-01
35                                    -5.7031645685081678e-01
36                                     7.2572575615513379e-01
37                                     7.5064739451697093e-01
38                                    -3.5463955895117039e-01
39                                    -3.4739177778011054e-01
40                                    -6.0711136873552896e-01
41                                    -5.5208289613782924e-01
42                                    -5.6826157617320838e-01
43                                     7.0625234325490638e-01
44                                     3.2652659120341454e-01
45                                     6.9853568901437413e-01
46                                     6.9859331615011655e-01
47                                    -3.4422425617357888e-01
48                                    -3.8341564323133781e-01
49                                    -3.8492674498204238e-01
50                                    -3.4165322700625822e-01
51                                    -3.5411859232956999e-01
52                                    -3.5477630151736861e-01
53                                    -5.5261849528483609e-01
54                                    -6.7238431579087177e-01
55                                    -5.8383322645357971e-01
56                                    -5.5665211326290631e-01
57                                     7.0074738752095200e-01
58                                     7.4501766821749271e-01
59                                    -3.6240437608654297e-01
60                                    -3.5701052430877134e-01
61                                    -3.9585041694271084e-01
62                                    -6.1062887452056813e-01
63                                    -5.6691279990111454e-01
64                                    -5.7238256276721700e-01
65                                     7.5162944582334035e-01
66                                    -3.5575142772806956e-01
67                                    -6.0669991679408319e-01
68                                    -5.6710385738139912e-01
69                                     7.2522515777112950e-01
70                                     7.1694865217038029e-01
71                                     7.5118845070695528e-01
72                                     7.4904865071039950e-01
73                                    -3.5474179507204262e-01
74                                    -3.5921183165930515e-01
75                                    -3.5569671345189846e-01
76                                    -3.5251326485595413e-01
77                                    -3.4966799050658715e-01
78                                    -3.5221403902492554e-01
79                                    -5.5142812979991263e-01
80                                    -5.5486349620051989e-01
81                                    -5.6841210799007058e-01
82                                    -5.6774396816372530e-01
83                                     7.5058629518549580e-01
84                                    -3.5769925812133607e-01
85                                    -6.0734791274794020e-01
86                                    -3.5220874374630640e-01
87                                    -5.6912250735219239e-01
88                                    -6.0713274203721923e-01
89                                    -6.0770067697457186e-01
90                                     3.9239637495244217e-01
91                                     3.9242927534370708e-01
92                                     3.9187100482107950e-01
93                                     3.9175592233555934e-01
94                                     3.9204873942316987e-01
95                                     3.9051337687428522e-01
96                                     3.9200924486048716e-01
97                                     3.9083788053262369e-01
98                                     3.9253499004967840e-01
99                                     3.9163871355854440e-01
100                                    3.9228029781578078e-01
101                                    3.9185742841951199e-01
102                                    3.5814516522118978e-01
103                                    3.2868887640526834e-01
104                                    3.6052152476213006e-01
105                                    3.6859705777485141e-01
106                                    3.6973531301996976e-01
107                                    3.6877623122796788e-01
108                                    3.6883643354138562e-01
109                                    3.6067654046247699e-01
110                                    3.6888457180345013e-01
111                                    3.7095577390506673e-01
112                                    3.6812417251154317e-01
113                                    3.7135946460221603e-01
114                                    3.7027629974185849e-01
115                                    3.6995325928350820e-01
116                                    3.7024745663387115e-01
117                                    3.7128719721104808e-01
118                                    3.6981203512798444e-01
119                                    3.7144239564153470e-01
120                                    3.7079531790518605e-01
121                                    3.6946790460086132e-01
122                                    3.7068091580884754e-01
123                                    3.7080735805118725e-01
124                                    3.6853557458175978e-01
125                                    3.7059135400956200e-01
   &VA [&Type "ArrayOfDoubles", &Dim (126,1)] "Mayer's total valence"
                                                         0

0                                      4.9093532600584844e+00
1                                      4.9111250272568530e+00
2                                      2.0411522289487323e+00
3                                      2.0428734394986510e+00
4                                      2.2601142927779660e+00
5                                      2.0099950996050051e+00
6                                      2.0119418758313063e+00
7                                      4.9143182958609231e+00
8                                      4.9140174933138336e+00
9                                      2.0437511693014958e+00
10                                     2.2622341539447692e+00
11                                     2.0398678216400441e+00
12                                     2.0124117115498752e+00
13                                     2.0123701850600710e+00
14                                     4.8895494625376834e+00
15                                     4.9026050341421588e+00
16                                     4.8828765254391566e+00
17                                     4.9161186740361735e+00
18                                     2.2824718471074785e+00
19                                     2.2782329095215594e+00
20                                     2.3080509907459659e+00
21                                     2.3256150316442881e+00
22                                     2.2843535767478524e+00
23                                     2.2919020277984590e+00
24                                     2.0513198828860268e+00
25                                     2.0466857791352826e+00
26                                     2.0194543834283092e+00
27                                     2.0479778977653229e+00
28                                     4.9111591649770610e+00
29                                     4.9224746864656233e+00
30                                     2.0395818211882286e+00
31                                     2.2579027270368108e+00
32                                     2.2815496836286844e+00
33                                     2.0351344929366544e+00
34                                     2.0097224977104400e+00
35                                     2.0065525033277307e+00
36                                     4.8897146889191099e+00
37                                     4.9112028358443531e+00
38                                     2.2880886806465544e+00
39                                     2.2823968354476545e+00
40                                     2.0406739842178947e+00
41                                     2.0517104237725903e+00
42                                     2.0112292662654774e+00
43                                     4.9024649849038830e+00
44                                     4.3132191512973179e+00
45                                     4.8825560141730175e+00
46                                     4.9139702964494241e+00
47                                     2.3127581563654838e+00
48                                     2.2881920206775899e+00
49                                     2.2796996034476900e+00
50                                     2.3090989520971421e+00
51                                     2.3248904383994677e+00
52                                     2.2934852216416735e+00
53                                     2.0502262297584579e+00
54                                     1.9315979147123237e+00
55                                     1.9990470485029164e+00
56                                     2.0432407494772296e+00
57                                     4.8853632541504730e+00
58                                     4.9170904586274737e+00
59                                     2.2670780338304590e+00
60                                     2.2608066398072735e+00
61                                     2.2963546655087743e+00
62                                     2.0343684843657925e+00
63                                     2.0218901772564113e+00
64                                     2.0032240578588798e+00
65                                     4.9092715149215067e+00
66                                     2.2637868692321952e+00
67                                     2.0422423279660045e+00
68                                     2.0117153862093549e+00
69                                     4.8912296186017805e+00
70                                     4.9008731039145470e+00
71                                     4.9130969685299561e+00
72                                     4.9143957692355205e+00
73                                     2.3259810248478425e+00
74                                     2.3085151049694179e+00
75                                     2.2840141833624328e+00
76                                     2.2867230506667129e+00
77                                     2.2801557494162195e+00
78                                     2.2585731932179476e+00
79                                     2.0516703182952831e+00
80                                     2.0459504173006149e+00
81                                     2.0109993547868843e+00
82                                     2.0114619271039516e+00
83                                     4.9097802809537416e+00
84                                     2.2593687360018251e+00
85                                     2.0390829081777451e+00
86                                     2.2761964667714931e+00
87                                     2.0090613503155019e+00
88                                     2.0422055981341494e+00
89                                     2.0392533326180367e+00
90                                     8.6315760566376909e-01
91                                     8.6306428448651418e-01
92                                     8.6348073002706227e-01
93                                     8.6366186857467009e-01
94                                     8.6339285485832873e-01
95                                     8.6451039380713424e-01
96                                     8.6335412473644224e-01
97                                     8.6419000142608093e-01
98                                     8.6298985892885349e-01
99                                     8.6370398235668111e-01
100                                    8.6326781437482136e-01
101                                    8.6356768361146163e-01
102                                    9.2381031583072915e-01
103                                    9.2058158396588596e-01
104                                    9.0665534190843655e-01
105                                    9.0113309471165115e-01
106                                    9.0095054796350993e-01
107                                    9.0329462324118692e-01
108                                    9.0131377099945365e-01
109                                    9.0782127871652929e-01
110                                    8.9965871408488951e-01
111                                    8.9778009864235531e-01
112                                    9.0196257674876490e-01
113                                    8.9744965032222657e-01
114                                    8.9813512971605547e-01
115                                    9.0031445719543080e-01
116                                    8.9864650137241808e-01
117                                    8.9737317634458613e-01
118                                    9.0071596782585905e-01
119                                    8.9765897764216795e-01
120                                    8.9748069155130528e-01
121                                    9.0102715547386858e-01
122                                    8.9808847737298247e-01
123                                    8.9808369530770804e-01
124                                    9.0144832335385228e-01
125                                    8.9879322860318389e-01
   &BVA [&Type "ArrayOfDoubles", &Dim (126,1)] "Mayer's bonded valence"
                                                         0

0                                      4.9093532600585696e+00
1                                      4.9111250272569880e+00
2                                      2.0411522289487820e+00
3                                      2.0428734394987167e+00
4                                      2.2601142927780131e+00
5                                      2.0099950996050602e+00
6                                      2.0119418758314467e+00
7                                      4.9143182958609177e+00
8                                      4.9140174933138603e+00
9                                      2.0437511693015544e+00
10                                     2.2622341539447923e+00
11                                     2.0398678216401045e+00
12                                     2.0124117115498379e+00
13                                     2.0123701850600675e+00
14                                     4.8895494625376923e+00
15                                     4.9026050341421268e+00
16                                     4.8828765254391975e+00
17                                     4.9161186740361558e+00
18                                     2.2824718471074839e+00
19                                     2.2782329095215381e+00
20                                     2.3080509907460325e+00
21                                     2.3256150316442001e+00
22                                     2.2843535767479350e+00
23                                     2.2919020277984394e+00
24                                     2.0513198828860482e+00
25                                     2.0466857791353128e+00
26                                     2.0194543834283287e+00
27                                     2.0479778977653211e+00
28                                     4.9111591649771587e+00
29                                     4.9224746864656836e+00
30                                     2.0395818211883103e+00
31                                     2.2579027270367984e+00
32                                     2.2815496836286515e+00
33                                     2.0351344929367166e+00
34                                     2.0097224977104506e+00
35                                     2.0065525033277432e+00
36                                     4.8897146889191134e+00
37                                     4.9112028358444277e+00
38                                     2.2880886806465996e+00
39                                     2.2823968354477238e+00
40                                     2.0406739842179604e+00
41                                     2.0517104237726365e+00
42                                     2.0112292662655413e+00
43                                     4.9024649849040181e+00
44                                     4.3132191512974032e+00
45                                     4.8825560141730868e+00
46                                     4.9139702964495733e+00
47                                     2.3127581563655326e+00
48                                     2.2881920206776414e+00
49                                     2.2796996034477317e+00
50                                     2.3090989520972123e+00
51                                     2.3248904383994935e+00
52                                     2.2934852216416743e+00
53                                     2.0502262297584632e+00
54                                     1.9315979147123308e+00
55                                     1.9990470485029164e+00
56                                     2.0432407494772598e+00
57                                     4.8853632541505654e+00
58                                     4.9170904586275590e+00
59                                     2.2670780338304777e+00
60                                     2.2608066398072868e+00
61                                     2.2963546655087388e+00
62                                     2.0343684843658103e+00
63                                     2.0218901772564326e+00
64                                     2.0032240578589438e+00
65                                     4.9092715149215742e+00
66                                     2.2637868692322147e+00
67                                     2.0422423279660400e+00
68                                     2.0117153862093655e+00
69                                     4.8912296186018835e+00
70                                     4.9008731039147015e+00
71                                     4.9130969685300911e+00
72                                     4.9143957692355826e+00
73                                     2.3259810248478656e+00
74                                     2.3085151049694028e+00
75                                     2.2840141833625225e+00
76                                     2.2867230506667608e+00
77                                     2.2801557494162337e+00
78                                     2.2585731932179867e+00
79                                     2.0516703182953080e+00
80                                     2.0459504173006522e+00
81                                     2.0109993547869269e+00
82                                     2.0114619271039871e+00
83                                     4.9097802809537754e+00
84                                     2.2593687360018313e+00
85                                     2.0390829081777966e+00
86                                     2.2761964667714878e+00
87                                     2.0090613503155250e+00
88                                     2.0422055981341991e+00
89                                     2.0392533326181095e+00
90                                     8.6315760566377286e-01
91                                     8.6306428448651962e-01
92                                     8.6348073002706283e-01
93                                     8.6366186857466987e-01
94                                     8.6339285485833017e-01
95                                     8.6451039380713590e-01
96                                     8.6335412473644368e-01
97                                     8.6419000142608382e-01
98                                     8.6298985892885305e-01
99                                     8.6370398235668211e-01
100                                    8.6326781437482614e-01
101                                    8.6356768361146141e-01
102                                    9.2381031583073636e-01
103                                    9.2058158396588496e-01
104                                    9.0665534190843611e-01
105                                    9.0113309471164704e-01
106                                    9.0095054796351559e-01
107                                    9.0329462324118381e-01
108                                    9.0131377099945809e-01
109                                    9.0782127871652829e-01
110                                    8.9965871408488962e-01
111                                    8.9778009864235497e-01
112                                    9.0196257674876679e-01
113                                    8.9744965032222679e-01
114                                    8.9813512971605602e-01
115                                    9.0031445719543124e-01
116                                    8.9864650137241586e-01
117                                    8.9737317634458846e-01
118                                    9.0071596782586394e-01
119                                    8.9765897764216274e-01
120                                    8.9748069155130583e-01
121                                    9.0102715547387169e-01
122                                    8.9808847737298192e-01
123                                    8.9808369530770749e-01
124                                    9.0144832335385439e-01
125                                    8.9879322860318644e-01
   &FA [&Type "ArrayOfDoubles", &Dim (126,1)] "Mayer's free valence"
                                                         0

0                                      0.0000000000000000e+00
1                                      0.0000000000000000e+00
2                                      0.0000000000000000e+00
3                                      0.0000000000000000e+00
4                                      0.0000000000000000e+00
5                                      0.0000000000000000e+00
6                                      0.0000000000000000e+00
7                                      0.0000000000000000e+00
8                                      0.0000000000000000e+00
9                                      0.0000000000000000e+00
10                                     0.0000000000000000e+00
11                                     0.0000000000000000e+00
12                                     0.0000000000000000e+00
13                                     0.0000000000000000e+00
14                                     0.0000000000000000e+00
15                                     0.0000000000000000e+00
16                                     0.0000000000000000e+00
17                                     0.0000000000000000e+00
18                                     0.0000000000000000e+00
19                                     0.0000000000000000e+00
20                                     0.0000000000000000e+00
21                                     0.0000000000000000e+00
22                                     0.0000000000000000e+00
23                                     0.0000000000000000e+00
24                                     0.0000000000000000e+00
25                                     0.0000000000000000e+00
26                                     0.0000000000000000e+00
27                                     0.0000000000000000e+00
28                                     0.0000000000000000e+00
29                                     0.0000000000000000e+00
30                                     0.0000000000000000e+00
31                                     0.0000000000000000e+00
32                                     0.0000000000000000e+00
33                                     0.0000000000000000e+00
34                                     0.0000000000000000e+00
35                                     0.0000000000000000e+00
36                                     0.0000000000000000e+00
37                                     0.0000000000000000e+00
38                                     0.0000000000000000e+00
39                                     0.0000000000000000e+00
40                                     0.0000000000000000e+00
41                                     0.0000000000000000e+00
42                                     0.0000000000000000e+00
43                                     0.0000000000000000e+00
44                                     0.0000000000000000e+00
45                                     0.0000000000000000e+00
46                                     0.0000000000000000e+00
47                                     0.0000000000000000e+00
48                                     0.0000000000000000e+00
49                                     0.0000000000000000e+00
50                                     0.0000000000000000e+00
51                                     0.0000000000000000e+00
52                                     0.0000000000000000e+00
53                                     0.0000000000000000e+00
54                                     0.0000000000000000e+00
55                                     0.0000000000000000e+00
56                                     0.0000000000000000e+00
57                                     0.0000000000000000e+00
58                                     0.0000000000000000e+00
59                                     0.0000000000000000e+00
60                                     0.0000000000000000e+00
61                                     0.0000000000000000e+00
62                                     0.0000000000000000e+00
63                                     0.0000000000000000e+00
64                                     0.0000000000000000e+00
65                                     0.0000000000000000e+00
66                                     0.0000000000000000e+00
67                                     0.0000000000000000e+00
68                                     0.0000000000000000e+00
69                                     0.0000000000000000e+00
70                                     0.0000000000000000e+00
71                                     0.0000000000000000e+00
72                                     0.0000000000000000e+00
73                                     0.0000000000000000e+00
74                                     0.0000000000000000e+00
75                                     0.0000000000000000e+00
76                                     0.0000000000000000e+00
77                                     0.0000000000000000e+00
78                                     0.0000000000000000e+00
79                                     0.0000000000000000e+00
80                                     0.0000000000000000e+00
81                                     0.0000000000000000e+00
82                                     0.0000000000000000e+00
83                                     0.0000000000000000e+00
84                                     0.0000000000000000e+00
85                                     0.0000000000000000e+00
86                                     0.0000000000000000e+00
87                                     0.0000000000000000e+00
88                                     0.0000000000000000e+00
89                                     0.0000000000000000e+00
90                                     0.0000000000000000e+00
91                                     0.0000000000000000e+00
92                                     0.0000000000000000e+00
93                                     0.0000000000000000e+00
94                                     0.0000000000000000e+00
95                                     0.0000000000000000e+00
96                                     0.0000000000000000e+00
97                                     0.0000000000000000e+00
98                                     0.0000000000000000e+00
99                                     0.0000000000000000e+00
100                                    0.0000000000000000e+00
101                                    0.0000000000000000e+00
102                                    0.0000000000000000e+00
103                                    0.0000000000000000e+00
104                                    0.0000000000000000e+00
105                                    0.0000000000000000e+00
106                                    0.0000000000000000e+00
107                                    0.0000000000000000e+00
108                                    0.0000000000000000e+00
109                                    0.0000000000000000e+00
110                                    0.0000000000000000e+00
111                                    0.0000000000000000e+00
112                                    0.0000000000000000e+00
113                                    0.0000000000000000e+00
114                                    0.0000000000000000e+00
115                                    0.0000000000000000e+00
116                                    0.0000000000000000e+00
117                                    0.0000000000000000e+00
118                                    0.0000000000000000e+00
119                                    0.0000000000000000e+00
120                                    0.0000000000000000e+00
121                                    0.0000000000000000e+00
122                                    0.0000000000000000e+00
123                                    0.0000000000000000e+00
124                                    0.0000000000000000e+00
125                                    0.0000000000000000e+00
   &Method [&Type "String"] "SCF"
   &Level [&Type "String"] "Relaxed density"
   &Mult [&Type "Integer"] 1
   &State [&Type "Integer"] -1
   &Irrep [&Type "Integer"] 0
$End
$SCF_Energy
   &GeometryIndex 1
   &Method [&Type "String"] "SCF"
   &totalEnergy [&Type "ArrayOfDoubles", &Dim (1,1)] "Total energy of each state"
                                                         0

0                                     -1.1887288780312101e+04
   &Mult [&Type "ArrayOfIntegers", &Dim (1,1)] "Multiplicity of each state"
                                                         0

0                                                        1
$End
$DFT_Energy
   &GeometryIndex 1
   &nAlphaEl [&Type "Integer"] 450
   &nBetaEl [&Type "Integer"] 450
   &nTotalEl [&Type "Integer"] 899
   &finalEn [&Type "Double"]      -1.1887288780312101e+04  "No Van der Waals correction"
   &eExchange [&Type "Double"]      -7.8391962230685897e+02
   &eCorr [&Type "Double"]      -3.2289642356769562e+01
   &eXC [&Type "Double"]      -8.1620926466362857e+02
   &eCNL [&Type "Double"]       0.0000000000000000e+00
$End
$Solvation_Details
   &GeometryIndex 1
   &Solvent [&Type "String"] "CONDUCTOR"
   &Epsilon [&Type "Double"]      -1.0000000000000000e+00
   &Refrac [&Type "Double"]       1.3300000000000001e+00
   &RSolv [&Type "Double"]       1.3000000000000000e+00
   &SurfaceType [&Type "String"] "GAUSSIAN VDW"
   &CPCMDielEnergy [&Type "Double"]      -2.7007297800000002e-01
   &NPoints [&Type "Integer"] 11231
   &SurfaceArea [&Type "Double"]       4.2757285517749997e+03
$End
$SCF_Timings
   &GeometryIndex 1
   &TOTAL [&Type "Double"]       7.5109701100000007e+02
   &PREP [&Type "Double"]       6.2266480000000000e+00
   &FOCK [&Type "Double"]       6.7000828300000012e+02
   &DENS [&Type "Double"]       6.3906040000002804e+00
   &ETOT [&Type "Double"]       2.5275599999999656e+00
   &POP [&Type "Double"]       2.2566400000000613e+00
   &TRAFO [&Type "Double"]       6.1873109999999940e+00
   &DIIS [&Type "Double"]       3.0288271999999949e+01
   &SOSCF [&Type "Double"]       1.5765507999999954e+01
   &XC [&Type "Double"]       3.0277255000000139e+01
   &FOCKSTART [&Type "Double"]       1.1337269999998449e+00
   &SOLV [&Type "Double"]       1.0191357099999995e+02
   &SOLV_INIT [&Type "Double"]       4.8625010000000000e+00
   &INT_PREP [&Type "Double"]       4.9999999873762135e-06
   &INT_BF [&Type "Double"]       6.6765700000053130e+00
   &INT_DENS [&Type "Double"]       1.2684611999995440e+01
   &INT_DENSIO [&Type "Double"]       6.9479155183640178e+06
   &INT_FUNC [&Type "Double"]       3.3090400000455134e-01
   &INT_POT [&Type "Double"]       7.7827879999996981e+00
   &INT_POTIO [&Type "Double"]       7.9736999996612212e-02
   &INT_SUM [&Type "Double"]       3.1773000000043794e-02
   &SPLITRIJ [&Type "Double"]       7.8652622000000051e+01
   &COSX [&Type "Double"]       4.7248287899999980e+02
$End
$VdW_Correction
   &GeometryIndex 1
   &vdW [&Type "Double"]      -1.9881600161575286e-01
$End
$Single_Point_Data
   &GeometryIndex 1
   &FinalEnergy [&Type "Double"]      -1.1887487596313716e+04  "Final single point energy"
   &Converged [&Type "Boolean"] true
$End
$SCF_Nuc_Gradient
   &GeometryIndex 1
   &NAtoms [&Type "Integer"] 126
   &gradNorm [&Type "Double"]       2.5772575272924209e-01
   &grad [&Type "ArrayOfDoubles", &Dim (378,1)] 
                                                         0

0                                      1.7236823277780047e-02
1                                     -6.1108132091225644e-03
2                                     -5.0664033683550042e-03
3                                      1.5044828543262485e-02
4                                      1.1469738096755767e-02
5                                     -4.4542032474611014e-03
6                                     -7.2267957414821546e-03
7                                      2.6253918204270283e-03
8                                      3.4526466886636033e-03
9                                     -5.9789389685569539e-03
10                                    -5.5960927821818007e-03
11                                     4.3946415695040823e-03
12                                     3.6877513755279537e-03
13                                     1.6954195008058630e-03
14                                     1.4697778984475428e-02
15                                    -5.7020549282234771e-03
16                                    -1.1825474591549060e-05
17                                    -1.3676890182749209e-02
18                                    -2.4244204362571698e-03
19                                    -4.0273323948315448e-03
20                                    -1.4094043985691739e-02
21                                     1.3550615936021257e-02
22                                     1.2780622421842467e-02
23                                    -4.7133433590214697e-03
24                                    -2.1373812032505798e-03
25                                     1.9663322960872795e-02
26                                    -4.5029191860189218e-03
27                                    -6.2445305216012109e-03
28                                    -6.1267833658716336e-03
29                                     4.5046725137716211e-03
30                                    -4.6004808152947602e-03
31                                    -4.2032143348271888e-03
32                                     1.5313518640554828e-02
33                                     1.3004118504864426e-03
34                                    -8.4270231887158993e-03
35                                     3.9579519920146218e-03
36                                    -2.0301971081817796e-03
37                                    -4.0414679299941771e-03
38                                    -1.4019306604791070e-02
39                                     3.0903824222386338e-03
40                                    -4.8271315480122737e-03
41                                    -1.3901482411493712e-02
42                                    -1.9986909157966555e-03
43                                     3.7812092860273639e-03
44                                    -7.1532907249261812e-03
45                                    -3.4014734062594865e-03
46                                     6.3165883380150506e-03
47                                    -8.5627617237975934e-03
48                                    -3.0843417072537724e-02
49                                    -2.0650060509957734e-02
50                                    -1.7914357561991921e-02
51                                    -2.0931866150815338e-03
52                                    -3.9781875136517784e-03
53                                    -7.0206370527646465e-03
54                                    -7.5287349566298444e-03
55                                    -4.2848003442608170e-03
56                                     1.4815752371057573e-02
57                                    -5.0729241130698869e-04
58                                     3.8573959254087245e-03
59                                     1.5326527721501629e-02
60                                     9.7080565528733943e-03
61                                    -8.1584775947583787e-03
62                                     1.5782260001073592e-02
63                                     7.8733401867146357e-04
64                                     2.3565415333110773e-03
65                                     1.7312899521990752e-02
66                                     4.6805139423668606e-03
67                                     3.9985208257317824e-04
68                                     1.5109182948302227e-02
69                                     9.0556032617908570e-03
70                                     1.4347037566740098e-02
71                                     1.6121710122546460e-02
72                                     4.4892444321993708e-03
73                                    -8.6276106847240377e-05
74                                    -1.7789615883811661e-02
75                                     3.4041641069234075e-03
76                                    -5.8124651898784994e-03
77                                    -1.6785059362394130e-02
78                                    -6.0443318018621429e-04
79                                     5.4272718534096979e-03
80                                    -1.1363647293694296e-02
81                                    -2.3299013349635930e-03
82                                    -3.1082932479015147e-03
83                                    -1.7242589257656999e-02
84                                     1.6031379629286784e-02
85                                    -6.9992816941753522e-03
86                                    -5.0109203568094122e-03
87                                    -9.8606206316187352e-04
88                                    -1.5863100132916634e-02
89                                    -6.0413382229723943e-03
90                                    -6.5548279528311283e-03
91                                     2.5124619141347710e-03
92                                     3.3620899726470007e-03
93                                     1.3430130514942829e-03
94                                     6.7981246372447587e-03
95                                     1.5300248463630747e-02
96                                     2.2338230795142014e-03
97                                     2.2165907578919806e-03
98                                     1.6313973152309230e-02
99                                    -1.5362667932777121e-03
100                                    7.4667013560403631e-03
101                                    5.0049258789756712e-03
102                                   -5.7741434078145398e-03
103                                    5.4187650951128370e-05
104                                   -1.3582241769187160e-02
105                                   -1.2942478290541982e-03
106                                    2.9343182641304992e-03
107                                   -1.2795472402177543e-02
108                                   -4.0205594158535729e-03
109                                   -7.1216860181129373e-06
110                                   -7.0633975772954917e-03
111                                   -3.5865908066793598e-03
112                                    1.9467840171636233e-02
113                                   -4.7554683356965822e-03
114                                   -3.9531829105281593e-03
115                                   -4.8089066554773746e-04
116                                    1.5434338266191894e-02
117                                   -1.5384882010122207e-03
118                                   -4.2043126664777731e-03
119                                    1.5446874891868322e-02
120                                    1.6058552749639101e-03
121                                   -8.7979548738119622e-03
122                                    4.0444721273801476e-03
123                                    3.2354200440729924e-03
124                                    4.5483565471581043e-03
125                                   -1.7912297716637830e-02
126                                    3.3075181900125133e-03
127                                   -4.5214507811387047e-03
128                                   -1.3949231925107603e-02
129                                   -3.6989709461387791e-03
130                                    3.5635691005992190e-04
131                                   -6.8311314603625951e-03
132                                   -1.2870889248263053e-04
133                                   -2.9965499421761720e-03
134                                   -1.1511372205289529e-03
135                                    3.8676283700899469e-02
136                                   -1.8886125277560326e-02
137                                   -1.7767834368326053e-02
138                                   -3.2127430145847719e-03
139                                   -1.0682932711120870e-02
140                                   -7.1430866662699878e-03
141                                   -4.2944878643761623e-03
142                                    2.1939996996291075e-04
143                                    1.5897706130706176e-02
144                                    8.5097115454550329e-02
145                                    4.6192068371857402e-02
146                                   -3.0891756520058569e-03
147                                   -8.1007167665581234e-02
148                                    4.6652959786231241e-02
149                                   -4.8559610799085778e-03
150                                   -2.9142581788770983e-03
151                                    5.6194515888757426e-03
152                                    1.4918484050315152e-02
153                                    7.4600607456385068e-03
154                                   -3.5417276121319310e-04
155                                    1.6762093377874383e-02
156                                   -2.1121880018859871e-03
157                                    1.0281903889086333e-02
158                                    1.7171106260788566e-02
159                                    3.3040581170511504e-03
160                                   -4.5958579225147027e-03
161                                   -1.7907112008382464e-02
162                                    3.3447166475499964e-03
163                                    1.0962285180750471e-02
164                                    6.2363134049881211e-02
165                                   -4.4202316889420295e-03
166                                    9.4937257550492034e-03
167                                   -1.0906207431412756e-02
168                                    4.7880914779523153e-03
169                                    1.6149460909944382e-03
170                                   -1.7024112271082404e-02
171                                   -1.5776322605822420e-03
172                                    3.9870687346663457e-02
173                                   -2.0414074615199271e-02
174                                    9.9025838446847227e-03
175                                   -1.6969340677859567e-02
176                                   -6.0139954190920218e-03
177                                    7.3065138851358897e-03
178                                   -1.3030189069510768e-02
179                                    1.4504145678032683e-02
180                                   -8.0759268743153603e-03
181                                   -1.8822109123489035e-03
182                                    1.5264584175546190e-02
183                                   -3.3549962812093157e-03
184                                   -9.4395396837393244e-02
185                                   -1.8015199774136861e-03
186                                   -2.4892453572782467e-03
187                                    7.1316284723020353e-03
188                                    4.8903300495372164e-03
189                                   -1.0401025538464524e-03
190                                   -1.0412796335962307e-02
191                                   -1.0739416846234841e-02
192                                   -3.5076463278765021e-03
193                                    3.1852780777210932e-03
194                                   -1.2743577764111809e-02
195                                   -1.8707694727953503e-02
196                                    5.9556132825577543e-03
197                                   -4.5838335397452171e-03
198                                   -3.0645575973392179e-03
199                                    2.3666212055161767e-03
200                                    1.3629380910862580e-02
201                                    8.1229181349594566e-03
202                                   -2.6181457768181065e-03
203                                    4.5213744689734702e-03
204                                    4.4692158977712214e-03
205                                   -3.8164402761561292e-04
206                                   -1.4025942389998221e-02
207                                   -1.9682426628994322e-03
208                                   -2.2853327945055245e-03
209                                   -7.0463889091305675e-03
210                                    6.5546801021059524e-03
211                                   -1.5550607831253858e-03
212                                   -8.5455328622012078e-03
213                                   -1.5410384455079695e-02
214                                   -1.0454717714038345e-02
215                                   -4.6068608551769041e-03
216                                   -1.9352752988336813e-02
217                                    4.1319582618750744e-03
218                                   -4.7494788022128141e-03
219                                   -1.0466352834491966e-03
220                                    3.5620206220054638e-04
221                                    1.7397507562153518e-02
222                                   -1.5659521109854461e-02
223                                    3.2026719176171409e-03
224                                    1.5794962175962896e-02
225                                    1.0199757604848342e-03
226                                   -2.9499843065078721e-03
227                                    1.5234153030640419e-02
228                                   -1.9502100151488329e-03
229                                    4.0816191920336467e-03
230                                    1.3962672594425102e-02
231                                    7.5847090714300696e-03
232                                   -4.1147240608401144e-03
233                                    1.5886365664236735e-02
234                                    6.2148415054231318e-03
235                                   -2.1208419209772485e-03
236                                    1.6442369978802617e-02
237                                   -1.9675077589194874e-03
238                                    4.2636779193491424e-03
239                                   -1.7938205904832361e-02
240                                   -6.6014298625542769e-03
241                                   -4.1282933391286299e-04
242                                   -1.6729453493701009e-02
243                                    2.6041064545408903e-03
244                                    5.5318037396657532e-03
245                                   -1.3783044470996628e-02
246                                    4.3233849028144217e-03
247                                   -1.9663437353630313e-05
248                                   -1.3793888851330456e-02
249                                   -1.3902100405782403e-02
250                                   -1.1322953476272296e-02
251                                   -5.1787826413822588e-03
252                                   -2.3016616938146498e-03
253                                   -3.4477873966148390e-03
254                                    1.3590937321250288e-02
255                                    5.8185384610277835e-03
256                                    5.1029950984525447e-03
257                                    3.4972881262588878e-03
258                                    3.9089589148891867e-03
259                                   -8.5856917503335771e-04
260                                    1.6386848470014828e-02
261                                    2.3419823332973370e-03
262                                    5.3515438609993971e-03
263                                   -1.3662135511039914e-02
264                                    8.5249135316146814e-03
265                                   -2.4324738782850208e-03
266                                    4.6129275862861023e-03
267                                    5.6805190221872201e-03
268                                    4.7482089574027641e-03
269                                    3.4292650827161884e-03
270                                   -2.3922628736104148e-02
271                                   -1.2991897891722604e-02
272                                    1.1551450534076047e-04
273                                   -2.4318116453446493e-02
274                                   -1.3192216381882853e-02
275                                   -2.7979480032547977e-05
276                                   -2.3753654689041552e-02
277                                    1.2994978165850378e-02
278                                    7.6012623705196949e-05
279                                   -2.4123093267619931e-02
280                                    1.3309682474274555e-02
281                                   -9.8186525157227070e-05
282                                    4.4636002741210631e-04
283                                   -2.7440180595462910e-02
284                                   -1.0576485715952717e-04
285                                    7.6820508193943375e-04
286                                    2.7276877646803706e-02
287                                   -2.2763167709718426e-05
288                                    5.5757294185777840e-04
289                                   -2.7017728297298586e-02
290                                    3.6928021120165366e-05
291                                    4.4881643873006556e-04
292                                    2.7806350947455743e-02
293                                   -1.3858261139758381e-04
294                                    2.3668515040521875e-02
295                                   -1.4393201042324860e-02
296                                   -4.9069610819128547e-05
297                                    2.3222048725319144e-02
298                                    1.4053560352030059e-02
299                                    3.6797371964368974e-05
300                                    2.3314997789909291e-02
301                                   -1.4157226587411023e-02
302                                    9.1486752833958447e-05
303                                    2.3654699102929999e-02
304                                    1.4193083791485029e-02
305                                   -1.1410085198744572e-04
306                                    4.4660933178998080e-03
307                                   -2.3288163445639633e-03
308                                   -3.9459214565076084e-03
309                                   -6.6396814517378812e-03
310                                   -3.5908049330748626e-03
311                                   -1.3071963065470688e-03
312                                    6.2631549538750945e-04
313                                   -1.3968366359808069e-03
314                                   -7.2909737590714325e-04
315                                    2.6565762292966286e-04
316                                   -1.3765434266982383e-05
317                                   -1.9497059774053023e-04
318                                   -1.5281594447791742e-04
319                                   -5.7520850528773785e-05
320                                   -1.5832531361635222e-04
321                                    8.1665422413054654e-06
322                                   -1.0411379870724844e-03
323                                   -7.5268114801933089e-04
324                                    7.3005747408778682e-04
325                                    3.8753128787635263e-04
326                                   -7.0200790804073195e-04
327                                   -1.3709020047152182e-03
328                                    6.9496209581604689e-05
329                                   -5.0228682274257818e-04
330                                   -1.4781709191001357e-04
331                                   -2.2820160121643184e-04
332                                   -1.4781346340857378e-04
333                                    2.6466486160013655e-05
334                                    1.0640796370470993e-04
335                                   -1.3147090658336614e-04
336                                   -1.5902134780342877e-04
337                                   -2.2868922465050308e-04
338                                   -1.5372589830366798e-04
339                                    2.2031751617554931e-05
340                                   -4.6867390562506446e-05
341                                   -2.5427550903692902e-05
342                                   -1.0831873624259420e-05
343                                    1.6934123573573836e-05
344                                   -3.0502446116301304e-05
345                                    3.6998170894023874e-05
346                                   -4.6345963658048579e-05
347                                   -1.4374936863351025e-05
348                                    1.5606600958623413e-05
349                                    1.7797545442110863e-06
350                                   -3.1984033192820980e-08
351                                   -6.2294977289039202e-06
352                                    4.0085502232108312e-06
353                                   -5.6530373131247257e-06
354                                    1.8639339456157792e-05
355                                   -4.5371802713881296e-06
356                                   -2.2163257579038676e-06
357                                   -3.8554135338015721e-07
358                                    1.4795354181827987e-05
359                                    8.3964586241296458e-06
360                                    1.5877034962426750e-07
361                                   -1.5402026664894203e-05
362                                   -1.3232177586672647e-05
363                                    1.4281952502375809e-05
364                                    4.4354910402322569e-05
365                                   -3.1059086687581513e-05
366                                   -4.3824039217312672e-06
367                                   -1.3039386905000949e-05
368                                   -1.4370674644703559e-05
369                                    1.3159150577068555e-04
370                                   -8.6672550943979254e-05
371                                   -1.2770966805143846e-04
372                                   -1.2298091423245294e-04
373                                    2.1501818444297362e-04
374                                   -1.2881358690498032e-04
375                                    1.1165871599022023e-04
376                                   -9.1690162265356938e-05
377                                   -1.4109232948635435e-04
   &Method [&Type "String"] "SCF"
   &Level [&Type "String"] "Relaxed density"
   &Mult [&Type "Integer"] 1
   &State [&Type "Integer"] 0
   &Irrep [&Type "Integer"] 0
$End
$Geometry
   &GeometryIndex 2
   &NAtoms [&Type "Integer"] 126
   &NCorelessECP [&Type "Integer"] 0
   &NGhostAtoms [&Type "Integer"] 0
   &CartesianCoordinates [&Type "Coordinates", &Dim(126,4), &Units "Bohr"] 
              Si     6.720310561591   63.957487929554   14.782897986292
              Si     6.719742294099   58.140911313616   14.782937992870
              O      4.057786688854   65.157731341431   15.892118680867
              O      4.056983885187   56.941203797142   15.892175259749
              O      7.011027457778   61.049178854485   15.897860977293
              O      6.718468456444   63.961245805971   11.653511454141
              O      6.717899352790   58.137110843388   11.653551512650
              Si    11.753120612185   49.419333204159   14.783072764399
              Si    16.787067396617   46.514332028728   14.783167766438
              O      9.090362279689   48.219625502643   15.892310068641
              O     14.126433502799   47.714575617319   15.892389036337
              O     17.079675392872   43.606022432980   15.898129880892
              O     11.753167195256   49.415532923655   11.653686312197
              O     16.787115055300   46.518090676600   11.653781263971
              Si    11.753688778579   55.235910105870   14.783033576734
              Si    11.754824802458   66.861504899599   14.782953972692
              Si    16.788771273122   63.956504068211   14.783049940929
              Si    16.788202895422   58.139927195999   14.783089708357
              O      9.091165243818   56.436154028572   15.892254589345
              O      9.092066662628   65.661796744165   15.892191295239
              O     14.128137462077   65.156747712726   15.892270825624
              O     14.127334590064   56.940218654588   15.892327016412
              O     12.044405774146   52.327600734470   15.897996062294
              O     17.081377855442   61.048194635449   15.898012746732
              O     11.753736264752   55.239668330472   11.653647073756
              O     11.754871697857   66.857703832058   11.653567521450
              O     16.788818801096   63.960261986201   11.653663437583
              O     16.788249685248   58.136126479109   11.653703256688
              Si    11.755393107682   72.678081606933   14.782913521440
              Si    16.789907395413   75.582099006743   14.782969105282
              O      9.092869077804   73.878324585524   15.892134185165
              O     14.129038980600   74.382390542774   15.892206645361
              O     12.046109978531   69.769772580323   15.897876697998
              O     17.083083222043   78.490366605949   15.897891555661
              O     11.755440632579   72.681839015220   11.653527017482
              O     16.789954367053   75.578297606022   11.653582654445
              Si    21.823471003135   49.418349181980   14.783224341661
              Si    26.859307497546   46.513348268161   14.783319750121
              O     19.160713060491   48.218640555228   15.892461490407
              O     24.196783833174   47.713591813625   15.892540784967
              O     27.150025729161   43.605038916913   15.898281954416
              O     21.823517782643   49.414548826987   11.653837889552
              O     26.857465598320   46.517107063802   11.653933218952
              Si    21.824039085573   55.234926109856   14.783185266389
              Al    21.825175039123   66.860521116793   14.783105755792
              Si    26.861011178877   63.955520106893   14.783201513218
              Si    26.860442741601   58.138943229884   14.783241351956
              O     19.161515576053   56.435169851624   15.892406302617
              O     19.162417042819   65.660812814909   15.892343214971
              O     24.198487739758   65.155763944682   15.892422500428
              O     24.197684806503   56.939234768245   15.892478728367
              O     22.114756093381   52.326616715001   15.898147679520
              O     27.151728053173   61.047210868846   15.898164302874
              O     21.824086584280   55.238684399636   11.653798763489
              O     21.825221758270   66.856720017538   11.653719304586
              O     26.859168818283   63.959278178273   11.653814981451
              O     26.858599682203   58.135142648701   11.653854871939
              Si    21.825743514537   72.677097971608   14.783065308848
              Si    26.862147428182   75.581114917125   14.783120729734
              O     19.163220030705   73.877341930078   15.892286116824
              O     24.199389387271   74.381406785577   15.892358342132
              O     22.116460346830   69.768788858520   15.898028405822
              O     27.153433475229   78.489382689364   15.898043090950
              O     21.825790957929   72.680855544988   11.653678805087
              O     26.860304545589   75.577313658668   11.653734250436
              Si    31.893820902699   49.417365482017   14.783376095353
              O     29.231063189983   48.217657004187   15.892613536422
              O     34.267133184213   47.712607457131   15.892692416293
              O     31.893867354279   49.413564807822   11.653989643626
              Si    31.894389125868   55.233942362544   14.783336722699
              Si    31.895525154741   66.859537329859   14.783256980441
              Si    36.929471426955   63.954536486753   14.783352335943
              Si    36.928903035530   58.137959297033   14.783392267195
              O     29.231865703422   56.434186109389   15.892557859738
              O     29.232767251410   65.659829048791   15.892494618510
              O     34.268837851756   65.154780136125   15.892573614615
              O     34.268034933790   56.938250900475   15.892630009624
              O     32.185106131550   52.325633036483   15.898299247815
              O     37.222078132271   61.046226924194   15.898315140217
              O     31.894436447918   55.237700565999   11.653950219692
              O     31.895571682383   66.855736192217   11.653870529278
              O     36.929518434198   63.958294533899   11.653965832744
              O     36.928949307272   58.134158275769   11.654005815887
              Si    31.896093652786   72.676114300906   14.783216562723
              O     29.233570321850   73.876358109725   15.892437653578
              O     34.269739123217   74.380423784006   15.892509437144
              O     32.186810544160   69.767805128454   15.898179601702
              O     31.896140751195   72.679872049316   11.653830059167
              O     39.302215196999   56.433201065393   15.892708637477
              O     39.303116736715   65.658846039337   15.892645291244
              H      7.699986631808   47.218156128647   15.186956333047
              H      2.665286688590   55.939701304621   15.187255101306
              H      2.665286764139   66.155504122659   15.187255112237
              H      7.699986646224   74.877049409419   15.186956342474
              H     16.909611197203   41.901378892662   15.190188775297
              H     16.909611256627   80.193826637106   15.190188758446
              H     26.981059413495   41.901282793626   15.190151923067
              H     26.981059472896   80.193922748582   15.190151930091
              H     35.830259291487   47.009257737721   15.186606023139
              H     35.830259197601   75.085947777021   15.186606022166
              H     40.864793287580   55.730706969937   15.186941694866
              H     40.864793296071   66.364498553912   15.186941697824
              H     25.373828419206   64.767634780428   10.940440590609
              H     20.424284598180   65.988135476799   10.894445019122
              H     16.799704903451   62.298742994623   10.896007729062
              H     18.248984390494   57.331954823419   10.902349624524
              H     23.250504737546   56.102753872421   10.901385681283
              H     26.808659882088   59.803775422781   10.902637439649
              H     25.434129213109   74.713637824551   10.900115302073
              H     20.402078995167   73.548850075836   10.906672496544
              H     15.393487503312   74.670725950120   10.898319853826
              H     11.776674821910   71.020737028607   10.889208061444
              H     10.302358676037   66.034004999348   10.906973943985
              H      6.812122743205   62.300805407729   10.892549273772
              H      8.178698264244   57.343870319013   10.891277267643
              H     11.736180265751   53.572663402747   10.900211658166
              H     13.245664902799   48.674261838296   10.899043681641
              H     18.217475626188   47.367263310776   10.894092298973
              H     23.271766374468   48.581848518648   10.907316946711
              H     28.258463530273   47.416308797295   10.896262043574
              H     31.846497025174   51.072971338539   10.887105195721
              H     33.347920790025   56.059560796664   10.906103628443
              H     36.815950665994   59.794198355432   10.893975216587
              H     35.476657568892   64.769646292903   10.895340770133
              H     31.909197119369   68.523107154945   10.901977176787
              H     30.411979755449   73.437947653047   10.899581653319
$End
$SCF_Energy
   &GeometryIndex 2
   &Method [&Type "String"] "SCF"
   &totalEnergy [&Type "ArrayOfDoubles", &Dim (1,1)] "Total energy of each state"
                                                         0

0                                     -1.1887289149139755e+04
   &Mult [&Type "ArrayOfIntegers", &Dim (1,1)] "Multiplicity of each state"
                                                         0

0                                                        1
$End
$DFT_Energy
   &GeometryIndex 2
   &nAlphaEl [&Type "Integer"] 450
   &nBetaEl [&Type "Integer"] 450
   &nTotalEl [&Type "Integer"] 899
   &finalEn [&Type "Double"]      -1.1887289149139755e+04  "No Van der Waals correction"
   &eExchange [&Type "Double"]      -7.8392274950753381e+02
   &eCorr [&Type "Double"]      -3.2289913946609822e+01
   &eXC [&Type "Double"]      -8.1621266345414358e+02
   &eCNL [&Type "Double"]       0.0000000000000000e+00
$End
$Solvation_Details
   &GeometryIndex 2
   &Solvent [&Type "String"] "CONDUCTOR"
   &Epsilon [&Type "Double"]      -1.0000000000000000e+00
   &Refrac [&Type "Double"]       1.3300000000000001e+00
   &RSolv [&Type "Double"]       1.3000000000000000e+00
   &SurfaceType [&Type "String"] "GAUSSIAN VDW"
   &CPCMDielEnergy [&Type "Double"]      -2.6974486800000003e-01
   &NPoints [&Type "Integer"] 11233
   &SurfaceArea [&Type "Double"]       4.2755462153649996e+03
$End
$SCF_Timings
   &GeometryIndex 2
   &TOTAL [&Type "Double"]       4.9123178000000001e+02
   &PREP [&Type "Double"]       6.2019510000000002e+00
   &FOCK [&Type "Double"]       4.3224601400000000e+02
   &DENS [&Type "Double"]       3.9873789999999758e+00
   &ETOT [&Type "Double"]       1.5783160000000578e+00
   &POP [&Type "Double"]       9.9999999747524271e-07
   &TRAFO [&Type "Double"]       6.2336749999999910e+00
   &DIIS [&Type "Double"]       1.8277690999999976e+01
   &SOSCF [&Type "Double"]       1.1477453999999966e+01
   &XC [&Type "Double"]       1.7914824000000010e+01
   &FOCKSTART [&Type "Double"]       7.7014599999990363e-01
   &SOLV [&Type "Double"]       5.5151687999999922e+01
   &SOLV_INIT [&Type "Double"]       4.8498279999999996e+00
   &INT_PREP [&Type "Double"]       1.9999999949504854e-06
   &INT_BF [&Type "Double"]       4.2654969999974384e+00
   &INT_DENS [&Type "Double"]       8.2552240000011778e+00
   &INT_DENSIO [&Type "Double"]       2.7223040485280030e+06
   &INT_FUNC [&Type "Double"]       2.1180100000104574e-01
   &INT_POT [&Type "Double"]       3.4612019999991190e+00
   &INT_POTIO [&Type "Double"]       4.9638000000342686e-02
   &INT_SUM [&Type "Double"]       1.2845999999996138e-02
   &SPLITRIJ [&Type "Double"]       4.4172954999999952e+01
   &COSX [&Type "Double"]       3.2896265600000009e+02
$End
$VdW_Correction
   &GeometryIndex 2
   &vdW [&Type "Double"]      -1.9882262439018561e-01
$End
$Single_Point_Data
   &GeometryIndex 2
   &FinalEnergy [&Type "Double"]      -1.1887487971764145e+04  "Final single point energy"
   &Converged [&Type "Boolean"] true
$End
$SCF_Nuc_Gradient
   &GeometryIndex 2
   &NAtoms [&Type "Integer"] 126
   &gradNorm [&Type "Double"]       2.5642088753948816e-01
   &grad [&Type "ArrayOfDoubles", &Dim (378,1)] 
                                                         0

0                                      1.7237226080227579e-02
1                                     -6.1034408126760462e-03
2                                     -5.0617306553891375e-03
3                                      1.5044434937790313e-02
4                                      1.1470879273888731e-02
5                                     -4.4600601036283221e-03
6                                     -7.2607363187273209e-03
7                                      2.6506789539845949e-03
8                                      3.4277892745244593e-03
9                                     -5.9745889203682819e-03
10                                    -5.5938945554383571e-03
11                                     4.3916602543202718e-03
12                                     3.6906424634394761e-03
13                                     1.6953060652634690e-03
14                                     1.4699539805239746e-02
15                                    -5.6802263074382927e-03
16                                    -7.6591144109684986e-05
17                                    -1.3711554740168929e-02
18                                    -2.4246745273230905e-03
19                                    -4.0226969973681248e-03
20                                    -1.4097293696391983e-02
21                                     1.3547098929040236e-02
22                                     1.2780562140470389e-02
23                                    -4.7094165291975167e-03
24                                    -2.1369853387646458e-03
25                                     1.9664064566012451e-02
26                                    -4.5027984166210282e-03
27                                    -6.2195173269086216e-03
28                                    -6.1098839090688055e-03
29                                     4.5127420580219511e-03
30                                    -4.6006847524782783e-03
31                                    -4.2018850531896730e-03
32                                     1.5314869012594204e-02
33                                     1.3047749462501486e-03
34                                    -8.3771332489517274e-03
35                                     3.9757294908254756e-03
36                                    -2.0141215371784439e-03
37                                    -4.0412490109165622e-03
38                                    -1.4027893873533658e-02
39                                     3.0897683343684341e-03
40                                    -4.8260643664412503e-03
41                                    -1.3902290243943174e-02
42                                    -2.0109577140304058e-03
43                                     3.7709094575235037e-03
44                                    -7.1602235480256590e-03
45                                    -3.4516877348960873e-03
46                                     6.3290922844696142e-03
47                                    -8.5989453795602359e-03
48                                    -3.0823154368509086e-02
49                                    -2.0683270046436400e-02
50                                    -1.7771654072923828e-02
51                                    -2.1084816193408344e-03
52                                    -3.9781938685258663e-03
53                                    -7.0089908778121117e-03
54                                    -7.5201305024621646e-03
55                                    -4.2844022443571869e-03
56                                     1.4809251811569944e-02
57                                    -4.9696523700689245e-04
58                                     3.8479307638909794e-03
59                                     1.5340276275785153e-02
60                                     9.7769017182930146e-03
61                                    -8.1833317540063004e-03
62                                     1.5701276339896240e-02
63                                     8.1152712652859526e-04
64                                     2.3687460979156883e-03
65                                     1.7289180003900215e-02
66                                     4.6851725803457363e-03
67                                     4.0357764680216902e-04
68                                     1.5111909640513909e-02
69                                     9.0921613880010528e-03
70                                     1.4359719426471566e-02
71                                     1.6131879551364095e-02
72                                     4.4918850012028722e-03
73                                    -1.2690728098164723e-04
74                                    -1.7803063877706218e-02
75                                     3.2094103719480702e-03
76                                    -5.9376511735502041e-03
77                                    -1.6883111653812611e-02
78                                    -5.9619176999956198e-04
79                                     4.0671108180814573e-03
80                                    -1.2197586468395586e-02
81                                    -2.0545341099122375e-03
82                                    -3.1835286337600021e-03
83                                    -1.7434645587241560e-02
84                                     1.6033704781023003e-02
85                                    -7.0005425330860443e-03
86                                    -5.0405777101716169e-03
87                                    -9.3666068231464182e-04
88                                    -1.5875365660862777e-02
89                                    -6.0052947635196342e-03
90                                    -6.6080925441732476e-03
91                                     2.5530792464173850e-03
92                                     3.3228944055702062e-03
93                                     1.3402636549187871e-03
94                                     6.7875125617999459e-03
95                                     1.5306948157412882e-02
96                                     2.2424652158485919e-03
97                                     2.1913778071811691e-03
98                                     1.6289189971762878e-02
99                                    -1.5496210346185868e-03
100                                    7.5475881262967700e-03
101                                    4.9333954574097040e-03
102                                   -5.7585529002793486e-03
103                                    8.5093001751388510e-05
104                                   -1.3583296694425274e-02
105                                   -1.4860438742730418e-03
106                                    2.6975091984634604e-03
107                                   -1.2984804201832472e-02
108                                   -4.0204725618160509e-03
109                                   -1.1948911402674157e-05
110                                   -7.0642706462442188e-03
111                                   -3.5886809013933240e-03
112                                    1.9467879645940645e-02
113                                   -4.7513074176555271e-03
114                                   -3.9525904850819093e-03
115                                   -4.7954862706700747e-04
116                                    1.5433133741727327e-02
117                                   -1.5393846837467990e-03
118                                   -4.2026006112032104e-03
119                                    1.5450607737688166e-02
120                                    1.6109402606030198e-03
121                                   -8.7311617222641247e-03
122                                    4.0663646323214481e-03
123                                    3.2490607560599362e-03
124                                    4.5423812755865109e-03
125                                   -1.7917723638766377e-02
126                                    3.3114914167413725e-03
127                                   -4.5172675177384677e-03
128                                   -1.3951479021844846e-02
129                                   -3.6819318295040586e-03
130                                    3.6832099370341404e-04
131                                   -6.8670365973114234e-03
132                                    7.9095281661163469e-05
133                                   -3.0529112371680063e-03
134                                   -1.2992441687700159e-03
135                                    3.7868566225480613e-02
136                                   -1.8472363370254302e-02
137                                   -1.8669283402172689e-02
138                                   -3.2264752236226060e-03
139                                   -1.0543350812552419e-02
140                                   -7.3646830579948462e-03
141                                   -4.2891763714966126e-03
142                                    2.2890956431650334e-04
143                                    1.5906731775400935e-02
144                                    8.5036495597238457e-02
145                                    4.6169696621093680e-02
146                                   -2.9669839814672207e-03
147                                   -8.0979712786362554e-02
148                                    4.6628339663128550e-02
149                                   -4.6288687978846164e-03
150                                   -2.8998114407319843e-03
151                                    5.6269002187059039e-03
152                                    1.4916118362396849e-02
153                                    7.4574279560573756e-03
154                                   -3.4658856355828288e-04
155                                    1.6752968302569251e-02
156                                   -2.0783582677856250e-03
157                                    1.0366556445510475e-02
158                                    1.7087991339822348e-02
159                                    3.2142737319418458e-03
160                                   -4.6235636150005564e-03
161                                   -1.7902405297055873e-02
162                                   -2.8303273971596338e-03
163                                    7.5622967606335289e-03
164                                    5.9119479277526012e-02
165                                   -1.5243153305091678e-03
166                                    7.9064267932418657e-03
167                                   -1.0216672164357869e-02
168                                    4.7956657088074339e-03
169                                    8.9380811659123705e-04
170                                   -1.6827353762917219e-02
171                                   -1.5925426720581955e-03
172                                    3.9820591559380523e-02
173                                   -2.0533832821504582e-02
174                                    9.7857271048434353e-03
175                                   -1.7051225253625117e-02
176                                   -6.1765767405814473e-03
177                                    7.2458464298518089e-03
178                                   -1.3045906302007783e-02
179                                    1.4542355869492126e-02
180                                   -8.0772519925160179e-03
181                                   -1.9119536361626927e-03
182                                    1.5208801337433075e-02
183                                   -3.3606138885319127e-03
184                                   -9.4364936295240731e-02
185                                   -1.5922593755523080e-03
186                                   -2.4948838297162825e-03
187                                    7.2213421293152689e-03
188                                    4.8196731076638284e-03
189                                   -2.1070629146503405e-03
190                                   -9.7940429552188582e-03
191                                   -1.1259304156788188e-02
192                                   -3.0607032422345169e-03
193                                    3.4385635672190568e-03
194                                   -1.2634891538525728e-02
195                                   -1.8707401447060523e-02
196                                    5.9561994620809114e-03
197                                   -4.5859621636774013e-03
198                                   -3.0641063911168915e-03
199                                    2.3677162281135972e-03
200                                    1.3628692656657648e-02
201                                    8.1118995569757490e-03
202                                   -2.6123120599905532e-03
203                                    4.5239657518848075e-03
204                                    4.4664774046138519e-03
205                                   -3.8834110202166043e-04
206                                   -1.4023628192721453e-02
207                                   -1.9584919028120605e-03
208                                   -2.2859362370151498e-03
209                                   -7.0596886573832136e-03
210                                    6.5612126855721454e-03
211                                   -1.5510133344266727e-03
212                                   -8.5988573043324201e-03
213                                   -1.5428441166202411e-02
214                                   -1.0443230779615698e-02
215                                   -4.6390801911857845e-03
216                                   -1.9354471691363333e-02
217                                    4.1337277227657433e-03
218                                   -4.7519206788650872e-03
219                                   -1.0705616278529296e-03
220                                    3.6749113340784191e-04
221                                    1.7385427211966672e-02
222                                   -1.5689633747606905e-02
223                                    3.1508139325185699e-03
224                                    1.5759702817307587e-02
225                                    1.0061448621453031e-03
226                                   -2.9469393391753102e-03
227                                    1.5210691576442181e-02
228                                   -1.9527260205448062e-03
229                                    4.0839964691733698e-03
230                                    1.3964769907302173e-02
231                                    7.5815218591785728e-03
232                                   -4.1085012327831119e-03
233                                    1.5880062783344195e-02
234                                    6.2140107037672952e-03
235                                   -2.1169936540114454e-03
236                                    1.6443782229578180e-02
237                                   -1.9315978908295314e-03
238                                    4.2823557280010282e-03
239                                   -1.7951458893176547e-02
240                                   -6.5909546147898254e-03
241                                   -1.9115300068176750e-04
242                                   -1.6821253774320720e-02
243                                    2.6866445871401839e-03
244                                    5.4816658144471913e-03
245                                   -1.3760159619773017e-02
246                                    4.3188925133961203e-03
247                                   -2.4015117872848532e-05
248                                   -1.3795072433912448e-02
249                                   -1.3922545231290029e-02
250                                   -1.1318153338838132e-02
251                                   -5.2049940359171513e-03
252                                   -2.3067024843609549e-03
253                                   -3.4454607393060170e-03
254                                    1.3593354663593939e-02
255                                    5.8518364303204572e-03
256                                    5.1140382886311377e-03
257                                    3.4690228887216783e-03
258                                    3.8970978774598196e-03
259                                   -8.5183122295725644e-04
260                                    1.6403213570041104e-02
261                                    2.4009157657968678e-03
262                                    5.2954474789700685e-03
263                                   -1.3662503577992632e-02
264                                    8.5080293323400325e-03
265                                   -2.4247064208400655e-03
266                                    4.6163205259486043e-03
267                                    5.7199559393726323e-03
268                                    4.7629711284958888e-03
269                                    3.4049827815354154e-03
270                                   -2.3946691434854724e-02
271                                   -1.3009420513720582e-02
272                                    1.0440608698866047e-04
273                                   -2.4321331213481699e-02
274                                   -1.3194878799530787e-02
275                                   -2.7873668940579147e-05
276                                   -2.3719853826445980e-02
277                                    1.2970000867635532e-02
278                                    9.5519024876988644e-05
279                                   -2.4067985403274615e-02
280                                    1.3269112374553750e-02
281                                   -6.7101470452360614e-05
282                                    4.4127977696974889e-04
283                                   -2.7489717686520292e-02
284                                   -1.2565444447628911e-04
285                                    7.7587703546895005e-04
286                                    2.7198786274927153e-02
287                                    1.6278529827790869e-05
288                                    5.5101930523499649e-04
289                                   -2.7083876564075987e-02
290                                    1.1115270009760831e-05
291                                    4.5992288421254745e-04
292                                    2.7709030439378016e-02
293                                   -9.4885644377320989e-05
294                                    2.3679171152726809e-02
295                                   -1.4400095388767504e-02
296                                   -5.2603612849380528e-05
297                                    2.3191237360806586e-02
298                                    1.4038784394631328e-02
299                                    5.4441592504924548e-05
300                                    2.3333409658614055e-02
301                                   -1.4167077979986589e-02
302                                    8.6287983337301542e-05
303                                    2.3615500115818283e-02
304                                    1.4173982151996511e-02
305                                   -9.4633752189137772e-05
306                                    2.4934778085142729e-03
307                                   -1.2684415335532427e-03
308                                   -3.6087174992365544e-03
309                                   -8.1347248985819663e-04
310                                   -4.5654285704743819e-05
311                                    1.7786564883232419e-03
312                                    4.8132327933390716e-04
313                                   -1.2875765747783780e-05
314                                    3.2150312608004690e-05
315                                    1.4172955020593322e-05
316                                    2.4112048256919655e-05
317                                   -2.2724556383955924e-05
318                                   -7.3932609034174136e-05
319                                   -4.5692915590081754e-05
320                                   -1.2824543831168925e-04
321                                    3.0831647780645066e-05
322                                   -5.0164874703836643e-04
323                                   -7.1820500657480686e-04
324                                    3.7732723024465472e-04
325                                    2.4262344832284434e-04
326                                   -6.5090694106540673e-04
327                                   -2.0685587144255512e-04
328                                   -3.7767081601900463e-04
329                                    1.0143490705048587e-04
330                                   -9.4389607599549647e-07
331                                   -1.9077633071965910e-05
332                                   -3.3269324865740425e-06
333                                   -1.7849233434147566e-06
334                                    7.0261138318456525e-05
335                                   -1.0871607767727205e-04
336                                    5.4507687110117601e-05
337                                   -4.3911378220369703e-05
338                                   -2.0596602380799326e-05
339                                    5.0138950171523791e-07
340                                   -5.1366686529947145e-06
341                                    2.8851743943562121e-06
342                                   -1.2861248465951370e-05
343                                    7.5278287839841473e-06
344                                   -2.3674926201727920e-05
345                                    2.4094953654384502e-05
346                                    2.6972176309741599e-07
347                                    5.1754702017878284e-06
348                                    4.4202835077946349e-06
349                                   -1.5757241199220622e-06
350                                    4.2707065253790391e-06
351                                   -3.7109737505581714e-06
352                                    1.1659782570378553e-06
353                                   -4.7518854566547708e-06
354                                    2.4963815979739900e-06
355                                    6.1772110321199120e-07
356                                    4.3601316823865853e-06
357                                    1.7398188148386368e-06
358                                    7.7264062732166342e-06
359                                    6.7071446006490836e-06
360                                    3.3563282602791202e-06
361                                   -7.7932450692324226e-06
362                                   -1.3497963720938484e-05
363                                   -1.6328900415968657e-05
364                                    9.5200933599864663e-06
365                                   -8.8136927353584275e-06
366                                    1.5662265716120358e-06
367                                   -6.1513724391605286e-06
368                                   -1.0655667308534289e-05
369                                    7.2038076562208441e-05
370                                   -3.6032283776987237e-05
371                                   -1.2197941946593430e-04
372                                   -7.6039741372123273e-05
373                                   -1.8987280028840393e-05
374                                   -6.9937310135015276e-06
375                                    7.0393911803925808e-05
376                                   -3.2984998090629196e-05
377                                   -1.1188731357720627e-04
   &Method [&Type "String"] "SCF"
   &Level [&Type "String"] "Relaxed density"
   &Mult [&Type "Integer"] 1
   &State [&Type "Integer"] 0
   &Irrep [&Type "Integer"] 0
$End
$Geometry
   &GeometryIndex 3
   &NAtoms [&Type "Integer"] 126
   &NCorelessECP [&Type "Integer"] 0
   &NGhostAtoms [&Type "Integer"] 0
   &CartesianCoordinates [&Type "Coordinates", &Dim(126,4), &Units "Bohr"] 
              Si     6.720264939356   63.957458015257   14.782725335880
              Si     6.719732103533   58.140881386970   14.782825234876
              O      4.057736102520   65.157696621881   15.891939313427
              O      4.056983354406   56.941169058925   15.892080495004
              O      7.011001911655   61.049162186991   15.897717653367
              O      6.718416182796   63.961183661897   11.653338769114
              O      6.717882559698   58.137048677990   11.653438797869
              Si    11.753163560811   49.419333943206   14.783039174980
              Si    16.787128047082   46.514363442578   14.783153447733
              O      9.090414887256   48.219621433743   15.892294470797
              O     14.126489186072   47.714602243352   15.892367983577
              O     17.079756122605   43.606067109410   15.898144896046
              O     11.753203545604   49.415501431261   11.653652761994
              O     16.787169064296   46.518089860653   11.653766906627
              Si    11.753696289849   55.235910853153   14.782940079547
              Si    11.754761488465   66.861505675514   14.782740768647
              Si    16.788725661516   63.956535510297   14.782855993663
              Si    16.788192715376   58.139958624512   14.782955651618
              O      9.091167789483   56.436149975961   15.892154366751
              O      9.092013005666   65.661792706966   15.891996075290
              O     14.128086882493   65.156774365833   15.892070148560
              O     14.127334065583   56.940245290720   15.892210943337
              O     12.044433363270   52.327614733702   15.897931901743
              O     17.081352316243   61.048239334670   15.897848120690
              O     11.753737130012   55.239636849560   11.653553537937
              O     11.754801785632   66.857672394634   11.653354356606
              O     16.788766549526   63.960261213978   11.653469451705
              O     16.788232909720   58.136125680949   11.653569239163
              Si    11.755294356688   72.678082396552   14.782640447891
              Si    16.789790967210   75.582130469416   14.782655491032
              O      9.092765355470   73.878320568273   15.891854394359
              O     14.128932201642   74.382417210036   15.891911007245
              O     12.046031304694   69.769786611920   15.897632940384
              O     17.082951438343   78.490411334751   15.897547389299
              O     11.755335235348   72.681807596940   11.653253905333
              O     16.789831341005   75.578296861628   11.653269079393
              Si    21.823513959587   49.418411277791   14.783169459471
              Si    26.859368151209   46.513441035541   14.783284141506
              O     19.160765673147   48.218697854357   15.892424597817
              O     24.196839520532   47.713679790387   15.892498441837
              O     27.150106462351   43.605144939980   15.898275688523
              O     21.823554143135   49.414578691231   11.653783046578
              O     26.857519614821   46.517167586202   11.653897575687
              Si    21.824046603185   55.234988211679   14.783070476647
              Al    21.825111740923   66.860583236777   14.782871265096
              Si    26.860965574538   63.955612894185   14.782986279689
              Si    26.860432569379   58.139036009226   14.783086006238
              O     19.161518127342   56.435227159754   15.892284782154
              O     19.162363396687   65.660870134469   15.892126704519
              O     24.198437169111   65.155851936559   15.892200540880
              O     24.197684287988   56.939322751497   15.892341367801
              O     22.114783688091   52.326692069708   15.898062226636
              O     27.151702521263   61.047316903814   15.897978393567
              O     21.824087461481   55.238714274098   11.653683935115
              O     21.825151866482   66.856749923586   11.653484853093
              O     26.859116574753   63.959338740203   11.653599713304
              O     26.858582916446   58.135203191537   11.653699569428
              Si    21.825644793412   72.677160099717   14.782770941547
              Si    26.862031033673   75.581207733502   14.782785828131
              O     19.163116339557   73.877399262636   15.891985025546
              O     24.199282638239   74.381494792670   15.892041413478
              O     22.116381694583   69.768864231710   15.897763360923
              O     27.153301711257   78.489488761603   15.897677650661
              O     21.825685595418   72.680885461777   11.653384399180
              O     26.860181556834   75.577374262271   11.653399392018
              Si    31.893863864993   49.417488914364   14.783299932193
              O     29.231115805888   48.217775643442   15.892555359654
              O     34.267188875251   47.712756769609   15.892628795221
              O     31.893903725166   49.413656007942   11.653913519688
              Si    31.894396650923   55.234065799213   14.783200653553
              Si    31.895461877227   66.859660772586   14.783001209894
              Si    36.929425853587   63.954690579061   14.783115838674
              Si    36.928892876980   58.138113387831   14.783215659381
              O     29.231868260863   56.434304754536   15.892415055331
              O     29.232713619277   65.659947696384   15.892256825989
              O     34.268787305946   65.154929449687   15.892330376542
              O     34.268034424042   56.938400212067   15.892471375982
              O     32.185133730958   52.325769726482   15.898192515016
              O     37.222052620587   61.046394278642   15.898107968189
              O     31.894437338427   55.237791776471   11.653814111917
              O     31.895501813923   66.855827421573   11.653614797934
              O     36.929466232474   63.958416405497   11.653729296855
              O     36.928932562407   58.134280144305   11.653829247286
              Si    31.895994964993   72.676237749974   14.782900917500
              O     29.233466661375   73.876476773651   15.892115276688
              O     34.269632432921   74.380573066275   15.892171232641
              O     32.186731917302   69.767941822339   15.897893276804
              O     31.896035431587   72.679963285915   11.653514375337
              O     39.302217762875   56.433381029971   15.892544569676
              O     39.303063145194   65.659025986085   15.892386236914
              H      7.699986632944   47.218156130818   15.186956332848
              H      2.665286690790   55.939701307821   15.187255101206
              H      2.665286767183   66.155504122551   15.187255112647
              H      7.699986651428   74.877049407668   15.186956342412
              H     16.909611197040   41.901378896322   15.190188775444
              H     16.909611256612   80.193826631190   15.190188758607
              H     26.981059412200   41.901282794302   15.190151922844
              H     26.981059475102   80.193922739378   15.190151929223
              H     35.830259291617   47.009257739552   15.186606023223
              H     35.830259190997   75.085947780732   15.186606022990
              H     40.864793286865   55.730706970134   15.186941695046
              H     40.864793290944   66.364498555443   15.186941697469
              H     25.324176708459   64.778903531114   11.040924548592
              H     20.459453271581   65.980281466794   10.862310509897
              H     16.717943916368   62.302249613883   10.896488721352
              H     18.243738496910   57.322680997605   10.903135892105
              H     23.252695284848   56.102655859227   10.904726353078
              H     26.806370591877   59.814014595257   10.921655210959
              H     25.426308853726   74.708910464685   10.917028249004
              H     20.445209694536   73.612458103841   10.905448519652
              H     15.389289129952   74.677653410541   10.898318823728
              H     11.775444884498   71.019218679622   10.891808674417
              H     10.293593770271   66.049491496666   10.907557069297
              H      6.811124355137   62.300792282638   10.892366606301
              H      8.178690335885   57.343174306970   10.891790651756
              H     11.729925375555   53.572795798056   10.900053474407
              H     13.245407245133   48.673815005516   10.898903521515
              H     18.217933109947   47.366684587381   10.894185556998
              H     23.271454854899   48.581405614308   10.907171960326
              H     28.259305661986   47.414939570258   10.896026119462
              H     31.845950564056   51.073214666442   10.887351288667
              H     33.350220979239   56.055737504110   10.906234803190
              H     36.815947739533   59.794459525624   10.894069060467
              H     35.475073493001   64.770493040727   10.898281727448
              H     31.929125504801   68.522839186654   10.902194324347
              H     30.410900930292   73.439654707928   10.902311200803
$End
$SCF_Energy
   &GeometryIndex 3
   &Method [&Type "String"] "SCF"
   &totalEnergy [&Type "ArrayOfDoubles", &Dim (1,1)] "Total energy of each state"
                                                         0

0                                     -1.1887289555911799e+04
   &Mult [&Type "ArrayOfIntegers", &Dim (1,1)] "Multiplicity of each state"
                                                         0

0                                                        1
$End
$DFT_Energy
   &GeometryIndex 3
   &nAlphaEl [&Type "Integer"] 450
   &nBetaEl [&Type "Integer"] 450
   &nTotalEl [&Type "Integer"] 900
   &finalEn [&Type "Double"]      -1.1887289555911799e+04  "No Van der Waals correction"
   &eExchange [&Type "Double"]      -7.8392425042629452e+02
   &eCorr [&Type "Double"]      -3.2290311126692067e+01
   &eXC [&Type "Double"]      -8.1621456155298654e+02
   &eCNL [&Type "Double"]       0.0000000000000000e+00
$End
$Solvation_Details
   &GeometryIndex 3
   &Solvent [&Type "String"] "CONDUCTOR"
   &Epsilon [&Type "Double"]      -1.0000000000000000e+00
   &Refrac [&Type "Double"]       1.3300000000000001e+00
   &RSolv [&Type "Double"]       1.3000000000000000e+00
   &SurfaceType [&Type "String"] "GAUSSIAN VDW"
   &CPCMDielEnergy [&Type "Double"]      -2.6919005000000001e-01
   &NPoints [&Type "Integer"] 11233
   &SurfaceArea [&Type "Double"]       4.2756399645829997e+03
$End
$SCF_Timings
   &GeometryIndex 3
   &TOTAL [&Type "Double"]       5.2349076700000001e+02
   &PREP [&Type "Double"]       6.1480839999999999e+00
   &FOCK [&Type "Double"]       4.5968611999999996e+02
   &DENS [&Type "Double"]       4.3631169999999884e+00
   &ETOT [&Type "Double"]       1.7138280000000066e+00
   &POP [&Type "Double"]       9.9999999747524271e-07
   &TRAFO [&Type "Double"]       6.1124189999999601e+00
   &DIIS [&Type "Double"]       2.2096478000000019e+01
   &SOSCF [&Type "Double"]       1.1789724000000007e+01
   &XC [&Type "Double"]       1.9745071999999979e+01
   &FOCKSTART [&Type "Double"]       8.3684699999994638e-01
   &SOLV [&Type "Double"]       6.2552894000000009e+01
   &SOLV_INIT [&Type "Double"]       4.7744030000000004e+00
   &SOLV_FINAL [&Type "Double"]       9.9999999747524271e-07
   &INT_PREP [&Type "Double"]       3.0000000208474376e-06
   &INT_BF [&Type "Double"]       4.6596130000007321e+00
   &INT_DENS [&Type "Double"]       9.0387129999991345e+00
   &INT_DENSIO [&Type "Double"]       3.1868978086200058e+06
   &INT_FUNC [&Type "Double"]       2.3338000000097736e-01
   &INT_POT [&Type "Double"]       3.8088759999987616e+00
   &INT_POTIO [&Type "Double"]       5.5462000000375156e-02
   &INT_SUM [&Type "Double"]       2.2502999999986173e-02
   &SPLITRIJ [&Type "Double"]       5.0028130999999917e+01
   &COSX [&Type "Double"]       3.4096229700000004e+02
$End
$VdW_Correction
   &GeometryIndex 3
   &vdW [&Type "Double"]      -1.9884007388860361e-01
$End
$Single_Point_Data
   &GeometryIndex 3
   &FinalEnergy [&Type "Double"]      -1.1887488395985687e+04  "Final single point energy"
   &Converged [&Type "Boolean"] true
$End
$SCF_Nuc_Gradient
   &GeometryIndex 3
   &NAtoms [&Type "Integer"] 126
   &gradNorm [&Type "Double"]       2.5558740172198435e-01
   &grad [&Type "ArrayOfDoubles", &Dim (378,1)] 
                                                         0

0                                      1.7232374923556129e-02
1                                     -6.0898214947559381e-03
2                                     -5.0584714983470348e-03
3                                      1.5048214666721269e-02
4                                      1.1468009795521390e-02
5                                     -4.4753148491760587e-03
6                                     -7.2904609495757743e-03
7                                      2.6734815828442131e-03
8                                      3.4064374608613209e-03
9                                     -5.9911653843736489e-03
10                                    -5.6067332384490418e-03
11                                     4.3775435782711283e-03
12                                     3.6937293698270793e-03
13                                     1.6940982851993708e-03
14                                     1.4699438745025141e-02
15                                    -5.6456847636953871e-03
16                                    -1.4861815982070443e-04
17                                    -1.3741690651162361e-02
18                                    -2.4358909203471804e-03
19                                    -4.0120146845934648e-03
20                                    -1.4099806033412328e-02
21                                     1.3538933146786180e-02
22                                     1.2780034176079331e-02
23                                    -4.7033096390317426e-03
24                                    -2.1338685084806531e-03
25                                     1.9663792760256062e-02
26                                    -4.5046117941980879e-03
27                                    -6.2071394754719096e-03
28                                    -6.1017876002152941e-03
29                                     4.5155199236373263e-03
30                                    -4.6013700135790186e-03
31                                    -4.2006162464327985e-03
32                                     1.5316461953692326e-02
33                                     1.3060375065215280e-03
34                                    -8.3520113586442318e-03
35                                     3.9828874711115144e-03
36                                    -1.9891646192230872e-03
37                                    -4.0382824596940535e-03
38                                    -1.4038110828425902e-02
39                                     3.0870429953140182e-03
40                                    -4.8257551399588806e-03
41                                    -1.3904158969079585e-02
42                                    -2.0334350980408572e-03
43                                     3.7580027961836709e-03
44                                    -7.1709519106760303e-03
45                                    -3.5641115625692551e-03
46                                     6.3756140578238056e-03
47                                    -8.6711123206820225e-03
48                                    -3.0846123988330348e-02
49                                    -2.0731737784380810e-02
50                                    -1.7456437229891153e-02
51                                    -2.1786978493505563e-03
52                                    -4.0083762952975678e-03
53                                    -6.9602710830333351e-03
54                                    -7.5028833949685181e-03
55                                    -4.2847890076790915e-03
56                                     1.4794797091057505e-02
57                                    -4.7245309882895908e-04
58                                     3.8304194139528579e-03
59                                     1.5358012505993479e-02
60                                     9.9519776802344442e-03
61                                    -8.2268091085244133e-03
62                                     1.5499777948003734e-02
63                                     8.5599109499949141e-04
64                                     2.3901897292774180e-03
65                                     1.7266644460813052e-02
66                                     4.6942273596960356e-03
67                                     4.0858914754236223e-04
68                                     1.5112529127627842e-02
69                                     9.1769513086592484e-03
70                                     1.4389857686196758e-02
71                                     1.6103214792436850e-02
72                                     4.4963936240121566e-03
73                                    -1.5412928665832335e-04
74                                    -1.7800033285552002e-02
75                                     3.1392462112973109e-03
76                                    -5.9939446200453512e-03
77                                    -1.6896738024638164e-02
78                                    -7.1232544415681016e-04
79                                     3.1708544901757657e-03
80                                    -1.2872041262029493e-02
81                                    -1.7516421708920252e-03
82                                    -3.1560457067357139e-03
83                                    -1.7644564770998430e-02
84                                     1.6030107910945262e-02
85                                    -7.0283390387316834e-03
86                                    -5.1151885716094149e-03
87                                    -8.4293873061323343e-04
88                                    -1.5868786721845735e-02
89                                    -5.9097323072142263e-03
90                                    -6.6641567346599137e-03
91                                     2.5971222391879649e-03
92                                     3.2792869050641727e-03
93                                     1.3292282669970024e-03
94                                     6.7745701753497613e-03
95                                     1.5299832690267978e-02
96                                     2.2569725312758782e-03
97                                     2.1363072250446249e-03
98                                     1.6246159946607341e-02
99                                    -1.5709365739202353e-03
100                                    7.6259478540681653e-03
101                                    4.8575430154404872e-03
102                                   -5.7396953794163616e-03
103                                    1.7195291490288987e-04
104                                   -1.3586276483843151e-02
105                                   -1.6146870474150093e-03
106                                    2.3789337895713633e-03
107                                   -1.3198831057375059e-02
108                                   -4.0218569259346951e-03
109                                   -1.6537619619673340e-05
110                                   -7.0664099928617764e-03
111                                   -3.5939261829535762e-03
112                                    1.9465838141886446e-02
113                                   -4.7448981538301526e-03
114                                   -3.9518092374294699e-03
115                                   -4.7761624435138899e-04
116                                    1.5432206806303571e-02
117                                   -1.5409235422656413e-03
118                                   -4.1996393429568016e-03
119                                    1.5456427044809444e-02
120                                    1.6137750914453040e-03
121                                   -8.6839482162011945e-03
122                                    4.0783014602777173e-03
123                                    3.2601897264534778e-03
124                                    4.5390681758342944e-03
125                                   -1.7919231195682513e-02
126                                    3.3208027961572832e-03
127                                   -4.5088366170439736e-03
128                                   -1.3953516658135027e-02
129                                   -3.6198609176729163e-03
130                                    3.9309842812752224e-04
131                                   -6.9676513039366953e-03
132                                    9.4273233043664501e-04
133                                   -3.0431723648750076e-03
134                                   -1.3206534147631281e-03
135                                    3.5634947570285777e-02
136                                   -1.7378876101102968e-02
137                                   -2.0985228276178138e-02
138                                   -3.2580782750856923e-03
139                                   -1.0173325152835712e-02
140                                   -7.9457928527099254e-03
141                                   -4.2872374065286972e-03
142                                    2.4483109371841908e-04
143                                    1.5906158260981317e-02
144                                    8.4951402549713534e-02
145                                    4.6153696190955801e-02
146                                   -2.7801731751463774e-03
147                                   -8.0969882352024972e-02
148                                    4.6593426680551484e-02
149                                   -4.0593370743519869e-03
150                                   -2.8557805446587192e-03
151                                    5.6363742567667394e-03
152                                    1.4897931456954571e-02
153                                    7.4535973957175015e-03
154                                   -3.3372107964413350e-04
155                                    1.6744952369664029e-02
156                                   -1.9697086710349769e-03
157                                    1.0580569095086421e-02
158                                    1.6893881341205154e-02
159                                    3.0552528927338461e-03
160                                   -4.6825975571243399e-03
161                                   -1.7899043699930822e-02
162                                   -7.6746958891872703e-03
163                                    5.3816768704811500e-03
164                                    5.6925675099751903e-02
165                                    3.5808754836876440e-03
166                                    5.1765502404460132e-03
167                                   -1.0220226432076254e-02
168                                    4.7963948423915296e-03
169                                   -2.3010724284829972e-04
170                                   -1.6675555991221686e-02
171                                   -1.5306047205799697e-03
172                                    3.9666049915186685e-02
173                                   -2.0721462981927900e-02
174                                    9.4710165233246862e-03
175                                   -1.7260512283331916e-02
176                                   -6.6073325041514632e-03
177                                    7.1122978034062383e-03
178                                   -1.3062644851293846e-02
179                                    1.4564010222488400e-02
180                                   -8.0968577302093555e-03
181                                   -1.9743965540453918e-03
182                                    1.5103177615598422e-02
183                                   -3.3937984500355136e-03
184                                   -9.4262773056723440e-02
185                                   -1.1285744135352321e-03
186                                   -2.4961036106393784e-03
187                                    7.3130959364386006e-03
188                                    4.7377118458999824e-03
189                                   -2.8239619324144285e-03
190                                   -9.3222547335978095e-03
191                                   -1.1472104160708162e-02
192                                   -2.3259557098458542e-03
193                                    3.8575079915924930e-03
194                                   -1.2591659150229374e-02
195                                   -1.8706064298098592e-02
196                                    5.9601945023644576e-03
197                                   -4.5945012404606392e-03
198                                   -3.0627822681660922e-03
199                                    2.3696578044660110e-03
200                                    1.3624681868790222e-02
201                                    8.1175793862737853e-03
202                                   -2.6145553800159815e-03
203                                    4.5212693157536989e-03
204                                    4.4619429611651136e-03
205                                   -3.9759851490918981e-04
206                                   -1.4022725248234037e-02
207                                   -1.9488098035589495e-03
208                                   -2.2825290534853994e-03
209                                   -7.0887238387640876e-03
210                                    6.5808515363153632e-03
211                                   -1.5619405279651585e-03
212                                   -8.7084086983134322e-03
213                                   -1.5482509508077958e-02
214                                   -1.0413009058198709e-02
215                                   -4.7235973673296671e-03
216                                   -1.9359487710958221e-02
217                                    4.1355866474190595e-03
218                                   -4.7633653180125732e-03
219                                   -1.1140791448737899e-03
220                                    3.8329763796777306e-04
221                                    1.7372747697876497e-02
222                                   -1.5742221610881027e-02
223                                    3.0206882082654068e-03
224                                    1.5654161157440831e-02
225                                    9.8104860569116453e-04
226                                   -2.9362950784634690e-03
227                                    1.5168338038561671e-02
228                                   -1.9546603480126473e-03
229                                    4.0887286139327040e-03
230                                    1.3967341263491194e-02
231                                    7.5771310189433911e-03
232                                   -4.0990570723868107e-03
233                                    1.5869616554222032e-02
234                                    6.2149191859141540e-03
235                                   -2.1067388235836331e-03
236                                    1.6439306174630314e-02
237                                   -1.9107404517549997e-03
238                                    4.2867701215740690e-03
239                                   -1.7951266510689984e-02
240                                   -6.5618417877951127e-03
241                                   -5.4611302806591632e-05
242                                   -1.6847979159451243e-02
243                                    2.8160785322669771e-03
244                                    5.4030713943546398e-03
245                                   -1.3748272624823650e-02
246                                    4.3125712777506882e-03
247                                   -2.8106221397702558e-05
248                                   -1.3796742183874965e-02
249                                   -1.3965441098755938e-02
250                                   -1.1306065388124809e-02
251                                   -5.2791402524745030e-03
252                                   -2.3255345014592532e-03
253                                   -3.4168434568366407e-03
254                                    1.3574311901302196e-02
255                                    5.8923451082987530e-03
256                                    5.1287285885368260e-03
257                                    3.4377724743877643e-03
258                                    3.8744313435223185e-03
259                                   -8.3286094506807083e-04
260                                    1.6420315057798184e-02
261                                    2.5020240771255788e-03
262                                    5.1979868827445059e-03
263                                   -1.3673910910942786e-02
264                                    8.5081208980672396e-03
265                                   -2.4238653029983012e-03
266                                    4.6131364309590726e-03
267                                    5.7685993920875917e-03
268                                    4.7805697028217436e-03
269                                    3.3756569641662246e-03
270                                   -2.3958584597977690e-02
271                                   -1.3017370807421630e-02
272                                    9.9668074253920024e-05
273                                   -2.4302773182915460e-02
274                                   -1.3181314225150389e-02
275                                   -1.6733757245566271e-05
276                                   -2.3690529236167397e-02
277                                    1.2948919969099916e-02
278                                    1.1362359808471789e-04
279                                   -2.4006427445363361e-02
280                                    1.3224367368962289e-02
281                                   -3.1410684943197855e-05
282                                    4.3840678521426559e-04
283                                   -2.7513153326695829e-02
284                                   -1.3529792941013847e-04
285                                    7.8449695208395939e-04
286                                    2.7126940435764038e-02
287                                    5.6914080461314766e-05
288                                    5.4646420519185307e-04
289                                   -2.7129319310501266e-02
290                                   -6.2883217460236342e-06
291                                    4.7364820460864211e-04
292                                    2.7605513261313368e-02
293                                   -4.7838802102554520e-05
294                                    2.3673494562807439e-02
295                                   -1.4399070690056590e-02
296                                   -4.8677301667278290e-05
297                                    2.3156773133673605e-02
298                                    1.4022583580101493e-02
299                                    7.6462698314822716e-05
300                                    2.3336182402883366e-02
301                                   -1.4170265702271225e-02
302                                    8.9250831626525864e-05
303                                    2.3569558231893627e-02
304                                    1.4151998636232156e-02
305                                   -6.9867015129359666e-05
306                                   -1.6118852746929122e-04
307                                    9.6558978462992073e-05
308                                   -9.3985589443475897e-04
309                                    2.9315970045877969e-03
310                                    2.2913274953189457e-03
311                                    3.2681334004510502e-03
312                                    2.7965055679211480e-04
313                                    8.6213325663950355e-04
314                                    5.8123031326183646e-04
315                                   -1.7457550975231707e-04
316                                   -2.4042456153721798e-05
317                                    1.3309127648715430e-04
318                                    3.1175696197227322e-05
319                                   -1.5556213000563244e-05
320                                   -3.0825052503512501e-05
321                                    6.8817103425531759e-05
322                                    1.5385261953806926e-04
323                                   -2.7748293110032977e-04
324                                   -6.8047030338602000e-05
325                                    5.7585462469168807e-05
326                                   -2.6154473356168183e-04
327                                    6.2410899201780379e-04
328                                   -4.4941992944611404e-04
329                                    4.3087042946893874e-04
330                                    6.0680025845934044e-05
331                                    1.6772882043554222e-04
332                                    1.1451481332553612e-04
333                                   -3.0486774570258335e-05
334                                    1.7532474917407884e-05
335                                   -3.7484266077569708e-05
336                                    1.5942476462064289e-04
337                                    1.1727657141051867e-04
338                                    6.4097992651683582e-05
339                                   -2.4820229226225427e-05
340                                    2.4191429531071097e-05
341                                    2.5890457486071552e-05
342                                   -1.1578229870829690e-05
343                                   -4.1917079971947127e-06
344                                   -7.5710497488593552e-06
345                                   -1.5889603703789511e-06
346                                    2.9940917667659419e-05
347                                    1.2779103245071381e-05
348                                   -7.4433685902985990e-06
349                                   -6.4906674966599287e-06
350                                    7.4463492919401349e-06
351                                   -2.9871943164709089e-07
352                                   -2.6561439934758306e-06
353                                   -1.2574460586483021e-06
354                                   -9.6143187878928236e-06
355                                    1.2124250424913304e-06
356                                    6.4231871391463857e-06
357                                    2.6176787176989107e-06
358                                   -3.9215762850983008e-06
359                                    2.2785924885054224e-06
360                                    5.7813357875172622e-06
361                                    3.4414314051233721e-08
362                                   -6.4876242004676342e-06
363                                   -2.4632297571768425e-05
364                                   -2.4459401124297963e-05
365                                    8.3260567625552829e-06
366                                    7.8782069936866579e-06
367                                    2.3546372941596321e-06
368                                    3.3709413953692544e-08
369                                    3.4046103332098038e-06
370                                    2.3679446423577482e-05
371                                   -5.3679031162513405e-05
372                                    1.2967745942680129e-05
373                                   -1.5948275592957329e-04
374                                    7.4430327637029165e-05
375                                    1.1505776393709610e-06
376                                    4.3777438583976399e-05
377                                   -2.3202066730324255e-05
   &Method [&Type "String"] "SCF"
   &Level [&Type "String"] "Relaxed density"
   &Mult [&Type "Integer"] 1
   &State [&Type "Integer"] 0
   &Irrep [&Type "Integer"] 0
$End
$Geometry
   &GeometryIndex 4
   &NAtoms [&Type "Integer"] 126
   &NCorelessECP [&Type "Integer"] 0
   &NGhostAtoms [&Type "Integer"] 0
   &CartesianCoordinates [&Type "Coordinates", &Dim(126,4), &Units "Bohr"] 
              Si     6.720264766635   63.957397851710   14.782741146574
              Si     6.719722570775   58.140821226799   14.782849128156
              O      4.057739412389   65.157642286270   15.891957177117
              O      4.056973442051   56.941114726512   15.892109777255
              O      7.010998617810   61.049103105952   15.897737099586
              O      6.718411641363   63.961119151446   11.653354577221
              O      6.717868646224   58.136984173282   11.653462699065
              Si    11.753139991416   49.419265682739   14.783068140289
              Si    16.787099802174   46.514287081766   14.783179404489
              O      9.090390939686   48.219558996644   15.892328825691
              O     14.126464424457   47.714531703640   15.892395995795
              O     17.079724754145   43.605991826480   15.898174480237
              O     11.753175593636   49.415428825938   11.653681732574
              O     16.787136448334   46.518009155924   11.653792858159
              Si    11.753682080577   55.235842590803   14.782960968497
              Si    11.754765987539   66.861437407295   14.782745501480
              Si    16.788725484972   63.956459141481   14.782857724781
              Si    16.788183178825   58.139882259505   14.782965466722
              O      9.091157063450   56.436087539440   15.892177312292
              O      9.092017125905   65.661730267771   15.892006200756
              O     14.128090189312   65.156703820903   15.892073932411
              O     14.127324149997   56.940174748753   15.892226146096
              O     12.044416033344   52.327547551974   15.897956422361
              O     17.081349019561   61.048164045882   15.897853485870
              O     11.753718550324   55.239564241461   11.653574421661
              O     11.754801901642   66.857599774571   11.653359094720
              O     16.788762001942   63.960180493812   11.653471177591
              O     16.788218990224   58.136044969289   11.653579059540
              Si    11.755308217284   72.678014125482   14.782637090705
              Si    16.789809494121   75.582054095376   14.782641053000
              O      9.092782704183   73.878258131998   15.891853090997
              O     14.128950352692   74.382346661652   15.891901960114
              O     12.046042043933   69.769719424419   15.897633221433
              O     17.082976194508   78.490336039195   15.897528496249
              O     11.755344725580   72.681734973247   11.653250542915
              O     16.789845483693   75.578216134796   11.653254646642
              Si    21.823490387052   49.418326812653   14.783184341253
              Si    26.859339901600   46.513348466530   14.783296010436
              O     19.160741721903   48.218619213724   15.892444869048
              O     24.196814755064   47.713593045320   15.892512370161
              O     27.150075090745   43.605053449756   15.898291185904
              O     21.823526187446   49.414489882342   11.653797933630
              O     26.857486994176   46.517070677853   11.653909442038
              Si    21.824032391534   55.234903744668   14.783077282463
              Al    21.825116236486   66.860498764536   14.782861913863
              Si    26.860965396267   63.955520321508   14.782973922760
              Si    26.860423030054   58.138943439250   14.783081734050
              O     19.161507398851   56.435148516912   15.892293645569
              O     19.162367513687   65.660791488952   15.892122745933
              O     24.198440474246   65.155765188821   15.892190240221
              O     24.197674370029   56.939236006284   15.892342486587
              O     22.114766355644   52.326608683244   15.898072664130
              O     27.151699222514   61.047225413816   15.897969673581
              O     21.824068878690   55.238625461189   11.653690735706
              O     21.825151978743   66.856661099872   11.653475507139
              O     26.859112024649   63.959241819326   11.653587353788
              O     26.858568993541   58.135106277479   11.653695305158
              Si    21.825658645112   72.677075625076   14.782753500038
              Si    26.862049552914   75.581115153951   14.782757301467
              O     19.163133674702   73.877320613875   15.891969638552
              O     24.199300780842   74.381408041725   15.892018280741
              O     22.116392427851   69.768780840727   15.897749558258
              O     27.153326462047   78.489397263757   15.897644666688
              O     21.825695077270   72.680796633986   11.653366952439
              O     26.860195693374   75.577277330345   11.653370873282
              Si    31.893840286838   49.417388247276   14.783300729295
              O     29.231091849439   48.217680798900   15.892561546067
              O     34.267164105065   47.712653824666   15.892628639027
              O     31.893875763314   49.413550996897   11.653914322061
              Si    31.894382435209   55.233965130210   14.783193373749
              Si    31.895466367905   66.859560103269   14.782977774461
              Si    36.929425665246   63.954581811049   14.783089397434
              Si    36.928883332641   58.138004620582   14.783197300790
              O     29.231857529229   56.434209909870   15.892409834019
              O     29.232717732879   65.659852851380   15.892238781735
              O     34.268790602927   65.154826503353   15.892305991633
              O     34.268024502036   56.938297265921   15.892458407479
              O     32.185116393996   52.325670138171   15.898188867298
              O     37.222049314678   61.046286589025   15.898085158472
              O     31.894418750316   55.237686761008   11.653806826888
              O     31.895501922833   66.855722402162   11.653591367781
              O     36.929461670899   63.958303287818   11.653702850386
              O     36.928918632594   58.134167029294   11.653810893971
              Si    31.896008811519   72.676137079824   14.782869396156
              O     29.233483989273   73.876381925878   15.892085807742
              O     34.269650567525   74.380470125298   15.892134025982
              O     32.186742644583   69.767842234529   15.897865392173
              O     31.896044911924   72.679858261728   11.653482848758
              O     39.302207028466   56.433269986500   15.892525258598
              O     39.303067248174   65.658914943298   15.892354104133
              H      7.699986632578   47.218156130834   15.186956332820
              H      2.665286689989   55.939701307045   15.187255101225
              H      2.665286764915   66.155504123149   15.187255112482
              H      7.699986649009   74.877049407173   15.186956342470
              H     16.909611197543   41.901378894919   15.190188775481
              H     16.909611258090   80.193826632515   15.190188758465
              H     26.981059412676   41.901282794601   15.190151922974
              H     26.981059475696   80.193922741963   15.190151929876
              H     35.830259291986   47.009257738714   15.186606023164
              H     35.830259191448   75.085947779631   15.186606022301
              H     40.864793287094   55.730706969986   15.186941694949
              H     40.864793292697   66.364498555382   15.186941697752
              H     25.311713092744   64.781239912180   11.071148071824
              H     20.470142024835   65.970344484161   10.843247868640
              H     16.683939694132   62.303496373342   10.894775154040
              H     18.247062579503   57.328533651889   10.902772750673
              H     23.252008382119   56.104535771745   10.905719821161
              H     26.799219179016   59.816314052181   10.927753497060
              H     25.427828083962   74.701190674358   10.922835529229
              H     20.455593355354   73.628488303708   10.904140564858
              H     15.393231168861   74.671441847815   10.897938876761
              H     11.777627689627   71.018676954789   10.892789661142
              H     10.292312070444   66.050956370569   10.907796125652
              H      6.812863627239   62.300843295499   10.892261484279
              H      8.179066878339   57.343585960865   10.892033380374
              H     11.728637966753   53.572713367115   10.900044031837
              H     13.245640356177   48.674329579782   10.898860431656
              H     18.217933476015   47.366587822361   10.894248581292
              H     23.271511980915   48.581482730148   10.907139952341
              H     28.259244240496   47.414831110779   10.895974876093
              H     31.845314695342   51.073149770491   10.887473968055
              H     33.350405492108   56.055453760639   10.906315358459
              H     36.815279027663   59.794330467406   10.894110666284
              H     35.473687069703   64.768950600961   10.899356086157
              H     31.932295384845   68.522901038819   10.902163527643
              H     30.409196623207   73.437020959441   10.903111173097
$End
$SCF_Energy
   &GeometryIndex 4
   &Method [&Type "String"] "SCF"
   &totalEnergy [&Type "ArrayOfDoubles", &Dim (1,1)] "Total energy of each state"
                                                         0

0                                     -1.1887289606595921e+04
   &Mult [&Type "ArrayOfIntegers", &Dim (1,1)] "Multiplicity of each state"
                                                         0

0                                                        1
$End
$DFT_Energy
   &GeometryIndex 4
   &nAlphaEl [&Type "Integer"] 450
   &nBetaEl [&Type "Integer"] 450
   &nTotalEl [&Type "Integer"] 900
   &finalEn [&Type "Double"]      -1.1887289606595921e+04  "No Van der Waals correction"
   &eExchange [&Type "Double"]      -7.8392265651651985e+02
   &eCorr [&Type "Double"]      -3.2290327529354940e+01
   &eXC [&Type "Double"]      -8.1621298404587480e+02
   &eCNL [&Type "Double"]       0.0000000000000000e+00
$End
$Solvation_Details
   &GeometryIndex 4
   &Solvent [&Type "String"] "CONDUCTOR"
   &Epsilon [&Type "Double"]      -1.0000000000000000e+00
   &Refrac [&Type "Double"]       1.3300000000000001e+00
   &RSolv [&Type "Double"]       1.3000000000000000e+00
   &SurfaceType [&Type "String"] "GAUSSIAN VDW"
   &CPCMDielEnergy [&Type "Double"]      -2.6913035600000002e-01
   &NPoints [&Type "Integer"] 11235
   &SurfaceArea [&Type "Double"]       4.2759064012910003e+03
$End
$SCF_Timings
   &GeometryIndex 4
   &TOTAL [&Type "Double"]       4.8198404099999999e+02
   &PREP [&Type "Double"]       6.3206879999999996e+00
   &FOCK [&Type "Double"]       4.2286500399999994e+02
   &DENS [&Type "Double"]       4.1577230000000327e+00
   &ETOT [&Type "Double"]       1.6314340000000271e+00
   &TRAFO [&Type "Double"]       6.1609629999999811e+00
   &DIIS [&Type "Double"]       1.8163143000000019e+01
   &SOSCF [&Type "Double"]       1.1492880999999954e+01
   &XC [&Type "Double"]       1.7887335999999991e+01
   &FOCKSTART [&Type "Double"]       8.5871099999987166e-01
   &SOLV [&Type "Double"]       5.4395721999999978e+01
   &SOLV_INIT [&Type "Double"]       4.8892769999999999e+00
   &INT_PREP [&Type "Double"]       2.0000000517939043e-06
   &INT_BF [&Type "Double"]       4.2108050000029493e+00
   &INT_DENS [&Type "Double"]       8.1347489999960061e+00
   &INT_DENSIO [&Type "Double"]       2.6650369840980028e+06
   &INT_FUNC [&Type "Double"]       2.1275900000071601e-01
   &INT_POT [&Type "Double"]       3.3010240000000408e+00
   &INT_POTIO [&Type "Double"]       4.8954999999153870e-02
   &INT_SUM [&Type "Double"]       6.3910000000788614e-03
   &SPLITRIJ [&Type "Double"]       4.3560705999999925e+01
   &COSX [&Type "Double"]       3.2071602099999996e+02
$End
$VdW_Correction
   &GeometryIndex 4
   &vdW [&Type "Double"]      -1.9884623074761057e-01
$End
$Single_Point_Data
   &GeometryIndex 4
   &FinalEnergy [&Type "Double"]      -1.1887488452826668e+04  "Final single point energy"
   &Converged [&Type "Boolean"] true
$End
$SCF_Nuc_Gradient
   &GeometryIndex 4
   &NAtoms [&Type "Integer"] 126
   &gradNorm [&Type "Double"]       2.5574437754925183e-01
   &grad [&Type "ArrayOfDoubles", &Dim (378,1)] 
                                                         0

0                                      1.7226369118993293e-02
1                                     -6.0883115222113305e-03
2                                     -5.0612635633841292e-03
3                                      1.5051741682569366e-02
4                                      1.1463316531419833e-02
5                                     -4.4795187139513738e-03
6                                     -7.2776367345093844e-03
7                                      2.6630577506561726e-03
8                                      3.4192164093369342e-03
9                                     -5.9996936498492564e-03
10                                    -5.6126123574061155e-03
11                                     4.3752823457567022e-03
12                                     3.6915349977437941e-03
13                                     1.6934062455012003e-03
14                                     1.4697222628095209e-02
15                                    -5.6448544557758445e-03
16                                    -1.3835040869220454e-04
17                                    -1.3729634146494739e-02
18                                    -2.4478672564502506e-03
19                                    -4.0072942586162211e-03
20                                    -1.4097834102509289e-02
21                                     1.3535009398261319e-02
22                                     1.2778467357908269e-02
23                                    -4.7020353988208932e-03
24                                    -2.1325991277618001e-03
25                                     1.9662986948255037e-02
26                                    -4.5049782343590319e-03
27                                    -6.2209500168823716e-03
28                                    -6.1114023798159549e-03
29                                     4.5121197212398450e-03
30                                    -4.6015815320573335e-03
31                                    -4.2007214343485347e-03
32                                     1.5315863674180164e-02
33                                     1.3037314208707237e-03
34                                    -8.3776223649923518e-03
35                                     3.9731254307997068e-03
36                                    -1.9870952174684451e-03
37                                    -4.0371991727704880e-03
38                                    -1.4036588367452342e-02
39                                     3.0844234549392002e-03
40                                    -4.8279939533281083e-03
41                                    -1.3903744863044914e-02
42                                    -2.0348241356929779e-03
43                                     3.7617232921307530e-03
44                                    -7.1710693531875456e-03
45                                    -3.6130735616897963e-03
46                                     6.4033841327249289e-03
47                                    -8.6908123155526821e-03
48                                    -3.0887121637406888e-02
49                                    -2.0729784722885506e-02
50                                    -1.7312238218440988e-02
51                                    -2.2289504046455215e-03
52                                    -4.0453606352577765e-03
53                                    -6.9235516387600379e-03
54                                    -7.5003378240328256e-03
55                                    -4.2856304620073216e-03
56                                     1.4791727972892592e-02
57                                    -4.6313619718152052e-04
58                                     3.8292619006555914e-03
59                                     1.5355382350800336e-02
60                                     1.0031511049972141e-02
61                                    -8.2373508094903975e-03
62                                     1.5403124620007357e-02
63                                     8.6157078565842805e-04
64                                     2.3900650593291378e-03
65                                     1.7288281604361768e-02
66                                     4.6952367185389473e-03
67                                     4.0843796558037775e-04
68                                     1.5110537083288281e-02
69                                     9.2045122383568878e-03
70                                     1.4401987715434408e-02
71                                     1.6048826105378878e-02
72                                     4.4973748819549112e-03
73                                    -1.4148284251942213e-04
74                                    -1.7790721424755102e-02
75                                     3.2515061061845589e-03
76                                    -5.9325351204101680e-03
77                                    -1.6831327675114572e-02
78                                    -7.2158213243087965e-04
79                                     3.6956014358987990e-03
80                                    -1.2643098946803455e-02
81                                    -1.7463661514355159e-03
82                                    -3.0623480164728247e-03
83                                    -1.7621012886666537e-02
84                                     1.6025109800092245e-02
85                                    -7.0507740342151490e-03
86                                    -5.1377698745717279e-03
87                                    -8.1963093336650779e-04
88                                    -1.5846565504804028e-02
89                                    -5.8805283285068123e-03
90                                    -6.6462610400787455e-03
91                                     2.5832880198626081e-03
92                                     3.2915639364837195e-03
93                                     1.3190777160315876e-03
94                                     6.7785180275817406e-03
95                                     1.5284737542347824e-02
96                                     2.2594492708358713e-03
97                                     2.1201226235861839e-03
98                                     1.6242831011004863e-02
99                                    -1.5721700496086988e-03
100                                    7.6066937505816544e-03
101                                    4.8915073153334519e-03
102                                   -5.7470371731233932e-03
103                                    2.2698092074985884e-04
104                                   -1.3581643761249339e-02
105                                   -1.5540652577110342e-03
106                                    2.3665096874794156e-03
107                                   -1.3174818215506879e-02
108                                   -4.0232435919755321e-03
109                                   -1.7313006103757557e-05
110                                   -7.0665393789560074e-03
111                                   -3.5953445336390200e-03
112                                    1.9463634243756422e-02
113                                   -4.7438534794251351e-03
114                                   -3.9522283301755929e-03
115                                   -4.7774585176557725e-04
116                                    1.5433040788378352e-02
117                                   -1.5416065200334604e-03
118                                   -4.1989447180025624e-03
119                                    1.5456460204350457e-02
120                                    1.6108112226499009e-03
121                                   -8.7189561243638178e-03
122                                    4.0655334666464624e-03
123                                    3.2572475494473557e-03
124                                    4.5405847611091933e-03
125                                   -1.7916827215875765e-02
126                                    3.3225772578471605e-03
127                                   -4.5082145530777112e-03
128                                   -1.3952909676917294e-02
129                                   -3.5895619990513761e-03
130                                    3.9825422555426294e-04
131                                   -7.0003126895901444e-03
132                                    1.3461394311422470e-03
133                                   -2.9551254612480327e-03
134                                   -1.1459051541020523e-03
135                                    3.4928880407109966e-02
136                                   -1.7052195316150480e-02
137                                   -2.1668133415124687e-02
138                                   -3.2678870378500401e-03
139                                   -1.0045094447869069e-02
140                                   -8.1328023464543511e-03
141                                   -4.2950270109793900e-03
142                                    2.4491018074220455e-04
143                                    1.5890881446703718e-02
144                                    8.4954529541624788e-02
145                                    4.6167745068404764e-02
146                                   -2.7486206585218150e-03
147                                   -8.0986591172868688e-02
148                                    4.6594164985836732e-02
149                                   -3.9024803715693953e-03
150                                   -2.8335473678389638e-03
151                                    5.6335313081949442e-03
152                                    1.4875396699804236e-02
153                                    7.4531162917783481e-03
154                                   -3.3109153318038791e-04
155                                    1.6749198967695850e-02
156                                   -1.9270320950423123e-03
157                                    1.0642178606288397e-02
158                                    1.6840290402466644e-02
159                                    3.0321857017305783e-03
160                                   -4.7095223948331461e-03
161                                   -1.7895127164765112e-02
162                                   -5.9185496634223851e-03
163                                    6.7618913245020640e-03
164                                    5.8311532695137808e-02
165                                    4.6469744358026031e-03
166                                    4.6358648092167526e-03
167                                   -1.0536954373329802e-02
168                                    4.7952817237504834e-03
169                                   -3.4849487486074285e-04
170                                   -1.6731591434936143e-02
171                                   -1.4705234121977764e-03
172                                    3.9595723658369171e-02
173                                   -2.0738469287820534e-02
174                                    9.3565930259825805e-03
175                                   -1.7328861798730406e-02
176                                   -6.7533607683770902e-03
177                                    7.0726987024427885e-03
178                                   -1.3052924296954007e-02
179                                    1.4534322377573858e-02
180                                   -8.1113682569993826e-03
181                                   -1.9840556252981394e-03
182                                    1.5081245837855809e-02
183                                   -3.4130160688919864e-03
184                                   -9.4214930059341145e-02
185                                   -9.8606435048850978e-04
186                                   -2.4905481163386418e-03
187                                    7.2837283142535526e-03
188                                    4.7632152520149041e-03
189                                   -2.5068246424498650e-03
190                                   -9.5236228364429625e-03
191                                   -1.1222201449861189e-02
192                                   -2.2003823229223333e-03
193                                    3.9425944129029148e-03
194                                   -1.2639462404439264e-02
195                                   -1.8704848279043049e-02
196                                    5.9636655300433026e-03
197                                   -4.5979120772828737e-03
198                                   -3.0624122384147034e-03
199                                    2.3693839920591402e-03
200                                    1.3622635365403870e-02
201                                    8.1251326463948007e-03
202                                   -2.6180097775107642e-03
203                                    4.5204966621083913e-03
204                                    4.4615057579390641e-03
205                                   -4.0090905740716254e-04
206                                   -1.4023316588781679e-02
207                                   -1.9558846923599716e-03
208                                   -2.2794376828477272e-03
209                                   -7.0949700823807567e-03
210                                    6.5863748853430886e-03
211                                   -1.5746482994087327e-03
212                                   -8.7340142322386918e-03
213                                   -1.5503217765133999e-02
214                                   -1.0400876733136626e-02
215                                   -4.7521921525026847e-03
216                                   -1.9360876420446739e-02
217                                    4.1322256530636620e-03
218                                   -4.7680342508607029e-03
219                                   -1.1143097857499705e-03
220                                    3.8030328398627598e-04
221                                    1.7386365248008750e-02
222                                   -1.5747021783320436e-02
223                                    2.9841916445173260e-03
224                                    1.5614145558979969e-02
225                                    9.7707809197944634e-04
226                                   -2.9316132184838894e-03
227                                    1.5164704737879597e-02
228                                   -1.9526856145369832e-03
229                                    4.0900158267290305e-03
230                                    1.3966831787416622e-02
231                                    7.5780531352650149e-03
232                                   -4.1004614826398210e-03
233                                    1.5869416069672161e-02
234                                    6.2168329016529505e-03
235                                   -2.1010983139798855e-03
236                                    1.6430943342165015e-02
237                                   -1.9234090041565207e-03
238                                    4.2753196626106205e-03
239                                   -1.7943488592718011e-02
240                                   -6.5532163257652279e-03
241                                   -1.3688859426517366e-04
242                                   -1.6795832751783733e-02
243                                    2.8408574355978100e-03
244                                    5.3898981703956557e-03
245                                   -1.3756081361054415e-02
246                                    4.3142197143963565e-03
247                                   -2.7058740076808414e-05
248                                   -1.3796680648436557e-02
249                                   -1.3971480410066156e-02
250                                   -1.1303027201795695e-02
251                                   -5.3072426126985900e-03
252                                   -2.3349951720343059e-03
253                                   -3.3940036582756909e-03
254                                    1.3548357560607252e-02
255                                    5.8895186085634625e-03
256                                    5.1305039656062007e-03
257                                    3.4469145014604172e-03
258                                    3.8705556374236138e-03
259                                   -8.2302529305261897e-04
260                                    1.6413403494859577e-02
261                                    2.5130198592584318e-03
262                                    5.1904099727363880e-03
263                                   -1.3679003402966452e-02
264                                    8.5249023362478464e-03
265                                   -2.4310909517310012e-03
266                                    4.6090225702780365e-03
267                                    5.7590037753289299e-03
268                                    4.7771965032229104e-03
269                                    3.3829207321383471e-03
270                                   -2.3944402949349450e-02
271                                   -1.3006903514739775e-02
272                                    1.0556317732886746e-04
273                                   -2.4293481540667742e-02
274                                   -1.3174393091004561e-02
275                                   -1.3076151616371748e-05
276                                   -2.3703180591359722e-02
277                                    1.2958949678606470e-02
278                                    1.0638957761112271e-04
279                                   -2.4022450544996566e-02
280                                    1.3236649694324185e-02
281                                   -3.9895826154614104e-05
282                                    4.4100807473901576e-04
283                                   -2.7486154143087950e-02
284                                   -1.2548285662595000e-04
285                                    7.8212451398585673e-04
286                                    2.7152535783250067e-02
287                                    4.5346309688984149e-05
288                                    5.4988887993591971e-04
289                                   -2.7093467502867077e-02
290                                    7.2796596482482180e-06
291                                    4.7202332603226370e-04
292                                    2.7635889772175588e-02
293                                   -6.1671261924649016e-05
294                                    2.3666143055435868e-02
295                                   -1.4394813615830339e-02
296                                   -4.5944461326402059e-05
297                                    2.3160381056657717e-02
298                                    1.4024804332156972e-02
299                                    7.5340338793960626e-05
300                                    2.3319853879769026e-02
301                                   -1.4161995890904196e-02
302                                    9.6020453270758593e-05
303                                    2.3579934818485259e-02
304                                    1.4157459200805094e-02
305                                   -7.3616766278148473e-05
306                                   -4.7378311778772139e-04
307                                    2.2562414982667066e-04
308                                    1.6784108755994693e-04
309                                    7.4389694210000572e-04
310                                    8.4448683627681384e-04
311                                    1.5083480554353747e-03
312                                    1.6814547573164033e-04
313                                    2.8972463406584729e-04
314                                    2.9314398773305463e-04
315                                   -8.5021584028355894e-05
316                                   -6.1374732206804220e-05
317                                    7.6950489969632846e-05
318                                    1.9334498075791052e-05
319                                    3.2627339771018786e-06
320                                    2.3401045625507917e-06
321                                    4.8377378655527622e-05
322                                    1.1758071719041254e-04
323                                   -3.2801840993194626e-05
324                                   -6.2538842422117798e-05
325                                    1.8296310646614947e-05
326                                   -5.6726779773687053e-05
327                                    2.8914051684689803e-04
328                                   -1.2575250340325506e-04
329                                    1.7506941986896073e-04
330                                   -6.7427133729447116e-07
331                                    9.3755942027673017e-05
332                                    6.5371007824895159e-05
333                                   -1.4867514605119021e-05
334                                    7.1908815109567018e-06
335                                   -1.3042537026056953e-05
336                                    6.1678152291450407e-05
337                                    6.5563591292667087e-05
338                                    1.8278717731078445e-05
339                                   -1.6600856307884325e-05
340                                    8.3914338195691466e-06
341                                    1.4113348361890501e-05
342                                   -5.8337539463814922e-06
343                                   -2.4645064671070655e-06
344                                   -3.3926273515273188e-06
345                                   -6.3521158207618247e-06
346                                    1.2927002480685044e-05
347                                    3.4636306440358167e-06
348                                   -3.7596554831056760e-06
349                                   -5.4106180562876852e-06
350                                    3.8888439036813521e-06
351                                    2.7430322995979064e-07
352                                   -1.5261057162864315e-06
353                                   -6.6859711501897063e-07
354                                   -4.5983744846538909e-06
355                                   -5.4506497085935629e-07
356                                    2.4484487753973242e-06
357                                    1.9879433022717635e-06
358                                   -3.3085538331999393e-06
359                                   -3.0578940404352118e-07
360                                    3.0326516400487862e-06
361                                    3.3247255019889133e-08
362                                   -1.7066862085402402e-06
363                                   -6.6785139526339909e-06
364                                   -1.4926365208569697e-05
365                                    2.8563602697219339e-06
366                                    3.3924361491935272e-06
367                                    2.6827880480257699e-06
368                                    1.7398096615672072e-06
369                                    2.8364801061124567e-07
370                                    1.4455576514085850e-05
371                                   -1.4240553369326896e-05
372                                    2.4912659016848404e-05
373                                   -6.4050405556415096e-05
374                                    2.9998450821220381e-05
375                                   -9.3633886864288797e-06
376                                    2.7679795529168355e-05
377                                    6.7301470210563653e-06
   &Method [&Type "String"] "SCF"
   &Level [&Type "String"] "Relaxed density"
   &Mult [&Type "Integer"] 1
   &State [&Type "Integer"] 0
   &Irrep [&Type "Integer"] 0
$End
$Geometry
   &GeometryIndex 5
   &NAtoms [&Type "Integer"] 126
   &NCorelessECP [&Type "Integer"] 0
   &NGhostAtoms [&Type "Integer"] 0
   &CartesianCoordinates [&Type "Coordinates", &Dim(126,4), &Units "Bohr"] 
              Si     6.720268815167   63.957369832023   14.782799645715
              Si     6.719711235563   58.140793213111   14.782909663871
              O      4.057747933988   65.157621700049   15.892018370425
              O      4.056960231111   56.941094149047   15.892173847810
              O      7.010996279600   61.049074709798   15.897796278261
              O      6.718412038223   63.961090039210   11.653413077226
              O      6.717853638525   58.136955071498   11.653523238292
              Si    11.753105581349   49.419224353395   14.783125827512
              Si    16.787057705703   46.514232434317   14.783232209763
              O      9.090354654585   48.219525100221   15.892390048915
              O     14.126426802818   47.714484482187   15.892451498435
              O     17.079676266011   43.605936795675   15.898227957587
              O     11.753137509348   49.415386404915   11.653739421095
              O     16.787090696188   46.517953416495   11.653845662094
              Si    11.753663058147   55.235801257898   14.783016626032
              Si    11.754777717891   66.861396061623   14.782797087167
              Si    16.788729528807   63.956404480462   14.782904434182
              Si    16.788171837773   58.139827604870   14.783014214858
              O      9.091142515602   56.436053638459   15.892235667777
              O      9.092026981346   65.661696359904   15.892061326525
              O     14.128098708485   65.156656587242   15.892123337533
              O     14.127310934603   56.940127522548   15.892278429749
              O     12.044390622596   52.327505839927   15.898012754558
              O     17.081346677676   61.048109004009   15.897900873787
              O     11.753695874145   55.239521816050   11.653630077856
              O     11.754809956870   66.857557329108   11.653410681715
              O     16.788762389208   63.960124733102   11.653517885644
              O     16.788203973513   58.135989220980   11.653627808978
              Si    11.755335336262   72.677972773460   14.782686629348
              Si    16.789844287125   75.581999424946   14.782683673241
              O      9.092814301797   73.878224217872   15.891905323925
              O     14.128983274860   74.382299421148   15.891948119567
              O     12.046062774475   69.769677697873   15.897683443980
              O     17.083019979730   78.490280983853   15.897569749226
              O     11.755368190873   72.681692520242   11.653300080208
              O     16.789876600145   75.578160362368   11.653297268195
              Si    21.823455972834   49.418258842710   14.783230235734
              Si    26.859297801343   46.513267177832   14.783337017339
              O     19.160705433078   48.218558674276   15.892494299995
              O     24.196777129975   47.713519184725   15.892556079173
              O     27.150026600152   43.604971780113   15.898332864411
              O     21.823488098171   49.414420821171   11.653843829409
              O     26.857441236270   46.516988304425   11.653950449818
              Si    21.824013365719   55.234835771669   14.783121146798
              Al    21.825127960035   66.860430783061   14.782901701728
              Si    26.860969437187   63.955439024096   14.783008832658
              Si    26.860411685118   58.138862145804   14.783118684318
              O     19.161492847542   56.435087973065   15.892340209593
              O     19.162377364321   65.660730939782   15.892166075206
              O     24.198448989401   65.155691321943   15.892227846277
              O     24.197661151302   56.939162143116   15.892382975157
              O     22.114740941663   52.326540330982   15.898117203483
              O     27.151696877057   61.047143739747   15.898005265144
              O     21.824046197141   55.238556394867   11.653734598700
              O     21.825160025205   66.856592018603   11.653515296314
              O     26.859112409685   63.959159426482   11.653622264551
              O     26.858553972802   58.135023894523   11.653732258942
              Si    21.825685750296   72.677007639673   14.782791243473
              Si    26.862084332854   75.581033842891   14.782788120462
              O     19.163165255934   73.877260058495   15.892010079495
              O     24.199333690347   74.381334166705   15.892052643230
              O     22.116413148695   69.768712479671   15.897787982960
              O     27.153370239037   78.489315572154   15.897674116182
              O     21.825718523060   72.680727548085   11.653404694525
              O     26.860226796988   75.577194920317   11.653401695805
              Si    31.893805868035   49.417293643748   14.783334825657
              O     29.231055557069   48.217593623922   15.892599180145
              O     34.267126477072   47.712553331492   15.892660548162
              O     31.893837667250   49.413455302893   11.653948419721
              Si    31.894363404847   55.233870524249   14.783225439992
              Si    31.895478084091   66.859465494211   14.783005766118
              Si    36.929429692769   63.954473891879   14.783112507109
              Si    36.928871980961   58.137896703097   14.783222448614
              O     29.231842974211   56.434122732567   15.892444602235
              O     29.232727577977   65.659765672809   15.892270314214
              O     34.268799107814   65.154726007864   15.892331801721
              O     34.268011278696   56.938196771937   15.892487094993
              O     32.185090976420   52.325575152642   15.898221608378
              O     37.222046960387   61.046178286822   15.898108944243
              O     31.894396061289   55.237591061619   11.653838891790
              O     31.895509963176   66.855626693112   11.653619360747
              O     36.929462036996   63.958194272165   11.653725958717
              O     36.928903601014   58.134058016499   11.653836043100
              Si    31.896035906459   72.676042467979   14.782895342941
              O     29.233515559150   73.876294739596   15.892114451795
              O     34.269683457564   74.380369640177   15.892156595057
              O     32.186763356141   69.767747246708   15.897892021323
              O     31.896068350821   72.679762549392   11.653508794195
              O     39.302192469825   56.433156182456   15.892548220188
              O     39.303077077223   65.658801143168   15.892373831002
              H      7.699986632029   47.218156130262   15.186956332864
              H      2.665286688605   55.939701305549   15.187255101331
              H      2.665286763009   66.155504123837   15.187255112205
              H      7.699986646084   74.877049407773   15.186956342560
              H     16.909611198048   41.901378892865   15.190188775430
              H     16.909611258787   80.193826635080   15.190188758334
              H     26.981059413416   41.901282794326   15.190151923084
              H     26.981059475523   80.193922746182   15.190151930475
              H     35.830259292565   47.009257737156   15.186606023123
              H     35.830259193320   75.085947778177   15.186606021669
              H     40.864793287492   55.730706969689   15.186941694872
              H     40.864793294843   66.364498555016   15.186941698013
              H     25.311519880196   64.782502246424   11.074936451626
              H     20.478006643071   65.962091678432   10.831779222700
              H     16.665716571626   62.304594418911   10.893033276965
              H     18.252147798539   57.337941348799   10.902267436089
              H     23.251610640528   56.105163354214   10.905917489722
              H     26.792502386646   59.816322005055   10.929067920442
              H     25.430453532870   74.695677189974   10.924478452239
              H     20.455318307126   73.628873759240   10.903437764307
              H     15.398181562555   74.663910190209   10.897544082369
              H     11.779333379828   71.018481164364   10.893186678587
              H     10.293096538870   66.048922526600   10.908011911292
              H      6.814725894300   62.300937180257   10.892211280885
              H      8.179353543576   57.344011257203   10.892180401016
              H     11.728967224204   53.572632355128   10.900103957488
              H     13.245918364177   48.674958561781   10.898872697518
              H     18.217849415590   47.366611625863   10.894315497760
              H     23.271621451342   48.581668537637   10.907165608483
              H     28.259007405535   47.415035894481   10.896004585306
              H     31.844877889414   51.073060693396   10.887547341979
              H     33.350001343889   56.056135745187   10.906381587815
              H     36.814835097353   59.794186175188   10.894129485025
              H     35.472806210126   64.767540545239   10.899714187877
              H     31.930478547537   68.522994181873   10.902143264941
              H     30.408129164578   73.434780874663   10.903211941955
$End
$SCF_Energy
   &GeometryIndex 5
   &Method [&Type "String"] "SCF"
   &totalEnergy [&Type "ArrayOfDoubles", &Dim (1,1)] "Total energy of each state"
                                                         0

0                                     -1.1887289606636377e+04
   &Mult [&Type "ArrayOfIntegers", &Dim (1,1)] "Multiplicity of each state"
                                                         0

0                                                        1
$End
$DFT_Energy
   &GeometryIndex 5
   &nAlphaEl [&Type "Integer"] 450
   &nBetaEl [&Type "Integer"] 450
   &nTotalEl [&Type "Integer"] 900
   &finalEn [&Type "Double"]      -1.1887289606636377e+04  "No Van der Waals correction"
   &eExchange [&Type "Double"]      -7.8392173856700038e+02
   &eCorr [&Type "Double"]      -3.2290274982727098e+01
   &eXC [&Type "Double"]      -8.1621201354972743e+02
   &eCNL [&Type "Double"]       0.0000000000000000e+00
$End
$Solvation_Details
   &GeometryIndex 5
   &Solvent [&Type "String"] "CONDUCTOR"
   &Epsilon [&Type "Double"]      -1.0000000000000000e+00
   &Refrac [&Type "Double"]       1.3300000000000001e+00
   &RSolv [&Type "Double"]       1.3000000000000000e+00
   &SurfaceType [&Type "String"] "GAUSSIAN VDW"
   &CPCMDielEnergy [&Type "Double"]      -2.6918516599999998e-01
   &NPoints [&Type "Integer"] 11233
   &SurfaceArea [&Type "Double"]       4.2761266988919997e+03
$End
$SCF_Timings
   &GeometryIndex 5
   &TOTAL [&Type "Double"]       4.1068178100000000e+02
   &PREP [&Type "Double"]       6.0641170000000004e+00
   &FOCK [&Type "Double"]       3.6754315400000007e+02
   &DENS [&Type "Double"]       2.4118500000000154e+00
   &ETOT [&Type "Double"]       1.0446170000000166e+00
   &POP [&Type "Double"]       9.9999999747524271e-07
   &TRAFO [&Type "Double"]       3.1144270000000347e+00
   &DIIS [&Type "Double"]       4.1031129999999933e+00
   &SOSCF [&Type "Double"]       1.1677707999999967e+01
   &XC [&Type "Double"]       1.2803518999999952e+01
   &FOCKSTART [&Type "Double"]       6.4004099999997699e-01
   &SOLV [&Type "Double"]       4.0028037999999995e+01
   &SOLV_INIT [&Type "Double"]       4.6873540000000000e+00
   &INT_PREP [&Type "Double"]       9.9999999747524271e-07
   &INT_BF [&Type "Double"]       2.8273929999976559e+00
   &INT_DENS [&Type "Double"]       5.6796810000010964e+00
   &INT_DENSIO [&Type "Double"]       1.6253768179740030e+06
   &INT_FUNC [&Type "Double"]       1.4001000000178010e-01
   &INT_POT [&Type "Double"]       3.0837170000003198e+00
   &INT_POTIO [&Type "Double"]       3.1576999998833344e-02
   &INT_SUM [&Type "Double"]       1.3406999999972413e-02
   &SPLITRIJ [&Type "Double"]       3.0607700999999985e+01
   &COSX [&Type "Double"]       2.9988242800000000e+02
$End
$VdW_Correction
   &GeometryIndex 5
   &vdW [&Type "Double"]      -1.9884758863771995e-01
$End
$Single_Point_Data
   &GeometryIndex 5
   &FinalEnergy [&Type "Double"]      -1.1887488454225015e+04  "Final single point energy"
   &Converged [&Type "Boolean"] true
$End
$SCF_Nuc_Gradient
   &GeometryIndex 5
   &NAtoms [&Type "Integer"] 126
   &gradNorm [&Type "Double"]       2.5592824866215119e-01
   &grad [&Type "ArrayOfDoubles", &Dim (378,1)] 
                                                         0

0                                      1.7222108964412480e-02
1                                     -6.0895327752126917e-03
2                                     -5.0654369592620036e-03
3                                      1.5054410751401296e-02
4                                      1.1458492936689581e-02
5                                     -4.4803298679228906e-03
6                                     -7.2640057000235656e-03
7                                      2.6519774983059714e-03
8                                      3.4336401612145365e-03
9                                     -5.9982365340197630e-03
10                                    -5.6110176705318994e-03
11                                     4.3782724199083320e-03
12                                     3.6888430539629333e-03
13                                     1.6931981328868928e-03
14                                     1.4695974619105948e-02
15                                    -5.6519294073317326e-03
16                                    -1.2215719880284215e-04
17                                    -1.3715885672612057e-02
18                                    -2.4570008112805002e-03
19                                    -4.0047849114193219e-03
20                                    -1.4095820489886777e-02
21                                     1.3532938954711349e-02
22                                     1.2776970834307433e-02
23                                    -4.7019832318917799e-03
24                                    -2.1319011324596238e-03
25                                     1.9662412981071464e-02
26                                    -4.5045823542494137e-03
27                                    -6.2295007615754240e-03
28                                    -6.1171429677400520e-03
29                                     4.5125240154371736e-03
30                                    -4.6018107019395738e-03
31                                    -4.2011265641132781e-03
32                                     1.5314870135944899e-02
33                                     1.3025768024581459e-03
34                                    -8.3921007442722302e-03
35                                     3.9680405815310906e-03
36                                    -1.9885255506518450e-03
37                                    -4.0382380274801982e-03
38                                    -1.4034190236196014e-02
39                                     3.0829821434593396e-03
40                                    -4.8294314680121676e-03
41                                    -1.3903215835344346e-02
42                                    -2.0308782571228793e-03
43                                     3.7681549182095818e-03
44                                    -7.1698452254021841e-03
45                                    -3.6459250373499833e-03
46                                     6.4229829955332989e-03
47                                    -8.6984048518207700e-03
48                                    -3.0924795168259345e-02
49                                    -2.0718601372056580e-02
50                                    -1.7206946036096245e-02
51                                    -2.2678442035367931e-03
52                                    -4.0828084518480367e-03
53                                    -6.8930592156987479e-03
54                                    -7.5023839712924706e-03
55                                    -4.2856021041750075e-03
56                                     1.4792079901858681e-02
57                                    -4.5713515523900091e-04
58                                     3.8329764919926720e-03
59                                     1.5349875070995916e-02
60                                     1.0079141822944703e-02
61                                    -8.2410838002613084e-03
62                                     1.5342162261831545e-02
63                                     8.5590830854222482e-04
64                                     2.3847823516425920e-03
65                                     1.7319141472065109e-02
66                                     4.6944446542628096e-03
67                                     4.0675522730362971e-04
68                                     1.5108171906102207e-02
69                                     9.2144793937828703e-03
70                                     1.4408279668544821e-02
71                                     1.5992820957118976e-02
72                                     4.4973869903073100e-03
73                                    -1.3284844615322916e-04
74                                    -1.7786837818266722e-02
75                                     3.3332600195982308e-03
76                                    -5.8879575342903516e-03
77                                    -1.6790908024610349e-02
78                                    -7.0568609749402443e-04
79                                     4.0687432358951139e-03
80                                    -1.2455561076857883e-02
81                                    -1.7509594385980971e-03
82                                    -2.9978813106221903e-03
83                                    -1.7579601444306415e-02
84                                     1.6022806461005446e-02
85                                    -7.0646042352146329e-03
86                                    -5.1416201433588018e-03
87                                    -8.1681164347476259e-04
88                                    -1.5828870574410153e-02
89                                    -5.8782114755259289e-03
90                                    -6.6233920111394388e-03
91                                     2.5662505493056018e-03
92                                     3.3067502954928140e-03
93                                     1.3101175938232854e-03
94                                     6.7835147152193118e-03
95                                     1.5273291232375570e-02
96                                     2.2590550776745632e-03
97                                     2.1147391366905708e-03
98                                     1.6248989116274856e-02
99                                    -1.5700235442631467e-03
100                                    7.5858602698457636e-03
101                                    4.9365265417127650e-03
102                                   -5.7574997893825742e-03
103                                    2.6330213814745515e-04
104                                   -1.3576563288447701e-02
105                                   -1.5156089260445458e-03
106                                    2.3994650525622878e-03
107                                   -1.3127017614735339e-02
108                                   -4.0242308556850126e-03
109                                   -1.8955263872672435e-05
110                                   -7.0668452514229272e-03
111                                   -3.5947988859717363e-03
112                                    1.9460894369671373e-02
113                                   -4.7441144819200098e-03
114                                   -3.9526306290037982e-03
115                                   -4.7818392554398040e-04
116                                    1.5433855802138428e-02
117                                   -1.5422857415308779e-03
118                                   -4.1987268768514585e-03
119                                    1.5455007255835988e-02
120                                    1.6088371878260697e-03
121                                   -8.7467690436987058e-03
122                                    4.0569381083179193e-03
123                                    3.2542270900996085e-03
124                                    4.5421849098653171e-03
125                                   -1.7914737999520439e-02
126                                    3.3230569629345802e-03
127                                   -4.5087675081787754e-03
128                                   -1.3952718181548297e-02
129                                   -3.5728495818925002e-03
130                                    3.9829308303759972e-04
131                                   -7.0067289958683186e-03
132                                    1.5122815880061547e-03
133                                   -2.8598833734912346e-03
134                                   -9.5575652823576892e-04
135                                    3.4839139283447722e-02
136                                   -1.7021003947505144e-02
137                                   -2.1751841032711536e-02
138                                   -3.2671231401584411e-03
139                                   -1.0012438429021758e-02
140                                   -8.1738957148042076e-03
141                                   -4.3073277743577165e-03
142                                    2.4266481151007221e-04
143                                    1.5879923341952023e-02
144                                    8.4976697864837372e-02
145                                    4.6184513290257433e-02
146                                   -2.7465599488831205e-03
147                                   -8.0995038179626541e-02
148                                    4.6597635331043490e-02
149                                   -3.8964816562273392e-03
150                                   -2.8229488183288336e-03
151                                    5.6299891395458117e-03
152                                    1.4856061093322019e-02
153                                    7.4519443541165202e-03
154                                   -3.2791851397155289e-04
155                                    1.6750847731920520e-02
156                                   -1.9163000896097718e-03
157                                    1.0650599018270588e-02
158                                    1.6839498666255774e-02
159                                    3.0371025260195793e-03
160                                   -4.7305731866048072e-03
161                                   -1.7889197920502680e-02
162                                   -4.7188324098324814e-03
163                                    7.6006398872194049e-03
164                                    5.9244080942465041e-02
165                                    4.5323315775517422e-03
166                                    4.7094247707902843e-03
167                                   -1.0676531923319143e-02
168                                    4.7938241425597447e-03
169                                   -2.8276866481639212e-04
170                                   -1.6775947447158008e-02
171                                   -1.4341077349810044e-03
172                                    3.9563938648420706e-02
173                                   -2.0721983499518277e-02
174                                    9.3204843324695644e-03
175                                   -1.7346616443729219e-02
176                                   -6.7936482041538529e-03
177                                    7.0635128079772555e-03
178                                   -1.3037909476742961e-02
179                                    1.4506836747076250e-02
180                                   -8.1174695329640691e-03
181                                   -1.9764625317392351e-03
182                                    1.5085985769665477e-02
183                                   -3.4223242545653580e-03
184                                   -9.4187955504268228e-02
185                                   -9.4317693347807261e-04
186                                   -2.4867110084999242e-03
187                                    7.2491076640164116e-03
188                                    4.7960340379750660e-03
189                                   -2.2441618976098599e-03
190                                   -9.6925359838210129e-03
191                                   -1.1056860116215508e-02
192                                   -2.2038336410818440e-03
193                                    3.9540059162436383e-03
194                                   -1.2669837300796455e-02
195                                   -1.8703254404498944e-02
196                                    5.9660202946579290e-03
197                                   -4.5991100591273888e-03
198                                   -3.0622920172890941e-03
199                                    2.3687118865533653e-03
200                                    1.3621814066688302e-02
201                                    8.1231029508576497e-03
202                                   -2.6172249201639702e-03
203                                    4.5242390655168196e-03
204                                    4.4619004408677238e-03
205                                   -4.0328069449402457e-04
206                                   -1.4024080871578444e-02
207                                   -1.9647164994394156e-03
208                                   -2.2770042254259149e-03
209                                   -7.0947856879884415e-03
210                                    6.5902574038216614e-03
211                                   -1.5806024402031721e-03
212                                   -8.7349737875031808e-03
213                                   -1.5510800950311491e-02
214                                   -1.0396399372190930e-02
215                                   -4.7603282646810101e-03
216                                   -1.9361104751591241e-02
217                                    4.1291483274711735e-03
218                                   -4.7701150614464331e-03
219                                   -1.1050741808529790e-03
220                                    3.7447159042588204e-04
221                                    1.7403384728512741e-02
222                                   -1.5745582252282314e-02
223                                    2.9783688013637183e-03
224                                    1.5599545479961868e-02
225                                    9.7931862419795880e-04
226                                   -2.9296343871354500e-03
227                                    1.5172273615482986e-02
228                                   -1.9507491682971209e-03
229                                    4.0893564937248203e-03
230                                    1.3965777164548936e-02
231                                    7.5803756828451592e-03
232                                   -4.1035000883412817e-03
233                                    1.5872017191827494e-02
234                                    6.2178225514325121e-03
235                                   -2.0989164042067160e-03
236                                    1.6425494305359001e-02
237                                   -1.9324711932804594e-03
238                                    4.2686004652599556e-03
239                                   -1.7940555944336085e-02
240                                   -6.5533889743168497e-03
241                                   -2.0067030299610489e-04
242                                   -1.6765115662418395e-02
243                                    2.8462849584229744e-03
244                                    5.3889204387399404e-03
245                                   -1.3760714109212029e-02
246                                    4.3167519516320281e-03
247                                   -2.5529697567686942e-05
248                                   -1.3795771487857331e-02
249                                   -1.3967904458638191e-02
250                                   -1.1302355223419009e-02
251                                   -5.3156909904479481e-03
252                                   -2.3401110441419863e-03
253                                   -3.3797851506935112e-03
254                                    1.3530410806589184e-02
255                                    5.8823940517359792e-03
256                                    5.1297314156661770e-03
257                                    3.4580984417569029e-03
258                                    3.8726602644994948e-03
259                                   -8.2029499001894611e-04
260                                    1.6405868898427819e-02
261                                    2.5064098452000174e-03
262                                    5.2028382745525712e-03
263                                   -1.3679414055518644e-02
264                                    8.5342088384008277e-03
265                                   -2.4350298946123634e-03
266                                    4.6079767621442233e-03
267                                    5.7427748608308597e-03
268                                    4.7716234020741292e-03
269                                    3.3941747349049982e-03
270                                   -2.3935300059025801e-02
271                                   -1.3000486918223829e-02
272                                    1.0812674820884923e-04
273                                   -2.4293856370018581e-02
274                                   -1.3174685025480904e-02
275                                   -1.4944501648143325e-05
276                                   -2.3716396567418110e-02
277                                    1.2969112243062256e-02
278                                    9.7901799512119781e-05
279                                   -2.4043782721096137e-02
280                                    1.3252325512789534e-02
281                                   -5.1866418912284027e-05
282                                    4.4268646061175330e-04
283                                   -2.7470407745190044e-02
284                                   -1.2027541253681524e-04
285                                    7.7947213494918227e-04
286                                    2.7179135685441044e-02
287                                    3.1387675024429673e-05
288                                    5.5261621810934441e-04
289                                   -2.7064827168040928e-02
290                                    1.7379835536866668e-05
291                                    4.6885730884794878e-04
292                                    2.7673007008651145e-02
293                                   -7.8771805395870135e-05
294                                    2.3668008394002144e-02
295                                   -1.4394573563773176e-02
296                                   -4.8135298878806387e-05
297                                    2.3167028610544201e-02
298                                    1.4028423513576993e-02
299                                    7.1603146153454843e-05
300                                    2.3310644554713680e-02
301                                   -1.4156844335423193e-02
302                                    9.8991175455311265e-05
303                                    2.3596462784786072e-02
304                                    1.4165623726781108e-02
305                                   -8.1187902139890955e-05
306                                   -2.6269207573789623e-04
307                                    1.0528189338706948e-04
308                                    3.9389291209512281e-04
309                                   -6.0828507782287192e-04
310                                   -1.0778488203376891e-04
311                                    3.6889598677903733e-04
312                                    9.7882218576173649e-05
313                                   -1.2198340544018890e-04
314                                    4.9254983725022841e-05
315                                   -3.3285535750932918e-06
316                                   -5.4921835735709449e-05
317                                    1.3238867311571924e-05
318                                   -4.2569496401118366e-06
319                                    1.4032718798873135e-05
320                                    6.3449288958762661e-06
321                                    1.8649116307892222e-05
322                                    1.6012963956394777e-05
323                                    5.3991549961118914e-05
324                                   -3.1734608787104717e-06
325                                    9.8337448549088975e-07
326                                    2.3460306070850518e-05
327                                   -8.2903831359229311e-06
328                                    6.2967497725148364e-05
329                                   -1.7285948324875517e-05
330                                   -2.8684177732386207e-05
331                                    8.0947879917977832e-06
332                                    1.5949502737617262e-05
333                                    3.7381925347533285e-06
334                                    6.6976250698396454e-06
335                                   -5.5896268444359401e-06
336                                   -7.5872871966156446e-06
337                                    6.6123593187529543e-06
338                                   -1.4732504794126306e-05
339                                   -3.5742695815077144e-06
340                                   -3.7175431377640988e-06
341                                    2.6334603846779852e-06
342                                   -6.2931083879290731e-07
343                                    1.0242456667779656e-06
344                                   -2.1028346554319017e-06
345                                   -4.7837747434479553e-06
346                                   -5.6668118367413155e-07
347                                   -2.4783752894261485e-06
348                                    1.0026130681475734e-07
349                                   -1.6646894317349305e-06
350                                    1.2179880381444090e-06
351                                   -6.4475371993251349e-07
352                                   -5.4775986490975676e-07
353                                   -3.4044645879990226e-07
354                                    2.8577572302381349e-07
355                                   -9.4990738757038247e-07
356                                   -3.2109887430060535e-07
357                                    3.0396407399151007e-07
358                                   -1.0405527469261553e-06
359                                   -5.9520708708859691e-07
360                                   -3.8334687821919540e-08
361                                   -1.9600915515796463e-07
362                                    4.4072081674994602e-07
363                                    3.9514789735971498e-06
364                                   -3.5541528438758413e-06
365                                   -1.7530537794699266e-06
366                                   -1.0358356790302135e-06
367                                    9.7390001407258263e-07
368                                    1.4124421937221831e-06
369                                    1.4363163788618340e-06
370                                    3.4510447825486187e-07
371                                    1.6839654390951684e-06
372                                    1.4107325472086056e-05
373                                    8.8748131920736255e-06
374                                   -5.0232835536620729e-06
375                                   -5.7751226388322270e-06
376                                    2.1702628856092786e-06
377                                    1.1860350360787947e-05
   &Method [&Type "String"] "SCF"
   &Level [&Type "String"] "Relaxed density"
   &Mult [&Type "Integer"] 1
   &State [&Type "Integer"] 0
   &Irrep [&Type "Integer"] 0
$End
$Geometry
   &GeometryIndex 6
   &NAtoms [&Type "Integer"] 126
   &NCorelessECP [&Type "Integer"] 0
   &NGhostAtoms [&Type "Integer"] 0
   &CartesianCoordinates [&Type "Coordinates", &Dim(126,4), &Units "Bohr"] 
              Si     6.720266489900   63.957357061116   14.782861376824
              Si     6.719696790134   58.140780446259   14.782980342454
              O      4.057749729814   65.157616185705   15.892082142259
              O      4.056944904626   56.941088640987   15.892250258651
              O      7.010989522343   61.049063049410   15.897862059286
              O      6.718405152247   63.961072457893   11.653474805330
              O      6.717834615588   58.136937497244   11.653593925495
              Si    11.753072955782   49.419201095157   14.783202565105
              Si    16.787019024065   46.514198683162   14.783306061842
              O      9.090321148273   48.219509098198   15.892472518845
              O     14.126392243371   47.714457982279   15.892527391066
              O     17.079633146681   43.605904149133   15.898305853970
              O     11.753100306014   49.415358335842   11.653816164549
              O     16.787047450805   46.517914853883   11.653919508411
              Si    11.753642556366   55.235777997189   14.783084420678
              Si    11.754781445741   66.861372791669   14.782846998355
              Si    16.788727200923   63.956370719749   14.782951462690
              Si    16.788157388214   58.139793848460   14.783070191817
              O      9.091126135874   56.436037633592   15.892305504885
              O      9.092029828339   65.661680349808   15.892116972964
              O     14.128100503047   65.156630078324   15.892172405808
              O     14.127295604806   56.940101019088   15.892340137911
              O     12.044365687056   52.327483687947   15.898084595994
              O     17.081339918015   61.048076350167   15.897951950088
              O     11.753670810548   55.239493743910   11.653697866742
              O     11.754809105978   66.857529243410   11.653460598770
              O     16.788755497493   63.960086156440   11.653564908385
              O     16.788184944815   58.135950652392   11.653683791799
              Si    11.755351188792   72.677949498680   14.782727586370
              Si    16.789866187374   75.581965657355   14.782712805594
              O      9.092834278928   73.878208202025   15.891948321698
              O     14.129004297183   74.382272907128   15.891982985833
              O     12.046074193343   69.769655535063   15.897728454065
              O     17.083049566767   78.490248320183   15.897593976070
              O     11.755379481075   72.681664428712   11.653341031464
              O     16.789893920730   75.578121777016   11.653326406418
              Si    21.823423344193   49.418214594775   14.783292266931
              Si    26.859259117349   46.513212436263   14.783396156732
              O     19.160671924034   48.218521681408   15.892562064770
              O     24.196742568455   47.713471696321   15.892617264108
              O     27.149983479817   43.604918146263   15.898396048839
              O     21.823450890517   49.414371762241   11.653905866467
              O     26.857397986515   46.516928756594   11.654009586212
              Si    21.823992861476   55.234791521458   14.783174234348
              Al    21.825131683325   66.860386526886   14.782936903536
              Si    26.860967106824   63.955384275699   14.783041147510
              Si    26.860397232805   58.138807400021   14.783159948352
              O     19.161476465366   56.435050976783   15.892395341210
              O     19.162380208266   65.660693939587   15.892207013077
              O     24.198450780712   65.155643828141   15.892262204373
              O     24.197645819359   56.939114652236   15.892429974245
              O     22.114716003996   52.326497189547   15.898174338208
              O     27.151690114915   61.047090101500   15.898041630607
              O     21.824021129015   55.238507332533   11.653787680488
              O     21.825159169258   66.856542946427   11.653550503990
              O     26.859105514975   63.959099866239   11.653654576397
              O     26.858534940545   58.134964339748   11.653773531600
              Si    21.825701593575   72.676963380612   14.782817492506
              Si    26.862106224199   75.580979085249   14.782802540639
              O     19.163185222088   73.877223053909   15.892038370199
              O     24.199354703806   74.381286667698   15.892072801388
              O     22.116424560647   69.768669331649   15.897818283589
              O     27.153399820576   78.489261922367   15.897683631070
              O     21.825729805452   72.680678472102   11.653430937791
              O     26.860244108596   75.577135347449   11.653416124614
              Si    31.893773237249   49.417228410385   14.783382145425
              O     29.231022046308   48.217535644698   15.892652234187
              O     34.267091914532   47.712484858044   15.892707020974
              O     31.893800456354   49.413385259096   11.653995745349
              Si    31.894342897954   55.233805289304   14.783263815779
              Si    31.895481802176   66.859400256648   14.783026256447
              Si    36.929427354864   63.954398167387   14.783130110199
              Si    36.928857524432   58.137820979924   14.783249000288
              O     29.231826589770   56.434064751280   15.892485023321
              O     29.232730418203   65.659707690003   15.892296541194
              O     34.268800893381   65.154657532660   15.892351447679
              O     34.267995943774   56.938128298131   15.892519380640
              O     32.185066036883   52.325511026213   15.898264031457
              O     37.222040192908   61.046103667894   15.898130593815
              O     31.894370988913   55.237521014236   11.653877261815
              O     31.895509100901   66.855556639687   11.653639856944
              O     36.929455131358   63.958113734613   11.653743556045
              O     36.928884562786   58.133977479893   11.653862600639
              Si    31.896051742286   72.675977227875   14.782906880493
              O     29.233535517992   73.876236751427   15.892128033231
              O     34.269704457741   74.380301171063   15.892162041412
              O     32.186774762312   69.767683117645   15.897907610764
              O     31.896079619923   72.679692494199   11.653520325982
              O     39.302176082836   56.433077221542   15.892573925377
              O     39.303079907441   65.658722184914   15.892385341915
              H      7.699986631661   47.218156130028   15.186956332948
              H      2.665286687666   55.939701304608   15.187255101395
              H      2.665286762502   66.155504123753   15.187255112044
              H      7.699986644243   74.877049408361   15.186956342569
              H     16.909611198609   41.901378892307   15.190188775344
              H     16.909611258969   80.193826636779   15.190188758292
              H     26.981059414042   41.901282794043   15.190151923196
              H     26.981059475282   80.193922748444   15.190151930735
              H     35.830259292457   47.009257736060   15.186606023043
              H     35.830259194632   75.085947777458   15.186606021440
              H     40.864793287795   55.730706969442   15.186941694844
              H     40.864793295863   66.364498554629   15.186941698107
              H     25.314373582123   64.784816782079   11.072709126724
              H     20.490036591953   65.952609145701   10.819994638713
              H     16.645610974533   62.306757819947   10.891169267951
              H     18.257768853013   57.348739006824   10.901797224046
              H     23.252304708056   56.103918665526   10.906000366955
              H     26.786280323990   59.816009878102   10.929345392827
              H     25.432104095602   74.692371787962   10.925262552874
              H     20.453218874333   73.626077348623   10.903051639490
              H     15.402571451253   74.657520774067   10.897101609796
              H     11.779771031260   71.018301654605   10.893522798311
              H     10.294001976879   66.046843434659   10.908295948820
              H      6.816209955481   62.301038708169   10.892174316188
              H      8.179472705045   57.344163613446   10.892328042392
              H     11.729698253928   53.572567214507   10.900198403376
              H     13.246124654846   48.675458918667   10.898907332267
              H     18.217783855809   47.366627869049   10.894401992560
              H     23.271703528648   48.581830336675   10.907216249553
              H     28.258795942268   47.415235956511   10.896060651417
              H     31.844624168299   51.072993697235   10.887612880355
              H     33.349463879832   56.057030737108   10.906450867215
              H     36.814699974107   59.794084911820   10.894134029606
              H     35.472243141923   64.766632472891   10.899927012351
              H     31.927857026820   68.523042767248   10.902153442062
              H     30.407622457626   73.433565558428   10.903143882741
$End
$SCF_Energy
   &GeometryIndex 6
   &Method [&Type "String"] "SCF"
   &totalEnergy [&Type "ArrayOfDoubles", &Dim (1,1)] "Total energy of each state"
                                                         0

0                                     -1.1887289630553632e+04
   &Mult [&Type "ArrayOfIntegers", &Dim (1,1)] "Multiplicity of each state"
                                                         0

0                                                        1
$End
$DFT_Energy
   &GeometryIndex 6
   &nAlphaEl [&Type "Integer"] 450
   &nBetaEl [&Type "Integer"] 450
   &nTotalEl [&Type "Integer"] 900
   &finalEn [&Type "Double"]      -1.1887289630553632e+04  "No Van der Waals correction"
   &eExchange [&Type "Double"]      -7.8392127780062413e+02
   &eCorr [&Type "Double"]      -3.2290219365010216e+01
   &eXC [&Type "Double"]      -8.1621149716563434e+02
   &eCNL [&Type "Double"]       0.0000000000000000e+00
$End
$Solvation_Details
   &GeometryIndex 6
   &Solvent [&Type "String"] "CONDUCTOR"
   &Epsilon [&Type "Double"]      -1.0000000000000000e+00
   &Refrac [&Type "Double"]       1.3300000000000001e+00
   &RSolv [&Type "Double"]       1.3000000000000000e+00
   &SurfaceType [&Type "String"] "GAUSSIAN VDW"
   &CPCMDielEnergy [&Type "Double"]      -2.6926211300000003e-01
   &NPoints [&Type "Integer"] 11230
   &SurfaceArea [&Type "Double"]       4.2763843854879997e+03
$End
$SCF_Timings
   &GeometryIndex 6
   &TOTAL [&Type "Double"]       4.2924923000000001e+02
   &PREP [&Type "Double"]       5.9650929999999995e+00
   &FOCK [&Type "Double"]       3.7886363899999992e+02
   &DENS [&Type "Double"]       2.8759700000000521e+00
   &ETOT [&Type "Double"]       1.1870460000000946e+00
   &TRAFO [&Type "Double"]       6.2398670000000038e+00
   &DIIS [&Type "Double"]       1.0631679999999989e+01
   &SOSCF [&Type "Double"]       1.1827319999999929e+01
   &XC [&Type "Double"]       1.4974794000000003e+01
   &FOCKSTART [&Type "Double"]       6.2789599999992962e-01
   &SOLV [&Type "Double"]       4.3653345000000044e+01
   &SOLV_INIT [&Type "Double"]       4.5908400000000000e+00
   &INT_PREP [&Type "Double"]       2.9999999924257281e-06
   &INT_BF [&Type "Double"]       3.3011329999999646e+00
   &INT_DENS [&Type "Double"]       6.5827199999997390e+00
   &INT_DENSIO [&Type "Double"]       1.9151035640690029e+06
   &INT_FUNC [&Type "Double"]       1.6914599999917357e-01
   &INT_POT [&Type "Double"]       3.1074550000014369e+00
   &INT_POTIO [&Type "Double"]       3.8683000000887091e-02
   &INT_SUM [&Type "Double"]       3.6350000000027194e-03
   &SPLITRIJ [&Type "Double"]       3.4549576999999999e+01
   &COSX [&Type "Double"]       3.0102054899999990e+02
$End
$VdW_Correction
   &GeometryIndex 6
   &vdW [&Type "Double"]      -1.9884681039809271e-01
$End
$Single_Point_Data
   &GeometryIndex 6
   &FinalEnergy [&Type "Double"]      -1.1887488477364030e+04  "Final single point energy"
   &Converged [&Type "Boolean"] true
$End
$SCF_Nuc_Gradient
   &GeometryIndex 6
   &NAtoms [&Type "Integer"] 126
   &gradNorm [&Type "Double"]       2.5602231280583893e-01
   &grad [&Type "ArrayOfDoubles", &Dim (378,1)] 
                                                         0

0                                      1.7217182411256738e-02
1                                     -6.0920198483003403e-03
2                                     -5.0686943719192336e-03
3                                      1.5056935288212675e-02
4                                      1.1454742710678140e-02
5                                     -4.4805559142952903e-03
6                                     -7.2542862626002883e-03
7                                      2.6440190571915883e-03
8                                      3.4451119864136073e-03
9                                     -5.9926968765142939e-03
10                                    -5.6063409878832193e-03
11                                     4.3823795008862384e-03
12                                     3.6870327532765642e-03
13                                     1.6942219777097102e-03
14                                     1.4695028903954301e-02
15                                    -5.6570906959357960e-03
16                                    -1.1426229113680288e-04
17                                    -1.3707795688762457e-02
18                                    -2.4641152825659748e-03
19                                    -4.0028364207518189e-03
20                                    -1.4095267973943440e-02
21                                     1.3530704775554740e-02
22                                     1.2776740943073401e-02
23                                    -4.7019408676710608e-03
24                                    -2.1318660513243389e-03
25                                     1.9660516560268300e-02
26                                    -4.5043801239367702e-03
27                                    -6.2303800077324525e-03
28                                    -6.1173402961409275e-03
29                                     4.5159793950980114e-03
30                                    -4.6016621932442620e-03
31                                    -4.2019320275413783e-03
32                                     1.5314426535670627e-02
33                                     1.3031412337132897e-03
34                                    -8.3925509362480950e-03
35                                     3.9688178007668455e-03
36                                    -1.9899942171514784e-03
37                                    -4.0399950167025172e-03
38                                    -1.4032040010819279e-02
39                                     3.0810185833454926e-03
40                                    -4.8312989869402582e-03
41                                    -1.3902322898844074e-02
42                                    -2.0273222093070836e-03
43                                     3.7744700676060803e-03
44                                    -7.1680967504698526e-03
45                                    -3.6866086704780811e-03
46                                     6.4444333832704018e-03
47                                    -8.7095047151381378e-03
48                                    -3.0963979600716614e-02
49                                    -2.0707563976317438e-02
50                                    -1.7075191189868857e-02
51                                    -2.3063814441063161e-03
52                                    -4.1297095548082806e-03
53                                    -6.8508244109823776e-03
54                                    -7.5050981030712199e-03
55                                    -4.2855154929717816e-03
56                                     1.4794220163861548e-02
57                                    -4.4971393411215809e-04
58                                     3.8364037555434312e-03
59                                     1.5346567604321187e-02
60                                     1.0133871350523290e-02
61                                    -8.2464514774668787e-03
62                                     1.5274749166761336e-02
63                                     8.4862737072155569e-04
64                                     2.3786881928651413e-03
65                                     1.7351792748540412e-02
66                                     4.6930550284142759e-03
67                                     4.0532880671178059e-04
68                                     1.5106737990548394e-02
69                                     9.2231640715375925e-03
70                                     1.4415894862715696e-02
71                                     1.5926957845501813e-02
72                                     4.4983508597701742e-03
73                                    -1.3078283169451585e-04
74                                    -1.7787896829426626e-02
75                                     3.3781142141891952e-03
76                                    -5.8663333314655890e-03
77                                    -1.6771412634640950e-02
78                                    -6.9863495623562004e-04
79                                     4.1836486600482963e-03
80                                    -1.2400649806150740e-02
81                                    -1.7089607539645234e-03
82                                    -2.9440491092912421e-03
83                                    -1.7566042285911750e-02
84                                     1.6021462246519749e-02
85                                    -7.0749186913434568e-03
86                                    -5.1420177063971383e-03
87                                    -8.1220790781300653e-04
88                                    -1.5816778689241029e-02
89                                    -5.8772071450695724e-03
90                                    -6.6066634317454515e-03
91                                     2.5548768939644586e-03
92                                     3.3139878541338843e-03
93                                     1.3031267151085494e-03
94                                     6.7877566161801302e-03
95                                     1.5266479483916172e-02
96                                     2.2600595246534509e-03
97                                     2.1084056492621226e-03
98                                     1.6255198847078819e-02
99                                    -1.5687199307938399e-03
100                                    7.5768875157304029e-03
101                                    4.9732863220661215e-03
102                                   -5.7657476036354618e-03
103                                    2.9683602613016994e-04
104                                   -1.3573449445740699e-02
105                                   -1.5136315138015528e-03
106                                    2.4186638957411173e-03
107                                   -1.3096360974595569e-02
108                                   -4.0250326817137805e-03
109                                   -2.4296892598925639e-05
110                                   -7.0672739286554527e-03
111                                   -3.5939694103756144e-03
112                                    1.9458675506387770e-02
113                                   -4.7444502725314521e-03
114                                   -3.9519581309272710e-03
115                                   -4.7750834113597230e-04
116                                    1.5434335269260548e-02
117                                   -1.5431097381998083e-03
118                                   -4.1980167117481966e-03
119                                    1.5453731402184227e-02
120                                    1.6081792934595847e-03
121                                   -8.7587809384960108e-03
122                                    4.0540640913200232e-03
123                                    3.2531176953147253e-03
124                                    4.5432851901887183e-03
125                                   -1.7913273999875325e-02
126                                    3.3228855507851170e-03
127                                   -4.5094520338365756e-03
128                                   -1.3952203241692343e-02
129                                   -3.5562829341857609e-03
130                                    3.9816295917788618e-04
131                                   -7.0057773550236870e-03
132                                    1.6395429917676980e-03
133                                   -2.7459542566909854e-03
134                                   -7.1786498489602273e-04
135                                    3.4894949251548214e-02
136                                   -1.7055665731367187e-02
137                                   -2.1699105932044389e-02
138                                   -3.2636164563432904e-03
139                                   -1.0001187119909398e-02
140                                   -8.1832280518873667e-03
141                                   -4.3248081965662540e-03
142                                    2.4355575001134270e-04
143                                    1.5873239607963899e-02
144                                    8.5003878490619425e-02
145                                    4.6203312920655513e-02
146                                   -2.7470643005592893e-03
147                                   -8.1000063343598550e-02
148                                    4.6601773210360090e-02
149                                   -3.9300450012898945e-03
150                                   -2.8174722295120271e-03
151                                    5.6282735552740572e-03
152                                    1.4837415492900567e-02
153                                    7.4487784012256071e-03
154                                   -3.2158331128453094e-04
155                                    1.6745963270134369e-02
156                                   -1.9140547388499741e-03
157                                    1.0644276837226631e-02
158                                    1.6855473217858005e-02
159                                    3.0390272180455774e-03
160                                   -4.7531161431675064e-03
161                                   -1.7882682474787529e-02
162                                   -4.3636127726961755e-03
163                                    7.8562457633571843e-03
164                                    5.9652704200746177e-02
165                                    4.2455181097513974e-03
166                                    4.8674526095654610e-03
167                                   -1.0731543395652748e-02
168                                    4.7902482033750906e-03
169                                   -2.3766879416705215e-04
170                                   -1.6790401030542561e-02
171                                   -1.4082639250008672e-03
172                                    3.9538584776508748e-02
173                                   -2.0705463682093622e-02
174                                    9.2986497535146474e-03
175                                   -1.7357241065601423e-02
176                                   -6.8117841089749059e-03
177                                    7.0579259904498919e-03
178                                   -1.3021595750770274e-02
179                                    1.4485153390000699e-02
180                                   -8.1182924515626545e-03
181                                   -1.9652587416549359e-03
182                                    1.5096292675839184e-02
183                                   -3.4280375722958506e-03
184                                   -9.4159528499243181e-02
185                                   -9.0755823895747061e-04
186                                   -2.4841952863374948e-03
187                                    7.2286811319056512e-03
188                                    4.8161986105811558e-03
189                                   -2.1343615872392078e-03
190                                   -9.7593586892992419e-03
191                                   -1.0992844041867927e-02
192                                   -2.1984678970908655e-03
193                                    3.9649746982698747e-03
194                                   -1.2681114618681275e-02
195                                   -1.8702388037237352e-02
196                                    5.9680613247080662e-03
197                                   -4.5993792866141402e-03
198                                   -3.0625257210092770e-03
199                                    2.3677999624600161e-03
200                                    1.3621060008799027e-02
201                                    8.1147457864831282e-03
202                                   -2.6136159956215454e-03
203                                    4.5294968816680815e-03
204                                    4.4623108456474615e-03
205                                   -4.0598463575439040e-04
206                                   -1.4023917929883044e-02
207                                   -1.9699845848693835e-03
208                                   -2.2755227922410469e-03
209                                   -7.0940459617317014e-03
210                                    6.5959503920484603e-03
211                                   -1.5818030676784008e-03
212                                   -8.7326241451610408e-03
213                                   -1.5516348987604095e-02
214                                   -1.0393497869226338e-02
215                                   -4.7647345472662094e-03
216                                   -1.9362256199141475e-02
217                                    4.1274473515480895e-03
218                                   -4.7706125681459674e-03
219                                   -1.0953520590686703e-03
220                                    3.6851341122103129e-04
221                                    1.7419335288747128e-02
222                                   -1.5744998503794828e-02
223                                    2.9775232914647492e-03
224                                    1.5587762932130706e-02
225                                    9.8197842727484061e-04
226                                   -2.9292425104462364e-03
227                                    1.5181536585175431e-02
228                                   -1.9480436935256564e-03
229                                    4.0892869199179067e-03
230                                    1.3965709902359066e-02
231                                    7.5821091326653085e-03
232                                   -4.1071330157969772e-03
233                                    1.5875005109814225e-02
234                                    6.2184942326820418e-03
235                                   -2.0978220271405459e-03
236                                    1.6421924980613140e-02
237                                   -1.9351701720128338e-03
238                                    4.2656297224708027e-03
239                                   -1.7942312349853860e-02
240                                   -6.5563411246647614e-03
241                                   -2.2611850586188388e-04
242                                   -1.6755010357979126e-02
243                                    2.8511283816494400e-03
244                                    5.3873868226042244e-03
245                                   -1.3762731802385141e-02
246                                    4.3194879572207344e-03
247                                   -2.5188909261485295e-05
248                                   -1.3795200039650346e-02
249                                   -1.3966030961119247e-02
250                                   -1.1303683734141199e-02
251                                   -5.3187002307647268e-03
252                                   -2.3412654921707845e-03
253                                   -3.3723600568269971e-03
254                                    1.3519147185704246e-02
255                                    5.8787149299752714e-03
256                                    5.1297728554093331e-03
257                                    3.4644335914052432e-03
258                                    3.8751155647721788e-03
259                                   -8.2000658483907427e-04
260                                    1.6401088764215203e-02
261                                    2.5026703572749529e-03
262                                    5.2124754688678563e-03
263                                   -1.3676668087780411e-02
264                                    8.5366519519096597e-03
265                                   -2.4359862841963620e-03
266                                    4.6082756762966413e-03
267                                    5.7309023818214776e-03
268                                    4.7670869422700270e-03
269                                    3.4019358178781918e-03
270                                   -2.3933143227190614e-02
271                                   -1.2999390058543329e-02
272                                    1.0673735149126499e-04
273                                   -2.4298244473467866e-02
274                                   -1.3178065408106161e-02
275                                   -1.8937657164215472e-05
276                                   -2.3725315986320036e-02
277                                    1.2976239260633295e-02
278                                    9.1595544368926082e-05
279                                   -2.4057878434066229e-02
280                                    1.3262414613532723e-02
281                                   -5.9564397072602630e-05
282                                    4.4279815168939618e-04
283                                   -2.7467807160341882e-02
284                                   -1.2112032793154984e-04
285                                    7.7808954951505600e-04
286                                    2.7194304633163687e-02
287                                    2.2235112377899636e-05
288                                    5.5394033054923929e-04
289                                   -2.7051280336238215e-02
290                                    2.1247473451752814e-05
291                                    4.6695884749533168e-04
292                                    2.7695956146653513e-02
293                                   -8.9112909547232896e-05
294                                    2.3675946781692981e-02
295                                   -1.4397388369963382e-02
296                                   -5.2795463740081890e-05
297                                    2.3170724256021978e-02
298                                    1.4030545934770457e-02
299                                    6.9787411136376599e-05
300                                    2.3307918272612371e-02
301                                   -1.4154757078828651e-02
302                                    9.9321856776020959e-05
303                                    2.3608846602970645e-02
304                                    1.4171799319118671e-02
305                                   -8.6694094963557207e-05
306                                   -3.3743362323767389e-05
307                                   -1.0720586723307165e-05
308                                    3.7073315642625621e-04
309                                   -1.0724689772758733e-03
310                                   -5.1788000038754955e-04
311                                   -2.5273421749952106e-04
312                                    3.6402904998589043e-05
313                                   -2.7682314815714816e-04
314                                   -8.1896787887820175e-05
315                                    3.9513226739804571e-05
316                                   -2.2906847298808254e-05
317                                   -2.8340895346679653e-05
318                                   -1.7435729793927189e-05
319                                    1.6557987751438067e-05
320                                    3.6432061840946514e-06
321                                   -1.0075542814329449e-05
322                                   -3.5391463104573868e-05
323                                    7.9972157734057708e-05
324                                    2.5203785652979132e-05
325                                   -1.7845711215850661e-05
326                                    6.0965478151918731e-05
327                                   -1.5051836579613008e-04
328                                    1.2534992511613923e-04
329                                   -1.0629807189834706e-04
330                                   -2.2681325567114604e-05
331                                   -4.8708408697885276e-05
332                                   -1.5299140179590704e-05
333                                    1.5610463348984975e-05
334                                    2.5815689333671141e-06
335                                   -9.0585185323703013e-07
336                                   -3.5094014011764852e-05
337                                   -2.8728238651785410e-05
338                                   -2.3969584936465950e-05
339                                    6.6795831211463618e-06
340                                   -7.1172844202615462e-06
341                                   -4.5974872291639531e-06
342                                    1.8436669333912064e-06
343                                    3.4949888177284060e-06
344                                   -1.3687797976742050e-07
345                                   -1.5353660745997833e-06
346                                   -6.7296252825106066e-06
347                                   -4.1078710897013405e-06
348                                    2.3927372854564826e-06
349                                    1.9002506775779441e-06
350                                   -1.2389750767147960e-06
351                                   -4.8886701037672729e-07
352                                    9.8097322761420136e-07
353                                   -5.1756269323207857e-07
354                                    3.0195250627222617e-06
355                                   -8.0258015669138828e-08
356                                   -1.7824090033493950e-06
357                                   -1.0415258326304549e-06
358                                    1.0971338126174060e-06
359                                   -6.4464074506955372e-07
360                                   -2.4286664129179566e-06
361                                    3.8205905176957509e-08
362                                    1.6622291072001020e-06
363                                    6.2693322995155583e-06
364                                    4.9768121164759062e-06
365                                   -1.3968812548661980e-06
366                                   -3.4943674458092709e-06
367                                   -7.4470481337721536e-07
368                                    2.1938308652176618e-07
369                                    6.3245794093613804e-07
370                                   -8.7169902959514795e-06
371                                    1.1318063794645065e-05
372                                    3.7639200382812485e-07
373                                    4.0296492316059449e-05
374                                   -1.8817414082115459e-05
375                                   -4.3188674257758832e-06
376                                   -1.3363547763753939e-05
377                                    9.7326406172272150e-06
   &Method [&Type "String"] "SCF"
   &Level [&Type "String"] "Relaxed density"
   &Mult [&Type "Integer"] 1
   &State [&Type "Integer"] 0
   &Irrep [&Type "Integer"] 0
$End
$Geometry
   &GeometryIndex 7
   &NAtoms [&Type "Integer"] 126
   &NCorelessECP [&Type "Integer"] 0
   &NGhostAtoms [&Type "Integer"] 0
   &CartesianCoordinates [&Type "Coordinates", &Dim(126,4), &Units "Bohr"] 
              Si     6.720254855030   63.957347349871   14.782902311049
              Si     6.719682023181   58.140770735627   14.783037080095
              O      4.057740578981   65.157610922453   15.892124226239
              O      4.056931328919   56.941083378944   15.892314666545
              O      7.010978168256   61.049056210805   15.897910413070
              O      6.718388336002   63.961054246399   11.653515732561
              O      6.717814662463   58.136919286263   11.653650676677
              Si    11.753053490761   49.419188672768   14.783274659376
              Si    16.786997993820   46.514183549612   14.783377711289
              O      9.090302874697   48.219501122380   15.892552281963
              O     14.126373697011   47.714447295312   15.892600186208
              O     17.079612393246   43.605891886015   15.898384920286
              O     11.753075656156   49.415337411813   11.653888269230
              O     16.787021238532   46.517891218357   11.653991147730
              Si    11.753626224411   55.235765574392   14.783140712089
              Si    11.754771375722   66.861360367144   14.782871704622
              Si    16.788715566152   63.956355583988   14.782975722834
              Si    16.788142620600   58.139778713436   14.783110255011
              O      9.091112287953   56.436029658918   15.892362945595
              O      9.092020949202   65.661672373765   15.892149348874
              O     14.128091352194   65.156619389166   15.892197812169
              O     14.127282028251   56.940090331107   15.892387867678
              O     12.044349635132   52.327474137571   15.898148306759
              O     17.081328563605   61.048064086014   15.897983626655
              O     11.753649297401   55.239472819499   11.653754148027
              O     11.754793850238   66.857508317482   11.653485315449
              O     16.788738681240   63.960062518879   11.653589158405
              O     16.788164991622   58.135927015649   11.653723865404
              Si    11.755344252948   72.677937072982   14.782736489615
              Si    16.789860815040   75.581950519972   14.782705478521
              O      9.092829827950   73.878200224834   15.891958374979
              O     14.129000116554   74.382262216783   15.891983326199
              O     12.046067537393   69.769645982141   15.897744777006
              O     17.083047608057   78.490236053854   15.897578261132
              O     11.755367363271   72.681643501258   11.653349924586
              O     16.789883362731   75.578098136963   11.653319089759
              Si    21.823403878678   49.418196748341   14.783347684297
              Si    26.859238087278   46.513191878126   14.783451124638
              O     19.160653649469   48.218508282945   15.892625152041
              O     24.196724022235   47.713455585548   15.892673381548
              O     27.149962727038   43.604900460401   15.898458436078
              O     21.823426239401   49.414345413917   11.653961294243
              O     26.857371773972   46.516899697512   11.654064547120
              Si    21.823976529330   55.234773674324   14.783213848260
              Al    21.825121612679   66.860368678374   14.782944931931
              Si    26.860955471478   63.955363715227   14.783048726122
              Si    26.860382464967   58.138786840258   14.783183330047
              O     19.161462617049   56.435037577223   15.892436104578
              O     19.162371328813   65.660680538889   15.892222711216
              O     24.198441629195   65.155627715037   15.892270933076
              O     24.197632242703   56.939098540283   15.892461025910
              O     22.114699951995   52.326482215065   15.898221371851
              O     27.151678760155   61.047072413648   15.898056628594
              O     21.823999615181   55.238480983452   11.653827284273
              O     21.825143913378   66.856516596107   11.653558542798
              O     26.859088697833   63.959070805195   11.653662148015
              O     26.858514987020   58.134935279067   11.653796926837
              Si    21.825694655828   72.676945531504   14.782809717391
              Si    26.862100849724   75.580958524606   14.782778533416
              O     19.163180768440   73.877209652341   15.892031744061
              O     24.199350520901   74.381270554482   15.892056464302
              O     22.116417903116   69.768654355154   15.897817928371
              O     27.153397860735   78.489244233984   15.897651240125
              O     21.825717688337   72.680652120837   11.653423152552
              O     26.860233548552   75.577106285482   11.653392130935
              Si    31.893753772676   49.417205140878   14.783420885247
              O     29.231003772221   48.217516822765   15.892698643043
              O     34.267073369805   47.712463325103   15.892746461899
              O     31.893775807171   49.413353487918   11.654034495583
              Si    31.894326566207   55.233782019411   14.783286751921
              Si    31.895471730278   66.859376985532   14.783017606100
              Si    36.929415719613   63.954372187325   14.783121014426
              Si    36.928842756548   58.137795000294   14.783255708433
              O     29.231812741524   56.434045928562   15.892509108478
              O     29.232721537898   65.659688866120   15.892295560888
              O     34.268791741415   65.154635998153   15.892343497646
              O     34.267982366985   56.938106764330   15.892533754877
              O     32.185049985292   52.325490628890   15.898294387543
              O     37.222028837880   61.046080559484   15.898128914926
              O     31.894349476060   55.237489242180   11.653900187831
              O     31.895493843081   66.855524866707   11.653631217010
              O     36.929438314514   63.958079253272   11.653734450148
              O     36.928864610217   58.133942998292   11.653869319197
              Si    31.896044802033   72.675953955853   14.782882426204
              O     29.233531062377   73.876217927195   15.892104729288
              O     34.269700271685   74.380279636011   15.892129023562
              O     32.186768103334   69.767662718531   15.897890576448
              O     31.896067495961   72.679660721370   11.653495861571
              O     39.302162234588   56.433052978550   15.892581334421
              O     39.303071026167   65.658697942145   15.892367684678
              H      7.699986631525   47.218156130267   15.186956333037
              H      2.665286687501   55.939701304507   15.187255101349
              H      2.665286763149   66.155504123063   15.187255112083
              H      7.699986643891   74.877049408481   15.186956342477
              H     16.909611199031   41.901378893275   15.190188775268
              H     16.909611258878   80.193826637017   15.190188758389
              H     26.981059414430   41.901282794039   15.190151923278
              H     26.981059475078   80.193922748098   15.190151930617
              H     35.830259291718   47.009257735953   15.186606022974
              H     35.830259195020   75.085947777564   15.186606021588
              H     40.864793287858   55.730706969302   15.186941694864
              H     40.864793295642   66.364498554346   15.186941698035
              H     25.318489223142   64.788016734234   11.067643120655
              H     20.505242967814   65.942606276272   10.808484313846
              H     16.624664656048   62.309762032465   10.889437662735
              H     18.262265473914   57.357649774050   10.901512016366
              H     23.254087600291   56.100915437711   10.906054336418
              H     26.782594639918   59.815674176832   10.928981650746
              H     25.432001300522   74.692313645376   10.925373071234
              H     20.450987143371   73.622608816310   10.902976524773
              H     15.404470482834   74.655017201094   10.896693631484
              H     11.778479599438   71.018126239109   10.893789374901
              H     10.294332271940   66.045987395636   10.908570592439
              H      6.816737021934   62.301085364927   10.892152975528
              H      8.179379641514   57.343938087865   10.892447941701
              H     11.730426742987   53.572521001250   10.900290782257
              H     13.246163997273   48.675595690427   10.898954282205
              H     18.217789371539   47.366563766228   10.894486815446
              H     23.271687741078   48.581826852836   10.907270522089
              H     28.258721255477   47.415283886967   10.896117233240
              H     31.844687805045   51.072964855756   10.887649415696
              H     33.349099338790   56.057609004511   10.906477982547
              H     36.814935521121   59.794058401523   10.894121717139
              H     35.472161100674   64.766576847412   10.899991348718
              H     31.925799451347   68.523035929877   10.902159015147
              H     30.407830834657   73.433810889427   10.902977421946
$End
$SCF_Energy
   &GeometryIndex 7
   &Method [&Type "String"] "SCF"
   &totalEnergy [&Type "ArrayOfDoubles", &Dim (1,1)] "Total energy of each state"
                                                         0

0                                     -1.1887289666746661e+04
   &Mult [&Type "ArrayOfIntegers", &Dim (1,1)] "Multiplicity of each state"
                                                         0

0                                                        1
$End
$DFT_Energy
   &GeometryIndex 7
   &nAlphaEl [&Type "Integer"] 450
   &nBetaEl [&Type "Integer"] 450
   &nTotalEl [&Type "Integer"] 900
   &finalEn [&Type "Double"]      -1.1887289666746661e+04  "No Van der Waals correction"
   &eExchange [&Type "Double"]      -7.8392132184514969e+02
   &eCorr [&Type "Double"]      -3.2290169727354908e+01
   &eXC [&Type "Double"]      -8.1621149157250466e+02
   &eCNL [&Type "Double"]       0.0000000000000000e+00
$End
$Solvation_Details
   &GeometryIndex 7
   &Solvent [&Type "String"] "CONDUCTOR"
   &Epsilon [&Type "Double"]      -1.0000000000000000e+00
   &Refrac [&Type "Double"]       1.3300000000000001e+00
   &RSolv [&Type "Double"]       1.3000000000000000e+00
   &SurfaceType [&Type "String"] "GAUSSIAN VDW"
   &CPCMDielEnergy [&Type "Double"]      -2.6934317400000002e-01
   &NPoints [&Type "Integer"] 11228
   &SurfaceArea [&Type "Double"]       4.2766482495680002e+03
$End
$SCF_Timings
   &GeometryIndex 7
   &TOTAL [&Type "Double"]       4.0273109900000003e+02
   &PREP [&Type "Double"]       5.8739879999999998e+00
   &FOCK [&Type "Double"]       3.5527789600000006e+02
   &DENS [&Type "Double"]       2.4342980000000125e+00
   &ETOT [&Type "Double"]       1.0218769999999608e+00
   &TRAFO [&Type "Double"]       6.5411410000000103e+00
   &DIIS [&Type "Double"]       1.0145037000000002e+01
   &SOSCF [&Type "Double"]       9.2591310000000107e+00
   &XC [&Type "Double"]       1.2430656999999997e+01
   &FOCKSTART [&Type "Double"]       5.5862500000002946e-01
   &SOLV [&Type "Double"]       3.9525468999999944e+01
   &SOLV_INIT [&Type "Double"]       4.4508209999999995e+00
   &INT_PREP [&Type "Double"]       3.0000000208474376e-06
   &INT_BF [&Type "Double"]       2.7990790000010008e+00
   &INT_DENS [&Type "Double"]       5.4833169999979674e+00
   &INT_DENSIO [&Type "Double"]       1.4862971356690009e+06
   &INT_FUNC [&Type "Double"]       1.3988500000010617e-01
   &INT_POT [&Type "Double"]       2.8483230000004909e+00
   &INT_POTIO [&Type "Double"]       3.0915000000106829e-02
   &INT_SUM [&Type "Double"]       2.0290000000358077e-03
   &SPLITRIJ [&Type "Double"]       3.0438552999999985e+01
   &COSX [&Type "Double"]       2.8898426499999999e+02
$End
$VdW_Correction
   &GeometryIndex 7
   &vdW [&Type "Double"]      -1.9884381111329891e-01
$End
$Single_Point_Data
   &GeometryIndex 7
   &FinalEnergy [&Type "Double"]      -1.1887488510557774e+04  "Final single point energy"
   &Converged [&Type "Boolean"] true
$End
$SCF_Nuc_Gradient
   &GeometryIndex 7
   &NAtoms [&Type "Integer"] 126
   &gradNorm [&Type "Double"]       2.5600909885320744e-01
   &grad [&Type "ArrayOfDoubles", &Dim (378,1)] 
                                                         0

0                                      1.7212848878892607e-02
1                                     -6.0939737625677649e-03
2                                     -5.0707189770458558e-03
3                                      1.5058171985457013e-02
4                                      1.1452348095666105e-02
5                                     -4.4806290568909302e-03
6                                     -7.2493776614619481e-03
7                                      2.6408791295858660e-03
8                                      3.4497819500633178e-03
9                                     -5.9875493730764196e-03
10                                    -5.6025927833715343e-03
11                                     4.3844388419655572e-03
12                                     3.6870190476462317e-03
13                                     1.6950229766731968e-03
14                                     1.4695584562046305e-02
15                                    -5.6585150656891792e-03
16                                    -1.1485742728860465e-04
17                                    -1.3705605979517095e-02
18                                    -2.4690558943610535e-03
19                                    -4.0009636996550819e-03
20                                    -1.4095179727032326e-02
21                                     1.3529613056722067e-02
22                                     1.2776253206069520e-02
23                                    -4.7022955171848206e-03
24                                    -2.1328780969747363e-03
25                                     1.9658662751738401e-02
26                                    -4.5043354439962399e-03
27                                    -6.2255996320076216e-03
28                                    -6.1133508829830062e-03
29                                     4.5202783324800981e-03
30                                    -4.6019137751185006e-03
31                                    -4.2021844784985414e-03
32                                     1.5314177912603496e-02
33                                     1.3043505141611205e-03
34                                    -8.3841821286259541e-03
35                                     3.9725095666162955e-03
36                                    -1.9904832438790931e-03
37                                    -4.0413600442707172e-03
38                                    -1.4030778657869848e-02
39                                     3.0808086826107544e-03
40                                    -4.8316641812214548e-03
41                                    -1.3902069073209631e-02
42                                    -2.0271541224728528e-03
43                                     3.7774616174075255e-03
44                                    -7.1673775628641407e-03
45                                    -3.7310882714570010e-03
46                                     6.4639152901425582e-03
47                                    -8.7241393805916386e-03
48                                    -3.1009666760977696e-02
49                                    -2.0706323104846033e-02
50                                    -1.6927816273850860e-02
51                                    -2.3373640962131821e-03
52                                    -4.1815379192375090e-03
53                                    -6.8002254905659316e-03
54                                    -7.5059493451631173e-03
55                                    -4.2853821375566266e-03
56                                     1.4796085298739558e-02
57                                    -4.4121494215702806e-04
58                                     3.8386923584462556e-03
59                                     1.5346957176061961e-02
60                                     1.0194753228080326e-02
61                                    -8.2543014397814252e-03
62                                     1.5207569839831559e-02
63                                     8.4627464958842824e-04
64                                     2.3762156185282608e-03
65                                     1.7375806671262047e-02
66                                     4.6925232597946360e-03
67                                     4.0530554088589928e-04
68                                     1.5106463534944952e-02
69                                     9.2339310543756870e-03
70                                     1.4428111497714462e-02
71                                     1.5862280694837003e-02
72                                     4.5009765319350787e-03
73                                    -1.3229946199482578e-04
74                                    -1.7790140773801748e-02
75                                     3.3904615134628920e-03
76                                    -5.8656633712634220e-03
77                                    -1.6767402249240559e-02
78                                    -7.0586149123556233e-04
79                                     4.0782008298063952e-03
80                                    -1.2468617263860891e-02
81                                    -1.6346813816772343e-03
82                                    -2.8999286198705511e-03
83                                    -1.7585678900086131e-02
84                                     1.6021129610182271e-02
85                                    -7.0786148154426990e-03
86                                    -5.1424910836958045e-03
87                                    -8.0718989771471272e-04
88                                    -1.5813371133510726e-02
89                                    -5.8736016855666529e-03
90                                    -6.6009859891544018e-03
91                                     2.5529373972103791e-03
92                                     3.3096985344556258e-03
93                                     1.3008331271444778e-03
94                                     6.7891404828539365e-03
95                                     1.5267227818503256e-02
96                                     2.2644275612035427e-03
97                                     2.1006530546865787e-03
98                                     1.6257275810839744e-02
99                                    -1.5685765016075907e-03
100                                    7.5801692606813024e-03
101                                    4.9863743670491454e-03
102                                   -5.7681630546797293e-03
103                                    3.1542894882554269e-04
104                                   -1.3573718872450034e-02
105                                   -1.5375868397620748e-03
106                                    2.4173501335924522e-03
107                                   -1.3091033173991379e-02
108                                   -4.0247650433517471e-03
109                                   -3.1922056267318316e-05
110                                   -7.0687331723078388e-03
111                                   -3.5926413186746979e-03
112                                    1.9456658923888467e-02
113                                   -4.7445878829656231e-03
114                                   -3.9503047043499290e-03
115                                   -4.7628580153216021e-04
116                                    1.5434500567710755e-02
117                                   -1.5445661252610967e-03
118                                   -4.1965056314195552e-03
119                                    1.5453553473102465e-02
120                                    1.6087984978016294e-03
121                                   -8.7554441589973962e-03
122                                    4.0563755752689376e-03
123                                    3.2530183524926929e-03
124                                    4.5441902420438373e-03
125                                   -1.7912510350643510e-02
126                                    3.3222812040971132e-03
127                                   -4.5096179616604618e-03
128                                   -1.3952043574014930e-02
129                                   -3.5411430309233416e-03
130                                    3.9964357125698018e-04
131                                   -7.0008065571678189e-03
132                                    1.7403902463306743e-03
133                                   -2.6258500267379841e-03
134                                   -4.7606294248685903e-04
135                                    3.5023319458782919e-02
136                                   -1.7121566174277035e-02
137                                   -2.1581839272214420e-02
138                                   -3.2568621169154544e-03
139                                   -1.0007009390427275e-02
140                                   -8.1724433316797095e-03
141                                   -4.3463704888481751e-03
142                                    2.4908476567020638e-04
143                                    1.5872923589844386e-02
144                                    8.5031998079080087e-02
145                                    4.6224802284344946e-02
146                                   -2.7432180111249546e-03
147                                   -8.1002824118567407e-02
148                                    4.6605928259059778e-02
149                                   -3.9811097801588360e-03
150                                   -2.8193844781197962e-03
151                                    5.6279137368740574e-03
152                                    1.4825429924353166e-02
153                                    7.4441399613514557e-03
154                                   -3.1017188546583302e-04
155                                    1.6734997555649129e-02
156                                   -1.9189768798525313e-03
157                                    1.0630960366378148e-02
158                                    1.6878477416765510e-02
159                                    3.0345770623835255e-03
160                                   -4.7739136765818082e-03
161                                   -1.7879702734834555e-02
162                                   -4.7619186988700109e-03
163                                    7.5864489586876848e-03
164                                    5.9561850944125395e-02
165                                    3.9990811589852597e-03
166                                    4.9962069479288149e-03
167                                   -1.0700221272501736e-02
168                                    4.7842465414734397e-03
169                                   -2.2946503517756641e-04
170                                   -1.6779312033934769e-02
171                                   -1.3986747636986151e-03
172                                    3.9523013820876168e-02
173                                   -2.0699004959094131e-02
174                                    9.2897039391045544e-03
175                                   -1.7362562385063351e-02
176                                   -6.8123958202223811e-03
177                                    7.0561644437370256e-03
178                                   -1.3011936673971004e-02
179                                    1.4478207455404129e-02
180                                   -8.1129367885976293e-03
181                                   -1.9559293697394391e-03
182                                    1.5107181685854034e-02
183                                   -3.4298260497359402e-03
184                                   -9.4132094322888687e-02
185                                   -8.6500336021170837e-04
186                                   -2.4835983289261438e-03
187                                    7.2284930146985348e-03
188                                    4.8155414059835207e-03
189                                   -2.1699172091482603e-03
190                                   -9.7356745596872529e-03
191                                   -1.1018688555488744e-02
192                                   -2.1813803652328454e-03
193                                    3.9754179993674119e-03
194                                   -1.2677568774801206e-02
195                                   -1.8702384712158512e-02
196                                    5.9693810824852636e-03
197                                   -4.5990375497783316e-03
198                                   -3.0630909545597794e-03
199                                    2.3673050100108421e-03
200                                    1.3621363216547604e-02
201                                    8.1055244459286909e-03
202                                   -2.6096315039942186e-03
203                                    4.5334641569323899e-03
204                                    4.4626950034393044e-03
205                                   -4.0749364097143097e-04
206                                   -1.4023916167858159e-02
207                                   -1.9736912744940148e-03
208                                   -2.2750101634582977e-03
209                                   -7.0926961025837270e-03
210                                    6.6042791589366800e-03
211                                   -1.5767559186317655e-03
212                                   -8.7306699795364987e-03
213                                   -1.5519545318164275e-02
214                                   -1.0392882723416133e-02
215                                   -4.7663185267781787e-03
216                                   -1.9363133685677054e-02
217                                    4.1270964143146323e-03
218                                   -4.7702167419054458e-03
219                                   -1.0881428223300453e-03
220                                    3.6584090271613907e-04
221                                    1.7429233459778166e-02
222                                   -1.5750217339727715e-02
223                                    2.9760219512328266e-03
224                                    1.5579553245836928e-02
225                                    9.8363621878990695e-04
226                                   -2.9299864491911464e-03
227                                    1.5188125337075038e-02
228                                   -1.9478025965812484e-03
229                                    4.0888888121249590e-03
230                                    1.3966439784711928e-02
231                                    7.5831946524457985e-03
232                                   -4.1093449540887247e-03
233                                    1.5877002606745017e-02
234                                    6.2186352652067751e-03
235                                   -2.0977416008077223e-03
236                                    1.6421915388538964e-02
237                                   -1.9346144141386070e-03
238                                    4.2662320542810805e-03
239                                   -1.7944645465086860e-02
240                                   -6.5609176758494895e-03
241                                   -2.2049123998785453e-04
242                                   -1.6761427824037681e-02
243                                    2.8580669057781394e-03
244                                    5.3836010119564983e-03
245                                   -1.3761089599571457e-02
246                                    4.3207794835948519e-03
247                                   -2.6082281266265892e-05
248                                   -1.3794908999134591e-02
249                                   -1.3966738860142094e-02
250                                   -1.1303948249050160e-02
251                                   -5.3162489243943232e-03
252                                   -2.3397549741396612e-03
253                                   -3.3729896313828486e-03
254                                    1.3518518873224101e-02
255                                    5.8793413276954677e-03
256                                    5.1293664422843981e-03
257                                    3.4628325694681539e-03
258                                    3.8770573369195185e-03
259                                   -8.2228780437034593e-04
260                                    1.6401933504924242e-02
261                                    2.5017024041324087e-03
262                                    5.2170060722793706e-03
263                                   -1.3675143207801350e-02
264                                    8.5344781394345749e-03
265                                   -2.4348556684197541e-03
266                                    4.6084572092874882e-03
267                                    5.7273886210041508e-03
268                                    4.7654946609068001e-03
269                                    3.4030401488800233e-03
270                                   -2.3936739732887916e-02
271                                   -1.3002365677445353e-02
272                                    1.0302406801448105e-04
273                                   -2.4301635343407943e-02
274                                   -1.3180694326381762e-02
275                                   -2.2165185959274084e-05
276                                   -2.3728829267866465e-02
277                                    1.2979202879431377e-02
278                                    8.8681531234971364e-05
279                                   -2.4060104588124544e-02
280                                    1.3263740597153089e-02
281                                   -6.0529879120993981e-05
282                                    4.4199054652583724e-04
283                                   -2.7474295273766415e-02
284                                   -1.2535897905164011e-04
285                                    7.7825606032678118e-04
286                                    2.7195288919085240e-02
287                                    2.1313595701294178e-05
288                                    5.5360152808773709e-04
289                                   -2.7053014398704913e-02
290                                    1.9120610820599043e-05
291                                    4.6716176616958807e-04
292                                    2.7697918140135343e-02
293                                   -8.9052894731685606e-05
294                                    2.3684855324007024e-02
295                                   -1.4401026791044023e-02
296                                   -5.7214711283044160e-05
297                                    2.3170842546830231e-02
298                                    1.4031015156978239e-02
299                                    7.0681879053998087e-05
300                                    2.3310145562179949e-02
301                                   -1.4155432430909718e-02
302                                    9.8258374056618653e-05
303                                    2.3612950276369307e-02
304                                    1.4173924098723050e-02
305                                   -8.8007118649256327e-05
306                                    7.8753501684312944e-05
307                                   -5.4438482865594693e-05
308                                    1.8499831546998062e-04
309                                   -7.5836788710853585e-04
310                                   -4.1886835543167951e-04
311                                   -3.7007199863189205e-04
312                                   -9.5804521278125109e-06
313                                   -2.0638492441740698e-04
314                                   -1.0008410392499043e-04
315                                    3.9368824670732676e-05
316                                    1.3282765045024570e-05
317                                   -3.8773702275957496e-05
318                                   -1.4760759227020833e-05
319                                    9.5715950423688841e-06
320                                   -6.3456829249309557e-07
321                                   -2.4683811082432460e-05
322                                   -2.9999182325416411e-05
323                                    6.1229909562689780e-05
324                                    1.5019298840491881e-05
325                                   -2.8866959968638372e-05
326                                    6.2122856852118676e-05
327                                   -1.3326613336667577e-04
328                                    8.5045096241611234e-05
329                                   -9.3692408461209094e-05
330                                    2.1221339146977760e-06
331                                   -5.7607295148034233e-05
332                                   -2.4375388826408282e-05
333                                    1.3219516912028572e-05
334                                   -3.9343165567131070e-06
335                                    3.4768480729068278e-06
336                                   -2.7534883848532053e-05
337                                   -3.3030278922652919e-05
338                                   -1.4064236037970575e-05
339                                    9.6603091666640299e-06
340                                   -4.5769982697016990e-06
341                                   -6.6403008787723676e-06
342                                    3.5277347594501774e-06
343                                    2.6945753185740156e-06
344                                    1.4338741348372255e-06
345                                    8.7818773320807596e-07
346                                   -6.9683522857758869e-06
347                                   -2.4684011759063147e-06
348                                    2.3702984723455458e-06
349                                    3.6337375456538745e-06
350                                   -2.0207135923145899e-06
351                                   -5.1260671870216997e-07
352                                    8.5828366057357039e-07
353                                   -1.1539060499457846e-07
354                                    2.3850579723225212e-06
355                                    1.1302719524566184e-06
356                                   -1.4788532268212695e-06
357                                   -1.2504938875883615e-06
358                                    1.6190750037388689e-06
359                                   -4.3956064717072464e-07
360                                   -2.7748783968589502e-06
361                                    9.3413272955330872e-07
362                                    1.9510323394553955e-06
363                                    5.1011892245733450e-06
364                                    7.8161312895529100e-06
365                                   -5.9831503482419266e-07
366                                   -2.7662646077394811e-06
367                                   -1.1718008356097436e-06
368                                   -4.1680550230736944e-07
369                                   -4.6683354417865336e-06
370                                   -7.8336375831740122e-06
371                                    1.2759573890081579e-05
372                                   -8.9588845552731494e-06
373                                    3.3680980071830634e-05
374                                   -1.4116521631046027e-05
375                                   -1.4138361306044456e-06
376                                   -1.4587826882341096e-05
377                                    5.2638567256165360e-06
   &Method [&Type "String"] "SCF"
   &Level [&Type "String"] "Relaxed density"
   &Mult [&Type "Integer"] 1
   &State [&Type "Integer"] 0
   &Irrep [&Type "Integer"] 0
$End
$Geometry
   &GeometryIndex 8
   &NAtoms [&Type "Integer"] 126
   &NCorelessECP [&Type "Integer"] 0
   &NGhostAtoms [&Type "Integer"] 0
   &CartesianCoordinates [&Type "Coordinates", &Dim(126,4), &Units "Bohr"] 
              Si     6.720243718234   63.957339290067   14.782897030675
              Si     6.719677048991   58.140762674050   14.783041562447
              O      4.057729019290   65.157601902139   15.892118969777
              O      4.056928475294   56.941074356387   15.892323201396
              O      7.010970966136   61.049050329710   15.897909790745
              O      6.718374799616   63.961040933116   11.653510447401
              O      6.717807296788   58.136905969665   11.653655166928
              Si    11.753057759841   49.419185944929   14.783289929123
              Si    16.787005341181   46.514186156733   14.783394005471
              O      9.090309264778   48.219497433321   15.892571603330
              O     14.126380621419   47.714448944842   15.892616501584
              O     17.079623677533   43.605896674702   15.898405872578
              O     11.753077534570   49.415329430379   11.653903545431
              O     16.787026187189   46.517888572328   11.654007435676
              Si    11.753624329191   55.235762847729   14.783146217384
              Si    11.754757161683   66.861357644770   14.782857698445
              Si    16.788704431020   63.956358195206   14.782962739446
              Si    16.788137648286   58.139781322783   14.783107033181
              O      9.091109969681   56.436025972583   15.892368474103
              O      9.092008855379   65.661668689652   15.892139393056
              O     14.128079793589   65.156621042615   15.892184850200
              O     14.127279175994   56.940091982084   15.892388695494
              O     12.044351675283   52.327473590332   15.898158471292
              O     17.081321362666   61.048068877673   15.897975299275
              O     11.753645003096   55.239464839988   11.653759647087
              O     11.754777245631   66.857500344541   11.653471315724
              O     16.788725148284   63.960059879474   11.653576168785
              O     16.788157629065   58.135924372512   11.653720650028
              Si    11.755323875378   72.677934352644   14.782712724802
              Si    16.789837362870   75.581953133703   14.782672988339
              O      9.092809026556   73.878196543753   15.891934634898
              O     14.128978783392   74.382263872351   15.891954885149
              O     12.046051094779   69.769645439669   15.897725668390
              O     17.083021929751   78.490240849393   15.897540666552
              O     11.755344586343   72.681635530641   11.653326153542
              O     16.789857520266   75.578095500043   11.653286606029
              Si    21.823408148852   49.418204692237   14.783355249526
              Si    26.859245436621   46.513205157942   14.783459714193
              O     19.160660039721   48.218515267342   15.892636768751
              O     24.196730947968   47.713467906500   15.892681992613
              O     27.149974011895   43.604915920274   15.898471685996
              O     21.823428119094   49.414348104623   11.653968865925
              O     26.857376725741   46.516907721523   11.654073131883
              Si    21.823974635267   55.234781618959   14.783211649386
              Al    21.825107401204   66.860376625150   14.782923223348
              Si    26.860944337516   63.955376996326   14.783028038489
              Si    26.860377494033   58.138800120687   14.783172403531
              O     19.161460299832   56.435044562897   15.892433928161
              O     19.162359236807   65.660687526033   15.892205052736
              O     24.198430072383   65.155640036835   15.892250269156
              O     24.197629391582   56.939110861472   15.892454150263
              O     22.114701993092   52.326492339239   15.898223832129
              O     27.151671560633   61.047087873664   15.898040598169
              O     21.823995322865   55.238483675527   11.653825079165
              O     21.825127311784   66.856519292114   11.653536840666
              O     26.859075165434   63.959078833765   11.653641455596
              O     26.858507625872   58.134943305282   11.653786008218
              Si    21.825674282652   72.676953479417   14.782778248221
              Si    26.862077401508   75.580971810435   14.782738338968
              O     19.163159971855   73.877216641316   15.892000298017
              O     24.199329191627   74.381282879151   15.892020319482
              O     22.116401463858   69.768664481529   15.897791117055
              O     27.153372185585   78.489259699749   15.897605945003
              O     21.825694916900   72.680654817880   11.653391677150
              O     26.860207710089   75.577114319602   11.653351944382
              Si    31.893758044945   49.417223755159   14.783420748735
              O     29.231010164107   48.217534477877   15.892702557149
              O     34.267080297574   47.712486317291   15.892747372137
              O     31.893777690204   49.413366848836   11.654034365525
              Si    31.894324674140   55.233800633812   14.783276850970
              Si    31.895457520889   66.859395599273   14.782988193701
              Si    36.929404590282   63.954396134408   14.783092627100
              Si    36.928837788396   58.137818947419   14.783237083650
              O     29.231810425835   56.434063583741   15.892499228979
              O     29.232709447696   65.659706520627   15.892270198858
              O     34.268780187790   65.154658988046   15.892315130036
              O     34.267979517817   56.938129754760   15.892519178151
              O     32.185052028029   52.325511423212   15.898289146088
              O     37.222021641532   61.046106688072   15.898105184914
              O     31.894345186922   55.237502603783   11.653890280645
              O     31.895477243286   66.855538229632   11.653601811063
              O     36.929424789174   63.958097947956   11.653706056588
              O     36.928857253578   58.133961693280   11.653850700867
              Si    31.896024431117   72.675972569835   14.782843253455
              O     29.233510268673   73.876235584156   15.892065579729
              O     34.269678948068   74.380302620352   15.892085173856
              O     32.186751666357   69.767683511384   15.897856060967
              O     31.896044726902   72.679674084072   11.653456682589
              O     39.302159920746   56.433081301854   15.892563756170
              O     39.303058941542   65.658726262952   15.892334622813
              H      7.699986631385   47.218156130470   15.186956333057
              H      2.665286687906   55.939701304943   15.187255101264
              H      2.665286763870   66.155504122917   15.187255112238
              H      7.699986644735   74.877049408184   15.186956342368
              H     16.909611198762   41.901378893666   15.190188775266
              H     16.909611258680   80.193826636335   15.190188758507
              H     26.981059414256   41.901282794102   15.190151923247
              H     26.981059475020   80.193922746621   15.190151930365
              H     35.830259291703   47.009257736640   15.186606023004
              H     35.830259194713   75.085947778264   15.186606021841
              H     40.864793287739   55.730706969278   15.186941694877
              H     40.864793294951   66.364498554492   15.186941697924
              H     25.320627072261   64.789715100302   11.064364188855
              H     20.513445270761   65.937741375911   10.803952649271
              H     16.616088101731   62.311311513544   10.888874826843
              H     18.262766402372   57.358710204136   10.901584182466
              H     23.255387079496   56.098785761256   10.906073114622
              H     26.783535845412   59.815539108953   10.928398886624
              H     25.430724133670   74.694683644267   10.924872068867
              H     20.450254005437   73.621254610892   10.903146142969
              H     15.402798130855   74.657653307097   10.896597080962
              H     11.776992808952   71.018077387919   10.893818010950
              H     10.293868520914   66.046829247527   10.908639664617
              H      6.816151907235   62.301045312313   10.892158405944
              H      8.179182873365   57.343571220546   10.892458658031
              H     11.730646470676   53.572515976647   10.900308560676
              H     13.246028815724   48.675311131431   10.898974173451
              H     18.217834344558   47.366498666480   10.894507829555
              H     23.271598311583   48.581670481143   10.907284831814
              H     28.258791865954   47.415192705566   10.896129525608
              H     31.844954960756   51.072975862292   10.887629256897
              H     33.349124569903   56.057526917279   10.906449952226
              H     36.815224662997   59.794096430547   10.894098975039
              H     35.472531691605   64.767231129502   10.899887561717
              H     31.925809431047   68.522996614793   10.902136627515
              H     30.408358069386   73.434837155952   10.902848375446
$End
$SCF_Energy
   &GeometryIndex 8
   &Method [&Type "String"] "SCF"
   &totalEnergy [&Type "ArrayOfDoubles", &Dim (1,1)] "Total energy of each state"
                                                         0

0                                     -1.1887289687552553e+04
   &Mult [&Type "ArrayOfIntegers", &Dim (1,1)] "Multiplicity of each state"
                                                         0

0                                                        1
$End
$DFT_Energy
   &GeometryIndex 8
   &nAlphaEl [&Type "Integer"] 450
   &nBetaEl [&Type "Integer"] 450
   &nTotalEl [&Type "Integer"] 900
   &finalEn [&Type "Double"]      -1.1887289687552553e+04  "No Van der Waals correction"
   &eExchange [&Type "Double"]      -7.8392165765284085e+02
   &eCorr [&Type "Double"]      -3.2290155377816916e+01
   &eXC [&Type "Double"]      -8.1621181303065782e+02
   &eCNL [&Type "Double"]       0.0000000000000000e+00
$End
$Solvation_Details
   &GeometryIndex 8
   &Solvent [&Type "String"] "CONDUCTOR"
   &Epsilon [&Type "Double"]      -1.0000000000000000e+00
   &Refrac [&Type "Double"]       1.3300000000000001e+00
   &RSolv [&Type "Double"]       1.3000000000000000e+00
   &SurfaceType [&Type "String"] "GAUSSIAN VDW"
   &CPCMDielEnergy [&Type "Double"]      -2.6937887900000002e-01
   &NPoints [&Type "Integer"] 11228
   &SurfaceArea [&Type "Double"]       4.2767441572839998e+03
$End
$SCF_Timings
   &GeometryIndex 8
   &TOTAL [&Type "Double"]       3.8865889299999998e+02
   &PREP [&Type "Double"]       7.1243200000000000e+00
   &FOCK [&Type "Double"]       3.4333586700000001e+02
   &DENS [&Type "Double"]       1.9760960000000125e+00
   &ETOT [&Type "Double"]       8.9982999999999436e-01
   &TRAFO [&Type "Double"]       3.5270709999999781e+00
   &DIIS [&Type "Double"]       4.3652990000000074e+00
   &SOSCF [&Type "Double"]       1.0664582999999993e+01
   &XC [&Type "Double"]       1.2008480999999989e+01
   &FOCKSTART [&Type "Double"]       4.9976199999998450e-01
   &SOLV [&Type "Double"]       3.3937381000000002e+01
   &SOLV_INIT [&Type "Double"]       5.6981240000000000e+00
   &INT_BF [&Type "Double"]       2.5581649999987519e+00
   &INT_DENS [&Type "Double"]       5.3037420000006676e+00
   &INT_DENSIO [&Type "Double"]       1.2565400374920024e+06
   &INT_FUNC [&Type "Double"]       1.2417000000063183e-01
   &INT_POT [&Type "Double"]       3.0088310000004981e+00
   &INT_POTIO [&Type "Double"]       2.2654999998934500e-02
   &INT_SUM [&Type "Double"]       4.3709999999634874e-03
   &SPLITRIJ [&Type "Double"]       2.7268908999999990e+01
   &COSX [&Type "Double"]       2.8954124200000001e+02
$End
$VdW_Correction
   &GeometryIndex 8
   &vdW [&Type "Double"]      -1.9884095121825052e-01
$End
$Single_Point_Data
   &GeometryIndex 8
   &FinalEnergy [&Type "Double"]      -1.1887488528503771e+04  "Final single point energy"
   &Converged [&Type "Boolean"] true
$End
$SCF_Nuc_Gradient
   &GeometryIndex 8
   &NAtoms [&Type "Integer"] 126
   &gradNorm [&Type "Double"]       2.5594233084696760e-01
   &grad [&Type "ArrayOfDoubles", &Dim (378,1)] 
                                                         0

0                                      1.7210857509459505e-02
1                                     -6.0948642178926139e-03
2                                     -5.0705269844668280e-03
3                                      1.5057986627855997e-02
4                                      1.1452191881948471e-02
5                                     -4.4809685890476215e-03
6                                     -7.2503407216621346e-03
7                                      2.6428299697318766e-03
8                                      3.4466796133215409e-03
9                                     -5.9882920059426744e-03
10                                    -5.6031864011954237e-03
11                                     4.3825219570911783e-03
12                                     3.6879524522347388e-03
13                                     1.6960121330808064e-03
14                                     1.4696462046427524e-02
15                                    -5.6558607819730414e-03
16                                    -1.2113824734849044e-04
17                                    -1.3709178236687578e-02
18                                    -2.4676512760333975e-03
19                                    -4.0005039729991716e-03
20                                    -1.4095609751939311e-02
21                                     1.3529814333135314e-02
22                                     1.2775699318026374e-02
23                                    -4.7021346721663713e-03
24                                    -2.1334901430198378e-03
25                                     1.9657646872531874e-02
26                                    -4.5047682089796133e-03
27                                    -6.2215034329458855e-03
28                                    -6.1103598721278579e-03
29                                     4.5212060263699937e-03
30                                    -4.6018004515991683e-03
31                                    -4.2017377282391752e-03
32                                     1.5314552311351499e-02
33                                     1.3048881709684448e-03
34                                    -8.3779045222654187e-03
35                                     3.9749064680109254e-03
36                                    -1.9902850826037043e-03
37                                    -4.0415325827918300e-03
38                                    -1.4031324288467975e-02
39                                     3.0811062559981625e-03
40                                    -4.8310313484596192e-03
41                                    -1.3902172451563605e-02
42                                    -2.0310010022537017e-03
43                                     3.7754430393003853e-03
44                                    -7.1680642824803482e-03
45                                    -3.7498864437503689e-03
46                                     6.4715070442788718e-03
47                                    -8.7317331279258940e-03
48                                    -3.1029169201733910e-02
49                                    -2.0711732085542046e-02
50                                    -1.6865645515021122e-02
51                                    -2.3434182654354738e-03
52                                    -4.2028060995089479e-03
53                                    -6.7800553507583756e-03
54                                    -7.5053007868444311e-03
55                                    -4.2852347372925748e-03
56                                     1.4796843166601322e-02
57                                    -4.3669778397661062e-04
58                                     3.8383021651136853e-03
59                                     1.5349821027864806e-02
60                                     1.0221277709046708e-02
61                                    -8.2587956697885052e-03
62                                     1.5184772611538720e-02
63                                     8.4997975459894057e-04
64                                     2.3789017634617124e-03
65                                     1.7376314308947951e-02
66                                     4.6928276437465449e-03
67                                     4.0639847448258618e-04
68                                     1.5107485687958708e-02
69                                     9.2414311324636855e-03
70                                     1.4435852791043504e-02
71                                     1.5844617554960291e-02
72                                     4.5029757202433816e-03
73                                    -1.3616159845555444e-04
74                                    -1.7792563784644840e-02
75                                     3.3789920265131293e-03
76                                    -5.8759002177441906e-03
77                                    -1.6772777654657799e-02
78                                    -7.1718880090980311e-04
79                                     3.9119938698213693e-03
80                                    -1.2565749026953246e-02
81                                    -1.5916864434943412e-03
82                                    -2.8889401799557192e-03
83                                    -1.7614228059273689e-02
84                                     1.6021488576663797e-02
85                                    -7.0734310868890322e-03
86                                    -5.1448899089202027e-03
87                                    -8.0385537899253128e-04
88                                    -1.5818996169489234e-02
89                                    -5.8707543255512550e-03
90                                    -6.6064776218163947e-03
91                                     2.5583012566847674e-03
92                                     3.3010527163493436e-03
93                                     1.3034101034746764e-03
94                                     6.7868950868647101e-03
95                                     1.5272971960578032e-02
96                                     2.2676901308590529e-03
97                                     2.0947192123979509e-03
98                                     1.6254367477669271e-02
99                                    -1.5694435062901517e-03
100                                    7.5873865056055277e-03
101                                    4.9714193780537137e-03
102                                   -5.7632482319828473e-03
103                                    3.0536744946260919e-04
104                                   -1.3576628446976872e-02
105                                   -1.5559070263338223e-03
106                                    2.4074476788070241e-03
107                                   -1.3104034895509497e-02
108                                   -4.0240684941724178e-03
109                                   -3.6103723928203628e-05
110                                   -7.0697943155657887e-03
111                                   -3.5918532827888816e-03
112                                    1.9456656097338675e-02
113                                   -4.7446996205717058e-03
114                                   -3.9495194097081401e-03
115                                   -4.7521438033634289e-04
116                                    1.5434012370737910e-02
117                                   -1.5453027961772874e-03
118                                   -4.1953908449332573e-03
119                                    1.5454101107788575e-02
120                                    1.6095554066057522e-03
121                                   -8.7463761375900003e-03
122                                    4.0596347801000248e-03
123                                    3.2531137829564885e-03
124                                    4.5450409520884881e-03
125                                   -1.7911797778723728e-02
126                                    3.3218385354841311e-03
127                                   -4.5091559772845137e-03
128                                   -1.3952333236803168e-02
129                                   -3.5347620879427710e-03
130                                    4.0129109671086427e-04
131                                   -6.9989579981706252e-03
132                                    1.7700984816118577e-03
133                                   -2.5724392308578222e-03
134                                   -3.7137765954704165e-04
135                                    3.5106650934497559e-02
136                                   -1.7160857145203004e-02
137                                   -2.1499165454824349e-02
138                                   -3.2543504962961305e-03
139                                   -1.0019434566906286e-02
140                                   -8.1555696461420388e-03
141                                   -4.3559219741230847e-03
142                                    2.5541729483293484e-04
143                                    1.5877768792914408e-02
144                                    8.5042434197590569e-02
145                                    4.6234245635880286e-02
146                                   -2.7404201018798400e-03
147                                   -8.1001411044154856e-02
148                                    4.6606667975010660e-02
149                                   -4.0111471181033358e-03
150                                   -2.8259704242784745e-03
151                                    5.6293547080268035e-03
152                                    1.4827738120875988e-02
153                                    7.4414946168416341e-03
154                                   -3.0479058073715302e-04
155                                    1.6728189152030486e-02
156                                   -1.9243746442832478e-03
157                                    1.0622918866173937e-02
158                                    1.6889904893323003e-02
159                                    3.0301196944602731e-03
160                                   -4.7775973639382734e-03
161                                   -1.7882071749601113e-02
162                                   -5.3275792223134669e-03
163                                    7.1895110997863432e-03
164                                    5.9247812287384564e-02
165                                    3.9418003728530901e-03
166                                    5.0189249136774732e-03
167                                   -1.0642815152960753e-02
168                                    4.7817969016207473e-03
169                                   -2.3956551724681370e-04
170                                   -1.6764161190048282e-02
171                                   -1.4070576388429672e-03
172                                    3.9519247012913525e-02
173                                   -2.0701191782281299e-02
174                                    9.2973754895084165e-03
175                                   -1.7359415232912668e-02
176                                   -6.7997355572410869e-03
177                                    7.0576583161525595e-03
178                                   -1.3014502287243396e-02
179                                    1.4488799725506214e-02
180                                   -8.1073798402215343e-03
181                                   -1.9541811375715212e-03
182                                    1.5110379850081479e-02
183                                   -3.4286540923598322e-03
184                                   -9.4119326247683266e-02
185                                   -8.4287494182060043e-04
186                                   -2.4848112722200039e-03
187                                    7.2415821001782415e-03
188                                    4.8007778040004296e-03
189                                   -2.2565308632979024e-03
190                                   -9.6822867230171548e-03
191                                   -1.1075691748115197e-02
192                                   -2.1774267117893619e-03
193                                    3.9721472605951979e-03
194                                   -1.2669956612446220e-02
195                                   -1.8702349323574490e-02
196                                    5.9689357750309854e-03
197                                   -4.5982415333519541e-03
198                                   -3.0635611884623202e-03
199                                    2.3674224309884278e-03
200                                    1.3622030579133190e-02
201                                    8.1039715728309265e-03
202                                   -2.6089473746395355e-03
203                                    4.5329345736422593e-03
204                                    4.4626250774130200e-03
205                                   -4.0653699141419145e-04
206                                   -1.4023878474278951e-02
207                                   -1.9725051079347508e-03
208                                   -2.2747585209376962e-03
209                                   -7.0922217717435936e-03
210                                    6.6073742657377504e-03
211                                   -1.5722060527964465e-03
212                                   -8.7283314285472972e-03
213                                   -1.5518623240638647e-02
214                                   -1.0394783766693855e-02
215                                   -4.7644085534278889e-03
216                                   -1.9363810115627659e-02
217                                    4.1277595875678866e-03
218                                   -4.7693176912880020e-03
219                                   -1.0889961913007104e-03
220                                    3.6628986405142758e-04
221                                    1.7427018984919530e-02
222                                   -1.5753283280854725e-02
223                                    2.9769745220898244e-03
224                                    1.5578364600335654e-02
225                                    9.8203793673128830e-04
226                                   -2.9307272867555331e-03
227                                    1.5187176105091089e-02
228                                   -1.9484811965842881e-03
229                                    4.0890238518353269e-03
230                                    1.3967142685765717e-02
231                                    7.5828470304643847e-03
232                                   -4.1096300495418693e-03
233                                    1.5876606890920752e-02
234                                    6.2180191503649167e-03
235                                   -2.0986512409146806e-03
236                                    1.6424239652009710e-02
237                                   -1.9310493491105629e-03
238                                    4.2692535829898636e-03
239                                   -1.7946589288358412e-02
240                                   -6.5636375509753797e-03
241                                   -2.0229976241427223e-04
242                                   -1.6771407108490025e-02
243                                    2.8578243217877381e-03
244                                    5.3830796066846199e-03
245                                   -1.3759787027829750e-02
246                                    4.3199986077225626e-03
247                                   -2.7042618076712074e-05
248                                   -1.3795169858234549e-02
249                                   -1.3969217728191725e-02
250                                   -1.1304610298447454e-02
251                                   -5.3119984612898406e-03
252                                   -2.3369496468269588e-03
253                                   -3.3792848584355329e-03
254                                    1.3526172500783170e-02
255                                    5.8825591585567388e-03
256                                    5.1291905646945399e-03
257                                    3.4572350008523329e-03
258                                    3.8762624502836317e-03
259                                   -8.2595902501214071e-04
260                                    1.6405448617100998e-02
261                                    2.5033593542474709e-03
262                                    5.2142892388702938e-03
263                                   -1.3675270754298951e-02
264                                    8.5320271120364506e-03
265                                   -2.4338306604770907e-03
266                                    4.6079236838206285e-03
267                                    5.7325407120573293e-03
268                                    4.7671171789374460e-03
269                                    3.3983546245474356e-03
270                                   -2.3940225413476901e-02
271                                   -1.3004910601219640e-02
272                                    1.0096511238573828e-04
273                                   -2.4300361964780654e-02
274                                   -1.3179773791734690e-02
275                                   -2.1657979891107810e-05
276                                   -2.3726737002676381e-02
277                                    1.2977890266471037e-02
278                                    8.9949578450043929e-05
279                                   -2.4052848636700101e-02
280                                    1.3258342471507319e-02
281                                   -5.6125577023847346e-05
282                                    4.4136381450655065e-04
283                                   -2.7479844755829982e-02
284                                   -1.2810222702003182e-04
285                                    7.7902227621297381e-04
286                                    2.7187869809081097e-02
287                                    2.6247521470261132e-05
288                                    5.5264550178194666e-04
289                                   -2.7061811527737119e-02
290                                    1.5426609559310828e-05
291                                    4.6853001739899066e-04
292                                    2.7684497007253606e-02
293                                   -8.1928656410803864e-05
294                                    2.3686211641574455e-02
295                                   -1.4401801803782718e-02
296                                   -5.7665526897874951e-05
297                                    2.3168577161574545e-02
298                                    1.4030169550795906e-02
299                                    7.2815768894497320e-05
300                                    2.3312848824561722e-02
301                                   -1.4156964814351353e-02
302                                    9.7747853250977019e-05
303                                    2.3608348762302639e-02
304                                    1.4171667484791149e-02
305                                   -8.5311779332187024e-05
306                                    4.5483021319255604e-05
307                                   -2.4370022488150460e-05
308                                    2.6591773236493243e-05
309                                   -2.1540092773583334e-04
310                                   -1.0139298126647128e-04
311                                   -1.4215233606159011e-04
312                                   -1.9085304822482577e-05
313                                   -4.8028903557983413e-05
314                                   -3.9400391737839469e-05
315                                    1.3731407132361401e-05
316                                    2.4475858543925428e-05
317                                   -2.1141680582757434e-05
318                                   -4.3758108206579849e-06
319                                   -1.3711572574106508e-06
320                                   -1.6986550225800228e-07
321                                   -1.8087765196833331e-05
322                                   -2.0584155219742619e-06
323                                    2.8941031079505715e-05
324                                   -6.5250421849962640e-06
325                                   -1.9867109386107544e-05
326                                    3.9324535945708798e-05
327                                   -4.0836662123373701e-05
328                                    1.9359694091836119e-05
329                                   -3.3112350378257675e-05
330                                    1.2871791729242150e-05
331                                   -2.8147496836116912e-05
332                                   -1.5070605567234598e-05
333                                    2.3119371290046715e-06
334                                   -3.9500873345262494e-06
335                                    6.2904447676715813e-06
336                                   -8.3410004397447375e-06
337                                   -1.5229055512949526e-05
338                                   -6.2784526161873376e-07
339                                    5.2396807363676203e-06
340                                   -7.2827350520008973e-07
341                                   -3.3660999489923957e-06
342                                    2.2657607119058000e-06
343                                    2.4548131681690992e-07
344                                    1.9947400953680011e-06
345                                    1.1980170933104141e-06
346                                   -2.2771599537162323e-06
347                                    9.1180214511387336e-08
348                                    8.6193889701760486e-07
349                                    2.5771994935767814e-06
350                                   -1.4194208036872322e-06
351                                   -1.3518916329760478e-08
352                                    1.4334053179559404e-07
353                                   -2.3036417509967938e-08
354                                    7.1101596428571390e-07
355                                    8.8191096912095912e-07
356                                   -7.8733799377251452e-07
357                                   -6.8165895936889181e-07
358                                    5.8582943633001168e-07
359                                    2.5668606234627560e-08
360                                   -1.2209838449392792e-06
361                                    8.3245818107538413e-07
362                                    1.4393892641139684e-06
363                                    6.8619266072852324e-07
364                                    4.3921871108609862e-06
365                                    1.2786375414234729e-06
366                                   -4.0979396046036747e-07
367                                   -4.6359835228594059e-07
368                                   -1.7635600158799722e-07
369                                   -5.7351016257168057e-06
370                                   -2.0505670059975490e-06
371                                    8.5269648766370229e-06
372                                   -7.9517196851428256e-06
373                                    1.0778680179444957e-05
374                                   -2.9766665771205065e-06
375                                   -1.8899776756165258e-07
376                                   -4.7381768639563496e-06
377                                    1.9884514573737585e-06
   &Method [&Type "String"] "SCF"
   &Level [&Type "String"] "Relaxed density"
   &Mult [&Type "Integer"] 1
   &State [&Type "Integer"] 0
   &Irrep [&Type "Integer"] 0
$End
$Geometry
   &GeometryIndex 9
   &NAtoms [&Type "Integer"] 126
   &NCorelessECP [&Type "Integer"] 0
   &NGhostAtoms [&Type "Integer"] 0
   &CartesianCoordinates [&Type "Coordinates", &Dim(126,4), &Units "Bohr"] 
              Si     6.720239462757   63.957335819061   14.782880775795
              Si     6.719677569897   58.140759202016   14.783026698341
              O      4.057723882354   65.157596509133   15.892102678565
              O      4.056930086025   56.941068961883   15.892308875130
              O      7.010969203806   61.049047363750   15.897894203665
              O      6.718370246242   63.961036712354   11.653494191812
              O      6.717807526295   58.136901747326   11.653640303922
              Si    11.753065444961   49.419186607424   14.783276677280
              Si    16.787015412144   46.514190953678   14.783380974365
              O      9.090318040021   48.219496173997   15.892558889422
              O     14.126389811127   47.714451821945   15.892603433979
              O     17.079636244716   43.605901979419   15.898393509528
              O     11.753084928112   49.415329343987   11.653890294509
              O     16.787035960998   46.517892620745   11.653994403682
              Si    11.753627236505   55.235763510807   14.783131574051
              Si    11.754750520917   66.861358310135   14.782840275542
              Si    16.788700176475   63.956362994551   14.782945537166
              Si    16.788138170520   58.139786121214   14.783091221431
              O      9.091111995451   56.436024713887   15.892353794442
              O      9.092003304447   65.661667432393   15.892122507363
              O     14.128074657455   65.156623922084   15.892167611247
              O     14.127280787952   56.940094860146   15.892373421005
              O     12.044357076506   52.327474758873   15.898144496232
              O     17.081319601320   61.048074183632   15.897958764510
              O     11.753647612631   55.239464754553   11.653745002867
              O     11.754770313486   66.857500262151   11.653453893740
              O     16.788720596417   63.960063931025   11.653558965618
              O     16.788157860108   58.135928422627   11.653704839198
              Si    11.755312457105   72.677935019417   14.782693912952
              Si    16.789823561385   75.581957934429   14.782653009533
              O      9.092796726304   73.878195288278   15.891915787594
              O     14.128966070790   74.382266752870   15.891935442970
              O     12.046042170158   69.769646611003   15.897707523253
              O     17.083005846132   78.490246157086   15.897519965975
              O     11.755332870133   72.681635450265   11.653307340806
              O     16.789843427739   75.578099553944   11.653266628142
              Si    21.823415834554   49.418213625606   14.783341050131
              Si    26.859255508629   46.513218227022   14.783445736869
              O     19.160668815158   48.218522279074   15.892623106704
              O     24.196740138205   47.713479054393   15.892667977967
              O     27.149986578792   43.604929495214   15.898458377372
              O     21.823435513748   49.414356289533   11.653954667451
              O     26.857386501368   46.516920040351   11.654059153849
              Si    21.823977543353   55.234790552753   14.783196058867
              Al    21.825100762205   66.860385560104   14.782904853625
              Si    26.860940084033   63.955390066062   14.783009890176
              Si    26.860378017361   58.138813189971   14.783155645454
              O     19.161462326435   56.435051575549   15.892418300831
              O     19.162353687123   65.660694539491   15.892187219868
              O     24.198424937419   65.155651185568   15.892232083762
              O     24.197631004319   56.939122009531   15.892437929196
              O     22.114707394772   52.326501778487   15.898208909754
              O     27.151669800217   61.047101448618   15.898023117482
              O     21.823997933838   55.238491861017   11.653809487759
              O     21.825120381906   66.856527479433   11.653518471862
              O     26.859070615115   63.959091154186   11.653623306574
              O     26.858507858412   58.134955624905   11.653769251240
              Si    21.825662867476   72.676962414992   14.782758489324
              Si    26.862063602766   75.580984881173   14.782717413666
              O     19.163147675000   73.877223655591   15.891980502737
              O     24.199316481760   74.381294028401   15.891999930737
              O     22.116392541475   69.768673922061   15.897772025166
              O     27.153356104296   78.489273275869   15.897584298503
              O     21.825683204548   72.680663006322   11.653371917368
              O     26.860193620317   75.577126641906   11.653331020177
              Si    31.893765731681   49.417240958004   14.783405603755
              O     29.231018940435   48.217549759788   15.892687949490
              O     34.267089488493   47.712505734336   15.892732411875
              O     31.893785086076   49.413383303147   11.654019221466
              Si    31.894327583388   55.233817836715   14.783260314862
              Si    31.895450883562   66.859412801506   14.782968878484
              Si    36.929400339258   63.954417469801   14.783073533602
              Si    36.928838313409   58.137840282847   14.783219380663
              O     29.231812453424   56.434078865585   15.892482655694
              O     29.232703899345   65.659721802255   15.892251420553
              O     34.268775054907   65.154678404097   15.892295999086
              O     34.267981131921   56.938149171265   15.892502011828
              O     32.185057430720   52.325529131739   15.898273278188
              O     37.222019883141   61.046128530499   15.898086759257
              O     31.894347799422   55.237519058385   11.653873743650
              O     31.895470314977   66.855554684190   11.653582496766
              O     36.929420242070   63.958118534664   11.653686962202
              O     36.928857488027   58.133982280633   11.653832998801
              Si    31.896013017634   72.675989772053   14.782822548655
              O     29.233497973871   73.876250866096   15.892044838288
              O     34.269666241430   74.380322033483   15.892063838663
              O     32.186742745743   69.767701218878   15.897836023517
              O     31.896033016983   72.679690537977   11.653435976903
              O     39.302161949566   56.433104850895   15.892546237939
              O     39.303053396528   65.658749810604   15.892314899405
              H      7.699986631255   47.218156130397   15.186956333041
              H      2.665286688181   55.939701305184   15.187255101234
              H      2.665286764026   66.155504123080   15.187255112317
              H      7.699986645290   74.877049408000   15.186956342315
              H     16.909611198417   41.901378893153   15.190188775288
              H     16.909611258552   80.193826636113   15.190188758545
              H     26.981059414004   41.901282793980   15.190151923210
              H     26.981059475008   80.193922746352   15.190151930293
              H     35.830259291969   47.009257736959   15.186606023038
              H     35.830259194664   75.085947778661   15.186606021909
              H     40.864793287631   55.730706969332   15.186941694877
              H     40.864793294724   66.364498554701   15.186941697893
              H     25.320871246452   64.789850989477   11.063650655417
              H     20.514926827326   65.936668818254   10.803972410807
              H     16.616677063449   62.311341806994   10.888978808116
              H     18.261518944252   57.356224972512   10.901746317978
              H     23.255531998694   56.098577859056   10.906060794893
              H     26.785547893203   59.815506600049   10.928027662322
              H     25.430060822824   74.696158884155   10.924375989591
              H     20.450336513679   73.621314682726   10.903284037093
              H     15.400905912050   74.660452885762   10.896678396527
              H     11.776672496788   71.018109494060   10.893729007377
              H     10.293431895175   66.047700077942   10.908586611512
              H      6.815579557916   62.301001278506   10.892168099389
              H      8.179097973006   57.343438237724   10.892420017776
              H     11.730563777398   53.572524582830   10.900287557263
              H     13.245908453127   48.675040079842   10.898974964653
              H     18.217849252685   47.366493650363   10.894494702930
              H     23.271543899730   48.581566590968   10.907277689642
              H     28.258849896823   47.415132066540   10.896116705055
              H     31.845105324820   51.072987590426   10.887596650842
              H     33.349288528753   56.057227294996   10.906411401747
              H     36.815283612769   59.794122317893   10.894082385624
              H     35.472823455880   64.767686781573   10.899768841562
              H     31.926582223681   68.522969863683   10.902107920905
              H     30.408579050167   73.435295572262   10.902798390470
$End
$SCF_Mulliken_Population_Analysis
   &GeometryIndex 9
   &NAtoms [&Type "Integer"] 126
   &ATNO [&Type "ArrayOfIntegers", &Dim (126,1)] 
                                                         0

0                                                       14
1                                                       14
2                                                        8
3                                                        8
4                                                        8
5                                                        8
6                                                        8
7                                                       14
8                                                       14
9                                                        8
10                                                       8
11                                                       8
12                                                       8
13                                                       8
14                                                      14
15                                                      14
16                                                      14
17                                                      14
18                                                       8
19                                                       8
20                                                       8
21                                                       8
22                                                       8
23                                                       8
24                                                       8
25                                                       8
26                                                       8
27                                                       8
28                                                      14
29                                                      14
30                                                       8
31                                                       8
32                                                       8
33                                                       8
34                                                       8
35                                                       8
36                                                      14
37                                                      14
38                                                       8
39                                                       8
40                                                       8
41                                                       8
42                                                       8
43                                                      14
44                                                      13
45                                                      14
46                                                      14
47                                                       8
48                                                       8
49                                                       8
50                                                       8
51                                                       8
52                                                       8
53                                                       8
54                                                       8
55                                                       8
56                                                       8
57                                                      14
58                                                      14
59                                                       8
60                                                       8
61                                                       8
62                                                       8
63                                                       8
64                                                       8
65                                                      14
66                                                       8
67                                                       8
68                                                       8
69                                                      14
70                                                      14
71                                                      14
72                                                      14
73                                                       8
74                                                       8
75                                                       8
76                                                       8
77                                                       8
78                                                       8
79                                                       8
80                                                       8
81                                                       8
82                                                       8
83                                                      14
84                                                       8
85                                                       8
86                                                       8
87                                                       8
88                                                       8
89                                                       8
90                                                       1
91                                                       1
92                                                       1
93                                                       1
94                                                       1
95                                                       1
96                                                       1
97                                                       1
98                                                       1
99                                                       1
100                                                      1
101                                                      1
102                                                      1
103                                                      1
104                                                      1
105                                                      1
106                                                      1
107                                                      1
108                                                      1
109                                                      1
110                                                      1
111                                                      1
112                                                      1
113                                                      1
114                                                      1
115                                                      1
116                                                      1
117                                                      1
118                                                      1
119                                                      1
120                                                      1
121                                                      1
122                                                      1
123                                                      1
124                                                      1
125                                                      1
   &AtomicCharges [&Type "ArrayOfDoubles", &Dim (126,1)] 
                                                         0

0                                      7.5255224230866524e-01
1                                      7.5028514512536049e-01
2                                     -6.0650974658127943e-01
3                                     -6.0614384497537976e-01
4                                     -3.5990255848030905e-01
5                                     -5.6899541171504353e-01
6                                     -5.6645376416378035e-01
7                                      7.4923276626921442e-01
8                                      7.4968437104421781e-01
9                                     -6.0609996437480262e-01
10                                    -3.4796396688582654e-01
11                                    -6.0756729627494721e-01
12                                    -5.6672245169743896e-01
13                                    -5.6778013949481831e-01
14                                     7.2593975429142787e-01
15                                     7.1457246175922506e-01
16                                     6.9480153803563560e-01
17                                     6.9631820529777499e-01
18                                    -3.4596939537046900e-01
19                                    -3.4854369404830265e-01
20                                    -3.5946115769925058e-01
21                                    -3.5456921354963633e-01
22                                    -3.5605417603554912e-01
23                                    -3.5199149798183171e-01
24                                    -5.5218065350371326e-01
25                                    -5.5406151157740524e-01
26                                    -5.6445707559182168e-01
27                                    -5.5190673747827645e-01
28                                     7.5054838510229160e-01
29                                     7.4204283176929664e-01
30                                    -6.0688116698770855e-01
31                                    -3.5014022600788408e-01
32                                    -3.5943504330083442e-01
33                                    -6.1062844265821248e-01
34                                    -5.6911071143833603e-01
35                                    -5.6979749186514717e-01
36                                     7.2572464972417805e-01
37                                     7.5062559051945321e-01
38                                    -3.5464352113973163e-01
39                                    -3.4740554768992382e-01
40                                    -6.0711321716270028e-01
41                                    -5.5210144939017880e-01
42                                    -5.6826681741391916e-01
43                                     7.0539147217417764e-01
44                                     3.3170950332914373e-01
45                                     6.8933932948994325e-01
46                                     6.9643805978984474e-01
47                                    -3.4449469726714987e-01
48                                    -3.8464930909317374e-01
49                                    -3.8294669029822792e-01
50                                    -3.4157732753449643e-01
51                                    -3.5416328759112403e-01
52                                    -3.5540235196885384e-01
53                                    -5.5218594978506630e-01
54                                    -6.7080715310100736e-01
55                                    -5.7658975202712526e-01
56                                    -5.5473693345513198e-01
57                                     7.0061923678790095e-01
58                                     7.4306337642449982e-01
59                                    -3.6230268747336147e-01
60                                    -3.5597380341123674e-01
61                                    -3.9555703314538881e-01
62                                    -6.1071373322096534e-01
63                                    -5.6650762623007189e-01
64                                    -5.7054131078852599e-01
65                                     7.5156220815037678e-01
66                                    -3.5572816346101455e-01
67                                    -6.0670277685341034e-01
68                                    -5.6706021750424362e-01
69                                     7.2506040394375226e-01
70                                     7.1671236650583836e-01
71                                     7.5085541551956858e-01
72                                     7.4899043387459585e-01
73                                    -3.5506907588368897e-01
74                                    -3.6019520742508782e-01
75                                    -3.5553336509271105e-01
76                                    -3.5250278130765267e-01
77                                    -3.4964072855364137e-01
78                                    -3.5224254478073114e-01
79                                    -5.5141567904652078e-01
80                                    -5.5499079350495251e-01
81                                    -5.6806531622697776e-01
82                                    -5.6770175379952903e-01
83                                     7.5018355077731158e-01
84                                    -3.5772800936504545e-01
85                                    -6.0733979968024876e-01
86                                    -3.5218792495347273e-01
87                                    -5.6878088773719604e-01
88                                    -6.0713558441082149e-01
89                                    -6.0771492617564427e-01
90                                     3.9240286708217065e-01
91                                     3.9241364060989414e-01
92                                     3.9185550855318985e-01
93                                     3.9170532397328195e-01
94                                     3.9205712165158491e-01
95                                     3.9051447917335869e-01
96                                     3.9202168831610917e-01
97                                     3.9078627094458784e-01
98                                     3.9254117621935558e-01
99                                     3.9162417556931861e-01
100                                    3.9228298146445884e-01
101                                    3.9183714131212366e-01
102                                    3.5571010425645722e-01
103                                    3.2902883548980111e-01
104                                    3.5834499968281763e-01
105                                    3.6785214629790652e-01
106                                    3.6954337926168468e-01
107                                    3.6845970342509216e-01
108                                    3.6818253478566820e-01
109                                    3.6153291507505037e-01
110                                    3.6851289556201938e-01
111                                    3.7074515294797195e-01
112                                    3.6829981795624955e-01
113                                    3.7131490970835179e-01
114                                    3.7022926211720719e-01
115                                    3.6999493303934905e-01
116                                    3.7023481537107172e-01
117                                    3.7127014519754864e-01
118                                    3.6982181021652905e-01
119                                    3.7143917898802137e-01
120                                    3.7077994622619548e-01
121                                    3.6948027313300691e-01
122                                    3.7067681290122101e-01
123                                    3.7067975023162303e-01
124                                    3.6881056797343148e-01
125                                    3.7050251195896455e-01
   &Method [&Type "String"] "SCF"
   &Level [&Type "String"] "Relaxed density"
   &Mult [&Type "Integer"] 1
   &State [&Type "Integer"] -1
   &Irrep [&Type "Integer"] 0
$End
$SCF_Loewdin_Population_Analysis
   &GeometryIndex 9
   &NAtoms [&Type "Integer"] 126
   &ATNO [&Type "ArrayOfIntegers", &Dim (126,1)] 
                                                         0

0                                                       14
1                                                       14
2                                                        8
3                                                        8
4                                                        8
5                                                        8
6                                                        8
7                                                       14
8                                                       14
9                                                        8
10                                                       8
11                                                       8
12                                                       8
13                                                       8
14                                                      14
15                                                      14
16                                                      14
17                                                      14
18                                                       8
19                                                       8
20                                                       8
21                                                       8
22                                                       8
23                                                       8
24                                                       8
25                                                       8
26                                                       8
27                                                       8
28                                                      14
29                                                      14
30                                                       8
31                                                       8
32                                                       8
33                                                       8
34                                                       8
35                                                       8
36                                                      14
37                                                      14
38                                                       8
39                                                       8
40                                                       8
41                                                       8
42                                                       8
43                                                      14
44                                                      13
45                                                      14
46                                                      14
47                                                       8
48                                                       8
49                                                       8
50                                                       8
51                                                       8
52                                                       8
53                                                       8
54                                                       8
55                                                       8
56                                                       8
57                                                      14
58                                                      14
59                                                       8
60                                                       8
61                                                       8
62                                                       8
63                                                       8
64                                                       8
65                                                      14
66                                                       8
67                                                       8
68                                                       8
69                                                      14
70                                                      14
71                                                      14
72                                                      14
73                                                       8
74                                                       8
75                                                       8
76                                                       8
77                                                       8
78                                                       8
79                                                       8
80                                                       8
81                                                       8
82                                                       8
83                                                      14
84                                                       8
85                                                       8
86                                                       8
87                                                       8
88                                                       8
89                                                       8
90                                                       1
91                                                       1
92                                                       1
93                                                       1
94                                                       1
95                                                       1
96                                                       1
97                                                       1
98                                                       1
99                                                       1
100                                                      1
101                                                      1
102                                                      1
103                                                      1
104                                                      1
105                                                      1
106                                                      1
107                                                      1
108                                                      1
109                                                      1
110                                                      1
111                                                      1
112                                                      1
113                                                      1
114                                                      1
115                                                      1
116                                                      1
117                                                      1
118                                                      1
119                                                      1
120                                                      1
121                                                      1
122                                                      1
123                                                      1
124                                                      1
125                                                      1
   &AtomicCharges [&Type "ArrayOfDoubles", &Dim (126,1)] 
                                                         0

0                                     -2.3991606569209267e-01
1                                     -2.3918230385913830e-01
2                                     -1.1629702966469679e-01
3                                     -1.1555976174596516e-01
4                                      5.7600806090658097e-02
5                                     -1.0742339687900149e-01
6                                     -1.0722126038280777e-01
7                                     -2.3854626186559358e-01
8                                     -2.3876904109897090e-01
9                                     -1.1512585237391093e-01
10                                     5.8757870812447877e-02
11                                    -1.1860739932595088e-01
12                                    -1.0757812306128756e-01
13                                    -1.0713071551757025e-01
14                                    -2.0317878102678222e-01
15                                    -2.0860598636943806e-01
16                                    -2.2010263332206748e-01
17                                    -2.0687588459974293e-01
18                                     6.1784383093896444e-02
19                                     6.0679768340595963e-02
20                                     5.9102290015519365e-02
21                                     6.4488285706601367e-02
22                                     5.9618261501948489e-02
23                                     5.9447897760802171e-02
24                                    -9.4024024264856010e-02
25                                    -9.5834297609970420e-02
26                                    -9.6619744012945930e-02
27                                    -9.4677113816700853e-02
28                                    -2.4032798053814552e-01
29                                    -2.4515627669550888e-01
30                                    -1.1713725091668614e-01
31                                     5.7685996247843541e-02
32                                     5.9252645110098534e-02
33                                    -1.1950463178919968e-01
34                                    -1.0794372320561862e-01
35                                    -1.0959472433611772e-01
36                                    -2.0276369534104965e-01
37                                    -2.3838001210708093e-01
38                                     6.2500152785404772e-02
39                                     6.1394587369773213e-02
40                                    -1.1794722150285608e-01
41                                    -9.4200854624185482e-02
42                                    -1.0715494678205850e-01
43                                    -2.0304226683214210e-01
44                                    -9.4848218414157159e-01
45                                    -2.2583013723350831e-01
46                                    -2.0726468742308413e-01
47                                     6.4487259160748600e-02
48                                     7.8288892765430163e-02
49                                     7.8157436503839328e-02
50                                     6.4434223796070000e-02
51                                     6.1844179832558410e-02
52                                     5.8047918520237829e-02
53                                    -9.3529786798846715e-02
54                                    -1.1638997803839857e-01
55                                    -1.1170800745725451e-01
56                                    -9.6512159111203033e-02
57                                    -2.2220422528999251e-01
58                                    -2.4527924186312688e-01
59                                     5.8893981279812380e-02
60                                     5.5993658882364628e-02
61                                     7.4777920001039888e-02
62                                    -1.2008250031553125e-01
63                                    -9.6554067111819464e-02
64                                    -1.1117875191609272e-01
65                                    -2.3815498118691281e-01
66                                     6.0521886336133868e-02
67                                    -1.1623177364954174e-01
68                                    -1.0698881810926864e-01
69                                    -2.0332743159342925e-01
70                                    -2.0851657477527219e-01
71                                    -2.4083512271831431e-01
72                                    -2.3961845328177844e-01
73                                     6.4317837968407510e-02
74                                     6.1512908877729977e-02
75                                     6.1952674774104821e-02
76                                     6.2428358804090145e-02
77                                     5.9010588610169279e-02
78                                     5.5602443842847293e-02
79                                    -9.4199873455913519e-02
80                                    -9.5499699753553102e-02
81                                    -1.0789721320204393e-01
82                                    -1.0753460126003844e-01
83                                    -2.4028141922729773e-01
84                                     5.9637022216074698e-02
85                                    -1.1739207109998340e-01
86                                     5.8086834391128939e-02
87                                    -1.0825225899962199e-01
88                                    -1.1600697496006873e-01
89                                    -1.1771306739567855e-01
90                                     2.1636265777946939e-01
91                                     2.1655393686380986e-01
92                                     2.1553721667242165e-01
93                                     2.1572852184319657e-01
94                                     2.1597224328475195e-01
95                                     2.1454720005110173e-01
96                                     2.1563144222899477e-01
97                                     2.1499294817058590e-01
98                                     2.1656584586178118e-01
99                                     2.1522400603294811e-01
100                                    2.1612023318609230e-01
101                                    2.1572649875044514e-01
102                                    1.9546492659937842e-01
103                                    1.7065687994683276e-01
104                                    1.8558194785231519e-01
105                                    1.9206820240826827e-01
106                                    1.9334824613993529e-01
107                                    1.9337433213485422e-01
108                                    1.9087081077220258e-01
109                                    1.8671832733275084e-01
110                                    1.9031677935907809e-01
111                                    1.9148985963924381e-01
112                                    1.9185267842261977e-01
113                                    1.9177049125322621e-01
114                                    1.9150360543477474e-01
115                                    1.9327399526984523e-01
116                                    1.9163205893486790e-01
117                                    1.9171190333468668e-01
118                                    1.9329868052446619e-01
119                                    1.9180376905975016e-01
120                                    1.9188167658622712e-01
121                                    1.9296614209421092e-01
122                                    1.9192549426162298e-01
123                                    1.9138458280300541e-01
124                                    1.9232924299044196e-01
125                                    1.9139896724901739e-01
   &Method [&Type "String"] "SCF"
   &Level [&Type "String"] "Relaxed density"
   &Mult [&Type "Integer"] 1
   &State [&Type "Integer"] -1
   &Irrep [&Type "Integer"] 0
$End
$SCF_Mayer_Population_Analysis
   &GeometryIndex 9
   &NAtoms [&Type "Integer"] 126 "Total number of atoms"
   &NBondOrdersPrint [&Type "Integer"] 132 "The number of bond orders larger than threshold"
   &bondThresh [&Type "Double"]       1.0000000000000001e-01  "The threshold for printing"
   &components [&Type "ArrayOfIntegers", &Dim (132,4)] "The indices and atomic numbers of the bonding atoms"
                                                         0                           1                           2                           3

0                                                        0                          14                           2                           8
1                                                        0                          14                           4                           8
2                                                        0                          14                           5                           8
3                                                        0                          14                          19                           8
4                                                        1                          14                           3                           8
5                                                        1                          14                           4                           8
6                                                        1                          14                           6                           8
7                                                        1                          14                          18                           8
8                                                        2                           8                          92                           1
9                                                        3                           8                          91                           1
10                                                       5                           8                         113                           1
11                                                       6                           8                         114                           1
12                                                       7                          14                           9                           8
13                                                       7                          14                          10                           8
14                                                       7                          14                          12                           8
15                                                       7                          14                          22                           8
16                                                       8                          14                          10                           8
17                                                       8                          14                          11                           8
18                                                       8                          14                          13                           8
19                                                       8                          14                          38                           8
20                                                       9                           8                          90                           1
21                                                      11                           8                          94                           1
22                                                      12                           8                         116                           1
23                                                      13                           8                         117                           1
24                                                      14                          14                          18                           8
25                                                      14                          14                          21                           8
26                                                      14                          14                          22                           8
27                                                      14                          14                          24                           8
28                                                      15                          14                          19                           8
29                                                      15                          14                          20                           8
30                                                      15                          14                          25                           8
31                                                      15                          14                          32                           8
32                                                      16                          14                          20                           8
33                                                      16                          14                          23                           8
34                                                      16                          14                          26                           8
35                                                      16                          14                          48                           8
36                                                      17                          14                          21                           8
37                                                      17                          14                          23                           8
38                                                      17                          14                          27                           8
39                                                      17                          14                          47                           8
40                                                      24                           8                         115                           1
41                                                      25                           8                         112                           1
42                                                      26                           8                         104                           1
43                                                      27                           8                         105                           1
44                                                      28                          14                          30                           8
45                                                      28                          14                          31                           8
46                                                      28                          14                          32                           8
47                                                      28                          14                          34                           8
48                                                      29                          14                          31                           8
49                                                      29                          14                          33                           8
50                                                      29                          14                          35                           8
51                                                      29                          14                          59                           8
52                                                      30                           8                          93                           1
53                                                      33                           8                          95                           1
54                                                      34                           8                         111                           1
55                                                      35                           8                         110                           1
56                                                      36                          14                          38                           8
57                                                      36                          14                          39                           8
58                                                      36                          14                          41                           8
59                                                      36                          14                          51                           8
60                                                      37                          14                          39                           8
61                                                      37                          14                          40                           8
62                                                      37                          14                          42                           8
63                                                      37                          14                          66                           8
64                                                      40                           8                          96                           1
65                                                      41                           8                         118                           1
66                                                      42                           8                         119                           1
67                                                      43                          14                          47                           8
68                                                      43                          14                          50                           8
69                                                      43                          14                          51                           8
70                                                      43                          14                          53                           8
71                                                      44                          13                          48                           8
72                                                      44                          13                          49                           8
73                                                      44                          13                          54                           8
74                                                      44                          13                          61                           8
75                                                      45                          14                          49                           8
76                                                      45                          14                          52                           8
77                                                      45                          14                          55                           8
78                                                      45                          14                          74                           8
79                                                      46                          14                          50                           8
80                                                      46                          14                          52                           8
81                                                      46                          14                          56                           8
82                                                      46                          14                          73                           8
83                                                      53                           8                         106                           1
84                                                      54                           8                         103                           1
85                                                      55                           8                         102                           1
86                                                      56                           8                         107                           1
87                                                      57                          14                          59                           8
88                                                      57                          14                          60                           8
89                                                      57                          14                          61                           8
90                                                      57                          14                          63                           8
91                                                      58                          14                          60                           8
92                                                      58                          14                          62                           8
93                                                      58                          14                          64                           8
94                                                      58                          14                          84                           8
95                                                      62                           8                          97                           1
96                                                      63                           8                         109                           1
97                                                      64                           8                         108                           1
98                                                      65                          14                          66                           8
99                                                      65                          14                          67                           8
100                                                     65                          14                          68                           8
101                                                     65                          14                          77                           8
102                                                     67                           8                          98                           1
103                                                     68                           8                         120                           1
104                                                     69                          14                          73                           8
105                                                     69                          14                          76                           8
106                                                     69                          14                          77                           8
107                                                     69                          14                          79                           8
108                                                     70                          14                          74                           8
109                                                     70                          14                          75                           8
110                                                     70                          14                          80                           8
111                                                     70                          14                          86                           8
112                                                     71                          14                          75                           8
113                                                     71                          14                          78                           8
114                                                     71                          14                          81                           8
115                                                     71                          14                          89                           8
116                                                     72                          14                          76                           8
117                                                     72                          14                          78                           8
118                                                     72                          14                          82                           8
119                                                     72                          14                          88                           8
120                                                     79                           8                         121                           1
121                                                     80                           8                         124                           1
122                                                     81                           8                         123                           1
123                                                     82                           8                         122                           1
124                                                     83                          14                          84                           8
125                                                     83                          14                          85                           8
126                                                     83                          14                          86                           8
127                                                     83                          14                          87                           8
128                                                     85                           8                          99                           1
129                                                     87                           8                         125                           1
130                                                     88                           8                         100                           1
131                                                     89                           8                         101                           1
   &BondOrders [&Type "ArrayOfDoubles", &Dim (132,1)] "The bond orders"
                                                         0

0                                      1.2635792673006372e+00
1                                      1.1374464037105207e+00
2                                      1.1610505715168251e+00
3                                      1.1540264809767784e+00
4                                      1.2653428970409719e+00
5                                      1.1434587691501406e+00
6                                      1.1605100783923854e+00
7                                      1.1447040017924739e+00
8                                      8.2413188539739557e-01
9                                      8.2348841187187716e-01
10                                     8.2671255671846788e-01
11                                     8.2725105017435763e-01
12                                     1.2663617391850350e+00
13                                     1.1428219968863247e+00
14                                     1.1637448189665698e+00
15                                     1.1465517169341803e+00
16                                     1.1546575316298078e+00
17                                     1.2627372471201883e+00
18                                     1.1584489907954663e+00
19                                     1.1404330276277395e+00
20                                     8.2353721151610604e-01
21                                     8.2389770753117186e-01
22                                     8.2648746855417898e-01
23                                     8.2718878532885809e-01
24                                     1.1612384036952190e+00
25                                     1.1733937780017880e+00
26                                     1.1526289673696251e+00
27                                     1.1951284759170009e+00
28                                     1.1484001275676838e+00
29                                     1.2003925272648743e+00
30                                     1.1924694373713616e+00
31                                     1.1540042726725250e+00
32                                     1.1136237305082046e+00
33                                     1.1096118747185737e+00
34                                     1.1442472624528106e+00
35                                     1.3341190109977932e+00
36                                     1.1533875822712623e+00
37                                     1.1922508804946927e+00
38                                     1.1840314315347871e+00
39                                     1.1480721066041581e+00
40                                     8.2480095661155017e-01
41                                     8.2624525487407885e-01
42                                     8.3645820579507335e-01
43                                     8.2667992199286000e-01
44                                     1.2630753709902456e+00
45                                     1.1554146615092240e+00
46                                     1.1432689517990318e+00
47                                     1.1554592393741350e+00
48                                     1.1396470532198493e+00
49                                     1.2581488356661175e+00
50                                     1.1603981350154617e+00
51                                     1.1710457862166026e+00
52                                     8.2412505708567407e-01
53                                     8.2537994462353259e-01
54                                     8.2752936463374371e-01
55                                     8.2820526171625342e-01
56                                     1.1623738761788134e+00
57                                     1.1533069156943474e+00
58                                     1.1949907894292369e+00
59                                     1.1708044313093082e+00
60                                     1.1512464411704770e+00
61                                     1.2627950641641021e+00
62                                     1.1623985933148564e+00
63                                     1.1402017107974722e+00
64                                     8.2406695786357342e-01
65                                     8.2460432886374946e-01
66                                     8.2613208741842015e-01
67                                     1.1710053599063173e+00
68                                     1.1604793911620366e+00
69                                     1.1553514517467536e+00
70                                     1.1825747586456485e+00
71                                     1.0078878173435279e+00
72                                     1.0099120652313012e+00
73                                     1.0249680719034842e+00
74                                     9.9850266245818298e-01
75                                     1.3335071060071002e+00
76                                     1.1197558797575835e+00
77                                     1.1339445620857858e+00
78                                     1.1115366557034825e+00
79                                     1.1585270815668749e+00
80                                     1.1844042382540365e+00
81                                     1.1794123656905531e+00
82                                     1.1538539456599950e+00
83                                     8.2411531364262980e-01
84                                     8.7545044346216039e-01
85                                     8.1248384383151862e-01
86                                     8.2272539661752653e-01
87                                     1.1143207399081827e+00
88                                     1.1190943084464331e+00
89                                     1.3449799644972051e+00
90                                     1.1463988265345730e+00
91                                     1.1713203185339123e+00
92                                     1.2580624930618567e+00
93                                     1.1561101698259855e+00
94                                     1.1382119018151422e+00
95                                     8.2512899513903715e-01
96                                     8.3224827234240195e-01
97                                     8.2560904912772337e-01
98                                     1.1448566079079501e+00
99                                     1.2643937766488806e+00
100                                    1.1593389844595361e+00
101                                    1.1437447202963826e+00
102                                    8.2341921915426386e-01
103                                    8.2729384858100929e-01
104                                    1.1744345365822029e+00
105                                    1.1532057697082811e+00
106                                    1.1590859624641303e+00
107                                    1.1963842346075775e+00
108                                    1.2005053052814327e+00
109                                    1.1540064187376118e+00
110                                    1.1904509244708363e+00
111                                    1.1476535179142484e+00
112                                    1.1461889874135951e+00
113                                    1.1499953775257890e+00
114                                    1.1583247442008469e+00
115                                    1.2622264884718222e+00
116                                    1.1492212220322515e+00
117                                    1.1436423266790543e+00
118                                    1.1622027133243509e+00
119                                    1.2648667004996672e+00
120                                    8.2459101580591254e-01
121                                    8.2621390246008430e-01
122                                    8.2710479853828345e-01
123                                    8.2651611130623137e-01
124                                    1.1438000263646084e+00
125                                    1.2617665538651672e+00
126                                    1.1522381179195460e+00
127                                    1.1609519853321146e+00
128                                    8.2437777921790445e-01
129                                    8.2630783992971957e-01
130                                    8.2369236678158264e-01
131                                    8.2403457465024255e-01
   &ATNO [&Type "ArrayOfIntegers", &Dim (126,1)] "Atomic number of the elements"
                                                         0

0                                                       14
1                                                       14
2                                                        8
3                                                        8
4                                                        8
5                                                        8
6                                                        8
7                                                       14
8                                                       14
9                                                        8
10                                                       8
11                                                       8
12                                                       8
13                                                       8
14                                                      14
15                                                      14
16                                                      14
17                                                      14
18                                                       8
19                                                       8
20                                                       8
21                                                       8
22                                                       8
23                                                       8
24                                                       8
25                                                       8
26                                                       8
27                                                       8
28                                                      14
29                                                      14
30                                                       8
31                                                       8
32                                                       8
33                                                       8
34                                                       8
35                                                       8
36                                                      14
37                                                      14
38                                                       8
39                                                       8
40                                                       8
41                                                       8
42                                                       8
43                                                      14
44                                                      13
45                                                      14
46                                                      14
47                                                       8
48                                                       8
49                                                       8
50                                                       8
51                                                       8
52                                                       8
53                                                       8
54                                                       8
55                                                       8
56                                                       8
57                                                      14
58                                                      14
59                                                       8
60                                                       8
61                                                       8
62                                                       8
63                                                       8
64                                                       8
65                                                      14
66                                                       8
67                                                       8
68                                                       8
69                                                      14
70                                                      14
71                                                      14
72                                                      14
73                                                       8
74                                                       8
75                                                       8
76                                                       8
77                                                       8
78                                                       8
79                                                       8
80                                                       8
81                                                       8
82                                                       8
83                                                      14
84                                                       8
85                                                       8
86                                                       8
87                                                       8
88                                                       8
89                                                       8
90                                                       1
91                                                       1
92                                                       1
93                                                       1
94                                                       1
95                                                       1
96                                                       1
97                                                       1
98                                                       1
99                                                       1
100                                                      1
101                                                      1
102                                                      1
103                                                      1
104                                                      1
105                                                      1
106                                                      1
107                                                      1
108                                                      1
109                                                      1
110                                                      1
111                                                      1
112                                                      1
113                                                      1
114                                                      1
115                                                      1
116                                                      1
117                                                      1
118                                                      1
119                                                      1
120                                                      1
121                                                      1
122                                                      1
123                                                      1
124                                                      1
125                                                      1
   &NA [&Type "ArrayOfDoubles", &Dim (126,1)] "Mulliken gross atomic population"
                                                         0

0                                      1.3247447757691331e+01
1                                      1.3249714854874663e+01
2                                      8.6065097465812848e+00
3                                      8.6061438449753851e+00
4                                      8.3599025584802895e+00
5                                      8.5689954117150311e+00
6                                      8.5664537641637821e+00
7                                      1.3250767233730773e+01
8                                      1.3250315628955773e+01
9                                      8.6060999643748044e+00
10                                     8.3479639668858301e+00
11                                     8.6075672962749401e+00
12                                     8.5667224516974407e+00
13                                     8.5677801394948165e+00
14                                     1.3274060245708586e+01
15                                     1.3285427538240798e+01
16                                     1.3305198461964384e+01
17                                     1.3303681794702253e+01
18                                     8.3459693953704743e+00
19                                     8.3485436940482973e+00
20                                     8.3594611576992506e+00
21                                     8.3545692135496346e+00
22                                     8.3560541760355385e+00
23                                     8.3519914979818335e+00
24                                     8.5521806535037133e+00
25                                     8.5540615115774159e+00
26                                     8.5644570755918252e+00
27                                     8.5519067374782800e+00
28                                     1.3249451614897719e+01
29                                     1.3257957168230709e+01
30                                     8.6068811669877103e+00
31                                     8.3501402260078947e+00
32                                     8.3594350433008326e+00
33                                     8.6106284426582143e+00
34                                     8.5691107114383414e+00
35                                     8.5697974918651418e+00
36                                     1.3274275350275811e+01
37                                     1.3249374409480550e+01
38                                     8.3546435211397370e+00
39                                     8.3474055476899132e+00
40                                     8.6071132171627038e+00
41                                     8.5521014493901752e+00
42                                     8.5682668174139227e+00
43                                     1.3294608527825815e+01
44                                     1.2668290496670853e+01
45                                     1.3310660670510046e+01
46                                     1.3303561940210155e+01
47                                     8.3444946972671517e+00
48                                     8.3846493090931702e+00
49                                     8.3829466902982350e+00
50                                     8.3415773275345018e+00
51                                     8.3541632875911347e+00
52                                     8.3554023519688414e+00
53                                     8.5521859497850716e+00
54                                     8.6708071531010091e+00
55                                     8.5765897520271217e+00
56                                     8.5547369334551391e+00
57                                     1.3299380763212074e+01
58                                     1.3256936623575498e+01
59                                     8.3623026874733739e+00
60                                     8.3559738034112385e+00
61                                     8.3955570331453835e+00
62                                     8.6107137332209636e+00
63                                     8.5665076262300701e+00
64                                     8.5705413107885260e+00
65                                     1.3248437791849621e+01
66                                     8.3557281634610199e+00
67                                     8.6067027768534068e+00
68                                     8.5670602175042490e+00
69                                     1.3274939596056260e+01
70                                     1.3283287633494178e+01
71                                     1.3249144584480412e+01
72                                     1.3251009566125383e+01
73                                     8.3550690758836907e+00
74                                     8.3601952074250789e+00
75                                     8.3555333650927164e+00
76                                     8.3525027813076562e+00
77                                     8.3496407285536378e+00
78                                     8.3522425447807294e+00
79                                     8.5514156790465172e+00
80                                     8.5549907935049490e+00
81                                     8.5680653162269760e+00
82                                     8.5677017537995308e+00
83                                     1.3249816449222688e+01
84                                     8.3577280093650419e+00
85                                     8.6073397996802452e+00
86                                     8.3521879249534656e+00
87                                     8.5687808877372014e+00
88                                     8.6071355844108179e+00
89                                     8.6077149261756478e+00
90                                     6.0759713291782935e-01
91                                     6.0758635939010575e-01
92                                     6.0814449144680960e-01
93                                     6.0829467602671805e-01
94                                     6.0794287834841532e-01
95                                     6.0948552082664142e-01
96                                     6.0797831168389072e-01
97                                     6.0921372905541216e-01
98                                     6.0745882378064442e-01
99                                     6.0837582443068094e-01
100                                    6.0771701853554139e-01
101                                    6.0816285868787623e-01
102                                    6.4428989574354278e-01
103                                    6.7097116451019856e-01
104                                    6.4165500031718203e-01
105                                    6.3214785370209359e-01
106                                    6.3045662073831510e-01
107                                    6.3154029657490773e-01
108                                    6.3181746521433158e-01
109                                    6.3846708492494963e-01
110                                    6.3148710443798106e-01
111                                    6.2925484705202794e-01
112                                    6.3170018204375045e-01
113                                    6.2868509029164865e-01
114                                    6.2977073788279281e-01
115                                    6.3000506696065095e-01
116                                    6.2976518462892817e-01
117                                    6.2872985480245125e-01
118                                    6.3017818978347073e-01
119                                    6.2856082101197830e-01
120                                    6.2922005377380441e-01
121                                    6.3051972686699342e-01
122                                    6.2932318709877899e-01
123                                    6.2932024976837686e-01
124                                    6.3118943202656808e-01
125                                    6.2949748804103522e-01
   &ZA [&Type "ArrayOfDoubles", &Dim (126,1)] "Total nuclear charge"
                                                         0

0                                      1.4000000000000000e+01
1                                      1.4000000000000000e+01
2                                      8.0000000000000000e+00
3                                      8.0000000000000000e+00
4                                      8.0000000000000000e+00
5                                      8.0000000000000000e+00
6                                      8.0000000000000000e+00
7                                      1.4000000000000000e+01
8                                      1.4000000000000000e+01
9                                      8.0000000000000000e+00
10                                     8.0000000000000000e+00
11                                     8.0000000000000000e+00
12                                     8.0000000000000000e+00
13                                     8.0000000000000000e+00
14                                     1.4000000000000000e+01
15                                     1.4000000000000000e+01
16                                     1.4000000000000000e+01
17                                     1.4000000000000000e+01
18                                     8.0000000000000000e+00
19                                     8.0000000000000000e+00
20                                     8.0000000000000000e+00
21                                     8.0000000000000000e+00
22                                     8.0000000000000000e+00
23                                     8.0000000000000000e+00
24                                     8.0000000000000000e+00
25                                     8.0000000000000000e+00
26                                     8.0000000000000000e+00
27                                     8.0000000000000000e+00
28                                     1.4000000000000000e+01
29                                     1.4000000000000000e+01
30                                     8.0000000000000000e+00
31                                     8.0000000000000000e+00
32                                     8.0000000000000000e+00
33                                     8.0000000000000000e+00
34                                     8.0000000000000000e+00
35                                     8.0000000000000000e+00
36                                     1.4000000000000000e+01
37                                     1.4000000000000000e+01
38                                     8.0000000000000000e+00
39                                     8.0000000000000000e+00
40                                     8.0000000000000000e+00
41                                     8.0000000000000000e+00
42                                     8.0000000000000000e+00
43                                     1.4000000000000000e+01
44                                     1.3000000000000000e+01
45                                     1.4000000000000000e+01
46                                     1.4000000000000000e+01
47                                     8.0000000000000000e+00
48                                     8.0000000000000000e+00
49                                     8.0000000000000000e+00
50                                     8.0000000000000000e+00
51                                     8.0000000000000000e+00
52                                     8.0000000000000000e+00
53                                     8.0000000000000000e+00
54                                     8.0000000000000000e+00
55                                     8.0000000000000000e+00
56                                     8.0000000000000000e+00
57                                     1.4000000000000000e+01
58                                     1.4000000000000000e+01
59                                     8.0000000000000000e+00
60                                     8.0000000000000000e+00
61                                     8.0000000000000000e+00
62                                     8.0000000000000000e+00
63                                     8.0000000000000000e+00
64                                     8.0000000000000000e+00
65                                     1.4000000000000000e+01
66                                     8.0000000000000000e+00
67                                     8.0000000000000000e+00
68                                     8.0000000000000000e+00
69                                     1.4000000000000000e+01
70                                     1.4000000000000000e+01
71                                     1.4000000000000000e+01
72                                     1.4000000000000000e+01
73                                     8.0000000000000000e+00
74                                     8.0000000000000000e+00
75                                     8.0000000000000000e+00
76                                     8.0000000000000000e+00
77                                     8.0000000000000000e+00
78                                     8.0000000000000000e+00
79                                     8.0000000000000000e+00
80                                     8.0000000000000000e+00
81                                     8.0000000000000000e+00
82                                     8.0000000000000000e+00
83                                     1.4000000000000000e+01
84                                     8.0000000000000000e+00
85                                     8.0000000000000000e+00
86                                     8.0000000000000000e+00
87                                     8.0000000000000000e+00
88                                     8.0000000000000000e+00
89                                     8.0000000000000000e+00
90                                     1.0000000000000000e+00
91                                     1.0000000000000000e+00
92                                     1.0000000000000000e+00
93                                     1.0000000000000000e+00
94                                     1.0000000000000000e+00
95                                     1.0000000000000000e+00
96                                     1.0000000000000000e+00
97                                     1.0000000000000000e+00
98                                     1.0000000000000000e+00
99                                     1.0000000000000000e+00
100                                    1.0000000000000000e+00
101                                    1.0000000000000000e+00
102                                    1.0000000000000000e+00
103                                    1.0000000000000000e+00
104                                    1.0000000000000000e+00
105                                    1.0000000000000000e+00
106                                    1.0000000000000000e+00
107                                    1.0000000000000000e+00
108                                    1.0000000000000000e+00
109                                    1.0000000000000000e+00
110                                    1.0000000000000000e+00
111                                    1.0000000000000000e+00
112                                    1.0000000000000000e+00
113                                    1.0000000000000000e+00
114                                    1.0000000000000000e+00
115                                    1.0000000000000000e+00
116                                    1.0000000000000000e+00
117                                    1.0000000000000000e+00
118                                    1.0000000000000000e+00
119                                    1.0000000000000000e+00
120                                    1.0000000000000000e+00
121                                    1.0000000000000000e+00
122                                    1.0000000000000000e+00
123                                    1.0000000000000000e+00
124                                    1.0000000000000000e+00
125                                    1.0000000000000000e+00
   &QA [&Type "ArrayOfDoubles", &Dim (126,1)] "Mulliken gross atomic charge"
                                                         0

0                                      7.5255224230866880e-01
1                                      7.5028514512533739e-01
2                                     -6.0650974658128476e-01
3                                     -6.0614384497538509e-01
4                                     -3.5990255848028951e-01
5                                     -5.6899541171503110e-01
6                                     -5.6645376416378213e-01
7                                      7.4923276626922686e-01
8                                      7.4968437104422669e-01
9                                     -6.0609996437480440e-01
10                                    -3.4796396688583009e-01
11                                    -6.0756729627494011e-01
12                                    -5.6672245169744073e-01
13                                    -5.6778013949481654e-01
14                                     7.2593975429141366e-01
15                                     7.1457246175920197e-01
16                                     6.9480153803561606e-01
17                                     6.9631820529774657e-01
18                                    -3.4596939537047433e-01
19                                    -3.4854369404829733e-01
20                                    -3.5946115769925058e-01
21                                    -3.5456921354963455e-01
22                                    -3.5605417603553846e-01
23                                    -3.5199149798183349e-01
24                                    -5.5218065350371326e-01
25                                    -5.5406151157741590e-01
26                                    -5.6445707559182523e-01
27                                    -5.5190673747828001e-01
28                                     7.5054838510228095e-01
29                                     7.4204283176929131e-01
30                                    -6.0688116698771033e-01
31                                    -3.5014022600789474e-01
32                                    -3.5943504330083265e-01
33                                    -6.1062844265821425e-01
34                                    -5.6911071143834135e-01
35                                    -5.6979749186514184e-01
36                                     7.2572464972418871e-01
37                                     7.5062559051944966e-01
38                                    -3.5464352113973696e-01
39                                    -3.4740554768991316e-01
40                                    -6.0711321716270383e-01
41                                    -5.5210144939017525e-01
42                                    -5.6826681741392271e-01
43                                     7.0539147217418474e-01
44                                     3.3170950332914728e-01
45                                     6.8933932948995391e-01
46                                     6.9643805978984474e-01
47                                    -3.4449469726715165e-01
48                                    -3.8464930909317019e-01
49                                    -3.8294669029823503e-01
50                                    -3.4157732753450176e-01
51                                    -3.5416328759113469e-01
52                                    -3.5540235196884140e-01
53                                    -5.5218594978507163e-01
54                                    -6.7080715310100913e-01
55                                    -5.7658975202712170e-01
56                                    -5.5473693345513908e-01
57                                     7.0061923678792581e-01
58                                     7.4306337642450160e-01
59                                    -3.6230268747337391e-01
60                                    -3.5597380341123852e-01
61                                    -3.9555703314538349e-01
62                                    -6.1071373322096356e-01
63                                    -5.6650762623007012e-01
64                                    -5.7054131078852599e-01
65                                     7.5156220815037855e-01
66                                    -3.5572816346101988e-01
67                                    -6.0670277685340679e-01
68                                    -5.6706021750424895e-01
69                                     7.2506040394373983e-01
70                                     7.1671236650582237e-01
71                                     7.5085541551958812e-01
72                                     7.4899043387461717e-01
73                                    -3.5506907588369074e-01
74                                    -3.6019520742507893e-01
75                                    -3.5553336509271638e-01
76                                    -3.5250278130765622e-01
77                                    -3.4964072855363781e-01
78                                    -3.5224254478072936e-01
79                                    -5.5141567904651723e-01
80                                    -5.5499079350494895e-01
81                                    -5.6806531622697598e-01
82                                    -5.6770175379953081e-01
83                                     7.5018355077731158e-01
84                                    -3.5772800936504190e-01
85                                    -6.0733979968024521e-01
86                                    -3.5218792495346563e-01
87                                    -5.6878088773720137e-01
88                                    -6.0713558441081794e-01
89                                    -6.0771492617564782e-01
90                                     3.9240286708217065e-01
91                                     3.9241364060989425e-01
92                                     3.9185550855319040e-01
93                                     3.9170532397328195e-01
94                                     3.9205712165158468e-01
95                                     3.9051447917335858e-01
96                                     3.9202168831610928e-01
97                                     3.9078627094458784e-01
98                                     3.9254117621935558e-01
99                                     3.9162417556931906e-01
100                                    3.9228298146445861e-01
101                                    3.9183714131212377e-01
102                                    3.5571010425645722e-01
103                                    3.2902883548980144e-01
104                                    3.5834499968281797e-01
105                                    3.6785214629790641e-01
106                                    3.6954337926168490e-01
107                                    3.6845970342509227e-01
108                                    3.6818253478566842e-01
109                                    3.6153291507505037e-01
110                                    3.6851289556201894e-01
111                                    3.7074515294797206e-01
112                                    3.6829981795624955e-01
113                                    3.7131490970835135e-01
114                                    3.7022926211720719e-01
115                                    3.6999493303934905e-01
116                                    3.7023481537107183e-01
117                                    3.7127014519754875e-01
118                                    3.6982181021652927e-01
119                                    3.7143917898802170e-01
120                                    3.7077994622619559e-01
121                                    3.6948027313300658e-01
122                                    3.7067681290122101e-01
123                                    3.7067975023162314e-01
124                                    3.6881056797343192e-01
125                                    3.7050251195896478e-01
   &VA [&Type "ArrayOfDoubles", &Dim (126,1)] "Mayer's total valence"
                                                         0

0                                      4.9092694655233888e+00
1                                      4.9111817376332638e+00
2                                      2.0411293915883011e+00
3                                      2.0428654699872570e+00
4                                      2.2601005194177404e+00
5                                      2.0098895670343744e+00
6                                      2.0119892933680887e+00
7                                      4.9143671147807702e+00
8                                      4.9140727763628114e+00
9                                      2.0437578429437746e+00
10                                     2.2622745616626352e+00
11                                     2.0398584262215085e+00
12                                     2.0123840004069322e+00
13                                     2.0123778662088032e+00
14                                     4.8898977135690025e+00
15                                     4.9044943670345535e+00
16                                     4.8828002146183938e+00
17                                     4.9157465923962356e+00
18                                     2.2824037827121630e+00
19                                     2.2779051213536494e+00
20                                     2.3057326645090921e+00
21                                     2.3251478716939928e+00
22                                     2.2843626675786499e+00
23                                     2.2903146432169610e+00
24                                     2.0513344005128609e+00
25                                     2.0465978403232103e+00
26                                     2.0218772859942291e+00
27                                     2.0477992321829745e+00
28                                     4.9116133751857056e+00
29                                     4.9225858353178644e+00
30                                     2.0395020043578782e+00
31                                     2.2581238226475557e+00
32                                     2.2814383775412868e+00
33                                     2.0350768668376809e+00
34                                     2.0099253752459827e+00
35                                     2.0064622825757823e+00
36                                     4.8897452490905025e+00
37                                     4.9112402499312253e+00
38                                     2.2880886419672182e+00
39                                     2.2823660334143590e+00
40                                     2.0406423821072792e+00
41                                     2.0517122074457923e+00
42                                     2.0112179700504811e+00
43                                     4.9036885383349329e+00
44                                     4.3041298818225826e+00
45                                     4.8935155170735651e+00
46                                     4.9164300514527852e+00
47                                     2.3130260134074518e+00
48                                     2.2886401614141922e+00
49                                     2.2823793018242391e+00
50                                     2.3091054183404056e+00
51                                     2.3248264225433921e+00
52                                     2.2954792428711102e+00
53                                     2.0505718751659270e+00
54                                     1.9383618553839241e+00
55                                     2.0012085859093141e+00
56                                     2.0442832983169037e+00
57                                     4.8857012254168311e+00
58                                     4.9194482961204677e+00
59                                     2.2680820624671956e+00
60                                     2.2606673077789505e+00
61                                     2.2973256217417646e+00
62                                     2.0345189725343698e+00
63                                     2.0238901258070214e+00
64                                     2.0041879687149109e+00
65                                     4.9093391922916627e+00
66                                     2.2637847705725331e+00
67                                     2.0422398368351420e+00
68                                     2.0117300059065695e+00
69                                     4.8914818663017456e+00
70                                     4.9013322614209187e+00
71                                     4.9135097814512161e+00
72                                     4.9144617995673219e+00
73                                     2.3265307755008644e+00
74                                     2.3102342440675496e+00
75                                     2.2840171839029164e+00
76                                     2.2867621698884175e+00
77                                     2.2801361814506169e+00
78                                     2.2586256392827977e+00
79                                     2.0517743246809772e+00
80                                     2.0462274841164501e+00
81                                     2.0112042625510380e+00
82                                     2.0114718159103102e+00
83                                     4.9103055001572429e+00
84                                     2.2595999521827341e+00
85                                     2.0390724574432575e+00
86                                     2.2763352369249388e+00
87                                     2.0091754205275745e+00
88                                     2.0422031868754011e+00
89                                     2.0392736387459944e+00
90                                     8.6314773313225912e-01
91                                     8.6307729736513317e-01
92                                     8.6349277862383478e-01
93                                     8.6370805856596866e-01
94                                     8.6338110961730852e-01
95                                     8.6450619671774032e-01
96                                     8.6333838740573565e-01
97                                     8.6425466980533761e-01
98                                     8.6298345491648620e-01
99                                     8.6372200999561788e-01
100                                    8.6326656272860192e-01
101                                    8.6359257569858250e-01
102                                    9.2864679624694246e-01
103                                    9.2064980993085010e-01
104                                    9.0821008338614262e-01
105                                    9.0192644038536207e-01
106                                    9.0111675312285766e-01
107                                    9.0352870870119706e-01
108                                    9.0212621589039454e-01
109                                    9.0606964448557259e-01
110                                    9.0010201678066781e-01
111                                    8.9804501875750398e-01
112                                    9.0156455274375069e-01
113                                    8.9751892387228038e-01
114                                    8.9819776090931180e-01
115                                    9.0021748332218043e-01
116                                    8.9866314408417625e-01
117                                    8.9739636682256940e-01
118                                    9.0069856674158499e-01
119                                    8.9766136133112262e-01
120                                    8.9749317906382886e-01
121                                    9.0099989271413006e-01
122                                    8.9808916709458508e-01
123                                    8.9823944338898942e-01
124                                    9.0104544833732070e-01
125                                    8.9888002590077920e-01
   &BVA [&Type "ArrayOfDoubles", &Dim (126,1)] "Mayer's bonded valence"
                                                         0

0                                      4.9092694655233799e+00
1                                      4.9111817376331981e+00
2                                      2.0411293915883064e+00
3                                      2.0428654699873068e+00
4                                      2.2601005194178043e+00
5                                      2.0098895670344348e+00
6                                      2.0119892933681314e+00
7                                      4.9143671147808128e+00
8                                      4.9140727763628504e+00
9                                      2.0437578429437870e+00
10                                     2.2622745616626965e+00
11                                     2.0398584262215920e+00
12                                     2.0123840004069979e+00
13                                     2.0123778662088050e+00
14                                     4.8898977135690576e+00
15                                     4.9044943670345891e+00
16                                     4.8828002146184382e+00
17                                     4.9157465923962498e+00
18                                     2.2824037827121142e+00
19                                     2.2779051213537018e+00
20                                     2.3057326645091241e+00
21                                     2.3251478716940266e+00
22                                     2.2843626675786020e+00
23                                     2.2903146432169512e+00
24                                     2.0513344005128928e+00
25                                     2.0465978403233009e+00
26                                     2.0218772859942433e+00
27                                     2.0477992321829817e+00
28                                     4.9116133751857376e+00
29                                     4.9225858353179355e+00
30                                     2.0395020043578977e+00
31                                     2.2581238226475140e+00
32                                     2.2814383775412646e+00
33                                     2.0350768668376915e+00
34                                     2.0099253752460289e+00
35                                     2.0064622825758605e+00
36                                     4.8897452490905824e+00
37                                     4.9112402499312182e+00
38                                     2.2880886419672848e+00
39                                     2.2823660334144495e+00
40                                     2.0406423821072863e+00
41                                     2.0517122074457887e+00
42                                     2.0112179700505450e+00
43                                     4.9036885383350342e+00
44                                     4.3041298818226412e+00
45                                     4.8935155170736842e+00
46                                     4.9164300514528279e+00
47                                     2.3130260134074199e+00
48                                     2.2886401614142038e+00
49                                     2.2823793018242675e+00
50                                     2.3091054183403577e+00
51                                     2.3248264225434472e+00
52                                     2.2954792428711865e+00
53                                     2.0505718751659252e+00
54                                     1.9383618553839277e+00
55                                     2.0012085859093318e+00
56                                     2.0442832983168735e+00
57                                     4.8857012254169945e+00
58                                     4.9194482961205601e+00
59                                     2.2680820624671743e+00
60                                     2.2606673077789772e+00
61                                     2.2973256217417788e+00
62                                     2.0345189725344284e+00
63                                     2.0238901258070747e+00
64                                     2.0041879687149216e+00
65                                     4.9093391922917036e+00
66                                     2.2637847705725687e+00
67                                     2.0422398368351224e+00
68                                     2.0117300059065979e+00
69                                     4.8914818663017474e+00
70                                     4.9013322614210022e+00
71                                     4.9135097814512161e+00
72                                     4.9144617995674373e+00
73                                     2.3265307755008227e+00
74                                     2.3102342440676207e+00
75                                     2.2840171839029288e+00
76                                     2.2867621698884371e+00
77                                     2.2801361814506702e+00
78                                     2.2586256392828519e+00
79                                     2.0517743246810056e+00
80                                     2.0462274841164572e+00
81                                     2.0112042625510291e+00
82                                     2.0114718159103155e+00
83                                     4.9103055001572713e+00
84                                     2.2595999521827661e+00
85                                     2.0390724574432859e+00
86                                     2.2763352369250356e+00
87                                     2.0091754205276260e+00
88                                     2.0422031868754367e+00
89                                     2.0392736387459962e+00
90                                     8.6314773313226267e-01
91                                     8.6307729736514305e-01
92                                     8.6349277862383522e-01
93                                     8.6370805856597188e-01
94                                     8.6338110961731229e-01
95                                     8.6450619671774209e-01
96                                     8.6333838740574231e-01
97                                     8.6425466980533816e-01
98                                     8.6298345491648909e-01
99                                     8.6372200999561999e-01
100                                    8.6326656272860391e-01
101                                    8.6359257569858416e-01
102                                    9.2864679624694568e-01
103                                    9.2064980993085033e-01
104                                    9.0821008338614251e-01
105                                    9.0192644038536296e-01
106                                    9.0111675312285944e-01
107                                    9.0352870870119995e-01
108                                    9.0212621589039288e-01
109                                    9.0606964448557259e-01
110                                    9.0010201678067026e-01
111                                    8.9804501875750831e-01
112                                    9.0156455274376024e-01
113                                    8.9751892387228271e-01
114                                    8.9819776090931491e-01
115                                    9.0021748332218088e-01
116                                    8.9866314408418280e-01
117                                    8.9739636682257129e-01
118                                    9.0069856674158399e-01
119                                    8.9766136133112739e-01
120                                    8.9749317906382675e-01
121                                    9.0099989271412728e-01
122                                    8.9808916709458719e-01
123                                    8.9823944338898454e-01
124                                    9.0104544833732736e-01
125                                    8.9888002590078853e-01
   &FA [&Type "ArrayOfDoubles", &Dim (126,1)] "Mayer's free valence"
                                                         0

0                                      0.0000000000000000e+00
1                                      0.0000000000000000e+00
2                                      0.0000000000000000e+00
3                                      0.0000000000000000e+00
4                                      0.0000000000000000e+00
5                                      0.0000000000000000e+00
6                                      0.0000000000000000e+00
7                                      0.0000000000000000e+00
8                                      0.0000000000000000e+00
9                                      0.0000000000000000e+00
10                                     0.0000000000000000e+00
11                                     0.0000000000000000e+00
12                                     0.0000000000000000e+00
13                                     0.0000000000000000e+00
14                                     0.0000000000000000e+00
15                                     0.0000000000000000e+00
16                                     0.0000000000000000e+00
17                                     0.0000000000000000e+00
18                                     0.0000000000000000e+00
19                                     0.0000000000000000e+00
20                                     0.0000000000000000e+00
21                                     0.0000000000000000e+00
22                                     0.0000000000000000e+00
23                                     0.0000000000000000e+00
24                                     0.0000000000000000e+00
25                                     0.0000000000000000e+00
26                                     0.0000000000000000e+00
27                                     0.0000000000000000e+00
28                                     0.0000000000000000e+00
29                                     0.0000000000000000e+00
30                                     0.0000000000000000e+00
31                                     0.0000000000000000e+00
32                                     0.0000000000000000e+00
33                                     0.0000000000000000e+00
34                                     0.0000000000000000e+00
35                                     0.0000000000000000e+00
36                                     0.0000000000000000e+00
37                                     0.0000000000000000e+00
38                                     0.0000000000000000e+00
39                                     0.0000000000000000e+00
40                                     0.0000000000000000e+00
41                                     0.0000000000000000e+00
42                                     0.0000000000000000e+00
43                                     0.0000000000000000e+00
44                                     0.0000000000000000e+00
45                                     0.0000000000000000e+00
46                                     0.0000000000000000e+00
47                                     0.0000000000000000e+00
48                                     0.0000000000000000e+00
49                                     0.0000000000000000e+00
50                                     0.0000000000000000e+00
51                                     0.0000000000000000e+00
52                                     0.0000000000000000e+00
53                                     0.0000000000000000e+00
54                                     0.0000000000000000e+00
55                                     0.0000000000000000e+00
56                                     0.0000000000000000e+00
57                                     0.0000000000000000e+00
58                                     0.0000000000000000e+00
59                                     0.0000000000000000e+00
60                                     0.0000000000000000e+00
61                                     0.0000000000000000e+00
62                                     0.0000000000000000e+00
63                                     0.0000000000000000e+00
64                                     0.0000000000000000e+00
65                                     0.0000000000000000e+00
66                                     0.0000000000000000e+00
67                                     0.0000000000000000e+00
68                                     0.0000000000000000e+00
69                                     0.0000000000000000e+00
70                                     0.0000000000000000e+00
71                                     0.0000000000000000e+00
72                                     0.0000000000000000e+00
73                                     0.0000000000000000e+00
74                                     0.0000000000000000e+00
75                                     0.0000000000000000e+00
76                                     0.0000000000000000e+00
77                                     0.0000000000000000e+00
78                                     0.0000000000000000e+00
79                                     0.0000000000000000e+00
80                                     0.0000000000000000e+00
81                                     0.0000000000000000e+00
82                                     0.0000000000000000e+00
83                                     0.0000000000000000e+00
84                                     0.0000000000000000e+00
85                                     0.0000000000000000e+00
86                                     0.0000000000000000e+00
87                                     0.0000000000000000e+00
88                                     0.0000000000000000e+00
89                                     0.0000000000000000e+00
90                                     0.0000000000000000e+00
91                                     0.0000000000000000e+00
92                                     0.0000000000000000e+00
93                                     0.0000000000000000e+00
94                                     0.0000000000000000e+00
95                                     0.0000000000000000e+00
96                                     0.0000000000000000e+00
97                                     0.0000000000000000e+00
98                                     0.0000000000000000e+00
99                                     0.0000000000000000e+00
100                                    0.0000000000000000e+00
101                                    0.0000000000000000e+00
102                                    0.0000000000000000e+00
103                                    0.0000000000000000e+00
104                                    0.0000000000000000e+00
105                                    0.0000000000000000e+00
106                                    0.0000000000000000e+00
107                                    0.0000000000000000e+00
108                                    0.0000000000000000e+00
109                                    0.0000000000000000e+00
110                                    0.0000000000000000e+00
111                                    0.0000000000000000e+00
112                                    0.0000000000000000e+00
113                                    0.0000000000000000e+00
114                                    0.0000000000000000e+00
115                                    0.0000000000000000e+00
116                                    0.0000000000000000e+00
117                                    0.0000000000000000e+00
118                                    0.0000000000000000e+00
119                                    0.0000000000000000e+00
120                                    0.0000000000000000e+00
121                                    0.0000000000000000e+00
122                                    0.0000000000000000e+00
123                                    0.0000000000000000e+00
124                                    0.0000000000000000e+00
125                                    0.0000000000000000e+00
   &Method [&Type "String"] "SCF"
   &Level [&Type "String"] "Relaxed density"
   &Mult [&Type "Integer"] 1
   &State [&Type "Integer"] -1
   &Irrep [&Type "Integer"] 0
$End
$SCF_Energy
   &GeometryIndex 9
   &Method [&Type "String"] "SCF"
   &totalEnergy [&Type "ArrayOfDoubles", &Dim (1,1)] "Total energy of each state"
                                                         0

0                                     -1.1887289658002166e+04
   &Mult [&Type "ArrayOfIntegers", &Dim (1,1)] "Multiplicity of each state"
                                                         0

0                                                        1
$End
$DFT_Energy
   &GeometryIndex 9
   &nAlphaEl [&Type "Integer"] 450
   &nBetaEl [&Type "Integer"] 450
   &nTotalEl [&Type "Integer"] 900
   &finalEn [&Type "Double"]      -1.1887289658002166e+04  "No Van der Waals correction"
   &eExchange [&Type "Double"]      -7.8392177637949555e+02
   &eCorr [&Type "Double"]      -3.2290157641707708e+01
   &eXC [&Type "Double"]      -8.1621193402120321e+02
   &eCNL [&Type "Double"]       0.0000000000000000e+00
$End
$Solvation_Details
   &GeometryIndex 9
   &Solvent [&Type "String"] "CONDUCTOR"
   &Epsilon [&Type "Double"]      -1.0000000000000000e+00
   &Refrac [&Type "Double"]       1.3300000000000001e+00
   &RSolv [&Type "Double"]       1.3000000000000000e+00
   &SurfaceType [&Type "String"] "GAUSSIAN VDW"
   &CPCMDielEnergy [&Type "Double"]      -2.6938372199999999e-01
   &NPoints [&Type "Integer"] 11229
   &SurfaceArea [&Type "Double"]       4.2767309212419996e+03
$End
$SCF_Timings
   &GeometryIndex 9
   &TOTAL [&Type "Double"]       3.8990305999999998e+02
   &PREP [&Type "Double"]       6.0186560000000000e+00
   &FOCK [&Type "Double"]       3.4882697099999996e+02
   &DENS [&Type "Double"]       2.2362099999999998e+00
   &ETOT [&Type "Double"]       9.8716200000001209e-01
   &POP [&Type "Double"]       2.3365719999999897e+00
   &TRAFO [&Type "Double"]       3.0517179999999939e+00
   &DIIS [&Type "Double"]       3.5445870000000070e+00
   &SOSCF [&Type "Double"]       1.1422419999999974e+01
   &XC [&Type "Double"]       1.2288803000000001e+01
   &FOCKSTART [&Type "Double"]       5.5726500000000367e-01
   &SOLV [&Type "Double"]       3.6688903000000082e+01
   &SOLV_INIT [&Type "Double"]       4.6776849999999994e+00
   &INT_PREP [&Type "Double"]       1.9999999949504854e-06
   &INT_BF [&Type "Double"]       2.8192370000007685e+00
   &INT_DENS [&Type "Double"]       5.4893689999990727e+00
   &INT_DENSIO [&Type "Double"]       1.5382277586660057e+06
   &INT_FUNC [&Type "Double"]       1.3986999999985983e-01
   &INT_POT [&Type "Double"]       2.6979510000005007e+00
   &INT_POTIO [&Type "Double"]       2.5635000000349351e-02
   &INT_SUM [&Type "Double"]       5.0379999999705660e-03
   &SPLITRIJ [&Type "Double"]       2.9086178000000025e+01
   &COSX [&Type "Double"]       2.8590150500000004e+02
$End
$VdW_Correction
   &GeometryIndex 9
   &vdW [&Type "Double"]      -1.9883979652042202e-01
$End
$Single_Point_Data
   &GeometryIndex 9
   &FinalEnergy [&Type "Double"]      -1.1887488497798686e+04  "Final single point energy"
   &Converged [&Type "Boolean"] true
$End
$SCF_Dipole_Moment
   &GeometryIndex 9
   &dipoleMagnitude [&Type "Double", &Units "a.u."]       1.3977644625405958e+01
   &dipoleElecContrib [&Type "ArrayOfDoubles", &Dim (3,1)] "Electronic contribution"
                                                         0

0                                     -4.1023990270280378e-02
1                                     -3.1878909587796804e+00
2                                      2.5952323397914277e+01
   &dipoleNucContrib [&Type "ArrayOfDoubles", &Dim (3,1)] "Nuclear contribution"
                                                         0

0                                     -7.0730841723307236e-02
1                                     -2.4881885629641260e+00
2                                     -3.8725114063798799e+01
   &dipoleTotal [&Type "ArrayOfDoubles", &Dim (3,1)] "Total"
                                                         0

0                                     -1.1175483199358761e-01
1                                     -5.6760795217438069e+00
2                                     -1.2772790665884521e+01
   &doAtomicDipole [&Type "Boolean"] false
   &Method [&Type "String"] "SCF"
   &Level [&Type "String"] "Relaxed density"
   &Mult [&Type "Integer"] 1
   &State [&Type "Integer"] -1
   &Irrep [&Type "Integer"] 0
$End
$Calculation_Info
   &GeometryIndex 9
   &Mult [&Type "Integer"] 1
   &Charge [&Type "Integer"] -1
   &NumOfAtoms [&Type "Integer"] 126
   &NumOfElectrons [&Type "Integer"] 900
   &NumOfBasisFuncts [&Type "Integer"] 3150
   &NumOfAuxCBasisFuncts [&Type "Integer"] 0
   &NumOfAuxJBasisFuncts [&Type "Integer"] 4854
   &NumOfAuxJKBasisFuncts [&Type "Integer"] 0
   &NumOfCABSBasisFuncts [&Type "Integer"] 0
$End
$Calculation_Timings
   &GeometryIndex 9
   &GTOINT [&Type "Double"]       1.7454314299999959e+02
   &SCF [&Type "Double"]       4.4885593289999997e+03
   &SCFGRAD [&Type "Double"]       1.6492337440000010e+03
   &GSTEP [&Type "Double"]       2.7230999999989631e+00
   &PROP [&Type "Double"]       1.4461289999999281e+00
   &SUM [&Type "Double"]       6.3165054449999998e+03
$End
