# Simulation Time; Constraint 1 Internal Force / kJ mol^-1 Unit^-1; Constraint 2 Internal Force / kJ mol^-1 Unit^-1; Constraint 3 Internal Force / kJ mol^-1 Unit^-1; Constraint 4 Internal Force / kJ mol^-1 Unit^-1; Constraint 5 Internal Force / kJ mol^-1 Unit^-1; Constraint 6 Internal Force / kJ mol^-1 Unit^-1; Constraint 7 Internal Force / kJ mol^-1 Unit^-1; Constraint 8 Internal Force / kJ mol^-1 Unit^-1; Constraint 9 Internal Force / kJ mol^-1 Unit^-1; Constraint 10 Internal Force / kJ mol^-1 Unit^-1; Constraint 11 Internal Force / kJ mol^-1 Unit^-1; Constraint 12 Internal Force / kJ mol^-1 Unit^-1
1.00;  0.0000000000;  0.0000000000;  0.0000000000;  0.0000000000;  0.0000000000;  0.0000000000;  0.0000000000;  0.0000000000;  0.0000000000;  0.0000000000;  0.0000000000;  0.0000000000
2.00;  0.0000000000;  0.0000000000;  0.0000000000;  0.0000000000;  0.0000000000;  0.0000000000;  0.0000000000;  0.0000000000;  0.0000000000;  0.0000000000;  0.0000000000;  0.0000000000
3.00;  0.0000000000;  0.0000000000;  0.0000000000;  0.0000000000;  0.0000000000;  0.0000000000;  0.0000000000;  0.0000000000;  0.0000000000;  0.0000000000;  0.0000000000;  0.0000000000
4.00;  0.0000000000;  0.0000000000;  0.0000000000;  0.0000000000;  0.0000000000;  0.0000000000;  0.0000000000;  0.0000000000;  0.0000000000;  0.0000000000;  0.0000000000;  0.0000000000
5.00;  0.0000000000;  0.0000000000;  0.0000000000;  0.0000000000;  0.0000000000;  0.0000000000;  0.0000000000;  0.0000000000;  0.0000000000;  0.0000000000;  0.0000000000;  0.0000000000
6.00;  0.0000000000;  0.0000000000;  0.0000000000;  0.0000000000;  0.0000000000;  0.0000000000;  0.0000000000;  0.0000000000;  0.0000000000;  0.0000000000;  0.0000000000;  0.0000000000
7.00;  0.0000000000;  0.0000000000;  0.0000000000;  0.0000000000;  0.0000000000;  0.0000000000;  0.0000000000;  0.0000000000;  0.0000000000;  0.0000000000;  0.0000000000;  0.0000000000
8.00;  0.0000000000;  0.0000000000;  0.0000000000;  0.0000000000;  0.0000000000;  0.0000000000;  0.0000000000;  0.0000000000;  0.0000000000;  0.0000000000;  0.0000000000;  0.0000000000
9.00;  0.0000000000;  0.0000000000;  0.0000000000;  0.0000000000;  0.0000000000;  0.0000000000;  0.0000000000;  0.0000000000;  0.0000000000;  0.0000000000;  0.0000000000;  0.0000000000
10.00;  0.0000000000;  0.0000000000;  0.0000000000;  0.0000000000;  0.0000000000;  0.0000000000;  0.0000000000;  0.0000000000;  0.0000000000;  0.0000000000;  0.0000000000;  0.0000000000
11.00;  0.0000000000;  0.0000000000;  0.0000000000;  0.0000000000;  0.0000000000;  0.0000000000;  0.0000000000;  0.0000000000;  0.0000000000;  0.0000000000;  0.0000000000;  0.0000000000
12.00;  0.0000000000;  0.0000000000;  0.0000000000;  0.0000000000;  0.0000000000;  0.0000000000;  0.0000000000;  0.0000000000;  0.0000000000;  0.0000000000;  0.0000000000;  0.0000000000
13.00;  0.0000000000;  0.0000000000;  0.0000000000;  0.0000000000;  0.0000000000;  0.0000000000;  0.0000000000;  0.0000000000;  0.0000000000;  0.0000000000;  0.0000000000;  0.0000000000
14.00;  0.0000000000;  0.0000000000;  0.0000000000;  0.0000000000;  0.0000000000;  0.0000000000;  0.0000000000;  0.0000000000;  0.0000000000;  0.0000000000;  0.0000000000;  0.0000000000
15.00;  0.0000000000;  0.0000000000;  0.0000000000;  0.0000000000;  0.0000000000;  0.0000000000;  0.0000000000;  0.0000000000;  0.0000000000;  0.0000000000;  0.0000000000;  0.0000000000
16.00;  0.0000000000;  0.0000000000;  0.0000000000;  0.0000000000;  0.0000000000;  0.0000000000;  0.0000000000;  0.0000000000;  0.0000000000;  0.0000000000;  0.0000000000;  0.0000000000
17.00;  0.0000000000;  0.0000000000;  0.0000000000;  0.0000000000;  0.0000000000;  0.0000000000;  0.0000000000;  0.0000000000;  0.0000000000;  0.0000000000;  0.0000000000;  0.0000000000
18.00;  0.0000000000;  0.0000000000;  0.0000000000;  0.0000000000;  0.0000000000;  0.0000000000;  0.0000000000;  0.0000000000;  0.0000000000;  0.0000000000;  0.0000000000;  0.0000000000
19.00;  0.0000000000;  0.0000000000;  0.0000000000;  0.0000000000;  0.0000000000;  0.0000000000;  0.0000000000;  0.0000000000;  0.0000000000;  0.0000000000;  0.0000000000;  0.0000000000
20.00;  0.0000000000;  0.0000000000;  0.0000000000;  0.0000000000;  0.0000000000;  0.0000000000;  0.0000000000;  0.0000000000;  0.0000000000;  0.0000000000;  0.0000000000;  0.0000000000
21.00;  0.0000000000;  0.0000000000;  0.0000000000;  0.0000000000;  0.0000000000;  0.0000000000;  0.0000000000;  0.0000000000;  0.0000000000;  0.0000000000;  0.0000000000;  0.0000000000
22.00;  0.0000000000;  0.0000000000;  0.0000000000;  0.0000000000;  0.0000000000;  0.0000000000;  0.0000000000;  0.0000000000;  0.0000000000;  0.0000000000;  0.0000000000;  0.0000000000
23.00;  0.0000000000;  0.0000000000;  0.0000000000;  0.0000000000;  0.0000000000;  0.0000000000;  0.0000000000;  0.0000000000;  0.0000000000;  0.0000000000;  0.0000000000;  0.0000000000
24.00;  0.0000000000;  0.0000000000;  0.0000000000;  0.0000000000;  0.0000000000;  0.0000000000;  0.0000000000;  0.0000000000;  0.0000000000;  0.0000000000;  0.0000000000;  0.0000000000
25.00;  0.0000000000;  0.0000000000;  0.0000000000;  0.0000000000;  0.0000000000;  0.0000000000;  0.0000000000;  0.0000000000;  0.0000000000;  0.0000000000;  0.0000000000;  0.0000000000
26.00;  0.0000000000;  0.0000000000;  0.0000000000;  0.0000000000;  0.0000000000;  0.0000000000;  0.0000000000;  0.0000000000;  0.0000000000;  0.0000000000;  0.0000000000;  0.0000000000
27.00;  0.0000000000;  0.0000000000;  0.0000000000;  0.0000000000;  0.0000000000;  0.0000000000;  0.0000000000;  0.0000000000;  0.0000000000;  0.0000000000;  0.0000000000;  0.0000000000
28.00;  0.0000000000;  0.0000000000;  0.0000000000;  0.0000000000;  0.0000000000;  0.0000000000;  0.0000000000;  0.0000000000;  0.0000000000;  0.0000000000;  0.0000000000;  0.0000000000
29.00;  0.0000000000;  0.0000000000;  0.0000000000;  0.0000000000;  0.0000000000;  0.0000000000;  0.0000000000;  0.0000000000;  0.0000000000;  0.0000000000;  0.0000000000;  0.0000000000
30.00;  0.0000000000;  0.0000000000;  0.0000000000;  0.0000000000;  0.0000000000;  0.0000000000;  0.0000000000;  0.0000000000;  0.0000000000;  0.0000000000;  0.0000000000;  0.0000000000
31.00;  0.0000000000;  0.0000000000;  0.0000000000;  0.0000000000;  0.0000000000;  0.0000000000;  0.0000000000;  0.0000000000;  0.0000000000;  0.0000000000;  0.0000000000;  0.0000000000
32.00;  0.0000000000;  0.0000000000;  0.0000000000;  0.0000000000;  0.0000000000;  0.0000000000;  0.0000000000;  0.0000000000;  0.0000000000;  0.0000000000;  0.0000000000;  0.0000000000
33.00;  0.0000000000;  0.0000000000;  0.0000000000;  0.0000000000;  0.0000000000;  0.0000000000;  0.0000000000;  0.0000000000;  0.0000000000;  0.0000000000;  0.0000000000;  0.0000000000
34.00;  0.0000000000;  0.0000000000;  0.0000000000;  0.0000000000;  0.0000000000;  0.0000000000;  0.0000000000;  0.0000000000;  0.0000000000;  0.0000000000;  0.0000000000;  0.0000000000
35.00;  0.0000000000;  0.0000000000;  0.0000000000;  0.0000000000;  0.0000000000;  0.0000000000;  0.0000000000;  0.0000000000;  0.0000000000;  0.0000000000;  0.0000000000;  0.0000000000
36.00;  0.0000000000;  0.0000000000;  0.0000000000;  0.0000000000;  0.0000000000;  0.0000000000;  0.0000000000;  0.0000000000;  0.0000000000;  0.0000000000;  0.0000000000;  0.0000000000
37.00;  0.0000000000;  0.0000000000;  0.0000000000;  0.0000000000;  0.0000000000;  0.0000000000;  0.0000000000;  0.0000000000;  0.0000000000;  0.0000000000;  0.0000000000;  0.0000000000
38.00;  0.0000000000;  0.0000000000;  0.0000000000;  0.0000000000;  0.0000000000;  0.0000000000;  0.0000000000;  0.0000000000;  0.0000000000;  0.0000000000;  0.0000000000;  0.0000000000
39.00;  0.0000000000;  0.0000000000;  0.0000000000;  0.0000000000;  0.0000000000;  0.0000000000;  0.0000000000;  0.0000000000;  0.0000000000;  0.0000000000;  0.0000000000;  0.0000000000
40.00;  0.0000000000;  0.0000000000;  0.0000000000;  0.0000000000;  0.0000000000;  0.0000000000;  0.0000000000;  0.0000000000;  0.0000000000;  0.0000000000;  0.0000000000;  0.0000000000
41.00;  0.0000000000;  0.0000000000;  0.0000000000;  0.0000000000;  0.0000000000;  0.0000000000;  0.0000000000;  0.0000000000;  0.0000000000;  0.0000000000;  0.0000000000;  0.0000000000
42.00;  0.0000000000;  0.0000000000;  0.0000000000;  0.0000000000;  0.0000000000;  0.0000000000;  0.0000000000;  0.0000000000;  0.0000000000;  0.0000000000;  0.0000000000;  0.0000000000
43.00;  0.0000000000;  0.0000000000;  0.0000000000;  0.0000000000;  0.0000000000;  0.0000000000;  0.0000000000;  0.0000000000;  0.0000000000;  0.0000000000;  0.0000000000;  0.0000000000
44.00;  0.0000000000;  0.0000000000;  0.0000000000;  0.0000000000;  0.0000000000;  0.0000000000;  0.0000000000;  0.0000000000;  0.0000000000;  0.0000000000;  0.0000000000;  0.0000000000
45.00;  0.0000000000;  0.0000000000;  0.0000000000;  0.0000000000;  0.0000000000;  0.0000000000;  0.0000000000;  0.0000000000;  0.0000000000;  0.0000000000;  0.0000000000;  0.0000000000
46.00;  0.0000000000;  0.0000000000;  0.0000000000;  0.0000000000;  0.0000000000;  0.0000000000;  0.0000000000;  0.0000000000;  0.0000000000;  0.0000000000;  0.0000000000;  0.0000000000
47.00;  0.0000000000;  0.0000000000;  0.0000000000;  0.0000000000;  0.0000000000;  0.0000000000;  0.0000000000;  0.0000000000;  0.0000000000;  0.0000000000;  0.0000000000;  0.0000000000
48.00;  0.0000000000;  0.0000000000;  0.0000000000;  0.0000000000;  0.0000000000;  0.0000000000;  0.0000000000;  0.0000000000;  0.0000000000;  0.0000000000;  0.0000000000;  0.0000000000
49.00;  0.0000000000;  0.0000000000;  0.0000000000;  0.0000000000;  0.0000000000;  0.0000000000;  0.0000000000;  0.0000000000;  0.0000000000;  0.0000000000;  0.0000000000;  0.0000000000
50.00;  0.0000000000;  0.0000000000;  0.0000000000;  0.0000000000;  0.0000000000;  0.0000000000;  0.0000000000;  0.0000000000;  0.0000000000;  0.0000000000;  0.0000000000;  0.0000000000
51.00;  0.0000000000;  0.0000000000;  0.0000000000;  0.0000000000;  0.0000000000;  0.0000000000;  0.0000000000;  0.0000000000;  0.0000000000;  0.0000000000;  0.0000000000;  0.0000000000
52.00;  0.0000000000;  0.0000000000;  0.0000000000;  0.0000000000;  0.0000000000;  0.0000000000;  0.0000000000;  0.0000000000;  0.0000000000;  0.0000000000;  0.0000000000;  0.0000000000
53.00;  0.0000000000;  0.0000000000;  0.0000000000;  0.0000000000;  0.0000000000;  0.0000000000;  0.0000000000;  0.0000000000;  0.0000000000;  0.0000000000;  0.0000000000;  0.0000000000
54.00;  0.0000000000;  0.0000000000;  0.0000000000;  0.0000000000;  0.0000000000;  0.0000000000;  0.0000000000;  0.0000000000;  0.0000000000;  0.0000000000;  0.0000000000;  0.0000000000
55.00;  0.0000000000;  0.0000000000;  0.0000000000;  0.0000000000;  0.0000000000;  0.0000000000;  0.0000000000;  0.0000000000;  0.0000000000;  0.0000000000;  0.0000000000;  0.0000000000
56.00;  0.0000000000;  0.0000000000;  0.0000000000;  0.0000000000;  0.0000000000;  0.0000000000;  0.0000000000;  0.0000000000;  0.0000000000;  0.0000000000;  0.0000000000;  0.0000000000
57.00;  0.0000000000;  0.0000000000;  0.0000000000;  0.0000000000;  0.0000000000;  0.0000000000;  0.0000000000;  0.0000000000;  0.0000000000;  0.0000000000;  0.0000000000;  0.0000000000
58.00;  0.0000000000;  0.0000000000;  0.0000000000;  0.0000000000;  0.0000000000;  0.0000000000;  0.0000000000;  0.0000000000;  0.0000000000;  0.0000000000;  0.0000000000;  0.0000000000
59.00;  0.0000000000;  0.0000000000;  0.0000000000;  0.0000000000;  0.0000000000;  0.0000000000;  0.0000000000;  0.0000000000;  0.0000000000;  0.0000000000;  0.0000000000;  0.0000000000
60.00;  0.0000000000;  0.0000000000;  0.0000000000;  0.0000000000;  0.0000000000;  0.0000000000;  0.0000000000;  0.0000000000;  0.0000000000;  0.0000000000;  0.0000000000;  0.0000000000
61.00;  0.0000000000;  0.0000000000;  0.0000000000;  0.0000000000;  0.0000000000;  0.0000000000;  0.0000000000;  0.0000000000;  0.0000000000;  0.0000000000;  0.0000000000;  0.0000000000
62.00;  0.0000000000;  0.0000000000;  0.0000000000;  0.0000000000;  0.0000000000;  0.0000000000;  0.0000000000;  0.0000000000;  0.0000000000;  0.0000000000;  0.0000000000;  0.0000000000
63.00;  0.0000000000;  0.0000000000;  0.0000000000;  0.0000000000;  0.0000000000;  0.0000000000;  0.0000000000;  0.0000000000;  0.0000000000;  0.0000000000;  0.0000000000;  0.0000000000
64.00;  0.0000000000;  0.0000000000;  0.0000000000;  0.0000000000;  0.0000000000;  0.0000000000;  0.0000000000;  0.0000000000;  0.0000000000;  0.0000000000;  0.0000000000;  0.0000000000
65.00;  0.0000000000;  0.0000000000;  0.0000000000;  0.0000000000;  0.0000000000;  0.0000000000;  0.0000000000;  0.0000000000;  0.0000000000;  0.0000000000;  0.0000000000;  0.0000000000
66.00;  0.0000000000;  0.0000000000;  0.0000000000;  0.0000000000;  0.0000000000;  0.0000000000;  0.0000000000;  0.0000000000;  0.0000000000;  0.0000000000;  0.0000000000;  0.0000000000
67.00;  0.0000000000;  0.0000000000;  0.0000000000;  0.0000000000;  0.0000000000;  0.0000000000;  0.0000000000;  0.0000000000;  0.0000000000;  0.0000000000;  0.0000000000;  0.0000000000
68.00;  0.0000000000;  0.0000000000;  0.0000000000;  0.0000000000;  0.0000000000;  0.0000000000;  0.0000000000;  0.0000000000;  0.0000000000;  0.0000000000;  0.0000000000;  0.0000000000
69.00;  0.0000000000;  0.0000000000;  0.0000000000;  0.0000000000;  0.0000000000;  0.0000000000;  0.0000000000;  0.0000000000;  0.0000000000;  0.0000000000;  0.0000000000;  0.0000000000
70.00;  0.0000000000;  0.0000000000;  0.0000000000;  0.0000000000;  0.0000000000;  0.0000000000;  0.0000000000;  0.0000000000;  0.0000000000;  0.0000000000;  0.0000000000;  0.0000000000
71.00;  0.0000000000;  0.0000000000;  0.0000000000;  0.0000000000;  0.0000000000;  0.0000000000;  0.0000000000;  0.0000000000;  0.0000000000;  0.0000000000;  0.0000000000;  0.0000000000
72.00;  0.0000000000;  0.0000000000;  0.0000000000;  0.0000000000;  0.0000000000;  0.0000000000;  0.0000000000;  0.0000000000;  0.0000000000;  0.0000000000;  0.0000000000;  0.0000000000
73.00;  0.0000000000;  0.0000000000;  0.0000000000;  0.0000000000;  0.0000000000;  0.0000000000;  0.0000000000;  0.0000000000;  0.0000000000;  0.0000000000;  0.0000000000;  0.0000000000
74.00;  0.0000000000;  0.0000000000;  0.0000000000;  0.0000000000;  0.0000000000;  0.0000000000;  0.0000000000;  0.0000000000;  0.0000000000;  0.0000000000;  0.0000000000;  0.0000000000
75.00;  0.0000000000;  0.0000000000;  0.0000000000;  0.0000000000;  0.0000000000;  0.0000000000;  0.0000000000;  0.0000000000;  0.0000000000;  0.0000000000;  0.0000000000;  0.0000000000
76.00;  0.0000000000;  0.0000000000;  0.0000000000;  0.0000000000;  0.0000000000;  0.0000000000;  0.0000000000;  0.0000000000;  0.0000000000;  0.0000000000;  0.0000000000;  0.0000000000
77.00;  0.0000000000;  0.0000000000;  0.0000000000;  0.0000000000;  0.0000000000;  0.0000000000;  0.0000000000;  0.0000000000;  0.0000000000;  0.0000000000;  0.0000000000;  0.0000000000
78.00;  0.0000000000;  0.0000000000;  0.0000000000;  0.0000000000;  0.0000000000;  0.0000000000;  0.0000000000;  0.0000000000;  0.0000000000;  0.0000000000;  0.0000000000;  0.0000000000
79.00;  0.0000000000;  0.0000000000;  0.0000000000;  0.0000000000;  0.0000000000;  0.0000000000;  0.0000000000;  0.0000000000;  0.0000000000;  0.0000000000;  0.0000000000;  0.0000000000
80.00;  0.0000000000;  0.0000000000;  0.0000000000;  0.0000000000;  0.0000000000;  0.0000000000;  0.0000000000;  0.0000000000;  0.0000000000;  0.0000000000;  0.0000000000;  0.0000000000
81.00;  0.0000000000;  0.0000000000;  0.0000000000;  0.0000000000;  0.0000000000;  0.0000000000;  0.0000000000;  0.0000000000;  0.0000000000;  0.0000000000;  0.0000000000;  0.0000000000
82.00;  0.0000000000;  0.0000000000;  0.0000000000;  0.0000000000;  0.0000000000;  0.0000000000;  0.0000000000;  0.0000000000;  0.0000000000;  0.0000000000;  0.0000000000;  0.0000000000
83.00;  0.0000000000;  0.0000000000;  0.0000000000;  0.0000000000;  0.0000000000;  0.0000000000;  0.0000000000;  0.0000000000;  0.0000000000;  0.0000000000;  0.0000000000;  0.0000000000
84.00;  0.0000000000;  0.0000000000;  0.0000000000;  0.0000000000;  0.0000000000;  0.0000000000;  0.0000000000;  0.0000000000;  0.0000000000;  0.0000000000;  0.0000000000;  0.0000000000
85.00;  0.0000000000;  0.0000000000;  0.0000000000;  0.0000000000;  0.0000000000;  0.0000000000;  0.0000000000;  0.0000000000;  0.0000000000;  0.0000000000;  0.0000000000;  0.0000000000
86.00;  0.0000000000;  0.0000000000;  0.0000000000;  0.0000000000;  0.0000000000;  0.0000000000;  0.0000000000;  0.0000000000;  0.0000000000;  0.0000000000;  0.0000000000;  0.0000000000
87.00;  0.0000000000;  0.0000000000;  0.0000000000;  0.0000000000;  0.0000000000;  0.0000000000;  0.0000000000;  0.0000000000;  0.0000000000;  0.0000000000;  0.0000000000;  0.0000000000
88.00;  0.0000000000;  0.0000000000;  0.0000000000;  0.0000000000;  0.0000000000;  0.0000000000;  0.0000000000;  0.0000000000;  0.0000000000;  0.0000000000;  0.0000000000;  0.0000000000
89.00;  0.0000000000;  0.0000000000;  0.0000000000;  0.0000000000;  0.0000000000;  0.0000000000;  0.0000000000;  0.0000000000;  0.0000000000;  0.0000000000;  0.0000000000;  0.0000000000
90.00;  0.0000000000;  0.0000000000;  0.0000000000;  0.0000000000;  0.0000000000;  0.0000000000;  0.0000000000;  0.0000000000;  0.0000000000;  0.0000000000;  0.0000000000;  0.0000000000
91.00;  0.0000000000;  0.0000000000;  0.0000000000;  0.0000000000;  0.0000000000;  0.0000000000;  0.0000000000;  0.0000000000;  0.0000000000;  0.0000000000;  0.0000000000;  0.0000000000
92.00;  0.0000000000;  0.0000000000;  0.0000000000;  0.0000000000;  0.0000000000;  0.0000000000;  0.0000000000;  0.0000000000;  0.0000000000;  0.0000000000;  0.0000000000;  0.0000000000
93.00;  0.0000000000;  0.0000000000;  0.0000000000;  0.0000000000;  0.0000000000;  0.0000000000;  0.0000000000;  0.0000000000;  0.0000000000;  0.0000000000;  0.0000000000;  0.0000000000
94.00;  0.0000000000;  0.0000000000;  0.0000000000;  0.0000000000;  0.0000000000;  0.0000000000;  0.0000000000;  0.0000000000;  0.0000000000;  0.0000000000;  0.0000000000;  0.0000000000
95.00;  0.0000000000;  0.0000000000;  0.0000000000;  0.0000000000;  0.0000000000;  0.0000000000;  0.0000000000;  0.0000000000;  0.0000000000;  0.0000000000;  0.0000000000;  0.0000000000
96.00;  0.0000000000;  0.0000000000;  0.0000000000;  0.0000000000;  0.0000000000;  0.0000000000;  0.0000000000;  0.0000000000;  0.0000000000;  0.0000000000;  0.0000000000;  0.0000000000
97.00;  0.0000000000;  0.0000000000;  0.0000000000;  0.0000000000;  0.0000000000;  0.0000000000;  0.0000000000;  0.0000000000;  0.0000000000;  0.0000000000;  0.0000000000;  0.0000000000
98.00;  0.0000000000;  0.0000000000;  0.0000000000;  0.0000000000;  0.0000000000;  0.0000000000;  0.0000000000;  0.0000000000;  0.0000000000;  0.0000000000;  0.0000000000;  0.0000000000
99.00;  0.0000000000;  0.0000000000;  0.0000000000;  0.0000000000;  0.0000000000;  0.0000000000;  0.0000000000;  0.0000000000;  0.0000000000;  0.0000000000;  0.0000000000;  0.0000000000
100.00;  0.0000000000;  0.0000000000;  0.0000000000;  0.0000000000;  0.0000000000;  0.0000000000;  0.0000000000;  0.0000000000;  0.0000000000;  0.0000000000;  0.0000000000;  0.0000000000
101.00;  0.0000000000;  0.0000000000;  0.0000000000;  0.0000000000;  0.0000000000;  0.0000000000;  0.0000000000;  0.0000000000;  0.0000000000;  0.0000000000;  0.0000000000;  0.0000000000
102.00;  0.0000000000;  0.0000000000;  0.0000000000;  0.0000000000;  0.0000000000;  0.0000000000;  0.0000000000;  0.0000000000;  0.0000000000;  0.0000000000;  0.0000000000;  0.0000000000
103.00;  0.0000000000;  0.0000000000;  0.0000000000;  0.0000000000;  0.0000000000;  0.0000000000;  0.0000000000;  0.0000000000;  0.0000000000;  0.0000000000;  0.0000000000;  0.0000000000
104.00;  0.0000000000;  0.0000000000;  0.0000000000;  0.0000000000;  0.0000000000;  0.0000000000;  0.0000000000;  0.0000000000;  0.0000000000;  0.0000000000;  0.0000000000;  0.0000000000
105.00;  0.0000000000;  0.0000000000;  0.0000000000;  0.0000000000;  0.0000000000;  0.0000000000;  0.0000000000;  0.0000000000;  0.0000000000;  0.0000000000;  0.0000000000;  0.0000000000
106.00;  0.0000000000;  0.0000000000;  0.0000000000;  0.0000000000;  0.0000000000;  0.0000000000;  0.0000000000;  0.0000000000;  0.0000000000;  0.0000000000;  0.0000000000;  0.0000000000
107.00;  0.0000000000;  0.0000000000;  0.0000000000;  0.0000000000;  0.0000000000;  0.0000000000;  0.0000000000;  0.0000000000;  0.0000000000;  0.0000000000;  0.0000000000;  0.0000000000
108.00;  0.0000000000;  0.0000000000;  0.0000000000;  0.0000000000;  0.0000000000;  0.0000000000;  0.0000000000;  0.0000000000;  0.0000000000;  0.0000000000;  0.0000000000;  0.0000000000
109.00;  0.0000000000;  0.0000000000;  0.0000000000;  0.0000000000;  0.0000000000;  0.0000000000;  0.0000000000;  0.0000000000;  0.0000000000;  0.0000000000;  0.0000000000;  0.0000000000
110.00;  0.0000000000;  0.0000000000;  0.0000000000;  0.0000000000;  0.0000000000;  0.0000000000;  0.0000000000;  0.0000000000;  0.0000000000;  0.0000000000;  0.0000000000;  0.0000000000
111.00;  0.0000000000;  0.0000000000;  0.0000000000;  0.0000000000;  0.0000000000;  0.0000000000;  0.0000000000;  0.0000000000;  0.0000000000;  0.0000000000;  0.0000000000;  0.0000000000
112.00;  0.0000000000;  0.0000000000;  0.0000000000;  0.0000000000;  0.0000000000;  0.0000000000;  0.0000000000;  0.0000000000;  0.0000000000;  0.0000000000;  0.0000000000;  0.0000000000
113.00;  0.0000000000;  0.0000000000;  0.0000000000;  0.0000000000;  0.0000000000;  0.0000000000;  0.0000000000;  0.0000000000;  0.0000000000;  0.0000000000;  0.0000000000;  0.0000000000
114.00;  0.0000000000;  0.0000000000;  0.0000000000;  0.0000000000;  0.0000000000;  0.0000000000;  0.0000000000;  0.0000000000;  0.0000000000;  0.0000000000;  0.0000000000;  0.0000000000
115.00;  0.0000000000;  0.0000000000;  0.0000000000;  0.0000000000;  0.0000000000;  0.0000000000;  0.0000000000;  0.0000000000;  0.0000000000;  0.0000000000;  0.0000000000;  0.0000000000
116.00;  0.0000000000;  0.0000000000;  0.0000000000;  0.0000000000;  0.0000000000;  0.0000000000;  0.0000000000;  0.0000000000;  0.0000000000;  0.0000000000;  0.0000000000;  0.0000000000
117.00;  0.0000000000;  0.0000000000;  0.0000000000;  0.0000000000;  0.0000000000;  0.0000000000;  0.0000000000;  0.0000000000;  0.0000000000;  0.0000000000;  0.0000000000;  0.0000000000
118.00;  0.0000000000;  0.0000000000;  0.0000000000;  0.0000000000;  0.0000000000;  0.0000000000;  0.0000000000;  0.0000000000;  0.0000000000;  0.0000000000;  0.0000000000;  0.0000000000
119.00;  0.0000000000;  0.0000000000;  0.0000000000;  0.0000000000;  0.0000000000;  0.0000000000;  0.0000000000;  0.0000000000;  0.0000000000;  0.0000000000;  0.0000000000;  0.0000000000
120.00;  0.0000000000;  0.0000000000;  0.0000000000;  0.0000000000;  0.0000000000;  0.0000000000;  0.0000000000;  0.0000000000;  0.0000000000;  0.0000000000;  0.0000000000;  0.0000000000
121.00;  0.0000000000;  0.0000000000;  0.0000000000;  0.0000000000;  0.0000000000;  0.0000000000;  0.0000000000;  0.0000000000;  0.0000000000;  0.0000000000;  0.0000000000;  0.0000000000
122.00;  0.0000000000;  0.0000000000;  0.0000000000;  0.0000000000;  0.0000000000;  0.0000000000;  0.0000000000;  0.0000000000;  0.0000000000;  0.0000000000;  0.0000000000;  0.0000000000
123.00;  0.0000000000;  0.0000000000;  0.0000000000;  0.0000000000;  0.0000000000;  0.0000000000;  0.0000000000;  0.0000000000;  0.0000000000;  0.0000000000;  0.0000000000;  0.0000000000
124.00;  0.0000000000;  0.0000000000;  0.0000000000;  0.0000000000;  0.0000000000;  0.0000000000;  0.0000000000;  0.0000000000;  0.0000000000;  0.0000000000;  0.0000000000;  0.0000000000
125.00;  0.0000000000;  0.0000000000;  0.0000000000;  0.0000000000;  0.0000000000;  0.0000000000;  0.0000000000;  0.0000000000;  0.0000000000;  0.0000000000;  0.0000000000;  0.0000000000
126.00;  0.0000000000;  0.0000000000;  0.0000000000;  0.0000000000;  0.0000000000;  0.0000000000;  0.0000000000;  0.0000000000;  0.0000000000;  0.0000000000;  0.0000000000;  0.0000000000
127.00;  0.0000000000;  0.0000000000;  0.0000000000;  0.0000000000;  0.0000000000;  0.0000000000;  0.0000000000;  0.0000000000;  0.0000000000;  0.0000000000;  0.0000000000;  0.0000000000
128.00;  0.0000000000;  0.0000000000;  0.0000000000;  0.0000000000;  0.0000000000;  0.0000000000;  0.0000000000;  0.0000000000;  0.0000000000;  0.0000000000;  0.0000000000;  0.0000000000
129.00;  0.0000000000;  0.0000000000;  0.0000000000;  0.0000000000;  0.0000000000;  0.0000000000;  0.0000000000;  0.0000000000;  0.0000000000;  0.0000000000;  0.0000000000;  0.0000000000
130.00;  0.0000000000;  0.0000000000;  0.0000000000;  0.0000000000;  0.0000000000;  0.0000000000;  0.0000000000;  0.0000000000;  0.0000000000;  0.0000000000;  0.0000000000;  0.0000000000
131.00;  0.0000000000;  0.0000000000;  0.0000000000;  0.0000000000;  0.0000000000;  0.0000000000;  0.0000000000;  0.0000000000;  0.0000000000;  0.0000000000;  0.0000000000;  0.0000000000
132.00;  0.0000000000;  0.0000000000;  0.0000000000;  0.0000000000;  0.0000000000;  0.0000000000;  0.0000000000;  0.0000000000;  0.0000000000;  0.0000000000;  0.0000000000;  0.0000000000
133.00;  0.0000000000;  0.0000000000;  0.0000000000;  0.0000000000;  0.0000000000;  0.0000000000;  0.0000000000;  0.0000000000;  0.0000000000;  0.0000000000;  0.0000000000;  0.0000000000
134.00;  0.0000000000;  0.0000000000;  0.0000000000;  0.0000000000;  0.0000000000;  0.0000000000;  0.0000000000;  0.0000000000;  0.0000000000;  0.0000000000;  0.0000000000;  0.0000000000
135.00;  0.0000000000;  0.0000000000;  0.0000000000;  0.0000000000;  0.0000000000;  0.0000000000;  0.0000000000;  0.0000000000;  0.0000000000;  0.0000000000;  0.0000000000;  0.0000000000
136.00;  0.0000000000;  0.0000000000;  0.0000000000;  0.0000000000;  0.0000000000;  0.0000000000;  0.0000000000;  0.0000000000;  0.0000000000;  0.0000000000;  0.0000000000;  0.0000000000
137.00;  0.0000000000;  0.0000000000;  0.0000000000;  0.0000000000;  0.0000000000;  0.0000000000;  0.0000000000;  0.0000000000;  0.0000000000;  0.0000000000;  0.0000000000;  0.0000000000
138.00;  0.0000000000;  0.0000000000;  0.0000000000;  0.0000000000;  0.0000000000;  0.0000000000;  0.0000000000;  0.0000000000;  0.0000000000;  0.0000000000;  0.0000000000;  0.0000000000
139.00;  0.0000000000;  0.0000000000;  0.0000000000;  0.0000000000;  0.0000000000;  0.0000000000;  0.0000000000;  0.0000000000;  0.0000000000;  0.0000000000;  0.0000000000;  0.0000000000
140.00;  0.0000000000;  0.0000000000;  0.0000000000;  0.0000000000;  0.0000000000;  0.0000000000;  0.0000000000;  0.0000000000;  0.0000000000;  0.0000000000;  0.0000000000;  0.0000000000
141.00;  0.0000000000;  0.0000000000;  0.0000000000;  0.0000000000;  0.0000000000;  0.0000000000;  0.0000000000;  0.0000000000;  0.0000000000;  0.0000000000;  0.0000000000;  0.0000000000
142.00;  0.0000000000;  0.0000000000;  0.0000000000;  0.0000000000;  0.0000000000;  0.0000000000;  0.0000000000;  0.0000000000;  0.0000000000;  0.0000000000;  0.0000000000;  0.0000000000
143.00;  0.0000000000;  0.0000000000;  0.0000000000;  0.0000000000;  0.0000000000;  0.0000000000;  0.0000000000;  0.0000000000;  0.0000000000;  0.0000000000;  0.0000000000;  0.0000000000
144.00;  0.0000000000;  0.0000000000;  0.0000000000;  0.0000000000;  0.0000000000;  0.0000000000;  0.0000000000;  0.0000000000;  0.0000000000;  0.0000000000;  0.0000000000;  0.0000000000
145.00;  0.0000000000;  0.0000000000;  0.0000000000;  0.0000000000;  0.0000000000;  0.0000000000;  0.0000000000;  0.0000000000;  0.0000000000;  0.0000000000;  0.0000000000;  0.0000000000
146.00;  0.0000000000;  0.0000000000;  0.0000000000;  0.0000000000;  0.0000000000;  0.0000000000;  0.0000000000;  0.0000000000;  0.0000000000;  0.0000000000;  0.0000000000;  0.0000000000
147.00;  0.0000000000;  0.0000000000;  0.0000000000;  0.0000000000;  0.0000000000;  0.0000000000;  0.0000000000;  0.0000000000;  0.0000000000;  0.0000000000;  0.0000000000;  0.0000000000
148.00;  0.0000000000;  0.0000000000;  0.0000000000;  0.0000000000;  0.0000000000;  0.0000000000;  0.0000000000;  0.0000000000;  0.0000000000;  0.0000000000;  0.0000000000;  0.0000000000
149.00;  0.0000000000;  0.0000000000;  0.0000000000;  0.0000000000;  0.0000000000;  0.0000000000;  0.0000000000;  0.0000000000;  0.0000000000;  0.0000000000;  0.0000000000;  0.0000000000
150.00;  0.0000000000;  0.0000000000;  0.0000000000;  0.0000000000;  0.0000000000;  0.0000000000;  0.0000000000;  0.0000000000;  0.0000000000;  0.0000000000;  0.0000000000;  0.0000000000
151.00;  0.0000000000;  0.0000000000;  0.0000000000;  0.0000000000;  0.0000000000;  0.0000000000;  0.0000000000;  0.0000000000;  0.0000000000;  0.0000000000;  0.0000000000;  0.0000000000
152.00;  0.0000000000;  0.0000000000;  0.0000000000;  0.0000000000;  0.0000000000;  0.0000000000;  0.0000000000;  0.0000000000;  0.0000000000;  0.0000000000;  0.0000000000;  0.0000000000
153.00;  0.0000000000;  0.0000000000;  0.0000000000;  0.0000000000;  0.0000000000;  0.0000000000;  0.0000000000;  0.0000000000;  0.0000000000;  0.0000000000;  0.0000000000;  0.0000000000
154.00;  0.0000000000;  0.0000000000;  0.0000000000;  0.0000000000;  0.0000000000;  0.0000000000;  0.0000000000;  0.0000000000;  0.0000000000;  0.0000000000;  0.0000000000;  0.0000000000
155.00;  0.0000000000;  0.0000000000;  0.0000000000;  0.0000000000;  0.0000000000;  0.0000000000;  0.0000000000;  0.0000000000;  0.0000000000;  0.0000000000;  0.0000000000;  0.0000000000
156.00;  0.0000000000;  0.0000000000;  0.0000000000;  0.0000000000;  0.0000000000;  0.0000000000;  0.0000000000;  0.0000000000;  0.0000000000;  0.0000000000;  0.0000000000;  0.0000000000
157.00;  0.0000000000;  0.0000000000;  0.0000000000;  0.0000000000;  0.0000000000;  0.0000000000;  0.0000000000;  0.0000000000;  0.0000000000;  0.0000000000;  0.0000000000;  0.0000000000
158.00;  0.0000000000;  0.0000000000;  0.0000000000;  0.0000000000;  0.0000000000;  0.0000000000;  0.0000000000;  0.0000000000;  0.0000000000;  0.0000000000;  0.0000000000;  0.0000000000
159.00;  0.0000000000;  0.0000000000;  0.0000000000;  0.0000000000;  0.0000000000;  0.0000000000;  0.0000000000;  0.0000000000;  0.0000000000;  0.0000000000;  0.0000000000;  0.0000000000
160.00;  0.0000000000;  0.0000000000;  0.0000000000;  0.0000000000;  0.0000000000;  0.0000000000;  0.0000000000;  0.0000000000;  0.0000000000;  0.0000000000;  0.0000000000;  0.0000000000
161.00;  0.0000000000;  0.0000000000;  0.0000000000;  0.0000000000;  0.0000000000;  0.0000000000;  0.0000000000;  0.0000000000;  0.0000000000;  0.0000000000;  0.0000000000;  0.0000000000
162.00;  0.0000000000;  0.0000000000;  0.0000000000;  0.0000000000;  0.0000000000;  0.0000000000;  0.0000000000;  0.0000000000;  0.0000000000;  0.0000000000;  0.0000000000;  0.0000000000
163.00;  0.0000000000;  0.0000000000;  0.0000000000;  0.0000000000;  0.0000000000;  0.0000000000;  0.0000000000;  0.0000000000;  0.0000000000;  0.0000000000;  0.0000000000;  0.0000000000
164.00;  0.0000000000;  0.0000000000;  0.0000000000;  0.0000000000;  0.0000000000;  0.0000000000;  0.0000000000;  0.0000000000;  0.0000000000;  0.0000000000;  0.0000000000;  0.0000000000
165.00;  0.0000000000;  0.0000000000;  0.0000000000;  0.0000000000;  0.0000000000;  0.0000000000;  0.0000000000;  0.0000000000;  0.0000000000;  0.0000000000;  0.0000000000;  0.0000000000
166.00;  0.0000000000;  0.0000000000;  0.0000000000;  0.0000000000;  0.0000000000;  0.0000000000;  0.0000000000;  0.0000000000;  0.0000000000;  0.0000000000;  0.0000000000;  0.0000000000
167.00;  0.0000000000;  0.0000000000;  0.0000000000;  0.0000000000;  0.0000000000;  0.0000000000;  0.0000000000;  0.0000000000;  0.0000000000;  0.0000000000;  0.0000000000;  0.0000000000
168.00;  0.0000000000;  0.0000000000;  0.0000000000;  0.0000000000;  0.0000000000;  0.0000000000;  0.0000000000;  0.0000000000;  0.0000000000;  0.0000000000;  0.0000000000;  0.0000000000
169.00;  0.0000000000;  0.0000000000;  0.0000000000;  0.0000000000;  0.0000000000;  0.0000000000;  0.0000000000;  0.0000000000;  0.0000000000;  0.0000000000;  0.0000000000;  0.0000000000
170.00;  0.0000000000;  0.0000000000;  0.0000000000;  0.0000000000;  0.0000000000;  0.0000000000;  0.0000000000;  0.0000000000;  0.0000000000;  0.0000000000;  0.0000000000;  0.0000000000
171.00;  0.0000000000;  0.0000000000;  0.0000000000;  0.0000000000;  0.0000000000;  0.0000000000;  0.0000000000;  0.0000000000;  0.0000000000;  0.0000000000;  0.0000000000;  0.0000000000
172.00;  0.0000000000;  0.0000000000;  0.0000000000;  0.0000000000;  0.0000000000;  0.0000000000;  0.0000000000;  0.0000000000;  0.0000000000;  0.0000000000;  0.0000000000;  0.0000000000
173.00;  0.0000000000;  0.0000000000;  0.0000000000;  0.0000000000;  0.0000000000;  0.0000000000;  0.0000000000;  0.0000000000;  0.0000000000;  0.0000000000;  0.0000000000;  0.0000000000
174.00;  0.0000000000;  0.0000000000;  0.0000000000;  0.0000000000;  0.0000000000;  0.0000000000;  0.0000000000;  0.0000000000;  0.0000000000;  0.0000000000;  0.0000000000;  0.0000000000
175.00;  0.0000000000;  0.0000000000;  0.0000000000;  0.0000000000;  0.0000000000;  0.0000000000;  0.0000000000;  0.0000000000;  0.0000000000;  0.0000000000;  0.0000000000;  0.0000000000
176.00;  0.0000000000;  0.0000000000;  0.0000000000;  0.0000000000;  0.0000000000;  0.0000000000;  0.0000000000;  0.0000000000;  0.0000000000;  0.0000000000;  0.0000000000;  0.0000000000
177.00;  0.0000000000;  0.0000000000;  0.0000000000;  0.0000000000;  0.0000000000;  0.0000000000;  0.0000000000;  0.0000000000;  0.0000000000;  0.0000000000;  0.0000000000;  0.0000000000
178.00;  0.0000000000;  0.0000000000;  0.0000000000;  0.0000000000;  0.0000000000;  0.0000000000;  0.0000000000;  0.0000000000;  0.0000000000;  0.0000000000;  0.0000000000;  0.0000000000
179.00;  0.0000000000;  0.0000000000;  0.0000000000;  0.0000000000;  0.0000000000;  0.0000000000;  0.0000000000;  0.0000000000;  0.0000000000;  0.0000000000;  0.0000000000;  0.0000000000
180.00;  0.0000000000;  0.0000000000;  0.0000000000;  0.0000000000;  0.0000000000;  0.0000000000;  0.0000000000;  0.0000000000;  0.0000000000;  0.0000000000;  0.0000000000;  0.0000000000
181.00;  0.0000000000;  0.0000000000;  0.0000000000;  0.0000000000;  0.0000000000;  0.0000000000;  0.0000000000;  0.0000000000;  0.0000000000;  0.0000000000;  0.0000000000;  0.0000000000
182.00;  0.0000000000;  0.0000000000;  0.0000000000;  0.0000000000;  0.0000000000;  0.0000000000;  0.0000000000;  0.0000000000;  0.0000000000;  0.0000000000;  0.0000000000;  0.0000000000
183.00;  0.0000000000;  0.0000000000;  0.0000000000;  0.0000000000;  0.0000000000;  0.0000000000;  0.0000000000;  0.0000000000;  0.0000000000;  0.0000000000;  0.0000000000;  0.0000000000
184.00;  0.0000000000;  0.0000000000;  0.0000000000;  0.0000000000;  0.0000000000;  0.0000000000;  0.0000000000;  0.0000000000;  0.0000000000;  0.0000000000;  0.0000000000;  0.0000000000
185.00;  0.0000000000;  0.0000000000;  0.0000000000;  0.0000000000;  0.0000000000;  0.0000000000;  0.0000000000;  0.0000000000;  0.0000000000;  0.0000000000;  0.0000000000;  0.0000000000
186.00;  0.0000000000;  0.0000000000;  0.0000000000;  0.0000000000;  0.0000000000;  0.0000000000;  0.0000000000;  0.0000000000;  0.0000000000;  0.0000000000;  0.0000000000;  0.0000000000
187.00;  0.0000000000;  0.0000000000;  0.0000000000;  0.0000000000;  0.0000000000;  0.0000000000;  0.0000000000;  0.0000000000;  0.0000000000;  0.0000000000;  0.0000000000;  0.0000000000
188.00;  0.0000000000;  0.0000000000;  0.0000000000;  0.0000000000;  0.0000000000;  0.0000000000;  0.0000000000;  0.0000000000;  0.0000000000;  0.0000000000;  0.0000000000;  0.0000000000
189.00;  0.0000000000;  0.0000000000;  0.0000000000;  0.0000000000;  0.0000000000;  0.0000000000;  0.0000000000;  0.0000000000;  0.0000000000;  0.0000000000;  0.0000000000;  0.0000000000
190.00;  0.0000000000;  0.0000000000;  0.0000000000;  0.0000000000;  0.0000000000;  0.0000000000;  0.0000000000;  0.0000000000;  0.0000000000;  0.0000000000;  0.0000000000;  0.0000000000
191.00;  0.0000000000;  0.0000000000;  0.0000000000;  0.0000000000;  0.0000000000;  0.0000000000;  0.0000000000;  0.0000000000;  0.0000000000;  0.0000000000;  0.0000000000;  0.0000000000
192.00;  0.0000000000;  0.0000000000;  0.0000000000;  0.0000000000;  0.0000000000;  0.0000000000;  0.0000000000;  0.0000000000;  0.0000000000;  0.0000000000;  0.0000000000;  0.0000000000
193.00;  0.0000000000;  0.0000000000;  0.0000000000;  0.0000000000;  0.0000000000;  0.0000000000;  0.0000000000;  0.0000000000;  0.0000000000;  0.0000000000;  0.0000000000;  0.0000000000
194.00;  0.0000000000;  0.0000000000;  0.0000000000;  0.0000000000;  0.0000000000;  0.0000000000;  0.0000000000;  0.0000000000;  0.0000000000;  0.0000000000;  0.0000000000;  0.0000000000
195.00;  0.0000000000;  0.0000000000;  0.0000000000;  0.0000000000;  0.0000000000;  0.0000000000;  0.0000000000;  0.0000000000;  0.0000000000;  0.0000000000;  0.0000000000;  0.0000000000
196.00;  0.0000000000;  0.0000000000;  0.0000000000;  0.0000000000;  0.0000000000;  0.0000000000;  0.0000000000;  0.0000000000;  0.0000000000;  0.0000000000;  0.0000000000;  0.0000000000
197.00;  0.0000000000;  0.0000000000;  0.0000000000;  0.0000000000;  0.0000000000;  0.0000000000;  0.0000000000;  0.0000000000;  0.0000000000;  0.0000000000;  0.0000000000;  0.0000000000
198.00;  0.0000000000;  0.0000000000;  0.0000000000;  0.0000000000;  0.0000000000;  0.0000000000;  0.0000000000;  0.0000000000;  0.0000000000;  0.0000000000;  0.0000000000;  0.0000000000
199.00;  0.0000000000;  0.0000000000;  0.0000000000;  0.0000000000;  0.0000000000;  0.0000000000;  0.0000000000;  0.0000000000;  0.0000000000;  0.0000000000;  0.0000000000;  0.0000000000
200.00;  0.0000000000;  0.0000000000;  0.0000000000;  0.0000000000;  0.0000000000;  0.0000000000;  0.0000000000;  0.0000000000;  0.0000000000;  0.0000000000;  0.0000000000;  0.0000000000
201.00;  0.0000000000;  0.0000000000;  0.0000000000;  0.0000000000;  0.0000000000;  0.0000000000;  0.0000000000;  0.0000000000;  0.0000000000;  0.0000000000;  0.0000000000;  0.0000000000
202.00;  0.0000000000;  0.0000000000;  0.0000000000;  0.0000000000;  0.0000000000;  0.0000000000;  0.0000000000;  0.0000000000;  0.0000000000;  0.0000000000;  0.0000000000;  0.0000000000
203.00;  0.0000000000;  0.0000000000;  0.0000000000;  0.0000000000;  0.0000000000;  0.0000000000;  0.0000000000;  0.0000000000;  0.0000000000;  0.0000000000;  0.0000000000;  0.0000000000
204.00;  0.0000000000;  0.0000000000;  0.0000000000;  0.0000000000;  0.0000000000;  0.0000000000;  0.0000000000;  0.0000000000;  0.0000000000;  0.0000000000;  0.0000000000;  0.0000000000
205.00;  0.0000000000;  0.0000000000;  0.0000000000;  0.0000000000;  0.0000000000;  0.0000000000;  0.0000000000;  0.0000000000;  0.0000000000;  0.0000000000;  0.0000000000;  0.0000000000
206.00;  0.0000000000;  0.0000000000;  0.0000000000;  0.0000000000;  0.0000000000;  0.0000000000;  0.0000000000;  0.0000000000;  0.0000000000;  0.0000000000;  0.0000000000;  0.0000000000
207.00;  0.0000000000;  0.0000000000;  0.0000000000;  0.0000000000;  0.0000000000;  0.0000000000;  0.0000000000;  0.0000000000;  0.0000000000;  0.0000000000;  0.0000000000;  0.0000000000
208.00;  0.0000000000;  0.0000000000;  0.0000000000;  0.0000000000;  0.0000000000;  0.0000000000;  0.0000000000;  0.0000000000;  0.0000000000;  0.0000000000;  0.0000000000;  0.0000000000
209.00;  0.0000000000;  0.0000000000;  0.0000000000;  0.0000000000;  0.0000000000;  0.0000000000;  0.0000000000;  0.0000000000;  0.0000000000;  0.0000000000;  0.0000000000;  0.0000000000
210.00;  0.0000000000;  0.0000000000;  0.0000000000;  0.0000000000;  0.0000000000;  0.0000000000;  0.0000000000;  0.0000000000;  0.0000000000;  0.0000000000;  0.0000000000;  0.0000000000
211.00;  0.0000000000;  0.0000000000;  0.0000000000;  0.0000000000;  0.0000000000;  0.0000000000;  0.0000000000;  0.0000000000;  0.0000000000;  0.0000000000;  0.0000000000;  0.0000000000
212.00;  0.0000000000;  0.0000000000;  0.0000000000;  0.0000000000;  0.0000000000;  0.0000000000;  0.0000000000;  0.0000000000;  0.0000000000;  0.0000000000;  0.0000000000;  0.0000000000
213.00;  0.0000000000;  0.0000000000;  0.0000000000;  0.0000000000;  0.0000000000;  0.0000000000;  0.0000000000;  0.0000000000;  0.0000000000;  0.0000000000;  0.0000000000;  0.0000000000
214.00;  0.0000000000;  0.0000000000;  0.0000000000;  0.0000000000;  0.0000000000;  0.0000000000;  0.0000000000;  0.0000000000;  0.0000000000;  0.0000000000;  0.0000000000;  0.0000000000
215.00;  0.0000000000;  0.0000000000;  0.0000000000;  0.0000000000;  0.0000000000;  0.0000000000;  0.0000000000;  0.0000000000;  0.0000000000;  0.0000000000;  0.0000000000;  0.0000000000
216.00;  0.0000000000;  0.0000000000;  0.0000000000;  0.0000000000;  0.0000000000;  0.0000000000;  0.0000000000;  0.0000000000;  0.0000000000;  0.0000000000;  0.0000000000;  0.0000000000
217.00;  0.0000000000;  0.0000000000;  0.0000000000;  0.0000000000;  0.0000000000;  0.0000000000;  0.0000000000;  0.0000000000;  0.0000000000;  0.0000000000;  0.0000000000;  0.0000000000
218.00;  0.0000000000;  0.0000000000;  0.0000000000;  0.0000000000;  0.0000000000;  0.0000000000;  0.0000000000;  0.0000000000;  0.0000000000;  0.0000000000;  0.0000000000;  0.0000000000
219.00;  0.0000000000;  0.0000000000;  0.0000000000;  0.0000000000;  0.0000000000;  0.0000000000;  0.0000000000;  0.0000000000;  0.0000000000;  0.0000000000;  0.0000000000;  0.0000000000
220.00;  0.0000000000;  0.0000000000;  0.0000000000;  0.0000000000;  0.0000000000;  0.0000000000;  0.0000000000;  0.0000000000;  0.0000000000;  0.0000000000;  0.0000000000;  0.0000000000
221.00;  0.0000000000;  0.0000000000;  0.0000000000;  0.0000000000;  0.0000000000;  0.0000000000;  0.0000000000;  0.0000000000;  0.0000000000;  0.0000000000;  0.0000000000;  0.0000000000
222.00;  0.0000000000;  0.0000000000;  0.0000000000;  0.0000000000;  0.0000000000;  0.0000000000;  0.0000000000;  0.0000000000;  0.0000000000;  0.0000000000;  0.0000000000;  0.0000000000
223.00;  0.0000000000;  0.0000000000;  0.0000000000;  0.0000000000;  0.0000000000;  0.0000000000;  0.0000000000;  0.0000000000;  0.0000000000;  0.0000000000;  0.0000000000;  0.0000000000
224.00;  0.0000000000;  0.0000000000;  0.0000000000;  0.0000000000;  0.0000000000;  0.0000000000;  0.0000000000;  0.0000000000;  0.0000000000;  0.0000000000;  0.0000000000;  0.0000000000
225.00;  0.0000000000;  0.0000000000;  0.0000000000;  0.0000000000;  0.0000000000;  0.0000000000;  0.0000000000;  0.0000000000;  0.0000000000;  0.0000000000;  0.0000000000;  0.0000000000
226.00;  0.0000000000;  0.0000000000;  0.0000000000;  0.0000000000;  0.0000000000;  0.0000000000;  0.0000000000;  0.0000000000;  0.0000000000;  0.0000000000;  0.0000000000;  0.0000000000
227.00;  0.0000000000;  0.0000000000;  0.0000000000;  0.0000000000;  0.0000000000;  0.0000000000;  0.0000000000;  0.0000000000;  0.0000000000;  0.0000000000;  0.0000000000;  0.0000000000
228.00;  0.0000000000;  0.0000000000;  0.0000000000;  0.0000000000;  0.0000000000;  0.0000000000;  0.0000000000;  0.0000000000;  0.0000000000;  0.0000000000;  0.0000000000;  0.0000000000
229.00;  0.0000000000;  0.0000000000;  0.0000000000;  0.0000000000;  0.0000000000;  0.0000000000;  0.0000000000;  0.0000000000;  0.0000000000;  0.0000000000;  0.0000000000;  0.0000000000
230.00;  0.0000000000;  0.0000000000;  0.0000000000;  0.0000000000;  0.0000000000;  0.0000000000;  0.0000000000;  0.0000000000;  0.0000000000;  0.0000000000;  0.0000000000;  0.0000000000
231.00;  0.0000000000;  0.0000000000;  0.0000000000;  0.0000000000;  0.0000000000;  0.0000000000;  0.0000000000;  0.0000000000;  0.0000000000;  0.0000000000;  0.0000000000;  0.0000000000
232.00;  0.0000000000;  0.0000000000;  0.0000000000;  0.0000000000;  0.0000000000;  0.0000000000;  0.0000000000;  0.0000000000;  0.0000000000;  0.0000000000;  0.0000000000;  0.0000000000
233.00;  0.0000000000;  0.0000000000;  0.0000000000;  0.0000000000;  0.0000000000;  0.0000000000;  0.0000000000;  0.0000000000;  0.0000000000;  0.0000000000;  0.0000000000;  0.0000000000
234.00;  0.0000000000;  0.0000000000;  0.0000000000;  0.0000000000;  0.0000000000;  0.0000000000;  0.0000000000;  0.0000000000;  0.0000000000;  0.0000000000;  0.0000000000;  0.0000000000
235.00;  0.0000000000;  0.0000000000;  0.0000000000;  0.0000000000;  0.0000000000;  0.0000000000;  0.0000000000;  0.0000000000;  0.0000000000;  0.0000000000;  0.0000000000;  0.0000000000
236.00;  0.0000000000;  0.0000000000;  0.0000000000;  0.0000000000;  0.0000000000;  0.0000000000;  0.0000000000;  0.0000000000;  0.0000000000;  0.0000000000;  0.0000000000;  0.0000000000
237.00;  0.0000000000;  0.0000000000;  0.0000000000;  0.0000000000;  0.0000000000;  0.0000000000;  0.0000000000;  0.0000000000;  0.0000000000;  0.0000000000;  0.0000000000;  0.0000000000
238.00;  0.0000000000;  0.0000000000;  0.0000000000;  0.0000000000;  0.0000000000;  0.0000000000;  0.0000000000;  0.0000000000;  0.0000000000;  0.0000000000;  0.0000000000;  0.0000000000
239.00;  0.0000000000;  0.0000000000;  0.0000000000;  0.0000000000;  0.0000000000;  0.0000000000;  0.0000000000;  0.0000000000;  0.0000000000;  0.0000000000;  0.0000000000;  0.0000000000
240.00;  0.0000000000;  0.0000000000;  0.0000000000;  0.0000000000;  0.0000000000;  0.0000000000;  0.0000000000;  0.0000000000;  0.0000000000;  0.0000000000;  0.0000000000;  0.0000000000
241.00;  0.0000000000;  0.0000000000;  0.0000000000;  0.0000000000;  0.0000000000;  0.0000000000;  0.0000000000;  0.0000000000;  0.0000000000;  0.0000000000;  0.0000000000;  0.0000000000
242.00;  0.0000000000;  0.0000000000;  0.0000000000;  0.0000000000;  0.0000000000;  0.0000000000;  0.0000000000;  0.0000000000;  0.0000000000;  0.0000000000;  0.0000000000;  0.0000000000
243.00;  0.0000000000;  0.0000000000;  0.0000000000;  0.0000000000;  0.0000000000;  0.0000000000;  0.0000000000;  0.0000000000;  0.0000000000;  0.0000000000;  0.0000000000;  0.0000000000
244.00;  0.0000000000;  0.0000000000;  0.0000000000;  0.0000000000;  0.0000000000;  0.0000000000;  0.0000000000;  0.0000000000;  0.0000000000;  0.0000000000;  0.0000000000;  0.0000000000
245.00;  0.0000000000;  0.0000000000;  0.0000000000;  0.0000000000;  0.0000000000;  0.0000000000;  0.0000000000;  0.0000000000;  0.0000000000;  0.0000000000;  0.0000000000;  0.0000000000
246.00;  0.0000000000;  0.0000000000;  0.0000000000;  0.0000000000;  0.0000000000;  0.0000000000;  0.0000000000;  0.0000000000;  0.0000000000;  0.0000000000;  0.0000000000;  0.0000000000
247.00;  0.0000000000;  0.0000000000;  0.0000000000;  0.0000000000;  0.0000000000;  0.0000000000;  0.0000000000;  0.0000000000;  0.0000000000;  0.0000000000;  0.0000000000;  0.0000000000
248.00;  0.0000000000;  0.0000000000;  0.0000000000;  0.0000000000;  0.0000000000;  0.0000000000;  0.0000000000;  0.0000000000;  0.0000000000;  0.0000000000;  0.0000000000;  0.0000000000
249.00;  0.0000000000;  0.0000000000;  0.0000000000;  0.0000000000;  0.0000000000;  0.0000000000;  0.0000000000;  0.0000000000;  0.0000000000;  0.0000000000;  0.0000000000;  0.0000000000
250.00;  0.0000000000;  0.0000000000;  0.0000000000;  0.0000000000;  0.0000000000;  0.0000000000;  0.0000000000;  0.0000000000;  0.0000000000;  0.0000000000;  0.0000000000;  0.0000000000
251.00;  0.0000000000;  0.0000000000;  0.0000000000;  0.0000000000;  0.0000000000;  0.0000000000;  0.0000000000;  0.0000000000;  0.0000000000;  0.0000000000;  0.0000000000;  0.0000000000
252.00;  0.0000000000;  0.0000000000;  0.0000000000;  0.0000000000;  0.0000000000;  0.0000000000;  0.0000000000;  0.0000000000;  0.0000000000;  0.0000000000;  0.0000000000;  0.0000000000
253.00;  0.0000000000;  0.0000000000;  0.0000000000;  0.0000000000;  0.0000000000;  0.0000000000;  0.0000000000;  0.0000000000;  0.0000000000;  0.0000000000;  0.0000000000;  0.0000000000
254.00;  0.0000000000;  0.0000000000;  0.0000000000;  0.0000000000;  0.0000000000;  0.0000000000;  0.0000000000;  0.0000000000;  0.0000000000;  0.0000000000;  0.0000000000;  0.0000000000
255.00;  0.0000000000;  0.0000000000;  0.0000000000;  0.0000000000;  0.0000000000;  0.0000000000;  0.0000000000;  0.0000000000;  0.0000000000;  0.0000000000;  0.0000000000;  0.0000000000
256.00;  0.0000000000;  0.0000000000;  0.0000000000;  0.0000000000;  0.0000000000;  0.0000000000;  0.0000000000;  0.0000000000;  0.0000000000;  0.0000000000;  0.0000000000;  0.0000000000
257.00;  0.0000000000;  0.0000000000;  0.0000000000;  0.0000000000;  0.0000000000;  0.0000000000;  0.0000000000;  0.0000000000;  0.0000000000;  0.0000000000;  0.0000000000;  0.0000000000
258.00;  0.0000000000;  0.0000000000;  0.0000000000;  0.0000000000;  0.0000000000;  0.0000000000;  0.0000000000;  0.0000000000;  0.0000000000;  0.0000000000;  0.0000000000;  0.0000000000
259.00;  0.0000000000;  0.0000000000;  0.0000000000;  0.0000000000;  0.0000000000;  0.0000000000;  0.0000000000;  0.0000000000;  0.0000000000;  0.0000000000;  0.0000000000;  0.0000000000
260.00;  0.0000000000;  0.0000000000;  0.0000000000;  0.0000000000;  0.0000000000;  0.0000000000;  0.0000000000;  0.0000000000;  0.0000000000;  0.0000000000;  0.0000000000;  0.0000000000
261.00;  0.0000000000;  0.0000000000;  0.0000000000;  0.0000000000;  0.0000000000;  0.0000000000;  0.0000000000;  0.0000000000;  0.0000000000;  0.0000000000;  0.0000000000;  0.0000000000
262.00;  0.0000000000;  0.0000000000;  0.0000000000;  0.0000000000;  0.0000000000;  0.0000000000;  0.0000000000;  0.0000000000;  0.0000000000;  0.0000000000;  0.0000000000;  0.0000000000
263.00;  0.0000000000;  0.0000000000;  0.0000000000;  0.0000000000;  0.0000000000;  0.0000000000;  0.0000000000;  0.0000000000;  0.0000000000;  0.0000000000;  0.0000000000;  0.0000000000
264.00;  0.0000000000;  0.0000000000;  0.0000000000;  0.0000000000;  0.0000000000;  0.0000000000;  0.0000000000;  0.0000000000;  0.0000000000;  0.0000000000;  0.0000000000;  0.0000000000
265.00;  0.0000000000;  0.0000000000;  0.0000000000;  0.0000000000;  0.0000000000;  0.0000000000;  0.0000000000;  0.0000000000;  0.0000000000;  0.0000000000;  0.0000000000;  0.0000000000
266.00;  0.0000000000;  0.0000000000;  0.0000000000;  0.0000000000;  0.0000000000;  0.0000000000;  0.0000000000;  0.0000000000;  0.0000000000;  0.0000000000;  0.0000000000;  0.0000000000
267.00;  0.0000000000;  0.0000000000;  0.0000000000;  0.0000000000;  0.0000000000;  0.0000000000;  0.0000000000;  0.0000000000;  0.0000000000;  0.0000000000;  0.0000000000;  0.0000000000
268.00;  0.0000000000;  0.0000000000;  0.0000000000;  0.0000000000;  0.0000000000;  0.0000000000;  0.0000000000;  0.0000000000;  0.0000000000;  0.0000000000;  0.0000000000;  0.0000000000
269.00;  0.0000000000;  0.0000000000;  0.0000000000;  0.0000000000;  0.0000000000;  0.0000000000;  0.0000000000;  0.0000000000;  0.0000000000;  0.0000000000;  0.0000000000;  0.0000000000
270.00;  0.0000000000;  0.0000000000;  0.0000000000;  0.0000000000;  0.0000000000;  0.0000000000;  0.0000000000;  0.0000000000;  0.0000000000;  0.0000000000;  0.0000000000;  0.0000000000
271.00;  0.0000000000;  0.0000000000;  0.0000000000;  0.0000000000;  0.0000000000;  0.0000000000;  0.0000000000;  0.0000000000;  0.0000000000;  0.0000000000;  0.0000000000;  0.0000000000
272.00;  0.0000000000;  0.0000000000;  0.0000000000;  0.0000000000;  0.0000000000;  0.0000000000;  0.0000000000;  0.0000000000;  0.0000000000;  0.0000000000;  0.0000000000;  0.0000000000
273.00;  0.0000000000;  0.0000000000;  0.0000000000;  0.0000000000;  0.0000000000;  0.0000000000;  0.0000000000;  0.0000000000;  0.0000000000;  0.0000000000;  0.0000000000;  0.0000000000
274.00;  0.0000000000;  0.0000000000;  0.0000000000;  0.0000000000;  0.0000000000;  0.0000000000;  0.0000000000;  0.0000000000;  0.0000000000;  0.0000000000;  0.0000000000;  0.0000000000
275.00;  0.0000000000;  0.0000000000;  0.0000000000;  0.0000000000;  0.0000000000;  0.0000000000;  0.0000000000;  0.0000000000;  0.0000000000;  0.0000000000;  0.0000000000;  0.0000000000
276.00;  0.0000000000;  0.0000000000;  0.0000000000;  0.0000000000;  0.0000000000;  0.0000000000;  0.0000000000;  0.0000000000;  0.0000000000;  0.0000000000;  0.0000000000;  0.0000000000
277.00;  0.0000000000;  0.0000000000;  0.0000000000;  0.0000000000;  0.0000000000;  0.0000000000;  0.0000000000;  0.0000000000;  0.0000000000;  0.0000000000;  0.0000000000;  0.0000000000
278.00;  0.0000000000;  0.0000000000;  0.0000000000;  0.0000000000;  0.0000000000;  0.0000000000;  0.0000000000;  0.0000000000;  0.0000000000;  0.0000000000;  0.0000000000;  0.0000000000
279.00;  0.0000000000;  0.0000000000;  0.0000000000;  0.0000000000;  0.0000000000;  0.0000000000;  0.0000000000;  0.0000000000;  0.0000000000;  0.0000000000;  0.0000000000;  0.0000000000
280.00;  0.0000000000;  0.0000000000;  0.0000000000;  0.0000000000;  0.0000000000;  0.0000000000;  0.0000000000;  0.0000000000;  0.0000000000;  0.0000000000;  0.0000000000;  0.0000000000
281.00;  0.0000000000;  0.0000000000;  0.0000000000;  0.0000000000;  0.0000000000;  0.0000000000;  0.0000000000;  0.0000000000;  0.0000000000;  0.0000000000;  0.0000000000;  0.0000000000
282.00;  0.0000000000;  0.0000000000;  0.0000000000;  0.0000000000;  0.0000000000;  0.0000000000;  0.0000000000;  0.0000000000;  0.0000000000;  0.0000000000;  0.0000000000;  0.0000000000
283.00;  0.0000000000;  0.0000000000;  0.0000000000;  0.0000000000;  0.0000000000;  0.0000000000;  0.0000000000;  0.0000000000;  0.0000000000;  0.0000000000;  0.0000000000;  0.0000000000
284.00;  0.0000000000;  0.0000000000;  0.0000000000;  0.0000000000;  0.0000000000;  0.0000000000;  0.0000000000;  0.0000000000;  0.0000000000;  0.0000000000;  0.0000000000;  0.0000000000
285.00;  0.0000000000;  0.0000000000;  0.0000000000;  0.0000000000;  0.0000000000;  0.0000000000;  0.0000000000;  0.0000000000;  0.0000000000;  0.0000000000;  0.0000000000;  0.0000000000
286.00;  0.0000000000;  0.0000000000;  0.0000000000;  0.0000000000;  0.0000000000;  0.0000000000;  0.0000000000;  0.0000000000;  0.0000000000;  0.0000000000;  0.0000000000;  0.0000000000
287.00;  0.0000000000;  0.0000000000;  0.0000000000;  0.0000000000;  0.0000000000;  0.0000000000;  0.0000000000;  0.0000000000;  0.0000000000;  0.0000000000;  0.0000000000;  0.0000000000
288.00;  0.0000000000;  0.0000000000;  0.0000000000;  0.0000000000;  0.0000000000;  0.0000000000;  0.0000000000;  0.0000000000;  0.0000000000;  0.0000000000;  0.0000000000;  0.0000000000
289.00;  0.0000000000;  0.0000000000;  0.0000000000;  0.0000000000;  0.0000000000;  0.0000000000;  0.0000000000;  0.0000000000;  0.0000000000;  0.0000000000;  0.0000000000;  0.0000000000
290.00;  0.0000000000;  0.0000000000;  0.0000000000;  0.0000000000;  0.0000000000;  0.0000000000;  0.0000000000;  0.0000000000;  0.0000000000;  0.0000000000;  0.0000000000;  0.0000000000
291.00;  0.0000000000;  0.0000000000;  0.0000000000;  0.0000000000;  0.0000000000;  0.0000000000;  0.0000000000;  0.0000000000;  0.0000000000;  0.0000000000;  0.0000000000;  0.0000000000
292.00;  0.0000000000;  0.0000000000;  0.0000000000;  0.0000000000;  0.0000000000;  0.0000000000;  0.0000000000;  0.0000000000;  0.0000000000;  0.0000000000;  0.0000000000;  0.0000000000
293.00;  0.0000000000;  0.0000000000;  0.0000000000;  0.0000000000;  0.0000000000;  0.0000000000;  0.0000000000;  0.0000000000;  0.0000000000;  0.0000000000;  0.0000000000;  0.0000000000
294.00;  0.0000000000;  0.0000000000;  0.0000000000;  0.0000000000;  0.0000000000;  0.0000000000;  0.0000000000;  0.0000000000;  0.0000000000;  0.0000000000;  0.0000000000;  0.0000000000
295.00;  0.0000000000;  0.0000000000;  0.0000000000;  0.0000000000;  0.0000000000;  0.0000000000;  0.0000000000;  0.0000000000;  0.0000000000;  0.0000000000;  0.0000000000;  0.0000000000
296.00;  0.0000000000;  0.0000000000;  0.0000000000;  0.0000000000;  0.0000000000;  0.0000000000;  0.0000000000;  0.0000000000;  0.0000000000;  0.0000000000;  0.0000000000;  0.0000000000
297.00;  0.0000000000;  0.0000000000;  0.0000000000;  0.0000000000;  0.0000000000;  0.0000000000;  0.0000000000;  0.0000000000;  0.0000000000;  0.0000000000;  0.0000000000;  0.0000000000
298.00;  0.0000000000;  0.0000000000;  0.0000000000;  0.0000000000;  0.0000000000;  0.0000000000;  0.0000000000;  0.0000000000;  0.0000000000;  0.0000000000;  0.0000000000;  0.0000000000
299.00;  0.0000000000;  0.0000000000;  0.0000000000;  0.0000000000;  0.0000000000;  0.0000000000;  0.0000000000;  0.0000000000;  0.0000000000;  0.0000000000;  0.0000000000;  0.0000000000
300.00;  0.0000000000;  0.0000000000;  0.0000000000;  0.0000000000;  0.0000000000;  0.0000000000;  0.0000000000;  0.0000000000;  0.0000000000;  0.0000000000;  0.0000000000;  0.0000000000
301.00;  0.0000000000;  0.0000000000;  0.0000000000;  0.0000000000;  0.0000000000;  0.0000000000;  0.0000000000;  0.0000000000;  0.0000000000;  0.0000000000;  0.0000000000;  0.0000000000
302.00;  0.0000000000;  0.0000000000;  0.0000000000;  0.0000000000;  0.0000000000;  0.0000000000;  0.0000000000;  0.0000000000;  0.0000000000;  0.0000000000;  0.0000000000;  0.0000000000
303.00;  0.0000000000;  0.0000000000;  0.0000000000;  0.0000000000;  0.0000000000;  0.0000000000;  0.0000000000;  0.0000000000;  0.0000000000;  0.0000000000;  0.0000000000;  0.0000000000
304.00;  0.0000000000;  0.0000000000;  0.0000000000;  0.0000000000;  0.0000000000;  0.0000000000;  0.0000000000;  0.0000000000;  0.0000000000;  0.0000000000;  0.0000000000;  0.0000000000
305.00;  0.0000000000;  0.0000000000;  0.0000000000;  0.0000000000;  0.0000000000;  0.0000000000;  0.0000000000;  0.0000000000;  0.0000000000;  0.0000000000;  0.0000000000;  0.0000000000
306.00;  0.0000000000;  0.0000000000;  0.0000000000;  0.0000000000;  0.0000000000;  0.0000000000;  0.0000000000;  0.0000000000;  0.0000000000;  0.0000000000;  0.0000000000;  0.0000000000
307.00;  0.0000000000;  0.0000000000;  0.0000000000;  0.0000000000;  0.0000000000;  0.0000000000;  0.0000000000;  0.0000000000;  0.0000000000;  0.0000000000;  0.0000000000;  0.0000000000
308.00;  0.0000000000;  0.0000000000;  0.0000000000;  0.0000000000;  0.0000000000;  0.0000000000;  0.0000000000;  0.0000000000;  0.0000000000;  0.0000000000;  0.0000000000;  0.0000000000
309.00;  0.0000000000;  0.0000000000;  0.0000000000;  0.0000000000;  0.0000000000;  0.0000000000;  0.0000000000;  0.0000000000;  0.0000000000;  0.0000000000;  0.0000000000;  0.0000000000
310.00;  0.0000000000;  0.0000000000;  0.0000000000;  0.0000000000;  0.0000000000;  0.0000000000;  0.0000000000;  0.0000000000;  0.0000000000;  0.0000000000;  0.0000000000;  0.0000000000
311.00;  0.0000000000;  0.0000000000;  0.0000000000;  0.0000000000;  0.0000000000;  0.0000000000;  0.0000000000;  0.0000000000;  0.0000000000;  0.0000000000;  0.0000000000;  0.0000000000
312.00;  0.0000000000;  0.0000000000;  0.0000000000;  0.0000000000;  0.0000000000;  0.0000000000;  0.0000000000;  0.0000000000;  0.0000000000;  0.0000000000;  0.0000000000;  0.0000000000
313.00;  0.0000000000;  0.0000000000;  0.0000000000;  0.0000000000;  0.0000000000;  0.0000000000;  0.0000000000;  0.0000000000;  0.0000000000;  0.0000000000;  0.0000000000;  0.0000000000
314.00;  0.0000000000;  0.0000000000;  0.0000000000;  0.0000000000;  0.0000000000;  0.0000000000;  0.0000000000;  0.0000000000;  0.0000000000;  0.0000000000;  0.0000000000;  0.0000000000
315.00;  0.0000000000;  0.0000000000;  0.0000000000;  0.0000000000;  0.0000000000;  0.0000000000;  0.0000000000;  0.0000000000;  0.0000000000;  0.0000000000;  0.0000000000;  0.0000000000
316.00;  0.0000000000;  0.0000000000;  0.0000000000;  0.0000000000;  0.0000000000;  0.0000000000;  0.0000000000;  0.0000000000;  0.0000000000;  0.0000000000;  0.0000000000;  0.0000000000
317.00;  0.0000000000;  0.0000000000;  0.0000000000;  0.0000000000;  0.0000000000;  0.0000000000;  0.0000000000;  0.0000000000;  0.0000000000;  0.0000000000;  0.0000000000;  0.0000000000
318.00;  0.0000000000;  0.0000000000;  0.0000000000;  0.0000000000;  0.0000000000;  0.0000000000;  0.0000000000;  0.0000000000;  0.0000000000;  0.0000000000;  0.0000000000;  0.0000000000
319.00;  0.0000000000;  0.0000000000;  0.0000000000;  0.0000000000;  0.0000000000;  0.0000000000;  0.0000000000;  0.0000000000;  0.0000000000;  0.0000000000;  0.0000000000;  0.0000000000
320.00;  0.0000000000;  0.0000000000;  0.0000000000;  0.0000000000;  0.0000000000;  0.0000000000;  0.0000000000;  0.0000000000;  0.0000000000;  0.0000000000;  0.0000000000;  0.0000000000
321.00;  0.0000000000;  0.0000000000;  0.0000000000;  0.0000000000;  0.0000000000;  0.0000000000;  0.0000000000;  0.0000000000;  0.0000000000;  0.0000000000;  0.0000000000;  0.0000000000
322.00;  0.0000000000;  0.0000000000;  0.0000000000;  0.0000000000;  0.0000000000;  0.0000000000;  0.0000000000;  0.0000000000;  0.0000000000;  0.0000000000;  0.0000000000;  0.0000000000
323.00;  0.0000000000;  0.0000000000;  0.0000000000;  0.0000000000;  0.0000000000;  0.0000000000;  0.0000000000;  0.0000000000;  0.0000000000;  0.0000000000;  0.0000000000;  0.0000000000
324.00;  0.0000000000;  0.0000000000;  0.0000000000;  0.0000000000;  0.0000000000;  0.0000000000;  0.0000000000;  0.0000000000;  0.0000000000;  0.0000000000;  0.0000000000;  0.0000000000
325.00;  0.0000000000;  0.0000000000;  0.0000000000;  0.0000000000;  0.0000000000;  0.0000000000;  0.0000000000;  0.0000000000;  0.0000000000;  0.0000000000;  0.0000000000;  0.0000000000
326.00;  0.0000000000;  0.0000000000;  0.0000000000;  0.0000000000;  0.0000000000;  0.0000000000;  0.0000000000;  0.0000000000;  0.0000000000;  0.0000000000;  0.0000000000;  0.0000000000
327.00;  0.0000000000;  0.0000000000;  0.0000000000;  0.0000000000;  0.0000000000;  0.0000000000;  0.0000000000;  0.0000000000;  0.0000000000;  0.0000000000;  0.0000000000;  0.0000000000
328.00;  0.0000000000;  0.0000000000;  0.0000000000;  0.0000000000;  0.0000000000;  0.0000000000;  0.0000000000;  0.0000000000;  0.0000000000;  0.0000000000;  0.0000000000;  0.0000000000
329.00;  0.0000000000;  0.0000000000;  0.0000000000;  0.0000000000;  0.0000000000;  0.0000000000;  0.0000000000;  0.0000000000;  0.0000000000;  0.0000000000;  0.0000000000;  0.0000000000
330.00;  0.0000000000;  0.0000000000;  0.0000000000;  0.0000000000;  0.0000000000;  0.0000000000;  0.0000000000;  0.0000000000;  0.0000000000;  0.0000000000;  0.0000000000;  0.0000000000
331.00;  0.0000000000;  0.0000000000;  0.0000000000;  0.0000000000;  0.0000000000;  0.0000000000;  0.0000000000;  0.0000000000;  0.0000000000;  0.0000000000;  0.0000000000;  0.0000000000
332.00;  0.0000000000;  0.0000000000;  0.0000000000;  0.0000000000;  0.0000000000;  0.0000000000;  0.0000000000;  0.0000000000;  0.0000000000;  0.0000000000;  0.0000000000;  0.0000000000
333.00;  0.0000000000;  0.0000000000;  0.0000000000;  0.0000000000;  0.0000000000;  0.0000000000;  0.0000000000;  0.0000000000;  0.0000000000;  0.0000000000;  0.0000000000;  0.0000000000
334.00;  0.0000000000;  0.0000000000;  0.0000000000;  0.0000000000;  0.0000000000;  0.0000000000;  0.0000000000;  0.0000000000;  0.0000000000;  0.0000000000;  0.0000000000;  0.0000000000
335.00;  0.0000000000;  0.0000000000;  0.0000000000;  0.0000000000;  0.0000000000;  0.0000000000;  0.0000000000;  0.0000000000;  0.0000000000;  0.0000000000;  0.0000000000;  0.0000000000
336.00;  0.0000000000;  0.0000000000;  0.0000000000;  0.0000000000;  0.0000000000;  0.0000000000;  0.0000000000;  0.0000000000;  0.0000000000;  0.0000000000;  0.0000000000;  0.0000000000
337.00;  0.0000000000;  0.0000000000;  0.0000000000;  0.0000000000;  0.0000000000;  0.0000000000;  0.0000000000;  0.0000000000;  0.0000000000;  0.0000000000;  0.0000000000;  0.0000000000
338.00;  0.0000000000;  0.0000000000;  0.0000000000;  0.0000000000;  0.0000000000;  0.0000000000;  0.0000000000;  0.0000000000;  0.0000000000;  0.0000000000;  0.0000000000;  0.0000000000
339.00;  0.0000000000;  0.0000000000;  0.0000000000;  0.0000000000;  0.0000000000;  0.0000000000;  0.0000000000;  0.0000000000;  0.0000000000;  0.0000000000;  0.0000000000;  0.0000000000
340.00;  0.0000000000;  0.0000000000;  0.0000000000;  0.0000000000;  0.0000000000;  0.0000000000;  0.0000000000;  0.0000000000;  0.0000000000;  0.0000000000;  0.0000000000;  0.0000000000
341.00;  0.0000000000;  0.0000000000;  0.0000000000;  0.0000000000;  0.0000000000;  0.0000000000;  0.0000000000;  0.0000000000;  0.0000000000;  0.0000000000;  0.0000000000;  0.0000000000
342.00;  0.0000000000;  0.0000000000;  0.0000000000;  0.0000000000;  0.0000000000;  0.0000000000;  0.0000000000;  0.0000000000;  0.0000000000;  0.0000000000;  0.0000000000;  0.0000000000
343.00;  0.0000000000;  0.0000000000;  0.0000000000;  0.0000000000;  0.0000000000;  0.0000000000;  0.0000000000;  0.0000000000;  0.0000000000;  0.0000000000;  0.0000000000;  0.0000000000
344.00;  0.0000000000;  0.0000000000;  0.0000000000;  0.0000000000;  0.0000000000;  0.0000000000;  0.0000000000;  0.0000000000;  0.0000000000;  0.0000000000;  0.0000000000;  0.0000000000
345.00;  0.0000000000;  0.0000000000;  0.0000000000;  0.0000000000;  0.0000000000;  0.0000000000;  0.0000000000;  0.0000000000;  0.0000000000;  0.0000000000;  0.0000000000;  0.0000000000
346.00;  0.0000000000;  0.0000000000;  0.0000000000;  0.0000000000;  0.0000000000;  0.0000000000;  0.0000000000;  0.0000000000;  0.0000000000;  0.0000000000;  0.0000000000;  0.0000000000
347.00;  0.0000000000;  0.0000000000;  0.0000000000;  0.0000000000;  0.0000000000;  0.0000000000;  0.0000000000;  0.0000000000;  0.0000000000;  0.0000000000;  0.0000000000;  0.0000000000
348.00;  0.0000000000;  0.0000000000;  0.0000000000;  0.0000000000;  0.0000000000;  0.0000000000;  0.0000000000;  0.0000000000;  0.0000000000;  0.0000000000;  0.0000000000;  0.0000000000
349.00;  0.0000000000;  0.0000000000;  0.0000000000;  0.0000000000;  0.0000000000;  0.0000000000;  0.0000000000;  0.0000000000;  0.0000000000;  0.0000000000;  0.0000000000;  0.0000000000
350.00;  0.0000000000;  0.0000000000;  0.0000000000;  0.0000000000;  0.0000000000;  0.0000000000;  0.0000000000;  0.0000000000;  0.0000000000;  0.0000000000;  0.0000000000;  0.0000000000
351.00;  0.0000000000;  0.0000000000;  0.0000000000;  0.0000000000;  0.0000000000;  0.0000000000;  0.0000000000;  0.0000000000;  0.0000000000;  0.0000000000;  0.0000000000;  0.0000000000
352.00;  0.0000000000;  0.0000000000;  0.0000000000;  0.0000000000;  0.0000000000;  0.0000000000;  0.0000000000;  0.0000000000;  0.0000000000;  0.0000000000;  0.0000000000;  0.0000000000
353.00;  0.0000000000;  0.0000000000;  0.0000000000;  0.0000000000;  0.0000000000;  0.0000000000;  0.0000000000;  0.0000000000;  0.0000000000;  0.0000000000;  0.0000000000;  0.0000000000
354.00;  0.0000000000;  0.0000000000;  0.0000000000;  0.0000000000;  0.0000000000;  0.0000000000;  0.0000000000;  0.0000000000;  0.0000000000;  0.0000000000;  0.0000000000;  0.0000000000
355.00;  0.0000000000;  0.0000000000;  0.0000000000;  0.0000000000;  0.0000000000;  0.0000000000;  0.0000000000;  0.0000000000;  0.0000000000;  0.0000000000;  0.0000000000;  0.0000000000
356.00;  0.0000000000;  0.0000000000;  0.0000000000;  0.0000000000;  0.0000000000;  0.0000000000;  0.0000000000;  0.0000000000;  0.0000000000;  0.0000000000;  0.0000000000;  0.0000000000
357.00;  0.0000000000;  0.0000000000;  0.0000000000;  0.0000000000;  0.0000000000;  0.0000000000;  0.0000000000;  0.0000000000;  0.0000000000;  0.0000000000;  0.0000000000;  0.0000000000
358.00;  0.0000000000;  0.0000000000;  0.0000000000;  0.0000000000;  0.0000000000;  0.0000000000;  0.0000000000;  0.0000000000;  0.0000000000;  0.0000000000;  0.0000000000;  0.0000000000
359.00;  0.0000000000;  0.0000000000;  0.0000000000;  0.0000000000;  0.0000000000;  0.0000000000;  0.0000000000;  0.0000000000;  0.0000000000;  0.0000000000;  0.0000000000;  0.0000000000
360.00;  0.0000000000;  0.0000000000;  0.0000000000;  0.0000000000;  0.0000000000;  0.0000000000;  0.0000000000;  0.0000000000;  0.0000000000;  0.0000000000;  0.0000000000;  0.0000000000
361.00;  0.0000000000;  0.0000000000;  0.0000000000;  0.0000000000;  0.0000000000;  0.0000000000;  0.0000000000;  0.0000000000;  0.0000000000;  0.0000000000;  0.0000000000;  0.0000000000
362.00;  0.0000000000;  0.0000000000;  0.0000000000;  0.0000000000;  0.0000000000;  0.0000000000;  0.0000000000;  0.0000000000;  0.0000000000;  0.0000000000;  0.0000000000;  0.0000000000
363.00;  0.0000000000;  0.0000000000;  0.0000000000;  0.0000000000;  0.0000000000;  0.0000000000;  0.0000000000;  0.0000000000;  0.0000000000;  0.0000000000;  0.0000000000;  0.0000000000
364.00;  0.0000000000;  0.0000000000;  0.0000000000;  0.0000000000;  0.0000000000;  0.0000000000;  0.0000000000;  0.0000000000;  0.0000000000;  0.0000000000;  0.0000000000;  0.0000000000
365.00;  0.0000000000;  0.0000000000;  0.0000000000;  0.0000000000;  0.0000000000;  0.0000000000;  0.0000000000;  0.0000000000;  0.0000000000;  0.0000000000;  0.0000000000;  0.0000000000
366.00;  0.0000000000;  0.0000000000;  0.0000000000;  0.0000000000;  0.0000000000;  0.0000000000;  0.0000000000;  0.0000000000;  0.0000000000;  0.0000000000;  0.0000000000;  0.0000000000
367.00;  0.0000000000;  0.0000000000;  0.0000000000;  0.0000000000;  0.0000000000;  0.0000000000;  0.0000000000;  0.0000000000;  0.0000000000;  0.0000000000;  0.0000000000;  0.0000000000
368.00;  0.0000000000;  0.0000000000;  0.0000000000;  0.0000000000;  0.0000000000;  0.0000000000;  0.0000000000;  0.0000000000;  0.0000000000;  0.0000000000;  0.0000000000;  0.0000000000
369.00;  0.0000000000;  0.0000000000;  0.0000000000;  0.0000000000;  0.0000000000;  0.0000000000;  0.0000000000;  0.0000000000;  0.0000000000;  0.0000000000;  0.0000000000;  0.0000000000
370.00;  0.0000000000;  0.0000000000;  0.0000000000;  0.0000000000;  0.0000000000;  0.0000000000;  0.0000000000;  0.0000000000;  0.0000000000;  0.0000000000;  0.0000000000;  0.0000000000
371.00;  0.0000000000;  0.0000000000;  0.0000000000;  0.0000000000;  0.0000000000;  0.0000000000;  0.0000000000;  0.0000000000;  0.0000000000;  0.0000000000;  0.0000000000;  0.0000000000
372.00;  0.0000000000;  0.0000000000;  0.0000000000;  0.0000000000;  0.0000000000;  0.0000000000;  0.0000000000;  0.0000000000;  0.0000000000;  0.0000000000;  0.0000000000;  0.0000000000
373.00;  0.0000000000;  0.0000000000;  0.0000000000;  0.0000000000;  0.0000000000;  0.0000000000;  0.0000000000;  0.0000000000;  0.0000000000;  0.0000000000;  0.0000000000;  0.0000000000
374.00;  0.0000000000;  0.0000000000;  0.0000000000;  0.0000000000;  0.0000000000;  0.0000000000;  0.0000000000;  0.0000000000;  0.0000000000;  0.0000000000;  0.0000000000;  0.0000000000
375.00;  0.0000000000;  0.0000000000;  0.0000000000;  0.0000000000;  0.0000000000;  0.0000000000;  0.0000000000;  0.0000000000;  0.0000000000;  0.0000000000;  0.0000000000;  0.0000000000
376.00;  0.0000000000;  0.0000000000;  0.0000000000;  0.0000000000;  0.0000000000;  0.0000000000;  0.0000000000;  0.0000000000;  0.0000000000;  0.0000000000;  0.0000000000;  0.0000000000
377.00;  0.0000000000;  0.0000000000;  0.0000000000;  0.0000000000;  0.0000000000;  0.0000000000;  0.0000000000;  0.0000000000;  0.0000000000;  0.0000000000;  0.0000000000;  0.0000000000
378.00;  0.0000000000;  0.0000000000;  0.0000000000;  0.0000000000;  0.0000000000;  0.0000000000;  0.0000000000;  0.0000000000;  0.0000000000;  0.0000000000;  0.0000000000;  0.0000000000
379.00;  0.0000000000;  0.0000000000;  0.0000000000;  0.0000000000;  0.0000000000;  0.0000000000;  0.0000000000;  0.0000000000;  0.0000000000;  0.0000000000;  0.0000000000;  0.0000000000
380.00;  0.0000000000;  0.0000000000;  0.0000000000;  0.0000000000;  0.0000000000;  0.0000000000;  0.0000000000;  0.0000000000;  0.0000000000;  0.0000000000;  0.0000000000;  0.0000000000
381.00;  0.0000000000;  0.0000000000;  0.0000000000;  0.0000000000;  0.0000000000;  0.0000000000;  0.0000000000;  0.0000000000;  0.0000000000;  0.0000000000;  0.0000000000;  0.0000000000
382.00;  0.0000000000;  0.0000000000;  0.0000000000;  0.0000000000;  0.0000000000;  0.0000000000;  0.0000000000;  0.0000000000;  0.0000000000;  0.0000000000;  0.0000000000;  0.0000000000
383.00;  0.0000000000;  0.0000000000;  0.0000000000;  0.0000000000;  0.0000000000;  0.0000000000;  0.0000000000;  0.0000000000;  0.0000000000;  0.0000000000;  0.0000000000;  0.0000000000
384.00;  0.0000000000;  0.0000000000;  0.0000000000;  0.0000000000;  0.0000000000;  0.0000000000;  0.0000000000;  0.0000000000;  0.0000000000;  0.0000000000;  0.0000000000;  0.0000000000
385.00;  0.0000000000;  0.0000000000;  0.0000000000;  0.0000000000;  0.0000000000;  0.0000000000;  0.0000000000;  0.0000000000;  0.0000000000;  0.0000000000;  0.0000000000;  0.0000000000
386.00;  0.0000000000;  0.0000000000;  0.0000000000;  0.0000000000;  0.0000000000;  0.0000000000;  0.0000000000;  0.0000000000;  0.0000000000;  0.0000000000;  0.0000000000;  0.0000000000
387.00;  0.0000000000;  0.0000000000;  0.0000000000;  0.0000000000;  0.0000000000;  0.0000000000;  0.0000000000;  0.0000000000;  0.0000000000;  0.0000000000;  0.0000000000;  0.0000000000
388.00;  0.0000000000;  0.0000000000;  0.0000000000;  0.0000000000;  0.0000000000;  0.0000000000;  0.0000000000;  0.0000000000;  0.0000000000;  0.0000000000;  0.0000000000;  0.0000000000
389.00;  0.0000000000;  0.0000000000;  0.0000000000;  0.0000000000;  0.0000000000;  0.0000000000;  0.0000000000;  0.0000000000;  0.0000000000;  0.0000000000;  0.0000000000;  0.0000000000
390.00;  0.0000000000;  0.0000000000;  0.0000000000;  0.0000000000;  0.0000000000;  0.0000000000;  0.0000000000;  0.0000000000;  0.0000000000;  0.0000000000;  0.0000000000;  0.0000000000
391.00;  0.0000000000;  0.0000000000;  0.0000000000;  0.0000000000;  0.0000000000;  0.0000000000;  0.0000000000;  0.0000000000;  0.0000000000;  0.0000000000;  0.0000000000;  0.0000000000
392.00;  0.0000000000;  0.0000000000;  0.0000000000;  0.0000000000;  0.0000000000;  0.0000000000;  0.0000000000;  0.0000000000;  0.0000000000;  0.0000000000;  0.0000000000;  0.0000000000
393.00;  0.0000000000;  0.0000000000;  0.0000000000;  0.0000000000;  0.0000000000;  0.0000000000;  0.0000000000;  0.0000000000;  0.0000000000;  0.0000000000;  0.0000000000;  0.0000000000
394.00;  0.0000000000;  0.0000000000;  0.0000000000;  0.0000000000;  0.0000000000;  0.0000000000;  0.0000000000;  0.0000000000;  0.0000000000;  0.0000000000;  0.0000000000;  0.0000000000
395.00;  0.0000000000;  0.0000000000;  0.0000000000;  0.0000000000;  0.0000000000;  0.0000000000;  0.0000000000;  0.0000000000;  0.0000000000;  0.0000000000;  0.0000000000;  0.0000000000
396.00;  0.0000000000;  0.0000000000;  0.0000000000;  0.0000000000;  0.0000000000;  0.0000000000;  0.0000000000;  0.0000000000;  0.0000000000;  0.0000000000;  0.0000000000;  0.0000000000
397.00;  0.0000000000;  0.0000000000;  0.0000000000;  0.0000000000;  0.0000000000;  0.0000000000;  0.0000000000;  0.0000000000;  0.0000000000;  0.0000000000;  0.0000000000;  0.0000000000
398.00;  0.0000000000;  0.0000000000;  0.0000000000;  0.0000000000;  0.0000000000;  0.0000000000;  0.0000000000;  0.0000000000;  0.0000000000;  0.0000000000;  0.0000000000;  0.0000000000
399.00;  0.0000000000;  0.0000000000;  0.0000000000;  0.0000000000;  0.0000000000;  0.0000000000;  0.0000000000;  0.0000000000;  0.0000000000;  0.0000000000;  0.0000000000;  0.0000000000
400.00;  0.0000000000;  0.0000000000;  0.0000000000;  0.0000000000;  0.0000000000;  0.0000000000;  0.0000000000;  0.0000000000;  0.0000000000;  0.0000000000;  0.0000000000;  0.0000000000
401.00;  0.0000000000;  0.0000000000;  0.0000000000;  0.0000000000;  0.0000000000;  0.0000000000;  0.0000000000;  0.0000000000;  0.0000000000;  0.0000000000;  0.0000000000;  0.0000000000
402.00;  0.0000000000;  0.0000000000;  0.0000000000;  0.0000000000;  0.0000000000;  0.0000000000;  0.0000000000;  0.0000000000;  0.0000000000;  0.0000000000;  0.0000000000;  0.0000000000
403.00;  0.0000000000;  0.0000000000;  0.0000000000;  0.0000000000;  0.0000000000;  0.0000000000;  0.0000000000;  0.0000000000;  0.0000000000;  0.0000000000;  0.0000000000;  0.0000000000
404.00;  0.0000000000;  0.0000000000;  0.0000000000;  0.0000000000;  0.0000000000;  0.0000000000;  0.0000000000;  0.0000000000;  0.0000000000;  0.0000000000;  0.0000000000;  0.0000000000
405.00;  0.0000000000;  0.0000000000;  0.0000000000;  0.0000000000;  0.0000000000;  0.0000000000;  0.0000000000;  0.0000000000;  0.0000000000;  0.0000000000;  0.0000000000;  0.0000000000
406.00;  0.0000000000;  0.0000000000;  0.0000000000;  0.0000000000;  0.0000000000;  0.0000000000;  0.0000000000;  0.0000000000;  0.0000000000;  0.0000000000;  0.0000000000;  0.0000000000
407.00;  0.0000000000;  0.0000000000;  0.0000000000;  0.0000000000;  0.0000000000;  0.0000000000;  0.0000000000;  0.0000000000;  0.0000000000;  0.0000000000;  0.0000000000;  0.0000000000
408.00;  0.0000000000;  0.0000000000;  0.0000000000;  0.0000000000;  0.0000000000;  0.0000000000;  0.0000000000;  0.0000000000;  0.0000000000;  0.0000000000;  0.0000000000;  0.0000000000
409.00;  0.0000000000;  0.0000000000;  0.0000000000;  0.0000000000;  0.0000000000;  0.0000000000;  0.0000000000;  0.0000000000;  0.0000000000;  0.0000000000;  0.0000000000;  0.0000000000
410.00;  0.0000000000;  0.0000000000;  0.0000000000;  0.0000000000;  0.0000000000;  0.0000000000;  0.0000000000;  0.0000000000;  0.0000000000;  0.0000000000;  0.0000000000;  0.0000000000
411.00;  0.0000000000;  0.0000000000;  0.0000000000;  0.0000000000;  0.0000000000;  0.0000000000;  0.0000000000;  0.0000000000;  0.0000000000;  0.0000000000;  0.0000000000;  0.0000000000
412.00;  0.0000000000;  0.0000000000;  0.0000000000;  0.0000000000;  0.0000000000;  0.0000000000;  0.0000000000;  0.0000000000;  0.0000000000;  0.0000000000;  0.0000000000;  0.0000000000
413.00;  0.0000000000;  0.0000000000;  0.0000000000;  0.0000000000;  0.0000000000;  0.0000000000;  0.0000000000;  0.0000000000;  0.0000000000;  0.0000000000;  0.0000000000;  0.0000000000
414.00;  0.0000000000;  0.0000000000;  0.0000000000;  0.0000000000;  0.0000000000;  0.0000000000;  0.0000000000;  0.0000000000;  0.0000000000;  0.0000000000;  0.0000000000;  0.0000000000
415.00;  0.0000000000;  0.0000000000;  0.0000000000;  0.0000000000;  0.0000000000;  0.0000000000;  0.0000000000;  0.0000000000;  0.0000000000;  0.0000000000;  0.0000000000;  0.0000000000
416.00;  0.0000000000;  0.0000000000;  0.0000000000;  0.0000000000;  0.0000000000;  0.0000000000;  0.0000000000;  0.0000000000;  0.0000000000;  0.0000000000;  0.0000000000;  0.0000000000
417.00;  0.0000000000;  0.0000000000;  0.0000000000;  0.0000000000;  0.0000000000;  0.0000000000;  0.0000000000;  0.0000000000;  0.0000000000;  0.0000000000;  0.0000000000;  0.0000000000
418.00;  0.0000000000;  0.0000000000;  0.0000000000;  0.0000000000;  0.0000000000;  0.0000000000;  0.0000000000;  0.0000000000;  0.0000000000;  0.0000000000;  0.0000000000;  0.0000000000
419.00;  0.0000000000;  0.0000000000;  0.0000000000;  0.0000000000;  0.0000000000;  0.0000000000;  0.0000000000;  0.0000000000;  0.0000000000;  0.0000000000;  0.0000000000;  0.0000000000
420.00;  0.0000000000;  0.0000000000;  0.0000000000;  0.0000000000;  0.0000000000;  0.0000000000;  0.0000000000;  0.0000000000;  0.0000000000;  0.0000000000;  0.0000000000;  0.0000000000
421.00;  0.0000000000;  0.0000000000;  0.0000000000;  0.0000000000;  0.0000000000;  0.0000000000;  0.0000000000;  0.0000000000;  0.0000000000;  0.0000000000;  0.0000000000;  0.0000000000
422.00;  0.0000000000;  0.0000000000;  0.0000000000;  0.0000000000;  0.0000000000;  0.0000000000;  0.0000000000;  0.0000000000;  0.0000000000;  0.0000000000;  0.0000000000;  0.0000000000
423.00;  0.0000000000;  0.0000000000;  0.0000000000;  0.0000000000;  0.0000000000;  0.0000000000;  0.0000000000;  0.0000000000;  0.0000000000;  0.0000000000;  0.0000000000;  0.0000000000
424.00;  0.0000000000;  0.0000000000;  0.0000000000;  0.0000000000;  0.0000000000;  0.0000000000;  0.0000000000;  0.0000000000;  0.0000000000;  0.0000000000;  0.0000000000;  0.0000000000
425.00;  0.0000000000;  0.0000000000;  0.0000000000;  0.0000000000;  0.0000000000;  0.0000000000;  0.0000000000;  0.0000000000;  0.0000000000;  0.0000000000;  0.0000000000;  0.0000000000
426.00;  0.0000000000;  0.0000000000;  0.0000000000;  0.0000000000;  0.0000000000;  0.0000000000;  0.0000000000;  0.0000000000;  0.0000000000;  0.0000000000;  0.0000000000;  0.0000000000
427.00;  0.0000000000;  0.0000000000;  0.0000000000;  0.0000000000;  0.0000000000;  0.0000000000;  0.0000000000;  0.0000000000;  0.0000000000;  0.0000000000;  0.0000000000;  0.0000000000
428.00;  0.0000000000;  0.0000000000;  0.0000000000;  0.0000000000;  0.0000000000;  0.0000000000;  0.0000000000;  0.0000000000;  0.0000000000;  0.0000000000;  0.0000000000;  0.0000000000
429.00;  0.0000000000;  0.0000000000;  0.0000000000;  0.0000000000;  0.0000000000;  0.0000000000;  0.0000000000;  0.0000000000;  0.0000000000;  0.0000000000;  0.0000000000;  0.0000000000
430.00;  0.0000000000;  0.0000000000;  0.0000000000;  0.0000000000;  0.0000000000;  0.0000000000;  0.0000000000;  0.0000000000;  0.0000000000;  0.0000000000;  0.0000000000;  0.0000000000
431.00;  0.0000000000;  0.0000000000;  0.0000000000;  0.0000000000;  0.0000000000;  0.0000000000;  0.0000000000;  0.0000000000;  0.0000000000;  0.0000000000;  0.0000000000;  0.0000000000
432.00;  0.0000000000;  0.0000000000;  0.0000000000;  0.0000000000;  0.0000000000;  0.0000000000;  0.0000000000;  0.0000000000;  0.0000000000;  0.0000000000;  0.0000000000;  0.0000000000
433.00;  0.0000000000;  0.0000000000;  0.0000000000;  0.0000000000;  0.0000000000;  0.0000000000;  0.0000000000;  0.0000000000;  0.0000000000;  0.0000000000;  0.0000000000;  0.0000000000
434.00;  0.0000000000;  0.0000000000;  0.0000000000;  0.0000000000;  0.0000000000;  0.0000000000;  0.0000000000;  0.0000000000;  0.0000000000;  0.0000000000;  0.0000000000;  0.0000000000
435.00;  0.0000000000;  0.0000000000;  0.0000000000;  0.0000000000;  0.0000000000;  0.0000000000;  0.0000000000;  0.0000000000;  0.0000000000;  0.0000000000;  0.0000000000;  0.0000000000
436.00;  0.0000000000;  0.0000000000;  0.0000000000;  0.0000000000;  0.0000000000;  0.0000000000;  0.0000000000;  0.0000000000;  0.0000000000;  0.0000000000;  0.0000000000;  0.0000000000
437.00;  0.0000000000;  0.0000000000;  0.0000000000;  0.0000000000;  0.0000000000;  0.0000000000;  0.0000000000;  0.0000000000;  0.0000000000;  0.0000000000;  0.0000000000;  0.0000000000
438.00;  0.0000000000;  0.0000000000;  0.0000000000;  0.0000000000;  0.0000000000;  0.0000000000;  0.0000000000;  0.0000000000;  0.0000000000;  0.0000000000;  0.0000000000;  0.0000000000
439.00;  0.0000000000;  0.0000000000;  0.0000000000;  0.0000000000;  0.0000000000;  0.0000000000;  0.0000000000;  0.0000000000;  0.0000000000;  0.0000000000;  0.0000000000;  0.0000000000
440.00;  0.0000000000;  0.0000000000;  0.0000000000;  0.0000000000;  0.0000000000;  0.0000000000;  0.0000000000;  0.0000000000;  0.0000000000;  0.0000000000;  0.0000000000;  0.0000000000
441.00;  0.0000000000;  0.0000000000;  0.0000000000;  0.0000000000;  0.0000000000;  0.0000000000;  0.0000000000;  0.0000000000;  0.0000000000;  0.0000000000;  0.0000000000;  0.0000000000
442.00;  0.0000000000;  0.0000000000;  0.0000000000;  0.0000000000;  0.0000000000;  0.0000000000;  0.0000000000;  0.0000000000;  0.0000000000;  0.0000000000;  0.0000000000;  0.0000000000
443.00;  0.0000000000;  0.0000000000;  0.0000000000;  0.0000000000;  0.0000000000;  0.0000000000;  0.0000000000;  0.0000000000;  0.0000000000;  0.0000000000;  0.0000000000;  0.0000000000
444.00;  0.0000000000;  0.0000000000;  0.0000000000;  0.0000000000;  0.0000000000;  0.0000000000;  0.0000000000;  0.0000000000;  0.0000000000;  0.0000000000;  0.0000000000;  0.0000000000
445.00;  0.0000000000;  0.0000000000;  0.0000000000;  0.0000000000;  0.0000000000;  0.0000000000;  0.0000000000;  0.0000000000;  0.0000000000;  0.0000000000;  0.0000000000;  0.0000000000
446.00;  0.0000000000;  0.0000000000;  0.0000000000;  0.0000000000;  0.0000000000;  0.0000000000;  0.0000000000;  0.0000000000;  0.0000000000;  0.0000000000;  0.0000000000;  0.0000000000
447.00;  0.0000000000;  0.0000000000;  0.0000000000;  0.0000000000;  0.0000000000;  0.0000000000;  0.0000000000;  0.0000000000;  0.0000000000;  0.0000000000;  0.0000000000;  0.0000000000
448.00;  0.0000000000;  0.0000000000;  0.0000000000;  0.0000000000;  0.0000000000;  0.0000000000;  0.0000000000;  0.0000000000;  0.0000000000;  0.0000000000;  0.0000000000;  0.0000000000
449.00;  0.0000000000;  0.0000000000;  0.0000000000;  0.0000000000;  0.0000000000;  0.0000000000;  0.0000000000;  0.0000000000;  0.0000000000;  0.0000000000;  0.0000000000;  0.0000000000
450.00;  0.0000000000;  0.0000000000;  0.0000000000;  0.0000000000;  0.0000000000;  0.0000000000;  0.0000000000;  0.0000000000;  0.0000000000;  0.0000000000;  0.0000000000;  0.0000000000
451.00;  0.0000000000;  0.0000000000;  0.0000000000;  0.0000000000;  0.0000000000;  0.0000000000;  0.0000000000;  0.0000000000;  0.0000000000;  0.0000000000;  0.0000000000;  0.0000000000
452.00;  0.0000000000;  0.0000000000;  0.0000000000;  0.0000000000;  0.0000000000;  0.0000000000;  0.0000000000;  0.0000000000;  0.0000000000;  0.0000000000;  0.0000000000;  0.0000000000
453.00;  0.0000000000;  0.0000000000;  0.0000000000;  0.0000000000;  0.0000000000;  0.0000000000;  0.0000000000;  0.0000000000;  0.0000000000;  0.0000000000;  0.0000000000;  0.0000000000
454.00;  0.0000000000;  0.0000000000;  0.0000000000;  0.0000000000;  0.0000000000;  0.0000000000;  0.0000000000;  0.0000000000;  0.0000000000;  0.0000000000;  0.0000000000;  0.0000000000
455.00;  0.0000000000;  0.0000000000;  0.0000000000;  0.0000000000;  0.0000000000;  0.0000000000;  0.0000000000;  0.0000000000;  0.0000000000;  0.0000000000;  0.0000000000;  0.0000000000
456.00;  0.0000000000;  0.0000000000;  0.0000000000;  0.0000000000;  0.0000000000;  0.0000000000;  0.0000000000;  0.0000000000;  0.0000000000;  0.0000000000;  0.0000000000;  0.0000000000
457.00;  0.0000000000;  0.0000000000;  0.0000000000;  0.0000000000;  0.0000000000;  0.0000000000;  0.0000000000;  0.0000000000;  0.0000000000;  0.0000000000;  0.0000000000;  0.0000000000
458.00;  0.0000000000;  0.0000000000;  0.0000000000;  0.0000000000;  0.0000000000;  0.0000000000;  0.0000000000;  0.0000000000;  0.0000000000;  0.0000000000;  0.0000000000;  0.0000000000
459.00;  0.0000000000;  0.0000000000;  0.0000000000;  0.0000000000;  0.0000000000;  0.0000000000;  0.0000000000;  0.0000000000;  0.0000000000;  0.0000000000;  0.0000000000;  0.0000000000
460.00;  0.0000000000;  0.0000000000;  0.0000000000;  0.0000000000;  0.0000000000;  0.0000000000;  0.0000000000;  0.0000000000;  0.0000000000;  0.0000000000;  0.0000000000;  0.0000000000
461.00;  0.0000000000;  0.0000000000;  0.0000000000;  0.0000000000;  0.0000000000;  0.0000000000;  0.0000000000;  0.0000000000;  0.0000000000;  0.0000000000;  0.0000000000;  0.0000000000
462.00;  0.0000000000;  0.0000000000;  0.0000000000;  0.0000000000;  0.0000000000;  0.0000000000;  0.0000000000;  0.0000000000;  0.0000000000;  0.0000000000;  0.0000000000;  0.0000000000
463.00;  0.0000000000;  0.0000000000;  0.0000000000;  0.0000000000;  0.0000000000;  0.0000000000;  0.0000000000;  0.0000000000;  0.0000000000;  0.0000000000;  0.0000000000;  0.0000000000
464.00;  0.0000000000;  0.0000000000;  0.0000000000;  0.0000000000;  0.0000000000;  0.0000000000;  0.0000000000;  0.0000000000;  0.0000000000;  0.0000000000;  0.0000000000;  0.0000000000
465.00;  0.0000000000;  0.0000000000;  0.0000000000;  0.0000000000;  0.0000000000;  0.0000000000;  0.0000000000;  0.0000000000;  0.0000000000;  0.0000000000;  0.0000000000;  0.0000000000
466.00;  0.0000000000;  0.0000000000;  0.0000000000;  0.0000000000;  0.0000000000;  0.0000000000;  0.0000000000;  0.0000000000;  0.0000000000;  0.0000000000;  0.0000000000;  0.0000000000
467.00;  0.0000000000;  0.0000000000;  0.0000000000;  0.0000000000;  0.0000000000;  0.0000000000;  0.0000000000;  0.0000000000;  0.0000000000;  0.0000000000;  0.0000000000;  0.0000000000
468.00;  0.0000000000;  0.0000000000;  0.0000000000;  0.0000000000;  0.0000000000;  0.0000000000;  0.0000000000;  0.0000000000;  0.0000000000;  0.0000000000;  0.0000000000;  0.0000000000
469.00;  0.0000000000;  0.0000000000;  0.0000000000;  0.0000000000;  0.0000000000;  0.0000000000;  0.0000000000;  0.0000000000;  0.0000000000;  0.0000000000;  0.0000000000;  0.0000000000
470.00;  0.0000000000;  0.0000000000;  0.0000000000;  0.0000000000;  0.0000000000;  0.0000000000;  0.0000000000;  0.0000000000;  0.0000000000;  0.0000000000;  0.0000000000;  0.0000000000
471.00;  0.0000000000;  0.0000000000;  0.0000000000;  0.0000000000;  0.0000000000;  0.0000000000;  0.0000000000;  0.0000000000;  0.0000000000;  0.0000000000;  0.0000000000;  0.0000000000
472.00;  0.0000000000;  0.0000000000;  0.0000000000;  0.0000000000;  0.0000000000;  0.0000000000;  0.0000000000;  0.0000000000;  0.0000000000;  0.0000000000;  0.0000000000;  0.0000000000
473.00;  0.0000000000;  0.0000000000;  0.0000000000;  0.0000000000;  0.0000000000;  0.0000000000;  0.0000000000;  0.0000000000;  0.0000000000;  0.0000000000;  0.0000000000;  0.0000000000
474.00;  0.0000000000;  0.0000000000;  0.0000000000;  0.0000000000;  0.0000000000;  0.0000000000;  0.0000000000;  0.0000000000;  0.0000000000;  0.0000000000;  0.0000000000;  0.0000000000
475.00;  0.0000000000;  0.0000000000;  0.0000000000;  0.0000000000;  0.0000000000;  0.0000000000;  0.0000000000;  0.0000000000;  0.0000000000;  0.0000000000;  0.0000000000;  0.0000000000
476.00;  0.0000000000;  0.0000000000;  0.0000000000;  0.0000000000;  0.0000000000;  0.0000000000;  0.0000000000;  0.0000000000;  0.0000000000;  0.0000000000;  0.0000000000;  0.0000000000
477.00;  0.0000000000;  0.0000000000;  0.0000000000;  0.0000000000;  0.0000000000;  0.0000000000;  0.0000000000;  0.0000000000;  0.0000000000;  0.0000000000;  0.0000000000;  0.0000000000
478.00;  0.0000000000;  0.0000000000;  0.0000000000;  0.0000000000;  0.0000000000;  0.0000000000;  0.0000000000;  0.0000000000;  0.0000000000;  0.0000000000;  0.0000000000;  0.0000000000
479.00;  0.0000000000;  0.0000000000;  0.0000000000;  0.0000000000;  0.0000000000;  0.0000000000;  0.0000000000;  0.0000000000;  0.0000000000;  0.0000000000;  0.0000000000;  0.0000000000
480.00;  0.0000000000;  0.0000000000;  0.0000000000;  0.0000000000;  0.0000000000;  0.0000000000;  0.0000000000;  0.0000000000;  0.0000000000;  0.0000000000;  0.0000000000;  0.0000000000
481.00;  0.0000000000;  0.0000000000;  0.0000000000;  0.0000000000;  0.0000000000;  0.0000000000;  0.0000000000;  0.0000000000;  0.0000000000;  0.0000000000;  0.0000000000;  0.0000000000
482.00;  0.0000000000;  0.0000000000;  0.0000000000;  0.0000000000;  0.0000000000;  0.0000000000;  0.0000000000;  0.0000000000;  0.0000000000;  0.0000000000;  0.0000000000;  0.0000000000
483.00;  0.0000000000;  0.0000000000;  0.0000000000;  0.0000000000;  0.0000000000;  0.0000000000;  0.0000000000;  0.0000000000;  0.0000000000;  0.0000000000;  0.0000000000;  0.0000000000
484.00;  0.0000000000;  0.0000000000;  0.0000000000;  0.0000000000;  0.0000000000;  0.0000000000;  0.0000000000;  0.0000000000;  0.0000000000;  0.0000000000;  0.0000000000;  0.0000000000
485.00;  0.0000000000;  0.0000000000;  0.0000000000;  0.0000000000;  0.0000000000;  0.0000000000;  0.0000000000;  0.0000000000;  0.0000000000;  0.0000000000;  0.0000000000;  0.0000000000
486.00;  0.0000000000;  0.0000000000;  0.0000000000;  0.0000000000;  0.0000000000;  0.0000000000;  0.0000000000;  0.0000000000;  0.0000000000;  0.0000000000;  0.0000000000;  0.0000000000
487.00;  0.0000000000;  0.0000000000;  0.0000000000;  0.0000000000;  0.0000000000;  0.0000000000;  0.0000000000;  0.0000000000;  0.0000000000;  0.0000000000;  0.0000000000;  0.0000000000
488.00;  0.0000000000;  0.0000000000;  0.0000000000;  0.0000000000;  0.0000000000;  0.0000000000;  0.0000000000;  0.0000000000;  0.0000000000;  0.0000000000;  0.0000000000;  0.0000000000
489.00;  0.0000000000;  0.0000000000;  0.0000000000;  0.0000000000;  0.0000000000;  0.0000000000;  0.0000000000;  0.0000000000;  0.0000000000;  0.0000000000;  0.0000000000;  0.0000000000
490.00;  0.0000000000;  0.0000000000;  0.0000000000;  0.0000000000;  0.0000000000;  0.0000000000;  0.0000000000;  0.0000000000;  0.0000000000;  0.0000000000;  0.0000000000;  0.0000000000
491.00;  0.0000000000;  0.0000000000;  0.0000000000;  0.0000000000;  0.0000000000;  0.0000000000;  0.0000000000;  0.0000000000;  0.0000000000;  0.0000000000;  0.0000000000;  0.0000000000
492.00;  0.0000000000;  0.0000000000;  0.0000000000;  0.0000000000;  0.0000000000;  0.0000000000;  0.0000000000;  0.0000000000;  0.0000000000;  0.0000000000;  0.0000000000;  0.0000000000
493.00;  0.0000000000;  0.0000000000;  0.0000000000;  0.0000000000;  0.0000000000;  0.0000000000;  0.0000000000;  0.0000000000;  0.0000000000;  0.0000000000;  0.0000000000;  0.0000000000
494.00;  0.0000000000;  0.0000000000;  0.0000000000;  0.0000000000;  0.0000000000;  0.0000000000;  0.0000000000;  0.0000000000;  0.0000000000;  0.0000000000;  0.0000000000;  0.0000000000
495.00;  0.0000000000;  0.0000000000;  0.0000000000;  0.0000000000;  0.0000000000;  0.0000000000;  0.0000000000;  0.0000000000;  0.0000000000;  0.0000000000;  0.0000000000;  0.0000000000
496.00;  0.0000000000;  0.0000000000;  0.0000000000;  0.0000000000;  0.0000000000;  0.0000000000;  0.0000000000;  0.0000000000;  0.0000000000;  0.0000000000;  0.0000000000;  0.0000000000
497.00;  0.0000000000;  0.0000000000;  0.0000000000;  0.0000000000;  0.0000000000;  0.0000000000;  0.0000000000;  0.0000000000;  0.0000000000;  0.0000000000;  0.0000000000;  0.0000000000
498.00;  0.0000000000;  0.0000000000;  0.0000000000;  0.0000000000;  0.0000000000;  0.0000000000;  0.0000000000;  0.0000000000;  0.0000000000;  0.0000000000;  0.0000000000;  0.0000000000
499.00;  0.0000000000;  0.0000000000;  0.0000000000;  0.0000000000;  0.0000000000;  0.0000000000;  0.0000000000;  0.0000000000;  0.0000000000;  0.0000000000;  0.0000000000;  0.0000000000
500.00;  0.0000000000;  0.0000000000;  0.0000000000;  0.0000000000;  0.0000000000;  0.0000000000;  0.0000000000;  0.0000000000;  0.0000000000;  0.0000000000;  0.0000000000;  0.0000000000
501.00;  0.0000000000;  0.0000000000;  0.0000000000;  0.0000000000;  0.0000000000;  0.0000000000;  0.0000000000;  0.0000000000;  0.0000000000;  0.0000000000;  0.0000000000;  0.0000000000
502.00;  0.0000000000;  0.0000000000;  0.0000000000;  0.0000000000;  0.0000000000;  0.0000000000;  0.0000000000;  0.0000000000;  0.0000000000;  0.0000000000;  0.0000000000;  0.0000000000
503.00;  0.0000000000;  0.0000000000;  0.0000000000;  0.0000000000;  0.0000000000;  0.0000000000;  0.0000000000;  0.0000000000;  0.0000000000;  0.0000000000;  0.0000000000;  0.0000000000
504.00;  0.0000000000;  0.0000000000;  0.0000000000;  0.0000000000;  0.0000000000;  0.0000000000;  0.0000000000;  0.0000000000;  0.0000000000;  0.0000000000;  0.0000000000;  0.0000000000
505.00;  0.0000000000;  0.0000000000;  0.0000000000;  0.0000000000;  0.0000000000;  0.0000000000;  0.0000000000;  0.0000000000;  0.0000000000;  0.0000000000;  0.0000000000;  0.0000000000
506.00;  0.0000000000;  0.0000000000;  0.0000000000;  0.0000000000;  0.0000000000;  0.0000000000;  0.0000000000;  0.0000000000;  0.0000000000;  0.0000000000;  0.0000000000;  0.0000000000
507.00;  0.0000000000;  0.0000000000;  0.0000000000;  0.0000000000;  0.0000000000;  0.0000000000;  0.0000000000;  0.0000000000;  0.0000000000;  0.0000000000;  0.0000000000;  0.0000000000
508.00;  0.0000000000;  0.0000000000;  0.0000000000;  0.0000000000;  0.0000000000;  0.0000000000;  0.0000000000;  0.0000000000;  0.0000000000;  0.0000000000;  0.0000000000;  0.0000000000
509.00;  0.0000000000;  0.0000000000;  0.0000000000;  0.0000000000;  0.0000000000;  0.0000000000;  0.0000000000;  0.0000000000;  0.0000000000;  0.0000000000;  0.0000000000;  0.0000000000
510.00;  0.0000000000;  0.0000000000;  0.0000000000;  0.0000000000;  0.0000000000;  0.0000000000;  0.0000000000;  0.0000000000;  0.0000000000;  0.0000000000;  0.0000000000;  0.0000000000
511.00;  0.0000000000;  0.0000000000;  0.0000000000;  0.0000000000;  0.0000000000;  0.0000000000;  0.0000000000;  0.0000000000;  0.0000000000;  0.0000000000;  0.0000000000;  0.0000000000
512.00;  0.0000000000;  0.0000000000;  0.0000000000;  0.0000000000;  0.0000000000;  0.0000000000;  0.0000000000;  0.0000000000;  0.0000000000;  0.0000000000;  0.0000000000;  0.0000000000
513.00;  0.0000000000;  0.0000000000;  0.0000000000;  0.0000000000;  0.0000000000;  0.0000000000;  0.0000000000;  0.0000000000;  0.0000000000;  0.0000000000;  0.0000000000;  0.0000000000
514.00;  0.0000000000;  0.0000000000;  0.0000000000;  0.0000000000;  0.0000000000;  0.0000000000;  0.0000000000;  0.0000000000;  0.0000000000;  0.0000000000;  0.0000000000;  0.0000000000
515.00;  0.0000000000;  0.0000000000;  0.0000000000;  0.0000000000;  0.0000000000;  0.0000000000;  0.0000000000;  0.0000000000;  0.0000000000;  0.0000000000;  0.0000000000;  0.0000000000
516.00;  0.0000000000;  0.0000000000;  0.0000000000;  0.0000000000;  0.0000000000;  0.0000000000;  0.0000000000;  0.0000000000;  0.0000000000;  0.0000000000;  0.0000000000;  0.0000000000
517.00;  0.0000000000;  0.0000000000;  0.0000000000;  0.0000000000;  0.0000000000;  0.0000000000;  0.0000000000;  0.0000000000;  0.0000000000;  0.0000000000;  0.0000000000;  0.0000000000
518.00;  0.0000000000;  0.0000000000;  0.0000000000;  0.0000000000;  0.0000000000;  0.0000000000;  0.0000000000;  0.0000000000;  0.0000000000;  0.0000000000;  0.0000000000;  0.0000000000
519.00;  0.0000000000;  0.0000000000;  0.0000000000;  0.0000000000;  0.0000000000;  0.0000000000;  0.0000000000;  0.0000000000;  0.0000000000;  0.0000000000;  0.0000000000;  0.0000000000
520.00;  0.0000000000;  0.0000000000;  0.0000000000;  0.0000000000;  0.0000000000;  0.0000000000;  0.0000000000;  0.0000000000;  0.0000000000;  0.0000000000;  0.0000000000;  0.0000000000
521.00;  0.0000000000;  0.0000000000;  0.0000000000;  0.0000000000;  0.0000000000;  0.0000000000;  0.0000000000;  0.0000000000;  0.0000000000;  0.0000000000;  0.0000000000;  0.0000000000
522.00;  0.0000000000;  0.0000000000;  0.0000000000;  0.0000000000;  0.0000000000;  0.0000000000;  0.0000000000;  0.0000000000;  0.0000000000;  0.0000000000;  0.0000000000;  0.0000000000
523.00;  0.0000000000;  0.0000000000;  0.0000000000;  0.0000000000;  0.0000000000;  0.0000000000;  0.0000000000;  0.0000000000;  0.0000000000;  0.0000000000;  0.0000000000;  0.0000000000
524.00;  0.0000000000;  0.0000000000;  0.0000000000;  0.0000000000;  0.0000000000;  0.0000000000;  0.0000000000;  0.0000000000;  0.0000000000;  0.0000000000;  0.0000000000;  0.0000000000
525.00;  0.0000000000;  0.0000000000;  0.0000000000;  0.0000000000;  0.0000000000;  0.0000000000;  0.0000000000;  0.0000000000;  0.0000000000;  0.0000000000;  0.0000000000;  0.0000000000
526.00;  0.0000000000;  0.0000000000;  0.0000000000;  0.0000000000;  0.0000000000;  0.0000000000;  0.0000000000;  0.0000000000;  0.0000000000;  0.0000000000;  0.0000000000;  0.0000000000
527.00;  0.0000000000;  0.0000000000;  0.0000000000;  0.0000000000;  0.0000000000;  0.0000000000;  0.0000000000;  0.0000000000;  0.0000000000;  0.0000000000;  0.0000000000;  0.0000000000
528.00;  0.0000000000;  0.0000000000;  0.0000000000;  0.0000000000;  0.0000000000;  0.0000000000;  0.0000000000;  0.0000000000;  0.0000000000;  0.0000000000;  0.0000000000;  0.0000000000
529.00;  0.0000000000;  0.0000000000;  0.0000000000;  0.0000000000;  0.0000000000;  0.0000000000;  0.0000000000;  0.0000000000;  0.0000000000;  0.0000000000;  0.0000000000;  0.0000000000
530.00;  0.0000000000;  0.0000000000;  0.0000000000;  0.0000000000;  0.0000000000;  0.0000000000;  0.0000000000;  0.0000000000;  0.0000000000;  0.0000000000;  0.0000000000;  0.0000000000
531.00;  0.0000000000;  0.0000000000;  0.0000000000;  0.0000000000;  0.0000000000;  0.0000000000;  0.0000000000;  0.0000000000;  0.0000000000;  0.0000000000;  0.0000000000;  0.0000000000
532.00;  0.0000000000;  0.0000000000;  0.0000000000;  0.0000000000;  0.0000000000;  0.0000000000;  0.0000000000;  0.0000000000;  0.0000000000;  0.0000000000;  0.0000000000;  0.0000000000
533.00;  0.0000000000;  0.0000000000;  0.0000000000;  0.0000000000;  0.0000000000;  0.0000000000;  0.0000000000;  0.0000000000;  0.0000000000;  0.0000000000;  0.0000000000;  0.0000000000
534.00;  0.0000000000;  0.0000000000;  0.0000000000;  0.0000000000;  0.0000000000;  0.0000000000;  0.0000000000;  0.0000000000;  0.0000000000;  0.0000000000;  0.0000000000;  0.0000000000
535.00;  0.0000000000;  0.0000000000;  0.0000000000;  0.0000000000;  0.0000000000;  0.0000000000;  0.0000000000;  0.0000000000;  0.0000000000;  0.0000000000;  0.0000000000;  0.0000000000
536.00;  0.0000000000;  0.0000000000;  0.0000000000;  0.0000000000;  0.0000000000;  0.0000000000;  0.0000000000;  0.0000000000;  0.0000000000;  0.0000000000;  0.0000000000;  0.0000000000
537.00;  0.0000000000;  0.0000000000;  0.0000000000;  0.0000000000;  0.0000000000;  0.0000000000;  0.0000000000;  0.0000000000;  0.0000000000;  0.0000000000;  0.0000000000;  0.0000000000
538.00;  0.0000000000;  0.0000000000;  0.0000000000;  0.0000000000;  0.0000000000;  0.0000000000;  0.0000000000;  0.0000000000;  0.0000000000;  0.0000000000;  0.0000000000;  0.0000000000
539.00;  0.0000000000;  0.0000000000;  0.0000000000;  0.0000000000;  0.0000000000;  0.0000000000;  0.0000000000;  0.0000000000;  0.0000000000;  0.0000000000;  0.0000000000;  0.0000000000
540.00;  0.0000000000;  0.0000000000;  0.0000000000;  0.0000000000;  0.0000000000;  0.0000000000;  0.0000000000;  0.0000000000;  0.0000000000;  0.0000000000;  0.0000000000;  0.0000000000
541.00;  0.0000000000;  0.0000000000;  0.0000000000;  0.0000000000;  0.0000000000;  0.0000000000;  0.0000000000;  0.0000000000;  0.0000000000;  0.0000000000;  0.0000000000;  0.0000000000
542.00;  0.0000000000;  0.0000000000;  0.0000000000;  0.0000000000;  0.0000000000;  0.0000000000;  0.0000000000;  0.0000000000;  0.0000000000;  0.0000000000;  0.0000000000;  0.0000000000
543.00;  0.0000000000;  0.0000000000;  0.0000000000;  0.0000000000;  0.0000000000;  0.0000000000;  0.0000000000;  0.0000000000;  0.0000000000;  0.0000000000;  0.0000000000;  0.0000000000
544.00;  0.0000000000;  0.0000000000;  0.0000000000;  0.0000000000;  0.0000000000;  0.0000000000;  0.0000000000;  0.0000000000;  0.0000000000;  0.0000000000;  0.0000000000;  0.0000000000
545.00;  0.0000000000;  0.0000000000;  0.0000000000;  0.0000000000;  0.0000000000;  0.0000000000;  0.0000000000;  0.0000000000;  0.0000000000;  0.0000000000;  0.0000000000;  0.0000000000
546.00;  0.0000000000;  0.0000000000;  0.0000000000;  0.0000000000;  0.0000000000;  0.0000000000;  0.0000000000;  0.0000000000;  0.0000000000;  0.0000000000;  0.0000000000;  0.0000000000
547.00;  0.0000000000;  0.0000000000;  0.0000000000;  0.0000000000;  0.0000000000;  0.0000000000;  0.0000000000;  0.0000000000;  0.0000000000;  0.0000000000;  0.0000000000;  0.0000000000
548.00;  0.0000000000;  0.0000000000;  0.0000000000;  0.0000000000;  0.0000000000;  0.0000000000;  0.0000000000;  0.0000000000;  0.0000000000;  0.0000000000;  0.0000000000;  0.0000000000
549.00;  0.0000000000;  0.0000000000;  0.0000000000;  0.0000000000;  0.0000000000;  0.0000000000;  0.0000000000;  0.0000000000;  0.0000000000;  0.0000000000;  0.0000000000;  0.0000000000
550.00;  0.0000000000;  0.0000000000;  0.0000000000;  0.0000000000;  0.0000000000;  0.0000000000;  0.0000000000;  0.0000000000;  0.0000000000;  0.0000000000;  0.0000000000;  0.0000000000
551.00;  0.0000000000;  0.0000000000;  0.0000000000;  0.0000000000;  0.0000000000;  0.0000000000;  0.0000000000;  0.0000000000;  0.0000000000;  0.0000000000;  0.0000000000;  0.0000000000
552.00;  0.0000000000;  0.0000000000;  0.0000000000;  0.0000000000;  0.0000000000;  0.0000000000;  0.0000000000;  0.0000000000;  0.0000000000;  0.0000000000;  0.0000000000;  0.0000000000
553.00;  0.0000000000;  0.0000000000;  0.0000000000;  0.0000000000;  0.0000000000;  0.0000000000;  0.0000000000;  0.0000000000;  0.0000000000;  0.0000000000;  0.0000000000;  0.0000000000
554.00;  0.0000000000;  0.0000000000;  0.0000000000;  0.0000000000;  0.0000000000;  0.0000000000;  0.0000000000;  0.0000000000;  0.0000000000;  0.0000000000;  0.0000000000;  0.0000000000
555.00;  0.0000000000;  0.0000000000;  0.0000000000;  0.0000000000;  0.0000000000;  0.0000000000;  0.0000000000;  0.0000000000;  0.0000000000;  0.0000000000;  0.0000000000;  0.0000000000
556.00;  0.0000000000;  0.0000000000;  0.0000000000;  0.0000000000;  0.0000000000;  0.0000000000;  0.0000000000;  0.0000000000;  0.0000000000;  0.0000000000;  0.0000000000;  0.0000000000
557.00;  0.0000000000;  0.0000000000;  0.0000000000;  0.0000000000;  0.0000000000;  0.0000000000;  0.0000000000;  0.0000000000;  0.0000000000;  0.0000000000;  0.0000000000;  0.0000000000
558.00;  0.0000000000;  0.0000000000;  0.0000000000;  0.0000000000;  0.0000000000;  0.0000000000;  0.0000000000;  0.0000000000;  0.0000000000;  0.0000000000;  0.0000000000;  0.0000000000
559.00;  0.0000000000;  0.0000000000;  0.0000000000;  0.0000000000;  0.0000000000;  0.0000000000;  0.0000000000;  0.0000000000;  0.0000000000;  0.0000000000;  0.0000000000;  0.0000000000
560.00;  0.0000000000;  0.0000000000;  0.0000000000;  0.0000000000;  0.0000000000;  0.0000000000;  0.0000000000;  0.0000000000;  0.0000000000;  0.0000000000;  0.0000000000;  0.0000000000
561.00;  0.0000000000;  0.0000000000;  0.0000000000;  0.0000000000;  0.0000000000;  0.0000000000;  0.0000000000;  0.0000000000;  0.0000000000;  0.0000000000;  0.0000000000;  0.0000000000
562.00;  0.0000000000;  0.0000000000;  0.0000000000;  0.0000000000;  0.0000000000;  0.0000000000;  0.0000000000;  0.0000000000;  0.0000000000;  0.0000000000;  0.0000000000;  0.0000000000
563.00;  0.0000000000;  0.0000000000;  0.0000000000;  0.0000000000;  0.0000000000;  0.0000000000;  0.0000000000;  0.0000000000;  0.0000000000;  0.0000000000;  0.0000000000;  0.0000000000
564.00;  0.0000000000;  0.0000000000;  0.0000000000;  0.0000000000;  0.0000000000;  0.0000000000;  0.0000000000;  0.0000000000;  0.0000000000;  0.0000000000;  0.0000000000;  0.0000000000
565.00;  0.0000000000;  0.0000000000;  0.0000000000;  0.0000000000;  0.0000000000;  0.0000000000;  0.0000000000;  0.0000000000;  0.0000000000;  0.0000000000;  0.0000000000;  0.0000000000
566.00;  0.0000000000;  0.0000000000;  0.0000000000;  0.0000000000;  0.0000000000;  0.0000000000;  0.0000000000;  0.0000000000;  0.0000000000;  0.0000000000;  0.0000000000;  0.0000000000
567.00;  0.0000000000;  0.0000000000;  0.0000000000;  0.0000000000;  0.0000000000;  0.0000000000;  0.0000000000;  0.0000000000;  0.0000000000;  0.0000000000;  0.0000000000;  0.0000000000
568.00;  0.0000000000;  0.0000000000;  0.0000000000;  0.0000000000;  0.0000000000;  0.0000000000;  0.0000000000;  0.0000000000;  0.0000000000;  0.0000000000;  0.0000000000;  0.0000000000
569.00;  0.0000000000;  0.0000000000;  0.0000000000;  0.0000000000;  0.0000000000;  0.0000000000;  0.0000000000;  0.0000000000;  0.0000000000;  0.0000000000;  0.0000000000;  0.0000000000
570.00;  0.0000000000;  0.0000000000;  0.0000000000;  0.0000000000;  0.0000000000;  0.0000000000;  0.0000000000;  0.0000000000;  0.0000000000;  0.0000000000;  0.0000000000;  0.0000000000
571.00;  0.0000000000;  0.0000000000;  0.0000000000;  0.0000000000;  0.0000000000;  0.0000000000;  0.0000000000;  0.0000000000;  0.0000000000;  0.0000000000;  0.0000000000;  0.0000000000
572.00;  0.0000000000;  0.0000000000;  0.0000000000;  0.0000000000;  0.0000000000;  0.0000000000;  0.0000000000;  0.0000000000;  0.0000000000;  0.0000000000;  0.0000000000;  0.0000000000
573.00;  0.0000000000;  0.0000000000;  0.0000000000;  0.0000000000;  0.0000000000;  0.0000000000;  0.0000000000;  0.0000000000;  0.0000000000;  0.0000000000;  0.0000000000;  0.0000000000
574.00;  0.0000000000;  0.0000000000;  0.0000000000;  0.0000000000;  0.0000000000;  0.0000000000;  0.0000000000;  0.0000000000;  0.0000000000;  0.0000000000;  0.0000000000;  0.0000000000
575.00;  0.0000000000;  0.0000000000;  0.0000000000;  0.0000000000;  0.0000000000;  0.0000000000;  0.0000000000;  0.0000000000;  0.0000000000;  0.0000000000;  0.0000000000;  0.0000000000
576.00;  0.0000000000;  0.0000000000;  0.0000000000;  0.0000000000;  0.0000000000;  0.0000000000;  0.0000000000;  0.0000000000;  0.0000000000;  0.0000000000;  0.0000000000;  0.0000000000
577.00;  0.0000000000;  0.0000000000;  0.0000000000;  0.0000000000;  0.0000000000;  0.0000000000;  0.0000000000;  0.0000000000;  0.0000000000;  0.0000000000;  0.0000000000;  0.0000000000
578.00;  0.0000000000;  0.0000000000;  0.0000000000;  0.0000000000;  0.0000000000;  0.0000000000;  0.0000000000;  0.0000000000;  0.0000000000;  0.0000000000;  0.0000000000;  0.0000000000
579.00;  0.0000000000;  0.0000000000;  0.0000000000;  0.0000000000;  0.0000000000;  0.0000000000;  0.0000000000;  0.0000000000;  0.0000000000;  0.0000000000;  0.0000000000;  0.0000000000
580.00;  0.0000000000;  0.0000000000;  0.0000000000;  0.0000000000;  0.0000000000;  0.0000000000;  0.0000000000;  0.0000000000;  0.0000000000;  0.0000000000;  0.0000000000;  0.0000000000
581.00;  0.0000000000;  0.0000000000;  0.0000000000;  0.0000000000;  0.0000000000;  0.0000000000;  0.0000000000;  0.0000000000;  0.0000000000;  0.0000000000;  0.0000000000;  0.0000000000
582.00;  0.0000000000;  0.0000000000;  0.0000000000;  0.0000000000;  0.0000000000;  0.0000000000;  0.0000000000;  0.0000000000;  0.0000000000;  0.0000000000;  0.0000000000;  0.0000000000
583.00;  0.0000000000;  0.0000000000;  0.0000000000;  0.0000000000;  0.0000000000;  0.0000000000;  0.0000000000;  0.0000000000;  0.0000000000;  0.0000000000;  0.0000000000;  0.0000000000
584.00;  0.0000000000;  0.0000000000;  0.0000000000;  0.0000000000;  0.0000000000;  0.0000000000;  0.0000000000;  0.0000000000;  0.0000000000;  0.0000000000;  0.0000000000;  0.0000000000
585.00;  0.0000000000;  0.0000000000;  0.0000000000;  0.0000000000;  0.0000000000;  0.0000000000;  0.0000000000;  0.0000000000;  0.0000000000;  0.0000000000;  0.0000000000;  0.0000000000
586.00;  0.0000000000;  0.0000000000;  0.0000000000;  0.0000000000;  0.0000000000;  0.0000000000;  0.0000000000;  0.0000000000;  0.0000000000;  0.0000000000;  0.0000000000;  0.0000000000
587.00;  0.0000000000;  0.0000000000;  0.0000000000;  0.0000000000;  0.0000000000;  0.0000000000;  0.0000000000;  0.0000000000;  0.0000000000;  0.0000000000;  0.0000000000;  0.0000000000
588.00;  0.0000000000;  0.0000000000;  0.0000000000;  0.0000000000;  0.0000000000;  0.0000000000;  0.0000000000;  0.0000000000;  0.0000000000;  0.0000000000;  0.0000000000;  0.0000000000
589.00;  0.0000000000;  0.0000000000;  0.0000000000;  0.0000000000;  0.0000000000;  0.0000000000;  0.0000000000;  0.0000000000;  0.0000000000;  0.0000000000;  0.0000000000;  0.0000000000
590.00;  0.0000000000;  0.0000000000;  0.0000000000;  0.0000000000;  0.0000000000;  0.0000000000;  0.0000000000;  0.0000000000;  0.0000000000;  0.0000000000;  0.0000000000;  0.0000000000
591.00;  0.0000000000;  0.0000000000;  0.0000000000;  0.0000000000;  0.0000000000;  0.0000000000;  0.0000000000;  0.0000000000;  0.0000000000;  0.0000000000;  0.0000000000;  0.0000000000
592.00;  0.0000000000;  0.0000000000;  0.0000000000;  0.0000000000;  0.0000000000;  0.0000000000;  0.0000000000;  0.0000000000;  0.0000000000;  0.0000000000;  0.0000000000;  0.0000000000
593.00;  0.0000000000;  0.0000000000;  0.0000000000;  0.0000000000;  0.0000000000;  0.0000000000;  0.0000000000;  0.0000000000;  0.0000000000;  0.0000000000;  0.0000000000;  0.0000000000
594.00;  0.0000000000;  0.0000000000;  0.0000000000;  0.0000000000;  0.0000000000;  0.0000000000;  0.0000000000;  0.0000000000;  0.0000000000;  0.0000000000;  0.0000000000;  0.0000000000
595.00;  0.0000000000;  0.0000000000;  0.0000000000;  0.0000000000;  0.0000000000;  0.0000000000;  0.0000000000;  0.0000000000;  0.0000000000;  0.0000000000;  0.0000000000;  0.0000000000
596.00;  0.0000000000;  0.0000000000;  0.0000000000;  0.0000000000;  0.0000000000;  0.0000000000;  0.0000000000;  0.0000000000;  0.0000000000;  0.0000000000;  0.0000000000;  0.0000000000
597.00;  0.0000000000;  0.0000000000;  0.0000000000;  0.0000000000;  0.0000000000;  0.0000000000;  0.0000000000;  0.0000000000;  0.0000000000;  0.0000000000;  0.0000000000;  0.0000000000
598.00;  0.0000000000;  0.0000000000;  0.0000000000;  0.0000000000;  0.0000000000;  0.0000000000;  0.0000000000;  0.0000000000;  0.0000000000;  0.0000000000;  0.0000000000;  0.0000000000
599.00;  0.0000000000;  0.0000000000;  0.0000000000;  0.0000000000;  0.0000000000;  0.0000000000;  0.0000000000;  0.0000000000;  0.0000000000;  0.0000000000;  0.0000000000;  0.0000000000
600.00;  0.0000000000;  0.0000000000;  0.0000000000;  0.0000000000;  0.0000000000;  0.0000000000;  0.0000000000;  0.0000000000;  0.0000000000;  0.0000000000;  0.0000000000;  0.0000000000
601.00;  0.0000000000;  0.0000000000;  0.0000000000;  0.0000000000;  0.0000000000;  0.0000000000;  0.0000000000;  0.0000000000;  0.0000000000;  0.0000000000;  0.0000000000;  0.0000000000
602.00;  0.0000000000;  0.0000000000;  0.0000000000;  0.0000000000;  0.0000000000;  0.0000000000;  0.0000000000;  0.0000000000;  0.0000000000;  0.0000000000;  0.0000000000;  0.0000000000
603.00;  0.0000000000;  0.0000000000;  0.0000000000;  0.0000000000;  0.0000000000;  0.0000000000;  0.0000000000;  0.0000000000;  0.0000000000;  0.0000000000;  0.0000000000;  0.0000000000
604.00;  0.0000000000;  0.0000000000;  0.0000000000;  0.0000000000;  0.0000000000;  0.0000000000;  0.0000000000;  0.0000000000;  0.0000000000;  0.0000000000;  0.0000000000;  0.0000000000
605.00;  0.0000000000;  0.0000000000;  0.0000000000;  0.0000000000;  0.0000000000;  0.0000000000;  0.0000000000;  0.0000000000;  0.0000000000;  0.0000000000;  0.0000000000;  0.0000000000
606.00;  0.0000000000;  0.0000000000;  0.0000000000;  0.0000000000;  0.0000000000;  0.0000000000;  0.0000000000;  0.0000000000;  0.0000000000;  0.0000000000;  0.0000000000;  0.0000000000
607.00;  0.0000000000;  0.0000000000;  0.0000000000;  0.0000000000;  0.0000000000;  0.0000000000;  0.0000000000;  0.0000000000;  0.0000000000;  0.0000000000;  0.0000000000;  0.0000000000
608.00;  0.0000000000;  0.0000000000;  0.0000000000;  0.0000000000;  0.0000000000;  0.0000000000;  0.0000000000;  0.0000000000;  0.0000000000;  0.0000000000;  0.0000000000;  0.0000000000
609.00;  0.0000000000;  0.0000000000;  0.0000000000;  0.0000000000;  0.0000000000;  0.0000000000;  0.0000000000;  0.0000000000;  0.0000000000;  0.0000000000;  0.0000000000;  0.0000000000
610.00;  0.0000000000;  0.0000000000;  0.0000000000;  0.0000000000;  0.0000000000;  0.0000000000;  0.0000000000;  0.0000000000;  0.0000000000;  0.0000000000;  0.0000000000;  0.0000000000
611.00;  0.0000000000;  0.0000000000;  0.0000000000;  0.0000000000;  0.0000000000;  0.0000000000;  0.0000000000;  0.0000000000;  0.0000000000;  0.0000000000;  0.0000000000;  0.0000000000
612.00;  0.0000000000;  0.0000000000;  0.0000000000;  0.0000000000;  0.0000000000;  0.0000000000;  0.0000000000;  0.0000000000;  0.0000000000;  0.0000000000;  0.0000000000;  0.0000000000
613.00;  0.0000000000;  0.0000000000;  0.0000000000;  0.0000000000;  0.0000000000;  0.0000000000;  0.0000000000;  0.0000000000;  0.0000000000;  0.0000000000;  0.0000000000;  0.0000000000
614.00;  0.0000000000;  0.0000000000;  0.0000000000;  0.0000000000;  0.0000000000;  0.0000000000;  0.0000000000;  0.0000000000;  0.0000000000;  0.0000000000;  0.0000000000;  0.0000000000
615.00;  0.0000000000;  0.0000000000;  0.0000000000;  0.0000000000;  0.0000000000;  0.0000000000;  0.0000000000;  0.0000000000;  0.0000000000;  0.0000000000;  0.0000000000;  0.0000000000
616.00;  0.0000000000;  0.0000000000;  0.0000000000;  0.0000000000;  0.0000000000;  0.0000000000;  0.0000000000;  0.0000000000;  0.0000000000;  0.0000000000;  0.0000000000;  0.0000000000
617.00;  0.0000000000;  0.0000000000;  0.0000000000;  0.0000000000;  0.0000000000;  0.0000000000;  0.0000000000;  0.0000000000;  0.0000000000;  0.0000000000;  0.0000000000;  0.0000000000
618.00;  0.0000000000;  0.0000000000;  0.0000000000;  0.0000000000;  0.0000000000;  0.0000000000;  0.0000000000;  0.0000000000;  0.0000000000;  0.0000000000;  0.0000000000;  0.0000000000
619.00;  0.0000000000;  0.0000000000;  0.0000000000;  0.0000000000;  0.0000000000;  0.0000000000;  0.0000000000;  0.0000000000;  0.0000000000;  0.0000000000;  0.0000000000;  0.0000000000
620.00;  0.0000000000;  0.0000000000;  0.0000000000;  0.0000000000;  0.0000000000;  0.0000000000;  0.0000000000;  0.0000000000;  0.0000000000;  0.0000000000;  0.0000000000;  0.0000000000
621.00;  0.0000000000;  0.0000000000;  0.0000000000;  0.0000000000;  0.0000000000;  0.0000000000;  0.0000000000;  0.0000000000;  0.0000000000;  0.0000000000;  0.0000000000;  0.0000000000
622.00;  0.0000000000;  0.0000000000;  0.0000000000;  0.0000000000;  0.0000000000;  0.0000000000;  0.0000000000;  0.0000000000;  0.0000000000;  0.0000000000;  0.0000000000;  0.0000000000
623.00;  0.0000000000;  0.0000000000;  0.0000000000;  0.0000000000;  0.0000000000;  0.0000000000;  0.0000000000;  0.0000000000;  0.0000000000;  0.0000000000;  0.0000000000;  0.0000000000
624.00;  0.0000000000;  0.0000000000;  0.0000000000;  0.0000000000;  0.0000000000;  0.0000000000;  0.0000000000;  0.0000000000;  0.0000000000;  0.0000000000;  0.0000000000;  0.0000000000
625.00;  0.0000000000;  0.0000000000;  0.0000000000;  0.0000000000;  0.0000000000;  0.0000000000;  0.0000000000;  0.0000000000;  0.0000000000;  0.0000000000;  0.0000000000;  0.0000000000
626.00;  0.0000000000;  0.0000000000;  0.0000000000;  0.0000000000;  0.0000000000;  0.0000000000;  0.0000000000;  0.0000000000;  0.0000000000;  0.0000000000;  0.0000000000;  0.0000000000
627.00;  0.0000000000;  0.0000000000;  0.0000000000;  0.0000000000;  0.0000000000;  0.0000000000;  0.0000000000;  0.0000000000;  0.0000000000;  0.0000000000;  0.0000000000;  0.0000000000
628.00;  0.0000000000;  0.0000000000;  0.0000000000;  0.0000000000;  0.0000000000;  0.0000000000;  0.0000000000;  0.0000000000;  0.0000000000;  0.0000000000;  0.0000000000;  0.0000000000
629.00;  0.0000000000;  0.0000000000;  0.0000000000;  0.0000000000;  0.0000000000;  0.0000000000;  0.0000000000;  0.0000000000;  0.0000000000;  0.0000000000;  0.0000000000;  0.0000000000
630.00;  0.0000000000;  0.0000000000;  0.0000000000;  0.0000000000;  0.0000000000;  0.0000000000;  0.0000000000;  0.0000000000;  0.0000000000;  0.0000000000;  0.0000000000;  0.0000000000
631.00;  0.0000000000;  0.0000000000;  0.0000000000;  0.0000000000;  0.0000000000;  0.0000000000;  0.0000000000;  0.0000000000;  0.0000000000;  0.0000000000;  0.0000000000;  0.0000000000
632.00;  0.0000000000;  0.0000000000;  0.0000000000;  0.0000000000;  0.0000000000;  0.0000000000;  0.0000000000;  0.0000000000;  0.0000000000;  0.0000000000;  0.0000000000;  0.0000000000
633.00;  0.0000000000;  0.0000000000;  0.0000000000;  0.0000000000;  0.0000000000;  0.0000000000;  0.0000000000;  0.0000000000;  0.0000000000;  0.0000000000;  0.0000000000;  0.0000000000
634.00;  0.0000000000;  0.0000000000;  0.0000000000;  0.0000000000;  0.0000000000;  0.0000000000;  0.0000000000;  0.0000000000;  0.0000000000;  0.0000000000;  0.0000000000;  0.0000000000
635.00;  0.0000000000;  0.0000000000;  0.0000000000;  0.0000000000;  0.0000000000;  0.0000000000;  0.0000000000;  0.0000000000;  0.0000000000;  0.0000000000;  0.0000000000;  0.0000000000
636.00;  0.0000000000;  0.0000000000;  0.0000000000;  0.0000000000;  0.0000000000;  0.0000000000;  0.0000000000;  0.0000000000;  0.0000000000;  0.0000000000;  0.0000000000;  0.0000000000
637.00;  0.0000000000;  0.0000000000;  0.0000000000;  0.0000000000;  0.0000000000;  0.0000000000;  0.0000000000;  0.0000000000;  0.0000000000;  0.0000000000;  0.0000000000;  0.0000000000
638.00;  0.0000000000;  0.0000000000;  0.0000000000;  0.0000000000;  0.0000000000;  0.0000000000;  0.0000000000;  0.0000000000;  0.0000000000;  0.0000000000;  0.0000000000;  0.0000000000
639.00;  0.0000000000;  0.0000000000;  0.0000000000;  0.0000000000;  0.0000000000;  0.0000000000;  0.0000000000;  0.0000000000;  0.0000000000;  0.0000000000;  0.0000000000;  0.0000000000
640.00;  0.0000000000;  0.0000000000;  0.0000000000;  0.0000000000;  0.0000000000;  0.0000000000;  0.0000000000;  0.0000000000;  0.0000000000;  0.0000000000;  0.0000000000;  0.0000000000
641.00;  0.0000000000;  0.0000000000;  0.0000000000;  0.0000000000;  0.0000000000;  0.0000000000;  0.0000000000;  0.0000000000;  0.0000000000;  0.0000000000;  0.0000000000;  0.0000000000
642.00;  0.0000000000;  0.0000000000;  0.0000000000;  0.0000000000;  0.0000000000;  0.0000000000;  0.0000000000;  0.0000000000;  0.0000000000;  0.0000000000;  0.0000000000;  0.0000000000
643.00;  0.0000000000;  0.0000000000;  0.0000000000;  0.0000000000;  0.0000000000;  0.0000000000;  0.0000000000;  0.0000000000;  0.0000000000;  0.0000000000;  0.0000000000;  0.0000000000
644.00;  0.0000000000;  0.0000000000;  0.0000000000;  0.0000000000;  0.0000000000;  0.0000000000;  0.0000000000;  0.0000000000;  0.0000000000;  0.0000000000;  0.0000000000;  0.0000000000
645.00;  0.0000000000;  0.0000000000;  0.0000000000;  0.0000000000;  0.0000000000;  0.0000000000;  0.0000000000;  0.0000000000;  0.0000000000;  0.0000000000;  0.0000000000;  0.0000000000
646.00;  0.0000000000;  0.0000000000;  0.0000000000;  0.0000000000;  0.0000000000;  0.0000000000;  0.0000000000;  0.0000000000;  0.0000000000;  0.0000000000;  0.0000000000;  0.0000000000
647.00;  0.0000000000;  0.0000000000;  0.0000000000;  0.0000000000;  0.0000000000;  0.0000000000;  0.0000000000;  0.0000000000;  0.0000000000;  0.0000000000;  0.0000000000;  0.0000000000
648.00;  0.0000000000;  0.0000000000;  0.0000000000;  0.0000000000;  0.0000000000;  0.0000000000;  0.0000000000;  0.0000000000;  0.0000000000;  0.0000000000;  0.0000000000;  0.0000000000
