*************************************************
******************* ORCA 6.1.1 ******************
*************************************************
$Calculation_Status
   &GeometryIndex 1
   &version [&Type "String"] "6.1.1"
   &progName [&Type "String"] "LeanSCF"
   &Status [&Type "String"] "NORMAL TERMINATION"
$End
$Geometry
   &GeometryIndex 1
   &NAtoms [&Type "Integer"] 159
   &NCorelessECP [&Type "Integer"] 0
   &NGhostAtoms [&Type "Integer"] 0
   &CartesianCoordinates [&Type "Coordinates", &Dim(159,4), &Units "Bohr"] 
              Si     6.663531114600   64.178812893476   14.949921195362
              Si     6.485651968060   58.328895803411   14.903271421807
              O      4.289528214043   65.874919663449   15.958569329715
              O      3.866692488130   57.076852238339   15.965732277523
              O      6.532388396180   61.246530755555   15.916001596368
              O      6.772585566607   64.108946842395   11.835941385849
              O      6.530110288060   58.468576989092   11.795044651708
              Si    11.570758426431   49.470042772534   14.799047166730
              Si    16.559828593649   46.396449436492   14.809141347009
              O      8.920494158413   48.356143745371   15.920702137384
              O     14.030711138017   47.873886416669   15.781583188475
              O     16.389061147146   43.508441081149   15.896457184955
              O     11.624283737752   49.404395277002   11.689794638251
              O     16.485346201385   46.460222361105   11.696237977101
              Si    11.443714467184   55.299083714930   14.618324546664
              Si    11.690993898206   67.150682540530   14.982895202162
              Si    16.934826958386   64.121813198124   15.586281597948
              Si    16.655628083226   58.130228745282   14.109327547438
              O      9.002956356560   56.785607285235   15.817426058848
              O      9.177510077666   65.625087927103   15.948347963144
              O     14.211957688644   65.760325652968   15.823983532035
              O     14.028270127032   56.825146328260   15.145359023989
              O     11.702780226838   52.414394766870   15.699510250782
              O     16.739832514580   61.055245513665   14.834863789029
              O     10.734794495855   55.127340312949   11.589439883899
              O     11.455004649270   67.351675391134   11.856491784550
              O     17.368635507976   65.077699396616   12.448576856665
              O     16.662849875789   57.712313054187   11.042662675041
              Si    11.805248955357   72.985646530520   14.873803742001
              Si    16.999722703093   75.687147558414   14.853094212045
              O      9.445213834187   74.790251160457   15.733071581844
              O     14.353911024241   74.454468448967   15.861100434050
              O     11.624869810049   70.108883564180   15.950992082454
              O     17.471174734137   78.578389981275   15.828441418776
              O     12.059341144097   72.801004582939   11.773510460974
              O     16.966624396162   75.516276733930   11.745458904887
              Si    21.661346539732   49.216485989646   14.570795161604
              Si    26.727827776303   46.370677453835   14.797307290909
              O     19.128870108387   47.867048501481   15.696584745500
              O     24.245241023334   47.955103226163   15.708402235746
              O     26.312794073487   43.484920047428   15.804650246865
              O     21.562396458236   48.612221558180   11.520821375076
              O     26.834990047319   46.483544703654   11.687939812370
              Si    21.726619962064   55.221919441588   14.344136823231
              Si    22.163929140399   66.860273490805   14.827614905445
              Si    27.056933013198   63.862672189083   14.535527659572
              Si    26.813793752473   58.065155441943   14.465945611654
              O     19.123462685046   56.573304561655   15.187120584061
              O     19.856637566414   65.424563029752   16.218675643554
              O     24.842609174149   65.587607242561   15.784473534454
              O     24.306273729651   56.567716797391   15.441712659245
              O     21.671138411619   52.227046995634   15.132467967914
              O     27.044007687289   60.943687872858   15.564489516016
              O     21.887350456776   55.438283885456   11.247340792799
              O     22.037574121884   66.396324743100   11.772134820090
              O     26.569265387063   63.703139167333   11.475620577058
              O     26.602195961545   58.268436960911   11.375449721305
              Si    22.088902409729   72.862098105630   14.793951985329
              Si    27.173248088304   75.691703882814   14.866065034436
              O     19.464377534386   74.099690926426   15.839629965629
              O     24.599377655477   74.323524612757   15.884868670367
              O     22.243729220486   69.887410731593   15.479405751699
              O     27.512272654163   78.587144633749   15.881601123621
              O     22.208252481205   73.353242410715   11.720522519517
              O     27.159039277930   75.533642895855   11.759404071994
              Si    31.869621967002   49.148112283006   14.899405679631
              O     29.334534505551   47.660442147748   15.837977043998
              O     34.308326317603   47.611499681000   16.001489550747
              O     31.794476047127   49.158462219768   11.790079308302
              Si    31.937227041778   54.956029543095   14.684690617656
              Si    32.314602462780   66.771425333750   14.582921907618
              Si    37.252033300623   63.720316569672   14.781202410006
              Si    36.943506591600   57.885351459806   14.816680291581
              O     29.297047214138   56.408640955990   15.247885265650
              O     29.800744690044   65.120098834080   15.144675492820
              O     34.780788204039   65.312811699582   15.730803891769
              O     34.312766719335   56.583316707096   15.764369886771
              O     31.831325957284   52.093640286564   15.854942707882
              O     37.203086787167   60.803733164693   15.788599451638
              O     32.374089403463   54.540076051573   11.630575007412
              O     32.862526902842   66.973672302925   11.526777453211
              O     37.118217002663   63.572573903125   11.673815997927
              O     36.859342101337   57.966579308189   11.703112980714
              Si    32.120981453114   72.581312379294   14.762060335558
              O     29.697430375714   74.172670090609   15.816510778519
              O     34.835749030433   73.663602087160   15.751256322824
              O     32.031394387237   69.635845386804   15.688800968181
              O     31.953575234087   72.587402275755   11.655283424415
              O     39.188716343910   56.037006802378   15.836183103037
              O     39.916345883918   64.916902947770   15.774802221764
              H      7.699987207475   47.218156476659   15.186956410753
              H      2.665286661952   55.939701290528   15.187255099416
              H      2.665286770457   66.155504126087   15.187255090642
              H      7.699986715324   74.877049380497   15.186956339917
              H     16.909611194489   41.901378863338   15.190188769914
              H     16.909611282482   80.193826805431   15.190188711554
              H     26.981059394364   41.901282816782   15.190151892937
              H     26.981059467231   80.193922772565   15.190151924613
              H     35.830259257464   47.009257749855   15.186606028203
              H     35.830258726337   75.085947223121   15.186606124640
              H     40.864793113548   55.730707014142   15.186941684006
              H     40.864793284701   66.364498541154   15.186941695396
              H     25.009226747692   64.575334445965   11.003925490259
              H     20.279389879791   65.817613414126   11.434233785302
              H     15.887678108434   64.870394682057   11.426739759004
              H     18.265780025182   57.109208345632   10.417262398568
              H     23.404878722746   56.277510519623   10.662998421120
              H     26.606744007915   60.010432694866   10.793117844421
              H     25.564242155270   74.894848107577   11.108775600353
              H     20.603104504529   73.833715387986   10.992151293954
              H     15.475651269525   74.653088445678   11.119168609188
              H     11.867187982744   71.073517040848   11.180201286662
              H     10.063515839054   66.372004192977   11.189531546869
              H      6.738744249867   62.402069877811   11.174555667803
              H      7.816485123033   57.373557339397   11.075258915006
              H     11.279223935360   53.599941801320   10.760934447513
              H     13.074257021149   48.501202577545   11.035218153692
              H     18.056112104219   47.063991279316   10.971611937851
              H     23.169951574887   48.134336675009   10.801832709492
              H     28.345325498928   47.309601189362   11.066293372412
              H     32.068765440662   50.833508872569   11.091159786189
              H     33.635940554565   55.653190508564   10.916922129820
              H     36.929037754370   59.674444078770   11.045852233972
              H     35.839026682501   64.679150385837   10.966356151434
              H     32.471274285313   68.605066620150   10.805975938142
              H     30.470035389603   73.463558112237   11.034021002277
              N     25.394258304050   55.091312965353   21.340722927614
              C     27.494865557736   53.630487232050   21.760601582123
              N     29.723995337650   54.913303619689   21.795206267917
              C     30.090476371058   57.533682969479   21.632114702075
              C     27.761387314897   58.905199391450   21.302854611812
              C     25.548212322624   57.665978111125   21.143023754815
              O     27.371549141825   51.343530850270   22.098436983523
              O     32.207981797311   58.394135345454   21.777309773824
              C     23.009507590375   53.717313488131   21.019333390370
              C     21.824767231882   52.773171261319   23.475197725731
              C     19.045048947372   52.579384981261   22.703314280064
              C     18.752047129336   54.739667699432   20.820307532832
              O     18.604948292264   50.263380011655   21.492142770836
              O     21.255875660369   55.340067658752   19.951181873721
              C     17.539149898614   57.066888073319   21.942171961274
              O     17.386011165955   58.979079391180   20.089257319452
              P     18.086496093494   61.845147669505   20.802994593806
              O     17.618275625679   62.359493475946   23.479401459725
              O     21.015702185513   62.048373533196   20.068154512618
              O     16.667357831067   63.431958048301   18.832590126468
              H     31.284527490623   53.849579661097   22.065229564413
              H     27.834611723771   60.934332534637   21.128608012388
              H     23.773043820421   58.629516264205   20.813121417317
              H     23.425642098545   52.106436787719   19.784958983962
              H     17.781742141769   52.815816749676   24.331312530548
              H     17.662193357798   54.090682619198   19.193798113849
              H     19.754351384063   49.074081682602   22.272648801688
              H     15.626901151219   56.575258445881   22.564422156616
              H     18.587865171378   57.733243980769   23.595475417945
              H     21.206038894255   63.280017007597   18.716334637984
              O     22.734818192262   50.430598980224   24.293084306813
              H     22.052773574216   54.232299863932   24.934436773815
              H     24.467018575947   50.284249114034   23.678268819625
$End
$SCF_Mulliken_Population_Analysis
   &GeometryIndex 1
   &NAtoms [&Type "Integer"] 159
   &ATNO [&Type "ArrayOfIntegers", &Dim (159,1)] 
                                                         0

0                                                       14
1                                                       14
2                                                        8
3                                                        8
4                                                        8
5                                                        8
6                                                        8
7                                                       14
8                                                       14
9                                                        8
10                                                       8
11                                                       8
12                                                       8
13                                                       8
14                                                      14
15                                                      14
16                                                      14
17                                                      14
18                                                       8
19                                                       8
20                                                       8
21                                                       8
22                                                       8
23                                                       8
24                                                       8
25                                                       8
26                                                       8
27                                                       8
28                                                      14
29                                                      14
30                                                       8
31                                                       8
32                                                       8
33                                                       8
34                                                       8
35                                                       8
36                                                      14
37                                                      14
38                                                       8
39                                                       8
40                                                       8
41                                                       8
42                                                       8
43                                                      14
44                                                      14
45                                                      14
46                                                      14
47                                                       8
48                                                       8
49                                                       8
50                                                       8
51                                                       8
52                                                       8
53                                                       8
54                                                       8
55                                                       8
56                                                       8
57                                                      14
58                                                      14
59                                                       8
60                                                       8
61                                                       8
62                                                       8
63                                                       8
64                                                       8
65                                                      14
66                                                       8
67                                                       8
68                                                       8
69                                                      14
70                                                      14
71                                                      14
72                                                      14
73                                                       8
74                                                       8
75                                                       8
76                                                       8
77                                                       8
78                                                       8
79                                                       8
80                                                       8
81                                                       8
82                                                       8
83                                                      14
84                                                       8
85                                                       8
86                                                       8
87                                                       8
88                                                       8
89                                                       8
90                                                       1
91                                                       1
92                                                       1
93                                                       1
94                                                       1
95                                                       1
96                                                       1
97                                                       1
98                                                       1
99                                                       1
100                                                      1
101                                                      1
102                                                      1
103                                                      1
104                                                      1
105                                                      1
106                                                      1
107                                                      1
108                                                      1
109                                                      1
110                                                      1
111                                                      1
112                                                      1
113                                                      1
114                                                      1
115                                                      1
116                                                      1
117                                                      1
118                                                      1
119                                                      1
120                                                      1
121                                                      1
122                                                      1
123                                                      1
124                                                      1
125                                                      1
126                                                      7
127                                                      6
128                                                      7
129                                                      6
130                                                      6
131                                                      6
132                                                      8
133                                                      8
134                                                      6
135                                                      6
136                                                      6
137                                                      6
138                                                      8
139                                                      8
140                                                      6
141                                                      8
142                                                     15
143                                                      8
144                                                      8
145                                                      8
146                                                      1
147                                                      1
148                                                      1
149                                                      1
150                                                      1
151                                                      1
152                                                      1
153                                                      1
154                                                      1
155                                                      1
156                                                      8
157                                                      1
158                                                      1
   &AtomicCharges [&Type "ArrayOfDoubles", &Dim (159,1)] 
                                                         0

0                                      7.1169852693805780e-01
1                                      7.1452571998210246e-01
2                                     -5.8237591010372469e-01
3                                     -5.8608709817873006e-01
4                                     -3.2754728953799450e-01
5                                     -5.7671734296820709e-01
6                                     -5.7658545304244235e-01
7                                      7.0804389628931297e-01
8                                      6.9801394735409517e-01
9                                     -5.8519780638675201e-01
10                                    -3.2307014450979210e-01
11                                    -5.8498449409206188e-01
12                                    -5.6990285046321887e-01
13                                    -5.7618155662797577e-01
14                                     6.8781420621627021e-01
15                                     6.2422417392453156e-01
16                                     7.1707595224926557e-01
17                                     4.9546448387419062e-01
18                                    -3.4252496174397962e-01
19                                    -3.2955268280790584e-01
20                                    -2.3324478012854577e-01
21                                    -2.6983965164466639e-01
22                                    -3.2592881039621524e-01
23                                    -1.6687506208679181e-01
24                                    -5.7940276866095886e-01
25                                    -5.9298899830233331e-01
26                                    -7.2948150347995089e-01
27                                    -5.6370892868140032e-01
28                                     7.1979002678399695e-01
29                                     7.1920752724341952e-01
30                                    -5.8451071542798161e-01
31                                    -3.3327562412469547e-01
32                                    -3.4085239510077869e-01
33                                    -5.8547070220510733e-01
34                                    -5.7930725143754636e-01
35                                    -5.7342841632183905e-01
36                                     6.4903759406889705e-01
37                                     7.0261613590869665e-01
38                                    -3.0338779605497024e-01
39                                    -3.1827567654615230e-01
40                                    -5.8109145492062630e-01
41                                    -5.8090936776915747e-01
42                                    -5.7438180737988986e-01
43                                     6.2127936751915769e-01
44                                     6.8037312775954284e-01
45                                     6.4796280512724636e-01
46                                     6.1720056791276612e-01
47                                    -2.4278555604083429e-01
48                                    -4.4093124370679782e-01
49                                    -3.4480810776726756e-01
50                                    -2.6398776050751849e-01
51                                    -2.1885227086863956e-01
52                                    -2.9642023307395604e-01
53                                    -6.0297241546113867e-01
54                                    -5.9279173378410022e-01
55                                    -5.7906742648679810e-01
56                                    -5.8735293165644009e-01
57                                     6.7821626346964692e-01
58                                     7.1830627273394398e-01
59                                    -3.3135038119730353e-01
60                                    -3.4059340493514689e-01
61                                    -2.6574815730257662e-01
62                                    -5.8362494058306780e-01
63                                    -5.7524355219447187e-01
64                                    -5.7592044773370965e-01
65                                     7.0192363194062324e-01
66                                    -3.1807510789873561e-01
67                                    -5.8382018747604469e-01
68                                    -5.7407706789131119e-01
69                                     6.5888348730574897e-01
70                                     6.7391756458354024e-01
71                                     7.1096277709892064e-01
72                                     6.9639128366482872e-01
73                                    -2.1764552691934114e-01
74                                    -2.4930478611703322e-01
75                                    -3.3298378049728150e-01
76                                    -3.0536082200208448e-01
77                                    -3.2606535959543592e-01
78                                    -3.2276368928575039e-01
79                                    -5.8303612902887636e-01
80                                    -5.7428398266425340e-01
81                                    -5.7688499673099614e-01
82                                    -5.7544547014503955e-01
83                                     7.1582784366078300e-01
84                                    -3.2763572070857627e-01
85                                    -5.8051018349599559e-01
86                                    -3.3215443469540240e-01
87                                    -5.7318688809448659e-01
88                                    -5.7841621787091846e-01
89                                    -5.7654614722317810e-01
90                                     3.8455123342667241e-01
91                                     3.8677131913044516e-01
92                                     3.8172890545873783e-01
93                                     3.8546734618520606e-01
94                                     3.8745008239007395e-01
95                                     3.8510212268466759e-01
96                                     3.8421080674673558e-01
97                                     3.8678345220266130e-01
98                                     3.8815134323127576e-01
99                                     3.8385269324290849e-01
100                                    3.8453302340177764e-01
101                                    3.8535426834769115e-01
102                                    3.7024565968504208e-01
103                                    3.6824012751008106e-01
104                                    3.3031089444315054e-01
105                                    3.5060901934927091e-01
106                                    3.5614164726255515e-01
107                                    3.6286013474065970e-01
108                                    3.6870878519316252e-01
109                                    3.6455640900256192e-01
110                                    3.6458297195526623e-01
111                                    3.6636192352682218e-01
112                                    3.6228851138551188e-01
113                                    3.6404549502823491e-01
114                                    3.6898576423937068e-01
115                                    3.6193007061432436e-01
116                                    3.6252950117134253e-01
117                                    3.6471694892110795e-01
118                                    3.6065950219250187e-01
119                                    3.6333627786915090e-01
120                                    3.6671715272689109e-01
121                                    3.6210803625408017e-01
122                                    3.6396238636728873e-01
123                                    3.6801962326925919e-01
124                                    3.6460589008966660e-01
125                                    3.6436617265455928e-01
126                                    8.3066626595082127e-02
127                                    3.5915944072244255e-01
128                                   -1.9170611130381854e-01
129                                    2.4121595734013468e-01
130                                   -2.1856926168161728e-01
131                                   -1.2387500039285104e-01
132                                   -4.9477487250839935e-01
133                                   -4.2125237422991724e-01
134                                   -2.1930696232333347e-02
135                                    2.7729281237760972e-02
136                                    1.6072472304733676e-01
137                                    1.0193296737920399e-01
138                                   -4.9293547798888326e-01
139                                   -3.2802761437145911e-01
140                                   -1.2492319797819640e-01
141                                   -2.9992307736972990e-01
142                                    7.8681737259094042e-01
143                                   -6.1365456143005659e-01
144                                   -4.9998017119744276e-01
145                                   -4.0633571884441722e-01
146                                    2.7766205850933767e-01
147                                    1.6254459849780134e-01
148                                    2.4292405338338474e-01
149                                    1.5440973862911833e-01
150                                    1.2812281108219192e-01
151                                    1.0479902857134682e-01
152                                    3.4145122340152323e-01
153                                    1.4352533280089430e-01
154                                    1.3265980496479624e-01
155                                    3.6276868587227185e-01
156                                   -5.0580088865832096e-01
157                                    1.0983508034833944e-01
158                                    3.5647391647395643e-01
   &Method [&Type "String"] "SCF"
   &Level [&Type "String"] "Relaxed density"
   &Mult [&Type "Integer"] 1
   &State [&Type "Integer"] -1
   &Irrep [&Type "Integer"] 0
$End
$SCF_Loewdin_Population_Analysis
   &GeometryIndex 1
   &NAtoms [&Type "Integer"] 159
   &ATNO [&Type "ArrayOfIntegers", &Dim (159,1)] 
                                                         0

0                                                       14
1                                                       14
2                                                        8
3                                                        8
4                                                        8
5                                                        8
6                                                        8
7                                                       14
8                                                       14
9                                                        8
10                                                       8
11                                                       8
12                                                       8
13                                                       8
14                                                      14
15                                                      14
16                                                      14
17                                                      14
18                                                       8
19                                                       8
20                                                       8
21                                                       8
22                                                       8
23                                                       8
24                                                       8
25                                                       8
26                                                       8
27                                                       8
28                                                      14
29                                                      14
30                                                       8
31                                                       8
32                                                       8
33                                                       8
34                                                       8
35                                                       8
36                                                      14
37                                                      14
38                                                       8
39                                                       8
40                                                       8
41                                                       8
42                                                       8
43                                                      14
44                                                      14
45                                                      14
46                                                      14
47                                                       8
48                                                       8
49                                                       8
50                                                       8
51                                                       8
52                                                       8
53                                                       8
54                                                       8
55                                                       8
56                                                       8
57                                                      14
58                                                      14
59                                                       8
60                                                       8
61                                                       8
62                                                       8
63                                                       8
64                                                       8
65                                                      14
66                                                       8
67                                                       8
68                                                       8
69                                                      14
70                                                      14
71                                                      14
72                                                      14
73                                                       8
74                                                       8
75                                                       8
76                                                       8
77                                                       8
78                                                       8
79                                                       8
80                                                       8
81                                                       8
82                                                       8
83                                                      14
84                                                       8
85                                                       8
86                                                       8
87                                                       8
88                                                       8
89                                                       8
90                                                       1
91                                                       1
92                                                       1
93                                                       1
94                                                       1
95                                                       1
96                                                       1
97                                                       1
98                                                       1
99                                                       1
100                                                      1
101                                                      1
102                                                      1
103                                                      1
104                                                      1
105                                                      1
106                                                      1
107                                                      1
108                                                      1
109                                                      1
110                                                      1
111                                                      1
112                                                      1
113                                                      1
114                                                      1
115                                                      1
116                                                      1
117                                                      1
118                                                      1
119                                                      1
120                                                      1
121                                                      1
122                                                      1
123                                                      1
124                                                      1
125                                                      1
126                                                      7
127                                                      6
128                                                      7
129                                                      6
130                                                      6
131                                                      6
132                                                      8
133                                                      8
134                                                      6
135                                                      6
136                                                      6
137                                                      6
138                                                      8
139                                                      8
140                                                      6
141                                                      8
142                                                     15
143                                                      8
144                                                      8
145                                                      8
146                                                      1
147                                                      1
148                                                      1
149                                                      1
150                                                      1
151                                                      1
152                                                      1
153                                                      1
154                                                      1
155                                                      1
156                                                      8
157                                                      1
158                                                      1
   &AtomicCharges [&Type "ArrayOfDoubles", &Dim (159,1)] 
                                                         0

0                                     -2.9377332169501713e-01
1                                     -2.8264230908327548e-01
2                                     -8.9886897786151110e-02
3                                     -9.4016137245523268e-02
4                                      8.3007354610056261e-02
5                                     -1.0888772187174567e-01
6                                     -1.0843032998874769e-01
7                                     -2.8727695811278409e-01
8                                     -2.8356078996914214e-01
9                                     -8.9475418301397269e-02
10                                     8.3892174124708063e-02
11                                    -9.3594254166463386e-02
12                                    -1.0630034405664190e-01
13                                    -1.0844775521338335e-01
14                                    -2.5676594521309859e-01
15                                    -2.8137555971033024e-01
16                                    -4.1623008217182367e-01
17                                    -2.9661777312348470e-01
18                                     7.9274116091135660e-02
19                                     9.1595062840572616e-02
20                                     9.7136738676176115e-02
21                                     1.0203334674150799e-01
22                                     8.7830565736367383e-02
23                                     1.0659830216938904e-01
24                                    -9.2865846841053923e-02
25                                    -1.1289404873183884e-01
26                                    -1.6901864428800906e-01
27                                    -1.0273784169030442e-01
28                                    -2.8320710566872620e-01
29                                    -2.8243810338454267e-01
30                                    -9.3349588076112155e-02
31                                     7.8821530362609415e-02
32                                     7.7424230725775978e-02
33                                    -8.8475243061575171e-02
34                                    -1.1090658709659706e-01
35                                    -1.0752161359513401e-01
36                                    -2.6440050804870019e-01
37                                    -2.8891711275757714e-01
38                                     8.9334933783230319e-02
39                                     8.7927465945504935e-02
40                                    -8.7637484775870078e-02
41                                    -9.4933134000335428e-02
42                                    -1.0694971489909477e-01
43                                    -2.6626586625703474e-01
44                                    -2.8158660997904228e-01
45                                    -2.5825928906326112e-01
46                                    -2.5654870048865952e-01
47                                     1.0132015752162360e-01
48                                     2.9891509141354966e-02
49                                     8.2983967901403055e-02
50                                     9.2720273904324912e-02
51                                     1.0975612334790430e-01
52                                     9.1951866575053387e-02
53                                    -9.9489246862471958e-02
54                                    -1.1691362779846237e-01
55                                    -9.8456295985197784e-02
56                                    -9.4618949904633709e-02
57                                    -2.5078340470738603e-01
58                                    -2.8274883048542421e-01
59                                     8.6488035569018962e-02
60                                     7.9118829104811716e-02
61                                     1.0554387503273688e-01
62                                    -9.0158655518232322e-02
63                                    -9.5255008289912624e-02
64                                    -1.0739226043745909e-01
65                                    -2.8392167558958548e-01
66                                     8.4355153449142684e-02
67                                    -9.1228397645449988e-02
68                                    -1.0655435130133384e-01
69                                    -2.5684815648390291e-01
70                                    -2.5618512015217298e-01
71                                    -2.8294325999428160e-01
72                                    -2.8508874934291306e-01
73                                     1.1244543711291222e-01
74                                     1.1397845110106264e-01
75                                     8.4505894260353820e-02
76                                     9.4409500521202894e-02
77                                     8.1565927535429239e-02
78                                     8.6351330252286473e-02
79                                    -9.3897832041392348e-02
80                                    -9.4044985907290268e-02
81                                    -1.0651443552757378e-01
82                                    -1.0744072817374217e-01
83                                    -2.8627213063366774e-01
84                                     8.2489760711902171e-02
85                                    -8.7334364170942536e-02
86                                     8.8918446278714924e-02
87                                    -1.0614940014519370e-01
88                                    -8.4623270527920624e-02
89                                    -8.8382751365996270e-02
90                                     2.0551847233877929e-01
91                                     2.0788736602384150e-01
92                                     2.0324677879342889e-01
93                                     2.0788271563978389e-01
94                                     2.0930303895178115e-01
95                                     2.0629908448539891e-01
96                                     2.0658343308291305e-01
97                                     2.0805138572373472e-01
98                                     2.0918974280625591e-01
99                                     2.0616001918922600e-01
100                                    2.0630414228686178e-01
101                                    2.0787365256030887e-01
102                                    1.8793886851022523e-01
103                                    1.8024143367497747e-01
104                                    1.6314176197074926e-01
105                                    1.8106452364007275e-01
106                                    1.8266021245848696e-01
107                                    1.8694686334422927e-01
108                                    1.8653080062731187e-01
109                                    1.8892801683000571e-01
110                                    1.8740198010921416e-01
111                                    1.8576098659189144e-01
112                                    1.8476341937643626e-01
113                                    1.8688925879669893e-01
114                                    1.8591927484046977e-01
115                                    1.8920116779243479e-01
116                                    1.8701867887994328e-01
117                                    1.8655800396644595e-01
118                                    1.8783711860636054e-01
119                                    1.8669449185464027e-01
120                                    1.8626536840516472e-01
121                                    1.8903760023598171e-01
122                                    1.8692309162536491e-01
123                                    1.8619884318701929e-01
124                                    1.8944927319669747e-01
125                                    1.8753798631713692e-01
126                                    2.8212910543962444e-01
127                                   -4.7249688390071576e-01
128                                    2.3418106036765352e-01
129                                   -4.3900965334118069e-01
130                                   -1.5269900614285703e-01
131                                   -1.2938226602768754e-01
132                                    2.7506368414393911e-02
133                                    4.0869752870579035e-02
134                                   -3.1101587430458277e-01
135                                   -3.1957937325833186e-01
136                                   -3.1105556441742088e-01
137                                   -2.7388382812358980e-01
138                                   -7.9210600835644129e-04
139                                    2.5463281775708335e-01
140                                   -3.1175751749957481e-01
141                                    8.9807623873945808e-02
142                                    4.0294832421137627e-02
143                                   -3.1524260250500546e-01
144                                   -1.3066346525195982e-01
145                                    2.6823087759257902e-03
146                                    2.2219024627157091e-01
147                                    1.6480983993963039e-01
148                                    1.6441634450727549e-01
149                                    1.5830928983450321e-01
150                                    1.5168787455521360e-01
151                                    1.5806463502393442e-01
152                                    1.8266310768377692e-01
153                                    1.4386003158206706e-01
154                                    1.3867742320127385e-01
155                                    1.7512691145230685e-01
156                                   -7.2908253843113613e-03
157                                    1.5777627024350194e-01
158                                    1.7574443350427749e-01
   &Method [&Type "String"] "SCF"
   &Level [&Type "String"] "Relaxed density"
   &Mult [&Type "Integer"] 1
   &State [&Type "Integer"] -1
   &Irrep [&Type "Integer"] 0
$End
$SCF_Mayer_Population_Analysis
   &GeometryIndex 1
   &NAtoms [&Type "Integer"] 159 "Total number of atoms"
   &NBondOrdersPrint [&Type "Integer"] 168 "The number of bond orders larger than threshold"
   &bondThresh [&Type "Double"]       1.0000000000000001e-01  "The threshold for printing"
   &components [&Type "ArrayOfIntegers", &Dim (168,4)] "The indices and atomic numbers of the bonding atoms"
                                                         0                           1                           2                           3

0                                                        0                          14                           2                           8
1                                                        0                          14                           4                           8
2                                                        0                          14                           5                           8
3                                                        0                          14                          19                           8
4                                                        1                          14                           3                           8
5                                                        1                          14                           4                           8
6                                                        1                          14                           6                           8
7                                                        1                          14                          18                           8
8                                                        2                           8                          92                           1
9                                                        3                           8                          91                           1
10                                                       5                           8                         113                           1
11                                                       6                           8                         114                           1
12                                                       7                          14                           9                           8
13                                                       7                          14                          10                           8
14                                                       7                          14                          12                           8
15                                                       7                          14                          22                           8
16                                                       8                          14                          10                           8
17                                                       8                          14                          11                           8
18                                                       8                          14                          13                           8
19                                                       8                          14                          38                           8
20                                                       9                           8                          90                           1
21                                                      11                           8                          94                           1
22                                                      12                           8                         116                           1
23                                                      13                           8                         117                           1
24                                                      14                          14                          18                           8
25                                                      14                          14                          21                           8
26                                                      14                          14                          22                           8
27                                                      14                          14                          24                           8
28                                                      15                          14                          19                           8
29                                                      15                          14                          20                           8
30                                                      15                          14                          25                           8
31                                                      15                          14                          32                           8
32                                                      16                          14                          20                           8
33                                                      16                          14                          23                           8
34                                                      16                          14                          26                           8
35                                                      16                          14                          48                           8
36                                                      16                          14                         145                           8
37                                                      17                          14                          21                           8
38                                                      17                          14                          23                           8
39                                                      17                          14                          27                           8
40                                                      17                          14                          47                           8
41                                                      24                           8                         115                           1
42                                                      25                           8                         112                           1
43                                                      26                           8                         103                           1
44                                                      26                           8                         104                           1
45                                                      27                           8                         105                           1
46                                                      28                          14                          30                           8
47                                                      28                          14                          31                           8
48                                                      28                          14                          32                           8
49                                                      28                          14                          34                           8
50                                                      29                          14                          31                           8
51                                                      29                          14                          33                           8
52                                                      29                          14                          35                           8
53                                                      29                          14                          59                           8
54                                                      30                           8                          93                           1
55                                                      33                           8                          95                           1
56                                                      34                           8                         111                           1
57                                                      35                           8                         110                           1
58                                                      36                          14                          38                           8
59                                                      36                          14                          39                           8
60                                                      36                          14                          41                           8
61                                                      36                          14                          51                           8
62                                                      37                          14                          39                           8
63                                                      37                          14                          40                           8
64                                                      37                          14                          42                           8
65                                                      37                          14                          66                           8
66                                                      40                           8                          96                           1
67                                                      41                           8                         118                           1
68                                                      42                           8                         119                           1
69                                                      43                          14                          47                           8
70                                                      43                          14                          50                           8
71                                                      43                          14                          51                           8
72                                                      43                          14                          53                           8
73                                                      44                          14                          48                           8
74                                                      44                          14                          49                           8
75                                                      44                          14                          54                           8
76                                                      44                          14                          61                           8
77                                                      45                          14                          49                           8
78                                                      45                          14                          52                           8
79                                                      45                          14                          55                           8
80                                                      45                          14                          74                           8
81                                                      46                          14                          50                           8
82                                                      46                          14                          52                           8
83                                                      46                          14                          56                           8
84                                                      46                          14                          73                           8
85                                                      53                           8                         106                           1
86                                                      54                           8                         103                           1
87                                                      55                           8                         102                           1
88                                                      56                           8                         107                           1
89                                                      57                          14                          59                           8
90                                                      57                          14                          60                           8
91                                                      57                          14                          61                           8
92                                                      57                          14                          63                           8
93                                                      58                          14                          60                           8
94                                                      58                          14                          62                           8
95                                                      58                          14                          64                           8
96                                                      58                          14                          84                           8
97                                                      62                           8                          97                           1
98                                                      63                           8                         109                           1
99                                                      64                           8                         108                           1
100                                                     65                          14                          66                           8
101                                                     65                          14                          67                           8
102                                                     65                          14                          68                           8
103                                                     65                          14                          77                           8
104                                                     67                           8                          98                           1
105                                                     68                           8                         120                           1
106                                                     69                          14                          73                           8
107                                                     69                          14                          76                           8
108                                                     69                          14                          77                           8
109                                                     69                          14                          79                           8
110                                                     70                          14                          74                           8
111                                                     70                          14                          75                           8
112                                                     70                          14                          80                           8
113                                                     70                          14                          86                           8
114                                                     71                          14                          75                           8
115                                                     71                          14                          78                           8
116                                                     71                          14                          81                           8
117                                                     71                          14                          89                           8
118                                                     72                          14                          76                           8
119                                                     72                          14                          78                           8
120                                                     72                          14                          82                           8
121                                                     72                          14                          88                           8
122                                                     79                           8                         121                           1
123                                                     80                           8                         124                           1
124                                                     81                           8                         123                           1
125                                                     82                           8                         122                           1
126                                                     83                          14                          84                           8
127                                                     83                          14                          85                           8
128                                                     83                          14                          86                           8
129                                                     83                          14                          87                           8
130                                                     85                           8                          99                           1
131                                                     87                           8                         125                           1
132                                                     88                           8                         100                           1
133                                                     89                           8                         101                           1
134                                                    126                           7                         127                           6
135                                                    126                           7                         131                           6
136                                                    126                           7                         134                           6
137                                                    127                           6                         128                           7
138                                                    127                           6                         132                           8
139                                                    128                           7                         129                           6
140                                                    128                           7                         146                           1
141                                                    129                           6                         130                           6
142                                                    129                           6                         133                           8
143                                                    130                           6                         131                           6
144                                                    130                           6                         147                           1
145                                                    131                           6                         148                           1
146                                                    134                           6                         135                           6
147                                                    134                           6                         139                           8
148                                                    134                           6                         149                           1
149                                                    135                           6                         136                           6
150                                                    135                           6                         156                           8
151                                                    135                           6                         157                           1
152                                                    136                           6                         137                           6
153                                                    136                           6                         138                           8
154                                                    136                           6                         150                           1
155                                                    137                           6                         139                           8
156                                                    137                           6                         140                           6
157                                                    137                           6                         151                           1
158                                                    138                           8                         152                           1
159                                                    140                           6                         141                           8
160                                                    140                           6                         153                           1
161                                                    140                           6                         154                           1
162                                                    141                           8                         142                          15
163                                                    142                          15                         143                           8
164                                                    142                          15                         144                           8
165                                                    142                          15                         145                           8
166                                                    144                           8                         155                           1
167                                                    156                           8                         158                           1
   &BondOrders [&Type "ArrayOfDoubles", &Dim (168,1)] "The bond orders"
                                                         0

0                                      1.2877587061045339e+00
1                                      1.1556943315773551e+00
2                                      1.1479128158423224e+00
3                                      1.1804810793910447e+00
4                                      1.2831933754003617e+00
5                                      1.1587431697100068e+00
6                                      1.1575263520253969e+00
7                                      1.1571680736670273e+00
8                                      8.3589827450464915e-01
9                                      8.3095560795453816e-01
10                                     8.2612169281539960e-01
11                                     8.1585159720096234e-01
12                                     1.2873568622493665e+00
13                                     1.1536922530897140e+00
14                                     1.1708936645080799e+00
15                                     1.1597458670787195e+00
16                                     1.1596111378067091e+00
17                                     1.2922272959314389e+00
18                                     1.1564687252351227e+00
19                                     1.1530795608961226e+00
20                                     8.3324438993044703e-01
21                                     8.2972355066413406e-01
22                                     8.2865344294417997e-01
23                                     8.2375782272346487e-01
24                                     1.1658768957679440e+00
25                                     1.2298555260789239e+00
26                                     1.1639418490838926e+00
27                                     1.1467441853645954e+00
28                                     1.1574484545647046e+00
29                                     1.3218021463338441e+00
30                                     1.1291707712497963e+00
31                                     1.1396954608598289e+00
32                                     1.0021724664128224e+00
33                                     1.0139968898290359e+00
34                                     8.9062975384858256e-01
35                                     8.9837084500724251e-01
36                                     9.0649952386505006e-01
37                                     1.1079951882927577e+00
38                                     1.2837441543329264e+00
39                                     1.2877102760873029e+00
40                                     1.1228268682971421e+00
41                                     8.3493966710266498e-01
42                                     8.2976902860753943e-01
43                                     1.4092285925185000e-01
44                                     8.7122133138206159e-01
45                                     8.3768010282038674e-01
46                                     1.2881800485638284e+00
47                                     1.1452563518708250e+00
48                                     1.1735548989155953e+00
49                                     1.1469094866086964e+00
50                                     1.1635528204745949e+00
51                                     1.2883449670927016e+00
52                                     1.1582834586921620e+00
53                                     1.1455797217554449e+00
54                                     8.3105976655044200e-01
55                                     8.3204252003771961e-01
56                                     8.1847992005048464e-01
57                                     8.2345091559413319e-01
58                                     1.1664168487128568e+00
59                                     1.1531719514799412e+00
60                                     1.1768833190774441e+00
61                                     1.1952679588500521e+00
62                                     1.1626659345908752e+00
63                                     1.2983285910093303e+00
64                                     1.1612542375027815e+00
65                                     1.1500383141220580e+00
66                                     8.3277560112360427e-01
67                                     8.3178358837276556e-01
68                                     8.2625924308857190e-01
69                                     1.2062013929986628e+00
70                                     1.1347061312210520e+00
71                                     1.1412396241501788e+00
72                                     1.1763410901226445e+00
73                                     1.1965914412909273e+00
74                                     1.1248322980057019e+00
75                                     1.2046541981299110e+00
76                                     1.1542162103199656e+00
77                                     1.1871573155380111e+00
78                                     1.1687373266890817e+00
79                                     1.1762365097518723e+00
80                                     1.1714529760955528e+00
81                                     1.1796457313943982e+00
82                                     1.1561937909396007e+00
83                                     1.1795048637276051e+00
84                                     1.1573937233305969e+00
85                                     8.2613217820508988e-01
86                                     7.5183960484913592e-01
87                                     7.9743332966353342e-01
88                                     8.1557357121311147e-01
89                                     1.1835787419824191e+00
90                                     1.1596401565082526e+00
91                                     1.2195081842162117e+00
92                                     1.1497764076932817e+00
93                                     1.1599775511268757e+00
94                                     1.2882270052775990e+00
95                                     1.1560027808286131e+00
96                                     1.1513817286405388e+00
97                                     8.3070419012648000e-01
98                                     8.2798512024500182e-01
99                                     8.1607735311483132e-01
100                                    1.1584741901589546e+00
101                                    1.2907247470309009e+00
102                                    1.1623306942502423e+00
103                                    1.1519790190296133e+00
104                                    8.2987613845700947e-01
105                                    8.1784736856001861e-01
106                                    1.1820082774527811e+00
107                                    1.1751544768937454e+00
108                                    1.1524744172573895e+00
109                                    1.1710188896062075e+00
110                                    1.2038555439939509e+00
111                                    1.1717633701747701e+00
112                                    1.1615271155864848e+00
113                                    1.1816168356377781e+00
114                                    1.1505416796997872e+00
115                                    1.1606878222300983e+00
116                                    1.1513653164137980e+00
117                                    1.2980693014759639e+00
118                                    1.1555317533848908e+00
119                                    1.1564662828919188e+00
120                                    1.1581805685086399e+00
121                                    1.3007828961459438e+00
122                                    8.2836216594243295e-01
123                                    8.2898350011458644e-01
124                                    8.1949907612091577e-01
125                                    8.2502893711507364e-01
126                                    1.1606866263031397e+00
127                                    1.2932509905672183e+00
128                                    1.1493866360128646e+00
129                                    1.1589030799708135e+00
130                                    8.3306171187323508e-01
131                                    8.2519765414615154e-01
132                                    8.3282620692062936e-01
133                                    8.3157643844919937e-01
134                                    1.1583155588326919e+00
135                                    1.1705559834754617e+00
136                                    8.7188410426761942e-01
137                                    1.2464485018454066e+00
138                                    1.7603951489940681e+00
139                                    1.0845797115505387e+00
140                                    8.6393917229913442e-01
141                                    1.1212156677152461e+00
142                                    2.0029970276010221e+00
143                                    1.6458705789521342e+00
144                                    9.5116203454038151e-01
145                                    9.1083601605219455e-01
146                                    9.5948054632017854e-01
147                                    9.8554006795001259e-01
148                                    9.4667444696745129e-01
149                                    1.0107359859722234e+00
150                                    1.0970780800247861e+00
151                                    9.5345314642870638e-01
152                                    9.2441262437099314e-01
153                                    1.0650802201144542e+00
154                                    9.4434615318702231e-01
155                                    8.7654629221182490e-01
156                                    1.0044518484421099e+00
157                                    9.4286523726530991e-01
158                                    8.3973971034149597e-01
159                                    9.1899091358450913e-01
160                                    9.5379725094578194e-01
161                                    9.4419973516063127e-01
162                                    1.1151064768377994e+00
163                                    2.0223494046151638e+00
164                                    1.1483652543189158e+00
165                                    1.3887822827716592e+00
166                                    8.0494344963686482e-01
167                                    8.1277600374280290e-01
   &ATNO [&Type "ArrayOfIntegers", &Dim (159,1)] "Atomic number of the elements"
                                                         0

0                                                       14
1                                                       14
2                                                        8
3                                                        8
4                                                        8
5                                                        8
6                                                        8
7                                                       14
8                                                       14
9                                                        8
10                                                       8
11                                                       8
12                                                       8
13                                                       8
14                                                      14
15                                                      14
16                                                      14
17                                                      14
18                                                       8
19                                                       8
20                                                       8
21                                                       8
22                                                       8
23                                                       8
24                                                       8
25                                                       8
26                                                       8
27                                                       8
28                                                      14
29                                                      14
30                                                       8
31                                                       8
32                                                       8
33                                                       8
34                                                       8
35                                                       8
36                                                      14
37                                                      14
38                                                       8
39                                                       8
40                                                       8
41                                                       8
42                                                       8
43                                                      14
44                                                      14
45                                                      14
46                                                      14
47                                                       8
48                                                       8
49                                                       8
50                                                       8
51                                                       8
52                                                       8
53                                                       8
54                                                       8
55                                                       8
56                                                       8
57                                                      14
58                                                      14
59                                                       8
60                                                       8
61                                                       8
62                                                       8
63                                                       8
64                                                       8
65                                                      14
66                                                       8
67                                                       8
68                                                       8
69                                                      14
70                                                      14
71                                                      14
72                                                      14
73                                                       8
74                                                       8
75                                                       8
76                                                       8
77                                                       8
78                                                       8
79                                                       8
80                                                       8
81                                                       8
82                                                       8
83                                                      14
84                                                       8
85                                                       8
86                                                       8
87                                                       8
88                                                       8
89                                                       8
90                                                       1
91                                                       1
92                                                       1
93                                                       1
94                                                       1
95                                                       1
96                                                       1
97                                                       1
98                                                       1
99                                                       1
100                                                      1
101                                                      1
102                                                      1
103                                                      1
104                                                      1
105                                                      1
106                                                      1
107                                                      1
108                                                      1
109                                                      1
110                                                      1
111                                                      1
112                                                      1
113                                                      1
114                                                      1
115                                                      1
116                                                      1
117                                                      1
118                                                      1
119                                                      1
120                                                      1
121                                                      1
122                                                      1
123                                                      1
124                                                      1
125                                                      1
126                                                      7
127                                                      6
128                                                      7
129                                                      6
130                                                      6
131                                                      6
132                                                      8
133                                                      8
134                                                      6
135                                                      6
136                                                      6
137                                                      6
138                                                      8
139                                                      8
140                                                      6
141                                                      8
142                                                     15
143                                                      8
144                                                      8
145                                                      8
146                                                      1
147                                                      1
148                                                      1
149                                                      1
150                                                      1
151                                                      1
152                                                      1
153                                                      1
154                                                      1
155                                                      1
156                                                      8
157                                                      1
158                                                      1
   &NA [&Type "ArrayOfDoubles", &Dim (159,1)] "Mulliken gross atomic population"
                                                         0

0                                      1.3288301473061935e+01
1                                      1.3285474280017901e+01
2                                      8.5823759101037300e+00
3                                      8.5860870981787336e+00
4                                      8.3275472895380034e+00
5                                      8.5767173429682249e+00
6                                      8.5765854530424406e+00
7                                      1.3291956103710685e+01
8                                      1.3301986052645919e+01
9                                      8.5851978063867378e+00
10                                     8.3230701445097957e+00
11                                     8.5849844940920548e+00
12                                     8.5699028504632118e+00
13                                     8.5761815566279846e+00
14                                     1.3312185793783719e+01
15                                     1.3375775826075447e+01
16                                     1.3282924047750743e+01
17                                     1.3504535516125818e+01
18                                     8.3425249617439761e+00
19                                     8.3295526828079005e+00
20                                     8.2332447801285351e+00
21                                     8.2698396516446770e+00
22                                     8.3259288103962064e+00
23                                     8.1668750620867883e+00
24                                     8.5794027686609624e+00
25                                     8.5929889983023280e+00
26                                     8.7294815034799385e+00
27                                     8.5637089286814021e+00
28                                     1.3280209973215989e+01
29                                     1.3280792472756589e+01
30                                     8.5845107154279834e+00
31                                     8.3332756241246866e+00
32                                     8.3408523951007751e+00
33                                     8.5854707022051038e+00
34                                     8.5793072514375464e+00
35                                     8.5734284163218319e+00
36                                     1.3350962405931142e+01
37                                     1.3297383864091300e+01
38                                     8.3033877960549667e+00
39                                     8.3182756765461487e+00
40                                     8.5810914549206316e+00
41                                     8.5809093677691575e+00
42                                     8.5743818073798863e+00
43                                     1.3378720632480828e+01
44                                     1.3319626872240441e+01
45                                     1.3352037194872761e+01
46                                     1.3382799432087232e+01
47                                     8.2427855560408325e+00
48                                     8.4409312437068067e+00
49                                     8.3448081077672676e+00
50                                     8.2639877605075114e+00
51                                     8.2188522708686342e+00
52                                     8.2964202330739525e+00
53                                     8.6029724154611422e+00
54                                     8.5927917337841055e+00
55                                     8.5790674264867839e+00
56                                     8.5873529316564472e+00
57                                     1.3321783736530350e+01
58                                     1.3281693727266042e+01
59                                     8.3313503811973053e+00
60                                     8.3405934049351398e+00
61                                     8.2657481573025784e+00
62                                     8.5836249405830678e+00
63                                     8.5752435521944754e+00
64                                     8.5759204477337150e+00
65                                     1.3298076368059387e+01
66                                     8.3180751078987392e+00
67                                     8.5838201874760482e+00
68                                     8.5740770678913183e+00
69                                     1.3341116512694217e+01
70                                     1.3326082435416488e+01
71                                     1.3289037222901086e+01
72                                     1.3303608716335164e+01
73                                     8.2176455269193394e+00
74                                     8.2493047861170403e+00
75                                     8.3329837804972833e+00
76                                     8.3053608220020898e+00
77                                     8.3260653595954413e+00
78                                     8.3227636892857415e+00
79                                     8.5830361290288835e+00
80                                     8.5742839826642463e+00
81                                     8.5768849967310032e+00
82                                     8.5754454701450413e+00
83                                     1.3284172156339231e+01
84                                     8.3276357207085923e+00
85                                     8.5805101834959938e+00
86                                     8.3321544346954077e+00
87                                     8.5731868880944937e+00
88                                     8.5784162178709220e+00
89                                     8.5765461472231781e+00
90                                     6.1544876657332737e-01
91                                     6.1322868086955507e-01
92                                     6.1827109454126172e-01
93                                     6.1453265381479394e-01
94                                     6.1254991760992550e-01
95                                     6.1489787731533230e-01
96                                     6.1578919325326453e-01
97                                     6.1321654779733836e-01
98                                     6.1184865676872380e-01
99                                     6.1614730675709151e-01
100                                    6.1546697659822269e-01
101                                    6.1464573165230862e-01
102                                    6.2975434031495747e-01
103                                    6.3175987248991861e-01
104                                    6.6968910555684968e-01
105                                    6.4939098065072853e-01
106                                    6.4385835273744452e-01
107                                    6.3713986525934097e-01
108                                    6.3129121480683759e-01
109                                    6.3544359099743797e-01
110                                    6.3541702804473355e-01
111                                    6.3363807647317794e-01
112                                    6.3771148861448790e-01
113                                    6.3595450497176498e-01
114                                    6.3101423576062932e-01
115                                    6.3806992938567553e-01
116                                    6.3747049882865747e-01
117                                    6.3528305107889160e-01
118                                    6.3934049780749791e-01
119                                    6.3666372213084910e-01
120                                    6.3328284727310902e-01
121                                    6.3789196374592017e-01
122                                    6.3603761363271094e-01
123                                    6.3198037673074103e-01
124                                    6.3539410991033307e-01
125                                    6.3563382734544072e-01
126                                    6.9169333734049179e+00
127                                    5.6408405592775601e+00
128                                    7.1917061113038283e+00
129                                    5.7587840426598742e+00
130                                    6.2185692616816244e+00
131                                    6.1238750003928466e+00
132                                    8.4947748725084011e+00
133                                    8.4212523742299137e+00
134                                    6.0219306962323262e+00
135                                    5.9722707187622408e+00
136                                    5.8392752769526650e+00
137                                    5.8980670326207925e+00
138                                    8.4929354779888833e+00
139                                    8.3280276143714698e+00
140                                    6.1249231979781866e+00
141                                    8.2999230773697246e+00
142                                    1.4213182627409086e+01
143                                    8.6136545614300548e+00
144                                    8.4999801711974463e+00
145                                    8.4063357188444208e+00
146                                    7.2233794149066266e-01
147                                    8.3745540150219866e-01
148                                    7.5707594661661559e-01
149                                    8.4559026137088089e-01
150                                    8.7187718891780852e-01
151                                    8.9520097142865318e-01
152                                    6.5854877659847677e-01
153                                    8.5647466719910581e-01
154                                    8.6734019503520332e-01
155                                    6.3723131412772804e-01
156                                    8.5058008886583352e+00
157                                    8.9016491965166056e-01
158                                    6.4352608352604379e-01
   &ZA [&Type "ArrayOfDoubles", &Dim (159,1)] "Total nuclear charge"
                                                         0

0                                      1.4000000000000000e+01
1                                      1.4000000000000000e+01
2                                      8.0000000000000000e+00
3                                      8.0000000000000000e+00
4                                      8.0000000000000000e+00
5                                      8.0000000000000000e+00
6                                      8.0000000000000000e+00
7                                      1.4000000000000000e+01
8                                      1.4000000000000000e+01
9                                      8.0000000000000000e+00
10                                     8.0000000000000000e+00
11                                     8.0000000000000000e+00
12                                     8.0000000000000000e+00
13                                     8.0000000000000000e+00
14                                     1.4000000000000000e+01
15                                     1.4000000000000000e+01
16                                     1.4000000000000000e+01
17                                     1.4000000000000000e+01
18                                     8.0000000000000000e+00
19                                     8.0000000000000000e+00
20                                     8.0000000000000000e+00
21                                     8.0000000000000000e+00
22                                     8.0000000000000000e+00
23                                     8.0000000000000000e+00
24                                     8.0000000000000000e+00
25                                     8.0000000000000000e+00
26                                     8.0000000000000000e+00
27                                     8.0000000000000000e+00
28                                     1.4000000000000000e+01
29                                     1.4000000000000000e+01
30                                     8.0000000000000000e+00
31                                     8.0000000000000000e+00
32                                     8.0000000000000000e+00
33                                     8.0000000000000000e+00
34                                     8.0000000000000000e+00
35                                     8.0000000000000000e+00
36                                     1.4000000000000000e+01
37                                     1.4000000000000000e+01
38                                     8.0000000000000000e+00
39                                     8.0000000000000000e+00
40                                     8.0000000000000000e+00
41                                     8.0000000000000000e+00
42                                     8.0000000000000000e+00
43                                     1.4000000000000000e+01
44                                     1.4000000000000000e+01
45                                     1.4000000000000000e+01
46                                     1.4000000000000000e+01
47                                     8.0000000000000000e+00
48                                     8.0000000000000000e+00
49                                     8.0000000000000000e+00
50                                     8.0000000000000000e+00
51                                     8.0000000000000000e+00
52                                     8.0000000000000000e+00
53                                     8.0000000000000000e+00
54                                     8.0000000000000000e+00
55                                     8.0000000000000000e+00
56                                     8.0000000000000000e+00
57                                     1.4000000000000000e+01
58                                     1.4000000000000000e+01
59                                     8.0000000000000000e+00
60                                     8.0000000000000000e+00
61                                     8.0000000000000000e+00
62                                     8.0000000000000000e+00
63                                     8.0000000000000000e+00
64                                     8.0000000000000000e+00
65                                     1.4000000000000000e+01
66                                     8.0000000000000000e+00
67                                     8.0000000000000000e+00
68                                     8.0000000000000000e+00
69                                     1.4000000000000000e+01
70                                     1.4000000000000000e+01
71                                     1.4000000000000000e+01
72                                     1.4000000000000000e+01
73                                     8.0000000000000000e+00
74                                     8.0000000000000000e+00
75                                     8.0000000000000000e+00
76                                     8.0000000000000000e+00
77                                     8.0000000000000000e+00
78                                     8.0000000000000000e+00
79                                     8.0000000000000000e+00
80                                     8.0000000000000000e+00
81                                     8.0000000000000000e+00
82                                     8.0000000000000000e+00
83                                     1.4000000000000000e+01
84                                     8.0000000000000000e+00
85                                     8.0000000000000000e+00
86                                     8.0000000000000000e+00
87                                     8.0000000000000000e+00
88                                     8.0000000000000000e+00
89                                     8.0000000000000000e+00
90                                     1.0000000000000000e+00
91                                     1.0000000000000000e+00
92                                     1.0000000000000000e+00
93                                     1.0000000000000000e+00
94                                     1.0000000000000000e+00
95                                     1.0000000000000000e+00
96                                     1.0000000000000000e+00
97                                     1.0000000000000000e+00
98                                     1.0000000000000000e+00
99                                     1.0000000000000000e+00
100                                    1.0000000000000000e+00
101                                    1.0000000000000000e+00
102                                    1.0000000000000000e+00
103                                    1.0000000000000000e+00
104                                    1.0000000000000000e+00
105                                    1.0000000000000000e+00
106                                    1.0000000000000000e+00
107                                    1.0000000000000000e+00
108                                    1.0000000000000000e+00
109                                    1.0000000000000000e+00
110                                    1.0000000000000000e+00
111                                    1.0000000000000000e+00
112                                    1.0000000000000000e+00
113                                    1.0000000000000000e+00
114                                    1.0000000000000000e+00
115                                    1.0000000000000000e+00
116                                    1.0000000000000000e+00
117                                    1.0000000000000000e+00
118                                    1.0000000000000000e+00
119                                    1.0000000000000000e+00
120                                    1.0000000000000000e+00
121                                    1.0000000000000000e+00
122                                    1.0000000000000000e+00
123                                    1.0000000000000000e+00
124                                    1.0000000000000000e+00
125                                    1.0000000000000000e+00
126                                    7.0000000000000000e+00
127                                    6.0000000000000000e+00
128                                    7.0000000000000000e+00
129                                    6.0000000000000000e+00
130                                    6.0000000000000000e+00
131                                    6.0000000000000000e+00
132                                    8.0000000000000000e+00
133                                    8.0000000000000000e+00
134                                    6.0000000000000000e+00
135                                    6.0000000000000000e+00
136                                    6.0000000000000000e+00
137                                    6.0000000000000000e+00
138                                    8.0000000000000000e+00
139                                    8.0000000000000000e+00
140                                    6.0000000000000000e+00
141                                    8.0000000000000000e+00
142                                    1.5000000000000000e+01
143                                    8.0000000000000000e+00
144                                    8.0000000000000000e+00
145                                    8.0000000000000000e+00
146                                    1.0000000000000000e+00
147                                    1.0000000000000000e+00
148                                    1.0000000000000000e+00
149                                    1.0000000000000000e+00
150                                    1.0000000000000000e+00
151                                    1.0000000000000000e+00
152                                    1.0000000000000000e+00
153                                    1.0000000000000000e+00
154                                    1.0000000000000000e+00
155                                    1.0000000000000000e+00
156                                    8.0000000000000000e+00
157                                    1.0000000000000000e+00
158                                    1.0000000000000000e+00
   &QA [&Type "ArrayOfDoubles", &Dim (159,1)] "Mulliken gross atomic charge"
                                                         0

0                                      7.1169852693806490e-01
1                                      7.1452571998209891e-01
2                                     -5.8237591010373002e-01
3                                     -5.8608709817873361e-01
4                                     -3.2754728953800338e-01
5                                     -5.7671734296822486e-01
6                                     -5.7658545304244058e-01
7                                      7.0804389628931474e-01
8                                      6.9801394735408095e-01
9                                     -5.8519780638673780e-01
10                                    -3.2307014450979565e-01
11                                    -5.8498449409205477e-01
12                                    -5.6990285046321176e-01
13                                    -5.7618155662798465e-01
14                                     6.8781420621628087e-01
15                                     6.2422417392455287e-01
16                                     7.1707595224925669e-01
17                                     4.9546448387418174e-01
18                                    -3.4252496174397606e-01
19                                    -3.2955268280790051e-01
20                                    -2.3324478012853511e-01
21                                    -2.6983965164467705e-01
22                                    -3.2592881039620636e-01
23                                    -1.6687506208678826e-01
24                                    -5.7940276866096241e-01
25                                    -5.9298899830232799e-01
26                                    -7.2948150347993845e-01
27                                    -5.6370892868140210e-01
28                                     7.1979002678401116e-01
29                                     7.1920752724341064e-01
30                                    -5.8451071542798338e-01
31                                    -3.3327562412468659e-01
32                                    -3.4085239510077514e-01
33                                    -5.8547070220510378e-01
34                                    -5.7930725143754636e-01
35                                    -5.7342841632183195e-01
36                                     6.4903759406885797e-01
37                                     7.0261613590870020e-01
38                                    -3.0338779605496669e-01
39                                    -3.1827567654614874e-01
40                                    -5.8109145492063163e-01
41                                    -5.8090936776915747e-01
42                                    -5.7438180737988631e-01
43                                     6.2127936751917190e-01
44                                     6.8037312775955883e-01
45                                     6.4796280512723925e-01
46                                     6.1720056791276789e-01
47                                    -2.4278555604083252e-01
48                                    -4.4093124370680670e-01
49                                    -3.4480810776726756e-01
50                                    -2.6398776050751138e-01
51                                    -2.1885227086863424e-01
52                                    -2.9642023307395249e-01
53                                    -6.0297241546114222e-01
54                                    -5.9279173378410555e-01
55                                    -5.7906742648678389e-01
56                                    -5.8735293165644720e-01
57                                     6.7821626346965047e-01
58                                     7.1830627273395820e-01
59                                    -3.3135038119730531e-01
60                                    -3.4059340493513979e-01
61                                    -2.6574815730257839e-01
62                                    -5.8362494058306780e-01
63                                    -5.7524355219447543e-01
64                                    -5.7592044773371498e-01
65                                     7.0192363194061258e-01
66                                    -3.1807510789873916e-01
67                                    -5.8382018747604825e-01
68                                    -5.7407706789131829e-01
69                                     6.5888348730578272e-01
70                                     6.7391756458351182e-01
71                                     7.1096277709891353e-01
72                                     6.9639128366483583e-01
73                                    -2.1764552691933936e-01
74                                    -2.4930478611704032e-01
75                                    -3.3298378049728328e-01
76                                    -3.0536082200208980e-01
77                                    -3.2606535959544125e-01
78                                    -3.2276368928574151e-01
79                                    -5.8303612902888347e-01
80                                    -5.7428398266424630e-01
81                                    -5.7688499673100324e-01
82                                    -5.7544547014504133e-01
83                                     7.1582784366076879e-01
84                                    -3.2763572070859226e-01
85                                    -5.8051018349599381e-01
86                                    -3.3215443469540773e-01
87                                    -5.7318688809449370e-01
88                                    -5.7841621787092201e-01
89                                    -5.7654614722317810e-01
90                                     3.8455123342667263e-01
91                                     3.8677131913044493e-01
92                                     3.8172890545873828e-01
93                                     3.8546734618520606e-01
94                                     3.8745008239007450e-01
95                                     3.8510212268466770e-01
96                                     3.8421080674673547e-01
97                                     3.8678345220266164e-01
98                                     3.8815134323127620e-01
99                                     3.8385269324290849e-01
100                                    3.8453302340177731e-01
101                                    3.8535426834769138e-01
102                                    3.7024565968504253e-01
103                                    3.6824012751008139e-01
104                                    3.3031089444315032e-01
105                                    3.5060901934927147e-01
106                                    3.5614164726255548e-01
107                                    3.6286013474065903e-01
108                                    3.6870878519316241e-01
109                                    3.6455640900256203e-01
110                                    3.6458297195526645e-01
111                                    3.6636192352682206e-01
112                                    3.6228851138551210e-01
113                                    3.6404549502823502e-01
114                                    3.6898576423937068e-01
115                                    3.6193007061432447e-01
116                                    3.6252950117134253e-01
117                                    3.6471694892110840e-01
118                                    3.6065950219250209e-01
119                                    3.6333627786915090e-01
120                                    3.6671715272689098e-01
121                                    3.6210803625407983e-01
122                                    3.6396238636728906e-01
123                                    3.6801962326925897e-01
124                                    3.6460589008966693e-01
125                                    3.6436617265455928e-01
126                                    8.3066626595082127e-02
127                                    3.5915944072243988e-01
128                                   -1.9170611130382831e-01
129                                    2.4121595734012580e-01
130                                   -2.1856926168162438e-01
131                                   -1.2387500039284660e-01
132                                   -4.9477487250840113e-01
133                                   -4.2125237422991368e-01
134                                   -2.1930696232326241e-02
135                                    2.7729281237759196e-02
136                                    1.6072472304733498e-01
137                                    1.0193296737920754e-01
138                                   -4.9293547798888326e-01
139                                   -3.2802761437146977e-01
140                                   -1.2492319797818663e-01
141                                   -2.9992307736972457e-01
142                                    7.8681737259091378e-01
143                                   -6.1365456143005481e-01
144                                   -4.9998017119744631e-01
145                                   -4.0633571884442077e-01
146                                    2.7766205850933734e-01
147                                    1.6254459849780134e-01
148                                    2.4292405338338441e-01
149                                    1.5440973862911911e-01
150                                    1.2812281108219148e-01
151                                    1.0479902857134682e-01
152                                    3.4145122340152323e-01
153                                    1.4352533280089419e-01
154                                    1.3265980496479668e-01
155                                    3.6276868587227196e-01
156                                   -5.0580088865833517e-01
157                                    1.0983508034833944e-01
158                                    3.5647391647395621e-01
   &VA [&Type "ArrayOfDoubles", &Dim (159,1)] "Mayer's total valence"
                                                         0

0                                      4.9601253240216732e+00
1                                      4.9523206230718380e+00
2                                      2.0695236807055259e+00
3                                      2.0608605011950107e+00
4                                      2.2698004698212575e+00
5                                      1.9974545283775758e+00
6                                      1.9955414328688068e+00
7                                      4.9665537249717850e+00
8                                      4.9634873398702695e+00
9                                      2.0681925023182863e+00
10                                     2.2746783197225762e+00
11                                     2.0654272304420846e+00
12                                     2.0074283587686068e+00
13                                     1.9999922565107440e+00
14                                     4.8897862750314616e+00
15                                     4.9796496944429443e+00
16                                     4.9725309168541187e+00
17                                     5.0497062297282085e+00
18                                     2.2880158537985977e+00
19                                     2.3017792262882519e+00
20                                     2.2700744370814814e+00
21                                     2.3209255314990651e+00
22                                     2.2960049608140931e+00
23                                     2.2054950867415517e+00
24                                     2.0283180968188592e+00
25                                     1.9987531301041894e+00
26                                     1.9211675811893656e+00
27                                     2.0641495485227264e+00
28                                     4.9425770270633542e+00
29                                     4.9512055281266321e+00
30                                     2.0643058999742827e+00
31                                     2.2675949425399393e+00
32                                     2.2710804326707699e+00
33                                     2.0696213669067696e+00
34                                     1.9915620662670523e+00
35                                     2.0005566444716241e+00
36                                     4.9029052031592357e+00
37                                     4.9696214967439793e+00
38                                     2.3004696532803397e+00
39                                     2.2987399433821336e+00
40                                     2.0771545409004837e+00
41                                     2.0403592729935998e+00
42                                     2.0021682255137794e+00
43                                     4.9343779963253418e+00
44                                     4.9203620985512213e+00
45                                     4.9344559898437126e+00
46                                     4.9076609765393240e+00
47                                     2.3113199134030529e+00
48                                     2.1506712560101811e+00
49                                     2.3114049994179764e+00
50                                     2.3143115951199320e+00
51                                     2.3343685855741363e+00
52                                     2.3221006312438757e+00
53                                     2.0493506933137251e+00
54                                     1.9950255404745469e+00
55                                     2.0278303615276858e+00
56                                     2.0508145792899253e+00
57                                     4.9097943614910484e+00
58                                     4.9484302805884646e+00
59                                     2.2957764432428371e+00
60                                     2.2823198435430108e+00
61                                     2.3470993780116016e+00
62                                     2.0663492083539552e+00
63                                     2.0205610238846905e+00
64                                     1.9967800684983530e+00
65                                     4.9644737171746840e+00
66                                     2.2675206369312466e+00
67                                     2.0667703600200191e+00
68                                     2.0030378643970952e+00
69                                     4.8847628393948064e+00
70                                     4.9219963046312003e+00
71                                     4.9525885288612432e+00
72                                     4.9729797686097790e+00
73                                     2.3394605776532060e+00
74                                     2.3470528754751649e+00
75                                     2.2810179929520329e+00
76                                     2.3116932087499418e+00
77                                     2.2912509781857615e+00
78                                     2.2778310326203020e+00
79                                     2.0459432307616670e+00
80                                     2.0276086795802417e+00
81                                     1.9963079992612531e+00
82                                     2.0020100586405700e+00
83                                     4.9551399839067081e+00
84                                     2.2666698963041734e+00
85                                     2.0749151846208846e+00
86                                     2.3009724768494406e+00
87                                     2.0010959578906924e+00
88                                     2.0794293873735921e+00
89                                     2.0737623331394701e+00
90                                     8.7024818848152585e-01
91                                     8.6808565539465199e-01
92                                     8.7239159635582553e-01
93                                     8.6883524433500758e-01
94                                     8.6775848421455226e-01
95                                     8.6953386301060565e-01
96                                     8.7035057172538322e-01
97                                     8.6806456934892207e-01
98                                     8.6756626381585411e-01
99                                     8.7033195597697277e-01
100                                    8.7017747722737637e-01
101                                    8.6892277670273599e-01
102                                    9.1272569467728626e-01
103                                    9.3525320807188250e-01
104                                    9.2939529928488573e-01
105                                    9.1967099883466186e-01
106                                    9.2271404426370318e-01
107                                    9.1735522875401643e-01
108                                    9.0649498721331911e-01
109                                    9.0922138581593059e-01
110                                    9.0822119899875353e-01
111                                    9.0861395531259426e-01
112                                    9.1067568961021139e-01
113                                    9.0822578988990954e-01
114                                    9.0683568504037948e-01
115                                    9.1021145257991876e-01
116                                    9.0877961373958083e-01
117                                    9.1046275433312129e-01
118                                    9.1430828392001950e-01
119                                    9.0909033771567005e-01
120                                    9.1019970125809513e-01
121                                    9.1459857628342789e-01
122                                    9.0894305519622676e-01
123                                    9.0613647868210345e-01
124                                    9.0889990599812276e-01
125                                    9.0803854372895898e-01
126                                    3.2484648972805257e+00
127                                    4.3046065647859253e+00
128                                    3.2184591377347394e+00
129                                    4.3798238764343163e+00
130                                    3.7412555642815599e+00
131                                    4.0037972200128662e+00
132                                    2.0061301233278659e+00
133                                    2.1023505112053087e+00
134                                    3.9176710583700385e+00
135                                    4.2023793188295926e+00
136                                    3.9923864708271912e+00
137                                    3.8278862636175357e+00
138                                    1.9894040610586430e+00
139                                    1.9890370941932938e+00
140                                    3.9596809623751525e+00
141                                    2.0416098415180493e+00
142                                    5.8326931515773381e+00
143                                    2.0255636742342027e+00
144                                    1.9741482945001945e+00
145                                    2.2426214476490980e+00
146                                    9.5062605396916022e-01
147                                    9.7888219558506728e-01
148                                    9.2465240528865422e-01
149                                    9.6765841170666711e-01
150                                    9.7076866643466431e-01
151                                    1.0066092967477291e+00
152                                    9.2263678758274859e-01
153                                    9.6320101384088341e-01
154                                    9.9429835334297922e-01
155                                    9.2050477392133523e-01
156                                    1.9239612892132225e+00
157                                    9.8658271651426266e-01
158                                    9.2509332955757628e-01
   &BVA [&Type "ArrayOfDoubles", &Dim (159,1)] "Mayer's bonded valence"
                                                         0

0                                      4.9601253240217194e+00
1                                      4.9523206230718522e+00
2                                      2.0695236807055402e+00
3                                      2.0608605011950694e+00
4                                      2.2698004698213143e+00
5                                      1.9974545283776024e+00
6                                      1.9955414328687908e+00
7                                      4.9665537249717513e+00
8                                      4.9634873398704098e+00
9                                      2.0681925023183219e+00
10                                     2.2746783197225895e+00
11                                     2.0654272304421415e+00
12                                     2.0074283587686228e+00
13                                     1.9999922565107511e+00
14                                     4.8897862750314882e+00
15                                     4.9796496944430118e+00
16                                     4.9725309168540957e+00
17                                     5.0497062297282955e+00
18                                     2.2880158537985880e+00
19                                     2.3017792262883141e+00
20                                     2.2700744370815240e+00
21                                     2.3209255314991051e+00
22                                     2.2960049608140789e+00
23                                     2.2054950867415695e+00
24                                     2.0283180968188610e+00
25                                     1.9987531301042480e+00
26                                     1.9211675811894473e+00
27                                     2.0641495485227797e+00
28                                     4.9425770270634377e+00
29                                     4.9512055281265912e+00
30                                     2.0643058999742756e+00
31                                     2.2675949425399313e+00
32                                     2.2710804326707938e+00
33                                     2.0696213669067909e+00
34                                     1.9915620662670310e+00
35                                     2.0005566444716454e+00
36                                     4.9029052031592002e+00
37                                     4.9696214967440753e+00
38                                     2.3004696532803495e+00
39                                     2.2987399433821789e+00
40                                     2.0771545409004730e+00
41                                     2.0403592729936175e+00
42                                     2.0021682255138415e+00
43                                     4.9343779963253915e+00
44                                     4.9203620985512160e+00
45                                     4.9344559898437872e+00
46                                     4.9076609765394732e+00
47                                     2.3113199134030689e+00
48                                     2.1506712560102343e+00
49                                     2.3114049994180776e+00
50                                     2.3143115951200226e+00
51                                     2.3343685855742011e+00
52                                     2.3221006312439068e+00
53                                     2.0493506933137091e+00
54                                     1.9950255404745700e+00
55                                     2.0278303615277604e+00
56                                     2.0508145792900070e+00
57                                     4.9097943614911355e+00
58                                     4.9484302805885232e+00
59                                     2.2957764432428496e+00
60                                     2.2823198435430623e+00
61                                     2.3470993780116602e+00
62                                     2.0663492083539872e+00
63                                     2.0205610238847065e+00
64                                     1.9967800684983921e+00
65                                     4.9644737171747106e+00
66                                     2.2675206369313052e+00
67                                     2.0667703600200298e+00
68                                     2.0030378643971289e+00
69                                     4.8847628393949289e+00
70                                     4.9219963046311559e+00
71                                     4.9525885288612717e+00
72                                     4.9729797686098323e+00
73                                     2.3394605776532842e+00
74                                     2.3470528754751960e+00
75                                     2.2810179929520382e+00
76                                     2.3116932087500111e+00
77                                     2.2912509781857988e+00
78                                     2.2778310326203455e+00
79                                     2.0459432307616403e+00
80                                     2.0276086795802843e+00
81                                     1.9963079992613082e+00
82                                     2.0020100586406073e+00
83                                     4.9551399839066512e+00
84                                     2.2666698963041663e+00
85                                     2.0749151846209060e+00
86                                     2.3009724768493998e+00
87                                     2.0010959578907190e+00
88                                     2.0794293873735974e+00
89                                     2.0737623331394772e+00
90                                     8.7024818848152929e-01
91                                     8.6808565539465965e-01
92                                     8.7239159635582375e-01
93                                     8.6883524433500681e-01
94                                     8.6775848421455193e-01
95                                     8.6953386301061131e-01
96                                     8.7035057172538288e-01
97                                     8.6806456934892728e-01
98                                     8.6756626381585811e-01
99                                     8.7033195597697788e-01
100                                    8.7017747722737693e-01
101                                    8.6892277670273754e-01
102                                    9.1272569467729192e-01
103                                    9.3525320807188861e-01
104                                    9.2939529928488707e-01
105                                    9.1967099883466719e-01
106                                    9.2271404426370107e-01
107                                    9.1735522875401643e-01
108                                    9.0649498721331956e-01
109                                    9.0922138581592749e-01
110                                    9.0822119899875531e-01
111                                    9.0861395531258804e-01
112                                    9.1067568961021517e-01
113                                    9.0822578988991554e-01
114                                    9.0683568504037937e-01
115                                    9.1021145257992242e-01
116                                    9.0877961373957838e-01
117                                    9.1046275433312962e-01
118                                    9.1430828392001839e-01
119                                    9.0909033771567116e-01
120                                    9.1019970125809546e-01
121                                    9.1459857628342889e-01
122                                    9.0894305519622631e-01
123                                    9.0613647868210878e-01
124                                    9.0889990599812065e-01
125                                    9.0803854372896586e-01
126                                    3.2484648972805950e+00
127                                    4.3046065647859546e+00
128                                    3.2184591377347278e+00
129                                    4.3798238764343358e+00
130                                    3.7412555642815897e+00
131                                    4.0037972200130110e+00
132                                    2.0061301233278712e+00
133                                    2.1023505112053726e+00
134                                    3.9176710583701730e+00
135                                    4.2023793188295411e+00
136                                    3.9923864708271513e+00
137                                    3.8278862636176028e+00
138                                    1.9894040610586217e+00
139                                    1.9890370941933391e+00
140                                    3.9596809623752938e+00
141                                    2.0416098415181549e+00
142                                    5.8326931515773950e+00
143                                    2.0255636742342986e+00
144                                    1.9741482945002691e+00
145                                    2.2426214476491779e+00
146                                    9.5062605396915822e-01
147                                    9.7888219558505463e-01
148                                    9.2465240528867387e-01
149                                    9.6765841170670686e-01
150                                    9.7076866643465021e-01
151                                    1.0066092967477269e+00
152                                    9.2263678758274537e-01
153                                    9.6320101384089740e-01
154                                    9.9429835334300531e-01
155                                    9.2050477392133612e-01
156                                    1.9239612892132509e+00
157                                    9.8658271651425045e-01
158                                    9.2509332955757895e-01
   &FA [&Type "ArrayOfDoubles", &Dim (159,1)] "Mayer's free valence"
                                                         0

0                                      0.0000000000000000e+00
1                                      0.0000000000000000e+00
2                                      0.0000000000000000e+00
3                                      0.0000000000000000e+00
4                                      0.0000000000000000e+00
5                                      0.0000000000000000e+00
6                                      0.0000000000000000e+00
7                                      0.0000000000000000e+00
8                                      0.0000000000000000e+00
9                                      0.0000000000000000e+00
10                                     0.0000000000000000e+00
11                                     0.0000000000000000e+00
12                                     0.0000000000000000e+00
13                                     0.0000000000000000e+00
14                                     0.0000000000000000e+00
15                                     0.0000000000000000e+00
16                                     0.0000000000000000e+00
17                                     0.0000000000000000e+00
18                                     0.0000000000000000e+00
19                                     0.0000000000000000e+00
20                                     0.0000000000000000e+00
21                                     0.0000000000000000e+00
22                                     0.0000000000000000e+00
23                                     0.0000000000000000e+00
24                                     0.0000000000000000e+00
25                                     0.0000000000000000e+00
26                                     0.0000000000000000e+00
27                                     0.0000000000000000e+00
28                                     0.0000000000000000e+00
29                                     0.0000000000000000e+00
30                                     0.0000000000000000e+00
31                                     0.0000000000000000e+00
32                                     0.0000000000000000e+00
33                                     0.0000000000000000e+00
34                                     0.0000000000000000e+00
35                                     0.0000000000000000e+00
36                                     0.0000000000000000e+00
37                                     0.0000000000000000e+00
38                                     0.0000000000000000e+00
39                                     0.0000000000000000e+00
40                                     0.0000000000000000e+00
41                                     0.0000000000000000e+00
42                                     0.0000000000000000e+00
43                                     0.0000000000000000e+00
44                                     0.0000000000000000e+00
45                                     0.0000000000000000e+00
46                                     0.0000000000000000e+00
47                                     0.0000000000000000e+00
48                                     0.0000000000000000e+00
49                                     0.0000000000000000e+00
50                                     0.0000000000000000e+00
51                                     0.0000000000000000e+00
52                                     0.0000000000000000e+00
53                                     0.0000000000000000e+00
54                                     0.0000000000000000e+00
55                                     0.0000000000000000e+00
56                                     0.0000000000000000e+00
57                                     0.0000000000000000e+00
58                                     0.0000000000000000e+00
59                                     0.0000000000000000e+00
60                                     0.0000000000000000e+00
61                                     0.0000000000000000e+00
62                                     0.0000000000000000e+00
63                                     0.0000000000000000e+00
64                                     0.0000000000000000e+00
65                                     0.0000000000000000e+00
66                                     0.0000000000000000e+00
67                                     0.0000000000000000e+00
68                                     0.0000000000000000e+00
69                                     0.0000000000000000e+00
70                                     0.0000000000000000e+00
71                                     0.0000000000000000e+00
72                                     0.0000000000000000e+00
73                                     0.0000000000000000e+00
74                                     0.0000000000000000e+00
75                                     0.0000000000000000e+00
76                                     0.0000000000000000e+00
77                                     0.0000000000000000e+00
78                                     0.0000000000000000e+00
79                                     0.0000000000000000e+00
80                                     0.0000000000000000e+00
81                                     0.0000000000000000e+00
82                                     0.0000000000000000e+00
83                                     0.0000000000000000e+00
84                                     0.0000000000000000e+00
85                                     0.0000000000000000e+00
86                                     0.0000000000000000e+00
87                                     0.0000000000000000e+00
88                                     0.0000000000000000e+00
89                                     0.0000000000000000e+00
90                                     0.0000000000000000e+00
91                                     0.0000000000000000e+00
92                                     0.0000000000000000e+00
93                                     0.0000000000000000e+00
94                                     0.0000000000000000e+00
95                                     0.0000000000000000e+00
96                                     0.0000000000000000e+00
97                                     0.0000000000000000e+00
98                                     0.0000000000000000e+00
99                                     0.0000000000000000e+00
100                                    0.0000000000000000e+00
101                                    0.0000000000000000e+00
102                                    0.0000000000000000e+00
103                                    0.0000000000000000e+00
104                                    0.0000000000000000e+00
105                                    0.0000000000000000e+00
106                                    0.0000000000000000e+00
107                                    0.0000000000000000e+00
108                                    0.0000000000000000e+00
109                                    0.0000000000000000e+00
110                                    0.0000000000000000e+00
111                                    0.0000000000000000e+00
112                                    0.0000000000000000e+00
113                                    0.0000000000000000e+00
114                                    0.0000000000000000e+00
115                                    0.0000000000000000e+00
116                                    0.0000000000000000e+00
117                                    0.0000000000000000e+00
118                                    0.0000000000000000e+00
119                                    0.0000000000000000e+00
120                                    0.0000000000000000e+00
121                                    0.0000000000000000e+00
122                                    0.0000000000000000e+00
123                                    0.0000000000000000e+00
124                                    0.0000000000000000e+00
125                                    0.0000000000000000e+00
126                                    0.0000000000000000e+00
127                                    0.0000000000000000e+00
128                                    0.0000000000000000e+00
129                                    0.0000000000000000e+00
130                                    0.0000000000000000e+00
131                                    0.0000000000000000e+00
132                                    0.0000000000000000e+00
133                                    0.0000000000000000e+00
134                                    0.0000000000000000e+00
135                                    0.0000000000000000e+00
136                                    0.0000000000000000e+00
137                                    0.0000000000000000e+00
138                                    0.0000000000000000e+00
139                                    0.0000000000000000e+00
140                                    0.0000000000000000e+00
141                                    0.0000000000000000e+00
142                                    0.0000000000000000e+00
143                                    0.0000000000000000e+00
144                                    0.0000000000000000e+00
145                                    0.0000000000000000e+00
146                                    0.0000000000000000e+00
147                                    0.0000000000000000e+00
148                                    0.0000000000000000e+00
149                                    0.0000000000000000e+00
150                                    0.0000000000000000e+00
151                                    0.0000000000000000e+00
152                                    0.0000000000000000e+00
153                                    0.0000000000000000e+00
154                                    0.0000000000000000e+00
155                                    0.0000000000000000e+00
156                                    0.0000000000000000e+00
157                                    0.0000000000000000e+00
158                                    0.0000000000000000e+00
   &Method [&Type "String"] "SCF"
   &Level [&Type "String"] "Relaxed density"
   &Mult [&Type "Integer"] 1
   &State [&Type "Integer"] -1
   &Irrep [&Type "Integer"] 0
$End
$SCF_Energy
   &GeometryIndex 1
   &Method [&Type "String"] "SCF"
   &totalEnergy [&Type "ArrayOfDoubles", &Dim (1,1)] "Total energy of each state"
                                                         0

0                                     -1.3411780514290254e+04
   &Mult [&Type "ArrayOfIntegers", &Dim (1,1)] "Multiplicity of each state"
                                                         0

0                                                        1
$End
$DFT_Energy
   &GeometryIndex 1
   &nAlphaEl [&Type "Integer"] 534
   &nBetaEl [&Type "Integer"] 534
   &nTotalEl [&Type "Integer"] 1068
   &finalEn [&Type "Double"]      -1.3411780514290254e+04  "No Van der Waals correction"
   &eExchange [&Type "Double"]      -9.0695331099425107e+02
   &eCorr [&Type "Double"]      -3.8259324803528955e+01
   &eXC [&Type "Double"]      -9.4521263579777997e+02
   &eCNL [&Type "Double"]       0.0000000000000000e+00
$End
$Solvation_Details
   &GeometryIndex 1
   &Solvent [&Type "String"] "WATER"
   &Epsilon [&Type "Double"]       8.0150999999999996e+01
   &Refrac [&Type "Double"]       1.3328000000000000e+00
   &RSolv [&Type "Double"]       1.3000000000000000e+00
   &SurfaceType [&Type "String"] "GAUSSIAN VDW"
   &CPCMDielEnergy [&Type "Double"]      -2.2063832899999999e-01
   &NPoints [&Type "Integer"] 13227
   &SurfaceArea [&Type "Double"]       4.9586848449010004e+03
$End
$SCF_Timings
   &GeometryIndex 1
   &TOTAL [&Type "Double"]       1.8071237300000000e+03
   &PREP [&Type "Double"]       1.3915109000000001e+01
   &FOCK [&Type "Double"]       1.5753986499999999e+03
   &DENS [&Type "Double"]       1.5654476999999588e+01
   &ETOT [&Type "Double"]       4.7134319999997558e+00
   &POP [&Type "Double"]       6.4606320000000323e+00
   &TRAFO [&Type "Double"]       1.9345960999999875e+01
   &DIIS [&Type "Double"]       9.5168828000000218e+01
   &SOSCF [&Type "Double"]       4.0942606999999953e+01
   &XC [&Type "Double"]       7.5460348000000096e+01
   &FOCKSTART [&Type "Double"]       2.2403490000000854e+00
   &SOLV [&Type "Double"]       2.5111717900000019e+02
   &SOLV_INIT [&Type "Double"]       1.1169875000000001e+01
   &INT_PREP [&Type "Double"]       1.9999998812636477e-06
   &INT_BF [&Type "Double"]       1.3237908999998695e+01
   &INT_DENS [&Type "Double"]       2.7771277000007018e+01
   &INT_DENSIO [&Type "Double"]       1.8704172420008045e+07
   &INT_FUNC [&Type "Double"]       5.5569599997861019e-01
   &INT_POT [&Type "Double"]       1.5250861000002971e+01
   &INT_POTIO [&Type "Double"]       1.0872299999411439e-01
   &INT_SUM [&Type "Double"]       8.5690000000028022e-02
   &SPLITRIJ [&Type "Double"]       1.9850471599999989e+02
   &COSX [&Type "Double"]       1.0963911759999992e+03
$End
$VdW_Correction
   &GeometryIndex 1
   &vdW [&Type "Double"]      -2.7187604742579852e-01
$End
$Single_Point_Data
   &GeometryIndex 1
   &FinalEnergy [&Type "Double"]      -1.3412052390337680e+04  "Final single point energy"
   &Converged [&Type "Boolean"] true
$End
