*************************************************
******************* ORCA 6.1.0 ******************
*************************************************
$Calculation_Status
   &GeometryIndex 45
   &version [&Type "String"] "6.1.0"
   &progName [&Type "String"] "LeanSCF"
   &Status [&Type "String"] "NORMAL TERMINATION"
$End
$Geometry
   &GeometryIndex 1
   &NAtoms [&Type "Integer"] 33
   &NCorelessECP [&Type "Integer"] 0
   &NGhostAtoms [&Type "Integer"] 0
   &CartesianCoordinates [&Type "Coordinates", &Dim(33,4), &Units "Bohr"] 
              N     -4.648726289446    0.296687003026   -0.425188380132
              C     -6.629159277796   -0.130391103241   -1.961535727010
              N     -8.554790208262   -1.625164475172   -1.228321987049
              C     -8.522664863985   -2.723095358981    1.071474717933
              C     -6.449635295073   -2.288458348179    2.706087823775
              C     -4.546681078215   -0.782346619443    1.923741204332
              O     -6.682071609546    0.846597307997   -4.040234474324
              O    -10.263102633326   -4.074249544734    1.736658317074
              C     -2.577586446669    1.921851478198   -1.279344592665
              C     -2.454754247964    4.318024216010    0.372276048382
              C      0.239995219008    4.267001610394    1.508001454869
              C      1.659179545583    2.507666579714   -0.353378787043
              O      1.328477472147    6.738763393563    1.517450085539
              O     -0.207869874731    0.625499350328   -0.997775398710
              C      3.936299536958    1.281234318799    0.939193888559
              O      5.334696876060   -0.154957542982   -0.871163747738
              P      7.855591538711   -1.702643246663   -0.166295899785
              O      9.705633423820    0.020786987473    1.028011016853
              O      7.162062047562   -3.945748167628    1.768783661350
              O      9.059347086018   -2.885611806498   -2.698528919240
              H     -9.968305356435   -1.912402847528   -2.358378215134
              H     -6.392943511056   -3.152063191381    4.554239982750
              H     -2.949862495051   -0.430857558534    3.144504286845
              H     -2.864824819025    2.445305617294   -3.250328950345
              H      0.222987683803    3.467647455745    3.407176219460
              H      2.246884373232    3.548905679504   -2.029565867831
              H      0.406291118793    7.953857297675    2.522784388785
              H      5.145724262668    2.747661798721    1.734768590940
              H      3.284344020755    0.037794522678    2.445305617294
              H      5.956416774120   -5.149503714935    1.109269240612
              O     -1.920774334302    6.768621066479   -0.442347093428
              H     -3.934164146427    4.941936196385    1.601335028624
              H     -3.294057213083    7.914777761225    0.096508313659
$End
$SCF_Mulliken_Population_Analysis
   &GeometryIndex 1
   &NAtoms [&Type "Integer"] 33
   &ATNO [&Type "ArrayOfIntegers", &Dim (33,1)] 
                                                         0

0                                                        7
1                                                        6
2                                                        7
3                                                        6
4                                                        6
5                                                        6
6                                                        8
7                                                        8
8                                                        6
9                                                        6
10                                                       6
11                                                       6
12                                                       8
13                                                       8
14                                                       6
15                                                       8
16                                                      15
17                                                       8
18                                                       8
19                                                       8
20                                                       1
21                                                       1
22                                                       1
23                                                       1
24                                                       1
25                                                       1
26                                                       1
27                                                       1
28                                                       1
29                                                       1
30                                                       8
31                                                       1
32                                                       1
   &AtomicCharges [&Type "ArrayOfDoubles", &Dim (33,1)] 
                                                         0

0                                      3.4502540736415455e-02
1                                      3.1009244726818341e-01
2                                     -1.6155354398141775e-01
3                                      2.5684504262363106e-01
4                                     -2.5088632895498719e-01
5                                     -7.7984525043926389e-02
6                                     -4.6086412668366350e-01
7                                     -4.4825012301737743e-01
8                                      1.9694972877674388e-01
9                                     -1.4624876208983650e-01
10                                     7.5409712114522520e-02
11                                     1.0914696927664380e-01
12                                    -4.7045794259583751e-01
13                                    -3.0993501290547876e-01
14                                    -8.8511919190048083e-02
15                                    -3.2502737401116910e-01
16                                     7.8545276057090163e-01
17                                    -6.9832211842110148e-01
18                                    -5.1684919215496095e-01
19                                    -8.0916438905919819e-01
20                                     2.7074755300203179e-01
21                                     1.8172751965281875e-01
22                                     1.9447927244256258e-01
23                                     1.3100715102110549e-01
24                                     9.8849476745929032e-02
25                                     9.5092636434404909e-02
26                                     3.4232664495131937e-01
27                                     1.2632444618697170e-01
28                                     1.3385201933970314e-01
29                                     3.7516101073453090e-01
30                                    -4.6533174340873273e-01
31                                     1.5708071408190016e-01
32                                     3.5433945555785418e-01
   &Method [&Type "String"] "SCF"
   &Level [&Type "String"] "Relaxed density"
   &Mult [&Type "Integer"] 1
   &State [&Type "Integer"] -1
   &Irrep [&Type "Integer"] 0
$End
$SCF_Loewdin_Population_Analysis
   &GeometryIndex 1
   &NAtoms [&Type "Integer"] 33
   &ATNO [&Type "ArrayOfIntegers", &Dim (33,1)] 
                                                         0

0                                                        7
1                                                        6
2                                                        7
3                                                        6
4                                                        6
5                                                        6
6                                                        8
7                                                        8
8                                                        6
9                                                        6
10                                                       6
11                                                       6
12                                                       8
13                                                       8
14                                                       6
15                                                       8
16                                                      15
17                                                       8
18                                                       8
19                                                       8
20                                                       1
21                                                       1
22                                                       1
23                                                       1
24                                                       1
25                                                       1
26                                                       1
27                                                       1
28                                                       1
29                                                       1
30                                                       8
31                                                       1
32                                                       1
   &AtomicCharges [&Type "ArrayOfDoubles", &Dim (33,1)] 
                                                         0

0                                      2.8086990622164798e-01
1                                     -4.9057945318880503e-01
2                                      2.6782087328131077e-01
3                                     -4.6034195167260261e-01
4                                     -1.4607302249942489e-01
5                                     -1.1276592574055400e-01
6                                      2.3250688494277583e-02
7                                      2.1890607223281400e-02
8                                     -2.5038231615448403e-01
9                                     -3.1436246172183857e-01
10                                    -3.0758178927185931e-01
11                                    -2.6892271594040817e-01
12                                    -3.0887443117292079e-02
13                                     1.8747711687020541e-01
14                                    -2.9940572214468730e-01
15                                     3.3070673490185776e-02
16                                    -3.0738052584272424e-02
17                                    -4.0007459932991196e-01
18                                    -1.5992472023769899e-01
19                                    -5.6385335918681356e-01
20                                     2.0929511775121534e-01
21                                     1.6882104606066950e-01
22                                     1.7098881207293348e-01
23                                     1.6052768063469613e-01
24                                     1.4243448958941352e-01
25                                     1.5095739350912496e-01
26                                     1.8546286663628986e-01
27                                     1.3484888202904832e-01
28                                     1.3351583173088055e-01
29                                     1.9246145216880850e-01
30                                     2.1578244362792098e-02
31                                     1.5309946433323707e-01
32                                     1.9752238633106112e-01
   &Method [&Type "String"] "SCF"
   &Level [&Type "String"] "Relaxed density"
   &Mult [&Type "Integer"] 1
   &State [&Type "Integer"] -1
   &Irrep [&Type "Integer"] 0
$End
$SCF_Mayer_Population_Analysis
   &GeometryIndex 1
   &NAtoms [&Type "Integer"] 33 "Total number of atoms"
   &NBondOrdersPrint [&Type "Integer"] 34 "The number of bond orders larger than threshold"
   &bondThresh [&Type "Double"]       1.0000000000000001e-01  "The threshold for printing"
   &components [&Type "ArrayOfIntegers", &Dim (34,4)] "The indices and atomic numbers of the bonding atoms"
                                                         0                           1                           2                           3

0                                                        0                           7                           1                           6
1                                                        0                           7                           5                           6
2                                                        0                           7                           8                           6
3                                                        1                           6                           2                           7
4                                                        1                           6                           6                           8
5                                                        2                           7                           3                           6
6                                                        2                           7                          20                           1
7                                                        3                           6                           4                           6
8                                                        3                           6                           7                           8
9                                                        4                           6                           5                           6
10                                                       4                           6                          21                           1
11                                                       5                           6                          22                           1
12                                                       8                           6                           9                           6
13                                                       8                           6                          13                           8
14                                                       8                           6                          23                           1
15                                                       9                           6                          10                           6
16                                                       9                           6                          30                           8
17                                                       9                           6                          31                           1
18                                                      10                           6                          11                           6
19                                                      10                           6                          12                           8
20                                                      10                           6                          24                           1
21                                                      11                           6                          13                           8
22                                                      11                           6                          14                           6
23                                                      11                           6                          25                           1
24                                                      12                           8                          26                           1
25                                                      14                           6                          15                           8
26                                                      14                           6                          27                           1
27                                                      14                           6                          28                           1
28                                                      15                           8                          16                          15
29                                                      16                          15                          17                           8
30                                                      16                          15                          18                           8
31                                                      16                          15                          19                           8
32                                                      18                           8                          29                           1
33                                                      30                           8                          32                           1
   &BondOrders [&Type "ArrayOfDoubles", &Dim (34,1)] "The bond orders"
                                                         0

0                                      1.1575705480632958e+00
1                                      1.1399702333064208e+00
2                                      9.0304783292073854e-01
3                                      1.2129749329084998e+00
4                                      1.9413515055039692e+00
5                                      1.1520680124701430e+00
6                                      8.7266780468709126e-01
7                                      1.1384129189909149e+00
8                                      1.9797781050544532e+00
9                                      1.6544472967895882e+00
10                                     9.5008510967121274e-01
11                                     9.3666656066010412e-01
12                                     9.1354829557683737e-01
13                                     1.0600167216292622e+00
14                                     9.0557615985411932e-01
15                                     9.2616599470471317e-01
16                                     1.1541715602192206e+00
17                                     1.0076855022055655e+00
18                                     9.6339591225683596e-01
19                                     1.1308888663326273e+00
20                                     9.6370258799535680e-01
21                                     9.6220701102860695e-01
22                                     9.7619707417363821e-01
23                                     9.2684213833192353e-01
24                                     8.5970077454819660e-01
25                                     9.3074924187902974e-01
26                                     9.5619019783444781e-01
27                                     9.4989468247892450e-01
28                                     1.0865279751358008e+00
29                                     1.8705575745504202e+00
30                                     1.1192157529978699e+00
31                                     1.7648549937369498e+00
32                                     8.3891425270115905e-01
33                                     8.6303393143969664e-01
   &ATNO [&Type "ArrayOfIntegers", &Dim (33,1)] "Atomic number of the elements"
                                                         0

0                                                        7
1                                                        6
2                                                        7
3                                                        6
4                                                        6
5                                                        6
6                                                        8
7                                                        8
8                                                        6
9                                                        6
10                                                       6
11                                                       6
12                                                       8
13                                                       8
14                                                       6
15                                                       8
16                                                      15
17                                                       8
18                                                       8
19                                                       8
20                                                       1
21                                                       1
22                                                       1
23                                                       1
24                                                       1
25                                                       1
26                                                       1
27                                                       1
28                                                       1
29                                                       1
30                                                       8
31                                                       1
32                                                       1
   &NA [&Type "ArrayOfDoubles", &Dim (33,1)] "Mulliken gross atomic population"
                                                         0

0                                      6.9654974592635908e+00
1                                      5.6899075527318210e+00
2                                      7.1615535439814186e+00
3                                      5.7431549573763672e+00
4                                      6.2508863289549819e+00
5                                      6.0779845250439219e+00
6                                      8.4608641266836599e+00
7                                      8.4482501230173845e+00
8                                      5.8030502712232606e+00
9                                      6.1462487620898489e+00
10                                     5.9245902878854793e+00
11                                     5.8908530307233553e+00
12                                     8.4704579425958322e+00
13                                     8.3099350129054699e+00
14                                     6.0885119191900516e+00
15                                     8.3250273740111744e+00
16                                     1.4214547239429097e+01
17                                     8.6983221184210979e+00
18                                     8.5168491921549716e+00
19                                     8.8091643890592000e+00
20                                     7.2925244699796798e-01
21                                     8.1827248034718125e-01
22                                     8.0552072755743764e-01
23                                     8.6899284897889373e-01
24                                     9.0115052325407063e-01
25                                     9.0490736356559542e-01
26                                     6.5767335504868052e-01
27                                     8.7367555381302842e-01
28                                     8.6614798066029686e-01
29                                     6.2483898926546888e-01
30                                     8.4653317434087327e+00
31                                     8.4291928591809961e-01
32                                     6.4566054444214582e-01
   &ZA [&Type "ArrayOfDoubles", &Dim (33,1)] "Total nuclear charge"
                                                         0

0                                      7.0000000000000000e+00
1                                      6.0000000000000000e+00
2                                      7.0000000000000000e+00
3                                      6.0000000000000000e+00
4                                      6.0000000000000000e+00
5                                      6.0000000000000000e+00
6                                      8.0000000000000000e+00
7                                      8.0000000000000000e+00
8                                      6.0000000000000000e+00
9                                      6.0000000000000000e+00
10                                     6.0000000000000000e+00
11                                     6.0000000000000000e+00
12                                     8.0000000000000000e+00
13                                     8.0000000000000000e+00
14                                     6.0000000000000000e+00
15                                     8.0000000000000000e+00
16                                     1.5000000000000000e+01
17                                     8.0000000000000000e+00
18                                     8.0000000000000000e+00
19                                     8.0000000000000000e+00
20                                     1.0000000000000000e+00
21                                     1.0000000000000000e+00
22                                     1.0000000000000000e+00
23                                     1.0000000000000000e+00
24                                     1.0000000000000000e+00
25                                     1.0000000000000000e+00
26                                     1.0000000000000000e+00
27                                     1.0000000000000000e+00
28                                     1.0000000000000000e+00
29                                     1.0000000000000000e+00
30                                     8.0000000000000000e+00
31                                     1.0000000000000000e+00
32                                     1.0000000000000000e+00
   &QA [&Type "ArrayOfDoubles", &Dim (33,1)] "Mulliken gross atomic charge"
                                                         0

0                                      3.4502540736409237e-02
1                                      3.1009244726817897e-01
2                                     -1.6155354398141863e-01
3                                      2.5684504262363284e-01
4                                     -2.5088632895498186e-01
5                                     -7.7984525043921948e-02
6                                     -4.6086412668365995e-01
7                                     -4.4825012301738454e-01
8                                      1.9694972877673944e-01
9                                     -1.4624876208984894e-01
10                                     7.5409712114520744e-02
11                                     1.0914696927664469e-01
12                                    -4.7045794259583218e-01
13                                    -3.0993501290546988e-01
14                                    -8.8511919190051636e-02
15                                    -3.2502737401117443e-01
16                                     7.8545276057090341e-01
17                                    -6.9832211842109793e-01
18                                    -5.1684919215497160e-01
19                                    -8.0916438905919996e-01
20                                     2.7074755300203202e-01
21                                     1.8172751965281875e-01
22                                     1.9447927244256236e-01
23                                     1.3100715102110627e-01
24                                     9.8849476745929366e-02
25                                     9.5092636434404576e-02
26                                     3.4232664495131948e-01
27                                     1.2632444618697158e-01
28                                     1.3385201933970314e-01
29                                     3.7516101073453112e-01
30                                    -4.6533174340873273e-01
31                                     1.5708071408190039e-01
32                                     3.5433945555785418e-01
   &VA [&Type "ArrayOfDoubles", &Dim (33,1)] "Mayer's total valence"
                                                         0

0                                      3.2373206361803151e+00
1                                      4.4321309791075256e+00
2                                      3.2320686592009213e+00
3                                      4.4059111291676318e+00
4                                      3.7693010904124566e+00
5                                      3.9904987259374352e+00
6                                      2.0558146012835916e+00
7                                      2.0675415216137143e+00
8                                      3.8013733106592431e+00
9                                      4.1020660873315355e+00
10                                     4.0042350178805730e+00
11                                     3.8910687277285625e+00
12                                     1.9179902677060525e+00
13                                     2.0669944755247283e+00
14                                     3.8859921588239645e+00
15                                     1.9908793558392572e+00
16                                     5.9089383957082457e+00
17                                     1.8479079722757561e+00
18                                     1.9444302072038937e+00
19                                     1.7087207266031719e+00
20                                     9.5887805632534717e-01
21                                     9.6947270485261150e-01
22                                     9.6685578411069661e-01
23                                     1.0108550899227884e+00
24                                     9.7545200249556674e-01
25                                     1.0007513644759471e+00
26                                     9.0921648996512261e-01
27                                     9.9858317801066732e-01
28                                     9.7820425270321421e-01
29                                     8.7840883242040857e-01
30                                     1.8632742645893341e+00
31                                     9.6495494670563264e-01
32                                     8.8873768889184346e-01
   &BVA [&Type "ArrayOfDoubles", &Dim (33,1)] "Mayer's bonded valence"
                                                         0

0                                      3.2373206361802307e+00
1                                      4.4321309791075194e+00
2                                      3.2320686592009853e+00
3                                      4.4059111291676274e+00
4                                      3.7693010904125455e+00
5                                      3.9904987259372406e+00
6                                      2.0558146012834086e+00
7                                      2.0675415216137019e+00
8                                      3.8013733106591650e+00
9                                      4.1020660873313837e+00
10                                     4.0042350178805233e+00
11                                     3.8910687277284834e+00
12                                     1.9179902677060952e+00
13                                     2.0669944755248100e+00
14                                     3.8859921588239281e+00
15                                     1.9908793558392226e+00
16                                     5.9089383957082973e+00
17                                     1.8479079722757525e+00
18                                     1.9444302072039150e+00
19                                     1.7087207266032003e+00
20                                     9.5887805632536915e-01
21                                     9.6947270485264847e-01
22                                     9.6685578411063078e-01
23                                     1.0108550899227464e+00
24                                     9.7545200249553932e-01
25                                     1.0007513644759072e+00
26                                     9.0921648996512294e-01
27                                     9.9858317801063889e-01
28                                     9.7820425270321665e-01
29                                     8.7840883242041168e-01
30                                     1.8632742645892240e+00
31                                     9.6495494670559290e-01
32                                     8.8873768889183646e-01
   &FA [&Type "ArrayOfDoubles", &Dim (33,1)] "Mayer's free valence"
                                                         0

0                                      0.0000000000000000e+00
1                                      0.0000000000000000e+00
2                                      0.0000000000000000e+00
3                                      0.0000000000000000e+00
4                                      0.0000000000000000e+00
5                                      0.0000000000000000e+00
6                                      0.0000000000000000e+00
7                                      0.0000000000000000e+00
8                                      0.0000000000000000e+00
9                                      0.0000000000000000e+00
10                                     0.0000000000000000e+00
11                                     0.0000000000000000e+00
12                                     0.0000000000000000e+00
13                                     0.0000000000000000e+00
14                                     0.0000000000000000e+00
15                                     0.0000000000000000e+00
16                                     0.0000000000000000e+00
17                                     0.0000000000000000e+00
18                                     0.0000000000000000e+00
19                                     0.0000000000000000e+00
20                                     0.0000000000000000e+00
21                                     0.0000000000000000e+00
22                                     0.0000000000000000e+00
23                                     0.0000000000000000e+00
24                                     0.0000000000000000e+00
25                                     0.0000000000000000e+00
26                                     0.0000000000000000e+00
27                                     0.0000000000000000e+00
28                                     0.0000000000000000e+00
29                                     0.0000000000000000e+00
30                                     0.0000000000000000e+00
31                                     0.0000000000000000e+00
32                                     0.0000000000000000e+00
   &Method [&Type "String"] "SCF"
   &Level [&Type "String"] "Relaxed density"
   &Mult [&Type "Integer"] 1
   &State [&Type "Integer"] -1
   &Irrep [&Type "Integer"] 0
$End
$SCF_Energy
   &GeometryIndex 1
   &Method [&Type "String"] "SCF"
   &totalEnergy [&Type "ArrayOfDoubles", &Dim (1,1)] "Total energy of each state"
                                                         0

0                                     -1.4773973877998067e+03
   &Mult [&Type "ArrayOfIntegers", &Dim (1,1)] "Multiplicity of each state"
                                                         0

0                                                        1
$End
$DFT_Energy
   &GeometryIndex 1
   &nAlphaEl [&Type "Integer"] 84
   &nBetaEl [&Type "Integer"] 84
   &nTotalEl [&Type "Integer"] 168
   &finalEn [&Type "Double"]      -1.4773973877998067e+03  "No Van der Waals correction"
   &eExchange [&Type "Double"]      -1.2096884879913623e+02
   &eCorr [&Type "Double"]      -5.8399224041163489e+00
   &eXC [&Type "Double"]      -1.2680877120325258e+02
   &eCNL [&Type "Double"]       0.0000000000000000e+00
$End
$Solvation_Details
   &GeometryIndex 1
   &Solvent [&Type "String"] "WATER"
   &Epsilon [&Type "Double"]       8.0150999999999996e+01
   &Refrac [&Type "Double"]       1.3328000000000000e+00
   &RSolv [&Type "Double"]       1.3000000000000000e+00
   &SurfaceType [&Type "String"] "GAUSSIAN VDW"
   &CPCMDielEnergy [&Type "Double"]      -1.7329107399999999e-01
   &NPoints [&Type "Integer"] 2820
   &SurfaceArea [&Type "Double"]       1.1493931957289999e+03
$End
$SCF_Timings
   &GeometryIndex 1
   &TOTAL [&Type "Double"]       7.8605277000000001e+01
   &PREP [&Type "Double"]       2.5025309999999998e+00
   &FOCK [&Type "Double"]       6.1902267999999978e+01
   &DENS [&Type "Double"]       2.2580179999999928e+00
   &ETOT [&Type "Double"]       1.3073430000000101e+00
   &POP [&Type "Double"]       4.4902299999999684e-01
   &TRAFO [&Type "Double"]       5.2026799999998730e-01
   &DIIS [&Type "Double"]       3.9764650000000046e+00
   &SOSCF [&Type "Double"]       2.2827210000000058e+00
   &XC [&Type "Double"]       1.4275269999999987e+01
   &FOCKSTART [&Type "Double"]       6.7108099999999782e-01
   &SOLV [&Type "Double"]       9.1619209999999942e+00
   &SOLV_INIT [&Type "Double"]       5.1114399999999982e-01
   &SOLV_FINAL [&Type "Double"]       9.9999999747524271e-07
   &INT_PREP [&Type "Double"]       7.0000000054193379e-06
   &INT_BF [&Type "Double"]       9.1071300000020194e-01
   &INT_DENS [&Type "Double"]       1.2744799999998992e+00
   &INT_DENSIO [&Type "Double"]       1.7065675893300015e+05
   &INT_FUNC [&Type "Double"]       6.2914999999897248e-02
   &INT_POT [&Type "Double"]       1.1366350000002949e+00
   &INT_POTIO [&Type "Double"]       1.1008659999999626e+00
   &INT_SUM [&Type "Double"]       7.2700000000835985e-04
   &SPLITRIJ [&Type "Double"]       4.7257049999999801e+00
   &COSX [&Type "Double"]       3.2947305999999998e+01
$End
$VdW_Correction
   &GeometryIndex 1
   &vdW [&Type "Double"]      -3.4891583715521507e-02
$End
$Single_Point_Data
   &GeometryIndex 1
   &FinalEnergy [&Type "Double"]      -1.4774322793835222e+03  "Final single point energy"
   &Converged [&Type "Boolean"] true
$End
$SCF_Nuc_Gradient
   &GeometryIndex 1
   &NAtoms [&Type "Integer"] 33
   &gradNorm [&Type "Double"]       2.7358872345059587e-01
   &grad [&Type "ArrayOfDoubles", &Dim (99,1)] 
                                                         0

0                                     -3.1478815615115285e-02
1                                      1.7088153805858493e-03
2                                     -2.2780510005777570e-02
3                                      6.4939076236312024e-03
4                                     -1.8633217007080913e-02
5                                      5.0359990534962477e-02
6                                     -4.7302491821336938e-02
7                                     -9.2694709936271789e-03
8                                     -3.8646324685537234e-02
9                                      2.3089180844942367e-02
10                                     2.5354194931334281e-02
11                                    -2.3753796739095317e-02
12                                    -2.9095513622341401e-02
13                                    -1.6722646362587551e-02
14                                    -1.1395701871142454e-03
15                                     1.2331421725707127e-02
16                                     9.4857224542434747e-03
17                                    -6.8526600616550075e-03
18                                     4.1290701251636410e-03
19                                    -7.2154746758389312e-03
20                                     1.8400869189257926e-02
21                                     2.0522448277119201e-02
22                                     1.2325503841723574e-02
23                                    -4.4979352306786461e-04
24                                     8.5870983770760080e-04
25                                    -1.2492706679583198e-02
26                                    -1.6998343677976510e-04
27                                    -4.3550393866211658e-02
28                                    -3.8730874182801488e-02
29                                    -2.8283190323776072e-02
30                                    -2.2107095599279709e-02
31                                     1.2844686440963728e-02
32                                    -2.3803911556325559e-02
33                                     1.6590571889086474e-03
34                                     5.1592471621391073e-03
35                                    -2.5254323473075935e-02
36                                    -5.8381864630185673e-02
37                                     3.3063566502316247e-02
38                                    -3.5109891143529942e-02
39                                     9.2032805969227294e-03
40                                    -1.7144355783713674e-02
41                                    -4.8197084477582452e-03
42                                     5.9112935749201104e-03
43                                     3.1785041243936295e-03
44                                     1.3077782097285013e-02
45                                     6.5611518535789301e-03
46                                     1.1560556482286852e-02
47                                     3.2261418007813983e-03
48                                    -6.4861430248680282e-02
49                                     2.5100055842401922e-02
50                                     8.4494703811658634e-02
51                                     2.2603224606541185e-03
52                                    -8.4708516679395836e-03
53                                    -2.5140225367769501e-02
54                                     9.6313412488533805e-03
55                                    -6.8748522722737208e-03
56                                    -5.8990460427509506e-04
57                                     5.4183744430795419e-02
58                                    -2.4440729505244754e-02
59                                    -6.1851096813988912e-02
60                                     3.0063147216408050e-02
61                                     4.5574254947277886e-03
62                                     2.6847360525421901e-02
63                                     2.9664953437154281e-03
64                                     8.7141224361770946e-04
65                                     1.6907117020649898e-03
66                                    -4.5729364754152615e-03
67                                    -4.6287360745158775e-03
68                                     5.0854789106131110e-03
69                                     4.6524856640463132e-03
70                                     4.8721395587693339e-03
71                                    -2.5560877792103396e-04
72                                    -5.5338088017143402e-03
73                                     4.2137606085508456e-03
74                                    -2.4417893879098928e-03
75                                    -5.8730273774494570e-04
76                                    -2.0834452041942359e-03
77                                     3.0365728299786708e-03
78                                     1.0810034663321238e-03
79                                     1.3402520881577363e-02
80                                     1.6579035200493888e-03
81                                     4.3503627005619949e-04
82                                    -2.4663172453095700e-03
83                                    -3.0151851321250810e-04
84                                     2.0882456230636214e-03
85                                     3.8896719982093578e-04
86                                    -2.8893167576042244e-03
87                                    -1.5778599077178256e-03
88                                    -1.5766737025863530e-03
89                                     8.2510893136158450e-04
90                                     1.0442472245235067e-01
91                                    -5.7349521854233573e-02
92                                     9.9087410466223963e-02
93                                     1.8852065380816463e-02
94                                     4.3144000590534505e-02
95                                    -2.1300902624372786e-02
96                                    -1.2348617945326150e-02
97                                     1.6868793479060479e-02
98                                     1.8043992111962170e-02
   &Method [&Type "String"] "SCF"
   &Level [&Type "String"] "Relaxed density"
   &Mult [&Type "Integer"] 1
   &State [&Type "Integer"] 0
   &Irrep [&Type "Integer"] 0
$End
$Geometry
   &GeometryIndex 2
   &NAtoms [&Type "Integer"] 33
   &NCorelessECP [&Type "Integer"] 0
   &NGhostAtoms [&Type "Integer"] 0
   &CartesianCoordinates [&Type "Coordinates", &Dim(33,4), &Units "Bohr"] 
              N     -4.571404699727    0.345785387363   -0.439268851447
              C     -6.554484099853   -0.145318218539   -1.987485501937
              N     -8.410905608694   -1.727299889376   -1.204054542020
              C     -8.334079350953   -2.843413392028    1.109130399857
              C     -6.244440599460   -2.313982617544    2.717242086426
              C     -4.415476963342   -0.735573429249    1.908301910919
              O     -6.674857445134    0.829421027329   -4.076132423646
              O    -10.031304376185   -4.265815257810    1.780023546483
              C     -2.568771676929    2.039646448595   -1.287699889737
              C     -2.513045729503    4.445059180176    0.349277916421
              C      0.262974576183    4.340417684055    1.554812319172
              C      1.662952865265    2.594390206643   -0.314664652067
              O      1.539161959780    6.701002272835    1.669348942538
              O     -0.211763059202    0.774165212230   -1.008718260565
              C      3.873938508236    1.269935978447    0.962198472696
              O      5.245339406301   -0.157109060666   -0.870057512750
              P      7.703991234064   -1.789473839987   -0.155848143104
              O      9.579140364794   -0.165758020174    1.149542503824
              O      6.855718858764   -4.031317256952    1.713606920539
              O      8.851095730316   -2.954118102537   -2.663130630201
              H     -9.846635393123   -2.073350223866   -2.340035906983
              H     -6.130904756237   -3.171420093858    4.564484686025
              H     -2.815186409101   -0.314587706568    3.104156684172
              H     -2.884262658037    2.558063840435   -3.254948513838
              H      0.198634235629    3.484278436847    3.431656493593
              H      2.292522335259    3.663042677035   -1.962025481656
              H      0.681630727862    7.928445911046    2.703715124118
              H      5.116858541455    2.679977728749    1.809953266408
              H      3.163923696001    0.009686898499    2.431147149422
              H      5.613898028749   -5.161033415892    0.996499047353
              O     -2.163977194482    6.885405270796   -0.696086370441
              H     -4.011411488252    5.021096790029    1.597093646172
              H     -3.576912281600    7.972875689248   -0.206852588547
$End
$SCF_Energy
   &GeometryIndex 2
   &Method [&Type "String"] "SCF"
   &totalEnergy [&Type "ArrayOfDoubles", &Dim (1,1)] "Total energy of each state"
                                                         0

0                                     -1.4774617243730077e+03
   &Mult [&Type "ArrayOfIntegers", &Dim (1,1)] "Multiplicity of each state"
                                                         0

0                                                        1
$End
$DFT_Energy
   &GeometryIndex 2
   &nAlphaEl [&Type "Integer"] 84
   &nBetaEl [&Type "Integer"] 84
   &nTotalEl [&Type "Integer"] 168
   &finalEn [&Type "Double"]      -1.4774617243730077e+03  "No Van der Waals correction"
   &eExchange [&Type "Double"]      -1.2092970905970530e+02
   &eCorr [&Type "Double"]      -5.8333351724254516e+00
   &eXC [&Type "Double"]      -1.2676304423213075e+02
   &eCNL [&Type "Double"]       0.0000000000000000e+00
$End
$Solvation_Details
   &GeometryIndex 2
   &Solvent [&Type "String"] "WATER"
   &Epsilon [&Type "Double"]       8.0150999999999996e+01
   &Refrac [&Type "Double"]       1.3328000000000000e+00
   &RSolv [&Type "Double"]       1.3000000000000000e+00
   &SurfaceType [&Type "String"] "GAUSSIAN VDW"
   &CPCMDielEnergy [&Type "Double"]      -1.7083136300000001e-01
   &NPoints [&Type "Integer"] 2822
   &SurfaceArea [&Type "Double"]       1.1551220233419999e+03
$End
$SCF_Timings
   &GeometryIndex 2
   &TOTAL [&Type "Double"]       7.8281246999999993e+01
   &PREP [&Type "Double"]       2.7659949999999998e+00
   &FOCK [&Type "Double"]       6.3212721999999985e+01
   &DENS [&Type "Double"]       1.9621570000000048e+00
   &ETOT [&Type "Double"]       1.1731620000000085e+00
   &POP [&Type "Double"]       9.9999999747524271e-07
   &TRAFO [&Type "Double"]       5.3088500000000671e-01
   &DIIS [&Type "Double"]       3.0580379999999945e+00
   &SOSCF [&Type "Double"]       2.2150190000000194e+00
   &XC [&Type "Double"]       1.3085375999999998e+01
   &FOCKSTART [&Type "Double"]       6.3836300000000135e-01
   &SOLV [&Type "Double"]       8.7900189999999814e+00
   &SOLV_INIT [&Type "Double"]       4.9151000000000011e-01
   &INT_PREP [&Type "Double"]       5.9999999937332404e-06
   &INT_BF [&Type "Double"]       9.2986800000013403e-01
   &INT_DENS [&Type "Double"]       1.2501739999996531e+00
   &INT_DENSIO [&Type "Double"]       1.5486645372800017e+05
   &INT_FUNC [&Type "Double"]       6.2959999999948835e-02
   &INT_POT [&Type "Double"]       1.0174910000001258e+00
   &INT_POTIO [&Type "Double"]       8.4436200000002870e-01
   &INT_SUM [&Type "Double"]       7.6499999999946056e-04
   &SPLITRIJ [&Type "Double"]       4.3486790000000042e+00
   &COSX [&Type "Double"]       3.6634406000000013e+01
$End
$VdW_Correction
   &GeometryIndex 2
   &vdW [&Type "Double"]      -3.4981670441919820e-02
$End
$Single_Point_Data
   &GeometryIndex 2
   &FinalEnergy [&Type "Double"]      -1.4774967060434496e+03  "Final single point energy"
   &Converged [&Type "Boolean"] true
$End
$SCF_Nuc_Gradient
   &GeometryIndex 2
   &NAtoms [&Type "Integer"] 33
   &gradNorm [&Type "Double"]       1.9380179444510703e-01
   &grad [&Type "ArrayOfDoubles", &Dim (99,1)] 
                                                         0

0                                     -1.8637795805034038e-02
1                                      2.6337626211804812e-03
2                                     -1.5618321219078090e-02
3                                      6.8784761723568438e-03
4                                     -1.5839845394823394e-02
5                                      4.3290494887675154e-02
6                                     -3.4676832151590072e-02
7                                     -7.7849244917859561e-03
8                                     -2.8557822836511728e-02
9                                      2.1709480198451394e-02
10                                     2.3962708681281312e-02
11                                    -1.9693532576905096e-02
12                                    -2.0883527090176872e-02
13                                    -1.4161394119467829e-02
14                                     1.4524391448278141e-03
15                                     1.1338721819298141e-02
16                                     8.0924793107269959e-03
17                                    -4.0004642803550530e-03
18                                     2.5351515146548047e-03
19                                    -1.8832718091160315e-03
20                                     5.8293875941439867e-03
21                                     9.4627005436625656e-03
22                                     4.5159290469261723e-03
23                                     2.9730908149545455e-03
24                                     4.3855475313634854e-03
25                                    -1.1036750464437263e-02
26                                    -2.9626256726622948e-03
27                                    -5.6447933592148995e-02
28                                    -4.8039083187784173e-02
29                                    -2.3679521991711708e-02
30                                    -6.8836219468397216e-04
31                                     4.0533200769571846e-03
32                                    -6.2527958550469475e-03
33                                     4.8399761121685090e-03
34                                     4.0130661898002884e-03
35                                    -2.2061411803877901e-02
36                                    -7.6930236593372127e-03
37                                     2.0648361316700170e-02
38                                    -3.1963488260431929e-03
39                                     6.8289772140606182e-03
40                                    -9.2774440324613575e-03
41                                    -1.0302373645648018e-03
42                                     2.5420573943622220e-03
43                                     1.3557387732609331e-03
44                                     1.0346003673661371e-02
45                                     7.6181080589691128e-03
46                                     8.0842214137885789e-03
47                                     3.3264514879204734e-03
48                                    -5.9597361578927567e-02
49                                     2.1614985521388561e-02
50                                     7.2556945672405254e-02
51                                     4.3256448489064799e-03
52                                    -5.3588626506834497e-03
53                                    -2.1233387904397480e-02
54                                     8.3301027279763795e-03
55                                    -5.4424732357681634e-03
56                                    -2.5620771893306235e-03
57                                     4.5842116140477854e-02
58                                    -2.1776503787012149e-02
59                                    -5.2252711195890679e-02
60                                     1.6884318060822332e-02
61                                     2.7447870361828261e-03
62                                     1.5696305266181976e-02
63                                     2.5529580657058445e-03
64                                     1.0317870904417443e-03
65                                     1.0342817757154547e-03
66                                    -3.5465975387445631e-03
67                                    -4.0449307678490547e-03
68                                     4.7369422611977033e-03
69                                     4.2004089125723754e-03
70                                     3.8045927252842926e-03
71                                     2.7632078363017083e-04
72                                    -1.4854538538636973e-03
73                                     3.9511716423117002e-03
74                                    -1.2498654441887530e-03
75                                    -8.8878476117453952e-04
76                                    -1.7380890803570977e-03
77                                     2.1294620668523812e-03
78                                     5.1599833379408115e-03
79                                     6.9340216411271074e-03
80                                     3.0631170696356443e-04
81                                     1.7348775574876067e-04
82                                    -1.8195492930853552e-03
83                                    -5.5294576656899556e-04
84                                     1.7437674913618338e-03
85                                     1.0925251431141175e-04
86                                    -2.2099371419865600e-03
87                                    -1.3733138010397310e-03
88                                    -1.2051363401058086e-03
89                                     9.6768460280727319e-04
90                                     3.7522622885776354e-02
91                                    -1.9700073844795357e-02
92                                     5.0425059623240565e-02
93                                     1.1411965522638250e-02
94                                     3.8510196424625519e-02
95                                    -1.8119181157909885e-02
96                                    -1.0367586322304063e-02
97                                     1.3047950483809981e-02
98                                     9.8860068573194838e-03
   &Method [&Type "String"] "SCF"
   &Level [&Type "String"] "Relaxed density"
   &Mult [&Type "Integer"] 1
   &State [&Type "Integer"] 0
   &Irrep [&Type "Integer"] 0
$End
$Geometry
   &GeometryIndex 3
   &NAtoms [&Type "Integer"] 33
   &NCorelessECP [&Type "Integer"] 0
   &NGhostAtoms [&Type "Integer"] 0
   &CartesianCoordinates [&Type "Coordinates", &Dim(33,4), &Units "Bohr"] 
              N     -4.507457150188    0.384882738876   -0.439130465077
              C     -6.501537216967   -0.113245814482   -2.016603461261
              N     -8.302567907945   -1.759599604752   -1.169449018412
              C     -8.219918683543   -2.929008964516    1.149217293008
              C     -6.096493461198   -2.344777016496    2.726250877525
              C     -4.322702556611   -0.723283590106    1.894554313928
              O     -6.680709306180    0.871517058845   -4.104391640260
              O     -9.906450670882   -4.391845932177    1.795398817190
              C     -2.540696098414    2.113270746912   -1.260233311516
              C     -2.468432851423    4.504460178986    0.371553095850
              C      0.287470404519    4.355701208414    1.592432228051
              C      1.662477409346    2.628884112235   -0.269289992950
              O      1.561343221143    6.668733281377    1.712436165364
              O     -0.213424101594    0.851221650726   -0.990542292472
              C      3.836495675581    1.261449047687    0.966981443370
              O      5.177504562361   -0.145006847035   -0.892289853658
              P      7.603452941907   -1.809697026083   -0.162860920867
              O      9.465433860926   -0.260867149223    1.267605186747
              O      6.588047112841   -4.008785606974    1.669523320927
              O      8.635799460473   -2.967714242193   -2.613843460892
              H     -9.771058868747   -2.129360908307   -2.319524660553
              H     -5.937722044078   -3.209933585886    4.565254397760
              H     -2.705715992051   -0.261591096301    3.055123135490
              H     -2.883586511646    2.637413610023   -3.221525830128
              H      0.203296862817    3.479861927518    3.465378914858
              H      2.309362254845    3.719661430682   -1.902671374245
              H      0.668979335063    7.862399659865    2.751377272631
              H      5.099096633344    2.643199384164    1.838768185290
              H      3.104893572725   -0.011114604189    2.420968863427
              H      5.315854428577   -5.066541725570    0.903287956630
              O     -2.207447368083    6.888027815519   -0.908333129674
              H     -3.959714971751    4.998517382102    1.687721321167
              H     -3.611914696317    7.956298595669   -0.477961530047
$End
$SCF_Energy
   &GeometryIndex 3
   &Method [&Type "String"] "SCF"
   &totalEnergy [&Type "ArrayOfDoubles", &Dim (1,1)] "Total energy of each state"
                                                         0

0                                     -1.4774971076301733e+03
   &Mult [&Type "ArrayOfIntegers", &Dim (1,1)] "Multiplicity of each state"
                                                         0

0                                                        1
$End
$DFT_Energy
   &GeometryIndex 3
   &nAlphaEl [&Type "Integer"] 84
   &nBetaEl [&Type "Integer"] 84
   &nTotalEl [&Type "Integer"] 168
   &finalEn [&Type "Double"]      -1.4774971076301733e+03  "No Van der Waals correction"
   &eExchange [&Type "Double"]      -1.2094140192266116e+02
   &eCorr [&Type "Double"]      -5.8349151971758353e+00
   &eXC [&Type "Double"]      -1.2677631711983699e+02
   &eCNL [&Type "Double"]       0.0000000000000000e+00
$End
$Solvation_Details
   &GeometryIndex 3
   &Solvent [&Type "String"] "WATER"
   &Epsilon [&Type "Double"]       8.0150999999999996e+01
   &Refrac [&Type "Double"]       1.3328000000000000e+00
   &RSolv [&Type "Double"]       1.3000000000000000e+00
   &SurfaceType [&Type "String"] "GAUSSIAN VDW"
   &CPCMDielEnergy [&Type "Double"]      -1.6594945200000000e-01
   &NPoints [&Type "Integer"] 2811
   &SurfaceArea [&Type "Double"]       1.1539335857700000e+03
$End
$SCF_Timings
   &GeometryIndex 3
   &TOTAL [&Type "Double"]       8.1175352000000004e+01
   &PREP [&Type "Double"]       2.8431700000000002e+00
   &FOCK [&Type "Double"]       6.4556814000000003e+01
   &DENS [&Type "Double"]       2.2764280000000099e+00
   &ETOT [&Type "Double"]       1.3081280000000231e+00
   &TRAFO [&Type "Double"]       5.6089200000000083e-01
   &DIIS [&Type "Double"]       3.3462150000000008e+00
   &SOSCF [&Type "Double"]       2.7710649999999930e+00
   &XC [&Type "Double"]       1.5181436000000000e+01
   &FOCKSTART [&Type "Double"]       6.8944200000001210e-01
   &SOLV [&Type "Double"]       9.6619290000000060e+00
   &SOLV_INIT [&Type "Double"]       5.0566099999999992e-01
   &INT_PREP [&Type "Double"]       3.0000000101892965e-06
   &INT_BF [&Type "Double"]       9.6604800000019075e-01
   &INT_DENS [&Type "Double"]       1.3084699999998648e+00
   &INT_DENSIO [&Type "Double"]       1.7500900231300015e+05
   &INT_FUNC [&Type "Double"]       6.4687999999820889e-02
   &INT_POT [&Type "Double"]       9.9687299999978407e-01
   &INT_POTIO [&Type "Double"]       1.0888920000001434e+00
   &INT_SUM [&Type "Double"]       8.3599999999073304e-04
   &SPLITRIJ [&Type "Double"]       4.7716029999999856e+00
   &COSX [&Type "Double"]       3.4043438000000023e+01
$End
$VdW_Correction
   &GeometryIndex 3
   &vdW [&Type "Double"]      -3.5238259698407007e-02
$End
$Single_Point_Data
   &GeometryIndex 3
   &FinalEnergy [&Type "Double"]      -1.4775323458898717e+03  "Final single point energy"
   &Converged [&Type "Boolean"] true
$End
$SCF_Nuc_Gradient
   &GeometryIndex 3
   &NAtoms [&Type "Integer"] 33
   &gradNorm [&Type "Double"]       1.2744279929377489e-01
   &grad [&Type "ArrayOfDoubles", &Dim (99,1)] 
                                                         0

0                                     -4.8525078490450615e-03
1                                      3.6705747043161087e-03
2                                     -6.5160260701548319e-03
3                                      6.0107004014558034e-03
4                                     -1.0020564398323259e-02
5                                      2.8324622849918997e-02
6                                     -1.7262287076623580e-02
7                                     -3.9550879553568565e-03
8                                     -1.4068977039168901e-02
9                                      1.6617148531620132e-02
10                                     1.7774732777907091e-02
11                                    -1.2440220725507205e-02
12                                    -9.4957614811038860e-03
13                                    -7.9540960288879310e-03
14                                     3.0012869480208529e-03
15                                     8.8581990081155453e-03
16                                     4.9472929418831477e-03
17                                    -6.6897712010512177e-04
18                                     1.7414774389262546e-04
19                                     3.0443110059793729e-03
20                                    -6.1704821943115717e-03
21                                    -1.7442650177879396e-03
22                                    -4.1654469464549914e-03
23                                     5.6380183762553514e-03
24                                     8.2354266995423066e-03
25                                    -7.1292102635886470e-03
26                                    -3.1610585790940605e-03
27                                    -4.6109386652042804e-02
28                                    -5.1682601400813655e-02
29                                    -1.2135827286965491e-02
30                                     8.4598877078542155e-03
31                                     2.2629154308442603e-03
32                                    -7.3365721053915466e-04
33                                     2.5039439469370017e-03
34                                     2.7367282770622203e-03
35                                    -1.4160505612482692e-02
36                                    -7.0121797428783095e-03
37                                     6.3456138808616934e-03
38                                    -3.3853879476510073e-03
39                                     1.7408445888111841e-03
40                                    -1.4342953702128876e-03
41                                     2.2570531901357038e-03
42                                    -1.4476727048656900e-03
43                                     1.4598099045337631e-03
44                                     6.3845001293382497e-03
45                                     8.3617774402499189e-03
46                                     1.9396401698342273e-03
47                                     2.8458282976903163e-03
48                                    -4.2910331823022604e-02
49                                     1.2869967102900877e-02
50                                     4.3862778773833752e-02
51                                     6.2069809793354495e-03
52                                    -1.5191955637379462e-03
53                                    -1.2931702655929184e-02
54                                     5.9833025377492213e-03
55                                    -1.7445308833995287e-03
56                                    -6.0186243152732478e-03
57                                     2.6489078964502200e-02
58                                    -1.2968193971765437e-02
59                                    -2.8447696527285165e-02
60                                     2.5575114755255436e-03
61                                    -2.1055430980393755e-04
62                                     3.4615722855844324e-03
63                                     1.6303398726851095e-03
64                                     9.2529014835442971e-04
65                                     1.3321357100471804e-04
66                                    -2.1487611673479115e-03
67                                    -2.7423324833645698e-03
68                                     3.6753055522288814e-03
69                                     3.2411552558139676e-03
70                                     2.2306828895279208e-03
71                                     5.0751400310630854e-04
72                                     4.9554005682912467e-04
73                                     3.3011657631478856e-03
74                                     6.3594475291149009e-05
75                                    -5.9838489887113126e-04
76                                    -1.0706669707480228e-03
77                                     9.2495431651519141e-04
78                                     3.2289645396499341e-03
79                                     2.6040943797941253e-03
80                                    -5.1057451588375094e-04
81                                     2.4024915144614832e-04
82                                    -9.0412397297234554e-04
83                                    -7.4802005957597735e-04
84                                     7.1723259932599448e-04
85                                    -2.3650814759705352e-04
86                                    -1.3466136142107515e-03
87                                    -1.1663938911507308e-03
88                                    -6.6028547954863988e-04
89                                     1.1413393452395599e-03
90                                     1.6445162623545010e-02
91                                     1.0834382462393018e-02
92                                     2.7258116147570045e-02
93                                     4.9285426083857898e-03
94                                     2.7491073328726443e-02
95                                    -8.2729091540603115e-03
96                                     1.6217955462350482e-03
97                                     3.9594189862565791e-03
98                                     2.2375623460009187e-03
   &Method [&Type "String"] "SCF"
   &Level [&Type "String"] "Relaxed density"
   &Mult [&Type "Integer"] 1
   &State [&Type "Integer"] 0
   &Irrep [&Type "Integer"] 0
$End
$Geometry
   &GeometryIndex 4
   &NAtoms [&Type "Integer"] 33
   &NCorelessECP [&Type "Integer"] 0
   &NGhostAtoms [&Type "Integer"] 0
   &CartesianCoordinates [&Type "Coordinates", &Dim(33,4), &Units "Bohr"] 
              N     -4.477964806270    0.410792270313   -0.417192786102
              C     -6.480024789851   -0.047562684442   -2.022979281293
              N     -8.241770542616   -1.721487268564   -1.122274015513
              C     -8.202344592448   -2.960898815648    1.181132088669
              C     -6.049843306856   -2.370874921219    2.735500088087
              C     -4.301789539701   -0.737132924796    1.890902058214
              O     -6.691768065924    0.950558632357   -4.088483135225
              O     -9.907597306730   -4.417439485219    1.758933554537
              C     -2.508892732635    2.151937770679   -1.212982190235
              C     -2.336241023690    4.537845450085    0.390982065142
              C      0.341908014462    4.378230747793    1.624311223613
              C      1.695904657834    2.652676905486   -0.227945310998
              O      1.597553986506    6.670322969796    1.803365643450
              O     -0.188145352553    0.894327919091   -0.987543868646
              C      3.861695130440    1.255559926561    0.948311758638
              O      5.167090988733   -0.126784604093   -0.941832419415
              P      7.588288788681   -1.797964723066   -0.188962904545
              O      9.387368655483   -0.295882967869    1.380647852762
              O      6.402596382575   -3.915789073423    1.647218426257
              O      8.485656836877   -2.955255022498   -2.568011245714
              H     -9.721254358492   -2.072547884633   -2.281007960384
              H     -5.872426848213   -3.256968737768    4.564051015539
              H     -2.658654407253   -0.263532939967    3.010346822534
              H     -2.912393229499    2.683147290354   -3.163640314984
              H      0.212497021649    3.452432502140    3.476559542009
              H      2.349627123738    3.768524569430   -1.849361737870
              H      0.642378291621    7.806361998518    2.855717148422
              H      5.140100420499    2.619590476024    1.832790639834
              H      3.132790677404   -0.026501529606    2.401329867980
              H      5.117916736720   -4.919506190187    0.836468655433
              O     -2.319636737908    6.735679779130   -1.193657922390
              H     -3.789600519638    4.881342305639    1.804145343770
              H     -3.781068274099    7.729924374911   -0.791656854371
$End
$SCF_Energy
   &GeometryIndex 4
   &Method [&Type "String"] "SCF"
   &totalEnergy [&Type "ArrayOfDoubles", &Dim (1,1)] "Total energy of each state"
                                                         0

0                                     -1.4775200600860376e+03
   &Mult [&Type "ArrayOfIntegers", &Dim (1,1)] "Multiplicity of each state"
                                                         0

0                                                        1
$End
$DFT_Energy
   &GeometryIndex 4
   &nAlphaEl [&Type "Integer"] 84
   &nBetaEl [&Type "Integer"] 84
   &nTotalEl [&Type "Integer"] 168
   &finalEn [&Type "Double"]      -1.4775200600860376e+03  "No Van der Waals correction"
   &eExchange [&Type "Double"]      -1.2098167886649931e+02
   &eCorr [&Type "Double"]      -5.8388960441512534e+00
   &eXC [&Type "Double"]      -1.2682057491065056e+02
   &eCNL [&Type "Double"]       0.0000000000000000e+00
$End
$Solvation_Details
   &GeometryIndex 4
   &Solvent [&Type "String"] "WATER"
   &Epsilon [&Type "Double"]       8.0150999999999996e+01
   &Refrac [&Type "Double"]       1.3328000000000000e+00
   &RSolv [&Type "Double"]       1.3000000000000000e+00
   &SurfaceType [&Type "String"] "GAUSSIAN VDW"
   &CPCMDielEnergy [&Type "Double"]      -1.5978175000000000e-01
   &NPoints [&Type "Integer"] 2807
   &SurfaceArea [&Type "Double"]       1.1507617621720001e+03
$End
$SCF_Timings
   &GeometryIndex 4
   &TOTAL [&Type "Double"]       7.0774730000000005e+01
   &PREP [&Type "Double"]       3.0645169999999999e+00
   &FOCK [&Type "Double"]       5.5573241000000003e+01
   &DENS [&Type "Double"]       1.7475500000000039e+00
   &ETOT [&Type "Double"]       1.0056459999999845e+00
   &TRAFO [&Type "Double"]       5.8621899999999627e-01
   &DIIS [&Type "Double"]       3.2770330000000030e+00
   &SOSCF [&Type "Double"]       1.5901109999999985e+00
   &XC [&Type "Double"]       1.1884453000000001e+01
   &FOCKSTART [&Type "Double"]       5.7172000000000267e-01
   &SOLV [&Type "Double"]       7.5172589999999921e+00
   &SOLV_INIT [&Type "Double"]       5.3929500000000008e-01
   &INT_PREP [&Type "Double"]       9.9999999747524271e-07
   &INT_BF [&Type "Double"]       7.9224300000010395e-01
   &INT_DENS [&Type "Double"]       1.0777959999999975e+00
   &INT_DENSIO [&Type "Double"]       1.1821089129300017e+05
   &INT_FUNC [&Type "Double"]       5.4002999999950063e-02
   &INT_POT [&Type "Double"]       9.2407200000023693e-01
   &INT_POTIO [&Type "Double"]       7.8999199999985237e-01
   &INT_SUM [&Type "Double"]       4.5899999999754471e-04
   &SPLITRIJ [&Type "Double"]       3.9281730000000068e+00
   &COSX [&Type "Double"]       3.3318011000000013e+01
$End
$VdW_Correction
   &GeometryIndex 4
   &vdW [&Type "Double"]      -3.5440459592531996e-02
$End
$Single_Point_Data
   &GeometryIndex 4
   &FinalEnergy [&Type "Double"]      -1.4775555005456301e+03  "Final single point energy"
   &Converged [&Type "Boolean"] true
$End
$SCF_Nuc_Gradient
   &GeometryIndex 4
   &NAtoms [&Type "Integer"] 33
   &gradNorm [&Type "Double"]       5.4567879237136518e-02
   &grad [&Type "ArrayOfDoubles", &Dim (99,1)] 
                                                         0

0                                     -1.6476278049848921e-03
1                                      4.9271367059320920e-04
2                                     -3.5035617218404113e-04
3                                      2.4063363217544666e-03
4                                     -1.4196659511346108e-03
5                                      6.6066790851850308e-03
6                                     -4.2109915990824164e-03
7                                     -1.3092890062219819e-03
8                                     -2.3899285893929124e-03
9                                      4.9702763989656080e-03
10                                     5.3512783624330871e-03
11                                    -3.7470068804500195e-03
12                                    -8.0760372894046403e-04
13                                    -6.9472163411662903e-04
14                                     2.5326931617833848e-04
15                                     3.3974948783365303e-03
16                                     9.1148333632047780e-04
17                                     6.6666999218046208e-04
18                                     4.8322745001960028e-05
19                                     1.6385732656412370e-03
20                                    -3.1853332807005299e-03
21                                    -2.6224070977452730e-03
22                                    -3.2168428029257239e-03
23                                     2.7023195940112398e-03
24                                     5.6565282473529759e-03
25                                     1.9349253829656038e-03
26                                    -4.7174682223519501e-03
27                                    -1.5184903431057708e-02
28                                    -3.6044459814085918e-02
29                                    -1.0490932285753302e-03
30                                     9.6093016715155070e-03
31                                     5.8792860396032201e-03
32                                     5.9416773748307682e-03
33                                    -1.0898829304442990e-03
34                                     2.2680956675726503e-03
35                                    -4.3402564738773061e-03
36                                    -5.3102246498256738e-03
37                                    -4.4193015655283894e-03
38                                    -2.8717797540937333e-03
39                                    -3.3953119952610127e-03
40                                     2.4951651453505243e-03
41                                     2.2859958442459326e-03
42                                    -2.7432453441809052e-03
43                                     1.0929633177335016e-03
44                                     2.7602734283180700e-03
45                                     7.9296220357899551e-03
46                                    -5.0098866611499151e-03
47                                     1.8606003553856170e-03
48                                    -1.1996243686051429e-02
49                                    -5.2914425486680758e-03
50                                    -5.9835524836637181e-03
51                                     4.5598267337685064e-03
52                                     1.3820502000977089e-03
53                                    -2.1484182934779993e-03
54                                     2.6851259698993006e-03
55                                     2.9825287445066845e-03
56                                    -7.5727205640074065e-03
57                                    -1.3275492174744041e-03
58                                     5.6126749703707488e-03
59                                     1.2183989449532147e-02
60                                    -1.7824587494100132e-04
61                                    -2.5618812598262193e-04
62                                     1.3371208980545100e-04
63                                     2.7852135863262788e-04
64                                     1.4744527467076330e-04
65                                    -7.6982796127297919e-05
66                                    -1.0206589200149616e-03
67                                    -9.0358302792994797e-04
68                                     1.3502615183302801e-03
69                                     8.8584643796283356e-04
70                                     8.9483213624036049e-04
71                                    -7.4634975165329917e-04
72                                     1.5922500208988611e-03
73                                     1.4413779087913169e-03
74                                     7.7161000675790038e-04
75                                     1.4634826104155564e-05
76                                     1.6927701616921615e-04
77                                     3.3609285288633081e-04
78                                     1.8775524123330672e-04
79                                     6.8733948993866941e-04
80                                    -3.0615516314561381e-05
81                                     4.2797565866136528e-04
82                                    -2.2379936716575733e-04
83                                    -5.8524192959463750e-04
84                                    -2.0961006431841438e-04
85                                    -2.4556233132487092e-04
86                                    -4.5546685184317799e-04
87                                    -7.6399065719347887e-04
88                                     1.5269602854163213e-04
89                                     1.3078231142121092e-03
90                                     3.2508529747615521e-03
91                                     1.0211025663686601e-02
92                                     1.7059350340090857e-03
93                                     3.5110222775787711e-03
94                                     1.3336677390990216e-02
95                                    -1.1952815129449503e-03
96                                     1.0968031652031521e-03
97                                    -4.7666164766154632e-05
98                                     5.7894322416352547e-04
   &Method [&Type "String"] "SCF"
   &Level [&Type "String"] "Relaxed density"
   &Mult [&Type "Integer"] 1
   &State [&Type "Integer"] 0
   &Irrep [&Type "Integer"] 0
$End
$Geometry
   &GeometryIndex 5
   &NAtoms [&Type "Integer"] 33
   &NCorelessECP [&Type "Integer"] 0
   &NGhostAtoms [&Type "Integer"] 0
   &CartesianCoordinates [&Type "Coordinates", &Dim(33,4), &Units "Bohr"] 
              N     -4.484971164820    0.423708064646   -0.406296804932
              C     -6.478906130461   -0.042313328560   -2.024693908831
              N     -8.235634413991   -1.706281060811   -1.100843915530
              C     -8.230991644581   -2.935008437392    1.211566833883
              C     -6.083259468850   -2.330643585659    2.768420738401
              C     -4.332967627988   -0.707278853060    1.908534637360
              O     -6.687009520156    0.932120146266   -4.094419769119
              O     -9.948102527936   -4.374073681929    1.767815522505
              C     -2.506301791282    2.156832439758   -1.203275600611
              C     -2.296194115356    4.577581859693    0.366829764414
              C      0.326521111251    4.366342470571    1.610966394723
              C      1.703431941801    2.638992249301   -0.227662272747
              O      1.604348439581    6.649468783403    1.876665181000
              O     -0.179731454575    0.883891768361   -1.003013992183
              C      3.879902719099    1.244828723428    0.934067749015
              O      5.191172141773   -0.118915131505   -0.960709910714
              P      7.633462293886   -1.775905931362   -0.189523243521
              O      9.344959971613   -0.281534984420    1.480348232582
              O      6.415616799119   -3.926263049570    1.605485849300
              O      8.569197906394   -2.884836377588   -2.579740697979
              H     -9.708072445497   -2.061987639859   -2.265992250651
              H     -5.914717367678   -3.200127055682    4.606431439878
              H     -2.683326460722   -0.221465996701    3.014851233396
              H     -2.933368192431    2.669631578761   -3.151639745816
              H      0.133514499820    3.396313766392    3.435671332414
              H      2.355557144818    3.759465302031   -1.848156300604
              H      0.628033301244    7.757111219993    2.940880257169
              H      5.147453318714    2.614029758032    1.828182325522
              H      3.161846814893   -0.045444224170    2.386317569381
              H      5.201361869715   -4.961090076798    0.728095353661
              O     -2.345189513301    6.711183037128   -1.270129295700
              H     -3.735468129070    4.805580229164    1.822387128307
              H     -3.830211026181    7.679214133448   -0.882237986772
$End
$SCF_Energy
   &GeometryIndex 5
   &Method [&Type "String"] "SCF"
   &totalEnergy [&Type "ArrayOfDoubles", &Dim (1,1)] "Total energy of each state"
                                                         0

0                                     -1.4775235721484244e+03
   &Mult [&Type "ArrayOfIntegers", &Dim (1,1)] "Multiplicity of each state"
                                                         0

0                                                        1
$End
$DFT_Energy
   &GeometryIndex 5
   &nAlphaEl [&Type "Integer"] 84
   &nBetaEl [&Type "Integer"] 84
   &nTotalEl [&Type "Integer"] 168
   &finalEn [&Type "Double"]      -1.4775235721484244e+03  "No Van der Waals correction"
   &eExchange [&Type "Double"]      -1.2098186280506854e+02
   &eCorr [&Type "Double"]      -5.8388865938750243e+00
   &eXC [&Type "Double"]      -1.2682074939894358e+02
   &eCNL [&Type "Double"]       0.0000000000000000e+00
$End
$Solvation_Details
   &GeometryIndex 5
   &Solvent [&Type "String"] "WATER"
   &Epsilon [&Type "Double"]       8.0150999999999996e+01
   &Refrac [&Type "Double"]       1.3328000000000000e+00
   &RSolv [&Type "Double"]       1.3000000000000000e+00
   &SurfaceType [&Type "String"] "GAUSSIAN VDW"
   &CPCMDielEnergy [&Type "Double"]      -1.5786722200000000e-01
   &NPoints [&Type "Integer"] 2810
   &SurfaceArea [&Type "Double"]       1.1509005507340000e+03
$End
$SCF_Timings
   &GeometryIndex 5
   &TOTAL [&Type "Double"]       7.2107702999999987e+01
   &PREP [&Type "Double"]       3.0439949999999998e+00
   &FOCK [&Type "Double"]       5.6799518000000006e+01
   &DENS [&Type "Double"]       1.8261570000000020e+00
   &ETOT [&Type "Double"]       1.0116999999999923e+00
   &POP [&Type "Double"]       9.9999999747524271e-07
   &TRAFO [&Type "Double"]       5.8854199999999324e-01
   &DIIS [&Type "Double"]       3.4008970000000058e+00
   &SOSCF [&Type "Double"]       1.6628279999999975e+00
   &XC [&Type "Double"]       1.2225099000000002e+01
   &FOCKSTART [&Type "Double"]       5.7951499999999889e-01
   &SOLV [&Type "Double"]       7.8583690000000033e+00
   &SOLV_INIT [&Type "Double"]       5.3832499999999994e-01
   &SOLV_FINAL [&Type "Double"]       9.9999999747524271e-07
   &INT_PREP [&Type "Double"]       4.0000000023354687e-06
   &INT_BF [&Type "Double"]       7.9305299999984058e-01
   &INT_DENS [&Type "Double"]       1.0606670000000999e+00
   &INT_DENSIO [&Type "Double"]       1.1987302157000007e+05
   &INT_FUNC [&Type "Double"]       5.7096000000058211e-02
   &INT_POT [&Type "Double"]       8.7810299999990882e-01
   &INT_POTIO [&Type "Double"]       8.0667999999995033e-01
   &INT_SUM [&Type "Double"]       8.1299999999195904e-04
   &SPLITRIJ [&Type "Double"]       3.9909990000000031e+00
   &COSX [&Type "Double"]       3.3650771999999989e+01
$End
$VdW_Correction
   &GeometryIndex 5
   &vdW [&Type "Double"]      -3.5439197578596746e-02
$End
$Single_Point_Data
   &GeometryIndex 5
   &FinalEnergy [&Type "Double"]      -1.4775590113460030e+03  "Final single point energy"
   &Converged [&Type "Boolean"] true
$End
$SCF_Nuc_Gradient
   &GeometryIndex 5
   &NAtoms [&Type "Integer"] 33
   &gradNorm [&Type "Double"]       2.8890904885585648e-02
   &grad [&Type "ArrayOfDoubles", &Dim (99,1)] 
                                                         0

0                                     -2.4754326182985535e-03
1                                     -1.4622581007580830e-03
2                                      3.4803875793617612e-05
3                                      9.7878471799223068e-04
4                                      8.8571352451962575e-04
5                                     -1.1752145662192787e-04
6                                     -8.3722728727034300e-04
7                                     -6.2326098496059729e-04
8                                      5.3730039665893388e-04
9                                      2.1595463175793793e-05
10                                     4.4020465831056679e-04
11                                    -8.9203145638419384e-04
12                                     1.6782369568648040e-04
13                                     4.4859541469819721e-04
14                                    -6.7101730365370861e-04
15                                     1.1375178361936254e-03
16                                     2.6869616198227830e-04
17                                     6.7194574471662264e-05
18                                     1.5829779238890672e-04
19                                    -1.8840352096947231e-04
20                                     6.1028659673242587e-04
21                                     1.2184358391865399e-04
22                                    -1.4345273664755629e-04
23                                     4.1744310804645187e-04
24                                     3.1502009569166832e-03
25                                     4.1284417429880748e-03
26                                    -2.5093067326838370e-03
27                                    -2.7437059055391236e-03
28                                    -1.8051861027983993e-02
29                                     1.1668251473381325e-04
30                                     7.9146051921689074e-04
31                                     3.0899435763134804e-03
32                                     4.4461552602655047e-03
33                                    -1.5966488973882941e-03
34                                     8.0275441951449707e-04
35                                    -1.6249916879039848e-03
36                                    -3.7762220079497247e-03
37                                    -1.8847253196965141e-03
38                                    -1.9931635966008309e-03
39                                    -6.6991327875550398e-04
40                                     2.9526481339050751e-04
41                                     7.2068771020200736e-04
42                                    -1.5624785868319547e-03
43                                     7.3990528438253159e-05
44                                     8.1123631081855883e-04
45                                     4.8809628176113154e-03
46                                    -3.8431978434562944e-03
47                                     2.0263916936589842e-03
48                                    -4.1992473992850526e-03
49                                    -4.8436425469382538e-03
50                                    -8.8588973619180278e-03
51                                     2.1228053808036128e-03
52                                     1.4107256459269116e-03
53                                     1.2735237904157913e-03
54                                     1.2230682302127301e-03
55                                     2.7716829016078584e-03
56                                    -3.9832754416420039e-03
57                                    -2.4376523900884891e-03
58                                     3.9771306253634153e-03
59                                     8.4229242441626329e-03
60                                     3.7180045185435811e-04
61                                     1.0726191916316373e-04
62                                     2.0151626133400950e-04
63                                    -1.6395201656933963e-04
64                                    -1.4169022450410441e-04
65                                    -1.1796333493957175e-05
66                                    -3.1806782785822680e-04
67                                    -1.1265001269594980e-04
68                                     3.5936077720884446e-04
69                                    -1.2543755122015703e-05
70                                     2.1275220199054376e-04
71                                     2.8756568227150913e-05
72                                     6.4597040314552862e-04
73                                     4.6841651529298009e-04
74                                     3.3822778246835890e-04
75                                    -2.1144209745351986e-04
76                                     2.4714536549182208e-04
77                                     2.6639483550534030e-04
78                                    -1.9071520004929174e-04
79                                     5.3399311152774057e-04
80                                     9.5661339806875920e-05
81                                     3.8579320857367005e-04
82                                    -6.7414283803284247e-06
83                                    -3.0713746659078654e-04
84                                    -1.7334808432899201e-04
85                                    -1.0270235494289411e-04
86                                    -2.5762497577354012e-04
87                                    -6.1029313773833390e-04
88                                     3.2208342626408319e-04
89                                     1.0326457693295239e-03
90                                     1.8802214493091900e-03
91                                     6.0166818281150083e-03
92                                    -3.4682512306221172e-03
93                                     3.7776254869139707e-03
94                                     5.2913098746195869e-03
95                                     2.1515059765537109e-03
96                                     1.6311845722408427e-04
97                                    -3.8820214315630672e-04
98                                     7.3631563424832506e-04
   &Method [&Type "String"] "SCF"
   &Level [&Type "String"] "Relaxed density"
   &Mult [&Type "Integer"] 1
   &State [&Type "Integer"] 0
   &Irrep [&Type "Integer"] 0
$End
$Geometry
   &GeometryIndex 6
   &NAtoms [&Type "Integer"] 33
   &NCorelessECP [&Type "Integer"] 0
   &NGhostAtoms [&Type "Integer"] 0
   &CartesianCoordinates [&Type "Coordinates", &Dim(33,4), &Units "Bohr"] 
              N     -4.496557915882    0.437435180097   -0.400005095053
              C     -6.477415852944   -0.047278766194   -2.033272380709
              N     -8.232313916258   -1.708179836077   -1.104497161663
              C     -8.252630224235   -2.919946946404    1.219126684835
              C     -6.118451083588   -2.296883733396    2.788315054823
              C     -4.366303806077   -0.677150019356    1.923579526270
              O     -6.673366568481    0.905027099786   -4.112957577511
              O     -9.974307156332   -4.355018899275    1.761574909109
              C     -2.516084687814    2.164410417096   -1.196300628278
              C     -2.291539832963    4.611013159129    0.359472515336
              C      0.317704759021    4.356914685959    1.597973172371
              C      1.703448062809    2.628896355952   -0.232882191029
              O      1.631510328588    6.622849993665    1.920638181396
              O     -0.187076778953    0.880630876807   -1.008573572404
              C      3.886680236096    1.240206801149    0.922517465284
              O      5.185519188818   -0.129044766198   -0.972809356033
              P      7.656424083000   -1.763017353091   -0.195124325483
              O      9.337774664664   -0.243656483439    1.477869206953
              O      6.468088049386   -3.928219820490    1.617557536349
              O      8.593678564628   -2.873814995960   -2.598651310620
              H     -9.693860710493   -2.077213442780   -2.279831092407
              H     -5.959932232067   -3.150329686318    4.634750082871
              H     -2.718869462764   -0.180567968127    3.029294797778
              H     -2.950764639769    2.665546353702   -3.145734975722
              H      0.089556951107    3.358354611090    3.403390902772
              H      2.354471774821    3.746287310500   -1.857214684984
              H      0.658781705596    7.716256413867    3.001929010672
              H      5.153823431087    2.616265136757    1.806410982846
              H      3.179902281549   -0.042136267399    2.387982401195
              H      5.333494212419   -5.031291136952    0.715603458006
              O     -2.358291067695    6.725043756363   -1.266835669691
              H     -3.744168325132    4.762747203013    1.815352990031
              H     -3.856966753292    7.678990881835   -0.893467010108
$End
$SCF_Energy
   &GeometryIndex 6
   &Method [&Type "String"] "SCF"
   &totalEnergy [&Type "ArrayOfDoubles", &Dim (1,1)] "Total energy of each state"
                                                         0

0                                     -1.4775246327641162e+03
   &Mult [&Type "ArrayOfIntegers", &Dim (1,1)] "Multiplicity of each state"
                                                         0

0                                                        1
$End
$DFT_Energy
   &GeometryIndex 6
   &nAlphaEl [&Type "Integer"] 84
   &nBetaEl [&Type "Integer"] 84
   &nTotalEl [&Type "Integer"] 168
   &finalEn [&Type "Double"]      -1.4775246327641162e+03  "No Van der Waals correction"
   &eExchange [&Type "Double"]      -1.2097525039816162e+02
   &eCorr [&Type "Double"]      -5.8382653729707314e+00
   &eXC [&Type "Double"]      -1.2681351577113236e+02
   &eCNL [&Type "Double"]       0.0000000000000000e+00
$End
$Solvation_Details
   &GeometryIndex 6
   &Solvent [&Type "String"] "WATER"
   &Epsilon [&Type "Double"]       8.0150999999999996e+01
   &Refrac [&Type "Double"]       1.3328000000000000e+00
   &RSolv [&Type "Double"]       1.3000000000000000e+00
   &SurfaceType [&Type "String"] "GAUSSIAN VDW"
   &CPCMDielEnergy [&Type "Double"]      -1.5697258600000000e-01
   &NPoints [&Type "Integer"] 2806
   &SurfaceArea [&Type "Double"]       1.1518326981620000e+03
$End
$SCF_Timings
   &GeometryIndex 6
   &TOTAL [&Type "Double"]       8.4704733000000004e+01
   &PREP [&Type "Double"]       3.1225000000000001e+00
   &FOCK [&Type "Double"]       6.7968062000000003e+01
   &DENS [&Type "Double"]       2.2248649999999941e+00
   &ETOT [&Type "Double"]       1.2273730000000125e+00
   &TRAFO [&Type "Double"]       6.2466699999999520e-01
   &DIIS [&Type "Double"]       3.5074230000000011e+00
   &SOSCF [&Type "Double"]       2.4105049999999721e+00
   &XC [&Type "Double"]       1.5049319999999994e+01
   &FOCKSTART [&Type "Double"]       6.9190900000000877e-01
   &SOLV [&Type "Double"]       9.7222019999999851e+00
   &SOLV_INIT [&Type "Double"]       5.7682300000000009e-01
   &SOLV_FINAL [&Type "Double"]       1.0000000116860974e-06
   &INT_PREP [&Type "Double"]       2.9999999995311555e-06
   &INT_BF [&Type "Double"]       9.8230699999977311e-01
   &INT_DENS [&Type "Double"]       1.2996730000001993e+00
   &INT_DENSIO [&Type "Double"]       1.6341407066800020e+05
   &INT_FUNC [&Type "Double"]       6.9297999999649917e-02
   &INT_POT [&Type "Double"]       9.5524500000012758e-01
   &INT_POTIO [&Type "Double"]       1.0956800000000300e+00
   &INT_SUM [&Type "Double"]       9.7500000000394493e-04
   &SPLITRIJ [&Type "Double"]       4.8725059999999925e+00
   &COSX [&Type "Double"]       3.7888249000000016e+01
$End
$VdW_Correction
   &GeometryIndex 6
   &vdW [&Type "Double"]      -3.5403747248913729e-02
$End
$Single_Point_Data
   &GeometryIndex 6
   &FinalEnergy [&Type "Double"]      -1.4775600365113651e+03  "Final single point energy"
   &Converged [&Type "Boolean"] true
$End
$SCF_Nuc_Gradient
   &GeometryIndex 6
   &NAtoms [&Type "Integer"] 33
   &gradNorm [&Type "Double"]       1.1639247311570749e-02
   &grad [&Type "ArrayOfDoubles", &Dim (99,1)] 
                                                         0

0                                     -1.4848764810966764e-03
1                                     -1.6366694155884407e-03
2                                     -1.0344944946527712e-04
3                                      1.8554391655868047e-04
4                                      1.3172556771983536e-03
5                                     -1.7349427681682275e-03
6                                      5.1587734974447197e-04
7                                     -2.2578105206690408e-04
8                                      1.2028755383685240e-03
9                                     -1.4881307138470642e-03
10                                    -1.1468612095022251e-03
11                                     2.9455462862428569e-04
12                                     4.3258003243820393e-04
13                                     4.7871028328964139e-04
14                                    -4.4617273492798695e-04
15                                    -8.6785448716273370e-06
16                                     8.7131170284219129e-05
17                                    -9.1701591045799510e-05
18                                     9.7139869730926594e-05
19                                    -5.6975593318740595e-04
20                                     1.1803249507663278e-03
21                                     8.5607233557813281e-04
22                                     7.5922831020353704e-04
23                                    -4.5125042182761119e-04
24                                     7.6257598323855387e-04
25                                     3.0479557860083619e-03
26                                    -2.6367009307949884e-04
27                                     5.3365877587444586e-04
28                                    -5.4454771400641935e-03
29                                    -7.2315562272627274e-04
30                                    -3.0220667213364011e-03
31                                     6.3700360074791509e-04
32                                     1.1028465121317055e-03
33                                     5.3424382020716922e-05
34                                    -4.5269727890792768e-04
35                                     2.0254885061343726e-04
36                                    -1.5694463706038310e-03
37                                     4.0578599491476004e-04
38                                    -8.3128155184002323e-04
39                                     5.1717043475061068e-04
40                                    -4.2914846595879360e-04
41                                     1.5901095045856733e-07
42                                    -3.6946948151116079e-04
43                                    -1.5696919333291960e-04
44                                    -3.5271035960289971e-04
45                                     1.6661509341495909e-03
46                                    -1.3985352770760236e-03
47                                     1.2833935860144410e-03
48                                    -1.7090591337888296e-03
49                                    -1.5050726409272317e-03
50                                    -3.5007661236699066e-03
51                                     7.8532456894441513e-04
52                                     7.9211166214252209e-04
53                                     1.7149137294435470e-03
54                                     5.6059295362566547e-04
55                                     1.0971500039065327e-03
56                                    -9.8311194604403483e-04
57                                    -2.9679035482710147e-04
58                                     8.0647494038097768e-04
59                                     1.0838092064875513e-03
60                                     3.2480709552531220e-04
61                                     1.8383880199673345e-04
62                                     4.4315566596358249e-05
63                                    -2.6478965934410631e-04
64                                    -1.8663690545509161e-04
65                                    -1.6425968906185379e-05
66                                     3.9497342043601306e-05
67                                     1.0104616525185279e-04
68                                    -1.7669679569107098e-04
69                                    -3.5369865575827781e-04
70                                    -2.1186192613321085e-04
71                                     2.8309193952199912e-04
72                                     3.7397771619541545e-06
73                                     7.4386277559770336e-05
74                                    -5.6376698072684988e-05
75                                    -2.7032571093202784e-04
76                                     2.6962130100402151e-04
77                                     1.0987177279981515e-04
78                                    -1.6475581689951634e-04
79                                     1.7014282503926610e-04
80                                    -7.2449178572220769e-05
81                                     1.9574441824516981e-04
82                                    -1.9795342175947959e-05
83                                    -1.2081567589715334e-04
84                                    -4.7365724061236469e-05
85                                     1.9755293059044266e-05
86                                    -8.4697768334382871e-05
87                                    -5.7853796254107382e-04
88                                     2.0038642464140476e-04
89                                     6.8960383397467155e-04
90                                     1.7767965247703589e-03
91                                     2.1650241950915802e-03
92                                    -2.3889028781996016e-03
93                                     2.4254762254444793e-03
94                                     1.1202672659980392e-03
95                                     2.3237957489034818e-03
96                                    -1.0418160653329354e-04
97                                    -3.4801418445674361e-04
98                                     8.8247273071110342e-04
   &Method [&Type "String"] "SCF"
   &Level [&Type "String"] "Relaxed density"
   &Mult [&Type "Integer"] 1
   &State [&Type "Integer"] 0
   &Irrep [&Type "Integer"] 0
$End
$Geometry
   &GeometryIndex 7
   &NAtoms [&Type "Integer"] 33
   &NCorelessECP [&Type "Integer"] 0
   &NGhostAtoms [&Type "Integer"] 0
   &CartesianCoordinates [&Type "Coordinates", &Dim(33,4), &Units "Bohr"] 
              N     -4.502970984029    0.447410249187   -0.398143204852
              C     -6.471762191061   -0.063104092106   -2.041398758203
              N     -8.227844563892   -1.718411360974   -1.107005401974
              C     -8.263038332952   -2.904026492173    1.231455105562
              C     -6.141777621947   -2.258550498541    2.809363940996
              C     -4.387946844560   -0.644277109988    1.937516615942
              O     -6.656123370245    0.865662528568   -4.133503052617
              O     -9.987001911785   -4.336214128294    1.775610012127
              C     -2.523110843428    2.167716331482   -1.198348806652
              C     -2.296203577863    4.626531819332    0.355358467359
              C      0.314027030929    4.349130004170    1.596486852650
              C      1.699335366252    2.623978151620   -0.234326843112
              O      1.652104982722    6.599834547178    1.950790806585
              O     -0.195168013270    0.880543522870   -1.012214624874
              C      3.880892472764    1.234120210101    0.921646822884
              O      5.181396291132   -0.127639155968   -0.976682313065
              P      7.666994004963   -1.749045940975   -0.192709762910
              O      9.319085185816   -0.226799145229    1.502227371807
              O      6.494180152538   -3.951424065901    1.592693544112
              O      8.625181194792   -2.832284582152   -2.605752342779
              H     -9.680624906092   -2.105002976939   -2.288253080607
              H     -5.992046541841   -3.089894128106    4.666482488486
              H     -2.747860162433   -0.132163733343    3.047603098429
              H     -2.956425840236    2.664842296533   -3.149950876322
              H      0.069443444282    3.333826416754    3.390898159713
              H      2.355445482682    3.739235827570   -1.858596587884
              H      0.689269879939    7.684396324252    3.049527180218
              H      5.142964445749    2.610421679684    1.812080275049
              H      3.174364165793   -0.052186987455    2.384302345160
              H      5.452234219173   -5.107378276953    0.645482394974
              O     -2.359103235535    6.733683735039   -1.259394048038
              H     -3.776435067944    4.750270889307    1.786770754791
              H     -3.869517031562    7.679924256760   -0.914834685753
$End
$SCF_Energy
   &GeometryIndex 7
   &Method [&Type "String"] "SCF"
   &totalEnergy [&Type "ArrayOfDoubles", &Dim (1,1)] "Total energy of each state"
                                                         0

0                                     -1.4775249583361538e+03
   &Mult [&Type "ArrayOfIntegers", &Dim (1,1)] "Multiplicity of each state"
                                                         0

0                                                        1
$End
$DFT_Energy
   &GeometryIndex 7
   &nAlphaEl [&Type "Integer"] 84
   &nBetaEl [&Type "Integer"] 84
   &nTotalEl [&Type "Integer"] 168
   &finalEn [&Type "Double"]      -1.4775249583361538e+03  "No Van der Waals correction"
   &eExchange [&Type "Double"]      -1.2097162639193303e+02
   &eCorr [&Type "Double"]      -5.8379550091940011e+00
   &eXC [&Type "Double"]      -1.2680958140112703e+02
   &eCNL [&Type "Double"]       0.0000000000000000e+00
$End
$Solvation_Details
   &GeometryIndex 7
   &Solvent [&Type "String"] "WATER"
   &Epsilon [&Type "Double"]       8.0150999999999996e+01
   &Refrac [&Type "Double"]       1.3328000000000000e+00
   &RSolv [&Type "Double"]       1.3000000000000000e+00
   &SurfaceType [&Type "String"] "GAUSSIAN VDW"
   &CPCMDielEnergy [&Type "Double"]      -1.5643280900000001e-01
   &NPoints [&Type "Integer"] 2806
   &SurfaceArea [&Type "Double"]       1.1519834038619999e+03
$End
$SCF_Timings
   &GeometryIndex 7
   &TOTAL [&Type "Double"]       7.0557271000000000e+01
   &PREP [&Type "Double"]       3.0409479999999998e+00
   &FOCK [&Type "Double"]       5.5326056999999992e+01
   &DENS [&Type "Double"]       1.9083780000000061e+00
   &ETOT [&Type "Double"]       1.0296900000000182e+00
   &TRAFO [&Type "Double"]       6.0183100000000245e-01
   &DIIS [&Type "Double"]       3.5385109999999997e+00
   &SOSCF [&Type "Double"]       1.6955239999999954e+00
   &XC [&Type "Double"]       1.2689989999999998e+01
   &FOCKSTART [&Type "Double"]       6.1668599999998586e-01
   &SOLV [&Type "Double"]       8.3035610000000055e+00
   &SOLV_INIT [&Type "Double"]       5.7483599999999990e-01
   &INT_PREP [&Type "Double"]       4.9999999980343546e-06
   &INT_BF [&Type "Double"]       8.4272600000002562e-01
   &INT_DENS [&Type "Double"]       1.1461569999997394e+00
   &INT_DENSIO [&Type "Double"]       1.1763577208900019e+05
   &INT_FUNC [&Type "Double"]       5.7165999999984507e-02
   &INT_POT [&Type "Double"]       8.7328100000000219e-01
   &INT_POTIO [&Type "Double"]       8.5416700000005541e-01
   &INT_SUM [&Type "Double"]       5.3100000000227965e-04
   &SPLITRIJ [&Type "Double"]       4.1443430000000099e+00
   &COSX [&Type "Double"]       3.0419971000000011e+01
$End
$VdW_Correction
   &GeometryIndex 7
   &vdW [&Type "Double"]      -3.5386785095833553e-02
$End
$Single_Point_Data
   &GeometryIndex 7
   &FinalEnergy [&Type "Double"]      -1.4775603451212496e+03  "Final single point energy"
   &Converged [&Type "Boolean"] true
$End
$SCF_Nuc_Gradient
   &GeometryIndex 7
   &NAtoms [&Type "Integer"] 33
   &gradNorm [&Type "Double"]       5.4630036455370415e-03
   &grad [&Type "ArrayOfDoubles", &Dim (99,1)] 
                                                         0

0                                     -1.4998444816965675e-04
1                                     -8.4792845767233283e-04
2                                     -3.6317188579264737e-05
3                                     -1.2151590506946527e-04
4                                      7.5011307382082072e-04
5                                     -1.4150433518741801e-03
6                                      6.5136510906993060e-04
7                                      5.1572323990848378e-05
8                                      8.0623644441509597e-04
9                                     -1.1619734208863988e-03
10                                    -1.1096790884223594e-03
11                                     5.4227139649695342e-04
12                                     4.4974597747071861e-04
13                                     3.7440731137816468e-04
14                                    -9.0346525878555700e-05
15                                    -4.5834705057099282e-04
16                                    -1.5519156575152223e-04
17                                    -4.6678933756528698e-05
18                                    -4.4554569533353835e-05
19                                    -2.8967416866424779e-04
20                                     6.0831512093137440e-04
21                                     5.0077825765393737e-04
22                                     5.4793497397664080e-04
23                                    -4.7047690131707268e-04
24                                    -4.5766505238828057e-04
25                                     1.3290718404653373e-03
26                                     6.0411409055255308e-04
27                                     7.4978160787636050e-04
28                                     1.6869167190666686e-04
29                                    -1.1066365952130662e-03
30                                    -2.1913178818591434e-03
31                                    -3.4619370950397311e-04
32                                    -4.9316310047402138e-04
33                                     8.5472293544374702e-04
34                                    -5.1010076968103168e-04
35                                     8.0801865549837387e-04
36                                    -9.4151750810525704e-05
37                                     9.7747745132257440e-04
38                                    -1.1962683298554099e-04
39                                     2.9670137252451901e-04
40                                    -4.0541384505448643e-04
41                                    -1.3700743061578971e-04
42                                     3.1522420569137486e-05
43                                    -1.2487226503448984e-04
44                                    -5.8474196297346806e-04
45                                    -1.7424370820366098e-04
46                                    -6.5345360609309441e-05
47                                     2.7996835828799640e-04
48                                    -3.6350346643447979e-04
49                                     2.5049357651628243e-04
50                                    -4.6324028519439622e-04
51                                     2.7216774290550065e-04
52                                     1.1583413474505549e-04
53                                     1.0789356932449359e-03
54                                     3.1292264560161935e-04
55                                    -2.6781784774155382e-05
56                                     2.5585662631973468e-04
57                                     4.1753226677824460e-04
58                                    -1.4717965354560950e-04
59                                    -1.2229197986903704e-03
60                                     1.5090067497522126e-04
61                                     1.4611118508345449e-04
62                                    -5.9908810344054834e-05
63                                    -1.9485703352170244e-04
64                                    -1.1993388849672113e-04
65                                    -1.1767927215141266e-05
66                                     1.5463907751735428e-04
67                                     1.3458457331673679e-04
68                                    -2.9064242639636421e-04
69                                    -2.5960706257371246e-04
70                                    -2.1607631205984218e-04
71                                     4.3629704261360274e-05
72                                    -1.1138974139707755e-04
73                                    -7.4720433317721470e-05
74                                    -1.0205029378671093e-04
75                                    -1.6001891128778953e-04
76                                     2.1703214610342220e-04
77                                    -4.1917117201025589e-06
78                                    -2.0178182989732038e-04
79                                     3.0364773949651067e-05
80                                    -1.3106948176567069e-04
81                                     2.4820653267073150e-05
82                                     2.6409114147692015e-05
83                                    -6.5062492434773739e-06
84                                     3.8811715605932345e-05
85                                     1.3465169733358093e-05
86                                     1.9769008992164293e-05
87                                    -5.1429317436749600e-04
88                                    -7.5487197236881617e-06
89                                     3.9649798065764715e-04
90                                     1.0141565879307382e-03
91                                    -5.0842857496955927e-04
92                                    -3.6062242961259968e-04
93                                     8.1459808236055841e-04
94                                    -1.0275574885637117e-04
95                                     1.0275884930566511e-03
96                                    -7.5962121267518219e-05
97                                    -7.5738961027865034e-05
98                                     6.8175662576353436e-04
   &Method [&Type "String"] "SCF"
   &Level [&Type "String"] "Relaxed density"
   &Mult [&Type "Integer"] 1
   &State [&Type "Integer"] 0
   &Irrep [&Type "Integer"] 0
$End
$Geometry
   &GeometryIndex 8
   &NAtoms [&Type "Integer"] 33
   &NCorelessECP [&Type "Integer"] 0
   &NGhostAtoms [&Type "Integer"] 0
   &CartesianCoordinates [&Type "Coordinates", &Dim(33,4), &Units "Bohr"] 
              N     -4.509399620055    0.456600610813   -0.399316200703
              C     -6.467360637417   -0.076631087226   -2.049541024251
              N     -8.225872232072   -1.727071807098   -1.112304787185
              C     -8.271013912977   -2.888284722724    1.238535812962
              C     -6.160912982845   -2.224299301410    2.823022301508
              C     -4.405388917419   -0.614315797363    1.946846987823
              O     -6.639183548752    0.830769273130   -4.152899561223
              O     -9.995143039021   -4.319571654322    1.787972124283
              C     -2.528152810407    2.170244885025   -1.203580214030
              C     -2.301050024735    4.631319390718    0.355795538045
              C      0.310105357968    4.336437226834    1.603927188765
              C      1.691971940957    2.618850991605   -0.234915264932
              O      1.663314121654    6.573516023129    1.981601911106
              O     -0.203410761182    0.880097372341   -1.017993973900
              C      3.871523818683    1.223837474322    0.919577549910
              O      5.174554270132   -0.130400911257   -0.983157007795
              P      7.674266367651   -1.735008650364   -0.199525677860
              O      9.316401388729   -0.195874726360    1.486889244630
              O      6.523965305202   -3.950936256150    1.585411462642
              O      8.634570593936   -2.815860707814   -2.612756607674
              H     -9.670665370455   -2.130138895726   -2.297952186843
              H     -6.018827844656   -3.036857196842    4.688925544165
              H     -2.774281246858   -0.088260453013    3.063788729334
              H     -2.958392384078    2.670135748062   -3.155445751980
              H      0.056185257253    3.306994412609    3.389269472894
              H      2.352521691940    3.736330879328   -1.855669141420
              H      0.713960079071    7.647956639048    3.101773252452
              H      5.131199850397    2.597186884353    1.817594950493
              H      3.163147917844   -0.067905588749    2.376739590840
              H      5.558727697905   -5.155658535874    0.618141197745
              O     -2.350455806648    6.740880623120   -1.250987832914
              H     -3.803377390269    4.748350001299    1.764275800731
              H     -3.871569850629    7.680693971866   -0.938861580417
$End
$SCF_Energy
   &GeometryIndex 8
   &Method [&Type "String"] "SCF"
   &totalEnergy [&Type "ArrayOfDoubles", &Dim (1,1)] "Total energy of each state"
                                                         0

0                                     -1.4775250710879945e+03
   &Mult [&Type "ArrayOfIntegers", &Dim (1,1)] "Multiplicity of each state"
                                                         0

0                                                        1
$End
$DFT_Energy
   &GeometryIndex 8
   &nAlphaEl [&Type "Integer"] 84
   &nBetaEl [&Type "Integer"] 84
   &nTotalEl [&Type "Integer"] 168
   &finalEn [&Type "Double"]      -1.4775250710879945e+03  "No Van der Waals correction"
   &eExchange [&Type "Double"]      -1.2097079858368595e+02
   &eCorr [&Type "Double"]      -5.8379226264230670e+00
   &eXC [&Type "Double"]      -1.2680872121010901e+02
   &eCNL [&Type "Double"]       0.0000000000000000e+00
$End
$Solvation_Details
   &GeometryIndex 8
   &Solvent [&Type "String"] "WATER"
   &Epsilon [&Type "Double"]       8.0150999999999996e+01
   &Refrac [&Type "Double"]       1.3328000000000000e+00
   &RSolv [&Type "Double"]       1.3000000000000000e+00
   &SurfaceType [&Type "String"] "GAUSSIAN VDW"
   &CPCMDielEnergy [&Type "Double"]      -1.5619438599999999e-01
   &NPoints [&Type "Integer"] 2802
   &SurfaceArea [&Type "Double"]       1.1520833270700000e+03
$End
$SCF_Timings
   &GeometryIndex 8
   &TOTAL [&Type "Double"]       7.1885211999999996e+01
   &PREP [&Type "Double"]       3.1103250000000000e+00
   &FOCK [&Type "Double"]       5.6594929000000008e+01
   &DENS [&Type "Double"]       1.8894859999999980e+00
   &ETOT [&Type "Double"]       1.0394039999999940e+00
   &TRAFO [&Type "Double"]       6.1814399999999736e-01
   &DIIS [&Type "Double"]       3.4561639999999993e+00
   &SOSCF [&Type "Double"]       1.7100390000000107e+00
   &XC [&Type "Double"]       1.2614550999999993e+01
   &FOCKSTART [&Type "Double"]       6.1553200000000929e-01
   &SOLV [&Type "Double"]       8.2033620000000091e+00
   &SOLV_INIT [&Type "Double"]       5.6403300000000001e-01
   &INT_PREP [&Type "Double"]       3.9999999916773277e-06
   &INT_BF [&Type "Double"]       8.3373599999991654e-01
   &INT_DENS [&Type "Double"]       1.1323010000000444e+00
   &INT_DENSIO [&Type "Double"]       1.2189396203900015e+05
   &INT_FUNC [&Type "Double"]       5.5996000000208213e-02
   &INT_POT [&Type "Double"]       8.5228099999995699e-01
   &INT_POTIO [&Type "Double"]       8.3886200000000599e-01
   &INT_SUM [&Type "Double"]       7.7799999998617864e-04
   &SPLITRIJ [&Type "Double"]       4.1297709999999963e+00
   &COSX [&Type "Double"]       3.2040564000000010e+01
$End
$VdW_Correction
   &GeometryIndex 8
   &vdW [&Type "Double"]      -3.5384800303894473e-02
$End
$Single_Point_Data
   &GeometryIndex 8
   &FinalEnergy [&Type "Double"]      -1.4775604558882985e+03  "Final single point energy"
   &Converged [&Type "Boolean"] true
$End
$SCF_Nuc_Gradient
   &GeometryIndex 8
   &NAtoms [&Type "Integer"] 33
   &gradNorm [&Type "Double"]       3.7537619653836641e-03
   &grad [&Type "ArrayOfDoubles", &Dim (99,1)] 
                                                         0

0                                      5.8459938541942434e-04
1                                     -1.7764213679488216e-04
2                                      9.3201141877190529e-06
3                                     -3.2267723307715583e-04
4                                      2.9205053769936927e-04
5                                     -5.2275513928208594e-04
6                                      3.5344482859161217e-04
7                                      6.2599749588684622e-05
8                                      1.3601768213843292e-04
9                                     -4.8207504349229467e-04
10                                    -4.6728106273658877e-04
11                                     4.3886208675867158e-04
12                                     2.6284583254976366e-04
13                                     1.6730362738732226e-04
14                                     5.0274634716898886e-05
15                                    -4.6552258739343929e-04
16                                    -2.3287415323957621e-04
17                                     2.0992506788358896e-05
18                                    -3.8898662246230665e-05
19                                    -8.8403469197813916e-05
20                                     1.1406419197671017e-04
21                                     1.4224450016237387e-04
22                                     1.7676546579460463e-04
23                                    -2.7489821905734993e-04
24                                    -5.4556959775133604e-04
25                                    -8.3433384770307032e-06
26                                     5.2226305616494013e-04
27                                     3.8506716531169245e-04
28                                     1.6239216877505247e-03
29                                    -6.5020964604462872e-04
30                                    -6.2664844438783571e-04
31                                    -5.2351643237607908e-04
32                                    -6.5346210702237561e-04
33                                     5.7637198198385567e-04
34                                    -6.6043497770052639e-05
35                                     5.5301763132438388e-04
36                                     4.3267156612462047e-04
37                                     5.5776733751234677e-04
38                                     1.7865398185659117e-04
39                                    -1.5335721591816737e-05
40                                    -2.1056636961524155e-04
41                                    -8.9249623909174147e-05
42                                     9.9812259750272763e-05
43                                    -1.1119044034098284e-04
44                                    -3.1628972117256414e-04
45                                    -6.5957837437185206e-04
46                                     3.5667230630790215e-04
47                                    -4.1095596164694324e-04
48                                     3.3771544083513423e-04
49                                     7.1487167637025338e-04
50                                     5.8895641077961656e-04
51                                     5.2854476430717000e-07
52                                    -2.9992930411909774e-04
53                                     2.7095964887076699e-04
54                                     1.3793514065239883e-04
55                                    -4.7680231050059292e-04
56                                     4.1164458070347615e-04
57                                     3.3104869657903314e-04
58                                    -1.5554299617153268e-04
59                                    -1.0204598771659829e-03
60                                     6.7323119236897529e-05
61                                     8.4058757130099719e-05
62                                    -3.6569361041086589e-05
63                                    -7.1894202594793778e-05
64                                    -4.4568492907050378e-05
65                                    -1.0100143147885013e-05
66                                     1.2962812546807794e-04
67                                     1.2255748598787738e-04
68                                    -2.0654074344764295e-04
69                                    -3.4890240215737716e-05
70                                    -7.4511904651988417e-05
71                                    -7.8193050200184641e-05
72                                    -2.1963416160580131e-05
73                                    -6.1624337595543011e-05
74                                    -1.1496038239035473e-05
75                                    -5.5727551795265096e-05
76                                     4.8526240951812894e-05
77                                    -3.8924070155492034e-05
78                                    -2.1020282620073927e-04
79                                     5.3298774208051093e-07
80                                    -1.5255623324394893e-04
81                                    -6.9597467310395205e-05
82                                     4.6511068172212113e-05
83                                     4.5174336512100112e-05
84                                     7.2435121560941333e-05
85                                     2.6795825641780927e-05
86                                     9.9264757482174767e-05
87                                    -2.8459528480443596e-04
88                                    -4.1983236420423733e-05
89                                     2.4340981888446877e-04
90                                     2.0829340636424287e-05
91                                    -1.1589520811549482e-03
92                                     5.1033784077461261e-04
93                                    -1.4462642520074977e-04
94                                    -3.2114476060313889e-04
95                                    -5.3794948499577119e-05
96                                     1.1530200791573223e-04
97                                     2.3998557264566148e-04
98                                     3.3324157318558327e-04
   &Method [&Type "String"] "SCF"
   &Level [&Type "String"] "Relaxed density"
   &Mult [&Type "Integer"] 1
   &State [&Type "Integer"] 0
   &Irrep [&Type "Integer"] 0
$End
$Geometry
   &GeometryIndex 9
   &NAtoms [&Type "Integer"] 33
   &NCorelessECP [&Type "Integer"] 0
   &NGhostAtoms [&Type "Integer"] 0
   &CartesianCoordinates [&Type "Coordinates", &Dim(33,4), &Units "Bohr"] 
              N     -4.514587954896    0.463622985722   -0.400584412735
              C     -6.465008467516   -0.084737491724   -2.054596064444
              N     -8.225336739531   -1.732178733493   -1.115668811827
              C     -8.274580503426   -2.878870748072    1.241834504804
              C     -6.171108831013   -2.203571911844    2.829547365832
              C     -4.415198602164   -0.595060275185    1.951523965755
              O     -6.629601469638    0.810417867391   -4.164209089628
              O     -9.998460742287   -4.309293605220    1.796654986018
              C     -2.531667526732    2.173455716472   -1.208042763144
              C     -2.302873507859    4.632236038903    0.356884075857
              C      0.306840284752    4.326995329060    1.611157981994
              C      1.686161118576    2.615599232523   -0.235542889987
              O      1.667029138968    6.555602142840    2.002994355550
              O     -0.209267988715    0.881107544979   -1.024688438615
              C      3.863127027701    1.214407242321    0.917626447866
              O      5.169254460027   -0.133989888876   -0.987957867415
              P      7.678129161066   -1.725164904727   -0.206640572112
              O      9.317370180334   -0.169034887449    1.465949169293
              O      6.543473426163   -3.941782488149    1.585998910615
              O      8.635883569510   -2.812812764486   -2.616479088750
              H     -9.665556832265   -2.145531260625   -2.303352331383
              H     -6.033278835943   -3.005189784045    4.700438930976
              H     -2.790435044588   -0.060537811539    3.073563093495
              H     -2.961477709944    2.677356483950   -3.158840288721
              H      0.047622209107    3.288240602561    3.390315413308
              H      2.350539458301    3.737014466203   -1.851766383313
              H      0.731250166543    7.619717513957    3.144223594047
              H      5.122236875646    2.583291112520    1.823026946987
              H      3.150941016442   -0.082581861077    2.368158018765
              H      5.626745521331   -5.178650693573    0.612346001130
              O     -2.339374764769    6.745056449819   -1.248222276435
              H     -3.815194977072    4.752661875083    1.753958465307
              H     -3.871635837259    7.675332621091   -0.964429101890
$End
$SCF_Energy
   &GeometryIndex 9
   &Method [&Type "String"] "SCF"
   &totalEnergy [&Type "ArrayOfDoubles", &Dim (1,1)] "Total energy of each state"
                                                         0

0                                     -1.4775251132016847e+03
   &Mult [&Type "ArrayOfIntegers", &Dim (1,1)] "Multiplicity of each state"
                                                         0

0                                                        1
$End
$DFT_Energy
   &GeometryIndex 9
   &nAlphaEl [&Type "Integer"] 84
   &nBetaEl [&Type "Integer"] 84
   &nTotalEl [&Type "Integer"] 168
   &finalEn [&Type "Double"]      -1.4775251132016847e+03  "No Van der Waals correction"
   &eExchange [&Type "Double"]      -1.2097124580431081e+02
   &eCorr [&Type "Double"]      -5.8380075027012062e+00
   &eXC [&Type "Double"]      -1.2680925330701201e+02
   &eCNL [&Type "Double"]       0.0000000000000000e+00
$End
$Solvation_Details
   &GeometryIndex 9
   &Solvent [&Type "String"] "WATER"
   &Epsilon [&Type "Double"]       8.0150999999999996e+01
   &Refrac [&Type "Double"]       1.3328000000000000e+00
   &RSolv [&Type "Double"]       1.3000000000000000e+00
   &SurfaceType [&Type "String"] "GAUSSIAN VDW"
   &CPCMDielEnergy [&Type "Double"]      -1.5610085600000001e-01
   &NPoints [&Type "Integer"] 2802
   &SurfaceArea [&Type "Double"]       1.1520010063570001e+03
$End
$SCF_Timings
   &GeometryIndex 9
   &TOTAL [&Type "Double"]       8.1212491000000000e+01
   &PREP [&Type "Double"]       3.5637319999999999e+00
   &FOCK [&Type "Double"]       6.4263914999999997e+01
   &DENS [&Type "Double"]       2.0046830000000000e+00
   &ETOT [&Type "Double"]       1.0903620000000007e+00
   &POP [&Type "Double"]       9.9999999747524271e-07
   &TRAFO [&Type "Double"]       7.0201599999999331e-01
   &DIIS [&Type "Double"]       3.9698040000000052e+00
   &SOSCF [&Type "Double"]       1.8719700000000046e+00
   &XC [&Type "Double"]       1.4100723000000006e+01
   &FOCKSTART [&Type "Double"]       6.3562400000000174e-01
   &SOLV [&Type "Double"]       9.5204609999999938e+00
   &SOLV_INIT [&Type "Double"]       6.7029800000000006e-01
   &INT_PREP [&Type "Double"]       2.0000000020559128e-06
   &INT_BF [&Type "Double"]       8.8499899999986020e-01
   &INT_DENS [&Type "Double"]       1.1373169999998591e+00
   &INT_DENSIO [&Type "Double"]       1.2933433719200014e+05
   &INT_FUNC [&Type "Double"]       6.0419999999981044e-02
   &INT_POT [&Type "Double"]       8.7615199999995319e-01
   &INT_POTIO [&Type "Double"]       8.5092899999999538e-01
   &INT_SUM [&Type "Double"]       6.4300000000550028e-04
   &SPLITRIJ [&Type "Double"]       4.7828750000000060e+00
   &COSX [&Type "Double"]       3.6312515000000005e+01
$End
$VdW_Correction
   &GeometryIndex 9
   &vdW [&Type "Double"]      -3.5389127488927856e-02
$End
$Single_Point_Data
   &GeometryIndex 9
   &FinalEnergy [&Type "Double"]      -1.4775605023291737e+03  "Final single point energy"
   &Converged [&Type "Boolean"] true
$End
$SCF_Nuc_Gradient
   &GeometryIndex 9
   &NAtoms [&Type "Integer"] 33
   &gradNorm [&Type "Double"]       2.6300966785349194e-03
   &grad [&Type "ArrayOfDoubles", &Dim (99,1)] 
                                                         0

0                                      5.6345753865195232e-04
1                                      1.3150040268123799e-04
2                                      8.7301531182343794e-06
3                                     -2.4716005480222944e-04
4                                     -6.6651694538039856e-05
5                                      4.6763609086520247e-05
6                                      4.3571699077867406e-05
7                                      4.7764761184611299e-05
8                                     -2.0617927058780148e-04
9                                      5.1521026005681925e-05
10                                    -5.0203264089668991e-05
11                                     1.7953970318299999e-04
12                                     1.8129034628569030e-05
13                                     2.3821761090862792e-05
14                                     4.8723987667231746e-05
15                                    -2.4084272390441689e-04
16                                    -1.5348568739992290e-04
17                                     6.4018636873015963e-05
18                                    -1.7974701966558883e-05
19                                     5.2896850090629518e-05
20                                    -6.0453067772681102e-05
21                                    -4.6690836677019552e-05
22                                    -7.3670739174222987e-07
23                                    -6.9607541745885619e-05
24                                    -1.9896971996186276e-04
25                                    -4.5887753392146602e-04
26                                     1.1491428903795116e-04
27                                     2.0423070511948067e-04
28                                     1.2213302606380301e-03
29                                    -3.2425191883888233e-06
30                                     2.2162902355602577e-04
31                                    -3.2949583253624244e-04
32                                    -2.3340438564332106e-04
33                                     6.7102825293741559e-05
34                                     2.2706421350629676e-04
35                                     1.0286675972825844e-04
36                                     4.0178749646904060e-04
37                                     5.5130936370381863e-05
38                                     2.5499867351113238e-04
39                                    -1.5955146481421930e-04
40                                    -7.0661195918785854e-05
41                                     2.0741468795614236e-05
42                                     4.6583072269736065e-05
43                                    -1.1043546991717513e-04
44                                    -2.3165086030415816e-05
45                                    -4.7473199433030727e-04
46                                     2.9576096235692955e-04
47                                    -5.2250081975704216e-04
48                                     4.9491729912267042e-04
49                                     5.0607240775197605e-04
50                                     5.7518463731220503e-04
51                                    -1.2530872255671531e-04
52                                    -3.8124964461887055e-04
53                                    -1.7692820801987449e-04
54                                     6.5032688015398082e-05
55                                    -3.5735143602441102e-04
56                                     1.8068809612305708e-04
57                                     8.8831643504116493e-05
58                                     1.9848052044583694e-05
59                                    -2.7982844347353869e-04
60                                     1.5056782579652759e-05
61                                     3.1058594191520788e-05
62                                     4.2231798121019384e-06
63                                     1.1067630877191016e-05
64                                     7.0980811143662331e-06
65                                    -6.3973055363321558e-06
66                                     6.0287576522447770e-05
67                                     8.0131754127958006e-05
68                                    -8.8747025097266438e-05
69                                     1.0063573099473359e-04
70                                     4.2482613369284187e-05
71                                    -8.0850907083610142e-05
72                                     6.6776464715042691e-05
73                                    -2.3716273536459611e-05
74                                     3.9783464129556506e-05
75                                     1.2259189408388041e-05
76                                    -4.9413983293956047e-05
77                                    -3.3337040619133406e-05
78                                    -1.6769657769598927e-04
79                                     4.0670879535694224e-05
80                                    -1.5992355860183072e-04
81                                    -7.1938399441975767e-05
82                                     4.1931599858282786e-05
83                                     4.3881875751847256e-05
84                                     6.9784249561426423e-05
85                                     3.7675848018309092e-05
86                                     8.4249841039297599e-05
87                                    -1.1888435840626777e-04
88                                    -3.5725046213168696e-05
89                                     1.3800105534170573e-04
90                                    -5.8143033794790953e-04
91                                    -8.9359919651186539e-04
92                                     3.4724368994141916e-04
93                                    -4.2058266288455602e-04
94                                    -2.6060888919516277e-04
95                                    -4.6234810058540135e-04
96                                     2.6910085036338668e-04
97                                     3.7997188943703455e-04
98                                     1.5236012773953909e-04
   &Method [&Type "String"] "SCF"
   &Level [&Type "String"] "Relaxed density"
   &Mult [&Type "Integer"] 1
   &State [&Type "Integer"] 0
   &Irrep [&Type "Integer"] 0
$End
$Geometry
   &GeometryIndex 10
   &NAtoms [&Type "Integer"] 33
   &NCorelessECP [&Type "Integer"] 0
   &NGhostAtoms [&Type "Integer"] 0
   &CartesianCoordinates [&Type "Coordinates", &Dim(33,4), &Units "Bohr"] 
              N     -4.520556664375    0.472698640595   -0.400300003442
              C     -6.463677447322   -0.090534824952   -2.057182530885
              N     -8.223675876261   -1.737616782772   -1.116661885771
              C     -8.274409358621   -2.872919257398    1.245654673201
              C     -6.176206140311   -2.187089714790    2.835123312134
              C     -4.422166306748   -0.577106383968    1.955968018862
              O     -6.622677453331    0.793079406450   -4.172349698764
              O     -9.995484653309   -4.305624138189    1.805025510538
              C     -2.536496678100    2.180088752466   -1.211896559536
              C     -2.303276939519    4.635964600918    0.356664386782
              C      0.303125460341    4.320713824939    1.616741914929
              C      1.680604884469    2.613973659740   -0.236643962458
              O      1.669161241388    6.541669872132    2.021104826596
              O     -0.215665279237    0.885406029644   -1.033715743448
              C      3.852831173089    1.204477275638    0.916442341761
              O      5.163569906727   -0.137854844996   -0.990800296102
              P      7.679161910393   -1.717405579674   -0.211489211284
              O      9.313116940193   -0.146848132819    1.452729563937
              O      6.555204920702   -3.935269170222    1.583988934090
              O      8.638363684637   -2.809113565790   -2.617759243303
              H     -9.659320550455   -2.161672655598   -2.306136222267
              H     -6.040124978304   -2.981175113320    4.709328661146
              H     -2.802711287614   -0.035463512893    3.082014021249
              H     -2.969099310051    2.687296874586   -3.160909677091
              H      0.038035794298    3.273890729120    3.390118904513
              H      2.350421048560    3.740005267735   -1.847200734241
              H      0.752204468256    7.591127814568    3.190775465623
              H      5.111815753765    2.566842004675    1.831593554684
              H      3.133670383339   -0.098635843450    2.357903454373
              H      5.684657035647   -5.198969305434    0.602603919215
              O     -2.324163587920    6.751297001727   -1.249559053689
              H     -3.820503204850    4.764524784317    1.747466643475
              H     -3.873771610630    7.663368402324   -1.003461437624
$End
$SCF_Energy
   &GeometryIndex 10
   &Method [&Type "String"] "SCF"
   &totalEnergy [&Type "ArrayOfDoubles", &Dim (1,1)] "Total energy of each state"
                                                         0

0                                     -1.4775251429874179e+03
   &Mult [&Type "ArrayOfIntegers", &Dim (1,1)] "Multiplicity of each state"
                                                         0

0                                                        1
$End
$DFT_Energy
   &GeometryIndex 10
   &nAlphaEl [&Type "Integer"] 84
   &nBetaEl [&Type "Integer"] 84
   &nTotalEl [&Type "Integer"] 168
   &finalEn [&Type "Double"]      -1.4775251429874179e+03  "No Van der Waals correction"
   &eExchange [&Type "Double"]      -1.2097193499522577e+02
   &eCorr [&Type "Double"]      -5.8381149693193235e+00
   &eXC [&Type "Double"]      -1.2681004996454509e+02
   &eCNL [&Type "Double"]       0.0000000000000000e+00
$End
$Solvation_Details
   &GeometryIndex 10
   &Solvent [&Type "String"] "WATER"
   &Epsilon [&Type "Double"]       8.0150999999999996e+01
   &Refrac [&Type "Double"]       1.3328000000000000e+00
   &RSolv [&Type "Double"]       1.3000000000000000e+00
   &SurfaceType [&Type "String"] "GAUSSIAN VDW"
   &CPCMDielEnergy [&Type "Double"]      -1.5601570300000001e-01
   &NPoints [&Type "Integer"] 2801
   &SurfaceArea [&Type "Double"]       1.1518392454670000e+03
$End
$SCF_Timings
   &GeometryIndex 10
   &TOTAL [&Type "Double"]       7.9417589000000007e+01
   &PREP [&Type "Double"]       3.8076550000000000e+00
   &FOCK [&Type "Double"]       6.2631401000000011e+01
   &DENS [&Type "Double"]       2.0151549999999929e+00
   &ETOT [&Type "Double"]       1.0873450000000044e+00
   &POP [&Type "Double"]       9.9999999747524271e-07
   &TRAFO [&Type "Double"]       6.8492599999999726e-01
   &DIIS [&Type "Double"]       3.9169000000000000e+00
   &SOSCF [&Type "Double"]       1.8775599999999955e+00
   &XC [&Type "Double"]       1.3932737000000001e+01
   &FOCKSTART [&Type "Double"]       6.3260900000001419e-01
   &SOLV [&Type "Double"]       9.4929370000000031e+00
   &SOLV_INIT [&Type "Double"]       6.8630100000000005e-01
   &INT_PREP [&Type "Double"]       4.0000000076645392e-06
   &INT_BF [&Type "Double"]       8.7404600000013666e-01
   &INT_DENS [&Type "Double"]       1.1492360000000819e+00
   &INT_DENSIO [&Type "Double"]       1.3023292032900022e+05
   &INT_FUNC [&Type "Double"]       6.3111000000398931e-02
   &INT_POT [&Type "Double"]       9.1872499999992741e-01
   &INT_POTIO [&Type "Double"]       8.7749799999992106e-01
   &INT_SUM [&Type "Double"]       4.6099999998361341e-04
   &SPLITRIJ [&Type "Double"]       4.7528860000000073e+00
   &COSX [&Type "Double"]       3.4924503999999985e+01
$End
$VdW_Correction
   &GeometryIndex 10
   &vdW [&Type "Double"]      -3.5394292990956339e-02
$End
$Single_Point_Data
   &GeometryIndex 10
   &FinalEnergy [&Type "Double"]      -1.4775605372804089e+03  "Final single point energy"
   &Converged [&Type "Boolean"] true
$End
$SCF_Nuc_Gradient
   &GeometryIndex 10
   &NAtoms [&Type "Integer"] 33
   &gradNorm [&Type "Double"]       2.4531602341218602e-03
   &grad [&Type "ArrayOfDoubles", &Dim (99,1)] 
                                                         0

0                                      2.2748784056736166e-04
1                                      2.0191367361749394e-04
2                                     -7.4185504746176098e-05
3                                     -1.3234122499499761e-04
4                                     -2.0603546059560644e-04
5                                      5.0978047255222049e-04
6                                     -1.6623276541297908e-04
7                                     -5.4787632564436055e-05
8                                     -3.8436899695462725e-04
9                                      3.5975161865119815e-04
10                                     3.8345807778061310e-04
11                                    -7.3553915429434003e-05
12                                    -1.9280236267630392e-04
13                                    -1.4583181294482633e-04
14                                    -1.5892448088952407e-05
15                                     7.0113858239756780e-05
16                                     1.8550126044216721e-05
17                                     9.2319300078078808e-05
18                                     4.2558868318894971e-05
19                                     1.0769083524211472e-04
20                                    -1.5256872508940595e-04
21                                    -1.1780164676031182e-04
22                                    -1.4932707039691181e-04
23                                     9.7518416395701201e-05
24                                     2.4468775393808942e-04
25                                    -4.8679226082591333e-04
26                                    -2.9478105600370860e-04
27                                     8.0202994268740340e-05
28                                     4.4838957145763343e-04
29                                     6.1273222555570297e-04
30                                     6.0818944724559719e-04
31                                    -2.4928176348886519e-05
32                                     2.5149675320187525e-04
33                                    -3.6141569361507545e-04
34                                     3.2518217541906234e-04
35                                    -3.3904567294624501e-04
36                                     2.1073038888627752e-04
37                                    -3.8247650736250994e-04
38                                     2.7097936832695484e-04
39                                    -1.7724506054312976e-04
40                                     1.1559929564160674e-05
41                                     1.6222996865569107e-04
42                                    -1.1647428387704262e-05
43                                    -8.0832497626100918e-05
44                                     1.9814045092529219e-04
45                                    -1.0405765435570822e-04
46                                     1.0601557302600338e-04
47                                    -3.2724192804737976e-04
48                                     3.4748605660920873e-04
49                                     6.6505494343984816e-05
50                                     3.3006984188633842e-04
51                                    -1.7322299740227948e-04
52                                    -2.6930313061081533e-04
53                                    -4.0457670181267294e-04
54                                    -2.7612959117325728e-06
55                                    -3.3116748032982615e-05
56                                    -1.2992486911512331e-04
57                                    -9.0815013332810500e-05
58                                     1.4323595198810962e-04
59                                     3.5113255553170488e-04
60                                    -2.9183423770604336e-05
61                                    -2.0839649267913259e-05
62                                     3.9996335399909480e-05
63                                     7.2236444825175722e-05
64                                     3.7594215963279113e-05
65                                    -3.0609876996866747e-06
66                                    -1.9079035049358996e-05
67                                     1.2863374380770419e-05
68                                     3.7522058655211612e-05
69                                     1.6073165499615121e-04
70                                     1.2365550460812874e-04
71                                    -2.6290692209877926e-05
72                                     1.2204476489141617e-04
73                                    -3.3412349884275007e-06
74                                     4.8666227131475301e-05
75                                     5.4386061238927019e-05
76                                    -8.3708707826910534e-05
77                                    -5.6086542985399676e-06
78                                    -9.2091984093363232e-05
79                                     1.0259602281332633e-04
80                                    -1.6367267853617442e-04
81                                    -3.2916341278987270e-05
82                                     2.6046981137739590e-05
83                                     1.7446356536820665e-05
84                                     4.0495520002948685e-05
85                                     2.2240385004955682e-05
86                                     2.3268660980906139e-05
87                                     3.8694460241628451e-05
88                                    -1.5285148053781474e-05
89                                     2.1245179990761245e-05
90                                    -9.0148006491264912e-04
91                                    -4.3972516259908640e-04
92                                    -2.3560799084162433e-04
93                                    -4.3605002973207531e-04
94                                    -1.8286983221597091e-04
95                                    -5.5437663683188625e-04
96                                     3.6134625203319007e-04
97                                     4.4170314762718808e-04
98                                     1.2021325741764095e-04
   &Method [&Type "String"] "SCF"
   &Level [&Type "String"] "Relaxed density"
   &Mult [&Type "Integer"] 1
   &State [&Type "Integer"] 0
   &Irrep [&Type "Integer"] 0
$End
$Geometry
   &GeometryIndex 11
   &NAtoms [&Type "Integer"] 33
   &NCorelessECP [&Type "Integer"] 0
   &NGhostAtoms [&Type "Integer"] 0
   &CartesianCoordinates [&Type "Coordinates", &Dim(33,4), &Units "Bohr"] 
              N     -4.528331907738    0.487195197217   -0.398616586966
              C     -6.461933443647   -0.096378362630   -2.058509577369
              N     -8.218915757910   -1.745607979782   -1.115301785552
              C     -8.268098874658   -2.870300744110    1.251159764821
              C     -6.175966594197   -2.169936879142    2.841688674024
              C     -4.427265531327   -0.554790614902    1.961137262760
              O     -6.617244608719    0.774282946330   -4.179502721623
              O     -9.984163940325   -4.307332837881    1.816333294711
              C     -2.544830402502    2.193878159364   -1.216681895568
              C     -2.302934798079    4.645960136197    0.354941149509
              C      0.297406025060    4.316397500029    1.622044708184
              C      1.673850168091    2.615272860315   -0.238856125117
              O      1.670762285117    6.527569329619    2.044219394323
              O     -0.224424543402    0.896971642691   -1.050348097326
              C      3.836910990980    1.192059097199    0.915557752528
              O      5.153913877258   -0.143388345974   -0.992525802215
              P      7.676033172854   -1.710310887396   -0.215468456552
              O      9.301992443472   -0.123696776715    1.442034748894
              O      6.562201533670   -3.930669311303    1.580228494040
              O      8.639198502758   -2.805545175288   -2.617774617140
              H     -9.649025391921   -2.183592869861   -2.306426896948
              H     -6.039644156611   -2.956740500531    4.718939460430
              H     -2.813772105603   -0.004257792297    3.091019512585
              H     -2.985614952833    2.704548515738   -3.162521135623
              H      0.023024473649    3.258751954974    3.387239443296
              H      2.353380944494    3.748476651585   -1.840094343385
              H      0.787566105427    7.547742941922    3.264595209841
              H      5.096639943566    2.543502139267    1.845403994505
              H      3.105046647888   -0.118808626908    2.343468760995
              H      5.751397526080   -5.225131690553    0.587954123695
              O     -2.299355611309    6.764311937170   -1.252628358676
              H     -3.823126173749    4.788242230354    1.741152004587
              H     -3.882718566986    7.634452270614   -1.078679506467
$End
$SCF_Energy
   &GeometryIndex 11
   &Method [&Type "String"] "SCF"
   &totalEnergy [&Type "ArrayOfDoubles", &Dim (1,1)] "Total energy of each state"
                                                         0

0                                     -1.4775251842238836e+03
   &Mult [&Type "ArrayOfIntegers", &Dim (1,1)] "Multiplicity of each state"
                                                         0

0                                                        1
$End
$DFT_Energy
   &GeometryIndex 11
   &nAlphaEl [&Type "Integer"] 84
   &nBetaEl [&Type "Integer"] 84
   &nTotalEl [&Type "Integer"] 168
   &finalEn [&Type "Double"]      -1.4775251842238836e+03  "No Van der Waals correction"
   &eExchange [&Type "Double"]      -1.2097269294800925e+02
   &eCorr [&Type "Double"]      -5.8382382088697984e+00
   &eXC [&Type "Double"]      -1.2681093115687905e+02
   &eCNL [&Type "Double"]       0.0000000000000000e+00
$End
$Solvation_Details
   &GeometryIndex 11
   &Solvent [&Type "String"] "WATER"
   &Epsilon [&Type "Double"]       8.0150999999999996e+01
   &Refrac [&Type "Double"]       1.3328000000000000e+00
   &RSolv [&Type "Double"]       1.3000000000000000e+00
   &SurfaceType [&Type "String"] "GAUSSIAN VDW"
   &CPCMDielEnergy [&Type "Double"]      -1.5587002799999999e-01
   &NPoints [&Type "Integer"] 2794
   &SurfaceArea [&Type "Double"]       1.1515969928170000e+03
$End
$SCF_Timings
   &GeometryIndex 11
   &TOTAL [&Type "Double"]       7.4017199000000005e+01
   &PREP [&Type "Double"]       2.6557450000000000e+00
   &FOCK [&Type "Double"]       5.8707579000000003e+01
   &DENS [&Type "Double"]       1.8731460000000055e+00
   &ETOT [&Type "Double"]       1.0451900000000052e+00
   &TRAFO [&Type "Double"]       6.3613599999999337e-01
   &DIIS [&Type "Double"]       3.4557510000000065e+00
   &SOSCF [&Type "Double"]       1.6878159999999998e+00
   &XC [&Type "Double"]       1.2581043000000008e+01
   &FOCKSTART [&Type "Double"]       6.2018600000001278e-01
   &SOLV [&Type "Double"]       8.2886020000000098e+00
   &SOLV_INIT [&Type "Double"]       5.0534599999999985e-01
   &INT_PREP [&Type "Double"]       5.9999999884041699e-06
   &INT_BF [&Type "Double"]       8.8233499999997278e-01
   &INT_DENS [&Type "Double"]       1.2070319999999288e+00
   &INT_DENSIO [&Type "Double"]       1.2079218151800011e+05
   &INT_FUNC [&Type "Double"]       6.0508000000099926e-02
   &INT_POT [&Type "Double"]       9.4044499999995601e-01
   &INT_POTIO [&Type "Double"]       7.7358299999992042e-01
   &INT_SUM [&Type "Double"]       5.5600000000843863e-04
   &SPLITRIJ [&Type "Double"]       4.2005370000000131e+00
   &COSX [&Type "Double"]       3.4037920000000000e+01
$End
$VdW_Correction
   &GeometryIndex 11
   &vdW [&Type "Double"]      -3.5401425907492484e-02
$End
$Single_Point_Data
   &GeometryIndex 11
   &FinalEnergy [&Type "Double"]      -1.4775605856497912e+03  "Final single point energy"
   &Converged [&Type "Boolean"] true
$End
$SCF_Nuc_Gradient
   &GeometryIndex 11
   &NAtoms [&Type "Integer"] 33
   &gradNorm [&Type "Double"]       3.8903600855239797e-03
   &grad [&Type "ArrayOfDoubles", &Dim (99,1)] 
                                                         0

0                                     -4.1038658179344415e-04
1                                      1.7380872497290949e-04
2                                     -2.0875035775648585e-04
3                                      1.6487589984803911e-04
4                                     -3.4995256661758320e-04
5                                      8.6685768492155357e-04
6                                     -3.9755366576098885e-04
7                                     -1.2336084923113852e-04
8                                     -4.1309722080327526e-04
9                                      6.7922855794257770e-04
10                                     6.4493375379230699e-04
11                                    -4.7141362054009187e-04
12                                    -4.2790718817444911e-04
13                                    -2.7096025942015408e-04
14                                    -7.3945380212773115e-05
15                                     4.8978917222295402e-04
16                                     2.5716343626318528e-04
17                                     8.6054308902598623e-05
18                                     7.8630716793633371e-05
19                                     1.6021833288929079e-04
20                                    -1.8743079262472338e-04
21                                    -1.8426327998925720e-04
22                                    -2.1667553604695866e-04
23                                     2.9914788877208884e-04
24                                     7.4879261412111135e-04
25                                    -2.5358176671763465e-04
26                                    -6.7512512815515711e-04
27                                    -5.4046646778085751e-05
28                                    -4.8852516541836484e-04
29                                     1.2427234114688228e-03
30                                     7.1259130967353318e-04
31                                     3.9384506253295107e-04
32                                     7.3866766435907007e-04
33                                    -6.9287533510039266e-04
34                                     2.5835270549986328e-04
35                                    -7.5114623762465992e-04
36                                    -7.5490431031629223e-05
37                                    -7.9090873970243830e-04
38                                     2.4609692971300917e-04
39                                    -1.1596942427915177e-04
40                                     5.2025491999467436e-05
41                                     3.2738020340949590e-04
42                                    -5.2897373682210980e-05
43                                     2.4849727779041868e-05
44                                     3.6637729503176674e-04
45                                     4.1752812394390594e-04
46                                    -1.5865118197499884e-04
47                                     1.0770022149811754e-04
48                                    -7.5630218631921790e-05
49                                    -5.4622590759263040e-04
50                                     3.8133277724785405e-05
51                                    -1.6330005296689282e-04
52                                     2.9958541269132427e-05
53                                    -5.0003615599836064e-04
54                                    -1.0540107853633122e-04
55                                     4.3367625523848521e-04
56                                    -4.9162127960609352e-04
57                                    -2.0170224504336169e-04
58                                     1.5422899719389884e-04
59                                     8.2560243447078350e-04
60                                    -7.0283555935485206e-05
61                                    -7.4532726366343630e-05
62                                     8.1194637612225858e-05
63                                     1.1274683959863441e-04
64                                     6.6498925965778255e-05
65                                     5.5611374301406012e-06
66                                    -1.0455157614748872e-04
67                                    -9.0100333801413344e-05
68                                     1.9013984454895717e-04
69                                     1.5558740920133070e-04
70                                     1.8091538837926080e-04
71                                     6.5826613139097900e-05
72                                     1.3724423303991461e-04
73                                    -2.4397402758100176e-05
74                                     2.3515930900240648e-05
75                                     8.1945515586681844e-05
76                                    -6.7871373422407567e-05
77                                     4.1736123095211116e-05
78                                     2.7619280866097735e-05
79                                     1.7846286771620482e-04
80                                    -1.4032160897616632e-04
81                                     3.3216491862012601e-05
82                                    -1.9162108722418781e-05
83                                    -2.8360590772577362e-05
84                                    -2.0990490370759448e-05
85                                    -1.3237392136224210e-05
86                                    -7.3356033885218952e-05
87                                     2.4045515322538698e-04
88                                     2.2427542508374345e-05
89                                    -1.4426190373198900e-04
90                                    -1.0659521973759285e-03
91                                     7.5797044497275337e-05
92                                    -1.1636829156684715e-03
93                                    -2.9601258564155111e-04
94                                    -9.2626365596503894e-05
95                                    -4.7512594570849867e-04
96                                     4.3496260256113716e-04
97                                     4.7360688311027859e-04
98                                     2.4495952963967971e-04
   &Method [&Type "String"] "SCF"
   &Level [&Type "String"] "Relaxed density"
   &Mult [&Type "Integer"] 1
   &State [&Type "Integer"] 0
   &Irrep [&Type "Integer"] 0
$End
$Geometry
   &GeometryIndex 12
   &NAtoms [&Type "Integer"] 33
   &NCorelessECP [&Type "Integer"] 0
   &NGhostAtoms [&Type "Integer"] 0
   &CartesianCoordinates [&Type "Coordinates", &Dim(33,4), &Units "Bohr"] 
              N     -4.541363333430    0.517204619785   -0.393452868721
              C     -6.459226158816   -0.102132038842   -2.056994184809
              N     -8.206432865205   -1.759789039059   -1.108761552229
              C     -8.248255680401   -2.871631011837    1.262307342713
              C     -6.164449201958   -2.146601617850    2.852109709860
              C     -4.429873787567   -0.517300416720    1.969284385102
              O     -6.612420805598    0.747813768700   -4.186672566911
              O     -9.950856589755   -4.322215277442    1.835215272676
              C     -2.562492177030    2.226397562848   -1.224286464892
              C     -2.302396831398    4.671479414611    0.351883260468
              C      0.285730801338    4.315024573542    1.630140576858
              C      1.662208125385    2.624276384648   -0.242844953268
              O      1.671168253704    6.509216499489    2.086522913625
              O     -0.240293119714    0.927956342037   -1.086750637369
              C      3.804654036174    1.172487900784    0.915430174470
              O      5.131638457800   -0.152830001259   -0.992904351548
              P      7.662160292588   -1.702435625816   -0.220148575679
              O      9.275249098392   -0.092856090071    1.429617076529
              O      6.561976902574   -3.928527788868    1.572595258260
              O      8.632166976417   -2.801848945282   -2.617348031116
              H     -9.626618387851   -2.222929097469   -2.302284625594
              H     -6.022622088865   -2.926085988209    4.732013502387
              H     -2.824862923403    0.047634905848    3.103275159092
              H     -3.023870099611    2.742569743042   -3.163219339537
              H     -0.006727144736    3.237860769104    3.379826140116
              H      2.362924299056    3.771573486469   -1.824530193809
              H      0.864575550431    7.457171612494    3.413356436429
              H      5.067074263104    2.501392310402    1.873062581507
              H      3.046035570565   -0.150678468843    2.317848582682
              H      5.852421548460   -5.268363867591    0.563248298260
              O     -2.249881460198    6.796113408746   -1.254041392175
              H     -3.825035279692    4.840085209372    1.732927001939
              H     -3.900348961912    7.553092878548   -1.261242088112
$End
$SCF_Energy
   &GeometryIndex 12
   &Method [&Type "String"] "SCF"
   &totalEnergy [&Type "ArrayOfDoubles", &Dim (1,1)] "Total energy of each state"
                                                         0

0                                     -1.4775252783850524e+03
   &Mult [&Type "ArrayOfIntegers", &Dim (1,1)] "Multiplicity of each state"
                                                         0

0                                                        1
$End
$DFT_Energy
   &GeometryIndex 12
   &nAlphaEl [&Type "Integer"] 84
   &nBetaEl [&Type "Integer"] 84
   &nTotalEl [&Type "Integer"] 168
   &finalEn [&Type "Double"]      -1.4775252783850524e+03  "No Van der Waals correction"
   &eExchange [&Type "Double"]      -1.2097359552225574e+02
   &eCorr [&Type "Double"]      -5.8384063206330854e+00
   &eXC [&Type "Double"]      -1.2681200184288882e+02
   &eCNL [&Type "Double"]       0.0000000000000000e+00
$End
$Solvation_Details
   &GeometryIndex 12
   &Solvent [&Type "String"] "WATER"
   &Epsilon [&Type "Double"]       8.0150999999999996e+01
   &Refrac [&Type "Double"]       1.3328000000000000e+00
   &RSolv [&Type "Double"]       1.3000000000000000e+00
   &SurfaceType [&Type "String"] "GAUSSIAN VDW"
   &CPCMDielEnergy [&Type "Double"]      -1.5551975600000001e-01
   &NPoints [&Type "Integer"] 2785
   &SurfaceArea [&Type "Double"]       1.1508347641900000e+03
$End
$SCF_Timings
   &GeometryIndex 12
   &TOTAL [&Type "Double"]       7.6332405000000008e+01
   &PREP [&Type "Double"]       3.0492130000000000e+00
   &FOCK [&Type "Double"]       6.0075409999999998e+01
   &DENS [&Type "Double"]       2.0636179999999911e+00
   &ETOT [&Type "Double"]       1.1525000000000141e+00
   &POP [&Type "Double"]       9.9999999747524271e-07
   &TRAFO [&Type "Double"]       6.3199300000001557e-01
   &DIIS [&Type "Double"]       3.5254279999999980e+00
   &SOSCF [&Type "Double"]       2.0859640000000077e+00
   &XC [&Type "Double"]       1.3883820999999992e+01
   &FOCKSTART [&Type "Double"]       6.5319200000000510e-01
   &SOLV [&Type "Double"]       8.6620980000000074e+00
   &SOLV_INIT [&Type "Double"]       5.2291099999999990e-01
   &INT_PREP [&Type "Double"]       5.9999999955095973e-06
   &INT_BF [&Type "Double"]       9.1404000000006391e-01
   &INT_DENS [&Type "Double"]       1.2283190000002033e+00
   &INT_DENSIO [&Type "Double"]       1.3983986881000022e+05
   &INT_FUNC [&Type "Double"]       6.3429000000320812e-02
   &INT_POT [&Type "Double"]       9.5359299999969593e-01
   &INT_POTIO [&Type "Double"]       9.3543999999987903e-01
   &INT_SUM [&Type "Double"]       9.2999999998610861e-04
   &SPLITRIJ [&Type "Double"]       4.5542879999999872e+00
   &COSX [&Type "Double"]       3.3107631000000019e+01
$End
$VdW_Correction
   &GeometryIndex 12
   &vdW [&Type "Double"]      -3.5418110117661050e-02
$End
$Single_Point_Data
   &GeometryIndex 12
   &FinalEnergy [&Type "Double"]      -1.4775606964951701e+03  "Final single point energy"
   &Converged [&Type "Boolean"] true
$End
$SCF_Nuc_Gradient
   &GeometryIndex 12
   &NAtoms [&Type "Integer"] 33
   &gradNorm [&Type "Double"]       7.2434789917203111e-03
   &grad [&Type "ArrayOfDoubles", &Dim (99,1)] 
                                                         0

0                                     -1.5290666537649425e-03
1                                     -1.6870026411245525e-05
2                                     -4.4886043058608868e-04
3                                      7.0564572695187193e-04
4                                     -3.9457564626592997e-04
5                                      1.2683594873017896e-03
6                                     -6.5564780269537380e-04
7                                     -3.0283052079736338e-04
8                                     -3.1715946467328918e-04
9                                      8.5403900099210994e-04
10                                     1.1158128639218142e-03
11                                    -9.9418906783871135e-04
12                                    -6.5185599886156530e-04
13                                    -4.9763977564592685e-04
14                                    -1.6787060544343774e-04
15                                     1.1239269778143995e-03
16                                     6.5700284182854975e-04
17                                     2.2600234321743534e-05
18                                     1.1442295522287447e-04
19                                     1.6026792399123307e-04
20                                    -2.1017507273749062e-04
21                                    -1.7294562095361088e-04
22                                    -3.3827082051953084e-04
23                                     5.3068903964355167e-04
24                                     1.4229693173995856e-03
25                                     2.1694761524908187e-04
26                                    -1.0869467896185766e-03
27                                    -4.2028605848736428e-04
28                                    -1.8807145051205911e-03
29                                     1.9571108852519479e-03
30                                     5.8398723232244666e-04
31                                     1.1604952585130696e-03
32                                     1.3176619933064533e-03
33                                    -9.4296032162218598e-04
34                                    -8.2383165854522553e-06
35                                    -1.1776647306043504e-03
36                                    -5.8469564601579586e-04
37                                    -1.3085011749784151e-03
38                                     5.8320069943207121e-05
39                                     8.2766058022703341e-05
40                                     3.8672630025372406e-05
41                                     5.5780378966164776e-04
42                                    -8.3297739535409011e-05
43                                     2.7009057018969441e-04
44                                     5.0758343409116030e-04
45                                     1.2566313273239995e-03
46                                    -5.4549831685371216e-04
47                                     9.3246400587255768e-04
48                                    -9.5367483171541903e-04
49                                    -1.5400581809104064e-03
50                                    -3.6130891361724259e-04
51                                    -8.2016977552789932e-05
52                                     6.6516027722260276e-04
53                                    -4.6877762962338384e-04
54                                    -2.8982505332201760e-04
55                                     1.1366021984173247e-03
56                                    -9.8086321753734188e-04
57                                    -2.6904548826609594e-04
58                                     1.0170586320194672e-06
59                                     1.2253830651151858e-03
60                                    -1.1148471902648175e-04
61                                    -1.5178859591690494e-04
62                                     1.3318701424982332e-04
63                                     1.4556051901820760e-04
64                                     8.5401911017932172e-05
65                                     1.4051287353593751e-05
66                                    -2.2090368535935683e-04
67                                    -2.4050924865426097e-04
68                                     4.3030988728682098e-04
69                                     7.9877205296181105e-05
70                                     2.4384658973791736e-04
71                                     2.4309227869124893e-04
72                                     6.1657694407574569e-05
73                                    -1.3931437899073260e-04
74                                    -6.8247668702429379e-05
75                                     1.0025227731147015e-04
76                                     1.2663565352223353e-05
77                                     1.1551223716223285e-04
78                                     2.7604300545463101e-04
79                                     2.2856494687411945e-04
80                                     3.2410089014133761e-05
81                                     1.5185962112285173e-04
82                                    -1.1971576026925879e-04
83                                    -1.0430360849249574e-04
84                                    -1.4445170533122469e-04
85                                    -7.6275817530506668e-05
86                                    -2.3111598209999432e-04
87                                     5.7016493888420840e-04
88                                     1.2105552684599433e-04
89                                    -4.3533599055276738e-04
90                                    -1.0242866315310910e-03
91                                     9.2811316682114256e-04
92                                    -2.6674752204798452e-03
93                                     9.8169756068537789e-05
94                                     8.6199689934516167e-05
95                                    -2.1868104715487883e-04
96                                     5.0847128839719602e-04
97                                     4.3288646745156216e-04
98                                     5.9243660828723309e-04
   &Method [&Type "String"] "SCF"
   &Level [&Type "String"] "Relaxed density"
   &Mult [&Type "Integer"] 1
   &State [&Type "Integer"] 0
   &Irrep [&Type "Integer"] 0
$End
$Geometry
   &GeometryIndex 13
   &NAtoms [&Type "Integer"] 33
   &NCorelessECP [&Type "Integer"] 0
   &NGhostAtoms [&Type "Integer"] 0
   &CartesianCoordinates [&Type "Coordinates", &Dim(33,4), &Units "Bohr"] 
              N     -4.544641027965    0.531767887329   -0.388199621670
              C     -6.459513742753   -0.096784177581   -2.051374756286
              N     -8.199217721794   -1.762267023646   -1.102179049480
              C     -8.231785976732   -2.880459060163    1.265525874795
              C     -6.147671494514   -2.149989793219    2.852728307729
              C     -4.422444083053   -0.510342929399    1.970628233102
              O     -6.618437723254    0.752463742229   -4.180726830885
              O     -9.927167918070   -4.339143244909    1.838759073408
              C     -2.571531353948    2.246771027718   -1.224349846265
              C     -2.301993191506    4.687769607802    0.353320222326
              C      0.281876685340    4.323863007432    1.631822969241
              C      1.659380528729    2.635513537953   -0.243822689948
              O      1.668963065456    6.515037033145    2.098005312557
              O     -0.245491757358    0.951260898683   -1.106965412833
              C      3.789201069900    1.168382261686    0.918194887101
              O      5.118613571418   -0.156058803657   -0.988634005243
              P      7.648755756948   -1.704864941023   -0.218503120097
              O      9.259823908595   -0.092767005343    1.432338925657
              O      6.548751413576   -3.933742512826    1.570292951623
              O      8.620320301132   -2.804086967028   -2.615762804279
              H     -9.617465586433   -2.231401516582   -2.295690765095
              H     -5.998435170421   -2.934754733490    4.729888589870
              H     -2.817404914262    0.055735428665    3.103371170135
              H     -3.047802220963    2.764689549942   -3.159096304704
              H     -0.015653482180    3.242437634930    3.377439456699
              H      2.372507195309    3.788821437662   -1.815468082571
              H      0.909165678694    7.417921401635    3.482424257401
              H      5.054498651605    2.485688623425    1.887789629617
              H      3.015690413200   -0.157596963681    2.309921236873
              H      5.865444179278   -5.282255892817    0.554335028008
              O     -2.228633262833    6.816591983643   -1.247877450708
              H     -3.820610444024    4.868124850499    1.738343099476
              H     -3.915134068269    7.476801766298   -1.391296638354
$End
$SCF_Energy
   &GeometryIndex 13
   &Method [&Type "String"] "SCF"
   &totalEnergy [&Type "ArrayOfDoubles", &Dim (1,1)] "Total energy of each state"
                                                         0

0                                     -1.4775253842722041e+03
   &Mult [&Type "ArrayOfIntegers", &Dim (1,1)] "Multiplicity of each state"
                                                         0

0                                                        1
$End
$DFT_Energy
   &GeometryIndex 13
   &nAlphaEl [&Type "Integer"] 84
   &nBetaEl [&Type "Integer"] 84
   &nTotalEl [&Type "Integer"] 168
   &finalEn [&Type "Double"]      -1.4775253842722041e+03  "No Van der Waals correction"
   &eExchange [&Type "Double"]      -1.2097347644507445e+02
   &eCorr [&Type "Double"]      -5.8383943751309033e+00
   &eXC [&Type "Double"]      -1.2681187082020536e+02
   &eCNL [&Type "Double"]       0.0000000000000000e+00
$End
$Solvation_Details
   &GeometryIndex 13
   &Solvent [&Type "String"] "WATER"
   &Epsilon [&Type "Double"]       8.0150999999999996e+01
   &Refrac [&Type "Double"]       1.3328000000000000e+00
   &RSolv [&Type "Double"]       1.3000000000000000e+00
   &SurfaceType [&Type "String"] "GAUSSIAN VDW"
   &CPCMDielEnergy [&Type "Double"]      -1.5524656700000000e-01
   &NPoints [&Type "Integer"] 2790
   &SurfaceArea [&Type "Double"]       1.1509043039710000e+03
$End
$SCF_Timings
   &GeometryIndex 13
   &TOTAL [&Type "Double"]       6.4092506000000000e+01
   &PREP [&Type "Double"]       3.0237129999999999e+00
   &FOCK [&Type "Double"]       4.9461477000000002e+01
   &DENS [&Type "Double"]       1.6592010000000030e+00
   &ETOT [&Type "Double"]       9.1693300000001443e-01
   &TRAFO [&Type "Double"]       6.1925099999999667e-01
   &DIIS [&Type "Double"]       3.4782130000000020e+00
   &SOSCF [&Type "Double"]       1.2830380000000012e+00
   &XC [&Type "Double"]       1.1217137000000001e+01
   &FOCKSTART [&Type "Double"]       5.4574600000000473e-01
   &SOLV [&Type "Double"]       7.1621699999999926e+00
   &SOLV_INIT [&Type "Double"]       5.7248699999999997e-01
   &INT_PREP [&Type "Double"]       9.9999999925159955e-07
   &INT_BF [&Type "Double"]       7.5294400000008466e-01
   &INT_DENS [&Type "Double"]       9.9959299999993156e-01
   &INT_DENSIO [&Type "Double"]       9.4805026792000135e+04
   &INT_FUNC [&Type "Double"]       5.1419999999959387e-02
   &INT_POT [&Type "Double"]       7.9590100000006814e-01
   &INT_POTIO [&Type "Double"]       7.0796500000004237e-01
   &INT_SUM [&Type "Double"]       7.4199999999180477e-04
   &SPLITRIJ [&Type "Double"]       3.6984500000000011e+00
   &COSX [&Type "Double"]       2.8453637999999987e+01
$End
$VdW_Correction
   &GeometryIndex 13
   &vdW [&Type "Double"]      -3.5426380211404734e-02
$End
$Single_Point_Data
   &GeometryIndex 13
   &FinalEnergy [&Type "Double"]      -1.4775608106524155e+03  "Final single point energy"
   &Converged [&Type "Boolean"] true
$End
$SCF_Nuc_Gradient
   &GeometryIndex 13
   &NAtoms [&Type "Integer"] 33
   &gradNorm [&Type "Double"]       8.0326997173987523e-03
   &grad [&Type "ArrayOfDoubles", &Dim (99,1)] 
                                                         0

0                                     -2.0094549423523762e-03
1                                     -1.7048446772273353e-04
2                                     -4.7667460248849064e-04
3                                      9.9943240912192012e-04
4                                     -2.8440465719249973e-04
5                                      1.0573530572142607e-03
6                                     -6.6080152122607015e-04
7                                     -2.9661591095929391e-04
8                                     -3.2893454829745317e-05
9                                      7.4428448779085426e-04
10                                     9.1915065644241636e-04
11                                    -1.1682103312200065e-03
12                                    -5.9630673570778788e-04
13                                    -4.3862458023864888e-04
14                                    -1.4572759209258003e-04
15                                     1.2500987101023240e-03
16                                     7.4486615163639133e-04
17                                    -5.1615669448204783e-05
18                                     9.3082185951360485e-05
19                                     9.2455506070811364e-05
20                                    -1.1247205523007959e-04
21                                    -1.2687362252062866e-04
22                                    -2.4552001192389925e-04
23                                     5.4678361661563498e-04
24                                     1.4404764166954449e-03
25                                     5.8914098490203811e-04
26                                    -1.0252591034304879e-03
27                                    -6.0340964326716974e-04
28                                    -2.5037401510872863e-03
29                                     1.7825903956028945e-03
30                                     2.0783303069887683e-04
31                                     1.5273087719262614e-03
32                                     1.2623314139485469e-03
33                                    -7.1752299345268313e-04
34                                    -3.1841819979042547e-04
35                                    -1.0444624626861111e-03
36                                    -7.9227298624870066e-04
37                                    -1.2382307386861165e-03
38                                     1.0677296072673654e-05
39                                     2.5166225083701006e-04
40                                    -3.6352888642462587e-06
41                                     5.1869607130009497e-04
42                                    -7.4287224712624080e-05
43                                     4.2422209637237772e-04
44                                     4.1882329706926895e-04
45                                     1.5401392188676957e-03
46                                    -6.9071441454903642e-04
47                                     1.3537010768435807e-03
48                                    -1.4955037034797831e-03
49                                    -1.8008429081625499e-03
50                                    -5.4028352643621940e-04
51                                     1.0343334243066450e-04
52                                     1.0576293065767688e-03
53                                    -2.2646291367511086e-04
54                                    -3.7068039272036997e-04
55                                     1.2758172476696496e-03
56                                    -1.0241973215099594e-03
57                                    -1.6677181337837989e-04
58                                    -2.0536212125482292e-04
59                                     1.0079158213007837e-03
60                                    -9.5923033379660753e-05
61                                    -1.5643299469889985e-04
62                                     1.2523033355028317e-04
63                                     9.8676033019411046e-05
64                                     6.6486194651093068e-05
65                                     1.6260148809365502e-05
66                                    -2.9887256757041536e-04
67                                    -3.6602987900477980e-04
68                                     4.4023224939580103e-04
69                                    -4.2645136061249814e-05
70                                     2.0915284449033499e-04
71                                     3.1244608140292528e-04
72                                    -1.7609885130463390e-05
73                                    -1.5153306264718657e-04
74                                    -1.2131582116068926e-04
75                                     7.2659382871142746e-05
76                                     8.6435521562074815e-05
77                                     1.4233887069112374e-04
78                                     4.0212522715191439e-04
79                                     2.0520071644964394e-04
80                                     9.3529110635877404e-05
81                                     1.9936068754534991e-04
82                                    -1.6929633213528183e-04
83                                    -1.3799759430217312e-04
84                                    -2.1294268896640295e-04
85                                    -1.0546873311877882e-04
86                                    -2.8568222028731789e-04
87                                     6.5128102888688309e-04
88                                     1.5755663543027661e-04
89                                    -5.4506694285237579e-04
90                                    -5.1686604025817369e-04
91                                     1.2169364338079575e-03
92                                    -3.0846573156007870e-03
93                                     4.1161505485499625e-04
94                                     2.5870142064019440e-04
95                                     9.5613689957047503e-05
96                                     3.3258543714028023e-04
97                                     3.1429396912817376e-04
98                                     8.3845636693614630e-04
   &Method [&Type "String"] "SCF"
   &Level [&Type "String"] "Relaxed density"
   &Mult [&Type "Integer"] 1
   &State [&Type "Integer"] 0
   &Irrep [&Type "Integer"] 0
$End
$Geometry
   &GeometryIndex 14
   &NAtoms [&Type "Integer"] 33
   &NCorelessECP [&Type "Integer"] 0
   &NGhostAtoms [&Type "Integer"] 0
   &CartesianCoordinates [&Type "Coordinates", &Dim(33,4), &Units "Bohr"] 
              N     -4.536225318179    0.528833525110   -0.383765818493
              C     -6.462683893572   -0.080432528459   -2.042574738658
              N     -8.197709599931   -1.751286985190   -1.094427026716
              C     -8.222292487165   -2.893523347084    1.263093332736
              C     -6.128065333406   -2.177468080330    2.845360560323
              C     -4.405962911549   -0.533752002624    1.965065997654
              O     -6.635323803076    0.786535016287   -4.162998200426
              O     -9.917561969917   -4.354407236133    1.826951659822
              C     -2.570041539481    2.252038154050   -1.217512795456
              C     -2.299811056311    4.693991155774    0.356208285943
              C      0.286020880807    4.340669166408    1.625612308603
              C      1.667765673491    2.647203849899   -0.240921210981
              O      1.663471376050    6.544627524329    2.079894625783
              O     -0.237685927117    0.963525662765   -1.109746857422
              C      3.794763760980    1.180459926742    0.924585143743
              O      5.118957808544   -0.150565088146   -0.979786232130
              P      7.639931688284   -1.717480681606   -0.211276185378
              O      9.260645073223   -0.129695003360    1.454716868196
              O      6.525969754013   -3.948852457408    1.571130113138
              O      8.606790677449   -2.806737771828   -2.617349248730
              H     -9.622283357435   -2.206496248266   -2.285902118221
              H     -5.970519365967   -2.978878997125    4.714854623827
              H     -2.791155688741    0.021416883359    3.089377839795
              H     -3.054771243985    2.765200042546   -3.152139267667
              H     -0.006055631669    3.269883120289    3.378368404521
              H      2.382724752573    3.798536387696   -1.813425118407
              H      0.907668425965    7.436820928351    3.473164257455
              H      5.061842515397    2.499543651964    1.889848514125
              H      3.020876953756   -0.139415585882    2.322254685982
              H      5.785320864001   -5.268845203366    0.557512947978
              O     -2.233543146073    6.824107985944   -1.235270921892
              H     -3.808895491241    4.868167542960    1.754501837640
              H     -3.940205160868    7.409402807648   -1.460224419488
$End
$SCF_Energy
   &GeometryIndex 14
   &Method [&Type "String"] "SCF"
   &totalEnergy [&Type "ArrayOfDoubles", &Dim (1,1)] "Total energy of each state"
                                                         0

0                                     -1.4775255658774995e+03
   &Mult [&Type "ArrayOfIntegers", &Dim (1,1)] "Multiplicity of each state"
                                                         0

0                                                        1
$End
$DFT_Energy
   &GeometryIndex 14
   &nAlphaEl [&Type "Integer"] 84
   &nBetaEl [&Type "Integer"] 84
   &nTotalEl [&Type "Integer"] 168
   &finalEn [&Type "Double"]      -1.4775255658774995e+03  "No Van der Waals correction"
   &eExchange [&Type "Double"]      -1.2097191963556865e+02
   &eCorr [&Type "Double"]      -5.8381672563738061e+00
   &eXC [&Type "Double"]      -1.2681008689194246e+02
   &eCNL [&Type "Double"]       0.0000000000000000e+00
$End
$Solvation_Details
   &GeometryIndex 14
   &Solvent [&Type "String"] "WATER"
   &Epsilon [&Type "Double"]       8.0150999999999996e+01
   &Refrac [&Type "Double"]       1.3328000000000000e+00
   &RSolv [&Type "Double"]       1.3000000000000000e+00
   &SurfaceType [&Type "String"] "GAUSSIAN VDW"
   &CPCMDielEnergy [&Type "Double"]      -1.5507225899999999e-01
   &NPoints [&Type "Integer"] 2789
   &SurfaceArea [&Type "Double"]       1.1517257288779999e+03
$End
$SCF_Timings
   &GeometryIndex 14
   &TOTAL [&Type "Double"]       7.3362604000000005e+01
   &PREP [&Type "Double"]       3.5927500000000001e+00
   &FOCK [&Type "Double"]       5.6689636999999976e+01
   &DENS [&Type "Double"]       1.8321460000000016e+00
   &ETOT [&Type "Double"]       1.0056170000000009e+00
   &TRAFO [&Type "Double"]       6.6707400000001016e-01
   &DIIS [&Type "Double"]       3.9137819999999941e+00
   &SOSCF [&Type "Double"]       1.4414060000000006e+00
   &XC [&Type "Double"]       1.2422256000000003e+01
   &FOCKSTART [&Type "Double"]       5.8808100000000030e-01
   &SOLV [&Type "Double"]       8.4803339999999956e+00
   &SOLV_INIT [&Type "Double"]       6.7032499999999984e-01
   &INT_PREP [&Type "Double"]       5.0000000104688525e-06
   &INT_BF [&Type "Double"]       7.7445299999980932e-01
   &INT_DENS [&Type "Double"]       9.9783999999987039e-01
   &INT_DENSIO [&Type "Double"]       1.0614832639300014e+05
   &INT_FUNC [&Type "Double"]       5.4844999999879462e-02
   &INT_POT [&Type "Double"]       8.5331599999998708e-01
   &INT_POTIO [&Type "Double"]       7.4222600000012307e-01
   &INT_SUM [&Type "Double"]       1.0510000000003572e-03
   &SPLITRIJ [&Type "Double"]       4.4288270000000036e+00
   &COSX [&Type "Double"]       3.2798884999999999e+01
$End
$VdW_Correction
   &GeometryIndex 14
   &vdW [&Type "Double"]      -3.5421994878819876e-02
$End
$Single_Point_Data
   &GeometryIndex 14
   &FinalEnergy [&Type "Double"]      -1.4775609878723783e+03  "Final single point energy"
   &Converged [&Type "Boolean"] true
$End
$SCF_Nuc_Gradient
   &GeometryIndex 14
   &NAtoms [&Type "Integer"] 33
   &gradNorm [&Type "Double"]       5.1717798679633614e-03
   &grad [&Type "ArrayOfDoubles", &Dim (99,1)] 
                                                         0

0                                     -1.4664651206606129e-03
1                                     -2.4722062714042231e-04
2                                     -1.6387104248418273e-04
3                                      8.6500952329555069e-04
4                                      1.3916463268336414e-04
5                                     -1.3552832388410323e-04
6                                     -1.5180765963114219e-04
7                                     -9.5563858587896207e-05
8                                      5.2909297470907311e-04
9                                     -8.6823573420861418e-05
10                                    -4.4039399534569250e-05
11                                    -6.3175889130642282e-04
12                                    -1.5517538066136182e-05
13                                    -2.4003932029405890e-05
14                                    -1.2310118521024452e-06
15                                     5.7672893524354676e-04
16                                     3.4423093281274811e-04
17                                    -1.5947447104230734e-04
18                                    -2.0817768930227339e-05
19                                    -1.0733768308835643e-04
20                                     1.2314979315988415e-04
21                                     6.3704353041711627e-05
22                                     7.4302132614863963e-05
23                                     1.6727406575480085e-04
24                                     5.8913522803799784e-04
25                                     9.3829398605065897e-04
26                                    -1.8057617008114819e-04
27                                    -2.0352509986702101e-04
28                                    -1.5716415469793148e-03
29                                     3.5020833240975035e-04
30                                    -6.8706954858500815e-04
31                                     9.8465899340813442e-04
32                                     2.0724812557221665e-04
33                                     2.1222600370622029e-04
34                                    -7.5901883380109856e-04
35                                    -7.1750038724167423e-05
36                                    -5.3401015680176560e-04
37                                    -7.9070647627682426e-05
38                                     1.4438569004900467e-04
39                                     3.2708855563038920e-04
40                                    -6.1290204304148365e-05
41                                     1.2657486335998361e-04
42                                     1.8352380684176961e-05
43                                     4.2867236186670056e-04
44                                    -5.1389603934480319e-05
45                                     8.9838398627834360e-04
46                                    -4.0427669604180792e-04
47                                     1.1947340688494683e-03
48                                    -1.4924054098888835e-03
49                                    -8.8465935294103283e-04
50                                    -3.7600029481739817e-04
51                                     4.7359055416451552e-04
52                                     1.0355707566633795e-03
53                                     3.8128808642489754e-04
54                                    -3.9978476928383133e-04
55                                     6.2928307904088106e-04
56                                    -2.7240216268253410e-04
57                                     1.9781052622559547e-04
58                                    -5.2058569340402870e-04
59                                    -2.6316726454064690e-04
60                                    -1.3892122268119452e-05
61                                    -5.2761587358302740e-05
62                                     2.8878788570444597e-06
63                                    -5.9156729173587017e-05
64                                    -2.4773989669635524e-05
65                                     4.2014998774756308e-06
66                                    -2.4715579261063293e-04
67                                    -3.4148803300554527e-04
68                                     1.4879258543105191e-04
69                                    -2.6505074387056006e-04
70                                    -6.4574702067974850e-07
71                                     1.7169616375306264e-04
72                                    -1.3880441703534199e-04
73                                    -5.1038962772980597e-05
74                                    -1.3507429661152069e-04
75                                    -5.7372112160447317e-05
76                                     1.8327001423729344e-04
77                                     9.2562712844343543e-05
78                                     3.3172048716000778e-04
79                                     3.0740245637290260e-05
80                                     3.6079929503678594e-05
81                                     1.4498516719540290e-04
82                                    -1.4336500732787104e-04
83                                    -1.0103085341546681e-04
84                                    -2.0965754678948779e-04
85                                    -1.0145626794245217e-04
86                                    -1.8722290224969159e-04
87                                     4.4796028698325873e-04
88                                     2.1895047517477684e-05
89                                    -4.2693127648102348e-04
90                                     5.9298076253880120e-04
91                                     2.3817072963776780e-04
92                                    -2.1255737187911338e-03
93                                     5.3813246654494404e-04
94                                     2.5567110080183819e-04
95                                     5.3948474914735744e-04
96                                    -2.2849312231903220e-04
97                                     2.1031407307424996e-04
98                                     1.0633207745720484e-03
   &Method [&Type "String"] "SCF"
   &Level [&Type "String"] "Relaxed density"
   &Mult [&Type "Integer"] 1
   &State [&Type "Integer"] 0
   &Irrep [&Type "Integer"] 0
$End
$Geometry
   &GeometryIndex 15
   &NAtoms [&Type "Integer"] 33
   &NCorelessECP [&Type "Integer"] 0
   &NGhostAtoms [&Type "Integer"] 0
   &CartesianCoordinates [&Type "Coordinates", &Dim(33,4), &Units "Bohr"] 
              N     -4.528236296786    0.528147499663   -0.385335359746
              C     -6.465363294555   -0.070798077834   -2.037726450691
              N     -8.196151442588   -1.742824433900   -1.085100764005
              C     -8.214097557615   -2.894693607291    1.269224765302
              C     -6.112510473135   -2.183871162287    2.845194729394
              C     -4.392907778720   -0.540412827045    1.960042759065
              O     -6.648912186567    0.803581209227   -4.153779480015
              O     -9.908959953768   -4.355869459873    1.830673956138
              C     -2.568489962758    2.255871887214   -1.219535953111
              C     -2.300913141199    4.697514173847    0.356403312510
              C      0.282566123427    4.342185852673    1.627180061839
              C      1.671064234567    2.654396900592   -0.237229744468
              O      1.654843829679    6.550992989186    2.087873012306
              O     -0.232049043846    0.972761523485   -1.118402483193
              C      3.795647887191    1.185461201570    0.928990952111
              O      5.119646033363   -0.142332398823   -0.976857202908
              P      7.636631669456   -1.720339995218   -0.209487969116
              O      9.260575277428   -0.152480206070    1.471456197609
              O      6.516412473066   -3.959316337987    1.564851462697
              O      8.601992980362   -2.795137831966   -2.623870611123
              H     -9.625952601286   -2.191302258106   -2.272733559152
              H     -5.948448931191   -2.990208989814    4.712018634511
              H     -2.771165449186    0.013401112694    3.076072451580
              H     -3.057666980378    2.766987343676   -3.154166807079
              H     -0.011950802410    3.270326252560    3.378838805062
              H      2.389281669403    3.809173779978   -1.805826828128
              H      0.898702475489    7.427907563752    3.490804289457
              H      5.060648317719    2.504686030743    1.897301711439
              H      3.022140282433   -0.134842811249    2.326643484372
              H      5.738116394026   -5.258615645567    0.552610256399
              O     -2.227660078084    6.833750459178   -1.217691592292
              H     -3.813503012642    4.862501730588    1.753489463291
              H     -3.941373382048    7.346524647715   -1.546743652856
$End
$SCF_Energy
   &GeometryIndex 15
   &Method [&Type "String"] "SCF"
   &totalEnergy [&Type "ArrayOfDoubles", &Dim (1,1)] "Total energy of each state"
                                                         0

0                                     -1.4775257032077798e+03
   &Mult [&Type "ArrayOfIntegers", &Dim (1,1)] "Multiplicity of each state"
                                                         0

0                                                        1
$End
$DFT_Energy
   &GeometryIndex 15
   &nAlphaEl [&Type "Integer"] 84
   &nBetaEl [&Type "Integer"] 84
   &nTotalEl [&Type "Integer"] 168
   &finalEn [&Type "Double"]      -1.4775257032077798e+03  "No Van der Waals correction"
   &eExchange [&Type "Double"]      -1.2097093833589318e+02
   &eCorr [&Type "Double"]      -5.8380828190182550e+00
   &eXC [&Type "Double"]      -1.2680902115491143e+02
   &eCNL [&Type "Double"]       0.0000000000000000e+00
$End
$Solvation_Details
   &GeometryIndex 15
   &Solvent [&Type "String"] "WATER"
   &Epsilon [&Type "Double"]       8.0150999999999996e+01
   &Refrac [&Type "Double"]       1.3328000000000000e+00
   &RSolv [&Type "Double"]       1.3000000000000000e+00
   &SurfaceType [&Type "String"] "GAUSSIAN VDW"
   &CPCMDielEnergy [&Type "Double"]      -1.5483459699999999e-01
   &NPoints [&Type "Integer"] 2789
   &SurfaceArea [&Type "Double"]       1.1517691415310001e+03
$End
$SCF_Timings
   &GeometryIndex 15
   &TOTAL [&Type "Double"]       7.6071116000000004e+01
   &PREP [&Type "Double"]       3.3356420000000000e+00
   &FOCK [&Type "Double"]       5.9707470999999998e+01
   &DENS [&Type "Double"]       1.8289040000000014e+00
   &ETOT [&Type "Double"]       9.6866400000001462e-01
   &TRAFO [&Type "Double"]       6.5927600000000908e-01
   &DIIS [&Type "Double"]       3.8866759999999996e+00
   &SOSCF [&Type "Double"]       1.4537840000000060e+00
   &XC [&Type "Double"]       1.2542079000000006e+01
   &FOCKSTART [&Type "Double"]       5.8714000000000333e-01
   &SOLV [&Type "Double"]       8.4107350000000078e+00
   &SOLV_INIT [&Type "Double"]       6.1998399999999987e-01
   &INT_PREP [&Type "Double"]       5.0000000015870683e-06
   &INT_BF [&Type "Double"]       7.9857099999997416e-01
   &INT_DENS [&Type "Double"]       1.0458669999997152e+00
   &INT_DENSIO [&Type "Double"]       1.1078794903700013e+05
   &INT_FUNC [&Type "Double"]       5.5543999999972726e-02
   &INT_POT [&Type "Double"]       8.8506500000006660e-01
   &INT_POTIO [&Type "Double"]       7.6990199999992370e-01
   &INT_SUM [&Type "Double"]       1.0449999999906368e-03
   &SPLITRIJ [&Type "Double"]       4.3084369999999961e+00
   &COSX [&Type "Double"]       3.5788459000000003e+01
$End
$VdW_Correction
   &GeometryIndex 15
   &vdW [&Type "Double"]      -3.5437031917913760e-02
$End
$Single_Point_Data
   &GeometryIndex 15
   &FinalEnergy [&Type "Double"]      -1.4775611402396976e+03  "Final single point energy"
   &Converged [&Type "Boolean"] true
$End
$SCF_Nuc_Gradient
   &GeometryIndex 15
   &NAtoms [&Type "Integer"] 33
   &gradNorm [&Type "Double"]       3.9646820905501349e-03
   &grad [&Type "ArrayOfDoubles", &Dim (99,1)] 
                                                         0

0                                     -4.8118328424116900e-04
1                                     -6.0474189977252819e-05
2                                      1.8448957414031751e-04
3                                      4.8308246539930115e-04
4                                      3.3080490413879798e-04
5                                     -8.7910486036718225e-04
6                                      1.5964015272245874e-04
7                                      7.3978249646045795e-05
8                                      6.5836731395875481e-04
9                                     -5.9606150323722137e-04
10                                    -6.3828464283765141e-04
11                                    -6.8724290566948907e-05
12                                     3.9648713749449512e-04
13                                     2.5132778601632232e-04
14                                     1.0845630473840933e-04
15                                    -1.2840560410386307e-04
16                                    -7.0095787290245040e-05
17                                    -3.2330875111607051e-04
18                                    -1.3762367548880928e-04
19                                    -2.5317488138840930e-04
20                                     2.1110323546433588e-04
21                                     1.7447441415378593e-04
22                                     2.6440581193832598e-04
23                                    -1.4463712627870589e-04
24                                    -8.1940326947843370e-05
25                                     5.7278336017846214e-04
26                                     4.7802263314741897e-04
27                                    -8.5477312420464155e-05
28                                    -2.3743377067987913e-04
29                                    -7.7460169120575873e-04
30                                    -9.2790505419251530e-04
31                                     2.3477058401310267e-04
32                                    -5.1314461475355860e-04
33                                     7.0533056658016570e-04
34                                    -7.0883034103640943e-04
35                                     5.7077651099514035e-04
36                                    -1.6009480236111161e-04
37                                     6.2036052346462259e-04
38                                     9.5149093772033859e-06
39                                     2.9260858074124440e-04
40                                    -1.1446335924707933e-04
41                                    -8.1085833396123976e-05
42                                     7.7988481788290469e-05
43                                     2.6647801253141639e-04
44                                    -3.4534334324978967e-04
45                                     1.8829587937384146e-04
46                                    -1.2860797884695199e-06
47                                     7.0650985405697436e-04
48                                    -9.1804619364431635e-04
49                                     2.8307514586252500e-05
50                                    -1.5298422873105005e-04
51                                     4.9602911627227072e-04
52                                     6.4460733434512478e-04
53                                     6.0126858487622933e-04
54                                    -4.2866719490963198e-04
55                                    -7.0989126461669296e-05
56                                     4.3977754963167083e-04
57                                     3.2905241150068783e-04
58                                    -5.7638740167660781e-04
59                                    -1.0147896947800370e-03
60                                     8.8419727942478616e-05
61                                     4.5743588606023973e-05
62                                    -6.1387809546470794e-05
63                                    -1.3816181278346979e-04
64                                    -7.7643972242320033e-05
65                                    -9.3455458989828233e-06
66                                     7.2975807602513400e-06
67                                    -6.8536657866850414e-05
68                                     1.5215225103074428e-05
69                                    -2.8978319931447649e-04
70                                    -6.8290093871287952e-05
71                                     8.3487427561318526e-05
72                                    -2.6737653819508436e-04
73                                    -7.3854216169217266e-05
74                                    -1.0153933300886941e-04
75                                    -1.2721946450042104e-04
76                                     1.7153179539771999e-04
77                                    -6.7312832239525648e-07
78                                     1.6030000538303323e-04
79                                    -1.1643784701834877e-04
80                                     8.8956783645329732e-05
81                                     5.6452627914632637e-05
82                                    -8.9037899126857855e-05
83                                    -1.8971788113349286e-05
84                                    -1.3832402113575948e-04
85                                    -5.7141218537098913e-05
86                                    -5.5741398758853269e-05
87                                     3.1771678538975123e-04
88                                    -6.1696713198221157e-05
89                                    -2.7872482702574443e-04
90                                     8.5732265887902164e-04
91                                    -4.5787637651567857e-04
92                                    -8.3688819832187264e-04
93                                     4.3530900528193579e-04
94                                     1.6164024771140735e-04
95                                     5.0659874738106798e-04
96                                    -3.1953765360474498e-04
97                                     1.3519487361758744e-04
98                                     9.9845174741154349e-04
   &Method [&Type "String"] "SCF"
   &Level [&Type "String"] "Relaxed density"
   &Mult [&Type "Integer"] 1
   &State [&Type "Integer"] 0
   &Irrep [&Type "Integer"] 0
$End
$Geometry
   &GeometryIndex 16
   &NAtoms [&Type "Integer"] 33
   &NCorelessECP [&Type "Integer"] 0
   &NGhostAtoms [&Type "Integer"] 0
   &CartesianCoordinates [&Type "Coordinates", &Dim(33,4), &Units "Bohr"] 
              N     -4.521694671873    0.528606245032   -0.387392040718
              C     -6.473577746326   -0.055625174728   -2.029203264052
              N     -8.200528307700   -1.728794292434   -1.072960434080
              C     -8.206360150954   -2.893263803934    1.276286013311
              C     -6.093582992120   -2.193360739459    2.842353985622
              C     -4.376472932510   -0.549964874358    1.952630654207
              O     -6.670547070947    0.831790608865   -4.138476135267
              O     -9.900387217323   -4.354612040708    1.838524473459
              C     -2.568311224878    2.261422394683   -1.223468995423
              C     -2.303623462420    4.698611028344    0.360779631109
              C      0.277331422494    4.340202408411    1.635443352713
              C      1.671499752838    2.663363417333   -0.233397994288
              O      1.644136064017    6.551600165985    2.106297847458
              O     -0.227629554855    0.985602049692   -1.132923765194
              C      3.792570666276    1.188557331271    0.932096845891
              O      5.117974977118   -0.133715727537   -0.976378660259
              P      7.633529961221   -1.717219319756   -0.210024802686
              O      9.261917898152   -0.160024403977    1.475281133096
              O      6.511582718632   -3.957324894763    1.565135669499
              O      8.594369265664   -2.786204655964   -2.628419943840
              H     -9.639005243247   -2.167382227537   -2.253709421785
              H     -5.919243404663   -3.008244737658    4.704515606566
              H     -2.745772933489   -0.002746577790    3.058804155809
              H     -3.062953405105    2.774231591829   -3.156757521676
              H     -0.017661232030    3.263646601351    3.383761322441
              H      2.395453849256    3.825496331129   -1.793686481155
              H      0.898639540291    7.404118197411    3.529985810703
              H      5.055586930798    2.505409950681    1.906703932648
              H      3.017863938319   -0.134581631105    2.326346520302
              H      5.694288683868   -5.238395374039    0.560494554151
              O     -2.214869423460    6.844244974351   -1.194402566013
              H     -3.824515394220    4.858037115959    1.751013606511
              H     -3.918052021978    7.249646178731   -1.690071241855
$End
$SCF_Energy
   &GeometryIndex 16
   &Method [&Type "String"] "SCF"
   &totalEnergy [&Type "ArrayOfDoubles", &Dim (1,1)] "Total energy of each state"
                                                         0

0                                     -1.4775258282820237e+03
   &Mult [&Type "ArrayOfIntegers", &Dim (1,1)] "Multiplicity of each state"
                                                         0

0                                                        1
$End
$DFT_Energy
   &GeometryIndex 16
   &nAlphaEl [&Type "Integer"] 84
   &nBetaEl [&Type "Integer"] 84
   &nTotalEl [&Type "Integer"] 168
   &finalEn [&Type "Double"]      -1.4775258282820237e+03  "No Van der Waals correction"
   &eExchange [&Type "Double"]      -1.2097047804823779e+02
   &eCorr [&Type "Double"]      -5.8380600104649112e+00
   &eXC [&Type "Double"]      -1.2680853805870271e+02
   &eCNL [&Type "Double"]       0.0000000000000000e+00
$End
$Solvation_Details
   &GeometryIndex 16
   &Solvent [&Type "String"] "WATER"
   &Epsilon [&Type "Double"]       8.0150999999999996e+01
   &Refrac [&Type "Double"]       1.3328000000000000e+00
   &RSolv [&Type "Double"]       1.3000000000000000e+00
   &SurfaceType [&Type "String"] "GAUSSIAN VDW"
   &CPCMDielEnergy [&Type "Double"]      -1.5446495299999999e-01
   &NPoints [&Type "Integer"] 2793
   &SurfaceArea [&Type "Double"]       1.1515668551100000e+03
$End
$SCF_Timings
   &GeometryIndex 16
   &TOTAL [&Type "Double"]       7.3419106999999997e+01
   &PREP [&Type "Double"]       3.5248640000000000e+00
   &FOCK [&Type "Double"]       5.7127298999999994e+01
   &DENS [&Type "Double"]       1.8092359999999985e+00
   &ETOT [&Type "Double"]       9.5976200000000844e-01
   &TRAFO [&Type "Double"]       6.8789099999999692e-01
   &DIIS [&Type "Double"]       3.9330879999999997e+00
   &SOSCF [&Type "Double"]       1.4274979999999857e+00
   &XC [&Type "Double"]       1.2598232999999997e+01
   &FOCKSTART [&Type "Double"]       5.8956900000000179e-01
   &SOLV [&Type "Double"]       8.3569340000000008e+00
   &SOLV_INIT [&Type "Double"]       6.2987900000000008e-01
   &INT_PREP [&Type "Double"]       4.9999999909289272e-06
   &INT_BF [&Type "Double"]       8.1105099999993513e-01
   &INT_DENS [&Type "Double"]       1.0563390000002393e+00
   &INT_DENSIO [&Type "Double"]       1.1100277715500012e+05
   &INT_FUNC [&Type "Double"]       5.6915999999949562e-02
   &INT_POT [&Type "Double"]       9.0607800000008787e-01
   &INT_POTIO [&Type "Double"]       7.9783099999998441e-01
   &INT_SUM [&Type "Double"]       8.9100000001884894e-04
   &SPLITRIJ [&Type "Double"]       4.3553210000000124e+00
   &COSX [&Type "Double"]       3.2996806999999990e+01
$End
$VdW_Correction
   &GeometryIndex 16
   &vdW [&Type "Double"]      -3.5464721560797267e-02
$End
$Single_Point_Data
   &GeometryIndex 16
   &FinalEnergy [&Type "Double"]      -1.4775612930035845e+03  "Final single point energy"
   &Converged [&Type "Boolean"] true
$End
$SCF_Nuc_Gradient
   &GeometryIndex 16
   &NAtoms [&Type "Integer"] 33
   &gradNorm [&Type "Double"]       4.1229545157241507e-03
   &grad [&Type "ArrayOfDoubles", &Dim (99,1)] 
                                                         0

0                                      1.9676230546612186e-04
1                                      1.8278194874492076e-04
2                                      3.8381045302219717e-04
3                                      1.2866091410653515e-04
4                                      2.6481359352085586e-04
5                                     -1.1517592985566191e-03
6                                      2.5580762295112876e-04
7                                      1.8342151751794632e-04
8                                      5.8610679204912678e-04
9                                     -7.4595992400431895e-04
10                                    -8.2525951536726965e-04
11                                     3.1947108936946755e-04
12                                     5.8556949211909415e-04
13                                     3.4462922779256904e-04
14                                     1.6149308019556424e-04
15                                    -5.4523770735208929e-04
16                                    -3.2146745727288105e-04
17                                    -2.8351433344287396e-04
18                                    -1.4550350392506471e-04
19                                    -2.7559707415705445e-04
20                                     2.6265091011362456e-04
21                                     2.0554558808174363e-04
22                                     3.1102930761842823e-04
23                                    -3.1011687569349860e-04
24                                    -5.8786904553313334e-04
25                                     4.2962754352144185e-05
26                                     6.4798521556690635e-04
27                                    -9.4546451795420492e-05
28                                     2.6696907834701902e-04
29                                    -1.3741093376434862e-03
30                                    -5.9414456864073889e-04
31                                    -6.7225270112291496e-05
32                                    -7.1720253827476819e-04
33                                     7.7993079080782934e-04
34                                    -3.7128463381881345e-04
35                                     8.2999919745329622e-04
36                                     1.8061087004370277e-05
37                                     8.7086688940578132e-04
38                                    -1.5355664623071348e-04
39                                     2.1928966304881025e-04
40                                    -1.2518340614644757e-04
41                                    -2.8159745762882965e-04
42                                     9.9293320004487968e-05
43                                     9.4117509857360209e-05
44                                    -4.3516489651218527e-04
45                                    -1.8726473249741480e-04
46                                     1.8644445825143600e-04
47                                     2.6232132477126710e-04
48                                    -2.3403057728631964e-04
49                                     5.8557539629081772e-04
50                                    -2.4072246143047422e-04
51                                     3.4297703387850802e-04
52                                     2.3571151890445878e-04
53                                     5.5600331699918418e-04
54                                    -3.9958248400863129e-04
55                                    -5.3107619220376658e-04
56                                     8.0242188993946933e-04
57                                     1.9511722649770476e-04
58                                    -3.9452095565348981e-04
59                                    -1.0003120711102149e-03
60                                     1.4579489330578249e-04
61                                     9.4688068125318807e-05
62                                    -9.9079125176032616e-05
63                                    -1.6035140286645440e-04
64                                    -9.7809321567164022e-05
65                                    -1.7627619142633009e-05
66                                     6.3880306604817156e-05
67                                     7.0089893093560165e-05
68                                    -1.3690774644726879e-04
69                                    -1.8057410661009938e-04
70                                    -3.4249339844966550e-05
71                                     1.2407619745654730e-05
72                                    -2.8009639447041117e-04
73                                    -2.0985253197731475e-05
74                                    -6.0504335979802941e-05
75                                    -1.0415071301019048e-04
76                                     8.5699605436403709e-05
77                                    -5.7615819578909970e-05
78                                     2.7464189749311661e-05
79                                    -2.1488527957589878e-04
80                                     1.4721006462139192e-04
81                                    -1.5023779564646541e-05
82                                    -4.4443948454147863e-05
83                                     5.5611115861995962e-05
84                                    -5.6670646825430143e-05
85                                     7.0664044063949172e-06
86                                     4.8460905473306950e-05
87                                     1.9852376135844234e-04
88                                    -8.5709595513278530e-05
89                                    -1.2659708338917306e-04
90                                     9.1102194037276114e-04
91                                    -7.1658304351117797e-04
92                                     4.0583023577487796e-04
93                                     3.0009257692116304e-04
94                                     2.6894359030290389e-04
95                                     3.3497988597368722e-04
96                                    -3.4278669294955552e-04
97                                     3.0469545305911383e-05
98                                     6.2962452189643109e-04
   &Method [&Type "String"] "SCF"
   &Level [&Type "String"] "Relaxed density"
   &Mult [&Type "Integer"] 1
   &State [&Type "Integer"] 0
   &Irrep [&Type "Integer"] 0
$End
$Geometry
   &GeometryIndex 17
   &NAtoms [&Type "Integer"] 33
   &NCorelessECP [&Type "Integer"] 0
   &NGhostAtoms [&Type "Integer"] 0
   &CartesianCoordinates [&Type "Coordinates", &Dim(33,4), &Units "Bohr"] 
              N     -4.514390996924    0.526921000124   -0.392306024696
              C     -6.488709291752   -0.033966299914   -2.015924433884
              N     -8.212261704625   -1.707046686835   -1.054992440506
              C     -8.198959952506   -2.886680308917    1.287269858628
              C     -6.068909857942   -2.205173566584    2.837210130316
              C     -4.352760344467   -0.564608825146    1.940588341351
              O     -6.703955034172    0.873371315921   -4.115085107024
              O     -9.893537530493   -4.344729043613    1.856591190072
              C     -2.567326447207    2.264528288756   -1.232092570455
              C     -2.308308033552    4.694580773486    0.364219376869
              C      0.268067848432    4.331412513748    1.647038419880
              C      1.668920202108    2.670064834771   -0.230543634666
              O      1.629534203733    6.543143305425    2.131859259124
              O     -0.223586926450    0.996234991774   -1.151171961164
              C      3.786981599886    1.189174416751    0.933921904758
              O      5.120316350220   -0.121392754589   -0.977444267227
              P      7.634507733175   -1.706877491058   -0.206566726264
              O      9.259862236493   -0.157448132901    1.487041298336
              O      6.507583023723   -3.948870976659    1.563826362285
              O      8.600320742001   -2.768141846960   -2.624881530975
              H     -9.665826662292   -2.129827252793   -2.222810969950
              H     -5.879868836776   -3.031057951697    4.693049777798
              H     -2.708970906041   -0.030079654524    3.033501178881
              H     -3.067028066318    2.780197728544   -3.163707576288
              H     -0.027186066305    3.246618459523    3.389766616667
              H      2.399175194598    3.842930853729   -1.779376214476
              H      0.891647272015    7.375055148072    3.571733062913
              H      5.044617240567    2.503029815615    1.919913646121
              H      3.010606251960   -0.141803567182    2.319523811178
              H      5.645650310032   -5.205316377643    0.565499472249
              O     -2.200232468776    6.850503367283   -1.174256293691
              H     -3.842175516157    4.847646475980    1.742335596946
              H     -3.861838287341    7.140733562821   -1.858547705904
$End
$SCF_Energy
   &GeometryIndex 17
   &Method [&Type "String"] "SCF"
   &totalEnergy [&Type "ArrayOfDoubles", &Dim (1,1)] "Total energy of each state"
                                                         0

0                                     -1.4775258705447063e+03
   &Mult [&Type "ArrayOfIntegers", &Dim (1,1)] "Multiplicity of each state"
                                                         0

0                                                        1
$End
$DFT_Energy
   &GeometryIndex 17
   &nAlphaEl [&Type "Integer"] 84
   &nBetaEl [&Type "Integer"] 84
   &nTotalEl [&Type "Integer"] 168
   &finalEn [&Type "Double"]      -1.4775258705447063e+03  "No Van der Waals correction"
   &eExchange [&Type "Double"]      -1.2097080537925214e+02
   &eCorr [&Type "Double"]      -5.8381753157411342e+00
   &eXC [&Type "Double"]      -1.2680898069499328e+02
   &eCNL [&Type "Double"]       0.0000000000000000e+00
$End
$Solvation_Details
   &GeometryIndex 17
   &Solvent [&Type "String"] "WATER"
   &Epsilon [&Type "Double"]       8.0150999999999996e+01
   &Refrac [&Type "Double"]       1.3328000000000000e+00
   &RSolv [&Type "Double"]       1.3000000000000000e+00
   &SurfaceType [&Type "String"] "GAUSSIAN VDW"
   &CPCMDielEnergy [&Type "Double"]      -1.5401139599999999e-01
   &NPoints [&Type "Integer"] 2798
   &SurfaceArea [&Type "Double"]       1.1510853632010001e+03
$End
$SCF_Timings
   &GeometryIndex 17
   &TOTAL [&Type "Double"]       9.2994831000000005e+01
   &PREP [&Type "Double"]       3.5322549999999997e+00
   &FOCK [&Type "Double"]       7.4987410000000011e+01
   &DENS [&Type "Double"]       2.3360430000000036e+00
   &ETOT [&Type "Double"]       1.3743749999999988e+00
   &POP [&Type "Double"]       1.0000000003174137e-05
   &TRAFO [&Type "Double"]       6.5363599999999877e-01
   &DIIS [&Type "Double"]       3.8637470000000000e+00
   &SOSCF [&Type "Double"]       2.5381489999999971e+00
   &XC [&Type "Double"]       1.5929390999999994e+01
   &FOCKSTART [&Type "Double"]       7.5722699999999632e-01
   &SOLV [&Type "Double"]       1.1059745000000005e+01
   &SOLV_INIT [&Type "Double"]       6.8372899999999981e-01
   &SOLV_FINAL [&Type "Double"]       1.0000000116860974e-06
   &INT_PREP [&Type "Double"]       3.0000000030838692e-06
   &INT_BF [&Type "Double"]       1.0641769999996828e+00
   &INT_DENS [&Type "Double"]       1.3942910000003490e+00
   &INT_DENSIO [&Type "Double"]       1.8470640026100009e+05
   &INT_FUNC [&Type "Double"]       7.3914000000309343e-02
   &INT_POT [&Type "Double"]       1.0339370000001651e+00
   &INT_POTIO [&Type "Double"]       9.1171400000004255e-01
   &INT_SUM [&Type "Double"]       1.0730000000052087e-03
   &SPLITRIJ [&Type "Double"]       5.6339579999999838e+00
   &COSX [&Type "Double"]       4.1908738999999997e+01
$End
$VdW_Correction
   &GeometryIndex 17
   &vdW [&Type "Double"]      -3.5511874675990686e-02
$End
$Single_Point_Data
   &GeometryIndex 17
   &FinalEnergy [&Type "Double"]      -1.4775613824193824e+03  "Final single point energy"
   &Converged [&Type "Boolean"] true
$End
$SCF_Nuc_Gradient
   &GeometryIndex 17
   &NAtoms [&Type "Integer"] 33
   &gradNorm [&Type "Double"]       3.8371431534196189e-03
   &grad [&Type "ArrayOfDoubles", &Dim (99,1)] 
                                                         0

0                                      6.9375556371085545e-04
1                                      4.5564017656662064e-04
2                                      3.9147563580007374e-04
3                                     -2.3598763943233976e-04
4                                      5.5760956713813662e-05
5                                     -9.3519776026027490e-04
6                                      1.5536966226638307e-04
7                                      2.5789582879324379e-04
8                                      2.9838544705685721e-04
9                                     -4.8745872383481394e-04
10                                    -7.5142931996916560e-04
11                                     4.5556521632669224e-04
12                                     4.6422185564054872e-04
13                                     3.0538570146157863e-04
14                                     1.3300178019110762e-04
15                                    -6.6209888967880487e-04
16                                    -4.0782851309605018e-04
17                                    -1.6854197874465539e-04
18                                    -5.9220660486953289e-05
19                                    -2.0817909529345755e-04
20                                     2.4520330149717010e-04
21                                     1.5713995024763314e-04
22                                     2.8745541283698957e-04
23                                    -3.1001205847847003e-04
24                                    -8.2279430872044771e-04
25                                    -4.2653740326985235e-04
26                                     4.4957142424639659e-04
27                                    -5.7999462236638260e-05
28                                     2.5703324656010078e-04
29                                    -1.3102118778857358e-03
30                                    -1.0585247087705382e-04
31                                    -1.8827297224290534e-04
32                                    -5.3207365374602139e-04
33                                     3.9849331487371074e-04
34                                     1.0626823700220011e-04
35                                     6.2557057658198711e-04
36                                     5.4916483512911716e-06
37                                     7.5334575513237969e-04
38                                    -3.1929142428383905e-04
39                                     1.1800296930933035e-04
40                                    -1.3040200325202821e-04
41                                    -3.4543083640234135e-04
42                                     6.8802624057240965e-05
43                                    -1.1534161233948209e-04
44                                    -3.5398941543212829e-04
45                                    -3.4325562703970346e-04
46                                     2.1678630817883765e-04
47                                    -9.5748131375000158e-05
48                                     5.3359423850615111e-04
49                                     7.7416133714719535e-04
50                                    -4.3496140319825087e-04
51                                     1.3400743820268996e-05
52                                    -1.8399377099030572e-04
53                                     2.9081807744976983e-04
54                                    -2.7613412649596700e-04
55                                    -6.8873740671172325e-04
56                                     8.0555323857447374e-04
57                                    -7.7686859008667923e-05
58                                    -4.8609391353171137e-05
59                                    -4.2186522820756038e-04
60                                     1.7104559603836139e-04
61                                     9.7711355010776541e-05
62                                    -7.6942304974372209e-05
63                                    -1.1543008447098787e-04
64                                    -6.6223067592758938e-05
65                                    -1.2386783085583113e-05
66                                     1.0905867695455373e-04
67                                     1.6293054668418345e-04
68                                    -1.7515443045836734e-04
69                                     4.6476900521720513e-06
70                                     5.9973389397234709e-05
71                                    -2.6310255686244296e-05
72                                    -2.0289023116315866e-04
73                                     3.9334741336937882e-05
74                                    -1.1747260509662258e-05
75                                    -2.5508249165748595e-05
76                                    -4.0501404172412454e-05
77                                    -7.6693447295566071e-05
78                                    -4.5593607870808602e-05
79                                    -2.3786674093213310e-04
80                                     1.7013039119861885e-04
81                                    -5.8321873344337590e-05
82                                     9.6010001621142576e-06
83                                     9.9094363697971395e-05
84                                     3.4927863931504148e-05
85                                     4.6509440200462119e-05
86                                     1.0777623095171898e-04
87                                     4.8019977410705813e-05
88                                    -6.0095934370093287e-05
89                                     1.0688218425364408e-05
90                                     7.2475960478486461e-04
91                                    -5.3754766085410319e-04
92                                     1.3084135068938507e-03
93                                     1.1346698714672450e-04
94                                     3.0784181681790210e-04
95                                     1.4297884622761463e-04
96                                    -2.3796615090842854e-04
97                                    -1.0206893778809840e-04
98                                     7.2331974024423924e-05
   &Method [&Type "String"] "SCF"
   &Level [&Type "String"] "Relaxed density"
   &Mult [&Type "Integer"] 1
   &State [&Type "Integer"] 0
   &Irrep [&Type "Integer"] 0
$End
$Geometry
   &GeometryIndex 18
   &NAtoms [&Type "Integer"] 33
   &NCorelessECP [&Type "Integer"] 0
   &NGhostAtoms [&Type "Integer"] 0
   &CartesianCoordinates [&Type "Coordinates", &Dim(33,4), &Units "Bohr"] 
              N     -4.508230740519    0.515144867750   -0.397742531463
              C     -6.497424903543   -0.021557177954   -2.011289738216
              N     -8.226024414686   -1.688965738160   -1.050617414830
              C     -8.209153723885   -2.875893781377    1.288274384171
              C     -6.068196079891   -2.213981637873    2.830955757104
              C     -4.344473294250   -0.582492381252    1.932204186151
              O     -6.718472893967    0.901366689850   -4.103328745092
              O     -9.910281232775   -4.325489917220    1.860516540603
              C     -2.558130683553    2.250220407086   -1.235229558561
              C     -2.307341157551    4.681142881169    0.362796462084
              C      0.269088583571    4.321322102784    1.650337449675
              C      1.672096990212    2.663189098939   -0.228159570998
              O      1.628082211337    6.534793828277    2.132625831751
              O     -0.216293951942    0.981885944019   -1.142796980516
              C      3.798134059498    1.191433882076    0.933826337384
              O      5.133328012840   -0.115377970633   -0.979435586289
              P      7.647082363077   -1.701496397661   -0.204087464447
              O      9.272633036524   -0.154965437142    1.490485095997
              O      6.517414625084   -3.940070394045    1.568393767421
              O      8.614554236441   -2.761990004351   -2.621059181749
              H     -9.690415241459   -2.094971126234   -2.210836413437
              H     -5.876245947039   -3.046157750327    4.683648945336
              H     -2.692396890431   -0.060946017029    3.019013427150
              H     -3.049271283773    2.764427377664   -3.169606164278
              H     -0.023141897151    3.237118963447    3.394166630618
              H      2.395888875934    3.836079178582   -1.779881029010
              H      0.856261603352    7.395372000997    3.537619877398
              H      5.051699062826    2.512514125625    1.915530843170
              H      3.031438631341   -0.140832795480    2.323349602911
              H      5.613595814317   -5.175728390116    0.581299139672
              O     -2.204597772176    6.836292716008   -1.177421345467
              H     -3.848921397407    4.825976105184    1.732885263812
              H     -3.870327321507    7.145762862709   -1.841255970853
$End
$SCF_Energy
   &GeometryIndex 18
   &Method [&Type "String"] "SCF"
   &totalEnergy [&Type "ArrayOfDoubles", &Dim (1,1)] "Total energy of each state"
                                                         0

0                                     -1.4775258722634976e+03
   &Mult [&Type "ArrayOfIntegers", &Dim (1,1)] "Multiplicity of each state"
                                                         0

0                                                        1
$End
$DFT_Energy
   &GeometryIndex 18
   &nAlphaEl [&Type "Integer"] 84
   &nBetaEl [&Type "Integer"] 84
   &nTotalEl [&Type "Integer"] 168
   &finalEn [&Type "Double"]      -1.4775258722634976e+03  "No Van der Waals correction"
   &eExchange [&Type "Double"]      -1.2097110892114091e+02
   &eCorr [&Type "Double"]      -5.8382043967879049e+00
   &eXC [&Type "Double"]      -1.2680931331792881e+02
   &eCNL [&Type "Double"]       0.0000000000000000e+00
$End
$Solvation_Details
   &GeometryIndex 18
   &Solvent [&Type "String"] "WATER"
   &Epsilon [&Type "Double"]       8.0150999999999996e+01
   &Refrac [&Type "Double"]       1.3328000000000000e+00
   &RSolv [&Type "Double"]       1.3000000000000000e+00
   &SurfaceType [&Type "String"] "GAUSSIAN VDW"
   &CPCMDielEnergy [&Type "Double"]      -1.5405475699999999e-01
   &NPoints [&Type "Integer"] 2798
   &SurfaceArea [&Type "Double"]       1.1509037783849999e+03
$End
$SCF_Timings
   &GeometryIndex 18
   &TOTAL [&Type "Double"]       7.8444311999999996e+01
   &PREP [&Type "Double"]       3.4112849999999999e+00
   &FOCK [&Type "Double"]       6.2194671999999983e+01
   &DENS [&Type "Double"]       2.0247170000000025e+00
   &ETOT [&Type "Double"]       1.0906450000000039e+00
   &POP [&Type "Double"]       1.0000000116860974e-06
   &TRAFO [&Type "Double"]       6.8042300000000466e-01
   &DIIS [&Type "Double"]       2.8256859999999993e+00
   &SOSCF [&Type "Double"]       2.2530940000000044e+00
   &XC [&Type "Double"]       1.3835767999999993e+01
   &FOCKSTART [&Type "Double"]       6.6320699999998567e-01
   &SOLV [&Type "Double"]       9.5749240000000082e+00
   &SOLV_INIT [&Type "Double"]       6.8609499999999990e-01
   &INT_PREP [&Type "Double"]       7.0000000036429810e-06
   &INT_BF [&Type "Double"]       8.9336599999994348e-01
   &INT_DENS [&Type "Double"]       1.1776509999999547e+00
   &INT_DENSIO [&Type "Double"]       1.3343195424500020e+05
   &INT_FUNC [&Type "Double"]       6.1282000000257852e-02
   &INT_POT [&Type "Double"]       8.9182000000017858e-01
   &INT_POTIO [&Type "Double"]       8.3192299999984876e-01
   &INT_SUM [&Type "Double"]       1.1999999999989797e-03
   &SPLITRIJ [&Type "Double"]       4.6796569999999811e+00
   &COSX [&Type "Double"]       3.4632680000000015e+01
$End
$VdW_Correction
   &GeometryIndex 18
   &vdW [&Type "Double"]      -3.5522664480301031e-02
$End
$Single_Point_Data
   &GeometryIndex 18
   &FinalEnergy [&Type "Double"]      -1.4775613949279780e+03  "Final single point energy"
   &Converged [&Type "Boolean"] true
$End
$SCF_Nuc_Gradient
   &GeometryIndex 18
   &NAtoms [&Type "Integer"] 33
   &gradNorm [&Type "Double"]       3.5847618832095599e-03
   &grad [&Type "ArrayOfDoubles", &Dim (99,1)] 
                                                         0

0                                      9.6343300750591850e-04
1                                      6.2770249934452987e-04
2                                      2.7402908565897055e-04
3                                     -5.2065080395807351e-04
4                                     -1.2074504798015843e-04
5                                     -6.4496153959489144e-04
6                                      1.2387654257331002e-04
7                                      2.6335855318211762e-04
8                                      5.6471036835006164e-06
9                                     -3.0710072718198985e-04
10                                    -4.8160903849742126e-04
11                                     5.4422244230588725e-04
12                                     3.3427689706608157e-04
13                                     2.0204707298574593e-04
14                                     6.1118546511047198e-05
15                                    -6.4549658171009607e-04
16                                    -4.0884580225305616e-04
17                                     2.5299334936702047e-05
18                                     1.9040656022756497e-05
19                                    -9.8572570281355048e-05
20                                     1.8163767633897745e-04
21                                     1.2451390696536306e-04
22                                     1.8699846821284297e-04
23                                    -2.8555092729827476e-04
24                                    -6.3540586183635230e-04
25                                    -5.0080443217361426e-04
26                                     3.9075443522659727e-04
27                                     3.1485628675923086e-04
28                                     5.0343341696928155e-04
29                                    -6.7353185588211171e-04
30                                     2.5822613305644994e-04
31                                    -6.5957275497040453e-04
32                                    -8.6148737664970749e-05
33                                     8.7672264749289830e-05
34                                     4.4713440666984810e-04
35                                     3.9615636709277246e-04
36                                     2.0232530152904899e-05
37                                     6.0477664818677857e-04
38                                    -3.4961976935839970e-04
39                                    -8.4427705785134678e-05
40                                    -5.5221922839420568e-05
41                                    -3.4358601124608956e-04
42                                     5.1689794928976620e-05
43                                    -2.6292771230800266e-04
44                                    -2.1800775338444496e-04
45                                    -4.9677283321617209e-04
46                                     2.7214650846592303e-04
47                                    -4.6361750349379114e-04
48                                     1.0845528847803247e-03
49                                     8.3580295197336414e-04
50                                    -3.6411438186120365e-04
51                                    -2.5591066982094202e-04
52                                    -5.3664949363577076e-04
53                                     2.6788600903384318e-05
54                                    -1.1579082295003394e-04
55                                    -6.9737393490471077e-04
56                                     6.8499014549284478e-04
57                                    -2.3537321573492129e-04
58                                     2.0580413935834807e-04
59                                    -1.1921872073009112e-05
60                                     1.4080861991083683e-04
61                                     7.9154497651475429e-05
62                                    -5.6117018614656899e-05
63                                    -5.0137933110334481e-05
64                                    -3.2771065295816878e-05
65                                    -1.5316986598331054e-05
66                                     1.1974444552366700e-04
67                                     2.0138175448583569e-04
68                                    -1.8088769906425699e-04
69                                     1.1184374895933510e-04
70                                     3.6464673222210789e-05
71                                    -1.5940810637542170e-04
72                                    -3.0171642610577943e-06
73                                     7.4169040673781157e-05
74                                     9.4138483363614663e-05
75                                     1.2188304248435798e-05
76                                    -1.2014243656553890e-04
77                                    -8.2220468778531464e-05
78                                    -1.2092981619754559e-04
79                                    -2.0260999958668100e-04
80                                     1.5351519529156521e-04
81                                    -9.2740380392057273e-05
82                                     5.6937349431323768e-05
83                                     1.1526831372151346e-04
84                                     1.0204390440016003e-04
85                                     7.1772033760447051e-05
86                                     1.3893770346702481e-04
87                                    -8.8280533491906063e-05
88                                    -4.1770759990066378e-05
89                                     1.4796388651584370e-04
90                                    -1.4268655619945178e-04
91                                    -8.3324377288981444e-04
92                                     8.4912618241958949e-04
93                                    -1.6037812618414918e-04
94                                     1.0847323660241716e-04
95                                    -1.3471257712306653e-04
96                                     8.6099804880038680e-05
97                                     2.7530350304130877e-04
98                                    -1.9870317067536625e-05
   &Method [&Type "String"] "SCF"
   &Level [&Type "String"] "Relaxed density"
   &Mult [&Type "Integer"] 1
   &State [&Type "Integer"] 0
   &Irrep [&Type "Integer"] 0
$End
$Geometry
   &GeometryIndex 19
   &NAtoms [&Type "Integer"] 33
   &NCorelessECP [&Type "Integer"] 0
   &NGhostAtoms [&Type "Integer"] 0
   &CartesianCoordinates [&Type "Coordinates", &Dim(33,4), &Units "Bohr"] 
              N     -4.513391785331    0.517473272479   -0.395791909840
              C     -6.509509114640   -0.009056521437   -2.001394265476
              N     -8.239163930400   -1.677016499769   -1.042667346376
              C     -8.212892789309   -2.869361161910    1.291769540982
              C     -6.063251555248   -2.220920527779    2.826635901715
              C     -4.338113434996   -0.589755573274    1.929042192235
              O     -6.736293055915    0.924592596283   -4.088692110473
              O     -9.914158799636   -4.317095170709    1.871537089260
              C     -2.560854336065    2.251817674563   -1.237527210470
              C     -2.307373585291    4.682584773221    0.358929187307
              C      0.263338684794    4.315714403483    1.654348799869
              C      1.666363144813    2.659025482005   -0.228431461519
              O      1.629764352016    6.520207060372    2.145371541044
              O     -0.221421369947    0.981243929159   -1.145935009873
              C      3.789774744441    1.183849344525    0.934701956427
              O      5.133822301277   -0.115844221600   -0.978242669425
              P      7.652590222332   -1.688423735916   -0.198302178466
              O      9.265813432685   -0.124726054426    1.492954002711
              O      6.527207498273   -3.927679082675    1.569631687177
              O      8.633563189828   -2.752127567382   -2.607752413332
              H     -9.711481212298   -2.075125764909   -2.195757665885
              H     -5.864343451385   -3.061388593386    4.674831810716
              H     -2.681140915035   -0.081148314003    3.013765905221
              H     -3.055116796267    2.764863082627   -3.170822633441
              H     -0.034660110849    3.225681623830    3.393322292910
              H      2.393238434853    3.835955703358   -1.775427500063
              H      0.868670769776    7.380335650349    3.556217489568
              H      5.041000331048    2.500170920009    1.925153975931
              H      3.017013515731   -0.155875384944    2.313486170179
              H      5.648980409337   -5.174520225529    0.573491533068
              O     -2.190297433751    6.833518443460   -1.195283550234
              H     -3.852809715957    4.837147344968    1.723019390688
              H     -3.842910360040    7.119009210266   -1.901000694934
$End
$SCF_Energy
   &GeometryIndex 19
   &Method [&Type "String"] "SCF"
   &totalEnergy [&Type "ArrayOfDoubles", &Dim (1,1)] "Total energy of each state"
                                                         0

0                                     -1.4775258609550128e+03
   &Mult [&Type "ArrayOfIntegers", &Dim (1,1)] "Multiplicity of each state"
                                                         0

0                                                        1
$End
$DFT_Energy
   &GeometryIndex 19
   &nAlphaEl [&Type "Integer"] 84
   &nBetaEl [&Type "Integer"] 84
   &nTotalEl [&Type "Integer"] 168
   &finalEn [&Type "Double"]      -1.4775258609550128e+03  "No Van der Waals correction"
   &eExchange [&Type "Double"]      -1.2097192536145818e+02
   &eCorr [&Type "Double"]      -5.8383273220604659e+00
   &eXC [&Type "Double"]      -1.2681025268351864e+02
   &eCNL [&Type "Double"]       0.0000000000000000e+00
$End
$Solvation_Details
   &GeometryIndex 19
   &Solvent [&Type "String"] "WATER"
   &Epsilon [&Type "Double"]       8.0150999999999996e+01
   &Refrac [&Type "Double"]       1.3328000000000000e+00
   &RSolv [&Type "Double"]       1.3000000000000000e+00
   &SurfaceType [&Type "String"] "GAUSSIAN VDW"
   &CPCMDielEnergy [&Type "Double"]      -1.5390971100000000e-01
   &NPoints [&Type "Integer"] 2801
   &SurfaceArea [&Type "Double"]       1.1506725093289999e+03
$End
$SCF_Timings
   &GeometryIndex 19
   &TOTAL [&Type "Double"]       6.7181797000000003e+01
   &PREP [&Type "Double"]       3.5052629999999998e+00
   &FOCK [&Type "Double"]       5.2346277000000001e+01
   &DENS [&Type "Double"]       1.6436639999999940e+00
   &ETOT [&Type "Double"]       8.5842399999999408e-01
   &POP [&Type "Double"]       9.9999999747524271e-07
   &TRAFO [&Type "Double"]       6.8719600000000369e-01
   &DIIS [&Type "Double"]       2.7987669999999962e+00
   &SOSCF [&Type "Double"]       1.4439069999999958e+00
   &XC [&Type "Double"]       1.1148561000000015e+01
   &FOCKSTART [&Type "Double"]       5.4591600000000406e-01
   &SOLV [&Type "Double"]       7.7073749999999936e+00
   &SOLV_INIT [&Type "Double"]       6.6892400000000007e-01
   &SOLV_FINAL [&Type "Double"]       9.9999999747524271e-07
   &INT_PREP [&Type "Double"]       3.0000000030838692e-06
   &INT_BF [&Type "Double"]       6.9633400000019918e-01
   &INT_DENS [&Type "Double"]       9.0969399999998934e-01
   &INT_DENSIO [&Type "Double"]       8.5900549911000126e+04
   &INT_FUNC [&Type "Double"]       4.8949000000158449e-02
   &INT_POT [&Type "Double"]       7.7851299999985812e-01
   &INT_POTIO [&Type "Double"]       6.4784100000000855e-01
   &INT_SUM [&Type "Double"]       6.6099999998847636e-04
   &SPLITRIJ [&Type "Double"]       3.8488809999999938e+00
   &COSX [&Type "Double"]       3.1310692000000000e+01
$End
$VdW_Correction
   &GeometryIndex 19
   &vdW [&Type "Double"]      -3.5537680642207817e-02
$End
$Single_Point_Data
   &GeometryIndex 19
   &FinalEnergy [&Type "Double"]      -1.4775613986356550e+03  "Final single point energy"
   &Converged [&Type "Boolean"] true
$End
$SCF_Nuc_Gradient
   &GeometryIndex 19
   &NAtoms [&Type "Integer"] 33
   &gradNorm [&Type "Double"]       1.8869859082502616e-03
   &grad [&Type "ArrayOfDoubles", &Dim (99,1)] 
                                                         0

0                                     -1.6544912496223047e-04
1                                      2.4764275337992101e-04
2                                     -1.4750552576818615e-04
3                                     -6.9136152149874998e-05
4                                     -3.4868418915934675e-04
5                                      2.0563392272128587e-04
6                                     -1.5982898496842905e-04
7                                      7.4906301238651337e-05
8                                     -1.6112972641589262e-04
9                                      1.8113349905134082e-04
10                                     3.0427416231463146e-04
11                                    -5.5773228935506128e-05
12                                    -1.8387260836898972e-04
13                                    -1.5306022667345822e-04
14                                    -9.6510896928608055e-05
15                                     1.7387053696118251e-04
16                                     9.6917118792421342e-05
17                                     1.1700782714132642e-04
18                                     1.2483475564162668e-04
19                                     7.0371687110093114e-05
20                                     1.9920092187831681e-05
21                                     2.4296298649623138e-05
22                                    -7.9607890315357041e-05
23                                     4.6928344898722465e-05
24                                     8.8666784249121801e-05
25                                     3.6996903081451169e-05
26                                    -1.2844387012856724e-04
27                                     2.1579394187865107e-04
28                                    -5.2127432365000031e-04
29                                     5.3693475087617025e-04
30                                     1.5501887957992310e-04
31                                    -6.0546526719848807e-05
32                                     5.7463132053223588e-04
33                                    -3.8175283582477600e-04
34                                     1.9231740765261697e-04
35                                    -3.4033972268657670e-04
36                                    -3.3135929017562266e-04
37                                    -1.3401105438023975e-04
38                                    -1.9808580832514613e-04
39                                     5.2100793291275706e-05
40                                     2.5103767810254863e-05
41                                    -1.9224477279583318e-05
42                                     5.4047559692322049e-06
43                                    -9.1840456624738700e-05
44                                     1.0537401646536950e-04
45                                     8.4572409377695306e-05
46                                    -7.6687162865838579e-05
47                                     3.1225685905308286e-05
48                                     4.2664663331510292e-04
49                                    -8.1448079185366133e-05
50                                    -2.4954027778470596e-04
51                                    -2.5162291886918615e-04
52                                    -1.1105693373863414e-04
53                                    -2.0483135526751998e-04
54                                    -4.5428980635936359e-06
55                                     5.6500502917227385e-05
56                                    -1.1040206440185609e-04
57                                    -2.0946814353586498e-04
58                                     1.4539882965591768e-04
59                                     5.1780507209687576e-04
60                                     5.5864118339003262e-06
61                                    -4.4937975933299520e-05
62                                     3.0563450817392489e-05
63                                     5.6040525776775842e-05
64                                     3.4924907153612678e-05
65                                     6.6574724677536962e-07
66                                    -4.9528565664944631e-05
67                                    -6.3538341176660234e-05
68                                     5.8622970438263259e-05
69                                     9.1745046133965188e-05
70                                     4.9601879914942424e-05
71                                     1.7268776536790651e-05
72                                     1.3998420179267364e-04
73                                     6.3285077664401645e-05
74                                     5.3880686629462346e-05
75                                     6.9629684916546161e-05
76                                    -7.1479790673334841e-05
77                                     1.4378094632642180e-05
78                                     1.0554010545155295e-04
79                                    -3.0629339288396973e-05
80                                     8.1821414060444936e-05
81                                     8.5606657429191117e-06
82                                     1.8123711008661204e-05
83                                    -1.1829985568722565e-06
84                                     1.2444434500300829e-05
85                                    -5.0659569718892916e-06
86                                    -1.4298145059550070e-05
87                                    -3.0369997810541861e-05
88                                     4.2980518467978563e-05
89                                    -2.4857508261870677e-05
90                                    -4.4508964907127581e-04
91                                     2.4594749802794966e-04
92                                    -5.0311851971683846e-04
93                                     6.6237644491114281e-06
94                                    -6.3862031640684572e-05
95                                    -5.2966796238162732e-05
96                                     2.5352700671502781e-04
97                                     2.3243726234108039e-04
98                                    -1.0445127996135975e-04
   &Method [&Type "String"] "SCF"
   &Level [&Type "String"] "Relaxed density"
   &Mult [&Type "Integer"] 1
   &State [&Type "Integer"] 0
   &Irrep [&Type "Integer"] 0
$End
$Geometry
   &GeometryIndex 20
   &NAtoms [&Type "Integer"] 33
   &NCorelessECP [&Type "Integer"] 0
   &NGhostAtoms [&Type "Integer"] 0
   &CartesianCoordinates [&Type "Coordinates", &Dim(33,4), &Units "Bohr"] 
              N     -4.512105868656    0.515065960959   -0.396575235229
              C     -6.511730550781   -0.004957907699   -2.000185871703
              N     -8.241348472287   -1.673267659594   -1.041854094864
              C     -8.213981091074   -2.870329419244    1.290381918260
              C     -6.062022322661   -2.225920350743    2.824085170611
              C     -4.336026204486   -0.595723147302    1.926341971363
              O     -6.741498747507    0.933238258221   -4.085082494287
              O     -9.917366834365   -4.315634805809    1.869604680939
              C     -2.559468224460    2.249534368047   -1.237337573310
              C     -2.307014828524    4.682119321487    0.357490959074
              C      0.263955147745    4.316418720589    1.652225561054
              C      1.667905600869    2.657987182026   -0.227707416495
              O      1.630873508886    6.521439688025    2.142602216170
              O     -0.220017126415    0.978743756168   -1.143016704669
              C      3.792334959642    1.185198358286    0.935990265268
              O      5.134829289184   -0.116493940026   -0.976548068539
              P      7.653871242658   -1.689635278012   -0.197283498964
              O      9.269641621583   -0.126775269946    1.492485457445
              O      6.530131366889   -3.927973547776    1.573555569768
              O      8.632424422746   -2.753895043774   -2.608130698856
              H     -9.716193323199   -2.066411192636   -2.193483920791
              H     -5.862402639716   -3.069022988489    4.671012196239
              H     -2.676920339792   -0.089746908278    3.009223710970
              H     -3.052544791812    2.761150228578   -3.171386231395
              H     -0.035402853028    3.227668957280    3.391846387918
              H      2.393402356458    3.833523880226   -1.776515859988
              H      0.859638664862    7.389660618242    3.542977792622
              H      5.043779136808    2.503403855753    1.923646973229
              H      3.021257891472   -0.152644837782    2.317589647102
              H      5.647394507607   -5.174269403429    0.580714866608
              O     -2.192117147242    6.832295797612   -1.195280500551
              H     -3.852096663129    4.834952990392    1.722316126627
              H     -3.849224409427    7.123425873958   -1.888521454425
$End
$SCF_Energy
   &GeometryIndex 20
   &Method [&Type "String"] "SCF"
   &totalEnergy [&Type "ArrayOfDoubles", &Dim (1,1)] "Total energy of each state"
                                                         0

0                                     -1.4775258939715432e+03
   &Mult [&Type "ArrayOfIntegers", &Dim (1,1)] "Multiplicity of each state"
                                                         0

0                                                        1
$End
$DFT_Energy
   &GeometryIndex 20
   &nAlphaEl [&Type "Integer"] 84
   &nBetaEl [&Type "Integer"] 84
   &nTotalEl [&Type "Integer"] 168
   &finalEn [&Type "Double"]      -1.4775258939715432e+03  "No Van der Waals correction"
   &eExchange [&Type "Double"]      -1.2097161311027872e+02
   &eCorr [&Type "Double"]      -5.8382887968536501e+00
   &eXC [&Type "Double"]      -1.2680990190713237e+02
   &eCNL [&Type "Double"]       0.0000000000000000e+00
$End
$Solvation_Details
   &GeometryIndex 20
   &Solvent [&Type "String"] "WATER"
   &Epsilon [&Type "Double"]       8.0150999999999996e+01
   &Refrac [&Type "Double"]       1.3328000000000000e+00
   &RSolv [&Type "Double"]       1.3000000000000000e+00
   &SurfaceType [&Type "String"] "GAUSSIAN VDW"
   &CPCMDielEnergy [&Type "Double"]      -1.5391127700000001e-01
   &NPoints [&Type "Integer"] 2802
   &SurfaceArea [&Type "Double"]       1.1507829275209999e+03
$End
$SCF_Timings
   &GeometryIndex 20
   &TOTAL [&Type "Double"]       5.9494150000000005e+01
   &PREP [&Type "Double"]       3.5149659999999998e+00
   &FOCK [&Type "Double"]       4.7142445000000009e+01
   &DENS [&Type "Double"]       1.1714110000000062e+00
   &ETOT [&Type "Double"]       7.2838899999998219e-01
   &POP [&Type "Double"]       2.0000000020559128e-06
   &TRAFO [&Type "Double"]       3.4698100000000665e-01
   &DIIS [&Type "Double"]       4.2548099999999955e-01
   &SOSCF [&Type "Double"]       2.2407910000000104e+00
   &XC [&Type "Double"]       9.7521550000000055e+00
   &FOCKSTART [&Type "Double"]       4.6773400000000676e-01
   &SOLV [&Type "Double"]       6.4963899999999946e+00
   &SOLV_INIT [&Type "Double"]       6.6040699999999997e-01
   &INT_PREP [&Type "Double"]       4.0000000041118255e-06
   &INT_BF [&Type "Double"]       6.2104399999980231e-01
   &INT_DENS [&Type "Double"]       8.1946300000006822e-01
   &INT_DENSIO [&Type "Double"]       7.3208510580000133e+04
   &INT_FUNC [&Type "Double"]       4.3824000000027397e-02
   &INT_POT [&Type "Double"]       7.1628600000017606e-01
   &INT_POTIO [&Type "Double"]       5.4823699999997366e-01
   &INT_SUM [&Type "Double"]       8.2699999999924501e-04
   &SPLITRIJ [&Type "Double"]       3.2810390000000047e+00
   &COSX [&Type "Double"]       2.9533568999999993e+01
$End
$VdW_Correction
   &GeometryIndex 20
   &vdW [&Type "Double"]      -3.5534744342282529e-02
$End
$Single_Point_Data
   &GeometryIndex 20
   &FinalEnergy [&Type "Double"]      -1.4775614287158855e+03  "Final single point energy"
   &Converged [&Type "Boolean"] true
$End
$SCF_Nuc_Gradient
   &GeometryIndex 20
   &NAtoms [&Type "Integer"] 33
   &gradNorm [&Type "Double"]       9.3039997158027483e-04
   &grad [&Type "ArrayOfDoubles", &Dim (99,1)] 
                                                         0

0                                     -1.4772053856624266e-05
1                                      1.9839365766278051e-04
2                                     -5.3753095982695477e-05
3                                     -8.9389813180357273e-05
4                                     -2.1418559144673161e-04
5                                      6.7553458088191764e-05
6                                     -8.7933753405787952e-05
7                                      1.2150358489473738e-04
8                                     -7.7162398083115087e-05
9                                      1.6528453147405121e-04
10                                     8.7145362085281524e-06
11                                    -5.4237454233684225e-05
12                                    -1.1824822023769033e-04
13                                    -3.4475036936640498e-05
14                                    -2.6237267276009945e-05
15                                     6.5652241434915870e-05
16                                     2.1182170425406116e-05
17                                     4.7953869158932373e-05
18                                     6.8606343558685841e-05
19                                     2.8406146329882129e-05
20                                    -5.7541615267620310e-06
21                                    -1.8936793788537664e-05
22                                     8.2676666565292226e-06
23                                     2.8288233964256644e-05
24                                    -3.7298424094161164e-05
25                                     2.6472364152148567e-05
26                                    -2.3156095867670552e-05
27                                     1.2596196054103477e-04
28                                    -1.0327765961619357e-04
29                                     2.4583362349163434e-04
30                                     6.0504811565208091e-05
31                                    -1.1661295127225377e-04
32                                     2.5002567015463108e-04
33                                    -1.8019555136755477e-04
34                                     8.8009753395025081e-05
35                                    -1.4466714093661626e-04
36                                    -1.6595888118045124e-04
37                                     3.3637646341955153e-05
38                                    -1.3495649279724549e-04
39                                     5.1580040974517661e-05
40                                     3.1013252730483333e-07
41                                    -3.0740479079204713e-05
42                                     1.5581803591907317e-05
43                                    -7.4949613968623341e-05
44                                     4.7541421964991666e-05
45                                    -4.5098904249779418e-05
46                                     1.7339212157359597e-05
47                                    -6.5041010200979726e-05
48                                     3.4352710494589474e-04
49                                     7.1999175785072533e-05
50                                    -6.2777942294045173e-05
51                                    -1.7209819754518123e-04
52                                    -1.3799009022934884e-04
53                                    -1.2274449257376624e-04
54                                     2.4997198926356742e-06
55                                    -4.5586732946443820e-05
56                                     8.5965941485627165e-06
57                                    -9.2943289489719124e-05
58                                     6.9238449411123960e-05
59                                     2.0253722954564752e-04
60                                    -7.3484438088123845e-07
61                                    -2.8856529190575911e-05
62                                     6.6410487587366244e-06
63                                     2.7158392830970288e-05
64                                     2.4068663499226143e-05
65                                     9.6553083275062825e-07
66                                    -1.3418196715390294e-05
67                                    -2.9545734114146320e-05
68                                     2.4231886011953684e-05
69                                     5.4751944931966046e-05
70                                     1.4464382290174535e-05
71                                     9.7409285332367612e-06
72                                     7.5563083731782678e-05
73                                     6.5834279070513504e-05
74                                     1.8839849910876337e-05
75                                     3.7075910399964840e-05
76                                    -4.1837799660646822e-05
77                                     5.6637786163450264e-06
78                                     6.9672835274707114e-05
79                                    -5.4170358254569163e-05
80                                     7.0442741845507185e-05
81                                    -8.4762056011439979e-06
82                                     1.6544426278535910e-05
83                                     4.8052876197181548e-06
84                                     1.5465127534540710e-05
85                                     3.7737327004408870e-06
86                                     5.1303932963216170e-06
87                                    -4.3618361098099286e-05
88                                     1.9396294779325219e-05
89                                     1.0747824133829327e-05
90                                    -1.6212089745851164e-04
91                                    -3.6820551765817840e-05
92                                    -1.5340006520968036e-04
93                                    -3.5077109643485456e-05
94                                    -6.9348042972558401e-05
95                                    -6.1526722706677387e-05
96                                     1.0743360818945862e-04
97                                     1.5010042587112798e-04
98                                    -3.9384576513926036e-05
   &Method [&Type "String"] "SCF"
   &Level [&Type "String"] "Relaxed density"
   &Mult [&Type "Integer"] 1
   &State [&Type "Integer"] 0
   &Irrep [&Type "Integer"] 0
$End
$Geometry
   &GeometryIndex 21
   &NAtoms [&Type "Integer"] 33
   &NCorelessECP [&Type "Integer"] 0
   &NGhostAtoms [&Type "Integer"] 0
   &CartesianCoordinates [&Type "Coordinates", &Dim(33,4), &Units "Bohr"] 
              N     -4.510276050810    0.511183760058   -0.398047928805
              C     -6.520248257267    0.007817836666   -1.993716821628
              N     -8.249915473443   -1.660735136643   -1.035519522302
              C     -8.216807556208   -2.868155111078    1.291335303385
              C     -6.055332613939   -2.238104576345    2.817918442882
              C     -4.327910517705   -0.609815911100    1.919256974516
              O     -6.758842675272    0.958780464171   -4.071863222939
              O     -9.922373347321   -4.310636148355    1.871121710730
              C     -2.557278966661    2.245597297273   -1.239070338679
              C     -2.306572475403    4.681151513422    0.352604879248
              C      0.262478898838    4.315658729758    1.650027763668
              C      1.669159294882    2.655637760847   -0.226019224881
              O      1.630737690104    6.519819425795    2.142544207837
              O     -0.218119344235    0.974732991149   -1.140264268527
              C      3.794068138712    1.185552740915    0.939514639655
              O      5.137162824001   -0.116896166701   -0.972103258508
              P      7.657463258016   -1.688085404621   -0.192470312363
              O      9.273068012334   -0.124316693863    1.497069859675
              O      6.536572614789   -3.927110417898    1.579013709199
              O      8.637090424369   -2.750958245500   -2.604188412081
              H     -9.732555725269   -2.041544317325   -2.181289368091
              H     -5.850339778045   -3.090283647119    4.660095255995
              H     -2.661960410451   -0.113515986101    2.996199685089
              H     -3.049262870527    2.754324275412   -3.174270811341
              H     -0.041436564345    3.227161827410    3.389257328941
              H      2.393919464073    3.830356859733   -1.775901703020
              H      0.842032159124    7.402438924824    3.524123092257
              H      5.044689659731    2.505432057188    1.925887254167
              H      3.023778949847   -0.151506493643    2.322347442016
              H      5.651919625447   -5.173628096551    0.588142482515
              O     -2.190760114869    6.829416927452   -1.200823265360
              H     -3.852943489891    4.834044770524    1.716119177786
              H     -3.849247503763    7.119310305556   -1.891848903833
$End
$SCF_Energy
   &GeometryIndex 21
   &Method [&Type "String"] "SCF"
   &totalEnergy [&Type "ArrayOfDoubles", &Dim (1,1)] "Total energy of each state"
                                                         0

0                                     -1.4775258910946372e+03
   &Mult [&Type "ArrayOfIntegers", &Dim (1,1)] "Multiplicity of each state"
                                                         0

0                                                        1
$End
$DFT_Energy
   &GeometryIndex 21
   &nAlphaEl [&Type "Integer"] 84
   &nBetaEl [&Type "Integer"] 84
   &nTotalEl [&Type "Integer"] 168
   &finalEn [&Type "Double"]      -1.4775258910946372e+03  "No Van der Waals correction"
   &eExchange [&Type "Double"]      -1.2097137469434475e+02
   &eCorr [&Type "Double"]      -5.8382656606821808e+00
   &eXC [&Type "Double"]      -1.2680964035502693e+02
   &eCNL [&Type "Double"]       0.0000000000000000e+00
$End
$Solvation_Details
   &GeometryIndex 21
   &Solvent [&Type "String"] "WATER"
   &Epsilon [&Type "Double"]       8.0150999999999996e+01
   &Refrac [&Type "Double"]       1.3328000000000000e+00
   &RSolv [&Type "Double"]       1.3000000000000000e+00
   &SurfaceType [&Type "String"] "GAUSSIAN VDW"
   &CPCMDielEnergy [&Type "Double"]      -1.5383158499999999e-01
   &NPoints [&Type "Integer"] 2805
   &SurfaceArea [&Type "Double"]       1.1509108893539999e+03
$End
$SCF_Timings
   &GeometryIndex 21
   &TOTAL [&Type "Double"]       7.3637827000000001e+01
   &PREP [&Type "Double"]       3.4479370000000000e+00
   &FOCK [&Type "Double"]       5.9399630999999985e+01
   &DENS [&Type "Double"]       1.6450790000000026e+00
   &ETOT [&Type "Double"]       9.6703099999999154e-01
   &POP [&Type "Double"]       9.9999999747524271e-07
   &TRAFO [&Type "Double"]       6.6083099999999817e-01
   &DIIS [&Type "Double"]       1.1792370000000005e+00
   &SOSCF [&Type "Double"]       2.6779709999999959e+00
   &XC [&Type "Double"]       1.2456426999999998e+01
   &FOCKSTART [&Type "Double"]       7.2357699999999392e-01
   &SOLV [&Type "Double"]       8.2457579999999897e+00
   &SOLV_INIT [&Type "Double"]       6.4882399999999985e-01
   &SOLV_FINAL [&Type "Double"]       9.9999999747524271e-07
   &INT_PREP [&Type "Double"]       9.9999999747524271e-07
   &INT_BF [&Type "Double"]       8.0065299999991701e-01
   &INT_DENS [&Type "Double"]       1.0278290000000574e+00
   &INT_DENSIO [&Type "Double"]       1.0970910762600016e+05
   &INT_FUNC [&Type "Double"]       5.5663999999946867e-02
   &INT_POT [&Type "Double"]       8.1581800000020444e-01
   &INT_POTIO [&Type "Double"]       7.1562300000004342e-01
   &INT_SUM [&Type "Double"]       1.0719999999881935e-03
   &SPLITRIJ [&Type "Double"]       4.1823340000000044e+00
   &COSX [&Type "Double"]       3.5173958999999996e+01
$End
$VdW_Correction
   &GeometryIndex 21
   &vdW [&Type "Double"]      -3.5537113562726791e-02
$End
$Single_Point_Data
   &GeometryIndex 21
   &FinalEnergy [&Type "Double"]      -1.4775614282081999e+03  "Final single point energy"
   &Converged [&Type "Boolean"] true
$End
$SCF_Nuc_Gradient
   &GeometryIndex 21
   &NAtoms [&Type "Integer"] 33
   &gradNorm [&Type "Double"]       5.8680259543000390e-04
   &grad [&Type "ArrayOfDoubles", &Dim (99,1)] 
                                                         0

0                                      1.8980276145799110e-05
1                                      5.4611867639804712e-05
2                                     -4.6537960023703930e-06
3                                     -4.5154691427588410e-07
4                                     -8.1367632102304793e-05
5                                     -1.8551319484600673e-05
6                                      5.5642795778287186e-07
7                                      6.7589337512233310e-05
8                                     -3.4365033520127348e-05
9                                     -1.2051991677830142e-06
10                                     3.8654595237328936e-05
11                                     1.4949233973604104e-05
12                                    -2.4223299603465384e-05
13                                    -2.8269258697246008e-05
14                                    -9.2341599548499838e-06
15                                     2.1559061126343829e-05
16                                     2.4849857926614589e-05
17                                    -2.1109647852614454e-05
18                                    -5.2622218389290537e-06
19                                     2.2416698516549226e-06
20                                    -3.3051965129353368e-05
21                                    -5.6442279889971903e-06
22                                    -2.3147029019542927e-05
23                                    -1.0151211721049023e-05
24                                    -9.8206968283163815e-05
25                                     4.1594571575682220e-05
26                                     4.1117336286838321e-05
27                                     3.4257544208742964e-05
28                                     2.6281847327693089e-04
29                                     2.6636968035586851e-05
30                                    -4.4454873705960355e-05
31                                    -8.2120236113765400e-05
32                                    -7.8058624211639832e-05
33                                     5.3318573176711396e-06
34                                    -6.8393487041439277e-05
35                                    -8.2656484904950031e-07
36                                    -3.1573599745884782e-06
37                                     1.1899060885052850e-04
38                                    -3.7380565267117752e-05
39                                     5.1386702534806031e-05
40                                    -3.7005843572462225e-05
41                                     1.8610148345320551e-05
42                                     1.0933545911615580e-05
43                                    -2.3608470366539350e-05
44                                     2.8737321180445337e-05
45                                    -1.1018532113201541e-04
46                                     6.8130557402853800e-05
47                                    -1.2566610185148913e-04
48                                     7.6386349612027164e-05
49                                     7.8067342494106884e-05
50                                     1.8077084897836186e-04
51                                    -3.1857290260403756e-05
52                                    -9.4162329946345904e-05
53                                    -3.4645685002372700e-05
54                                     4.6107119770558418e-05
55                                    -4.2838914311050792e-05
56                                     1.3310470876634403e-05
57                                     5.8603215969435730e-05
58                                    -7.2339536896105360e-06
59                                    -9.8230049950173310e-05
60                                    -5.8704039876897871e-06
61                                    -1.7178111615300990e-05
62                                     2.9211296682601868e-06
63                                     9.1653702524218474e-06
64                                     4.6097163999238495e-06
65                                    -3.2485280024673166e-06
66                                    -3.3379458200859396e-06
67                                    -4.4338039057346002e-06
68                                     1.7070880380707921e-05
69                                    -1.5867580124081262e-06
70                                    -7.9887647089111762e-06
71                                     2.1783549260241501e-06
72                                     5.0864806930907042e-06
73                                     3.7850504384502221e-05
74                                    -1.2166640634999780e-05
75                                     2.4664511152644062e-06
76                                     1.5963461345052217e-05
77                                     6.6244385518077122e-06
78                                     4.0158031250189113e-05
79                                    -4.6048896442595939e-05
80                                     4.8177819793164691e-05
81                                    -1.1530942980736024e-05
82                                     1.2570046342364730e-05
83                                    -2.5752749381597717e-06
84                                     6.1773408747789840e-06
85                                     8.5285373015145838e-08
86                                     6.7465335614117069e-06
87                                    -5.5099376519977647e-05
88                                    -1.1423829665709007e-06
89                                     3.8195956062897480e-05
90                                     1.1886727478415422e-04
91                                    -1.9077532343615326e-04
92                                     1.0350612616323159e-04
93                                    -6.3784985274859893e-05
94                                    -8.2794222480786961e-05
95                                    -5.3734065112359471e-05
96                                    -4.0164358870098735e-05
97                                     9.8807835968204400e-06
98                                     2.8095637715771474e-05
   &Method [&Type "String"] "SCF"
   &Level [&Type "String"] "Relaxed density"
   &Mult [&Type "Integer"] 1
   &State [&Type "Integer"] 0
   &Irrep [&Type "Integer"] 0
$End
$Geometry
   &GeometryIndex 22
   &NAtoms [&Type "Integer"] 33
   &NCorelessECP [&Type "Integer"] 0
   &NGhostAtoms [&Type "Integer"] 0
   &CartesianCoordinates [&Type "Coordinates", &Dim(33,4), &Units "Bohr"] 
              N     -4.508166862832    0.507233794449   -0.400205000126
              C     -6.532371691644    0.025542990051   -1.983900825833
              N     -8.261414600284   -1.643941966917   -1.025787721933
              C     -8.218017064739   -2.866313699940    1.292975532664
              C     -6.044132600544   -2.254295016659    2.809383043111
              C     -4.315526972547   -0.628008711678    1.909175790184
              O     -6.783239334030    0.994068898711   -4.052532953116
              O     -9.926726851420   -4.303917219997    1.875761870811
              C     -2.555067109173    2.241704110497   -1.242727677907
              C     -2.306426520470    4.679851718722    0.345845796040
              C      0.259456887954    4.313801529601    1.648392888104
              C      1.669764402611    2.653394855757   -0.224468235801
              O      1.628611802616    6.516474747700    2.144795671446
              O     -0.216158332253    0.971450798673   -1.140118363441
              C      3.794057487167    1.184799592571    0.943668544427
              O      5.139248983590   -0.117780181700   -0.966473362833
              P      7.661302472181   -1.685108760988   -0.185422400270
              O      9.275102876634   -0.117880613969    1.503126993066
              O      6.543587727145   -3.924276767737    1.586992838276
              O      8.643302698385   -2.747794012043   -2.596528362934
              H     -9.754957407857   -2.008474414373   -2.162661305573
              H     -5.831092484899   -3.118390480701    4.645089105806
              H     -2.640259824492   -0.145015082253    2.977685653165
              H     -3.046677676513    2.747634022457   -3.178829879716
              H     -0.050037658726    3.224475568896    3.386419571195
              H      2.395226819657    3.828189064046   -1.773982291465
              H      0.821660727555    7.413952237443    3.506177409807
              H      5.043489178409    2.505337361898    1.930544644834
              H      3.023051844417   -0.152213407411    2.326148566117
              H      5.661025580848   -5.173220288185    0.597311398218
              O     -2.187425043523    6.826229487013   -1.209857739921
              H     -3.855071319292    4.834620677349    1.706622421095
              H     -3.844162855084    7.110995284024   -1.907439770297
$End
$SCF_Energy
   &GeometryIndex 22
   &Method [&Type "String"] "SCF"
   &totalEnergy [&Type "ArrayOfDoubles", &Dim (1,1)] "Total energy of each state"
                                                         0

0                                     -1.4775258876146322e+03
   &Mult [&Type "ArrayOfIntegers", &Dim (1,1)] "Multiplicity of each state"
                                                         0

0                                                        1
$End
$DFT_Energy
   &GeometryIndex 22
   &nAlphaEl [&Type "Integer"] 84
   &nBetaEl [&Type "Integer"] 84
   &nTotalEl [&Type "Integer"] 168
   &finalEn [&Type "Double"]      -1.4775258876146322e+03  "No Van der Waals correction"
   &eExchange [&Type "Double"]      -1.2097134074141604e+02
   &eCorr [&Type "Double"]      -5.8382649880508621e+00
   &eXC [&Type "Double"]      -1.2680960572946691e+02
   &eCNL [&Type "Double"]       0.0000000000000000e+00
$End
$Solvation_Details
   &GeometryIndex 22
   &Solvent [&Type "String"] "WATER"
   &Epsilon [&Type "Double"]       8.0150999999999996e+01
   &Refrac [&Type "Double"]       1.3328000000000000e+00
   &RSolv [&Type "Double"]       1.3000000000000000e+00
   &SurfaceType [&Type "String"] "GAUSSIAN VDW"
   &CPCMDielEnergy [&Type "Double"]      -1.5368284400000001e-01
   &NPoints [&Type "Integer"] 2801
   &SurfaceArea [&Type "Double"]       1.1510230432349999e+03
$End
$SCF_Timings
   &GeometryIndex 22
   &TOTAL [&Type "Double"]       7.8221956000000006e+01
   &PREP [&Type "Double"]       3.3375919999999999e+00
   &FOCK [&Type "Double"]       6.2248496999999993e+01
   &DENS [&Type "Double"]       2.0452039999999911e+00
   &ETOT [&Type "Double"]       1.0870580000000061e+00
   &POP [&Type "Double"]       9.9999999747524271e-07
   &TRAFO [&Type "Double"]       6.9309000000000509e-01
   &DIIS [&Type "Double"]       2.8223339999999997e+00
   &SOSCF [&Type "Double"]       2.2402019999999965e+00
   &XC [&Type "Double"]       1.3737201000000015e+01
   &FOCKSTART [&Type "Double"]       6.4168699999999346e-01
   &SOLV [&Type "Double"]       9.3275610000000189e+00
   &SOLV_INIT [&Type "Double"]       5.5974399999999980e-01
   &SOLV_FINAL [&Type "Double"]       9.9999999747524271e-07
   &INT_BF [&Type "Double"]       8.9982000000011020e-01
   &INT_DENS [&Type "Double"]       1.1493849999999952e+00
   &INT_DENSIO [&Type "Double"]       1.2826397069200012e+05
   &INT_FUNC [&Type "Double"]       6.2005999999936279e-02
   &INT_POT [&Type "Double"]       8.3407200000000259e-01
   &INT_POTIO [&Type "Double"]       8.3400700000005479e-01
   &INT_SUM [&Type "Double"]       9.1100000000210457e-04
   &SPLITRIJ [&Type "Double"]       4.5690649999999948e+00
   &COSX [&Type "Double"]       3.4986161000000010e+01
$End
$VdW_Correction
   &GeometryIndex 22
   &vdW [&Type "Double"]      -3.5544175025313075e-02
$End
$Single_Point_Data
   &GeometryIndex 22
   &FinalEnergy [&Type "Double"]      -1.4775614317896575e+03  "Final single point energy"
   &Converged [&Type "Boolean"] true
$End
$SCF_Nuc_Gradient
   &GeometryIndex 22
   &NAtoms [&Type "Integer"] 33
   &gradNorm [&Type "Double"]       7.8918404325747384e-04
   &grad [&Type "ArrayOfDoubles", &Dim (99,1)] 
                                                         0

0                                     -3.4553806583245228e-05
1                                     -4.5788052778666260e-05
2                                     -1.6975404619522599e-05
3                                      8.1250636312182113e-05
4                                      5.2963877385931650e-05
5                                     -2.5995668463162086e-05
6                                      1.2238915559204406e-05
7                                      3.8376996672607157e-05
8                                      1.2614153962496484e-05
9                                      4.4601342447458657e-05
10                                    -1.1336534645333814e-04
11                                    -9.1558847787818063e-05
12                                    -2.3027206093869328e-05
13                                     3.3900782016688314e-05
14                                     3.7763364719292132e-05
15                                     3.2007718801200602e-05
16                                     4.9665164647453392e-05
17                                    -5.2510124331953150e-05
18                                    -4.0241976302438629e-05
19                                    -2.7168542612450721e-05
20                                    -4.0076941674077962e-05
21                                    -4.6427638540157959e-05
22                                     3.2344116141394151e-05
23                                     2.4043009275434289e-05
24                                    -7.7994047317233179e-05
25                                     4.5501825706269523e-05
26                                     3.8193480193988581e-05
27                                    -6.7529776222640895e-06
28                                     3.3789259408401295e-04
29                                    -1.4201866515619490e-05
30                                    -7.2242773983880314e-05
31                                     2.8724377763984202e-06
32                                    -2.0725118134409419e-04
33                                     8.7379504181360051e-05
34                                    -1.6485116920344510e-04
35                                     4.4263683069947481e-05
36                                     6.5978778247991805e-05
37                                     7.7098467548895026e-05
38                                     3.5055098089527775e-05
39                                     3.9783470665030531e-05
40                                    -6.7625635792523288e-05
41                                     7.5523158447204008e-05
42                                    -1.0721557837271650e-06
43                                     3.4283150366874602e-05
44                                     4.1267700388635431e-05
45                                    -7.1217138444929206e-05
46                                     4.5600677472671004e-05
47                                    -1.1801818970950179e-04
48                                    -1.8722944478606363e-04
49                                    -4.5185884271011282e-05
50                                     2.7973397645641041e-04
51                                     8.7143069253363192e-05
52                                    -8.8487458933233709e-06
53                                     2.5842844222702807e-05
54                                     8.8972274393974584e-05
55                                     4.4876789696944916e-05
56                                    -7.0747449016473910e-05
57                                     1.3463438661319966e-04
58                                    -3.1069151941209828e-05
59                                    -1.9556656569334665e-04
60                                    -1.8110122756217193e-05
61                                    -7.6290749705651065e-06
62                                     8.7776506900144575e-06
63                                    -4.5851845033256231e-06
64                                     3.0358772918720424e-07
65                                    -1.6402107850237851e-06
66                                    -4.2978801198212573e-06
67                                    -1.0553028725510176e-05
68                                     2.1503754836184905e-05
69                                    -3.7098661425940029e-05
70                                    -5.3420977871143950e-06
71                                     3.5031121084864720e-06
72                                    -2.9451509507588246e-05
73                                    -5.0767421285217252e-06
74                                    -1.8651596409771025e-05
75                                    -1.5438117389117277e-05
76                                     5.8698710801592918e-05
77                                     1.2617246457604804e-05
78                                     1.9659475629038666e-05
79                                    -1.8373810967732145e-05
80                                     1.7870166517239413e-05
81                                    -5.7015412578514913e-06
82                                    -3.2059151994401249e-08
83                                    -1.5760593355218337e-05
84                                    -3.4951700679717560e-06
85                                    -3.4578981974746464e-06
86                                    -5.1595398166909772e-06
87                                    -5.6965300511980027e-05
88                                    -1.4079258665211631e-05
89                                     4.7832252267200394e-05
90                                     1.9502542912342227e-04
91                                    -1.2875598420354720e-04
92                                     1.2790493478764050e-04
93                                    -5.6938007359092207e-05
94                                    -7.2467539498768843e-05
95                                    -3.5099813077818273e-05
96                                    -9.5834344152917066e-05
97                                    -8.4709142010415829e-05
98                                     5.4904378849346928e-05
   &Method [&Type "String"] "SCF"
   &Level [&Type "String"] "Relaxed density"
   &Mult [&Type "Integer"] 1
   &State [&Type "Integer"] 0
   &Irrep [&Type "Integer"] 0
$End
$Geometry
   &GeometryIndex 23
   &NAtoms [&Type "Integer"] 33
   &NCorelessECP [&Type "Integer"] 0
   &NGhostAtoms [&Type "Integer"] 0
   &CartesianCoordinates [&Type "Coordinates", &Dim(33,4), &Units "Bohr"] 
              N     -4.505134809301    0.503423320145   -0.403528803126
              C     -6.549649954111    0.050802217654   -1.968865970677
              N     -8.276757601002   -1.620419923404   -1.009914260967
              C     -8.216843060154   -2.864068348608    1.297028069901
              C     -6.023726815642   -2.278676913818    2.796261420681
              C     -4.295370712138   -0.653489544361    1.893446508544
              O     -6.818862956443    1.044241355323   -4.023404307897
              O     -9.926858937147   -4.298684886433    1.883489986484
              C     -2.553005852979    2.238513264724   -1.249469543829
              C     -2.306878838678    4.679337813623    0.335357636931
              C      0.254458436628    4.312248557812    1.645692955042
              C      1.669840932356    2.652151402350   -0.223573392047
              O      1.623908659279    6.513197090283    2.147656470933
              O     -0.213962532235    0.970081936144   -1.144126765098
              C      3.791343031828    1.183317156137    0.949177145427
              O      5.140230718629   -0.119729175801   -0.958025664241
              P      7.663826348335   -1.682185771511   -0.173610366001
              O      9.274191446061   -0.109906169955    1.514002545689
              O      6.548585866619   -3.920860121490    1.600115836874
              O      8.649501501395   -2.746081370560   -2.582673056954
              H     -9.785311797812   -1.963493560342   -2.133564800442
              H     -5.796683081221   -3.161482996908    4.621353111398
              H     -2.606123074057   -0.189601867664    2.948285267223
              H     -3.045475212457    2.741189009259   -3.186260657690
              H     -0.062250710027    3.221648767153    3.381934366323
              H      2.398513386340    3.827341313163   -1.771191822383
              H      0.796401350837    7.426675287064    3.485925627341
              H      5.039211041989    2.503401487697    1.938565777774
              H      3.017175588024   -0.153597138742    2.330010357584
              H      5.673238165657   -5.175029605596    0.610672338845
              O     -2.182184293435    6.823582513174   -1.223646139958
              H     -3.858689931796    4.837958216845    1.692103945978
              H     -3.834699024495    7.101322801954   -1.934041970460
$End
$SCF_Energy
   &GeometryIndex 23
   &Method [&Type "String"] "SCF"
   &totalEnergy [&Type "ArrayOfDoubles", &Dim (1,1)] "Total energy of each state"
                                                         0

0                                     -1.4775258801160539e+03
   &Mult [&Type "ArrayOfIntegers", &Dim (1,1)] "Multiplicity of each state"
                                                         0

0                                                        1
$End
$DFT_Energy
   &GeometryIndex 23
   &nAlphaEl [&Type "Integer"] 84
   &nBetaEl [&Type "Integer"] 84
   &nTotalEl [&Type "Integer"] 168
   &finalEn [&Type "Double"]      -1.4775258801160539e+03  "No Van der Waals correction"
   &eExchange [&Type "Double"]      -1.2097143726072213e+02
   &eCorr [&Type "Double"]      -5.8382763486527027e+00
   &eXC [&Type "Double"]      -1.2680971360937482e+02
   &eCNL [&Type "Double"]       0.0000000000000000e+00
$End
$Solvation_Details
   &GeometryIndex 23
   &Solvent [&Type "String"] "WATER"
   &Epsilon [&Type "Double"]       8.0150999999999996e+01
   &Refrac [&Type "Double"]       1.3328000000000000e+00
   &RSolv [&Type "Double"]       1.3000000000000000e+00
   &SurfaceType [&Type "String"] "GAUSSIAN VDW"
   &CPCMDielEnergy [&Type "Double"]      -1.5343545200000000e-01
   &NPoints [&Type "Integer"] 2798
   &SurfaceArea [&Type "Double"]       1.1511941693409999e+03
$End
$SCF_Timings
   &GeometryIndex 23
   &TOTAL [&Type "Double"]       7.9931564999999992e+01
   &PREP [&Type "Double"]       3.5724139999999998e+00
   &FOCK [&Type "Double"]       6.3228217999999998e+01
   &DENS [&Type "Double"]       2.0105240000000038e+00
   &ETOT [&Type "Double"]       1.0812249999999821e+00
   &TRAFO [&Type "Double"]       6.9116400000000056e-01
   &DIIS [&Type "Double"]       3.8769819999999964e+00
   &SOSCF [&Type "Double"]       1.8835050000000173e+00
   &XC [&Type "Double"]       1.3708696000000005e+01
   &FOCKSTART [&Type "Double"]       6.5562100000000534e-01
   &SOLV [&Type "Double"]       9.3128970000000049e+00
   &SOLV_INIT [&Type "Double"]       6.4966700000000022e-01
   &INT_PREP [&Type "Double"]       5.9999999955095973e-06
   &INT_BF [&Type "Double"]       8.9429499999978113e-01
   &INT_DENS [&Type "Double"]       1.1367289999999084e+00
   &INT_DENSIO [&Type "Double"]       1.2926113852000012e+05
   &INT_FUNC [&Type "Double"]       6.1607999999804264e-02
   &INT_POT [&Type "Double"]       9.0611600000014469e-01
   &INT_POTIO [&Type "Double"]       8.3717599999994441e-01
   &INT_SUM [&Type "Double"]       7.9399999999019144e-04
   &SPLITRIJ [&Type "Double"]       4.7402579999999981e+00
   &COSX [&Type "Double"]       3.5801883999999973e+01
$End
$VdW_Correction
   &GeometryIndex 23
   &vdW [&Type "Double"]      -3.5556595148599698e-02
$End
$Single_Point_Data
   &GeometryIndex 23
   &FinalEnergy [&Type "Double"]      -1.4775614367112025e+03  "Final single point energy"
   &Converged [&Type "Boolean"] true
$End
$SCF_Nuc_Gradient
   &GeometryIndex 23
   &NAtoms [&Type "Integer"] 33
   &gradNorm [&Type "Double"]       9.0392901393461077e-04
   &grad [&Type "ArrayOfDoubles", &Dim (99,1)] 
                                                         0

0                                     -6.4175662238571680e-05
1                                     -7.5374392699203139e-05
2                                     -6.3175637144897027e-05
3                                      1.7459209696681356e-04
4                                      9.8019458566537279e-05
5                                     -7.3819087923370237e-05
6                                      5.3800931182210692e-05
7                                     -6.7153525769176703e-05
8                                      2.4002649323225462e-05
9                                     -1.0892199422128402e-04
10                                     4.6100311787958186e-05
11                                    -4.0613648750127823e-05
12                                     6.8781736670529527e-05
13                                    -2.6960709327621081e-06
14                                     3.1168724407377871e-05
15                                     1.2719889819666366e-05
16                                     8.5351965670704374e-05
17                                    -3.7556698385694562e-05
18                                    -7.0479723199284177e-05
19                                    -3.5128041151044493e-05
20                                    -1.5969226959610457e-05
21                                    -1.9047212909975250e-06
22                                    -2.1514247467011629e-05
23                                    -3.0180518039979172e-06
24                                    -3.9110519408598783e-05
25                                     1.2430663254217838e-05
26                                     2.7888326662062473e-05
27                                    -1.8567421922867077e-05
28                                     2.0084303410587885e-04
29                                    -2.0309754363114535e-05
30                                    -3.6171882759658750e-05
31                                     9.7427333403174183e-05
32                                    -2.0840888792010814e-04
33                                     1.0534395573655482e-04
34                                    -1.8329073017459715e-04
35                                     4.4015386108851086e-05
36                                     9.3167416746203801e-05
37                                    -1.6063371078077417e-05
38                                     9.3317644743245597e-05
39                                     1.2537339950205334e-05
40                                    -1.0585263437754198e-04
41                                     1.2541407667023170e-04
42                                    -2.4043754711330825e-05
43                                     7.6855535328701488e-05
44                                     3.5527969550653969e-05
45                                     2.6193258370512632e-05
46                                    -1.3244856987355087e-05
47                                    -5.8969890131420609e-05
48                                    -4.1132017914409763e-04
49                                    -1.9471932462137632e-04
50                                     2.4768401816733430e-04
51                                     1.8250062407930927e-04
52                                     8.7188875229897311e-05
53                                     8.3291935947139994e-05
54                                     1.0867893126970898e-04
55                                     1.4362953586818746e-04
56                                    -1.6793333856076644e-04
57                                     1.4660589731302844e-04
58                                    -2.2121594001642267e-05
59                                    -1.7674930000108731e-04
60                                    -2.7668745113295100e-05
61                                     6.8630782963317443e-06
62                                     1.0895060345546983e-05
63                                    -1.2871131955166052e-05
64                                    -1.2324569520878712e-05
65                                    -7.9632890009802293e-06
66                                    -1.9834390018037194e-05
67                                    -2.6912411325695647e-06
68                                     3.3320688746203339e-05
69                                    -4.8822699653040244e-05
70                                     1.8550740280370888e-05
71                                     9.9755678255815969e-06
72                                    -4.1000616117408713e-05
73                                    -5.1867424233793802e-05
74                                    -2.3036715209835272e-05
75                                    -2.4021090774217250e-05
76                                     7.8143362106002057e-05
77                                     1.7404631557826813e-05
78                                    -6.3567710037355717e-06
79                                     1.7182019357249418e-05
80                                    -2.1169648647206802e-05
81                                     2.0874531029316078e-06
82                                    -1.5302203258354006e-05
83                                    -2.3435991468026597e-05
84                                    -1.0038494865821716e-05
85                                    -9.2297981592679901e-06
86                                    -1.2843460545127613e-05
87                                    -4.0412749204459843e-05
88                                    -2.1796047783248555e-05
89                                     5.0781384143218219e-05
90                                     1.3747190307562154e-04
91                                     4.1257440459915883e-05
92                                     6.9290033381278301e-05
93                                    -2.3412803238255869e-05
94                                    -2.0063177802289752e-05
95                                     4.1809560877986842e-06
96                                    -9.5346110953574743e-05
97                                    -1.3941008111975647e-04
98                                     4.6813544941327537e-05
   &Method [&Type "String"] "SCF"
   &Level [&Type "String"] "Relaxed density"
   &Mult [&Type "Integer"] 1
   &State [&Type "Integer"] 0
   &Irrep [&Type "Integer"] 0
$End
$Geometry
   &GeometryIndex 24
   &NAtoms [&Type "Integer"] 33
   &NCorelessECP [&Type "Integer"] 0
   &NGhostAtoms [&Type "Integer"] 0
   &CartesianCoordinates [&Type "Coordinates", &Dim(33,4), &Units "Bohr"] 
              N     -4.491852047732    0.489932912082   -0.418926182872
              C     -6.616761250159    0.152864597773   -1.901582914127
              N     -8.333303808333   -1.527483881424   -0.938635904145
              C     -8.202089319162   -2.861708718468    1.313832306301
              C     -5.933894234276   -2.380757106258    2.736675084245
              C     -4.209725181647   -0.757594599960    1.821708729065
              O     -6.959941564658    1.247355450228   -3.893108906721
              O     -9.916446988712   -4.283617324980    1.918879359763
              C     -2.546215445484    2.229472493998   -1.280338199577
              C     -2.310260334729    4.679572015805    0.290727659777
              C      0.232632887150    4.308472988298    1.632604186081
              C      1.669050310542    2.651214912898   -0.223086433293
              O      1.601446839284    6.503553348779    2.157046211058
              O     -0.205274510378    0.970499775797   -1.168284478569
              C      3.776475345615    1.178629140184    0.970146173849
              O      5.141625480699   -0.127016396006   -0.923404699041
              P      7.667746475790   -1.673847416487   -0.121142405032
              O      9.263336559380   -0.083949684929    1.565317062821
              O      6.555304572258   -3.908566419446    1.656944086837
              O      8.669644268929   -2.745168005236   -2.519876004405
              H     -9.900714254765   -1.785518410130   -2.002888635024
              H     -5.648664158175   -3.339737081286    4.514551014026
              H     -2.464779377699   -0.370423103716    2.814917275530
              H     -3.044568613239    2.719893565412   -3.218955459406
              H     -0.111528718733    3.212987393073    3.361544586086
              H      2.413987919476    3.828738725222   -1.760701757434
              H      0.704791601248    7.470733233034    3.410587574627
              H      5.017615126243    2.495567503837    1.972071021877
              H      2.986571304992   -0.157431930836    2.342971908020
              H      5.708614982469   -5.181827585198    0.667081971742
              O     -2.160985011312    6.815633372714   -1.280424484564
              H     -3.875146050931    4.853547549724    1.630492397547
              H     -3.794735525107    7.069104800813   -2.041560297843
$End
$SCF_Energy
   &GeometryIndex 24
   &Method [&Type "String"] "SCF"
   &totalEnergy [&Type "ArrayOfDoubles", &Dim (1,1)] "Total energy of each state"
                                                         0

0                                     -1.4775258499025601e+03
   &Mult [&Type "ArrayOfIntegers", &Dim (1,1)] "Multiplicity of each state"
                                                         0

0                                                        1
$End
$DFT_Energy
   &GeometryIndex 24
   &nAlphaEl [&Type "Integer"] 84
   &nBetaEl [&Type "Integer"] 84
   &nTotalEl [&Type "Integer"] 167
   &finalEn [&Type "Double"]      -1.4775258499025601e+03  "No Van der Waals correction"
   &eExchange [&Type "Double"]      -1.2097186139258990e+02
   &eCorr [&Type "Double"]      -5.8383307240832849e+00
   &eXC [&Type "Double"]      -1.2681019211667319e+02
   &eCNL [&Type "Double"]       0.0000000000000000e+00
$End
$Solvation_Details
   &GeometryIndex 24
   &Solvent [&Type "String"] "WATER"
   &Epsilon [&Type "Double"]       8.0150999999999996e+01
   &Refrac [&Type "Double"]       1.3328000000000000e+00
   &RSolv [&Type "Double"]       1.3000000000000000e+00
   &SurfaceType [&Type "String"] "GAUSSIAN VDW"
   &CPCMDielEnergy [&Type "Double"]      -1.5240127600000000e-01
   &NPoints [&Type "Integer"] 2795
   &SurfaceArea [&Type "Double"]       1.1517371213389999e+03
$End
$SCF_Timings
   &GeometryIndex 24
   &TOTAL [&Type "Double"]       9.7443570000000008e+01
   &PREP [&Type "Double"]       3.4339949999999999e+00
   &FOCK [&Type "Double"]       7.8050997000000010e+01
   &DENS [&Type "Double"]       2.5756680000000074e+00
   &ETOT [&Type "Double"]       1.4483329999999981e+00
   &POP [&Type "Double"]       1.0000000116860974e-06
   &TRAFO [&Type "Double"]       6.8711600000000672e-01
   &DIIS [&Type "Double"]       3.8827970000000036e+00
   &SOSCF [&Type "Double"]       3.2073149999999906e+00
   &XC [&Type "Double"]       1.7764207999999975e+01
   &FOCKSTART [&Type "Double"]       8.1632300000001035e-01
   &SOLV [&Type "Double"]       1.2232936000000002e+01
   &SOLV_INIT [&Type "Double"]       6.5099900000000011e-01
   &SOLV_FINAL [&Type "Double"]       9.9999999747524271e-07
   &INT_PREP [&Type "Double"]       4.9999999873762135e-06
   &INT_BF [&Type "Double"]       1.1264499999997977e+00
   &INT_DENS [&Type "Double"]       1.4033160000000251e+00
   &INT_DENSIO [&Type "Double"]       2.1574609873800015e+05
   &INT_FUNC [&Type "Double"]       7.9072000000071085e-02
   &INT_POT [&Type "Double"]       1.0833090000003320e+00
   &INT_POTIO [&Type "Double"]       1.1182249999998017e+00
   &INT_SUM [&Type "Double"]       8.9700000000547675e-04
   &SPLITRIJ [&Type "Double"]       6.0894059999999683e+00
   &COSX [&Type "Double"]       4.1188624999999988e+01
$End
$VdW_Correction
   &GeometryIndex 24
   &vdW [&Type "Double"]      -3.5612276450310808e-02
$End
$Single_Point_Data
   &GeometryIndex 24
   &FinalEnergy [&Type "Double"]      -1.4775614621790105e+03  "Final single point energy"
   &Converged [&Type "Boolean"] true
$End
$SCF_Nuc_Gradient
   &GeometryIndex 24
   &NAtoms [&Type "Integer"] 33
   &gradNorm [&Type "Double"]       2.2335091943549192e-03
   &grad [&Type "ArrayOfDoubles", &Dim (99,1)] 
                                                         0

0                                     -1.1625425765410954e-04
1                                      7.9400327952968959e-06
2                                     -3.6038416129281520e-04
3                                      3.3162530823341448e-04
4                                      2.4331172342684820e-04
5                                     -1.8504896837608016e-04
6                                      1.5926614084806981e-04
7                                     -3.6103167644345631e-04
8                                      7.6393796374891283e-05
9                                     -3.4719282251317949e-04
10                                     1.5016903100646272e-04
11                                    -1.4801093368692914e-04
12                                     3.2129439458477118e-04
13                                     3.5482728831015868e-05
14                                     1.2581946085305135e-04
15                                    -7.2449609597265228e-05
16                                     2.2593421190250423e-04
17                                     8.9052551273535393e-06
18                                    -1.8214045333493102e-04
19                                    -1.1837484180787082e-04
20                                     4.1521730036191097e-05
21                                     7.0299125981777594e-05
22                                    -1.0296936740902265e-05
23                                    -4.0968162231109194e-06
24                                     5.2186704341529482e-05
25                                    -1.2047597396374135e-04
26                                     6.6323380987168620e-05
27                                    -5.2822786682609568e-06
28                                    -4.3798114539558120e-04
29                                     9.8528397579202378e-07
30                                     8.9150654230409212e-05
31                                     3.6261756763027360e-04
32                                    -5.0004937059407016e-05
33                                     9.1781233400245672e-05
34                                    -1.3588945822440028e-04
35                                    -1.5065880428324801e-05
36                                     1.6654789128045961e-04
37                                    -4.3012890477681938e-04
38                                     2.5116755626296842e-04
39                                    -4.8822411369434286e-05
40                                    -2.9928629384789367e-04
41                                     3.1566493573538989e-04
42                                    -1.0153621667375538e-04
43                                     1.7266443680486284e-04
44                                    -2.2426558032711347e-05
45                                     3.7758662852733143e-04
46                                    -2.2792925631955660e-04
47                                     1.8466396016811689e-04
48                                    -9.8679266506369531e-04
49                                    -6.3488239469726524e-04
50                                    -5.7193039378854703e-07
51                                     4.0762865317856987e-04
52                                     3.7052659527074907e-04
53                                     2.5269304613819305e-04
54                                     1.3739799558266827e-04
55                                     4.4058651009527892e-04
56                                    -4.5222828794418509e-04
57                                     1.0883963818361243e-04
58                                     2.7531984456059008e-05
59                                    -1.0636647397387351e-05
60                                    -8.0656187167726896e-05
61                                     1.0774602947516070e-04
62                                     2.7765826596236597e-05
63                                    -5.3984880909189049e-05
64                                    -3.1101415456985057e-05
65                                    -1.6454474725823974e-05
66                                    -8.0996587576298443e-06
67                                     9.8146108324397485e-05
68                                     7.8235449410690532e-05
69                                    -5.6809846072353478e-05
70                                     1.1680326216935400e-04
71                                     7.4941660208068661e-05
72                                    -8.3409265061214988e-05
73                                    -2.1107837497840817e-04
74                                    -5.4678953915850072e-05
75                                    -3.5512354432749150e-05
76                                     1.0869116047750247e-04
77                                     2.1820738004621801e-05
78                                    -1.0677850780889238e-04
79                                     1.6828891747959810e-04
80                                    -1.6724692364776232e-04
81                                     3.5165291236794290e-05
82                                    -5.6147350302853039e-05
83                                    -2.7465706385618356e-05
84                                     5.8018277856697434e-06
85                                    -2.0718431956101632e-05
86                                    -3.3851983168298739e-05
87                                     2.6466320771200994e-05
88                                    -4.3397110986571175e-05
89                                     5.1740223027811825e-05
90                                    -1.8825210434251052e-04
91                                     6.2903055337707207e-04
92                                    -1.4800345974915057e-04
93                                     1.2089252644688456e-04
94                                     1.4198818056215961e-04
95                                     1.4262329883511608e-04
96                                    -2.7956832369663824e-05
97                                    -2.6873945335291482e-04
98                                    -2.5089045400907524e-05
   &Method [&Type "String"] "SCF"
   &Level [&Type "String"] "Relaxed density"
   &Mult [&Type "Integer"] 1
   &State [&Type "Integer"] 0
   &Irrep [&Type "Integer"] 0
$End
$Geometry
   &GeometryIndex 25
   &NAtoms [&Type "Integer"] 33
   &NCorelessECP [&Type "Integer"] 0
   &NGhostAtoms [&Type "Integer"] 0
   &CartesianCoordinates [&Type "Coordinates", &Dim(33,4), &Units "Bohr"] 
              N     -4.480738504823    0.481921276520   -0.428400612186
              C     -6.659315667819    0.224903105737   -1.845987252569
              N     -8.366311615936   -1.464882680404   -0.881963021866
              C     -8.182843198517   -2.868229840491    1.324306838819
              C     -5.862495506448   -2.462887883815    2.685122634686
              C     -4.144634847221   -0.836489406903    1.763469000030
              O     -7.053918154154    1.392933739397   -3.785770960157
              O     -9.896537061618   -4.286315797603    1.940586954624
              C     -2.542625693545    2.227786046424   -1.301989614823
              C     -2.313442467098    4.684811641084    0.258323539790
              C      0.218607397862    4.314433261680    1.619054435231
              C      1.668788831112    2.657069328255   -0.226014248510
              O      1.585325705516    6.507871715688    2.154179046387
              O     -0.198882829117    0.977895576296   -1.189164273127
              C      3.763722337551    1.180285968372    0.983872802246
              O      5.138300812242   -0.132468722993   -0.897606474036
              P      7.660283481954   -1.675972312834   -0.078922653052
              O      9.249469081752   -0.077572360482    1.606295783925
              O      6.540504168451   -3.902202155754    1.704220983604
              O      8.671602457495   -2.758873750030   -2.468301247945
              H     -9.972266789385   -1.664984221195   -1.900224043355
              H     -5.533753794529   -3.481179350145    4.422037000420
              H     -2.361010166445   -0.505847976810    2.706803097263
              H     -3.048075117033    2.709108518859   -3.241274388661
              H     -0.141096768751    3.218652149589    3.345213013825
              H      2.427165611433    3.834822440573   -1.756545094193
              H      0.652981564269    7.503989219018    3.358088230578
              H      5.001828971238    2.494430443025    1.993187257967
              H      2.959919789874   -0.151714544225    2.352710371035
              H      5.708618887423   -5.185772415774    0.715189280967
              O     -2.149422387516    6.813943083820   -1.322450362955
              H     -3.885551152054    4.870020516728    1.588131174769
              H     -3.772240097315    7.053641503705   -2.110995351529
$End
$SCF_Energy
   &GeometryIndex 25
   &Method [&Type "String"] "SCF"
   &totalEnergy [&Type "ArrayOfDoubles", &Dim (1,1)] "Total energy of each state"
                                                         0

0                                     -1.4775258538643866e+03
   &Mult [&Type "ArrayOfIntegers", &Dim (1,1)] "Multiplicity of each state"
                                                         0

0                                                        1
$End
$DFT_Energy
   &GeometryIndex 25
   &nAlphaEl [&Type "Integer"] 84
   &nBetaEl [&Type "Integer"] 84
   &nTotalEl [&Type "Integer"] 167
   &finalEn [&Type "Double"]      -1.4775258538643866e+03  "No Van der Waals correction"
   &eExchange [&Type "Double"]      -1.2097193799028082e+02
   &eCorr [&Type "Double"]      -5.8383296264989664e+00
   &eXC [&Type "Double"]      -1.2681026761677978e+02
   &eCNL [&Type "Double"]       0.0000000000000000e+00
$End
$Solvation_Details
   &GeometryIndex 25
   &Solvent [&Type "String"] "WATER"
   &Epsilon [&Type "Double"]       8.0150999999999996e+01
   &Refrac [&Type "Double"]       1.3328000000000000e+00
   &RSolv [&Type "Double"]       1.3000000000000000e+00
   &SurfaceType [&Type "String"] "GAUSSIAN VDW"
   &CPCMDielEnergy [&Type "Double"]      -1.5167996300000000e-01
   &NPoints [&Type "Integer"] 2797
   &SurfaceArea [&Type "Double"]       1.1517715133459999e+03
$End
$SCF_Timings
   &GeometryIndex 25
   &TOTAL [&Type "Double"]       9.8868292000000011e+01
   &PREP [&Type "Double"]       3.4756010000000002e+00
   &FOCK [&Type "Double"]       7.9621640000000028e+01
   &DENS [&Type "Double"]       2.6085169999999920e+00
   &ETOT [&Type "Double"]       1.4410080000000001e+00
   &TRAFO [&Type "Double"]       6.8093199999999143e-01
   &DIIS [&Type "Double"]       3.9448640000000061e+00
   &SOSCF [&Type "Double"]       3.1474629999999770e+00
   &XC [&Type "Double"]       1.7991845999999981e+01
   &FOCKSTART [&Type "Double"]       8.0545499999998915e-01
   &SOLV [&Type "Double"]       1.2198530000000023e+01
   &SOLV_INIT [&Type "Double"]       6.6880700000000015e-01
   &SOLV_FINAL [&Type "Double"]       9.9999999747524271e-07
   &INT_PREP [&Type "Double"]       6.9999999894321263e-06
   &INT_BF [&Type "Double"]       1.1787269999999932e+00
   &INT_DENS [&Type "Double"]       1.4601120000003398e+00
   &INT_DENSIO [&Type "Double"]       2.1538165953500028e+05
   &INT_FUNC [&Type "Double"]       8.1919000000214126e-02
   &INT_POT [&Type "Double"]       1.0346740000001411e+00
   &INT_POTIO [&Type "Double"]       1.1096549999995364e+00
   &INT_SUM [&Type "Double"]       1.0999999999850019e-03
   &SPLITRIJ [&Type "Double"]       6.1336359999999930e+00
   &COSX [&Type "Double"]       4.2436428000000021e+01
$End
$VdW_Correction
   &GeometryIndex 25
   &vdW [&Type "Double"]      -3.5649569675824326e-02
$End
$Single_Point_Data
   &GeometryIndex 25
   &FinalEnergy [&Type "Double"]      -1.4775615034340624e+03  "Final single point energy"
   &Converged [&Type "Boolean"] true
$End
$SCF_Nuc_Gradient
   &GeometryIndex 25
   &NAtoms [&Type "Integer"] 33
   &gradNorm [&Type "Double"]       3.2921973542077917e-03
   &grad [&Type "ArrayOfDoubles", &Dim (99,1)] 
                                                         0

0                                     -1.7373671492764244e-04
1                                      9.8917194352200527e-05
2                                     -6.4678420896107150e-04
3                                      4.3863196921446312e-04
4                                      3.2802778378840473e-04
5                                     -3.6523179436161001e-04
6                                      2.3333168064693875e-04
7                                     -6.0868247185314047e-04
8                                      1.1310581447324827e-04
9                                     -6.1276237227233903e-04
10                                     4.1346463752522076e-04
11                                    -6.3702540694532015e-06
12                                     5.6212241170937218e-04
13                                    -2.0847784025103790e-05
14                                     1.3055308488719883e-04
15                                    -2.0295503591763264e-04
16                                     2.3413742566199034e-04
17                                     6.8781600529971621e-05
18                                    -2.3786924230446310e-04
19                                    -1.9021494626853853e-04
20                                     1.1736438745387856e-04
21                                     1.5771646781048210e-04
22                                    -8.2634532406018437e-05
23                                    -6.0045402005680696e-05
24                                     3.0083725701960306e-05
25                                    -1.0245371125070710e-04
26                                     1.3097618844320151e-04
27                                    -3.9976825827621556e-06
28                                    -8.3613278952294492e-04
29                                    -2.2364168669905911e-05
30                                     1.6660644078602923e-04
31                                     5.8415869844106170e-04
32                                     4.6183765881359080e-07
33                                     1.1032704562131463e-04
34                                    -1.3609152611020138e-04
35                                    -4.2090618605376991e-05
36                                     1.8172394087475192e-04
37                                    -6.3406650259304376e-04
38                                     3.5538109182215436e-04
39                                    -5.4335633498469761e-05
40                                    -5.0491619403202743e-04
41                                     4.7051324618568250e-04
42                                    -1.4947282695781792e-04
43                                     2.4518091753676858e-04
44                                    -1.0923402265126001e-04
45                                     5.8091682160795171e-04
46                                    -3.6662085607560435e-04
47                                     3.5180501888704304e-04
48                                    -1.2907807415888386e-03
49                                    -8.3572990937463875e-04
50                                    -1.9342617514778184e-04
51                                     5.2723930125945682e-04
52                                     5.3384350379692919e-04
53                                     3.6449944213532055e-04
54                                     1.4105548597517556e-04
55                                     5.7320060827733925e-04
56                                    -5.7830062430193644e-04
57                                     7.5795766080763335e-05
58                                     3.6367502407238600e-05
59                                     7.4384549440953182e-05
60                                    -7.8224947775533377e-05
61                                     1.7130765264612781e-04
62                                     1.4994987644704273e-05
63                                    -8.6506665810090182e-05
64                                    -4.7548352296541182e-05
65                                    -2.4982158105495302e-05
66                                     2.8555066740229025e-05
67                                     1.3937168167372111e-04
68                                     3.7715690200802477e-05
69                                    -9.1215599406231857e-05
70                                     1.6138364326083354e-04
71                                     8.9029762227340128e-05
72                                    -1.2503442250129656e-04
73                                    -2.4626189301685296e-04
74                                    -1.7012539826754077e-05
75                                    -3.4716962802158188e-05
76                                     1.2978784139801449e-04
77                                     2.6868765329462132e-05
78                                    -1.3252300874405475e-04
79                                     2.3975622748884104e-04
80                                    -2.4372122850278572e-04
81                                     4.1350327580372783e-05
82                                    -8.4456635469617932e-05
83                                    -2.4931864005252850e-05
84                                     1.3553922907926687e-05
85                                    -2.4727787080383930e-05
86                                    -4.1481326670177811e-05
87                                     6.5419123120249800e-05
88                                    -5.1518110498440683e-05
89                                     4.9060159013569423e-05
90                                    -3.0946397994678296e-04
91                                     9.5377781166398716e-04
92                                    -2.2455953203983226e-04
93                                     2.2594375162059881e-04
94                                     2.7865609367023602e-04
95                                     2.5229480718900527e-04
96                                     3.2225526943168445e-06
97                                    -3.4843521706937568e-04
98                                    -4.7254587951110817e-05
   &Method [&Type "String"] "SCF"
   &Level [&Type "String"] "Relaxed density"
   &Mult [&Type "Integer"] 1
   &State [&Type "Integer"] 0
   &Irrep [&Type "Integer"] 0
$End
$Geometry
   &GeometryIndex 26
   &NAtoms [&Type "Integer"] 33
   &NCorelessECP [&Type "Integer"] 0
   &NGhostAtoms [&Type "Integer"] 0
   &CartesianCoordinates [&Type "Coordinates", &Dim(33,4), &Units "Bohr"] 
              N     -4.470998402529    0.475141123277   -0.433931914295
              C     -6.687772094368    0.277679332921   -1.799589866634
              N     -8.388443361852   -1.418418069091   -0.835447947754
              C     -8.166681633870   -2.874899462681    1.332500125291
              C     -5.809489035867   -2.525683344107    2.644333736152
              C     -4.095857080217   -0.896859150622    1.718306362434
              O     -7.118199550159    1.500683457071   -3.697684618141
              O     -9.880365793207   -4.289344496040    1.957611801454
              C     -2.539539126779    2.226211213950   -1.318766412520
              C     -2.315994548142    4.689069602184    0.232138087484
              C      0.208157500335    4.320600757042    1.606755930508
              C      1.669179153543    2.663633376262   -0.230137850950
              O      1.571750366001    6.514154158125    2.149207453961
              O     -0.192636547835    0.985283281217   -1.207522394477
              C      3.754099764751    1.183742334465    0.993358528842
              O      5.137066732264   -0.133696262981   -0.878425804268
              P      7.653021324854   -1.678430802865   -0.044696836169
              O      9.235839679529   -0.077924110714    1.644729284755
              O      6.522094574968   -3.899781481390    1.737220496881
              O      8.674637255649   -2.767718256520   -2.426731901668
              H    -10.021534827666   -1.575956834215   -1.817379650317
              H     -5.449572951602   -3.588408155777    4.348146123945
              H     -2.285062709174   -0.608919307305    2.622619913205
              H     -3.051817889351    2.699807652005   -3.258321401322
              H     -0.161553077722    3.224770713032    3.330988218251
              H      2.438220451247    3.841626880754   -1.754883074837
              H      0.618129134632    7.525806647154    3.323085041559
              H      4.988930593399    2.495837438164    2.009392612209
              H      2.938921458610   -0.145567441770    2.358222176065
              H      5.699268216770   -5.187365911316    0.745847983213
              O     -2.141096970682    6.811672592295   -1.356982398164
              H     -3.894057410784    4.882556648952    1.553704412368
              H     -3.756685915898    7.043821993833   -2.162484369859
$End
$SCF_Energy
   &GeometryIndex 26
   &Method [&Type "String"] "SCF"
   &totalEnergy [&Type "ArrayOfDoubles", &Dim (1,1)] "Total energy of each state"
                                                         0

0                                     -1.4775258688989113e+03
   &Mult [&Type "ArrayOfIntegers", &Dim (1,1)] "Multiplicity of each state"
                                                         0

0                                                        1
$End
$DFT_Energy
   &GeometryIndex 26
   &nAlphaEl [&Type "Integer"] 84
   &nBetaEl [&Type "Integer"] 84
   &nTotalEl [&Type "Integer"] 167
   &finalEn [&Type "Double"]      -1.4775258688989113e+03  "No Van der Waals correction"
   &eExchange [&Type "Double"]      -1.2097193493081207e+02
   &eCorr [&Type "Double"]      -5.8383220736112467e+00
   &eXC [&Type "Double"]      -1.2681025700442332e+02
   &eCNL [&Type "Double"]       0.0000000000000000e+00
$End
$Solvation_Details
   &GeometryIndex 26
   &Solvent [&Type "String"] "WATER"
   &Epsilon [&Type "Double"]       8.0150999999999996e+01
   &Refrac [&Type "Double"]       1.3328000000000000e+00
   &RSolv [&Type "Double"]       1.3000000000000000e+00
   &SurfaceType [&Type "String"] "GAUSSIAN VDW"
   &CPCMDielEnergy [&Type "Double"]      -1.5114963600000000e-01
   &NPoints [&Type "Integer"] 2802
   &SurfaceArea [&Type "Double"]       1.1517554118040000e+03
$End
$SCF_Timings
   &GeometryIndex 26
   &TOTAL [&Type "Double"]       9.6685860000000005e+01
   &PREP [&Type "Double"]       3.5890200000000001e+00
   &FOCK [&Type "Double"]       7.7381675999999985e+01
   &DENS [&Type "Double"]       2.6109520000000117e+00
   &ETOT [&Type "Double"]       1.4224949999999961e+00
   &TRAFO [&Type "Double"]       6.8628299999999243e-01
   &DIIS [&Type "Double"]       3.9274859999999965e+00
   &SOSCF [&Type "Double"]       3.1060569999999998e+00
   &XC [&Type "Double"]       1.7758627000000011e+01
   &FOCKSTART [&Type "Double"]       8.1709900000000157e-01
   &SOLV [&Type "Double"]       1.1960392999999971e+01
   &SOLV_INIT [&Type "Double"]       6.8208200000000030e-01
   &INT_PREP [&Type "Double"]       4.9999999909289272e-06
   &INT_BF [&Type "Double"]       1.1674170000001105e+00
   &INT_DENS [&Type "Double"]       1.5330859999999582e+00
   &INT_DENSIO [&Type "Double"]       2.1747554467300020e+05
   &INT_FUNC [&Type "Double"]       7.8479999999972350e-02
   &INT_POT [&Type "Double"]       1.0653210000002744e+00
   &INT_POTIO [&Type "Double"]       1.1205520000000710e+00
   &INT_SUM [&Type "Double"]       1.2509999999839039e-03
   &SPLITRIJ [&Type "Double"]       6.0588219999999904e+00
   &COSX [&Type "Double"]       4.0784435999999999e+01
$End
$VdW_Correction
   &GeometryIndex 26
   &vdW [&Type "Double"]      -3.5677432818887821e-02
$End
$Single_Point_Data
   &GeometryIndex 26
   &FinalEnergy [&Type "Double"]      -1.4775615463317301e+03  "Final single point energy"
   &Converged [&Type "Boolean"] true
$End
$SCF_Nuc_Gradient
   &GeometryIndex 26
   &NAtoms [&Type "Integer"] 33
   &gradNorm [&Type "Double"]       3.7262302839532568e-03
   &grad [&Type "ArrayOfDoubles", &Dim (99,1)] 
                                                         0

0                                     -2.5694196178390730e-04
1                                      1.6705066698272580e-04
2                                     -8.5896330330785477e-04
3                                      4.6555477897875414e-04
4                                      4.0003803396950773e-04
5                                     -4.2961582628330225e-04
6                                      2.1407429108897063e-04
7                                     -6.9675737691516260e-04
8                                      1.5521938726760075e-04
9                                     -6.4430960589628044e-04
10                                     4.3366236441936976e-04
11                                     1.6936710076814393e-05
12                                     6.3497152389904829e-04
13                                    -3.5497021592379254e-05
14                                     1.3800643566771711e-04
15                                    -2.2104637916507496e-04
16                                     1.7544639905287196e-04
17                                     1.6949470545947213e-04
18                                    -2.4165425656778186e-04
19                                    -2.3884566131798449e-04
20                                     1.3648366204101182e-04
21                                     1.6662714397008287e-04
22                                    -7.5040766310038116e-05
23                                    -7.0235012034649421e-05
24                                     4.6488340523927435e-06
25                                    -7.5079494493060042e-05
26                                     2.0473347244261429e-04
27                                     3.0560163122847673e-05
28                                    -1.0156242107362886e-03
29                                    -5.4132013353480339e-05
30                                     2.1602867041593666e-04
31                                     7.0940865115980622e-04
32                                     2.9139280797128381e-05
33                                     9.1655255422124995e-05
34                                    -1.0026884421748366e-04
35                                    -9.9006480577328875e-05
36                                     1.8136893521939742e-04
37                                    -7.0349902007233876e-04
38                                     4.2302536634575332e-04
39                                    -2.9867580030966146e-05
40                                    -6.2223631941035165e-04
41                                     5.6299392422295481e-04
42                                    -1.6818442882787546e-04
43                                     2.6804338468017897e-04
44                                    -1.6169232434594491e-04
45                                     6.5103296202215775e-04
46                                    -4.2114090898722227e-04
47                                     4.3512166656954686e-04
48                                    -1.3996714461438986e-03
49                                    -8.8926356693898355e-04
50                                    -2.5808763693421544e-04
51                                     5.5920368855597589e-04
52                                     5.8987327290931557e-04
53                                     4.0317866346574433e-04
54                                     1.3737905585904891e-04
55                                     6.1226789448953333e-04
56                                    -6.1766456056753594e-04
57                                     6.8518034490943925e-05
58                                     3.1404614452657306e-05
59                                     9.5684374921482234e-05
60                                    -5.0387305988716506e-05
61                                     1.8433527922133138e-04
62                                    -6.6508812130894904e-06
63                                    -1.0476214837697554e-04
64                                    -4.9682416031791350e-05
65                                    -2.3238755681903294e-05
66                                     2.5559671475216640e-05
67                                     1.2164131967802382e-05
68                                    -2.2378323356541177e-05
69                                    -1.0365454228193855e-04
70                                     2.1272808592570194e-04
71                                     9.3682663110082268e-05
72                                    -9.8905222772200741e-05
73                                    -1.7441062412575531e-04
74                                     3.1154273330203855e-05
75                                    -3.0871418716792395e-05
76                                     1.4752246003205504e-04
77                                     3.5656499402253572e-05
78                                    -1.2936015942034750e-04
79                                     2.6391978416130061e-04
80                                    -2.9376457050465840e-04
81                                     4.4057335554250756e-05
82                                    -9.1776502991284810e-05
83                                    -1.7868388810874487e-05
84                                     6.3408048701740462e-06
85                                    -3.6979997324219296e-05
86                                    -3.9234478386057138e-05
87                                     8.3881430003689250e-05
88                                    -5.5459209067728162e-05
89                                     4.0539020742249009e-05
90                                    -3.9685599602028426e-04
91                                     1.0870845650629559e-03
92                                    -2.4908341933069353e-04
93                                     2.7269677286080108e-04
94                                     3.5361391314948888e-04
95                                     2.9680288537700005e-04
96                                     2.2313077998744739e-05
97                                    -3.6700154873079468e-04
98                                    -6.6237032298890013e-05
   &Method [&Type "String"] "SCF"
   &Level [&Type "String"] "Relaxed density"
   &Mult [&Type "Integer"] 1
   &State [&Type "Integer"] 0
   &Irrep [&Type "Integer"] 0
$End
$Geometry
   &GeometryIndex 27
   &NAtoms [&Type "Integer"] 33
   &NCorelessECP [&Type "Integer"] 0
   &NGhostAtoms [&Type "Integer"] 0
   &CartesianCoordinates [&Type "Coordinates", &Dim(33,4), &Units "Bohr"] 
              N     -4.456220518475    0.469531793383   -0.426553006305
              C     -6.698419390577    0.309466072831   -1.755245334468
              N     -8.394343206158   -1.391546545309   -0.794269320453
              C     -8.139991320860   -2.896257675350    1.337558977179
              C     -5.758642974243   -2.586028271550    2.612725486286
              C     -4.049314101881   -0.949816241084    1.689383480660
              O     -7.149638695577    1.573912664345   -3.621707463777
              O     -9.851526509934   -4.312823296255    1.964906084031
              C     -2.538316569650    2.230635231608   -1.332090244062
              C     -2.319022273567    4.699724424337    0.207599981100
              C      0.204884149015    4.340153706116    1.585635966462
              C      1.672422816938    2.685020599452   -0.247339864333
              O      1.558865833007    6.542336432703    2.124918994429
              O     -0.183170286638    1.007958729179   -1.239139620139
              C      3.745403675204    1.199970121295    0.991755969275
              O      5.135802404304   -0.125404740992   -0.868170134700
              P      7.630714453234   -1.693162582975   -0.007520122753
              O      9.208610662119   -0.109586790326    1.699591525986
              O      6.460440062714   -3.906194467807    1.763980311219
              O      8.665509121973   -2.792021878395   -2.379594265878
              H    -10.042493031592   -1.526757782088   -1.754140564172
              H     -5.373043945055   -3.686126513575    4.286985546782
              H     -2.220206062795   -0.695875576307    2.565098996352
              H     -3.066179494620    2.695169749182   -3.269929187995
              H     -0.158405995834    3.247817624756    3.312333973760
              H      2.453763833147    3.861780129613   -1.766276051876
              H      0.619812149152    7.527785972833    3.331778330615
              H      4.976581076108    2.510286382766    2.015085163728
              H      2.915346143937   -0.123752617482    2.353433420689
              H      5.629092248762   -5.181286000126    0.763427841843
              O     -2.138402269213    6.811705655997   -1.391429350904
              H     -3.902670192546    4.897321290195    1.521824134031
              H     -3.755284511554    7.059190514340   -2.189437805409
$End
$SCF_Energy
   &GeometryIndex 27
   &Method [&Type "String"] "SCF"
   &totalEnergy [&Type "ArrayOfDoubles", &Dim (1,1)] "Total energy of each state"
                                                         0

0                                     -1.4775259326887906e+03
   &Mult [&Type "ArrayOfIntegers", &Dim (1,1)] "Multiplicity of each state"
                                                         0

0                                                        1
$End
$DFT_Energy
   &GeometryIndex 27
   &nAlphaEl [&Type "Integer"] 84
   &nBetaEl [&Type "Integer"] 84
   &nTotalEl [&Type "Integer"] 167
   &finalEn [&Type "Double"]      -1.4775259326887906e+03  "No Van der Waals correction"
   &eExchange [&Type "Double"]      -1.2097145458598496e+02
   &eCorr [&Type "Double"]      -5.8382278357709403e+00
   &eXC [&Type "Double"]      -1.2680968242175589e+02
   &eCNL [&Type "Double"]       0.0000000000000000e+00
$End
$Solvation_Details
   &GeometryIndex 27
   &Solvent [&Type "String"] "WATER"
   &Epsilon [&Type "Double"]       8.0150999999999996e+01
   &Refrac [&Type "Double"]       1.3328000000000000e+00
   &RSolv [&Type "Double"]       1.3000000000000000e+00
   &SurfaceType [&Type "String"] "GAUSSIAN VDW"
   &CPCMDielEnergy [&Type "Double"]      -1.5085227100000001e-01
   &NPoints [&Type "Integer"] 2807
   &SurfaceArea [&Type "Double"]       1.1516708159630000e+03
$End
$SCF_Timings
   &GeometryIndex 27
   &TOTAL [&Type "Double"]       7.2757092999999998e+01
   &PREP [&Type "Double"]       3.3723419999999997e+00
   &FOCK [&Type "Double"]       5.5958890000000004e+01
   &DENS [&Type "Double"]       1.8049699999999902e+00
   &ETOT [&Type "Double"]       1.0814160000000026e+00
   &TRAFO [&Type "Double"]       6.6248299999999816e-01
   &DIIS [&Type "Double"]       3.9169700000000045e+00
   &SOSCF [&Type "Double"]       1.4438330000000121e+00
   &XC [&Type "Double"]       1.2560737000000005e+01
   &FOCKSTART [&Type "Double"]       5.8843599999999574e-01
   &SOLV [&Type "Double"]       8.6517909999999976e+00
   &SOLV_INIT [&Type "Double"]       5.4226500000000000e-01
   &INT_PREP [&Type "Double"]       9.9999999747524271e-07
   &INT_BF [&Type "Double"]       8.0669600000005737e-01
   &INT_DENS [&Type "Double"]       1.0627999999999940e+00
   &INT_DENSIO [&Type "Double"]       1.0787441242600017e+05
   &INT_FUNC [&Type "Double"]       5.5883000000205740e-02
   &INT_POT [&Type "Double"]       9.4241400000003317e-01
   &INT_POTIO [&Type "Double"]       7.2902499999997161e-01
   &INT_SUM [&Type "Double"]       8.3100000000868590e-04
   &SPLITRIJ [&Type "Double"]       4.4237620000000053e+00
   &COSX [&Type "Double"]       3.1746865000000003e+01
$End
$VdW_Correction
   &GeometryIndex 27
   &vdW [&Type "Double"]      -3.5691609866426902e-02
$End
$Single_Point_Data
   &GeometryIndex 27
   &FinalEnergy [&Type "Double"]      -1.4775616242986571e+03  "Final single point energy"
   &Converged [&Type "Boolean"] true
$End
$SCF_Nuc_Gradient
   &GeometryIndex 27
   &NAtoms [&Type "Integer"] 33
   &gradNorm [&Type "Double"]       2.0141021717281519e-03
   &grad [&Type "ArrayOfDoubles", &Dim (99,1)] 
                                                         0

0                                     -3.2946640863508838e-04
1                                      3.2824954462285275e-04
2                                     -5.2922824204557387e-04
3                                      2.2732724675021731e-04
4                                     -1.3061383490577119e-04
5                                     -2.7226598810357617e-04
6                                      5.0618590746340757e-05
7                                     -2.5641823888329629e-04
8                                      1.2833276380815888e-04
9                                     -8.7508961891026048e-05
10                                     8.8985925481636032e-05
11                                     1.1603281091050315e-05
12                                     1.4760609194002384e-04
13                                    -5.0833240969317707e-05
14                                     5.2644906124167527e-05
15                                    -8.1952589831135693e-05
16                                    -1.9449653457428041e-04
17                                     6.9210954973743287e-04
18                                     2.7632174003800798e-04
19                                     8.0024337961570382e-06
20                                     1.0661688358524823e-04
21                                    -3.9500344693131037e-05
22                                    -1.8977789551103742e-05
23                                     4.1183316640381153e-06
24                                    -1.9051342716198144e-04
25                                     2.7892556937016182e-05
26                                     1.4878932602594114e-04
27                                     3.0205094464950559e-04
28                                    -5.0737564397406788e-04
29                                    -1.8303813049161247e-04
30                                     2.9823545450369948e-04
31                                     2.3581851501641206e-04
32                                     6.9431796114699886e-06
33                                    -1.8292672368087583e-04
34                                     1.9237688035246835e-04
35                                    -3.9851275258524121e-04
36                                     1.6336781182591144e-04
37                                    -7.4091089622234255e-05
38                                     6.0261531655074474e-04
39                                    -5.0275029886008641e-05
40                                    -3.3730591225848467e-04
41                                     2.2245602249789225e-04
42                                    -3.5241840313822280e-05
43                                     5.6197776620673475e-05
44                                    -2.0529611589640046e-04
45                                     1.3344100331677479e-04
46                                    -1.4010650777256036e-04
47                                     1.8213087541241575e-04
48                                    -2.7931533790197396e-04
49                                     1.1897164055036616e-05
50                                    -4.8073503506388979e-06
51                                     5.3406076511970869e-05
52                                     5.1717496829941221e-05
53                                     6.1033631083725957e-05
54                                    -1.7115584263123899e-05
55                                     9.7599434127155067e-05
56                                    -8.6718260470317250e-05
57                                     3.0374776844661845e-05
58                                    -5.1562760290415293e-05
59                                    -4.6882572880061155e-05
60                                    -5.9400405406523382e-06
61                                     5.1278927066038905e-05
62                                    -5.7435333213022490e-05
63                                    -6.9185931310613178e-05
64                                    -9.8333203590643078e-06
65                                    -4.2852773576159770e-06
66                                    -2.4640868041890491e-04
67                                    -3.0286584721889143e-04
68                                    -9.4391606293194697e-05
69                                     1.5153122422609426e-04
70                                     3.3587639101897982e-04
71                                    -1.7590765835306753e-04
72                                     2.0071339031711626e-04
73                                     5.1617832405002312e-05
74                                    -8.5593462779058962e-06
75                                     5.8467925949403613e-07
76                                     6.8420755164475412e-05
77                                     4.3579312262525269e-05
78                                    -6.5639338764790972e-05
79                                     1.0790869080213325e-04
80                                    -3.8459534240620669e-04
81                                    -9.6641375087470454e-06
82                                    -1.3322646773574746e-05
83                                     5.6738995880506273e-05
84                                    -3.3483617576798746e-05
85                                    -5.2766063477775068e-05
86                                     2.6219442962548356e-05
87                                     4.3496271985765668e-05
88                                    -5.5529901379515885e-05
89                                     6.2023207146079666e-06
90                                    -5.4083212800055166e-04
91                                     2.5255563682927200e-04
92                                     1.6571667053225727e-04
93                                     8.9158837773334879e-05
94                                     2.6242574804822709e-04
95                                     9.6821209589755274e-05
96                                     9.6735953818709644e-05
97                                    -3.2722363244076991e-05
98                                    -1.6274805932163926e-04
   &Method [&Type "String"] "SCF"
   &Level [&Type "String"] "Relaxed density"
   &Mult [&Type "Integer"] 1
   &State [&Type "Integer"] 0
   &Irrep [&Type "Integer"] 0
$End
$Geometry
   &GeometryIndex 28
   &NAtoms [&Type "Integer"] 33
   &NCorelessECP [&Type "Integer"] 0
   &NGhostAtoms [&Type "Integer"] 0
   &CartesianCoordinates [&Type "Coordinates", &Dim(33,4), &Units "Bohr"] 
              N     -4.442295384941    0.468531648860   -0.434428622521
              C     -6.719316053260    0.351075078058   -1.707695660678
              N     -8.403554545516   -1.355921522516   -0.738639419170
              C     -8.104528194718   -2.907074457949    1.354147096845
              C     -5.690696857513   -2.636700900783    2.574659886905
              C     -3.992119231555   -0.994220201509    1.641371731608
              O     -7.207221805224    1.658509248391   -3.535473837942
              O     -9.809536694289   -4.325477191158    1.995566257613
              C     -2.538046689301    2.236734579448   -1.360410714195
              C     -2.324084225544    4.709535922569    0.171899415533
              C      0.187535755597    4.344870999648    1.568569761293
              C      1.670196789973    2.696972836132   -0.258597557005
              O      1.536590330565    6.546257696935    2.125408295837
              O     -0.177378112883    1.026911052691   -1.277598312135
              C      3.727859145728    1.203366999009    0.996950464261
              O      5.133081142190   -0.121245703102   -0.851928453867
              P      7.613120694311   -1.700941743936    0.033201512876
              O      9.179362637484   -0.126379325297    1.758010227338
              O      6.414193994943   -3.911099395322    1.791396842771
              O      8.666111245293   -2.803070919646   -2.329094967347
              H    -10.075112566206   -1.463755215538   -1.660651876357
              H     -5.270040246796   -3.772570616294    4.216325376373
              H     -2.139680350380   -0.769709552902    2.475735450876
              H     -3.080027316185    2.691964074290   -3.296166636392
              H     -0.188232200559    3.246747759378    3.288694328414
              H      2.468387523493    3.878509976261   -1.764623616579
              H      0.598962679508    7.514214101681    3.347579950814
              H      4.951713954342    2.508312955054    2.035997896165
              H      2.880185973475   -0.121015591222    2.347111577751
              H      5.586927497563   -5.180199499021    0.779874724626
              O     -2.120719588945    6.814048981884   -1.432603971599
              H     -3.918762076807    4.914313794778    1.471548215121
              H     -3.730919944996    7.071630246438   -2.240953520030
$End
$SCF_Energy
   &GeometryIndex 28
   &Method [&Type "String"] "SCF"
   &totalEnergy [&Type "ArrayOfDoubles", &Dim (1,1)] "Total energy of each state"
                                                         0

0                                     -1.4775259838945726e+03
   &Mult [&Type "ArrayOfIntegers", &Dim (1,1)] "Multiplicity of each state"
                                                         0

0                                                        1
$End
$DFT_Energy
   &GeometryIndex 28
   &nAlphaEl [&Type "Integer"] 84
   &nBetaEl [&Type "Integer"] 84
   &nTotalEl [&Type "Integer"] 167
   &finalEn [&Type "Double"]      -1.4775259838945726e+03  "No Van der Waals correction"
   &eExchange [&Type "Double"]      -1.2097181553650996e+02
   &eCorr [&Type "Double"]      -5.8383449340833957e+00
   &eXC [&Type "Double"]      -1.2681016047059336e+02
   &eCNL [&Type "Double"]       0.0000000000000000e+00
$End
$Solvation_Details
   &GeometryIndex 28
   &Solvent [&Type "String"] "WATER"
   &Epsilon [&Type "Double"]       8.0150999999999996e+01
   &Refrac [&Type "Double"]       1.3328000000000000e+00
   &RSolv [&Type "Double"]       1.3000000000000000e+00
   &SurfaceType [&Type "String"] "GAUSSIAN VDW"
   &CPCMDielEnergy [&Type "Double"]      -1.5043620699999999e-01
   &NPoints [&Type "Integer"] 2792
   &SurfaceArea [&Type "Double"]       1.1502352485140000e+03
$End
$SCF_Timings
   &GeometryIndex 28
   &TOTAL [&Type "Double"]       8.3801027000000005e+01
   &PREP [&Type "Double"]       3.5519749999999997e+00
   &FOCK [&Type "Double"]       6.6014505000000000e+01
   &DENS [&Type "Double"]       2.2480340000000183e+00
   &ETOT [&Type "Double"]       1.1989250000000116e+00
   &POP [&Type "Double"]       9.9999999747524271e-07
   &TRAFO [&Type "Double"]       6.8509799999999288e-01
   &DIIS [&Type "Double"]       3.8938159999999939e+00
   &SOSCF [&Type "Double"]       2.2983950000000064e+00
   &XC [&Type "Double"]       1.5331992000000007e+01
   &FOCKSTART [&Type "Double"]       6.9510999999998857e-01
   &SOLV [&Type "Double"]       1.0228386999999989e+01
   &SOLV_INIT [&Type "Double"]       6.6563700000000003e-01
   &INT_PREP [&Type "Double"]       2.9999999995311555e-06
   &INT_BF [&Type "Double"]       1.0120709999997501e+00
   &INT_DENS [&Type "Double"]       1.3233799999999398e+00
   &INT_DENSIO [&Type "Double"]       1.5484040444000019e+05
   &INT_FUNC [&Type "Double"]       6.8397000000260277e-02
   &INT_POT [&Type "Double"]       1.0672080000002229e+00
   &INT_POTIO [&Type "Double"]       8.9792899999989295e-01
   &INT_SUM [&Type "Double"]       9.4399999998806550e-04
   &SPLITRIJ [&Type "Double"]       5.2166020000000124e+00
   &COSX [&Type "Double"]       3.5382130999999987e+01
$End
$VdW_Correction
   &GeometryIndex 28
   &vdW [&Type "Double"]      -3.5739836083556450e-02
$End
$Single_Point_Data
   &GeometryIndex 28
   &FinalEnergy [&Type "Double"]      -1.4775617237306562e+03  "Final single point energy"
   &Converged [&Type "Boolean"] true
$End
$SCF_Nuc_Gradient
   &GeometryIndex 28
   &NAtoms [&Type "Integer"] 33
   &gradNorm [&Type "Double"]       1.8365703456882242e-03
   &grad [&Type "ArrayOfDoubles", &Dim (99,1)] 
                                                         0

0                                      2.8406045682983138e-05
1                                      3.6994186967406029e-04
2                                     -1.5371847517541394e-04
3                                      9.4269101760301752e-05
4                                     -4.1864798770350906e-04
5                                     -2.7283959371358419e-04
6                                     -9.3272043335665444e-05
7                                      3.6484193806642093e-05
8                                      8.0163308576370874e-05
9                                      1.2183480473723403e-04
10                                    -8.7051169821779513e-05
11                                     7.8684389564469422e-06
12                                    -7.1302930413984656e-05
13                                     3.6444625780928492e-05
14                                    -9.2677802619490070e-05
15                                    -6.4571208847580047e-05
16                                    -1.3312119216153808e-04
17                                     4.6587423546402503e-04
18                                     1.6854673168662871e-04
19                                     7.4485522445506822e-05
20                                    -1.8615785490391085e-05
21                                    -6.6488018871149778e-05
22                                     4.0897887777009457e-05
23                                     2.5971713861893642e-05
24                                    -2.7944038204018751e-04
25                                     8.8733998599737696e-05
26                                     5.6019211537296448e-05
27                                     3.8519694190850131e-04
28                                    -2.4951224905096520e-04
29                                    -1.2853594844695115e-04
30                                     1.2217500598135308e-04
31                                     4.9027572266425860e-05
32                                    -6.0484404350914811e-05
33                                    -2.9866523567835437e-04
34                                     2.0306337953319078e-04
35                                    -5.3652660939792845e-04
36                                     2.3305739517938190e-04
37                                     3.4664817421378312e-05
38                                     4.4155661760607616e-04
39                                    -9.5974435198729918e-05
40                                    -3.4627140152483339e-04
41                                     3.9075792997669172e-04
42                                     5.4851158631554419e-05
43                                    -6.2751933477959179e-05
44                                    -1.3223992873775671e-04
45                                    -7.2068227764874264e-05
46                                     9.0752422740595826e-06
47                                     6.1692482615134561e-05
48                                     3.3707289705104879e-04
49                                     3.6438450132166142e-04
50                                     2.2979783648663096e-05
51                                    -2.0125192506707850e-04
52                                    -1.6835305381276920e-04
53                                    -1.0431939702910026e-04
54                                    -1.3234111512367940e-04
55                                    -1.5914407673001680e-04
56                                     1.6163459723628890e-04
57                                    -4.7782877685999058e-05
58                                    -6.5198692011878500e-05
59                                    -4.3309261992638577e-06
60                                     4.5413614479965290e-05
61                                    -3.0069353917141595e-05
62                                    -7.1396199110868247e-05
63                                    -1.9710813398107718e-05
64                                     3.5047923550018273e-07
65                                    -5.6135296214000828e-07
66                                    -6.8606857920940642e-05
67                                    -2.5845493099350221e-04
68                                    -2.0489395188151951e-06
69                                     1.8874693969142382e-04
70                                     3.6184175182764431e-04
71                                    -4.9690597806404280e-05
72                                     2.5967247129771398e-04
73                                     4.3388018754641583e-05
74                                    -5.1062531290105653e-05
75                                    -1.7902483216591814e-05
76                                     3.7985257007407472e-05
77                                     2.1625821297871140e-05
78                                    -1.1915565715174545e-04
79                                     9.3576868105930836e-05
80                                    -3.3493537816082217e-04
81                                    -9.9728512973148325e-06
82                                     3.9611166022141426e-07
83                                     7.5898375148429137e-05
84                                    -7.2582811203760879e-05
85                                    -7.2767293828139150e-06
86                                     2.6293037179640362e-05
87                                     4.9033973682307961e-05
88                                    -2.7455974039251668e-05
89                                    -2.5050305103501555e-05
90                                    -4.8915499767062114e-04
91                                    -2.1594350029875849e-05
92                                     3.3723029257407087e-04
93                                     5.3533797986535361e-05
94                                     1.1716855332775299e-04
95                                     5.5932429766243839e-05
96                                     7.8433943521647842e-05
97                                     7.2992458130853425e-05
98                                    -1.9246412216634957e-04
   &Method [&Type "String"] "SCF"
   &Level [&Type "String"] "Relaxed density"
   &Mult [&Type "Integer"] 1
   &State [&Type "Integer"] 0
   &Irrep [&Type "Integer"] 0
$End
$Geometry
   &GeometryIndex 29
   &NAtoms [&Type "Integer"] 33
   &NCorelessECP [&Type "Integer"] 0
   &NGhostAtoms [&Type "Integer"] 0
   &CartesianCoordinates [&Type "Coordinates", &Dim(33,4), &Units "Bohr"] 
              N     -4.424029692543    0.468619658941   -0.454170878370
              C     -6.748445620904    0.406193501600   -1.643905240395
              N     -8.415170985352   -1.304976344326   -0.654877081653
              C     -8.054102683398   -2.911109902261    1.386704343344
              C     -5.596820343038   -2.689611771994    2.525539557051
              C     -3.914755177971   -1.042417267217    1.569260968875
              O     -7.287597349569    1.764868025469   -3.419968176077
              O     -9.748613316123   -4.330006201697    2.055049214789
              C     -2.537618986068    2.243229404998   -1.410799235290
              C     -2.332275860920    4.719073783974    0.114703702899
              C      0.153508408380    4.338600649657    1.548306902414
              C      1.664189646250    2.706963656567   -0.270669750340
              O      1.495828941101    6.534178778429    2.143926498362
              O     -0.169362249111    1.050503353260   -1.338385465580
              C      3.700378386692    1.200434944097    1.006157397170
              O      5.132015252833   -0.113290379119   -0.829841427057
              P      7.595492117822   -1.704005649078    0.086903304593
              O      9.140853559865   -0.140268687437    1.838591687468
              O      6.362945649030   -3.915853196930    1.822456679885
              O      8.677130074617   -2.803416966987   -2.263261087762
              H    -10.119499208843   -1.377658906786   -1.518339064925
              H     -5.127768308100   -3.866033428066    4.125063997692
              H     -2.031883050262   -0.850870273958    2.342692774021
              H     -3.098043964020    2.684172741358   -3.343805472404
              H     -0.250290853546    3.226144177690    3.252857011169
              H      2.487788024939    3.900591129951   -1.752740406018
              H      0.561997992256    7.468289236826    3.395570039713
              H      4.909375948651    2.496845619771    2.072955557898
              H      2.829496258680   -0.131328791072    2.333900291925
              H      5.540367078223   -5.174554760150    0.794239380590
              O     -2.083603593152    6.813854549805   -1.493800806870
              H     -3.948527091780    4.934436401143    1.385533204643
              H     -3.681001725791    7.091529028857   -2.320666574561
$End
$SCF_Energy
   &GeometryIndex 29
   &Method [&Type "String"] "SCF"
   &totalEnergy [&Type "ArrayOfDoubles", &Dim (1,1)] "Total energy of each state"
                                                         0

0                                     -1.4775260562922467e+03
   &Mult [&Type "ArrayOfIntegers", &Dim (1,1)] "Multiplicity of each state"
                                                         0

0                                                        1
$End
$DFT_Energy
   &GeometryIndex 29
   &nAlphaEl [&Type "Integer"] 84
   &nBetaEl [&Type "Integer"] 84
   &nTotalEl [&Type "Integer"] 167
   &finalEn [&Type "Double"]      -1.4775260562922467e+03  "No Van der Waals correction"
   &eExchange [&Type "Double"]      -1.2097252588162920e+02
   &eCorr [&Type "Double"]      -5.8386008405611660e+00
   &eXC [&Type "Double"]      -1.2681112672219037e+02
   &eCNL [&Type "Double"]       0.0000000000000000e+00
$End
$Solvation_Details
   &GeometryIndex 29
   &Solvent [&Type "String"] "WATER"
   &Epsilon [&Type "Double"]       8.0150999999999996e+01
   &Refrac [&Type "Double"]       1.3328000000000000e+00
   &RSolv [&Type "Double"]       1.3000000000000000e+00
   &SurfaceType [&Type "String"] "GAUSSIAN VDW"
   &CPCMDielEnergy [&Type "Double"]      -1.4993760700000000e-01
   &NPoints [&Type "Integer"] 2790
   &SurfaceArea [&Type "Double"]       1.1473081838670000e+03
$End
$SCF_Timings
   &GeometryIndex 29
   &TOTAL [&Type "Double"]       7.5341677000000004e+01
   &PREP [&Type "Double"]       3.5681530000000001e+00
   &FOCK [&Type "Double"]       5.8891644999999997e+01
   &DENS [&Type "Double"]       1.8160749999999979e+00
   &ETOT [&Type "Double"]       9.6923200000000342e-01
   &POP [&Type "Double"]       1.0000000116860974e-06
   &TRAFO [&Type "Double"]       6.9448699999999874e-01
   &DIIS [&Type "Double"]       4.0132590000000015e+00
   &SOSCF [&Type "Double"]       1.4178160000000020e+00
   &XC [&Type "Double"]       1.2683364000000006e+01
   &FOCKSTART [&Type "Double"]       5.9380799999999212e-01
   &SOLV [&Type "Double"]       8.5633959999999991e+00
   &SOLV_INIT [&Type "Double"]       6.5107500000000029e-01
   &INT_PREP [&Type "Double"]       4.0000000023354687e-06
   &INT_BF [&Type "Double"]       8.0374400000031443e-01
   &INT_DENS [&Type "Double"]       1.0444599999998943e+00
   &INT_DENSIO [&Type "Double"]       1.0900633063700006e+05
   &INT_FUNC [&Type "Double"]       5.7110000000140104e-02
   &INT_POT [&Type "Double"]       9.3906599999968776e-01
   &INT_POTIO [&Type "Double"]       7.2743500000001049e-01
   &INT_SUM [&Type "Double"]       4.7299999999239617e-04
   &SPLITRIJ [&Type "Double"]       4.4791850000000055e+00
   &COSX [&Type "Double"]       3.4404912000000010e+01
$End
$VdW_Correction
   &GeometryIndex 29
   &vdW [&Type "Double"]      -3.5825149957028325e-02
$End
$Single_Point_Data
   &GeometryIndex 29
   &FinalEnergy [&Type "Double"]      -1.4775618814422037e+03  "Final single point energy"
   &Converged [&Type "Boolean"] true
$End
$SCF_Nuc_Gradient
   &GeometryIndex 29
   &NAtoms [&Type "Integer"] 33
   &gradNorm [&Type "Double"]       3.0115180065010158e-03
   &grad [&Type "ArrayOfDoubles", &Dim (99,1)] 
                                                         0

0                                      5.5777710589307227e-04
1                                      2.7682715125400476e-04
2                                      5.2047019673469395e-04
3                                     -1.4185992952740563e-04
4                                     -7.6354116025120408e-04
5                                     -1.8775066605673948e-04
6                                     -2.4069984218158405e-04
7                                      4.6858789558902071e-04
8                                     -8.7522374584646755e-05
9                                      3.6660208960300177e-04
10                                    -2.7638987174157718e-04
11                                    -3.3012644803372495e-05
12                                    -4.0812836169671393e-04
13                                     2.1753292175258630e-04
14                                    -2.5972484596561930e-04
15                                    -1.5117390207339786e-05
16                                     2.4073549414693339e-04
17                                    -2.4560748236851650e-04
18                                    -2.0069131325295842e-04
19                                     1.1367248707326092e-04
20                                    -2.1094191833316117e-04
21                                    -4.7971762802723281e-05
22                                     1.0254164565950009e-04
23                                     5.8410853950924586e-05
24                                    -3.9889911937741358e-04
25                                     7.6922392324111139e-05
26                                    -2.9462039457512138e-04
27                                     5.6204464973495306e-04
28                                     2.0436053610763046e-04
29                                     2.1404130588722917e-04
30                                    -2.5748854393519295e-04
31                                    -1.1343263008413472e-04
32                                    -1.6736378644654010e-04
33                                    -2.5449343854230171e-04
34                                     6.0345473155712262e-05
35                                    -6.8711100034337020e-04
36                                     3.8548099586271608e-04
37                                    -3.9520350178055906e-05
38                                    -4.0151508947264530e-05
39                                    -1.3058558076083006e-04
40                                    -3.2834149822462145e-04
41                                     7.9591162899512297e-04
42                                     2.3374413228594669e-04
43                                    -2.2596435826204982e-04
44                                     1.4554131040485661e-04
45                                    -3.3783190468059999e-04
46                                     2.5643526981218622e-04
47                                    -1.7732268986302296e-04
48                                     1.1450204212583039e-03
49                                     7.0600992065941043e-04
50                                     3.6730205268545741e-05
51                                    -4.9151573350384478e-04
52                                    -4.1520516288975022e-04
53                                    -3.2202803404521882e-04
54                                    -2.8119966092272783e-04
55                                    -4.9529117883822605e-04
56                                     4.7817521780678618e-04
57                                    -1.5913884970667017e-04
58                                    -4.3706921033924981e-05
59                                     1.0499977103275247e-04
60                                     7.2527445357337345e-05
61                                    -1.3330388058747439e-04
62                                    -5.4437770616907398e-05
63                                     7.4644047526045611e-05
64                                     1.9542234628876180e-05
65                                     4.5151373752182769e-06
66                                     4.2567909403994617e-04
67                                     4.4288590622787894e-05
68                                     1.9430327666981588e-04
69                                     1.8039382584130126e-04
70                                     3.4234046990102868e-04
71                                     2.1381380649861307e-04
72                                     1.8638996899395083e-04
73                                    -8.4107977714647104e-05
74                                    -1.0753771525727991e-04
75                                    -7.0066532592768109e-05
76                                    -1.6691451893001094e-05
77                                    -3.3248185257770270e-05
78                                    -2.5441718124554174e-04
79                                     1.3255128864895599e-04
80                                    -1.5662032879471997e-04
81                                     1.3723134061827182e-05
82                                     3.3659954259339879e-07
83                                     5.5385315575579556e-05
84                                    -2.4264768908279053e-04
85                                     9.2379918829357967e-05
86                                    -2.1207886144155181e-05
87                                     5.2938247373584365e-05
88                                     2.8108263582520579e-05
89                                    -5.8025406188904446e-05
90                                    -3.4345885001476093e-04
91                                    -3.6032071391268290e-04
92                                     5.0351908785638993e-04
93                                    -1.4185496478230395e-05
94                                    -2.2494764215329712e-04
95                                    -2.4716603273453936e-05
96                                     3.3432016756925967e-05
97                                     1.3724626639911083e-04
98                                    -1.5686589368771022e-04
   &Method [&Type "String"] "SCF"
   &Level [&Type "String"] "Relaxed density"
   &Mult [&Type "Integer"] 1
   &State [&Type "Integer"] 0
   &Irrep [&Type "Integer"] 0
$End
$Geometry
   &GeometryIndex 30
   &NAtoms [&Type "Integer"] 33
   &NCorelessECP [&Type "Integer"] 0
   &NGhostAtoms [&Type "Integer"] 0
   &CartesianCoordinates [&Type "Coordinates", &Dim(33,4), &Units "Bohr"] 
              N     -4.406067387644    0.463549847016   -0.468122222614
              C     -6.772794955713    0.463044641819   -1.573693039493
              N     -8.428342802683   -1.248574592311   -0.569322374596
              C     -8.015505622556   -2.913647588590    1.415075982644
              C     -5.518258761483   -2.750423580062    2.471519480577
              C     -3.847051704642   -1.101336486618    1.497752021033
              O     -7.353717127330    1.877176434665   -3.293222320297
              O     -9.704478789696   -4.328578839643    2.106280488361
              C     -2.535337410952    2.243577671038   -1.453886285699
              C     -2.339350978046    4.725374008053    0.059868887190
              C      0.122617804099    4.334781121670    1.527943610403
              C      1.659545121547    2.716980479612   -0.281459060519
              O      1.455563129222    6.527707548955    2.155722677203
              O     -0.159172054765    1.069850545513   -1.391016120259
              C      3.678646356543    1.202458512573    1.014910419518
              O      5.133114186324   -0.103626872540   -0.808105477195
              P      7.581772721755   -1.703214860659    0.137622030996
              O      9.108331286679   -0.147921362338    1.911550755538
              O      6.319690488859   -3.915115633062    1.854766394336
              O      8.688256331203   -2.802328187358   -2.200754180234
              H    -10.162099382149   -1.280194019241   -1.374513397360
              H     -5.008104483437   -3.972021241413    4.023969446388
              H     -1.936366924824   -0.951384948393    2.209570099139
              H     -3.112503979257    2.667847063513   -3.384975306900
              H     -0.304413773567    3.211667016134    3.219604535345
              H      2.504002035312    3.920244858383   -1.743300037651
              H      0.525513092021    7.428821316253    3.434338394492
              H      4.873690829033    2.494216995913    2.103011618186
              H      2.790598143274   -0.134343927569    2.325832691381
              H      5.500679826362   -5.164947356962    0.812926417028
              O     -2.048279103132    6.807241391970   -1.556268823925
              H     -3.975264863713    4.953666814041    1.302888339289
              H     -3.632953967798    7.102579344950   -2.401333795103
$End
$SCF_Energy
   &GeometryIndex 30
   &Method [&Type "String"] "SCF"
   &totalEnergy [&Type "ArrayOfDoubles", &Dim (1,1)] "Total energy of each state"
                                                         0

0                                     -1.4775261059866186e+03
   &Mult [&Type "ArrayOfIntegers", &Dim (1,1)] "Multiplicity of each state"
                                                         0

0                                                        1
$End
$DFT_Energy
   &GeometryIndex 30
   &nAlphaEl [&Type "Integer"] 83
   &nBetaEl [&Type "Integer"] 83
   &nTotalEl [&Type "Integer"] 167
   &finalEn [&Type "Double"]      -1.4775261059866186e+03  "No Van der Waals correction"
   &eExchange [&Type "Double"]      -1.2097286619125347e+02
   &eCorr [&Type "Double"]      -5.8387678028108940e+00
   &eXC [&Type "Double"]      -1.2681163399406437e+02
   &eCNL [&Type "Double"]       0.0000000000000000e+00
$End
$Solvation_Details
   &GeometryIndex 30
   &Solvent [&Type "String"] "WATER"
   &Epsilon [&Type "Double"]       8.0150999999999996e+01
   &Refrac [&Type "Double"]       1.3328000000000000e+00
   &RSolv [&Type "Double"]       1.3000000000000000e+00
   &SurfaceType [&Type "String"] "GAUSSIAN VDW"
   &CPCMDielEnergy [&Type "Double"]      -1.4942542000000000e-01
   &NPoints [&Type "Integer"] 2785
   &SurfaceArea [&Type "Double"]       1.1457645301049999e+03
$End
$SCF_Timings
   &GeometryIndex 30
   &TOTAL [&Type "Double"]       8.6138444000000007e+01
   &PREP [&Type "Double"]       3.5637939999999997e+00
   &FOCK [&Type "Double"]       6.8361686000000020e+01
   &DENS [&Type "Double"]       2.2798829999999981e+00
   &ETOT [&Type "Double"]       1.2125929999999929e+00
   &POP [&Type "Double"]       9.9999999747524271e-07
   &TRAFO [&Type "Double"]       6.8833300000000719e-01
   &DIIS [&Type "Double"]       3.9753030000000003e+00
   &SOSCF [&Type "Double"]       2.2550629999999998e+00
   &XC [&Type "Double"]       1.5172306999999998e+01
   &FOCKSTART [&Type "Double"]       7.0235999999999699e-01
   &SOLV [&Type "Double"]       1.0131076999999991e+01
   &SOLV_INIT [&Type "Double"]       6.8203300000000011e-01
   &SOLV_FINAL [&Type "Double"]       9.9999999747524271e-07
   &INT_PREP [&Type "Double"]       3.9999999987827550e-06
   &INT_BF [&Type "Double"]       9.9736199999989594e-01
   &INT_DENS [&Type "Double"]       1.2869650000001833e+00
   &INT_DENSIO [&Type "Double"]       1.5893936074200019e+05
   &INT_FUNC [&Type "Double"]       7.0089000000093549e-02
   &INT_POT [&Type "Double"]       1.0658789999998390e+00
   &INT_POTIO [&Type "Double"]       9.3355699999984409e-01
   &INT_SUM [&Type "Double"]       5.2200000000190983e-04
   &SPLITRIJ [&Type "Double"]       5.3859570000000252e+00
   &COSX [&Type "Double"]       3.7535959999999996e+01
$End
$VdW_Correction
   &GeometryIndex 30
   &vdW [&Type "Double"]      -3.5895313355658556e-02
$End
$Single_Point_Data
   &GeometryIndex 30
   &FinalEnergy [&Type "Double"]      -1.4775620012999743e+03  "Final single point energy"
   &Converged [&Type "Boolean"] true
$End
$SCF_Nuc_Gradient
   &GeometryIndex 30
   &NAtoms [&Type "Integer"] 33
   &gradNorm [&Type "Double"]       4.8236660999260239e-03
   &grad [&Type "ArrayOfDoubles", &Dim (99,1)] 
                                                         0

0                                      9.3312399277652885e-04
1                                      1.4060316974259983e-04
2                                      9.3506215199791942e-04
3                                     -2.7351233628071969e-04
4                                     -1.2242367707148546e-03
5                                     -1.8287822940170909e-04
6                                     -3.7494864460403459e-04
7                                      9.0366278672504412e-04
8                                     -1.5717609129090414e-04
9                                      6.0792788660140055e-04
10                                    -4.5051521468236034e-04
11                                    -1.0794079205293782e-04
12                                    -7.2916931975039673e-04
13                                     3.3739568589067828e-04
14                                    -3.5909587992298943e-04
15                                     4.0791770151102380e-05
16                                     5.5091204817355995e-04
17                                    -5.8507745268536698e-04
18                                    -4.6543715709249241e-04
19                                     2.2045484668648641e-04
20                                    -3.3959507065016019e-04
21                                    -6.4278239101515629e-05
22                                     1.5499047966754785e-04
23                                     9.5885001288394719e-05
24                                    -4.8773471444297410e-04
25                                     8.8749044307088489e-05
26                                    -4.9102226877840072e-04
27                                     8.0329068955353365e-04
28                                     6.3931238800268484e-04
29                                     4.0726297312946707e-04
30                                    -5.7789867075037189e-04
31                                    -4.0217147209425382e-04
32                                    -2.0884233112303409e-04
33                                    -3.0776432311286814e-04
34                                     5.6917185913412077e-05
35                                    -8.9286381886253413e-04
36                                     4.7114525225562260e-04
37                                     1.0060157907079063e-05
38                                    -3.6561060038960602e-04
39                                    -1.5604222265840287e-04
40                                    -2.4292061443103048e-04
41                                     9.8033510643703923e-04
42                                     4.9389806913857680e-04
43                                    -3.8345601409362748e-04
44                                     3.6024088232140339e-04
45                                    -6.0970395930145019e-04
46                                     4.6875477453643612e-04
47                                    -3.9568467515833147e-04
48                                     1.9479505151616019e-03
49                                     1.1120252886269240e-03
50                                     1.2178829626113672e-04
51                                    -7.8873244873485125e-04
52                                    -6.8848671072763883e-04
53                                    -5.7046075936367216e-04
54                                    -4.3084077775865982e-04
55                                    -8.2308829975038470e-04
56                                     7.9177112956912423e-04
57                                    -2.5572938420918758e-04
58                                    -3.9756464226688073e-05
59                                     1.7334108237493503e-04
60                                     8.2922539899091339e-05
61                                    -2.2925246459578672e-04
62                                    -3.5448869618115226e-05
63                                     1.5123753670885805e-04
64                                     3.2843425617957826e-05
65                                     4.2374657783648999e-06
66                                     6.2981846406594852e-04
67                                     1.7821973486047970e-04
68                                     2.5299169230188969e-04
69                                     1.8833315436845883e-04
70                                     3.2631873711224361e-04
71                                     4.6230510169450182e-04
72                                     2.1864219760674112e-04
73                                    -9.5211532809229198e-05
74                                    -1.0325094605042034e-04
75                                    -1.1319337809090075e-04
76                                    -7.0624041047598880e-05
77                                    -7.5573509666751853e-05
78                                    -3.2274222807211815e-04
79                                     1.2926015254600813e-04
80                                    -3.9589357912261165e-05
81                                     3.6905340631682772e-05
82                                     8.8704440628902475e-06
83                                     5.1857804650542379e-05
84                                    -3.7981061545834326e-04
85                                     1.5012534480256381e-04
86                                    -6.1123186881848772e-05
87                                     4.9515219623571163e-05
88                                     6.7118698434772003e-05
89                                    -8.5705829852186392e-05
90                                    -1.8759340664228381e-04
91                                    -6.5490527278310123e-04
92                                     6.8137358346702078e-04
93                                    -1.1057391642012269e-04
94                                    -5.0816394469504079e-04
95                                    -1.0974930156300870e-04
96                                    -1.9796910383050993e-05
97                                     2.3619442419823240e-04
98                                    -1.5176331225159163e-04
   &Method [&Type "String"] "SCF"
   &Level [&Type "String"] "Relaxed density"
   &Mult [&Type "Integer"] 1
   &State [&Type "Integer"] 0
   &Irrep [&Type "Integer"] 0
$End
$Geometry
   &GeometryIndex 31
   &NAtoms [&Type "Integer"] 33
   &NCorelessECP [&Type "Integer"] 0
   &NGhostAtoms [&Type "Integer"] 0
   &CartesianCoordinates [&Type "Coordinates", &Dim(33,4), &Units "Bohr"] 
              N     -4.372907575166    0.455345002063   -0.482967604817
              C     -6.797507702680    0.551425228208   -1.450555742407
              N     -8.434612647072   -1.166321318168   -0.429848726991
              C     -7.947685405581   -2.927960444020    1.452608600010
              C     -5.395107182202   -2.856658407043    2.374926658449
              C     -3.741084184720   -1.200952121577    1.380515682625
              O     -7.436743036288    2.055526304077   -3.071442707481
              O     -9.626733154642   -4.340152882692    2.174149599546
              C     -2.530563325049    2.247479273513   -1.512358115128
              C     -2.349667293782    4.740305211398   -0.020581228974
              C      0.081281988323    4.342708257911    1.492044214248
              C      1.653888970270    2.740335050501   -0.300264116005
              O      1.397934706184    6.535310657087    2.158348351533
              O     -0.142361801907    1.105077868982   -1.465622243041
              C      3.642870358723    1.212424069312    1.028633398746
              O      5.128489199429   -0.090344670003   -0.770597105554
              P      7.546237975825   -1.712006886118    0.221917050748
              O      9.044427041013   -0.175604617553    2.033869799519
              O      6.229350803893   -3.921625856535    1.904914104438
              O      8.691614239236   -2.812746445161   -2.096428996688
              H    -10.208410316222   -1.134076921856   -1.142110148606
              H     -4.825923130621   -4.154238462055    3.843004907682
              H     -1.791218064043   -1.119687501279    1.990729321708
              H     -3.134288953803    2.646011372954   -3.440271516036
              H     -0.374156389796    3.207994154483    3.167954851813
              H      2.530194876862    3.953415997065   -1.734146241391
              H      0.467663958831    7.396272906872    3.464292599911
              H      4.819292721337    2.495862947925    2.146793312586
              H      2.724382537189   -0.126685211134    2.315859158362
              H      5.420750425122   -5.157564595888    0.838581567842
              O     -2.005743295209    6.801219557829   -1.650447371125
              H     -4.009491280806    4.988429908975    1.186259266012
              H     -3.572217783802    7.114608687238   -2.522578734337
$End
$SCF_Energy
   &GeometryIndex 31
   &Method [&Type "String"] "SCF"
   &totalEnergy [&Type "ArrayOfDoubles", &Dim (1,1)] "Total energy of each state"
                                                         0

0                                     -1.4775262360381209e+03
   &Mult [&Type "ArrayOfIntegers", &Dim (1,1)] "Multiplicity of each state"
                                                         0

0                                                        1
$End
$DFT_Energy
   &GeometryIndex 31
   &nAlphaEl [&Type "Integer"] 83
   &nBetaEl [&Type "Integer"] 83
   &nTotalEl [&Type "Integer"] 167
   &finalEn [&Type "Double"]      -1.4775262360381209e+03  "No Van der Waals correction"
   &eExchange [&Type "Double"]      -1.2097333297721266e+02
   &eCorr [&Type "Double"]      -5.8390189174575697e+00
   &eXC [&Type "Double"]      -1.2681235189467023e+02
   &eCNL [&Type "Double"]       0.0000000000000000e+00
$End
$Solvation_Details
   &GeometryIndex 31
   &Solvent [&Type "String"] "WATER"
   &Epsilon [&Type "Double"]       8.0150999999999996e+01
   &Refrac [&Type "Double"]       1.3328000000000000e+00
   &RSolv [&Type "Double"]       1.3000000000000000e+00
   &SurfaceType [&Type "String"] "GAUSSIAN VDW"
   &CPCMDielEnergy [&Type "Double"]      -1.4853450900000001e-01
   &NPoints [&Type "Integer"] 2782
   &SurfaceArea [&Type "Double"]       1.1445770107090000e+03
$End
$SCF_Timings
   &GeometryIndex 31
   &TOTAL [&Type "Double"]       8.9242274999999992e+01
   &PREP [&Type "Double"]       3.5541840000000002e+00
   &FOCK [&Type "Double"]       7.1194382999999988e+01
   &DENS [&Type "Double"]       2.2457979999999935e+00
   &ETOT [&Type "Double"]       1.1827990000000241e+00
   &POP [&Type "Double"]       9.9999999747524271e-07
   &TRAFO [&Type "Double"]       6.6704199999999858e-01
   &DIIS [&Type "Double"]       3.9001599999999996e+00
   &SOSCF [&Type "Double"]       2.2274440000000055e+00
   &XC [&Type "Double"]       1.5558543999999992e+01
   &FOCKSTART [&Type "Double"]       6.9884800000000613e-01
   &SOLV [&Type "Double"]       1.0414844000000015e+01
   &SOLV_INIT [&Type "Double"]       6.6883500000000007e-01
   &INT_PREP [&Type "Double"]       5.9999999955095973e-06
   &INT_BF [&Type "Double"]       1.0125860000003168e+00
   &INT_DENS [&Type "Double"]       1.3552229999998620e+00
   &INT_DENSIO [&Type "Double"]       1.5968629923500019e+05
   &INT_FUNC [&Type "Double"]       6.9699000000092326e-02
   &INT_POT [&Type "Double"]       1.1571689999998362e+00
   &INT_POTIO [&Type "Double"]       9.2789900000006753e-01
   &INT_SUM [&Type "Double"]       8.5799999999025545e-04
   &SPLITRIJ [&Type "Double"]       5.2763159999999854e+00
   &COSX [&Type "Double"]       4.0395903000000011e+01
$End
$VdW_Correction
   &GeometryIndex 31
   &vdW [&Type "Double"]      -3.6001120621993794e-02
$End
$Single_Point_Data
   &GeometryIndex 31
   &FinalEnergy [&Type "Double"]      -1.4775622371587428e+03  "Final single point energy"
   &Converged [&Type "Boolean"] true
$End
$SCF_Nuc_Gradient
   &GeometryIndex 31
   &NAtoms [&Type "Integer"] 33
   &gradNorm [&Type "Double"]       7.2749459632720156e-03
   &grad [&Type "ArrayOfDoubles", &Dim (99,1)] 
                                                         0

0                                      1.6602351657678850e-03
1                                     -2.1670795148690883e-04
2                                      1.0645589407488490e-03
3                                     -5.1846098034945222e-04
4                                     -1.6192747458780841e-03
5                                     -1.3747490528315956e-04
6                                     -4.7862042330846025e-04
7                                      1.4207222987931123e-03
8                                     -1.4993165300169120e-04
9                                      8.8680190253212878e-04
10                                    -7.4807784098885190e-04
11                                    -2.8114999447123893e-04
12                                    -1.1620069912742492e-03
13                                     5.2162651742674281e-04
14                                    -4.4586618627093439e-04
15                                     2.8346564790841648e-05
16                                     8.0126986326314593e-04
17                                    -7.5098821197114296e-04
18                                    -7.6066626673322894e-04
19                                     3.4374576160890155e-04
20                                    -4.9732429172848712e-04
21                                    -1.1145705212802309e-04
22                                     2.3309634354801707e-04
23                                     1.5605251502736608e-04
24                                    -5.9745199399692246e-04
25                                     2.7960007669220973e-04
26                                    -5.1787949642585079e-04
27                                     1.2190361619392374e-03
28                                     1.1497487716058406e-03
29                                     4.1131418312515515e-04
30                                    -9.6784507025403864e-04
31                                    -8.6647181393575577e-04
32                                    -2.5458415380769247e-04
33                                    -5.7088621703510391e-04
34                                     1.5631250952828342e-04
35                                    -1.3188036341312747e-03
36                                     5.4013568870809204e-04
37                                     2.1705601613591609e-04
38                                    -6.1034612632570109e-04
39                                    -2.1846325862836735e-04
40                                    -3.6518678883083408e-04
41                                     1.4219289968822643e-03
42                                     7.0886059313039740e-04
43                                    -5.9475752005482333e-04
44                                     5.1464994698212645e-04
45                                    -9.7300773549763601e-04
46                                     7.2205889045906925e-04
47                                    -6.1873563743937768e-04
48                                     3.0474835937998809e-03
49                                     1.6778178761784339e-03
50                                     2.2331509088588806e-04
51                                    -1.1973182937940264e-03
52                                    -1.0513057222747181e-03
53                                    -9.3550838286252276e-04
54                                    -6.6149836389120412e-04
55                                    -1.2723145227644915e-03
56                                     1.2202374800203103e-03
57                                    -4.1163331427444437e-04
58                                    -3.7614530342633439e-05
59                                     2.7557940134232881e-04
60                                     1.0795638356934524e-04
61                                    -3.6691392527425453e-04
62                                    -5.4958960306958164e-05
63                                     2.2868199993960486e-04
64                                     4.6973277161776737e-05
65                                    -1.3742587015588907e-06
66                                     9.5351748594413679e-04
67                                     1.6189098653651349e-04
68                                     2.3073314418385122e-04
69                                     1.2114245838837234e-04
70                                     4.0609822459874566e-04
71                                     7.6173465340829602e-04
72                                     3.5308759322730048e-04
73                                     1.9441926664792147e-05
74                                    -6.7546944627373210e-05
75                                    -1.4587538336280803e-04
76                                    -1.0321068214948975e-04
77                                    -1.0278546796318444e-04
78                                    -3.7798079662885190e-04
79                                     9.7200040417466253e-05
80                                     6.2530023900983798e-05
81                                     4.1209704304242848e-05
82                                     4.3322295317381053e-05
83                                     7.4294876346156399e-05
84                                    -5.0133240834720561e-04
85                                     2.0549111767071115e-04
86                                    -1.1599152387467389e-04
87                                     5.6472450006170210e-05
88                                     1.1018842673014755e-04
89                                    -1.4029434345937960e-04
90                                    -3.3868217053535364e-05
91                                    -1.0136510800131458e-03
92                                     9.8760477317294602e-04
93                                    -2.3361526580163494e-04
94                                    -7.7755558949570646e-04
95                                    -2.1254784859146326e-04
96                                    -3.0979732150792300e-05
97                                     4.1938149853008118e-04
98                                    -1.9044202032406391e-04
   &Method [&Type "String"] "SCF"
   &Level [&Type "String"] "Relaxed density"
   &Mult [&Type "Integer"] 1
   &State [&Type "Integer"] 0
   &Irrep [&Type "Integer"] 0
$End
$Geometry
   &GeometryIndex 32
   &NAtoms [&Type "Integer"] 33
   &NCorelessECP [&Type "Integer"] 0
   &NGhostAtoms [&Type "Integer"] 0
   &CartesianCoordinates [&Type "Coordinates", &Dim(33,4), &Units "Bohr"] 
              N     -4.317209747402    0.442419072834   -0.505671726599
              C     -6.809783570734    0.676855252221   -1.251128314755
              N     -8.420007867309   -1.047481842050   -0.203774999549
              C     -7.838954134397   -2.945775198615    1.513166980112
              C     -5.220390488888   -3.006500374926    2.220210729181
              C     -3.592057018311   -1.343384822989    1.192495606375
              O     -7.520038043650    2.308779375630   -2.712827514350
              O     -9.501801127986   -4.352542703576    2.282853164202
              C     -2.520475605435    2.252039298156   -1.601506795653
              C     -2.366231199270    4.760546224695   -0.142637170033
              C      0.017499192573    4.356267732478    1.435212327215
              C      1.645629708304    2.777782114031   -0.328444159182
              O      1.305062298004    6.549629993842    2.158842559344
              O     -0.113328491109    1.161081986592   -1.578499432734
              C      3.585837188416    1.228629453397    1.050012828188
              O      5.121266516267   -0.066932553671   -0.710856273070
              P      7.485115102902   -1.727228722897    0.352982996719
              O      8.930287980678   -0.228418440699    2.235090060980
              O      6.079604367445   -3.940594105494    1.964301493924
              O      8.698770299216   -2.819689806588   -1.933827410647
              H    -10.242309404431   -0.922985795079   -0.767245494568
              H     -4.576175739385   -4.411953868883    3.551759322277
              H     -1.596698447041   -1.359916633892    1.640636786682
              H     -3.163012058496    2.610176174574   -3.524210790016
              H     -0.479208505805    3.203245448465    3.086049724955
              H      2.570138665146    4.005670524121   -1.717465982223
              H      0.368976687735    7.352304621731    3.497545929783
              H      4.730699595160    2.497719645458    2.216695361569
              H      2.619692688199   -0.115354281814    2.296528060518
              H      5.296674534714   -5.151900657953    0.851468455620
              O     -1.948675559279    6.790774222530   -1.789590571184
              H     -4.059860151214    5.034687731772    1.010079865150
              H     -3.487080385770    7.125177051908   -2.703063771029
$End
$SCF_Energy
   &GeometryIndex 32
   &Method [&Type "String"] "SCF"
   &totalEnergy [&Type "ArrayOfDoubles", &Dim (1,1)] "Total energy of each state"
                                                         0

0                                     -1.4775264278816528e+03
   &Mult [&Type "ArrayOfIntegers", &Dim (1,1)] "Multiplicity of each state"
                                                         0

0                                                        1
$End
$DFT_Energy
   &GeometryIndex 32
   &nAlphaEl [&Type "Integer"] 84
   &nBetaEl [&Type "Integer"] 84
   &nTotalEl [&Type "Integer"] 168
   &finalEn [&Type "Double"]      -1.4775264278816528e+03  "No Van der Waals correction"
   &eExchange [&Type "Double"]      -1.2097409349648171e+02
   &eCorr [&Type "Double"]      -5.8394720210919200e+00
   &eXC [&Type "Double"]      -1.2681356551757364e+02
   &eCNL [&Type "Double"]       0.0000000000000000e+00
$End
$Solvation_Details
   &GeometryIndex 32
   &Solvent [&Type "String"] "WATER"
   &Epsilon [&Type "Double"]       8.0150999999999996e+01
   &Refrac [&Type "Double"]       1.3328000000000000e+00
   &RSolv [&Type "Double"]       1.3000000000000000e+00
   &SurfaceType [&Type "String"] "GAUSSIAN VDW"
   &CPCMDielEnergy [&Type "Double"]      -1.4722305799999999e-01
   &NPoints [&Type "Integer"] 2778
   &SurfaceArea [&Type "Double"]       1.1423385020430001e+03
$End
$SCF_Timings
   &GeometryIndex 32
   &TOTAL [&Type "Double"]       9.0689419000000001e+01
   &PREP [&Type "Double"]       3.5536939999999997e+00
   &FOCK [&Type "Double"]       7.2033534000000003e+01
   &DENS [&Type "Double"]       2.4463259999999991e+00
   &ETOT [&Type "Double"]       1.1911849999999902e+00
   &POP [&Type "Double"]       9.9999999747524271e-07
   &TRAFO [&Type "Double"]       6.9794199999999407e-01
   &DIIS [&Type "Double"]       3.9353470000000055e+00
   &SOSCF [&Type "Double"]       2.2757090000000026e+00
   &XC [&Type "Double"]       1.5559054000000003e+01
   &FOCKSTART [&Type "Double"]       7.0666400000000351e-01
   &SOLV [&Type "Double"]       1.0615119999999997e+01
   &SOLV_INIT [&Type "Double"]       6.5526999999999980e-01
   &INT_PREP [&Type "Double"]       5.9999999937332404e-06
   &INT_BF [&Type "Double"]       1.0135910000002486e+00
   &INT_DENS [&Type "Double"]       1.3668379999999800e+00
   &INT_DENSIO [&Type "Double"]       1.6191978561400020e+05
   &INT_FUNC [&Type "Double"]       6.9807000000063013e-02
   &INT_POT [&Type "Double"]       1.1864600000001442e+00
   &INT_POTIO [&Type "Double"]       8.9153799999979455e-01
   &INT_SUM [&Type "Double"]       9.3100000001200556e-04
   &SPLITRIJ [&Type "Double"]       5.4698000000000029e+00
   &COSX [&Type "Double"]       4.1167317999999987e+01
$End
$VdW_Correction
   &GeometryIndex 32
   &vdW [&Type "Double"]      -3.6171685318040048e-02
$End
$Single_Point_Data
   &GeometryIndex 32
   &FinalEnergy [&Type "Double"]      -1.4775625995669709e+03  "Final single point energy"
   &Converged [&Type "Boolean"] true
$End
$SCF_Nuc_Gradient
   &GeometryIndex 32
   &NAtoms [&Type "Integer"] 33
   &gradNorm [&Type "Double"]       1.0867418640814398e-02
   &grad [&Type "ArrayOfDoubles", &Dim (99,1)] 
                                                         0

0                                      2.7443284810083897e-03
1                                     -1.0849221815671087e-03
2                                      1.0177055813058245e-03
3                                     -7.9576656378187182e-04
4                                     -2.1971585694053370e-03
5                                     -2.4782960279867438e-05
6                                     -6.5151812228790638e-04
7                                      2.0695387445953924e-03
8                                     -4.8850636200048872e-06
9                                      1.2950377026987965e-03
10                                    -1.1317346993278880e-03
11                                    -5.2535197583918698e-04
12                                    -1.8498974310548321e-03
13                                     9.0993432702638475e-04
14                                    -5.1476886564533653e-04
15                                     2.5206511019969723e-05
16                                     1.2457196265352466e-03
17                                    -8.7083354136264872e-04
18                                    -1.2243849936526411e-03
19                                     7.5203498916549762e-04
20                                    -4.1704229488287383e-04
21                                    -1.9382465703838173e-04
22                                     3.6572004750404393e-04
23                                     2.3343434164286756e-04
24                                    -6.4651975071994749e-04
25                                     5.1180707612279641e-04
26                                    -6.3868266228215361e-04
27                                     1.6885204436520058e-03
28                                     1.9004002441771132e-03
29                                     2.0179322853863929e-04
30                                    -1.4737764064926763e-03
31                                    -1.3599239303178719e-03
32                                    -4.0807352473592670e-04
33                                    -8.5317785453959002e-04
34                                     4.5980960364333030e-04
35                                    -2.0884416905428754e-03
36                                     6.3003900075252282e-04
37                                     5.2414966101800651e-04
38                                    -9.4366921579701248e-04
39                                    -2.6690658255769861e-04
40                                    -5.2383712454645288e-04
41                                     2.1755008997514638e-03
42                                     9.5612881719767031e-04
43                                    -8.9157656419970360e-04
44                                     7.7120196868120947e-04
45                                    -1.4674922874807607e-03
46                                     1.0674062392664698e-03
47                                    -9.0964979196825509e-04
48                                     4.5967441399322496e-03
49                                     2.4427247858558217e-03
50                                     5.4127330198054755e-04
51                                    -1.7631934303652251e-03
52                                    -1.5494601536961581e-03
53                                    -1.5104908745738634e-03
54                                    -1.0413177899024724e-03
55                                    -1.9267861745717394e-03
56                                     1.8000341798837818e-03
57                                    -6.0876501642028239e-04
58                                    -5.5925595332754222e-06
59                                     3.4866153078184697e-04
60                                     2.4260786634563858e-04
61                                    -5.5308455391071419e-04
62                                    -1.5649390609351281e-04
63                                     3.4897422837301201e-04
64                                     4.9846292703879306e-05
65                                    -3.3611803538248649e-05
66                                     1.1344743136737377e-03
67                                     8.1672388284629791e-07
68                                     4.1117714307029426e-04
69                                    -2.9516413140840894e-05
70                                     5.4404476223454440e-04
71                                     1.2027329611442013e-03
72                                     5.2015433525692107e-04
73                                     1.7760866714134916e-05
74                                    -2.0327033480546988e-04
75                                    -1.6322318629973580e-04
76                                    -1.1952135188710333e-04
77                                    -1.0585350474702829e-04
78                                    -4.7978052494634487e-04
79                                     4.6364179454260634e-05
80                                     2.4066855891963752e-04
81                                     5.3231028061545484e-05
82                                     7.8919625317927058e-05
83                                     1.1613204790066432e-04
84                                    -6.2053557825200245e-04
85                                     2.0260817877215562e-04
86                                    -1.7871577315305284e-04
87                                     8.7352490465709211e-05
88                                     1.7922064814493338e-04
89                                    -2.4149728161281379e-04
90                                     2.1675159840904028e-04
91                                    -1.5520173192924076e-03
92                                     1.4306916148353187e-03
93                                    -4.9633448245537596e-04
94                                    -1.1670450752292961e-03
95                                    -4.1001155244265374e-04
96                                     8.6380069864894058e-05
97                                     6.9383365531055217e-04
98                                    -3.0488076370495029e-04
   &Method [&Type "String"] "SCF"
   &Level [&Type "String"] "Relaxed density"
   &Mult [&Type "Integer"] 1
   &State [&Type "Integer"] 0
   &Irrep [&Type "Integer"] 0
$End
$Geometry
   &GeometryIndex 33
   &NAtoms [&Type "Integer"] 33
   &NCorelessECP [&Type "Integer"] 0
   &NGhostAtoms [&Type "Integer"] 0
   &CartesianCoordinates [&Type "Coordinates", &Dim(33,4), &Units "Bohr"] 
              N     -4.277615693455    0.391288629711   -0.464938195117
              C     -6.781314563758    0.848427293861   -1.013243784178
              N     -8.447753313021   -0.810313134626    0.056015788698
              C     -7.900534009400   -2.832511679381    1.637894476525
              C     -5.251205000574   -3.120732886375    2.151897250066
              C     -3.577615125249   -1.520338528717    1.097096858916
              O     -7.439068880951    2.599863539087   -2.353844072850
              O     -9.608652890184   -4.165796768595    2.437102096023
              C     -2.467767977278    2.121406331952   -1.683313069196
              C     -2.381856642220    4.673344550268   -0.325867958578
              C     -0.085600247113    4.323576180396    1.378632657383
              C      1.650874844337    2.762983388789   -0.291705837699
              O      1.114126676914    6.541674648226    2.168957261678
              O     -0.031332118629    1.104532817939   -1.624481251942
              C      3.603042168933    1.279332662668    1.131467520565
              O      5.239740156236    0.083153727844   -0.609249552338
              P      7.549680675036   -1.631440828559    0.471645791642
              O      8.778733544643   -0.324749110489    2.636719515776
              O      6.071502339451   -4.037666806157    1.678994520815
              O      8.997950270775   -2.428264165218   -1.803138745761
              H    -10.284378950347   -0.521589002898   -0.379104553797
              H     -4.627364097967   -4.637147298583    3.365603392748
              H     -1.568380453021   -1.689844824574    1.422216324704
              H     -3.107313940564    2.362682814358   -3.631245057954
              H     -0.666048824161    3.148996957883    2.987079235424
              H      2.590016256034    4.010182014591   -1.653341142301
              H      0.179146344526    7.233312781368    3.568472382321
              H      4.662155031184    2.582559780756    2.338459637186
              H      2.694781024399   -0.126258751678    2.347608258281
              H      5.401356161384   -5.106849366354    0.365091142701
              O     -1.860298180963    6.617603773317   -2.050138484531
              H     -4.116134633738    5.022997426186    0.739360652331
              H     -3.370912672412    6.938709948312   -3.011521210340
$End
$SCF_Energy
   &GeometryIndex 33
   &Method [&Type "String"] "SCF"
   &totalEnergy [&Type "ArrayOfDoubles", &Dim (1,1)] "Total energy of each state"
                                                         0

0                                     -1.4775263730889542e+03
   &Mult [&Type "ArrayOfIntegers", &Dim (1,1)] "Multiplicity of each state"
                                                         0

0                                                        1
$End
$DFT_Energy
   &GeometryIndex 33
   &nAlphaEl [&Type "Integer"] 84
   &nBetaEl [&Type "Integer"] 84
   &nTotalEl [&Type "Integer"] 167
   &finalEn [&Type "Double"]      -1.4775263730889542e+03  "No Van der Waals correction"
   &eExchange [&Type "Double"]      -1.2097701685183380e+02
   &eCorr [&Type "Double"]      -5.8400362576781859e+00
   &eXC [&Type "Double"]      -1.2681705310951199e+02
   &eCNL [&Type "Double"]       0.0000000000000000e+00
$End
$Solvation_Details
   &GeometryIndex 33
   &Solvent [&Type "String"] "WATER"
   &Epsilon [&Type "Double"]       8.0150999999999996e+01
   &Refrac [&Type "Double"]       1.3328000000000000e+00
   &RSolv [&Type "Double"]       1.3000000000000000e+00
   &SurfaceType [&Type "String"] "GAUSSIAN VDW"
   &CPCMDielEnergy [&Type "Double"]      -1.4637398099999999e-01
   &NPoints [&Type "Integer"] 2787
   &SurfaceArea [&Type "Double"]       1.1391674711339999e+03
$End
$SCF_Timings
   &GeometryIndex 33
   &TOTAL [&Type "Double"]       1.0335410800000000e+02
   &PREP [&Type "Double"]       3.5827019999999998e+00
   &FOCK [&Type "Double"]       8.3965631000000002e+01
   &DENS [&Type "Double"]       2.5675830000000133e+00
   &ETOT [&Type "Double"]       1.4077529999999907e+00
   &POP [&Type "Double"]       9.9999999747524271e-07
   &TRAFO [&Type "Double"]       6.7418099999999725e-01
   &DIIS [&Type "Double"]       3.7916290000000004e+00
   &SOSCF [&Type "Double"]       3.1626620000000170e+00
   &XC [&Type "Double"]       1.8385764999999985e+01
   &FOCKSTART [&Type "Double"]       8.1573800000001739e-01
   &SOLV [&Type "Double"]       1.2527709999999995e+01
   &SOLV_INIT [&Type "Double"]       6.7312300000000014e-01
   &SOLV_FINAL [&Type "Double"]       9.9999999747524271e-07
   &INT_PREP [&Type "Double"]       3.0000000172947239e-06
   &INT_BF [&Type "Double"]       1.1792030000002836e+00
   &INT_DENS [&Type "Double"]       1.5663179999993773e+00
   &INT_DENSIO [&Type "Double"]       2.2728530835600023e+05
   &INT_FUNC [&Type "Double"]       8.0553999999947834e-02
   &INT_POT [&Type "Double"]       1.3153889999998558e+00
   &INT_POTIO [&Type "Double"]       1.1142060000003351e+00
   &INT_SUM [&Type "Double"]       8.5299999999044473e-04
   &SPLITRIJ [&Type "Double"]       6.3226500000000074e+00
   &COSX [&Type "Double"]       4.6154582000000005e+01
$End
$VdW_Correction
   &GeometryIndex 33
   &vdW [&Type "Double"]      -3.6262075563252692e-02
$End
$Single_Point_Data
   &GeometryIndex 33
   &FinalEnergy [&Type "Double"]      -1.4775626351645174e+03  "Final single point energy"
   &Converged [&Type "Boolean"] true
$End
$SCF_Nuc_Gradient
   &GeometryIndex 33
   &NAtoms [&Type "Integer"] 33
   &gradNorm [&Type "Double"]       8.2317703570994882e-03
   &grad [&Type "ArrayOfDoubles", &Dim (99,1)] 
                                                         0

0                                     -1.3833024909561166e-04
1                                      9.5406981872754961e-04
2                                      1.0703950572836136e-03
3                                      1.2353304486304909e-04
4                                      9.6712801252317850e-04
5                                      4.9813029903539167e-04
6                                     -1.1158278997832601e-03
7                                      1.8004381454020331e-04
8                                     -6.9405527313725851e-05
9                                      2.5626255613711395e-04
10                                    -1.6558230197041558e-04
11                                     1.2991458552181726e-03
12                                    -4.2109199544186268e-04
13                                     2.6350775699950812e-04
14                                    -8.8458727308466864e-04
15                                    -1.3023817692466326e-03
16                                     1.2163621645422443e-03
17                                     4.0565864948763907e-05
18                                     1.5491550945783787e-03
19                                    -2.6342054819555416e-05
20                                     6.5802385982068664e-04
21                                     2.8536377001770895e-04
22                                     2.5744113519123599e-04
23                                    -6.2107005225530050e-04
24                                    -2.2464457016938398e-04
25                                    -8.4244213790499037e-04
26                                    -7.9653197732316625e-04
27                                    -9.6729014971200602e-04
28                                    -1.9950922785678046e-03
29                                     1.8018568856932162e-03
30                                    -1.3287245665669239e-03
31                                     2.0033288058534018e-03
32                                    -1.0360531545818390e-03
33                                     8.3218596471468535e-04
34                                    -7.0656234317633543e-05
35                                     9.6444933620483072e-04
36                                     4.2335478209792459e-04
37                                     1.0984356894730618e-03
38                                    -1.3628992602945445e-03
39                                     8.8371980082017150e-04
40                                     3.1639894165261866e-05
41                                    -1.9518969173531475e-03
42                                    -6.7079001854425629e-05
43                                     8.8538026601513918e-05
44                                     6.4680473115641754e-05
45                                    -1.5115811095499933e-03
46                                    -1.9185068800701391e-04
47                                     3.9919531750302694e-04
48                                     2.0584526267725012e-03
49                                     6.7940317362529630e-04
50                                     4.1459988851611954e-04
51                                    -3.0120186758663911e-04
52                                     2.5242803548430605e-04
53                                     1.0687529270001045e-04
54                                    -7.1804074566072390e-04
55                                    -8.6671042516865563e-04
56                                     2.6619269022757410e-04
57                                    -2.4188292184657725e-04
58                                    -2.9655719488260222e-04
59                                    -4.1180578808697833e-04
60                                     1.2830430900102742e-03
61                                    -3.6746125490167997e-04
62                                    -3.1517203717636161e-04
63                                     2.2286967369662794e-04
64                                    -1.1747220644922522e-04
65                                    -3.3596023873623993e-04
66                                    -6.2628987083867519e-04
67                                    -2.2303507328260298e-04
68                                     9.5612184690204989e-04
69                                    -1.6516194471204155e-04
70                                     6.9243036269454395e-04
71                                    -9.5062164483089193e-04
72                                    -3.2175007769080191e-04
73                                    -1.0687359481388935e-03
74                                    -1.2048227063579274e-03
75                                    -3.5593034860068463e-04
76                                     3.1770905851502632e-04
77                                     2.0844450615103375e-04
78                                    -4.3325384236693053e-04
79                                    -1.4425302598420321e-04
80                                     4.8762422810695214e-04
81                                    -1.3218859930977508e-04
82                                    -5.1787743368301997e-04
83                                     6.5209218986694926e-05
84                                     1.5030518031382023e-03
85                                     3.9634098735134323e-04
86                                    -2.5516584165529398e-04
87                                     7.8600598805434369e-05
88                                     4.0939314520303056e-04
89                                    -2.5147368166959582e-04
90                                     8.9912363567953987e-04
91                                    -2.3799394752463589e-03
92                                     3.0585282995314615e-04
93                                    -1.8683201295474096e-04
94                                    -7.2507727546234756e-04
95                                     4.5723752581118549e-04
96                                     1.6076707291563956e-04
97                                     1.9088514418693527e-04
98                                     3.8286512268713484e-04
   &Method [&Type "String"] "SCF"
   &Level [&Type "String"] "Relaxed density"
   &Mult [&Type "Integer"] 1
   &State [&Type "Integer"] 0
   &Irrep [&Type "Integer"] 0
$End
$Geometry
   &GeometryIndex 34
   &NAtoms [&Type "Integer"] 33
   &NCorelessECP [&Type "Integer"] 0
   &NGhostAtoms [&Type "Integer"] 0
   &CartesianCoordinates [&Type "Coordinates", &Dim(33,4), &Units "Bohr"] 
              N     -4.173881540057    0.410901634245   -0.539155041885
              C     -6.725385336207    0.887253922312   -0.805620697369
              N     -8.279957457427   -0.842891719384    0.310443629426
              C     -7.577174638813   -2.976495896992    1.670978296899
              C     -4.892846112142   -3.283647070602    1.895177715193
              C     -3.322231840713   -1.612030472307    0.787803524086
              O     -7.514695598511    2.733387238326   -1.937096725718
              O     -9.199713398586   -4.366225897852    2.552120100285
              C     -2.483414532825    2.253592779578   -1.779673282374
              C     -2.402577753811    4.804705497763   -0.411615954267
              C     -0.121532970106    4.417833036803    1.308010097656
              C      1.629087642052    2.874840458857   -0.368597753534
              O      1.081439052656    6.625275339263    2.131800386836
              O     -0.034507648646    1.290002459986   -1.793713409519
              C      3.459621175322    1.288314216583    1.112391256901
              O      5.097812055114    0.004029379049   -0.560559477552
              P      7.297941338050   -1.787331607022    0.635055235154
              O      8.593017269034   -0.434857294934    2.724949066570
              O      5.672458375279   -4.030159163909    1.981987395957
              O      8.693382851738   -2.809430030075   -1.578728031671
              H    -10.153871348190   -0.544333379208    0.078518221011
              H     -4.152111373569   -4.881655744053    2.925357332196
              H     -1.288378374196   -1.806644505816    0.872828008251
              H     -3.194212353670    2.498518312122   -3.697048613341
              H     -0.706322097173    3.240791884954    2.912076886108
              H      2.654006177264    4.126313081407   -1.660681012259
              H      0.137479251451    7.302532802332    3.531691551661
              H      4.532349824060    2.529434875873    2.374452963567
              H      2.402473957606   -0.064480370903    2.273196697911
              H      4.981471826406   -5.157129704507    0.728354436405
              O     -1.847494837137    6.761908915150   -2.105092620802
              H     -4.153843571561    5.146659120536    0.629198772061
              H     -3.326430733847    7.094144017734   -3.113627106642
$End
$SCF_Energy
   &GeometryIndex 34
   &Method [&Type "String"] "SCF"
   &totalEnergy [&Type "ArrayOfDoubles", &Dim (1,1)] "Total energy of each state"
                                                         0

0                                     -1.4775261432742395e+03
   &Mult [&Type "ArrayOfIntegers", &Dim (1,1)] "Multiplicity of each state"
                                                         0

0                                                        1
$End
$DFT_Energy
   &GeometryIndex 34
   &nAlphaEl [&Type "Integer"] 84
   &nBetaEl [&Type "Integer"] 84
   &nTotalEl [&Type "Integer"] 168
   &finalEn [&Type "Double"]      -1.4775261432742395e+03  "No Van der Waals correction"
   &eExchange [&Type "Double"]      -1.2097538213730434e+02
   &eCorr [&Type "Double"]      -5.8405185517941076e+00
   &eXC [&Type "Double"]      -1.2681590068909844e+02
   &eCNL [&Type "Double"]       0.0000000000000000e+00
$End
$Solvation_Details
   &GeometryIndex 34
   &Solvent [&Type "String"] "WATER"
   &Epsilon [&Type "Double"]       8.0150999999999996e+01
   &Refrac [&Type "Double"]       1.3328000000000000e+00
   &RSolv [&Type "Double"]       1.3000000000000000e+00
   &SurfaceType [&Type "String"] "GAUSSIAN VDW"
   &CPCMDielEnergy [&Type "Double"]      -1.4514927399999999e-01
   &NPoints [&Type "Integer"] 2767
   &SurfaceArea [&Type "Double"]       1.1373468693459999e+03
$End
$SCF_Timings
   &GeometryIndex 34
   &TOTAL [&Type "Double"]       1.0379136800000001e+02
   &PREP [&Type "Double"]       3.5967970000000000e+00
   &FOCK [&Type "Double"]       8.4474773999999996e+01
   &DENS [&Type "Double"]       2.6142309999999895e+00
   &ETOT [&Type "Double"]       1.4658990000000323e+00
   &TRAFO [&Type "Double"]       6.5406200000000680e-01
   &DIIS [&Type "Double"]       3.9748119999999929e+00
   &SOSCF [&Type "Double"]       3.1031789999999830e+00
   &XC [&Type "Double"]       1.8356076999999999e+01
   &FOCKSTART [&Type "Double"]       8.1290500000001398e-01
   &SOLV [&Type "Double"]       1.2170245999999979e+01
   &SOLV_INIT [&Type "Double"]       7.5912899999999994e-01
   &INT_PREP [&Type "Double"]       5.0000000086924956e-06
   &INT_BF [&Type "Double"]       1.1304469999995703e+00
   &INT_DENS [&Type "Double"]       1.4923650000003210e+00
   &INT_DENSIO [&Type "Double"]       2.2277510446500024e+05
   &INT_FUNC [&Type "Double"]       7.9621000000168252e-02
   &INT_POT [&Type "Double"]       1.2212030000004592e+00
   &INT_POTIO [&Type "Double"]       1.1014409999992285e+00
   &INT_SUM [&Type "Double"]       9.5999999997786745e-04
   &SPLITRIJ [&Type "Double"]       6.3867790000000149e+00
   &COSX [&Type "Double"]       4.6762011999999984e+01
$End
$VdW_Correction
   &GeometryIndex 34
   &vdW [&Type "Double"]      -3.6530345590376462e-02
$End
$Single_Point_Data
   &GeometryIndex 34
   &FinalEnergy [&Type "Double"]      -1.4775626736198299e+03  "Final single point energy"
   &Converged [&Type "Boolean"] true
$End
$SCF_Nuc_Gradient
   &GeometryIndex 34
   &NAtoms [&Type "Integer"] 33
   &gradNorm [&Type "Double"]       1.3867116048459815e-02
   &grad [&Type "ArrayOfDoubles", &Dim (99,1)] 
                                                         0

0                                      4.1746630251313852e-03
1                                     -4.1472791795768198e-03
2                                      3.0947730367959959e-05
3                                     -5.5678097292806970e-04
4                                     -2.2288830218747651e-03
5                                      7.0261976782666168e-05
6                                     -3.9312428824845165e-04
7                                      2.2700484066127289e-03
8                                      4.6129018154909726e-04
9                                      1.6011921396515908e-03
10                                    -1.4406722736377152e-03
11                                    -7.8001696850292122e-04
12                                    -2.5194376568250252e-03
13                                     1.1713448849804368e-03
14                                     5.3914280254725310e-05
15                                     1.2812387223030698e-04
16                                     1.7370937687434128e-03
17                                    -4.9059397220079643e-04
18                                     9.8908929052835405e-06
19                                     2.4154651879511771e-03
20                                     7.9670701857547266e-04
21                                    -4.3108463376553136e-04
22                                     2.7021412174140278e-04
23                                     2.9182180558137721e-04
24                                    -9.0843392349007610e-05
25                                     1.1204627596802870e-03
26                                    -3.5448464880763952e-04
27                                     1.1713882965003505e-03
28                                     2.0757767733165524e-03
29                                    -2.2829948711724792e-03
30                                    -1.8671992761408851e-03
31                                    -1.3987307579542176e-03
32                                    -2.4912707011443897e-04
33                                    -1.2226083423306524e-03
34                                     1.0528683363248850e-03
35                                    -2.4408328831265658e-03
36                                     9.6551528427200032e-05
37                                     1.1658639974414242e-03
38                                    -1.0693330219016400e-03
39                                    -1.1111895893497214e-03
40                                    -8.2512882767889087e-04
41                                     2.7323992301175903e-03
42                                     1.0355668642394057e-03
43                                    -8.5120511768566433e-04
44                                     1.0529635707080979e-04
45                                    -1.7683682569972397e-03
46                                     9.2494212874331657e-04
47                                    -7.5180670363190051e-04
48                                     5.6336026506396677e-03
49                                     2.5449457843819113e-03
50                                     8.8905583742707303e-04
51                                    -1.8271857217495027e-03
52                                    -1.3160312046359987e-03
53                                    -1.9923470441565471e-03
54                                    -1.6172594720309389e-03
55                                    -2.4256073529801596e-03
56                                     1.9223567892933872e-03
57                                    -9.3482990040855813e-04
58                                     1.6470684963180844e-05
59                                     4.4238473310488603e-04
60                                     2.0007241550498329e-04
61                                    -6.5212046698499458e-04
62                                    -4.5572384818531875e-04
63                                     3.8684346784415848e-04
64                                     4.5398725103833545e-05
65                                    -1.0756932789011619e-04
66                                     1.1620081802050822e-03
67                                    -3.0246287310812652e-04
68                                     2.9383572163128966e-04
69                                    -3.8034694747899678e-04
70                                     6.4862625000154011e-04
71                                     1.6522479470616803e-03
72                                     5.0754086376590928e-04
73                                    -3.8613863962212909e-04
74                                    -2.5113611323215586e-04
75                                     4.3808440051370829e-06
76                                    -3.3569788376138193e-05
77                                     8.7343867677568745e-05
78                                    -3.7643695439812912e-04
79                                    -2.5115877639210775e-04
80                                     3.0466190849008998e-04
81                                    -6.5266474761389376e-05
82                                     9.7307265833701198e-05
83                                     2.1593919204561640e-04
84                                    -9.2098824390221404e-04
85                                    -1.3262276963955455e-04
86                                    -3.3899600514676853e-04
87                                     2.5673323160748502e-04
88                                     3.5199027567642374e-04
89                                    -3.0841492084987771e-04
90                                     9.6819502955916711e-04
91                                    -1.2591778916830950e-03
92                                     2.0366332486544919e-03
93                                    -1.2704011549655439e-03
94                                    -1.0149733644927435e-03
95                                    -1.4096618414791613e-05
96                                     1.6597896454782392e-05
97                                     7.5694298087580281e-04
98                                    -4.9962380627258790e-04
   &Method [&Type "String"] "SCF"
   &Level [&Type "String"] "Relaxed density"
   &Mult [&Type "Integer"] 1
   &State [&Type "Integer"] 0
   &Irrep [&Type "Integer"] 0
$End
$Geometry
   &GeometryIndex 35
   &NAtoms [&Type "Integer"] 33
   &NCorelessECP [&Type "Integer"] 0
   &NGhostAtoms [&Type "Integer"] 0
   &CartesianCoordinates [&Type "Coordinates", &Dim(33,4), &Units "Bohr"] 
              N     -4.255364746751    0.460609011824   -0.506423650247
              C     -6.784025484259    0.683839891363   -1.121496054495
              N     -8.324095695253   -1.074523911188   -0.020545925835
              C     -7.639908597185   -3.011112612515    1.613066221660
              C     -4.979462018890   -3.092538484084    2.147781628878
              C     -3.422189846643   -1.392563042346    1.070524265389
              O     -7.582358501407    2.322087605870   -2.528693401699
              O     -9.250797294633   -4.441999688321    2.446736747525
              C     -2.516162345126    2.303284939744   -1.665222616938
              C     -2.373003614864    4.847467887512   -0.265071245385
              C     -0.030865466365    4.450538824586    1.383997189603
              C      1.638640329485    2.857559344678   -0.328675133391
              O      1.231929119971    6.647021118378    2.133816785965
              O     -0.089144022252    1.264951026562   -1.660022795666
              C      3.511641487777    1.275909751352    1.097603364846
              O      5.082311776264   -0.027955068986   -0.628198782145
              P      7.304943803536   -1.836392323827    0.481823191285
              O      8.677917016304   -0.500697063301    2.538026952222
              O      5.720230248494   -4.077676213026    1.863232178335
              O      8.632041925387   -2.846282733067   -1.778924893624
              H    -10.178660686546   -0.941901331316   -0.472474968188
              H     -4.255504139096   -4.535960970445    3.395094581361
              H     -1.404019635758   -1.418536724381    1.386966132057
              H     -3.188663826875    2.591279620329   -3.590724244740
              H     -0.579290413148    3.314323707982    3.030601770506
              H      2.627049329415    4.080721512207   -1.677577594499
              H      0.339241703244    7.379286190760    3.538209042100
              H      4.638927026139    2.520511482426    2.307844328710
              H      2.489380225243   -0.064575364236    2.305596340960
              H      5.001428592058   -5.211433307808    0.631246957110
              O     -1.885032533104    6.831961419783   -1.959346420091
              H     -4.078350473387    5.198856705627    0.843466979019
              H     -3.396825962928    7.137064913174   -2.927055083387
$End
$SCF_Energy
   &GeometryIndex 35
   &Method [&Type "String"] "SCF"
   &totalEnergy [&Type "ArrayOfDoubles", &Dim (1,1)] "Total energy of each state"
                                                         0

0                                     -1.4775264698948956e+03
   &Mult [&Type "ArrayOfIntegers", &Dim (1,1)] "Multiplicity of each state"
                                                         0

0                                                        1
$End
$DFT_Energy
   &GeometryIndex 35
   &nAlphaEl [&Type "Integer"] 84
   &nBetaEl [&Type "Integer"] 84
   &nTotalEl [&Type "Integer"] 168
   &finalEn [&Type "Double"]      -1.4775264698948956e+03  "No Van der Waals correction"
   &eExchange [&Type "Double"]      -1.2096969224435546e+02
   &eCorr [&Type "Double"]      -5.8390184547538988e+00
   &eXC [&Type "Double"]      -1.2680871069910935e+02
   &eCNL [&Type "Double"]       0.0000000000000000e+00
$End
$Solvation_Details
   &GeometryIndex 35
   &Solvent [&Type "String"] "WATER"
   &Epsilon [&Type "Double"]       8.0150999999999996e+01
   &Refrac [&Type "Double"]       1.3328000000000000e+00
   &RSolv [&Type "Double"]       1.3000000000000000e+00
   &SurfaceType [&Type "String"] "GAUSSIAN VDW"
   &CPCMDielEnergy [&Type "Double"]      -1.4658322300000001e-01
   &NPoints [&Type "Integer"] 2769
   &SurfaceArea [&Type "Double"]       1.1395672582370000e+03
$End
$SCF_Timings
   &GeometryIndex 35
   &TOTAL [&Type "Double"]       1.0821713100000001e+02
   &PREP [&Type "Double"]       3.4589249999999998e+00
   &FOCK [&Type "Double"]       8.8016624999999991e+01
   &DENS [&Type "Double"]       2.8355150000000009e+00
   &ETOT [&Type "Double"]       1.5556809999999981e+00
   &TRAFO [&Type "Double"]       6.8162999999999130e-01
   &DIIS [&Type "Double"]       3.8701699999999963e+00
   &SOSCF [&Type "Double"]       3.6188629999999904e+00
   &XC [&Type "Double"]       1.9880392999999994e+01
   &FOCKSTART [&Type "Double"]       8.5993900000000467e-01
   &SOLV [&Type "Double"]       1.3012561000000012e+01
   &SOLV_INIT [&Type "Double"]       6.4697600000000000e-01
   &INT_PREP [&Type "Double"]       6.9999999823266990e-06
   &INT_BF [&Type "Double"]       1.2656840000000855e+00
   &INT_DENS [&Type "Double"]       1.6772550000005051e+00
   &INT_DENSIO [&Type "Double"]       2.6051118591800026e+05
   &INT_FUNC [&Type "Double"]       8.5407999999922879e-02
   &INT_POT [&Type "Double"]       1.2962070000000114e+00
   &INT_POTIO [&Type "Double"]       1.1718200000000234e+00
   &INT_SUM [&Type "Double"]       1.1239999999794748e-03
   &SPLITRIJ [&Type "Double"]       6.7504290000000005e+00
   &COSX [&Type "Double"]       4.6991468999999995e+01
$End
$VdW_Correction
   &GeometryIndex 35
   &vdW [&Type "Double"]      -3.6289024642431562e-02
$End
$Single_Point_Data
   &GeometryIndex 35
   &FinalEnergy [&Type "Double"]      -1.4775627589195381e+03  "Final single point energy"
   &Converged [&Type "Boolean"] true
$End
$SCF_Nuc_Gradient
   &GeometryIndex 35
   &NAtoms [&Type "Integer"] 33
   &gradNorm [&Type "Double"]       7.3717754851681206e-03
   &grad [&Type "ArrayOfDoubles", &Dim (99,1)] 
                                                         0

0                                      2.1588822650261338e-03
1                                     -1.4331727947424931e-03
2                                     -2.1009992016061998e-04
3                                     -1.1700878578097525e-03
4                                     -8.2909855519102001e-04
5                                      9.6298129207806027e-07
6                                      2.8347091873876434e-04
7                                      1.0780249150999545e-03
8                                      1.6679609842235231e-04
9                                      4.9198241130609635e-04
10                                    -5.4822920931771552e-04
11                                    -3.3912746171408715e-04
12                                    -8.1542506104677348e-04
13                                     2.1383457355897298e-04
14                                     2.0155997896534911e-04
15                                     1.2288876348307402e-03
16                                    -4.5476890797773622e-05
17                                    -1.4148220590771317e-03
18                                    -1.6353943611762110e-03
19                                    -3.9196920471485554e-05
20                                    -7.0406922793396476e-04
21                                    -1.3605419635455068e-04
22                                     1.4787915845202294e-05
23                                     1.6717106455850712e-04
24                                    -4.7583532041437209e-04
25                                     1.1121044598226106e-03
26                                    -5.0537314820927595e-06
27                                     5.0096340792344393e-04
28                                     1.4627675192576590e-03
29                                    -9.9295179533073796e-05
30                                     2.8218822202891896e-04
31                                    -6.8781072437527717e-04
32                                     2.9833960743961890e-04
33                                    -4.2228009828482437e-04
34                                     1.0216716949075152e-05
35                                    -9.9545619165785845e-04
36                                    -8.0518869054494119e-04
37                                     3.2596869185440292e-04
38                                     6.8262666878413688e-05
39                                    -1.2555037228481976e-03
40                                    -1.7102704463819410e-03
41                                     2.4505526528452977e-03
42                                     1.0145872424533283e-04
43                                     7.5298787096896364e-05
44                                    -1.7485051296924563e-04
45                                    -1.2353617397577852e-04
46                                    -1.0512503961333469e-04
47                                    -3.7705960181441011e-04
48                                     2.0517227738077633e-03
49                                     7.7039239332914904e-04
50                                    -9.6086933629109159e-04
51                                    -5.7788055965920940e-04
52                                    -4.4657236698617420e-04
53                                    -7.7014739057526722e-04
54                                    -6.0082347398549463e-04
55                                    -9.7585369907872248e-04
56                                     1.1860954448847947e-03
57                                    -5.8414771885740712e-04
58                                     2.7242049879407500e-04
59                                     9.3239894665536301e-04
60                                    -5.9933148790876432e-04
61                                    -3.0689549995207514e-04
62                                    -2.7315381738761581e-04
63                                     9.9546560866419699e-05
64                                     1.1773448248539905e-04
65                                     2.1886602234442166e-04
66                                     8.9014249649080790e-04
67                                    -8.9616181414578500e-05
68                                     1.5981278317123290e-04
69                                     9.5514740161248434e-05
70                                    -1.9227046916962516e-04
71                                     8.1083901776450031e-04
72                                     5.5062095358736558e-04
73                                     3.5099214313299775e-04
74                                     3.7357957315251657e-04
75                                     1.3029586952218299e-04
76                                    -2.0658724978811323e-05
77                                    -1.1591979348937420e-04
78                                     2.0542681109937894e-04
79                                    -1.2354664910890303e-04
80                                    -1.8835462763461700e-04
81                                     1.3109256281575350e-04
82                                     2.9744592012411012e-04
83                                     1.4309245239904514e-04
84                                    -1.3067327205811704e-03
85                                    -2.1706948768597870e-04
86                                    -3.7601182378973544e-05
87                                     2.1808112439143914e-04
88                                     1.1108251907260099e-04
89                                    -3.3103939583650901e-04
90                                     8.0817696110467260e-04
91                                     1.1812209379998581e-03
92                                     5.8893205548331262e-04
93                                     5.7936915592430129e-04
94                                     1.8054452028113421e-04
95                                    -5.3300536450103734e-04
96                                    -2.9960219272899536e-04
97                                     1.9602668969087757e-04
98                                    -2.3733656269443723e-04
   &Method [&Type "String"] "SCF"
   &Level [&Type "String"] "Relaxed density"
   &Mult [&Type "Integer"] 1
   &State [&Type "Integer"] 0
   &Irrep [&Type "Integer"] 0
$End
$Geometry
   &GeometryIndex 36
   &NAtoms [&Type "Integer"] 33
   &NCorelessECP [&Type "Integer"] 0
   &NGhostAtoms [&Type "Integer"] 0
   &CartesianCoordinates [&Type "Coordinates", &Dim(33,4), &Units "Bohr"] 
              N     -4.254873181954    0.425133006738   -0.475055222489
              C     -6.771210641033    0.743090227987   -1.070853641780
              N     -8.370554545376   -0.951012860329    0.051186132132
              C     -7.752602392363   -2.897064273805    1.699190012887
              C     -5.090820737130   -3.083502088903    2.209605552446
              C     -3.484565036595   -1.443311281701    1.114475216870
              O     -7.504345033570    2.393891544162   -2.495234563774
              O     -9.410548390197   -4.261775595407    2.549085367127
              C     -2.469898825381    2.190557659687   -1.692384660743
              C     -2.375177685411    4.755149757494   -0.344185334349
              C     -0.084317474800    4.401943786938    1.380631537189
              C      1.653706572608    2.826326236822   -0.274113012180
              O      1.122581211641    6.614205998447    2.167970720636
              O     -0.023987880319    1.190285606076   -1.641569056622
              C      3.572428410302    1.314020028152    1.160194032018
              O      5.210202256405    0.108166726713   -0.575889981817
              P      7.395677822004   -1.757777982629    0.499573424090
              O      8.596424842620   -0.615564887995    2.774794102858
              O      5.776347250673   -4.149394150604    1.526662379351
              O      8.904778968987   -2.501534836779   -1.753355075379
              H    -10.220155253050   -0.737109567350   -0.381531788898
              H     -4.413902141841   -4.545368532556    3.461163853600
              H     -1.471083934351   -1.530341387671    1.430124446874
              H     -3.112572733467    2.409711503829   -3.642081834831
              H     -0.683523304164    3.251652044369    3.000276830127
              H      2.626177829131    4.068037516286   -1.618099530418
              H      0.212608883528    7.300732515356    3.584634121515
              H      4.638605194341    2.596980172877    2.383375112895
              H      2.633035347037   -0.087029021740    2.360557809155
              H      5.125252858571   -5.138141740304    0.141588012557
              O     -1.843379621555    6.691783831325   -2.082947414183
              H     -4.105559443335    5.137653314536    0.711670504090
              H     -3.342791913109    6.972732845289   -3.074276203753
$End
$SCF_Energy
   &GeometryIndex 36
   &Method [&Type "String"] "SCF"
   &totalEnergy [&Type "ArrayOfDoubles", &Dim (1,1)] "Total energy of each state"
                                                         0

0                                     -1.4775267372720657e+03
   &Mult [&Type "ArrayOfIntegers", &Dim (1,1)] "Multiplicity of each state"
                                                         0

0                                                        1
$End
$DFT_Energy
   &GeometryIndex 36
   &nAlphaEl [&Type "Integer"] 84
   &nBetaEl [&Type "Integer"] 84
   &nTotalEl [&Type "Integer"] 168
   &finalEn [&Type "Double"]      -1.4775267372720657e+03  "No Van der Waals correction"
   &eExchange [&Type "Double"]      -1.2097137297552517e+02
   &eCorr [&Type "Double"]      -5.8389999940665955e+00
   &eXC [&Type "Double"]      -1.2681037296959177e+02
   &eCNL [&Type "Double"]       0.0000000000000000e+00
$End
$Solvation_Details
   &GeometryIndex 36
   &Solvent [&Type "String"] "WATER"
   &Epsilon [&Type "Double"]       8.0150999999999996e+01
   &Refrac [&Type "Double"]       1.3328000000000000e+00
   &RSolv [&Type "Double"]       1.3000000000000000e+00
   &SurfaceType [&Type "String"] "GAUSSIAN VDW"
   &CPCMDielEnergy [&Type "Double"]      -1.4671332400000001e-01
   &NPoints [&Type "Integer"] 2784
   &SurfaceArea [&Type "Double"]       1.1404755025130000e+03
$End
$SCF_Timings
   &GeometryIndex 36
   &TOTAL [&Type "Double"]       8.9687213999999997e+01
   &PREP [&Type "Double"]       3.5277020000000001e+00
   &FOCK [&Type "Double"]       7.1696320999999983e+01
   &DENS [&Type "Double"]       2.2540080000000131e+00
   &ETOT [&Type "Double"]       1.1813469999999775e+00
   &TRAFO [&Type "Double"]       6.6494300000000450e-01
   &DIIS [&Type "Double"]       3.9230480000000014e+00
   &SOSCF [&Type "Double"]       2.2328239999999973e+00
   &XC [&Type "Double"]       1.5365164999999994e+01
   &FOCKSTART [&Type "Double"]       6.8612999999998170e-01
   &SOLV [&Type "Double"]       1.0569455999999988e+01
   &SOLV_INIT [&Type "Double"]       6.6442299999999976e-01
   &INT_PREP [&Type "Double"]       2.0000000091613401e-06
   &INT_BF [&Type "Double"]       9.8287400000014280e-01
   &INT_DENS [&Type "Double"]       1.2795469999996225e+00
   &INT_DENSIO [&Type "Double"]       1.6257817656300019e+05
   &INT_FUNC [&Type "Double"]       6.6625000000001933e-02
   &INT_POT [&Type "Double"]       1.1038390000000220e+00
   &INT_POTIO [&Type "Double"]       9.5575099999998159e-01
   &INT_SUM [&Type "Double"]       9.2800000000892169e-04
   &SPLITRIJ [&Type "Double"]       5.3806560000000054e+00
   &COSX [&Type "Double"]       4.0856204999999989e+01
$End
$VdW_Correction
   &GeometryIndex 36
   &vdW [&Type "Double"]      -3.6272531496113411e-02
$End
$Single_Point_Data
   &GeometryIndex 36
   &FinalEnergy [&Type "Double"]      -1.4775630098035617e+03  "Final single point energy"
   &Converged [&Type "Boolean"] true
$End
$SCF_Nuc_Gradient
   &GeometryIndex 36
   &NAtoms [&Type "Integer"] 33
   &gradNorm [&Type "Double"]       7.3311242213240637e-03
   &grad [&Type "ArrayOfDoubles", &Dim (99,1)] 
                                                         0

0                                     -1.5164446147153440e-03
1                                      1.7044701665105324e-03
2                                     -3.1189502875038664e-05
3                                     -6.8795239879063097e-04
4                                      1.8294713960921832e-03
5                                      4.3125549783464061e-04
6                                     -1.6381469069209681e-04
7                                     -6.9280960457641840e-04
8                                     -1.2413753371456369e-04
9                                     -5.8318243540812005e-04
10                                     3.6914024133289465e-04
11                                     1.0164961051372333e-03
12                                     8.0266050624259555e-04
13                                    -5.0094325951929516e-04
14                                    -1.7686001735646976e-04
15                                    -1.5471197206659798e-04
16                                    -5.3282570762581104e-04
17                                    -4.1823520373654108e-04
18                                     3.4164404767652440e-04
19                                    -1.3747224670373264e-03
20                                     3.8778935079220977e-05
21                                     4.0603768966835773e-04
22                                     1.8958181678961850e-05
23                                    -4.8544598314662925e-04
24                                    -4.2321851138851026e-04
25                                    -6.7291058085371927e-04
26                                    -4.8551767153834791e-04
27                                    -1.0305461190230967e-03
28                                    -1.3625025458758023e-03
29                                     2.2480280122891866e-03
30                                     7.0482628508998979e-04
31                                     1.9370432495304233e-03
32                                    -1.3344520968960175e-04
33                                     1.3536764703980001e-03
34                                    -3.9831797307710726e-04
35                                     1.9749991983466909e-03
36                                    -5.6392090921051469e-04
37                                     1.4352824792821558e-04
38                                    -3.3693495339114413e-04
39                                     7.3209506156940787e-04
40                                    -3.1211376284262949e-04
41                                    -1.7339301453529483e-03
42                                    -4.7065909402733508e-04
43                                     1.0087057819552182e-03
44                                    -4.2214802422679989e-04
45                                    -2.5974850528464721e-04
46                                    -1.0478873327601688e-03
47                                     4.0609939274779847e-04
48                                    -9.9911721019417098e-04
49                                    -7.1683448852223304e-04
50                                    -1.2202106088479098e-03
51                                     6.8222393870251310e-04
52                                     5.6739606937927084e-04
53                                     1.2449192555954620e-03
54                                     1.9979775613088979e-04
55                                     5.9987283372360859e-04
56                                    -7.4851076317029890e-05
57                                     8.0332698951250301e-05
58                                     4.8037090011550528e-05
59                                     3.6487099217204661e-06
60                                     3.1808123964423036e-04
61                                     5.0229989285751493e-05
62                                    -1.4376296878419796e-04
63                                    -4.8889889632115411e-05
64                                     7.8441708017921042e-06
65                                     1.3115481083841708e-05
66                                    -1.1602100886126320e-03
67                                     4.1346576292404741e-05
68                                     4.9310460532210349e-04
69                                     1.2514097161597860e-04
70                                    -2.6283862348260224e-04
71                                    -1.2926385413124803e-03
72                                    -2.1840122782884836e-04
73                                    -4.2626768150534828e-04
74                                    -3.1455482223277100e-04
75                                    -1.3895603594270297e-05
76                                     2.3805137163126594e-04
77                                     6.6806118051201502e-05
78                                     1.2835425972179066e-04
79                                    -9.7564227053309791e-05
80                                     9.4568950749749931e-05
81                                     4.7107918174300366e-05
82                                    -2.9768161090501933e-04
83                                     5.2719732180425225e-05
84                                     8.6754270840378898e-04
85                                     7.3674704979985047e-06
86                                    -2.2666246799893676e-05
87                                     6.7640160609308482e-05
88                                     1.8325994339528644e-04
89                                    -2.8584712167697870e-04
90                                     4.7708795895623875e-04
91                                    -8.6957396212519310e-05
92                                    -7.2372814808103862e-04
93                                     9.9725525533017004e-04
94                                     3.3661750699304997e-04
95                                    -1.5075078348997012e-04
96                                    -3.6791703421544049e-05
97                                    -3.0816298381546931e-04
98                                     4.9231456847425030e-04
   &Method [&Type "String"] "SCF"
   &Level [&Type "String"] "Relaxed density"
   &Mult [&Type "Integer"] 1
   &State [&Type "Integer"] 0
   &Irrep [&Type "Integer"] 0
$End
$Geometry
   &GeometryIndex 37
   &NAtoms [&Type "Integer"] 33
   &NCorelessECP [&Type "Integer"] 0
   &NGhostAtoms [&Type "Integer"] 0
   &CartesianCoordinates [&Type "Coordinates", &Dim(33,4), &Units "Bohr"] 
              N     -4.214350400578    0.416959791319   -0.505597500586
              C     -6.746373814464    0.775718183151   -1.003118952671
              N     -8.325410013573   -0.930288950738    0.125471783659
              C     -7.669398535634   -2.928530903339    1.695188687561
              C     -4.995533075146   -3.147949639779    2.114235376666
              C     -3.406893048658   -1.495476719101    1.009648962911
              O     -7.508186619032    2.489929996874   -2.337005965674
              O     -9.312296817447   -4.296776672014    2.569928348817
              C     -2.466549658349    2.218668613555   -1.722516004841
              C     -2.387810312384    4.774834839699   -0.358697776685
              C     -0.095108957015    4.413565950305    1.360168776022
              C      1.649217965097    2.855522604338   -0.305170982666
              O      1.111483500750    6.623540399360    2.160930823625
              O     -0.018106537933    1.236321599623   -1.695192733899
              C      3.539138772905    1.318188051724    1.145598665823
              O      5.178440272095    0.086514045282   -0.569238269320
              P      7.337772841023   -1.790890829191    0.548121518011
              O      8.575566016443   -0.605537380766    2.777142366192
              O      5.680726791832   -4.121186035054    1.663874032045
              O      8.811208148769   -2.633058276977   -1.693371123776
              H    -10.187173946941   -0.687257426505   -0.234058633492
              H     -4.290414263636   -4.649827883325    3.301332609190
              H     -1.381953937680   -1.612965437955    1.245838634965
              H     -3.130739138718    2.452393758055   -3.661027854477
              H     -0.685961360386    3.254320045285    2.975904329314
              H      2.639112561189    4.103743452533   -1.629047659599
              H      0.163347814872    7.334529790043    3.540411544377
              H      4.606847303051    2.587403377507    2.382375449722
              H      2.559053004119   -0.066720359366    2.333366887451
              H      4.999353706305   -5.141241829681    0.316783114356
              O     -1.866684778408    6.730252194984   -2.074061761111
              H     -4.128024144196    5.125671496205    0.696107450348
              H     -3.352342059423    7.002756269259   -3.089142295054
$End
$SCF_Energy
   &GeometryIndex 37
   &Method [&Type "String"] "SCF"
   &totalEnergy [&Type "ArrayOfDoubles", &Dim (1,1)] "Total energy of each state"
                                                         0

0                                     -1.4775268424230826e+03
   &Mult [&Type "ArrayOfIntegers", &Dim (1,1)] "Multiplicity of each state"
                                                         0

0                                                        1
$End
$DFT_Energy
   &GeometryIndex 37
   &nAlphaEl [&Type "Integer"] 84
   &nBetaEl [&Type "Integer"] 84
   &nTotalEl [&Type "Integer"] 168
   &finalEn [&Type "Double"]      -1.4775268424230826e+03  "No Van der Waals correction"
   &eExchange [&Type "Double"]      -1.2097290808884829e+02
   &eCorr [&Type "Double"]      -5.8395272351191885e+00
   &eXC [&Type "Double"]      -1.2681243532396748e+02
   &eCNL [&Type "Double"]       0.0000000000000000e+00
$End
$Solvation_Details
   &GeometryIndex 37
   &Solvent [&Type "String"] "WATER"
   &Epsilon [&Type "Double"]       8.0150999999999996e+01
   &Refrac [&Type "Double"]       1.3328000000000000e+00
   &RSolv [&Type "Double"]       1.3000000000000000e+00
   &SurfaceType [&Type "String"] "GAUSSIAN VDW"
   &CPCMDielEnergy [&Type "Double"]      -1.4615817000000000e-01
   &NPoints [&Type "Integer"] 2785
   &SurfaceArea [&Type "Double"]       1.1374620597280000e+03
$End
$SCF_Timings
   &GeometryIndex 37
   &TOTAL [&Type "Double"]       8.8517832999999996e+01
   &PREP [&Type "Double"]       3.4663429999999997e+00
   &FOCK [&Type "Double"]       7.0848038000000003e+01
   &DENS [&Type "Double"]       2.1888979999999947e+00
   &ETOT [&Type "Double"]       1.1808980000000115e+00
   &POP [&Type "Double"]       9.9999999747524271e-07
   &TRAFO [&Type "Double"]       6.7379899999999537e-01
   &DIIS [&Type "Double"]       3.8032749999999993e+00
   &SOSCF [&Type "Double"]       2.1964979999999983e+00
   &XC [&Type "Double"]       1.5472052000000003e+01
   &FOCKSTART [&Type "Double"]       6.9359299999999369e-01
   &SOLV [&Type "Double"]       1.0490377999999993e+01
   &SOLV_INIT [&Type "Double"]       6.8822700000000014e-01
   &SOLV_FINAL [&Type "Double"]       9.9999999747524271e-07
   &INT_PREP [&Type "Double"]       3.9999999934536845e-06
   &INT_BF [&Type "Double"]       1.0042480000000058e+00
   &INT_DENS [&Type "Double"]       1.2974479999998270e+00
   &INT_DENSIO [&Type "Double"]       1.5779596369600017e+05
   &INT_FUNC [&Type "Double"]       6.6392000000140783e-02
   &INT_POT [&Type "Double"]       1.0608280000000221e+00
   &INT_POTIO [&Type "Double"]       9.3414599999998416e-01
   &INT_SUM [&Type "Double"]       6.1599999999906174e-04
   &SPLITRIJ [&Type "Double"]       5.4080569999999977e+00
   &COSX [&Type "Double"]       3.9823196000000010e+01
$End
$VdW_Correction
   &GeometryIndex 37
   &vdW [&Type "Double"]      -3.6388888784345763e-02
$End
$Single_Point_Data
   &GeometryIndex 37
   &FinalEnergy [&Type "Double"]      -1.4775632313118670e+03  "Final single point energy"
   &Converged [&Type "Boolean"] true
$End
$SCF_Nuc_Gradient
   &GeometryIndex 37
   &NAtoms [&Type "Integer"] 33
   &gradNorm [&Type "Double"]       2.2195353369097179e-03
   &grad [&Type "ArrayOfDoubles", &Dim (99,1)] 
                                                         0

0                                     -1.6260594107144703e-05
1                                      3.6075171162760166e-04
2                                     -8.5811966672424218e-05
3                                     -2.9276282340859257e-04
4                                     -1.4377986101154607e-04
5                                     -3.7679255922344759e-04
6                                     -1.9549936855427089e-04
7                                      2.6340680771589557e-04
8                                      2.0993824312278236e-04
9                                      2.0819812624452220e-04
10                                    -3.1923593010515057e-04
11                                     9.2663114213076419e-05
12                                    -1.8368717084951881e-04
13                                    -3.1565407478649835e-05
14                                    -2.5169479453719066e-05
15                                    -2.1725299623668231e-04
16                                     1.9654341850885244e-04
17                                    -1.2905873905751366e-05
18                                     1.6311358656923892e-04
19                                    -7.5836511203201308e-05
20                                     3.7707501813627562e-04
21                                     1.7529895362715435e-05
22                                     1.4040705239867489e-04
23                                    -6.1294129748895126e-05
24                                    -1.4576046628740454e-04
25                                     1.2890513118242063e-05
26                                    -1.8121798057205873e-04
27                                     1.5883682070898841e-04
28                                    -7.2090279983823258e-05
29                                     7.4067886245542862e-04
30                                     1.1400428278157424e-05
31                                     2.3731392001067507e-04
32                                    -1.7882195220631490e-04
33                                     5.9155118565913461e-05
34                                     1.8917462298358585e-04
35                                     2.3906770102052289e-04
36                                    -2.4989611630462023e-04
37                                     3.4995820358204807e-04
38                                    -3.0772504318304873e-04
39                                     1.2133607834338578e-04
40                                    -3.3601561498507469e-04
41                                    -1.4753075690163175e-04
42                                    -3.7984318090084675e-05
43                                     2.7967623718123784e-04
44                                    -2.0302520366822130e-04
45                                    -6.1056926973750570e-04
46                                    -2.5473105920879044e-04
47                                    -1.2352840454712456e-04
48                                     8.9225332928354083e-04
49                                     5.1981056783495646e-04
50                                     1.0757608320328327e-04
51                                    -1.7160851010198424e-04
52                                    -1.6256968388729634e-04
53                                     1.8535734609192837e-05
54                                    -1.8624206966298936e-04
55                                    -3.4183554972985194e-04
56                                     3.2570257527176228e-04
57                                    -1.1253094475577991e-04
58                                    -1.0287456686841205e-04
59                                    -5.4153331577059004e-05
60                                     2.4827333498280964e-04
61                                    -6.5875719381224012e-05
62                                    -1.1839872078851733e-04
63                                     7.4762039496566635e-05
64                                     2.5377480234105843e-05
65                                    -2.3222800623894644e-05
66                                    -4.6584995902725738e-05
67                                    -1.0760670042337631e-04
68                                     2.4183548828241887e-04
69                                     2.6338311404435473e-05
70                                     8.3006867268979855e-05
71                                    -1.7793401067848678e-04
72                                     5.0047442663345328e-05
73                                    -1.2614196421935152e-04
74                                    -2.0855422842791136e-04
75                                    -4.0820888848933751e-07
76                                     1.6740978714876333e-05
77                                     4.4753985165740879e-05
78                                     9.0401311963878955e-06
79                                    -9.5544883391913363e-05
80                                     7.0243639237965483e-05
81                                    -3.1385303683982568e-05
82                                    -1.4379508487823492e-04
83                                     1.0215072866922456e-04
84                                     1.8521988679111529e-04
85                                    -5.3166281904541993e-05
86                                    -6.3753579286495818e-05
87                                     1.4094558433119016e-05
88                                     1.5874239181887668e-04
89                                    -2.2727259868010526e-04
90                                     2.1093223096002917e-04
91                                    -3.7566370198565693e-04
92                                     1.4634769788939668e-04
93                                     2.2104599263042025e-06
94                                    -1.2549357785194795e-04
95                                    -1.1756224662584011e-04
96                                     4.5691317602633700e-05
97                                     1.0002165118305607e-04
98                                    -2.1894031340931401e-05
   &Method [&Type "String"] "SCF"
   &Level [&Type "String"] "Relaxed density"
   &Mult [&Type "Integer"] 1
   &State [&Type "Integer"] 0
   &Irrep [&Type "Integer"] 0
$End
$Geometry
   &GeometryIndex 38
   &NAtoms [&Type "Integer"] 33
   &NCorelessECP [&Type "Integer"] 0
   &NGhostAtoms [&Type "Integer"] 0
   &CartesianCoordinates [&Type "Coordinates", &Dim(33,4), &Units "Bohr"] 
              N     -4.200663272239    0.414711781209   -0.513123502509
              C     -6.737089391715    0.787244966431   -0.976461442668
              N     -8.308735197127   -0.925812322193    0.151486745375
              C     -7.640508264739   -2.940120215794    1.694930293728
              C     -4.962333283707   -3.173521951379    2.078316650146
              C     -3.380486081836   -1.516438859378    0.970622907096
              O     -7.508527409152    2.515030448734   -2.288042979958
              O     -9.277187278018   -4.311681192115    2.576551989979
              C     -2.463159097732    2.226282363888   -1.731081997529
              C     -2.390789558372    4.782371517973   -0.366386021860
              C     -0.098749169042    4.420289077247    1.353957411708
              C      1.649972423259    2.866606804167   -0.310921753675
              O      1.108155864705    6.628191339963    2.160378509222
              O     -0.013267609858    1.250760149622   -1.707813644423
              C      3.534032259163    1.326843556400    1.146052612908
              O      5.170804656348    0.084044142028   -0.563070514408
              P      7.312607747627   -1.807986631710    0.563082637232
              O      8.571658452616   -0.614912050602    2.775752509438
              O      5.635409902931   -4.109902258775    1.707172280256
              O      8.769012633049   -2.686087309022   -1.675705718072
              H    -10.174319942902   -0.672640712945   -0.182040750218
              H     -4.248669792448   -4.691060654480    3.240182928238
              H     -1.352610293296   -1.644215902896    1.176559770915
              H     -3.132100322004    2.459881971020   -3.667355818156
              H     -0.691155890156    3.258894613737    2.967951146317
              H      2.643739021933    4.116583267660   -1.630128588257
              H      0.139755948121    7.356706782176    3.516593159298
              H      4.604638167434    2.596408333979    2.380245873028
              H      2.545564087420   -0.049750345792    2.336891771174
              H      4.948563527434   -5.144278368632    0.374066618275
              O     -1.874312258161    6.741594502695   -2.078443087431
              H     -4.132211239315    5.126717051510    0.688704762413
              H     -3.365082061372    7.022372220585   -3.083742910383
$End
$SCF_Energy
   &GeometryIndex 38
   &Method [&Type "String"] "SCF"
   &totalEnergy [&Type "ArrayOfDoubles", &Dim (1,1)] "Total energy of each state"
                                                         0

0                                     -1.4775268355297051e+03
   &Mult [&Type "ArrayOfIntegers", &Dim (1,1)] "Multiplicity of each state"
                                                         0

0                                                        1
$End
$DFT_Energy
   &GeometryIndex 38
   &nAlphaEl [&Type "Integer"] 84
   &nBetaEl [&Type "Integer"] 84
   &nTotalEl [&Type "Integer"] 168
   &finalEn [&Type "Double"]      -1.4775268355297051e+03  "No Van der Waals correction"
   &eExchange [&Type "Double"]      -1.2097300007982558e+02
   &eCorr [&Type "Double"]      -5.8395984716510903e+00
   &eXC [&Type "Double"]      -1.2681259855147667e+02
   &eCNL [&Type "Double"]       0.0000000000000000e+00
$End
$Solvation_Details
   &GeometryIndex 38
   &Solvent [&Type "String"] "WATER"
   &Epsilon [&Type "Double"]       8.0150999999999996e+01
   &Refrac [&Type "Double"]       1.3328000000000000e+00
   &RSolv [&Type "Double"]       1.3000000000000000e+00
   &SurfaceType [&Type "String"] "GAUSSIAN VDW"
   &CPCMDielEnergy [&Type "Double"]      -1.4606943100000000e-01
   &NPoints [&Type "Integer"] 2781
   &SurfaceArea [&Type "Double"]       1.1374511611210000e+03
$End
$SCF_Timings
   &GeometryIndex 38
   &TOTAL [&Type "Double"]       6.7445460999999995e+01
   &PREP [&Type "Double"]       2.7674530000000002e+00
   &FOCK [&Type "Double"]       5.3328744999999998e+01
   &DENS [&Type "Double"]       1.6611329999999995e+00
   &ETOT [&Type "Double"]       9.0947200000000450e-01
   &POP [&Type "Double"]       9.9999999747524271e-07
   &TRAFO [&Type "Double"]       6.0898000000000074e-01
   &DIIS [&Type "Double"]       2.4941069999999979e+00
   &SOSCF [&Type "Double"]       1.7074150000000028e+00
   &XC [&Type "Double"]       1.0894805000000000e+01
   &FOCKSTART [&Type "Double"]       5.3621199999998614e-01
   &SOLV [&Type "Double"]       7.0852690000000038e+00
   &SOLV_INIT [&Type "Double"]       5.2508299999999997e-01
   &SOLV_FINAL [&Type "Double"]       9.9999999747524271e-07
   &INT_PREP [&Type "Double"]       1.9999999985031991e-06
   &INT_BF [&Type "Double"]       7.6839700000006594e-01
   &INT_DENS [&Type "Double"]       1.0232459999998635e+00
   &INT_DENSIO [&Type "Double"]       9.9519003922000105e+04
   &INT_FUNC [&Type "Double"]       5.3097000000095207e-02
   &INT_POT [&Type "Double"]       8.0531399999987130e-01
   &INT_POTIO [&Type "Double"]       6.8758199999997416e-01
   &INT_SUM [&Type "Double"]       4.7600000000080911e-04
   &SPLITRIJ [&Type "Double"]       3.7157549999999970e+00
   &COSX [&Type "Double"]       3.2710156000000012e+01
$End
$VdW_Correction
   &GeometryIndex 38
   &vdW [&Type "Double"]      -3.6417981550298704e-02
$End
$Single_Point_Data
   &GeometryIndex 38
   &FinalEnergy [&Type "Double"]      -1.4775632535112554e+03  "Final single point energy"
   &Converged [&Type "Boolean"] true
$End
$SCF_Nuc_Gradient
   &GeometryIndex 38
   &NAtoms [&Type "Integer"] 33
   &gradNorm [&Type "Double"]       1.6999097508189336e-03
   &grad [&Type "ArrayOfDoubles", &Dim (99,1)] 
                                                         0

0                                      3.2194836422757514e-04
1                                     -2.5972306958717923e-04
2                                     -2.4093754993388455e-04
3                                     -1.0937121830075197e-04
4                                      2.9125974248320869e-06
5                                      2.3819042036498750e-04
6                                     -7.9647126970122423e-05
7                                      1.1934048406708205e-04
8                                      2.4787686620292610e-05
9                                      1.7220836319501294e-04
10                                    -1.6114595549966611e-04
11                                     4.6275984049177227e-05
12                                    -2.2179440582322454e-04
13                                     4.2294766435461496e-05
14                                    -4.7127849442149783e-05
15                                    -1.3995930883460743e-04
16                                     2.9110025519597988e-04
17                                    -6.1515807492310047e-05
18                                     1.7593037028112665e-06
19                                     8.2806676534683655e-05
20                                     4.4270750055317126e-05
21                                    -2.3389655006722515e-05
22                                     7.0548303880074318e-05
23                                    -4.8172276410721093e-05
24                                    -2.2370420820824074e-05
25                                     1.5908601879337369e-04
26                                    -6.1950006767806328e-05
27                                     1.3456979068128804e-04
28                                     1.8201772370680952e-04
29                                     2.4609995987511288e-04
30                                    -1.2163064839609101e-04
31                                    -9.6970799219346128e-05
32                                    -1.6343786578039174e-04
33                                    -7.9474106212994161e-05
34                                     1.3255836632876240e-04
35                                    -9.2665227184402687e-05
36                                    -1.4199343919068920e-04
37                                     2.2241208651196460e-04
38                                    -2.2815557712105623e-04
39                                    -1.1056712685719131e-04
40                                    -2.7400819353005083e-04
41                                     2.1599508153539074e-04
42                                     8.7800472537782361e-05
43                                     1.4946659498997925e-04
44                                    -7.9150843215554874e-05
45                                    -4.1224794415869190e-04
46                                    -7.6034490360158156e-05
47                                    -1.2983141878833722e-04
48                                     7.8113309137765223e-04
49                                     4.7387648328562200e-04
50                                     2.1399192423463323e-04
51                                    -2.1456491653344513e-04
52                                    -1.9224857917154246e-04
53                                    -1.8855331025925996e-04
54                                    -2.1006562628282877e-04
55                                    -3.7536180374750448e-04
56                                     2.9741874663838667e-04
57                                    -7.0756126970762028e-05
58                                    -5.6134264867465473e-05
59                                    -5.2851005503201491e-05
60                                     9.3070972463885624e-05
61                                    -5.8949864264134063e-05
62                                    -9.6563517115673460e-05
63                                     7.7323682939758447e-05
64                                     2.0374213406856482e-05
65                                    -1.8741448504880264e-05
66                                     1.2633172932645945e-04
67                                    -7.1074048742249322e-05
68                                     1.4320514681233834e-04
69                                    -1.9690331786819816e-05
70                                     8.1546970399735036e-05
71                                     1.3379871094698132e-04
72                                     5.2536715489467613e-05
73                                    -7.9482662769370522e-05
74                                    -9.5676565714168161e-05
75                                     1.8002496178337574e-06
76                                    -1.6411342551570581e-05
77                                     9.9970630303969208e-06
78                                    -3.3061116986416676e-07
79                                    -5.9497738879358268e-05
80                                     4.9544237927926817e-05
81                                    -4.7412252577428522e-06
82                                    -1.0736746528778575e-04
83                                     1.0711845862890930e-04
84                                    -4.8791813365023649e-06
85                                    -4.8102082330386623e-05
86                                    -2.1903062411333436e-05
87                                     3.6852443912742881e-05
88                                     1.3486111611464661e-04
89                                    -1.5452063611477073e-04
90                                     1.5254881349012603e-04
91                                    -2.0130826025412758e-04
92                                     1.0833463502710910e-04
93                                    -1.0314054307420712e-04
94                                    -1.8604473699838231e-04
95                                    -7.5713406348474818e-05
96                                     5.0729935739329306e-05
97                                     1.5466272134493725e-04
98                                    -2.1561435161934772e-05
   &Method [&Type "String"] "SCF"
   &Level [&Type "String"] "Relaxed density"
   &Mult [&Type "Integer"] 1
   &State [&Type "Integer"] 0
   &Irrep [&Type "Integer"] 0
$End
$Geometry
   &GeometryIndex 39
   &NAtoms [&Type "Integer"] 33
   &NCorelessECP [&Type "Integer"] 0
   &NGhostAtoms [&Type "Integer"] 0
   &CartesianCoordinates [&Type "Coordinates", &Dim(33,4), &Units "Bohr"] 
              N     -4.186271160015    0.413241029674   -0.517428288583
              C     -6.725507205543    0.787751717093   -0.962640189291
              N     -8.289967470156   -0.930637572532    0.167599002842
              C     -7.611218061894   -2.953780216308    1.694291187099
              C     -4.929581615129   -3.195503251428    2.050299348877
              C     -3.354872290458   -1.532643614265    0.941172497231
              O     -7.506096639857    2.522977290646   -2.259282471418
              O     -9.241802573643   -4.327226993275    2.584470573975
              C     -2.457908058350    2.234792382931   -1.735335715764
              C     -2.393232355155    4.790357221140   -0.368809202578
              C     -0.099802894028    4.432140585988    1.351810963755
              C      1.653476322541    2.883619513428   -0.313036539863
              O      1.104898965536    6.639607301434    2.162768722290
              O     -0.004568974463    1.269630937185   -1.717488193348
              C      3.534155674549    1.343187982675    1.147804289273
              O      5.165114600893    0.087803101990   -0.557720754298
              P      7.279910871503   -1.830694909603    0.572550067173
              O      8.563858037237   -0.642021530255    2.773678560650
              O      5.573227938654   -4.099831271032    1.736247970427
              O      8.717536674154   -2.743264991739   -1.664591534314
              H    -10.158504269086   -0.670880681118   -0.145275621640
              H     -4.209045630137   -4.724003394469    3.193412325227
              H     -1.325275695052   -1.665251659007    1.124343876575
              H     -3.130561037133    2.467314089839   -3.670544980012
              H     -0.692008151990    3.268804874583    2.964747735451
              H      2.649587742183    4.136596241101   -1.627648795786
              H      0.121845922622    7.379679580476    3.502175236998
              H      4.610066853891    2.614935198077    2.375337145397
              H      2.541082296498   -0.023923233037    2.345745975352
              H      4.880216312837   -5.144662016075    0.414696734241
              O     -1.885987820921    6.753551467581   -2.078995306079
              H     -4.134196369644    5.129171768258    0.688812577724
              H     -3.376612661596    7.022289165354   -3.087985350384
$End
$SCF_Energy
   &GeometryIndex 39
   &Method [&Type "String"] "SCF"
   &totalEnergy [&Type "ArrayOfDoubles", &Dim (1,1)] "Total energy of each state"
                                                         0

0                                     -1.4775268115368206e+03
   &Mult [&Type "ArrayOfIntegers", &Dim (1,1)] "Multiplicity of each state"
                                                         0

0                                                        1
$End
$DFT_Energy
   &GeometryIndex 39
   &nAlphaEl [&Type "Integer"] 84
   &nBetaEl [&Type "Integer"] 84
   &nTotalEl [&Type "Integer"] 168
   &finalEn [&Type "Double"]      -1.4775268115368206e+03  "No Van der Waals correction"
   &eExchange [&Type "Double"]      -1.2097277598182475e+02
   &eCorr [&Type "Double"]      -5.8395733627549387e+00
   &eXC [&Type "Double"]      -1.2681234934457969e+02
   &eCNL [&Type "Double"]       0.0000000000000000e+00
$End
$Solvation_Details
   &GeometryIndex 39
   &Solvent [&Type "String"] "WATER"
   &Epsilon [&Type "Double"]       8.0150999999999996e+01
   &Refrac [&Type "Double"]       1.3328000000000000e+00
   &RSolv [&Type "Double"]       1.3000000000000000e+00
   &SurfaceType [&Type "String"] "GAUSSIAN VDW"
   &CPCMDielEnergy [&Type "Double"]      -1.4601984400000001e-01
   &NPoints [&Type "Integer"] 2778
   &SurfaceArea [&Type "Double"]       1.1379045668930000e+03
$End
$SCF_Timings
   &GeometryIndex 39
   &TOTAL [&Type "Double"]       5.9983294000000001e+01
   &PREP [&Type "Double"]       3.1944910000000002e+00
   &FOCK [&Type "Double"]       4.6673491999999996e+01
   &DENS [&Type "Double"]       1.4955140000000071e+00
   &ETOT [&Type "Double"]       8.9028299999999660e-01
   &TRAFO [&Type "Double"]       6.1427999999999372e-01
   &DIIS [&Type "Double"]       2.5687050000000013e+00
   &SOSCF [&Type "Double"]       1.2720110000000062e+00
   &XC [&Type "Double"]       1.0175877000000002e+01
   &FOCKSTART [&Type "Double"]       4.9270800000000259e-01
   &SOLV [&Type "Double"]       6.3865200000000133e+00
   &SOLV_INIT [&Type "Double"]       5.5776599999999998e-01
   &INT_PREP [&Type "Double"]       3.0000000066365828e-06
   &INT_BF [&Type "Double"]       6.8363199999988389e-01
   &INT_DENS [&Type "Double"]       9.4304900000008018e-01
   &INT_DENSIO [&Type "Double"]       8.0209294690000097e+04
   &INT_FUNC [&Type "Double"]       4.5714999999997730e-02
   &INT_POT [&Type "Double"]       7.5381200000003901e-01
   &INT_POTIO [&Type "Double"]       6.6195699999996549e-01
   &INT_SUM [&Type "Double"]       7.9399999999196780e-04
   &SPLITRIJ [&Type "Double"]       3.3368200000000008e+00
   &COSX [&Type "Double"]       2.8049571999999994e+01
$End
$VdW_Correction
   &GeometryIndex 39
   &vdW [&Type "Double"]      -3.6440990565149295e-02
$End
$Single_Point_Data
   &GeometryIndex 39
   &FinalEnergy [&Type "Double"]      -1.4775632525273857e+03  "Final single point energy"
   &Converged [&Type "Boolean"] true
$End
$SCF_Nuc_Gradient
   &GeometryIndex 39
   &NAtoms [&Type "Integer"] 33
   &gradNorm [&Type "Double"]       1.0647011299972692e-03
   &grad [&Type "ArrayOfDoubles", &Dim (99,1)] 
                                                         0

0                                      3.1332878023265526e-04
1                                     -3.5990727553230262e-04
2                                     -1.5261895518030229e-04
3                                      5.5336723105476064e-05
4                                     -1.4173528582150588e-04
5                                      8.9587538658672877e-05
6                                      1.9328735105063181e-05
7                                      8.1605508903125507e-06
8                                      8.2068785336073117e-06
9                                      4.6424912029115412e-05
10                                    -1.6433262558872291e-05
11                                    -2.3927886565832998e-05
12                                    -1.1004140638858426e-04
13                                     5.3767297905172511e-05
14                                    -9.5450522567864810e-06
15                                    -9.5602702920406855e-06
16                                     1.2529454970489404e-04
17                                    -9.2927113077709292e-06
18                                    -1.0465928805220985e-04
19                                     2.1574772983858916e-04
20                                    -7.5103373103152461e-06
21                                    -3.6730416529356642e-05
22                                     1.1281128769032901e-05
23                                    -1.0633091514421032e-05
24                                     6.9316250588851900e-06
25                                     2.0868623727454948e-04
26                                     7.4830732262117872e-05
27                                     8.6860462479172287e-05
28                                     1.9479493126414721e-04
29                                    -1.5892299740868183e-04
30                                    -5.7851176838541856e-05
31                                    -1.6460103790589409e-04
32                                    -8.2096845959451424e-05
33                                    -1.2419650465956528e-04
34                                     6.2368144291936807e-05
35                                    -1.6966709518900314e-04
36                                    -3.9519635224685067e-05
37                                     7.0671475568778790e-05
38                                    -4.1423297390771121e-05
39                                    -1.5674593588097771e-04
40                                    -1.3999232422056578e-04
41                                     2.5781950419268457e-04
42                                     8.0509709670937343e-05
43                                     7.4097786790916305e-05
44                                    -4.6439071223190845e-05
45                                    -8.1638857891172225e-05
46                                    -7.8152533717344063e-06
47                                    -1.6200126685547334e-05
48                                     2.5551288499032012e-04
49                                     2.1900188650172714e-04
50                                     7.0026208599242152e-05
51                                    -1.0880285043292825e-04
52                                    -1.0500128930557904e-04
53                                    -1.9874011520869348e-04
54                                    -1.3325539218025050e-04
55                                    -2.1592759412098077e-04
56                                     1.9458423246025778e-04
57                                     8.6471491573200947e-06
58                                     2.5281291477800667e-05
59                                    -4.2169747627480685e-05
60                                    -3.3199275673106337e-05
61                                    -1.0014451219672153e-05
62                                    -3.7499575298933466e-05
63                                     3.4237268325686856e-05
64                                     1.8293273032190697e-05
65                                     3.7205139619926196e-06
66                                     8.3706756287830146e-05
67                                    -4.1816301771055729e-05
68                                     2.2890069397601272e-05
69                                    -4.9270225011305921e-05
70                                     3.6636254948909660e-05
71                                     1.6122663192026846e-04
72                                     3.3637520393881006e-05
73                                    -2.1964991219972226e-05
74                                    -1.5610999386076764e-05
75                                     3.6082369262510879e-05
76                                    -2.2663480935747237e-05
77                                     1.2027445933416209e-06
78                                     1.0212345437142066e-05
79                                    -1.6880058264048331e-05
80                                     3.1969178477643436e-05
81                                     1.1256225706171366e-05
82                                    -7.5613979082791915e-05
83                                     8.1373162345459458e-05
84                                    -9.5722083538636203e-05
85                                    -7.7580548864967039e-06
86                                     3.4277568324865492e-05
87                                     5.4501145729411481e-05
88                                     6.7227810798495372e-05
89                                    -7.6625218680854938e-05
90                                     7.6532414777255136e-05
91                                    -3.0583819312335900e-05
92                                     1.3190356872754087e-04
93                                    -7.2863373027041978e-05
94                                    -8.0313738082448094e-05
95                                    -4.1709833232084834e-05
96                                     1.0096138937213832e-06
97                                     6.7711873249810817e-05
98                                    -2.2985572621050373e-05
   &Method [&Type "String"] "SCF"
   &Level [&Type "String"] "Relaxed density"
   &Mult [&Type "Integer"] 1
   &State [&Type "Integer"] 0
   &Irrep [&Type "Integer"] 0
$End
$Geometry
   &GeometryIndex 40
   &NAtoms [&Type "Integer"] 33
   &NCorelessECP [&Type "Integer"] 0
   &NGhostAtoms [&Type "Integer"] 0
   &CartesianCoordinates [&Type "Coordinates", &Dim(33,4), &Units "Bohr"] 
              N     -4.172768812935    0.412290258915   -0.519382136214
              C     -6.714331310713    0.787027936098   -0.949335280839
              N     -8.271772047625   -0.935949986299    0.184058725644
              C     -7.583379867427   -2.965825284677    1.697229854798
              C     -4.898998730420   -3.213288400107    2.029803970756
              C     -3.331532901287   -1.544559298704    0.919382090285
              O     -7.502804899883    2.524628864052   -2.237798103163
              O     -9.208073076277   -4.341879959197    2.594209341561
              C     -2.451686034016    2.240416843504   -1.740082585718
              C     -2.394974081559    4.795818316588   -0.372892157588
              C     -0.101309163104    4.443757118660    1.349678416144
              C      1.657744700724    2.900041197326   -0.313815510904
              O      1.098524873427    6.652772222857    2.163255190398
              O      0.005935771667    1.286614514606   -1.726748777271
              C      3.536407023586    1.360275785558    1.150263879016
              O      5.164239220010    0.095632862551   -0.551482436095
              P      7.248306111567   -1.852499002581    0.583455520451
              O      8.544963296093   -0.680520450945    2.786701281895
              O      5.507743808873   -4.095488291908    1.745261560841
              O      8.678375296319   -2.786396003965   -1.649621972958
              H    -10.142516371993   -0.672402989041   -0.112366715148
              H     -4.171948551660   -4.750514663869    3.156973341567
              H     -1.300844444528   -1.679584761037    1.084155553472
              H     -3.127242071454    2.469665127858   -3.675061075469
              H     -0.693283946895    3.279458061592    2.962165152902
              H      2.655433137089    4.156561041176   -1.623812605772
              H      0.106251066283    7.397635778045    3.493187426012
              H      4.615228919570    2.634941301039    2.372327316384
              H      2.541557220700   -0.000337309825    2.353758869009
              H      4.804318949677   -5.135995489247    0.425835205789
              O     -1.894551441756    6.760478287047   -2.083884453403
              H     -4.136023589844    5.131468739383    0.685461798635
              H     -3.385030773364    7.018883749861   -3.095698837814
$End
$SCF_Energy
   &GeometryIndex 40
   &Method [&Type "String"] "SCF"
   &totalEnergy [&Type "ArrayOfDoubles", &Dim (1,1)] "Total energy of each state"
                                                         0

0                                     -1.4775267895483485e+03
   &Mult [&Type "ArrayOfIntegers", &Dim (1,1)] "Multiplicity of each state"
                                                         0

0                                                        1
$End
$DFT_Energy
   &GeometryIndex 40
   &nAlphaEl [&Type "Integer"] 84
   &nBetaEl [&Type "Integer"] 84
   &nTotalEl [&Type "Integer"] 168
   &finalEn [&Type "Double"]      -1.4775267895483485e+03  "No Van der Waals correction"
   &eExchange [&Type "Double"]      -1.2097252761236652e+02
   &eCorr [&Type "Double"]      -5.8395326421377201e+00
   &eXC [&Type "Double"]      -1.2681206025450425e+02
   &eCNL [&Type "Double"]       0.0000000000000000e+00
$End
$Solvation_Details
   &GeometryIndex 40
   &Solvent [&Type "String"] "WATER"
   &Epsilon [&Type "Double"]       8.0150999999999996e+01
   &Refrac [&Type "Double"]       1.3328000000000000e+00
   &RSolv [&Type "Double"]       1.3000000000000000e+00
   &SurfaceType [&Type "String"] "GAUSSIAN VDW"
   &CPCMDielEnergy [&Type "Double"]      -1.4599478699999999e-01
   &NPoints [&Type "Integer"] 2779
   &SurfaceArea [&Type "Double"]       1.1382742397170000e+03
$End
$SCF_Timings
   &GeometryIndex 40
   &TOTAL [&Type "Double"]       6.0004757000000005e+01
   &PREP [&Type "Double"]       3.1123729999999998e+00
   &FOCK [&Type "Double"]       4.6612828999999984e+01
   &DENS [&Type "Double"]       1.4966660000000047e+00
   &ETOT [&Type "Double"]       8.0227800000000116e-01
   &TRAFO [&Type "Double"]       7.7024799999999871e-01
   &DIIS [&Type "Double"]       2.7041100000000000e+00
   &SOSCF [&Type "Double"]       1.3445720000000030e+00
   &XC [&Type "Double"]       1.0177540000000011e+01
   &FOCKSTART [&Type "Double"]       4.9827499999999691e-01
   &SOLV [&Type "Double"]       6.3813289999999974e+00
   &SOLV_INIT [&Type "Double"]       5.5884800000000001e-01
   &INT_PREP [&Type "Double"]       4.0000000076645392e-06
   &INT_BF [&Type "Double"]       6.8394500000005287e-01
   &INT_DENS [&Type "Double"]       9.3225599999989583e-01
   &INT_DENSIO [&Type "Double"]       7.9320568254000085e+04
   &INT_FUNC [&Type "Double"]       4.6381999999958623e-02
   &INT_POT [&Type "Double"]       7.3876299999999162e-01
   &INT_POTIO [&Type "Double"]       6.4599100000007503e-01
   &INT_SUM [&Type "Double"]       3.2699999998975215e-04
   &SPLITRIJ [&Type "Double"]       3.3912389999999974e+00
   &COSX [&Type "Double"]       2.7884316999999996e+01
$End
$VdW_Correction
   &GeometryIndex 40
   &vdW [&Type "Double"]      -3.6464403393689705e-02
$End
$Single_Point_Data
   &GeometryIndex 40
   &FinalEnergy [&Type "Double"]      -1.4775632539517421e+03  "Final single point energy"
   &Converged [&Type "Boolean"] true
$End
$SCF_Nuc_Gradient
   &GeometryIndex 40
   &NAtoms [&Type "Integer"] 33
   &gradNorm [&Type "Double"]       7.2592869653284283e-04
   &grad [&Type "ArrayOfDoubles", &Dim (99,1)] 
                                                         0

0                                      5.5054865462878520e-05
1                                     -2.7674048085489896e-04
2                                     -1.7485717531351565e-04
3                                      7.7149134264163118e-05
4                                      5.7204970537995311e-05
5                                      1.7255167047966203e-04
6                                      6.0395170450192298e-05
7                                     -1.1345133769410209e-04
8                                     -1.0683226988817880e-04
9                                     -5.7673124952756951e-05
10                                     1.1366356082025635e-04
11                                     2.5351502375353267e-05
12                                     8.8539678364085554e-06
13                                     4.4912473567896411e-06
14                                    -1.7155079678890690e-05
15                                     9.0920704052376055e-05
16                                    -2.5510572623369259e-05
17                                     8.6368809971353305e-05
18                                    -6.0235629364046727e-05
19                                     7.5609833421232120e-05
20                                    -5.0625881280064465e-05
21                                    -1.7717029183521207e-05
22                                    -4.3800459256105754e-05
23                                    -1.0764519223098728e-05
24                                     2.9577370837078389e-05
25                                     1.5316695963958597e-04
26                                     8.9135725849206349e-05
27                                     2.8464222631643390e-05
28                                     4.8316656628115721e-05
29                                    -2.3741722086178326e-04
30                                     1.9358746043539730e-05
31                                    -8.0904082387223098e-05
32                                     6.3955303116262267e-05
33                                    -8.2268799914141577e-05
34                                     4.4452722916648040e-05
35                                    -1.0528640611150767e-04
36                                    -3.9280232740066169e-06
37                                    -5.1643877981900487e-05
38                                     8.9862595830451724e-05
39                                    -2.5735678437978007e-05
40                                    -1.9655142701865082e-05
41                                     1.1436143213766915e-04
42                                     5.3331791417592209e-05
43                                     2.2049563166481268e-05
44                                    -6.3665986431076126e-05
45                                     1.2692281337566301e-04
46                                    -6.1935741456875168e-05
47                                     1.1249786213893882e-04
48                                    -1.9254983863690393e-04
49                                     7.0508145978476536e-06
50                                    -1.4075093091280591e-04
51                                     1.8878184547912113e-05
52                                    -1.3963675209179311e-05
53                                    -6.2813421666048971e-05
54                                     9.4166946711834299e-06
55                                     1.4175631789552917e-05
56                                     4.4212233054804536e-05
57                                     2.8865682687409684e-05
58                                     7.1821725598642831e-05
59                                     8.8266927278241318e-07
60                                    -5.9586754355745873e-05
61                                     2.2277510503054916e-05
62                                     2.1553260744109001e-05
63                                    -7.5441437557534332e-06
64                                    -2.2958342086769399e-06
65                                    -1.7890364817528732e-07
66                                    -5.6244137080065471e-05
67                                    -1.0482470325742760e-05
68                                    -6.7577936794414021e-05
69                                    -6.5029213240506284e-05
70                                    -3.8333587181677345e-06
71                                     4.0469801623844217e-05
72                                     4.3139371109217366e-06
73                                     1.7543969160951976e-05
74                                     4.4651547482759502e-05
75                                     5.4893613875024087e-05
76                                    -1.5236035593453072e-05
77                                     1.4068745737109625e-05
78                                     2.2058545783611659e-05
79                                     6.6497058052550177e-08
80                                     1.1300988787868400e-05
81                                     1.7318841046009434e-05
82                                    -4.8604319867083406e-05
83                                     3.8026240804150672e-05
84                                    -5.4893646365567018e-05
85                                     3.2052242025929514e-05
86                                     4.6918153018451765e-05
87                                     2.5440946073017108e-05
88                                    -1.0244613737795359e-05
89                                    -1.6503845512579707e-05
90                                    -3.5039581323447998e-05
91                                     6.7910142597227665e-05
92                                     2.2163778632346137e-05
93                                    -2.1866521499441379e-05
94                                     3.8382304568902379e-05
95                                     1.7102936505207110e-06
96                                     9.0968356591611071e-06
97                                    -1.1934329535027451e-05
98                                     1.4386962560747303e-05
   &Method [&Type "String"] "SCF"
   &Level [&Type "String"] "Relaxed density"
   &Mult [&Type "Integer"] 1
   &State [&Type "Integer"] 0
   &Irrep [&Type "Integer"] 0
$End
$Geometry
   &GeometryIndex 41
   &NAtoms [&Type "Integer"] 33
   &NCorelessECP [&Type "Integer"] 0
   &NGhostAtoms [&Type "Integer"] 0
   &CartesianCoordinates [&Type "Coordinates", &Dim(33,4), &Units "Bohr"] 
              N     -4.170017376510    0.413341982162   -0.518183913850
              C     -6.711620584743    0.780209800298   -0.953865163483
              N     -8.266423695896   -0.944517841180    0.180737154670
              C     -7.575373637414   -2.971011430767    1.697265318266
              C     -4.890810230205   -3.212270980262    2.033257509883
              C     -3.326149081304   -1.540509396767    0.923580848312
              O     -7.502404601214    2.512958625328   -2.247119780469
              O     -9.198022276449   -4.349434306094    2.594239089962
              C     -2.450435502608    2.243014930906   -1.738841968608
              C     -2.394817508480    4.798037074551   -0.370682255054
              C     -0.099056421796    4.448727896715    1.349938387016
              C      1.659664293191    2.904925986200   -0.314105614333
              O      1.100048367695    6.659105847820    2.160680736764
              O      0.008225563347    1.291429709981   -1.727491589349
              C      3.538147022773    1.364865453201    1.149724668352
              O      5.165584680023    0.098653658546   -0.551332704875
              P      7.238126633779   -1.860885341951    0.584971335686
              O      8.534123243802   -0.699524374898    2.794476790559
              O      5.484335251024   -4.098139080838    1.737121933422
              O      8.670206200523   -2.796605832591   -1.646030957741
              H    -10.137360038689   -0.685572399679   -0.118245895255
              H     -4.161798036855   -4.746872256224    3.162721142114
              H     -1.295480921414   -1.670221432813    1.091482849318
              H     -3.126687505208    2.472338313522   -3.673688442021
              H     -0.688915454753    3.285710845010    2.964108921290
              H      2.656984964947    4.161975307135   -1.623867835123
              H      0.108873540580    7.404149895420    3.491299694653
              H      4.617385413071    2.639875861160    2.371074512245
              H      2.543084342529    0.004626260155    2.353376841999
              H      4.775652655234   -5.130642735152    0.414216547352
              O     -1.898358563897    6.763522746709   -2.082364999265
              H     -4.134745311489    5.132659188059    0.689842677477
              H     -3.390008144748    7.019204141649   -3.093113992712
$End
$SCF_Energy
   &GeometryIndex 41
   &Method [&Type "String"] "SCF"
   &totalEnergy [&Type "ArrayOfDoubles", &Dim (1,1)] "Total energy of each state"
                                                         0

0                                     -1.4775267989148092e+03
   &Mult [&Type "ArrayOfIntegers", &Dim (1,1)] "Multiplicity of each state"
                                                         0

0                                                        1
$End
$DFT_Energy
   &GeometryIndex 41
   &nAlphaEl [&Type "Integer"] 84
   &nBetaEl [&Type "Integer"] 84
   &nTotalEl [&Type "Integer"] 168
   &finalEn [&Type "Double"]      -1.4775267989148092e+03  "No Van der Waals correction"
   &eExchange [&Type "Double"]      -1.2097240313751183e+02
   &eCorr [&Type "Double"]      -5.8395015370738310e+00
   &eXC [&Type "Double"]      -1.2681190467458566e+02
   &eCNL [&Type "Double"]       0.0000000000000000e+00
$End
$Solvation_Details
   &GeometryIndex 41
   &Solvent [&Type "String"] "WATER"
   &Epsilon [&Type "Double"]       8.0150999999999996e+01
   &Refrac [&Type "Double"]       1.3328000000000000e+00
   &RSolv [&Type "Double"]       1.3000000000000000e+00
   &SurfaceType [&Type "String"] "GAUSSIAN VDW"
   &CPCMDielEnergy [&Type "Double"]      -1.4600467600000000e-01
   &NPoints [&Type "Integer"] 2776
   &SurfaceArea [&Type "Double"]       1.1382455464310001e+03
$End
$SCF_Timings
   &GeometryIndex 41
   &TOTAL [&Type "Double"]       6.1188622999999993e+01
   &PREP [&Type "Double"]       3.1206760000000000e+00
   &FOCK [&Type "Double"]       4.9226939000000002e+01
   &DENS [&Type "Double"]       1.2528849999999991e+00
   &ETOT [&Type "Double"]       8.3529700000000062e-01
   &TRAFO [&Type "Double"]       3.1099100000000135e-01
   &DIIS [&Type "Double"]       3.9169299999999829e-01
   &SOSCF [&Type "Double"]       2.5178029999999989e+00
   &XC [&Type "Double"]       1.0012112999999992e+01
   &FOCKSTART [&Type "Double"]       4.9863499999999394e-01
   &SOLV [&Type "Double"]       6.2108129999999928e+00
   &SOLV_INIT [&Type "Double"]       5.7153200000000015e-01
   &INT_PREP [&Type "Double"]       9.9999999747524271e-07
   &INT_BF [&Type "Double"]       6.7852399999999768e-01
   &INT_DENS [&Type "Double"]       9.1132999999997466e-01
   &INT_DENSIO [&Type "Double"]       8.2973576043000081e+04
   &INT_FUNC [&Type "Double"]       4.6346000000070831e-02
   &INT_POT [&Type "Double"]       6.5273900000004836e-01
   &INT_POTIO [&Type "Double"]       6.4407000000002057e-01
   &INT_SUM [&Type "Double"]       4.7900000001099841e-04
   &SPLITRIJ [&Type "Double"]       3.2158530000000165e+00
   &COSX [&Type "Double"]       3.0851602000000010e+01
$End
$VdW_Correction
   &GeometryIndex 41
   &vdW [&Type "Double"]      -3.6469230774120731e-02
$End
$Single_Point_Data
   &GeometryIndex 41
   &FinalEnergy [&Type "Double"]      -1.4775632681455834e+03  "Final single point energy"
   &Converged [&Type "Boolean"] true
$End
$SCF_Nuc_Gradient
   &GeometryIndex 41
   &NAtoms [&Type "Integer"] 33
   &gradNorm [&Type "Double"]       7.0905719344111103e-04
   &grad [&Type "ArrayOfDoubles", &Dim (99,1)] 
                                                         0

0                                     -1.3107707962991034e-04
1                                     -8.4540956100791366e-05
2                                     -1.7032749796505356e-04
3                                      3.7287995980230551e-05
4                                      9.8422756790608127e-05
5                                      5.3103104934286788e-05
6                                      6.2919643434041438e-05
7                                     -1.1245258554845498e-04
8                                     -8.4734440498732751e-05
9                                     -6.9967178856852888e-05
10                                     1.0169440019196544e-04
11                                     3.1404022254362184e-05
12                                     5.0578126584011843e-05
13                                    -3.2589024619156834e-05
14                                    -2.1074831587494173e-06
15                                     1.2194415362952162e-04
16                                    -9.8781028081481031e-05
17                                     1.1266722572264459e-04
18                                    -8.7292308507808916e-06
19                                    -3.3519631019551582e-05
20                                    -3.1810624238527577e-06
21                                    -1.5845808406310489e-06
22                                    -4.0707681472645636e-05
23                                    -6.3193714932598653e-06
24                                     2.9701279176849951e-05
25                                     1.0496947978364093e-04
26                                     7.9698480829940867e-05
27                                     5.9698622335559466e-06
28                                    -5.5401313386253316e-05
29                                    -1.2036633751733275e-04
30                                     6.1725927091084047e-05
31                                    -1.2714879712617463e-05
32                                     1.0262240894234426e-04
33                                    -4.2857465083101384e-05
34                                     4.0073179116113604e-05
35                                    -4.5193146881764847e-05
36                                    -2.8953780997675811e-05
37                                    -6.7051964030852534e-05
38                                     1.1482803468791024e-04
39                                     5.0322237198876829e-05
40                                    -1.2672550353735631e-05
41                                     3.8561746596466723e-05
42                                     3.0206333316957980e-05
43                                     2.9853459790596114e-05
44                                    -8.0199106546941743e-05
45                                     1.3444270793168834e-04
46                                    -1.2947001321209401e-04
47                                     1.4364341047293591e-04
48                                    -2.8276662395310657e-04
49                                    -1.7900616399456055e-05
50                                    -2.0439263668650860e-04
51                                     6.9355695058390186e-05
52                                     1.8818085815076187e-05
53                                     4.7628142607097882e-05
54                                     7.1186936166525288e-05
55                                     9.2942961093658968e-05
56                                    -4.1920327376115344e-05
57                                     1.7600574257786771e-05
58                                     4.6259300942758688e-05
59                                     9.2317314031288241e-06
60                                    -4.1488829414953283e-05
61                                     3.1692802982531264e-05
62                                     3.5545373190561555e-05
63                                    -2.2047484645348902e-05
64                                    -1.1275331256060332e-05
65                                    -4.2156253420448425e-06
66                                    -9.2526412708012488e-05
67                                     1.8745738619015909e-06
68                                    -6.0721974141721895e-05
69                                    -4.1091832835609874e-05
70                                    -1.4208737893026355e-05
71                                    -3.2493233158955307e-05
72                                     2.0887154136172404e-06
73                                     4.5020841886299389e-05
74                                     5.6694874661275356e-05
75                                     4.3507942822964559e-05
76                                    -2.1654253081908098e-06
77                                     2.2256430934507762e-05
78                                     3.2180221218771837e-05
79                                    -2.4682468301986862e-07
80                                    -4.9233182935185969e-08
81                                     1.5972849535360111e-05
82                                    -2.2531139566973611e-05
83                                     1.0582275505145093e-05
84                                    -5.1991303773876060e-05
85                                    -9.0574599111217238e-06
86                                     1.0090978526547747e-06
87                                    -1.3668351186700860e-06
88                                    -3.0748938037064187e-05
89                                     4.1046771819073264e-06
90                                    -5.1658194575739824e-05
91                                     1.1634910786735352e-04
92                                    -4.7957676182287465e-05
93                                     2.1768094323852046e-05
94                                     8.9474030011209424e-05
95                                     1.4932750390151213e-05
96                                     9.3474789639793148e-06
97                                    -2.9408849911613825e-05
98                                     2.5665362997209838e-05
   &Method [&Type "String"] "SCF"
   &Level [&Type "String"] "Relaxed density"
   &Mult [&Type "Integer"] 1
   &State [&Type "Integer"] 0
   &Irrep [&Type "Integer"] 0
$End
$Geometry
   &GeometryIndex 42
   &NAtoms [&Type "Integer"] 33
   &NCorelessECP [&Type "Integer"] 0
   &NGhostAtoms [&Type "Integer"] 0
   &CartesianCoordinates [&Type "Coordinates", &Dim(33,4), &Units "Bohr"] 
              N     -4.167578031943    0.413317717713   -0.516679025976
              C     -6.708996314065    0.776347890301   -0.955620084568
              N     -8.262746754344   -0.949086166428    0.179387805298
              C     -7.570626803337   -2.974412054239    1.697141457959
              C     -4.886171901041   -3.211794605897    2.036418581334
              C     -3.322839941170   -1.538212002161    0.927704728364
              O     -7.500290356163    2.507188663317   -2.250920217114
              O     -9.192502921977   -4.354461466842    2.592921746839
              C     -2.448818890720    2.243020304000   -1.738038791679
              C     -2.394837568967    4.797752706353   -0.369324142458
              C     -0.097182915570    4.451517240308    1.349186536891
              C      1.661570522716    2.907880659333   -0.315036685908
              O      1.100834224976    6.663695964903    2.156689437519
              O      0.010599788622    1.293265389582   -1.727947305744
              C      3.541117949835    1.369342011287    1.149015757280
              O      5.169331128608    0.102607044097   -0.551071407052
              P      7.231694940768   -1.866599593195    0.588010252471
              O      8.522564332481   -0.716123039766    2.806235988262
              O      5.465679868238   -4.101186046961    1.726440860320
              O      8.669585744624   -2.800694354902   -1.639984566671
              H    -10.133601927277   -0.692847644378   -0.121861392393
              H     -4.156228231843   -4.744664828559    3.167606659129
              H     -1.292186404412   -1.664539803406    1.098785821364
              H     -3.125484433489    2.472262330609   -3.672745228020
              H     -0.684621862321    3.289374662625    2.964858744787
              H      2.657435075168    4.165415384877   -1.625397045725
              H      0.109733242257    7.409512729982    3.486953911069
              H      4.619568506939    2.645877821109    2.369440978227
              H      2.547331078677    0.008914255007    2.353297308738
              H      4.751772701529   -5.122806452079    0.397894598320
              O     -1.902185644226    6.763871471413   -2.081472491953
              H     -4.134298401449    5.129937110075    0.692802348174
              H     -3.395662522276    7.019452817231   -3.089513289882
$End
$SCF_Energy
   &GeometryIndex 42
   &Method [&Type "String"] "SCF"
   &totalEnergy [&Type "ArrayOfDoubles", &Dim (1,1)] "Total energy of each state"
                                                         0

0                                     -1.4775267919556020e+03
   &Mult [&Type "ArrayOfIntegers", &Dim (1,1)] "Multiplicity of each state"
                                                         0

0                                                        1
$End
$DFT_Energy
   &GeometryIndex 42
   &nAlphaEl [&Type "Integer"] 84
   &nBetaEl [&Type "Integer"] 84
   &nTotalEl [&Type "Integer"] 168
   &finalEn [&Type "Double"]      -1.4775267919556020e+03  "No Van der Waals correction"
   &eExchange [&Type "Double"]      -1.2097242402627408e+02
   &eCorr [&Type "Double"]      -5.8395023742921923e+00
   &eXC [&Type "Double"]      -1.2681192640056628e+02
   &eCNL [&Type "Double"]       0.0000000000000000e+00
$End
$Solvation_Details
   &GeometryIndex 42
   &Solvent [&Type "String"] "WATER"
   &Epsilon [&Type "Double"]       8.0150999999999996e+01
   &Refrac [&Type "Double"]       1.3328000000000000e+00
   &RSolv [&Type "Double"]       1.3000000000000000e+00
   &SurfaceType [&Type "String"] "GAUSSIAN VDW"
   &CPCMDielEnergy [&Type "Double"]      -1.4599158100000001e-01
   &NPoints [&Type "Integer"] 2774
   &SurfaceArea [&Type "Double"]       1.1381628937900000e+03
$End
$SCF_Timings
   &GeometryIndex 42
   &TOTAL [&Type "Double"]       5.6538282000000002e+01
   &PREP [&Type "Double"]       3.1799059999999999e+00
   &FOCK [&Type "Double"]       4.5577489999999997e+01
   &DENS [&Type "Double"]       1.1001099999999937e+00
   &ETOT [&Type "Double"]       6.9537899999999908e-01
   &TRAFO [&Type "Double"]       3.0943500000000057e-01
   &DIIS [&Type "Double"]       4.1172899999999935e-01
   &SOSCF [&Type "Double"]       2.1742740000000040e+00
   &XC [&Type "Double"]       8.9284940000000059e+00
   &FOCKSTART [&Type "Double"]       4.4590099999999966e-01
   &SOLV [&Type "Double"]       5.5467230000000036e+00
   &SOLV_INIT [&Type "Double"]       5.5998600000000009e-01
   &INT_PREP [&Type "Double"]       1.9999999967268423e-06
   &INT_BF [&Type "Double"]       5.8284199999984132e-01
   &INT_DENS [&Type "Double"]       8.0076900000008067e-01
   &INT_DENSIO [&Type "Double"]       7.1795975062000114e+04
   &INT_FUNC [&Type "Double"]       4.0605000000118352e-02
   &INT_POT [&Type "Double"]       6.1765400000011006e-01
   &INT_POTIO [&Type "Double"]       5.8727200000002178e-01
   &INT_SUM [&Type "Double"]       3.1699999999190709e-04
   &SPLITRIJ [&Type "Double"]       2.8573020000000020e+00
   &COSX [&Type "Double"]       2.9581835999999996e+01
$End
$VdW_Correction
   &GeometryIndex 42
   &vdW [&Type "Double"]      -3.6474880941749097e-02
$End
$Single_Point_Data
   &GeometryIndex 42
   &FinalEnergy [&Type "Double"]      -1.4775632668365438e+03  "Final single point energy"
   &Converged [&Type "Boolean"] true
$End
$SCF_Nuc_Gradient
   &GeometryIndex 42
   &NAtoms [&Type "Integer"] 33
   &gradNorm [&Type "Double"]       6.5071374657065960e-04
   &grad [&Type "ArrayOfDoubles", &Dim (99,1)] 
                                                         0

0                                     -2.4235108648740570e-04
1                                      8.7882438067171523e-05
2                                     -1.4900067540615227e-04
3                                      2.7850169962648691e-05
4                                      8.7064741977442681e-05
5                                     -4.2884653419411167e-05
6                                      3.2384752730866293e-05
7                                     -8.1453417086288407e-05
8                                     -4.6110128375557110e-05
9                                     -4.8372061541534757e-05
10                                     5.6985229491466450e-05
11                                     2.3762394120682278e-05
12                                     6.8833897986552301e-05
13                                    -4.7321466292032943e-05
14                                     6.5909470746108498e-06
15                                     5.1168550301502265e-05
16                                    -9.2940297926472027e-05
17                                     1.2173867968511869e-04
18                                     6.5560238502203653e-05
19                                    -7.7081085843603645e-05
20                                     5.7983571900964740e-05
21                                     7.5723074672727128e-06
22                                    -2.1534011597834049e-05
23                                    -6.8355448966456520e-06
24                                     2.7269871661577389e-05
25                                     1.3500846644000312e-05
26                                     4.4357567201965757e-05
27                                    -5.0616643079407601e-06
28                                    -1.0623962097028739e-04
29                                     1.9825389287540308e-05
30                                     5.9584967392564022e-05
31                                     2.3362664804475492e-05
32                                     8.2972350820962319e-05
33                                    -3.8267716536013281e-07
34                                     4.9096354223313515e-05
35                                     1.9795548628078673e-05
36                                    -2.1462256654762905e-05
37                                    -5.1262309697602414e-05
38                                     8.5369266816739237e-05
39                                     8.2286040317873041e-05
40                                     1.8195978455521817e-05
41                                    -6.4475455707054810e-05
42                                     1.8611437311582483e-05
43                                     3.6589380046858152e-05
44                                    -4.9090945628113092e-05
45                                     5.2897139663367045e-05
46                                    -1.5217807784480395e-04
47                                     1.0386367430033155e-04
48                                    -2.2091148155443984e-04
49                                     2.2953290481570799e-06
50                                    -1.4428324571589285e-04
51                                     7.4633832552653800e-05
52                                     2.1562072700195339e-05
53                                     1.1246665417919464e-04
54                                     9.6793300229143866e-05
55                                     1.1204506501656094e-04
56                                    -1.1021173153039350e-04
57                                     1.0377542442338225e-05
58                                     7.1811980372483004e-06
59                                    -1.5837723393877709e-05
60                                    -2.7797326596868343e-07
61                                     3.0542457389141888e-05
62                                     3.6550341432614028e-05
63                                    -2.2984556039434954e-05
64                                    -1.4592565106223303e-05
65                                    -1.3817512638780702e-05
66                                    -8.7375113853519463e-05
67                                     1.1109231774237828e-05
68                                    -3.7243245591344166e-05
69                                    -9.2293091003091258e-06
70                                    -6.4183103589773266e-06
71                                    -5.7945745395228073e-05
72                                    -6.7340774343342067e-06
73                                     3.9386590503623625e-05
74                                     4.1625556312827180e-05
75                                     1.0332177769702423e-05
76                                     9.9319245762575928e-06
77                                     2.7038310065761458e-05
78                                     2.3147484822769598e-05
79                                    -4.0599814210898189e-06
80                                    -9.2478784246527749e-08
81                                     8.3669408777770369e-06
82                                    -8.4395521881897636e-06
83                                    -5.3341452165477982e-06
84                                    -3.7157102238312715e-06
85                                    -3.5362046710606552e-05
86                                    -3.8578432255813048e-05
87                                    -3.0500578953377219e-05
88                                    -3.8445862436892804e-05
89                                     2.4627016951363375e-05
90                                    -4.7037306597679628e-05
91                                     7.5919000105900670e-05
92                                    -8.0394113144830625e-05
93                                     1.4731585310075626e-05
94                                     6.8169003331237552e-05
95                                     2.7134767304688701e-05
96                                     1.3993532162874348e-05
97                                    -1.3490877071282227e-05
98                                     2.6433743644310514e-05
   &Method [&Type "String"] "SCF"
   &Level [&Type "String"] "Relaxed density"
   &Mult [&Type "Integer"] 1
   &State [&Type "Integer"] 0
   &Irrep [&Type "Integer"] 0
$End
$Geometry
   &GeometryIndex 43
   &NAtoms [&Type "Integer"] 33
   &NCorelessECP [&Type "Integer"] 0
   &NGhostAtoms [&Type "Integer"] 0
   &CartesianCoordinates [&Type "Coordinates", &Dim(33,4), &Units "Bohr"] 
              N     -4.163136504213    0.413566986082   -0.514489294860
              C     -6.705169053956    0.774120618421   -0.951959822228
              N     -8.256490258813   -0.953853318407    0.182423679779
              C     -7.561243474840   -2.980979247393    1.696447939196
              C     -4.876420101443   -3.215521506166    2.034350583321
              C     -3.315552483238   -1.538742543390    0.926974789037
              O     -7.498758366387    2.505075335762   -2.245738241368
              O     -9.181163191866   -4.364458659305    2.590432707558
              C     -2.447318047290    2.244715829925   -1.737596538244
              C     -2.394979753314    4.799703107383   -0.369431637578
              C     -0.095338365412    4.456815492615    1.346730062426
              C      1.663532085119    2.913035675913   -0.317307467652
              O      1.101582286732    6.670931683658    2.150842448571
              O      0.013024805405    1.297685016486   -1.729963556014
              C      3.542697886555    1.375626957021    1.148450261427
              O      5.171041635498    0.105941790832   -0.549466579456
              P      7.220159288260   -1.875174266168    0.594063371772
              O      8.507431711144   -0.735050426031    2.819618508868
              O      5.438679471128   -4.103590652190    1.720778557618
              O      8.662414165268   -2.811904219008   -1.630024784157
              H    -10.127689351202   -0.700183339603   -0.118718593890
              H     -4.144057446530   -4.749057606022    3.163068021779
              H     -1.284619347975   -1.663102430641    1.097189201740
              H     -3.125929591843    2.473243017505   -3.671655947479
              H     -0.680148249558    3.295582021640    2.963999737077
              H      2.658867455797    4.170502791184   -1.628111938013
              H      0.110939241016    7.417134563583    3.481269571956
              H      4.621071251000    2.653565389162    2.367466263902
              H      2.548308821153    0.016978855122    2.354131081837
              H      4.721747339034   -5.116363424525    0.387081150041
              O     -1.906156745444    6.765959139820   -2.082369294929
              H     -4.133833111035    5.129643710847    0.694363665131
              H     -3.401536719903    7.021279771202   -3.087666059966
$End
$SCF_Energy
   &GeometryIndex 43
   &Method [&Type "String"] "SCF"
   &totalEnergy [&Type "ArrayOfDoubles", &Dim (1,1)] "Total energy of each state"
                                                         0

0                                     -1.4775267869861698e+03
   &Mult [&Type "ArrayOfIntegers", &Dim (1,1)] "Multiplicity of each state"
                                                         0

0                                                        1
$End
$DFT_Energy
   &GeometryIndex 43
   &nAlphaEl [&Type "Integer"] 84
   &nBetaEl [&Type "Integer"] 84
   &nTotalEl [&Type "Integer"] 168
   &finalEn [&Type "Double"]      -1.4775267869861698e+03  "No Van der Waals correction"
   &eExchange [&Type "Double"]      -1.2097245263139587e+02
   &eCorr [&Type "Double"]      -5.8395131962379594e+00
   &eXC [&Type "Double"]      -1.2681196582763383e+02
   &eCNL [&Type "Double"]       0.0000000000000000e+00
$End
$Solvation_Details
   &GeometryIndex 43
   &Solvent [&Type "String"] "WATER"
   &Epsilon [&Type "Double"]       8.0150999999999996e+01
   &Refrac [&Type "Double"]       1.3328000000000000e+00
   &RSolv [&Type "Double"]       1.3000000000000000e+00
   &SurfaceType [&Type "String"] "GAUSSIAN VDW"
   &CPCMDielEnergy [&Type "Double"]      -1.4594131099999999e-01
   &NPoints [&Type "Integer"] 2776
   &SurfaceArea [&Type "Double"]       1.1381520086529999e+03
$End
$SCF_Timings
   &GeometryIndex 43
   &TOTAL [&Type "Double"]       5.9739756000000000e+01
   &PREP [&Type "Double"]       2.6124190000000000e+00
   &FOCK [&Type "Double"]       4.7917121000000002e+01
   &DENS [&Type "Double"]       1.2645420000000058e+00
   &ETOT [&Type "Double"]       8.7861500000001058e-01
   &POP [&Type "Double"]       9.9999999747524271e-07
   &TRAFO [&Type "Double"]       3.0858500000000078e-01
   &DIIS [&Type "Double"]       4.0480799999999917e-01
   &SOSCF [&Type "Double"]       2.4784609999999994e+00
   &XC [&Type "Double"]       9.9630910000000021e+00
   &FOCKSTART [&Type "Double"]       4.8509899999999995e-01
   &SOLV [&Type "Double"]       6.2764900000000114e+00
   &SOLV_INIT [&Type "Double"]       4.7076099999999999e-01
   &INT_PREP [&Type "Double"]       4.0000000023354687e-06
   &INT_BF [&Type "Double"]       7.0374400000019754e-01
   &INT_DENS [&Type "Double"]       9.6023499999989603e-01
   &INT_DENSIO [&Type "Double"]       8.3315146498000104e+04
   &INT_FUNC [&Type "Double"]       4.6800000000123632e-02
   &INT_POT [&Type "Double"]       6.9405699999989778e-01
   &INT_POTIO [&Type "Double"]       6.0484400000001060e-01
   &INT_SUM [&Type "Double"]       7.0900000001117292e-04
   &SPLITRIJ [&Type "Double"]       3.1802950000000112e+00
   &COSX [&Type "Double"]       2.9492093999999994e+01
$End
$VdW_Correction
   &GeometryIndex 43
   &vdW [&Type "Double"]      -3.6484140849284273e-02
$End
$Single_Point_Data
   &GeometryIndex 43
   &FinalEnergy [&Type "Double"]      -1.4775632711270191e+03  "Final single point energy"
   &Converged [&Type "Boolean"] true
$End
$SCF_Nuc_Gradient
   &GeometryIndex 43
   &NAtoms [&Type "Integer"] 33
   &gradNorm [&Type "Double"]       5.2169539869455065e-04
   &grad [&Type "ArrayOfDoubles", &Dim (99,1)] 
                                                         0

0                                     -2.0675799134441103e-04
1                                      1.0595849848036768e-04
2                                     -1.0851105738858628e-04
3                                      2.8004809976936364e-05
4                                      8.3476605225866736e-05
5                                     -3.3490852224825994e-05
6                                      1.6850737652298079e-05
7                                     -5.9361262904566989e-05
8                                     -2.3813530214676608e-05
9                                     -2.8112787789110263e-05
10                                     2.6108948796446413e-05
11                                     2.7093151115957034e-05
12                                     6.2419285705650381e-05
13                                    -4.0870853368752053e-05
14                                     3.1207962784913969e-06
15                                    -3.1158557402315916e-06
16                                    -6.8799167066442091e-05
17                                     9.4349475946133498e-05
18                                     8.0918657923493653e-05
19                                    -6.6086984339485942e-05
20                                     4.4681049852941356e-05
21                                     9.4472687590285340e-06
22                                    -7.4587570921282834e-06
23                                    -1.9128968845211926e-05
24                                     1.3925411030948060e-05
25                                    -2.4894593807138961e-05
26                                     5.0243310912499793e-05
27                                    -1.2883126690869030e-05
28                                    -8.8081690420481744e-05
29                                     4.7195341157502989e-05
30                                     2.8416858402336524e-05
31                                     1.9468640726925750e-05
32                                     4.2221160634370986e-05
33                                     3.2729098632915750e-05
34                                     3.0363531990044404e-05
35                                     3.9755510682669331e-05
36                                    -3.8484939326583861e-06
37                                    -2.4595699246189411e-05
38                                     5.5882059753939255e-05
39                                     6.1574875759618677e-05
40                                     3.9984574041063709e-05
41                                    -1.0395633582687983e-04
42                                     1.4169708497207374e-05
43                                     4.0158669094865346e-05
44                                     1.8218550458853948e-06
45                                    -1.6653939838158488e-05
46                                    -1.2316965871729009e-04
47                                     4.3406345551528090e-05
48                                    -1.2154864199134753e-04
49                                     1.0405511375182223e-05
50                                    -6.0019578476160930e-05
51                                     5.7779478350937545e-05
52                                     1.8520552068150020e-05
53                                     1.1405529046219568e-04
54                                     8.0290159158110375e-05
55                                     8.7804382747638706e-05
56                                    -1.3726305162426852e-04
57                                     6.9299187306309069e-06
58                                    -1.7539132897548417e-05
59                                    -3.6178843000662689e-05
60                                     1.0092194377991172e-05
61                                     2.0490226706823143e-05
62                                     2.5756356030716954e-05
63                                    -1.9710920236230729e-05
64                                    -1.6689025348377547e-05
65                                    -1.7941481509385136e-05
66                                    -6.0083574506418730e-05
67                                     7.8886371076456146e-06
68                                    -1.8853433289480369e-05
69                                     4.3305864488003975e-06
70                                     6.3189208244619581e-06
71                                    -4.2596656608144778e-05
72                                    -9.1543374912858274e-06
73                                     2.2511788835506778e-05
74                                     2.1089984070388668e-05
75                                    -1.5667786160446500e-05
76                                     2.5856138017076261e-05
77                                     2.2850849875308163e-05
78                                     1.1454736696032803e-05
79                                    -6.5880265543763450e-06
80                                     5.2109325944286425e-06
81                                     1.6819541562649708e-06
82                                     1.2957064709742845e-06
83                                    -1.5184600063071995e-05
84                                     1.0721292716607444e-05
85                                    -4.5292233192576481e-05
86                                    -5.6713913762172668e-05
87                                    -3.8510221925576564e-05
88                                    -3.6916255510959027e-05
89                                     3.4279701413348655e-05
90                                    -1.6688208539009161e-05
91                                     4.3655275958910211e-05
92                                    -5.7261206323208104e-05
93                                     1.1896472905705097e-05
94                                     3.9757588708343432e-05
95                                     3.1557498163503100e-05
96                                     9.1023183917381608e-06
97                                    -3.6808305933381592e-06
98                                     2.6342849450257448e-05
   &Method [&Type "String"] "SCF"
   &Level [&Type "String"] "Relaxed density"
   &Mult [&Type "Integer"] 1
   &State [&Type "Integer"] 0
   &Irrep [&Type "Integer"] 0
$End
$Geometry
   &GeometryIndex 44
   &NAtoms [&Type "Integer"] 33
   &NCorelessECP [&Type "Integer"] 0
   &NGhostAtoms [&Type "Integer"] 0
   &CartesianCoordinates [&Type "Coordinates", &Dim(33,4), &Units "Bohr"] 
              N     -4.158684781076    0.413680873659   -0.512523591400
              C     -6.701652343687    0.772620257544   -0.946925744687
              N     -8.250322936455   -0.958401657820    0.186234414852
              C     -7.551481830216   -2.988474541779    1.694717948053
              C     -4.866175090370   -3.220699504386    2.029923540874
              C     -3.307847239428   -1.540486710608    0.924099899216
              O     -7.498150785308    2.505094005172   -2.237050436771
              O     -9.169195829358   -4.375752376546    2.586827592293
              C     -2.445866251616    2.246515642226   -1.736979454354
              C     -2.395066314342    4.801962831951   -0.369487392158
              C     -0.093111155168    4.462594967343    1.343986269581
              C      1.665506921416    2.918003981388   -0.319646823521
              O      1.103131108482    6.678686395695    2.143911121426
              O      0.015069231280    1.301452328328   -1.730833782201
              C      3.544472647319    1.382386431807    1.148310760888
              O      5.172617251724    0.109135074648   -0.547312522838
              P      7.208053895240   -1.884223315279    0.600673630316
              O      8.493341923876   -0.753440171511    2.831912439624
              O      5.410907362601   -4.105083774809    1.717967648187
              O      8.653144194536   -2.825397281571   -1.619670791293
              H    -10.121992271441   -0.706901227652   -0.113861515410
              H     -4.131064297114   -4.755588814646    3.155009398787
              H     -1.276541030581   -1.663487253822    1.092303688781
              H     -3.126126376410    2.474364031327   -3.670462224236
              H     -0.675011085553    3.302632396823    2.963251819107
              H      2.660308628954    4.174536038531   -1.631735820111
              H      0.112235732052    7.426899428431    3.473070992369
              H      4.623091181606    2.662159741955    2.365194449936
              H      2.549437679924    0.026428390205    2.356444949147
              H      4.691347577470   -5.109947881458    0.379665095087
              O     -1.910644284626    6.768429813744   -2.083154820467
              H     -4.133309483303    5.129241977508    0.696049936257
              H     -3.408464671581    7.024186018910   -3.084728828132
$End
$SCF_Energy
   &GeometryIndex 44
   &Method [&Type "String"] "SCF"
   &totalEnergy [&Type "ArrayOfDoubles", &Dim (1,1)] "Total energy of each state"
                                                         0

0                                     -1.4775267794720010e+03
   &Mult [&Type "ArrayOfIntegers", &Dim (1,1)] "Multiplicity of each state"
                                                         0

0                                                        1
$End
$DFT_Energy
   &GeometryIndex 44
   &nAlphaEl [&Type "Integer"] 84
   &nBetaEl [&Type "Integer"] 84
   &nTotalEl [&Type "Integer"] 168
   &finalEn [&Type "Double"]      -1.4775267794720010e+03  "No Van der Waals correction"
   &eExchange [&Type "Double"]      -1.2097245800095834e+02
   &eCorr [&Type "Double"]      -5.8395231243037671e+00
   &eXC [&Type "Double"]      -1.2681198112526211e+02
   &eCNL [&Type "Double"]       0.0000000000000000e+00
$End
$Solvation_Details
   &GeometryIndex 44
   &Solvent [&Type "String"] "WATER"
   &Epsilon [&Type "Double"]       8.0150999999999996e+01
   &Refrac [&Type "Double"]       1.3328000000000000e+00
   &RSolv [&Type "Double"]       1.3000000000000000e+00
   &SurfaceType [&Type "String"] "GAUSSIAN VDW"
   &CPCMDielEnergy [&Type "Double"]      -1.4587938800000000e-01
   &NPoints [&Type "Integer"] 2776
   &SurfaceArea [&Type "Double"]       1.1382320317310000e+03
$End
$SCF_Timings
   &GeometryIndex 44
   &TOTAL [&Type "Double"]       6.2421205000000008e+01
   &PREP [&Type "Double"]       3.2037420000000001e+00
   &FOCK [&Type "Double"]       5.1318814000000003e+01
   &DENS [&Type "Double"]       1.2061190000000011e+00
   &ETOT [&Type "Double"]       7.6229500000000172e-01
   &TRAFO [&Type "Double"]       2.9941300000000126e-01
   &DIIS [&Type "Double"]       4.0672999999999959e-01
   &SOSCF [&Type "Double"]       2.2800220000000042e+00
   &XC [&Type "Double"]       9.4081110000000017e+00
   &FOCKSTART [&Type "Double"]       4.9273800000000056e-01
   &SOLV [&Type "Double"]       6.2646569999999944e+00
   &SOLV_INIT [&Type "Double"]       5.4414199999999990e-01
   &INT_BF [&Type "Double"]       7.1103799999985995e-01
   &INT_DENS [&Type "Double"]       9.7857699999982728e-01
   &INT_DENSIO [&Type "Double"]       8.3964098492000136e+04
   &INT_FUNC [&Type "Double"]       4.8673999999923723e-02
   &INT_POT [&Type "Double"]       7.0270099999994073e-01
   &INT_POTIO [&Type "Double"]       4.9147700000009920e-01
   &INT_SUM [&Type "Double"]       7.4699999999872091e-04
   &SPLITRIJ [&Type "Double"]       3.1692089999999937e+00
   &COSX [&Type "Double"]       3.3401813000000004e+01
$End
$VdW_Correction
   &GeometryIndex 44
   &vdW [&Type "Double"]      -3.6492975954217556e-02
$End
$Single_Point_Data
   &GeometryIndex 44
   &FinalEnergy [&Type "Double"]      -1.4775632724479551e+03  "Final single point energy"
   &Converged [&Type "Boolean"] true
$End
$SCF_Nuc_Gradient
   &GeometryIndex 44
   &NAtoms [&Type "Integer"] 33
   &gradNorm [&Type "Double"]       2.8644230070781632e-04
   &grad [&Type "ArrayOfDoubles", &Dim (99,1)] 
                                                         0

0                                     -7.0813655436298444e-05
1                                      5.5210867199357715e-05
2                                     -3.5091495665204282e-05
3                                      2.3462559756439063e-05
4                                      1.8748293000162318e-05
5                                     -2.6407774201546960e-05
6                                     -4.3220293840803099e-06
7                                     -1.0678647252437284e-05
8                                      1.4251828712254333e-06
9                                     -8.5342026670410099e-06
10                                     5.1050247779183097e-07
11                                    -2.6132979587044591e-06
12                                     4.3290884317544702e-05
13                                    -2.0028548588880708e-05
14                                     1.0056772666589822e-06
15                                    -3.5092840121724814e-05
16                                    -1.9754969013064858e-06
17                                     2.3126082446447569e-05
18                                     2.9243786468496967e-05
19                                    -6.5382191075070783e-06
20                                     2.2932264795574332e-05
21                                     5.5359337761981358e-06
22                                     2.2451369762740763e-06
23                                    -1.9475795704597005e-05
24                                    -3.7906533610192748e-06
25                                    -4.1959774030386887e-05
26                                     2.9915655476835909e-05
27                                    -1.4446712631162058e-05
28                                    -2.2378586830353498e-05
29                                     5.5799705905520993e-05
30                                     3.0594567797041208e-07
31                                     1.0162291912705896e-05
32                                     2.8078264119516362e-06
33                                     5.8735436779274206e-05
34                                    -1.0055240726552052e-05
35                                     3.5041675703646524e-05
36                                     1.5394225469981710e-05
37                                    -6.9087912652591749e-06
38                                     2.3664871393866036e-05
39                                     2.4149785935600348e-06
40                                     4.4843527169117039e-05
41                                    -7.6766582904247714e-05
42                                     6.5335085834289787e-06
43                                     3.8707735393204483e-05
44                                     5.3978406682956073e-05
45                                    -5.6136891500822009e-05
46                                    -4.4195174706517400e-05
47                                    -3.5917534946843301e-05
48                                    -4.0133290223259626e-06
49                                    -9.9162899847257983e-06
50                                     3.9242322740713198e-05
51                                     1.9701989305254911e-05
52                                     2.1724456813722284e-06
53                                     4.6416699058621683e-05
54                                     4.4774544866543596e-05
55                                     4.3592156794997544e-05
56                                    -1.1827640468143550e-04
57                                     5.6985920958551998e-06
58                                    -1.8828183228445467e-05
59                                    -3.2800853063748937e-05
60                                     6.2196246283912357e-06
61                                     5.2316558155151931e-06
62                                     1.1391459474690222e-05
63                                    -1.0083886337561920e-05
64                                    -1.0149807544996301e-05
65                                    -1.8323517941719577e-05
66                                    -1.1921176927603803e-05
67                                    -6.8062824225260010e-07
68                                    -6.1560454355331977e-06
69                                     4.3040539992541562e-06
70                                     1.2100856081761831e-05
71                                    -2.8415547408270952e-06
72                                    -8.7972398674988737e-06
73                                    -5.1629480162233463e-06
74                                     8.1748991840664318e-06
75                                    -3.2299006180631538e-05
76                                     2.4630622682755875e-05
77                                     1.0981837715318238e-05
78                                    -4.5192221257344339e-07
79                                    -4.1731576854085425e-06
80                                     1.0215423004534364e-05
81                                    -5.3283580431142275e-07
82                                     1.6324021564187219e-06
83                                    -1.4509504575247530e-05
84                                     1.1116569502077014e-05
85                                    -3.6441554981444697e-05
86                                    -4.1499498677382825e-05
87                                    -3.4298368286945756e-05
88                                    -2.7206562376451881e-05
89                                     2.3797940819080603e-05
90                                     1.2516284728531903e-05
91                                     5.8251029002845856e-06
92                                    -1.3003905312570987e-05
93                                     3.9620340322184635e-06
94                                    -1.1132931635379479e-07
95                                     1.9754423965964618e-05
96                                     2.3237265691156408e-06
97                                     1.1775362549775359e-05
98                                     2.4011416205194832e-05
   &Method [&Type "String"] "SCF"
   &Level [&Type "String"] "Relaxed density"
   &Mult [&Type "Integer"] 1
   &State [&Type "Integer"] 0
   &Irrep [&Type "Integer"] 0
$End
$Geometry
   &GeometryIndex 45
   &NAtoms [&Type "Integer"] 33
   &NCorelessECP [&Type "Integer"] 0
   &NGhostAtoms [&Type "Integer"] 0
   &CartesianCoordinates [&Type "Coordinates", &Dim(33,4), &Units "Bohr"] 
              N     -4.158107246963    0.413724746083   -0.511591949728
              C     -6.701290698289    0.773050170952   -0.945050807407
              N     -8.249769571108   -0.958613974909    0.187285999731
              C     -7.550576890043   -2.989837070933    1.694052215571
              C     -4.865215132817   -3.222215137527    2.028513058181
              C     -3.306943693218   -1.541504876784    0.923283748663
              O     -7.498110450277    2.506281384471   -2.234034241334
              O     -9.168084229799   -4.377869365585    2.585394955019
              C     -2.445747089372    2.246688515280   -1.736509345201
              C     -2.395043812795    4.802548413744   -0.369781398046
              C     -0.092748274023    4.463963466722    1.343311620656
              C      1.665684981301    2.918702581113   -0.319885207867
              O      1.103349997458    6.680523602264    2.142165806411
              O      0.015136681013    1.301591866479   -1.730128132535
              C      3.544513497640    1.383570508801    1.148731703813
              O      5.172713392081    0.109941733834   -0.546538054589
              P      7.206403581984   -1.885189586025    0.601573676118
              O      8.492128822093   -0.755375116618    2.832952040824
              O      5.407382050972   -4.104995527914    1.718293567168
              O      8.651137913459   -2.827201491430   -1.618625005721
              H    -10.121468290719   -0.707295077079   -0.112863765627
              H     -4.129801542564   -4.757813411633    3.152448887194
              H     -1.275579443224   -1.664940540206    1.090890694023
              H     -3.126214946041    2.474040554200   -3.669974368560
              H     -0.674129024149    3.304459453182    2.963074592777
              H      2.660698042679    4.174411296460   -1.632621347272
              H      0.113569151397    7.428087581533    3.472522863000
              H      4.623121770665    2.663621394585    2.365352035841
              H      2.549221774106    0.028263313006    2.357423445982
              H      4.689032509535   -5.109601995111    0.379120606816
              O     -1.911153257334    6.768694002747   -2.083849710967
              H     -4.133195167242    5.129728835128    0.695919648744
              H     -3.408958127558    7.023685866484   -3.085675984474
$End
$SCF_Mulliken_Population_Analysis
   &GeometryIndex 45
   &NAtoms [&Type "Integer"] 33
   &ATNO [&Type "ArrayOfIntegers", &Dim (33,1)] 
                                                         0

0                                                        7
1                                                        6
2                                                        7
3                                                        6
4                                                        6
5                                                        6
6                                                        8
7                                                        8
8                                                        6
9                                                        6
10                                                       6
11                                                       6
12                                                       8
13                                                       8
14                                                       6
15                                                       8
16                                                      15
17                                                       8
18                                                       8
19                                                       8
20                                                       1
21                                                       1
22                                                       1
23                                                       1
24                                                       1
25                                                       1
26                                                       1
27                                                       1
28                                                       1
29                                                       1
30                                                       8
31                                                       1
32                                                       1
   &AtomicCharges [&Type "ArrayOfDoubles", &Dim (33,1)] 
                                                         0

0                                      3.9803768431828424e-02
1                                      2.9468515442785659e-01
2                                     -1.9550225692867240e-01
3                                      2.6531707577418562e-01
4                                     -2.7207962799570762e-01
5                                     -5.9726788656695895e-02
6                                     -4.3790197740886327e-01
7                                     -4.4587170332284742e-01
8                                      6.0811379891079653e-02
9                                      7.9183970035332507e-03
10                                     9.5687097028127610e-02
11                                     9.1630191584495257e-02
12                                    -4.8940186758389537e-01
13                                    -3.1803210937599502e-01
14                                    -9.6037417565890237e-02
15                                    -3.5290333113668026e-01
16                                     7.9240827890797050e-01
17                                    -7.0831520449560337e-01
18                                    -5.4661436048085399e-01
19                                    -7.0761363645986108e-01
20                                     2.7879810197091692e-01
21                                     1.7666406062161255e-01
22                                     1.8893715540558143e-01
23                                     1.4620752874035425e-01
24                                     1.1713312344008531e-01
25                                     9.3872447019231364e-02
26                                     3.5864938844134420e-01
27                                     1.2181601888752702e-01
28                                     1.2116871533684148e-01
29                                     3.6362372314540448e-01
30                                    -4.8030668309735702e-01
31                                     1.3742115190769755e-01
32                                     3.5775420654306611e-01
   &Method [&Type "String"] "SCF"
   &Level [&Type "String"] "Relaxed density"
   &Mult [&Type "Integer"] 1
   &State [&Type "Integer"] -1
   &Irrep [&Type "Integer"] 0
$End
$SCF_Loewdin_Population_Analysis
   &GeometryIndex 45
   &NAtoms [&Type "Integer"] 33
   &ATNO [&Type "ArrayOfIntegers", &Dim (33,1)] 
                                                         0

0                                                        7
1                                                        6
2                                                        7
3                                                        6
4                                                        6
5                                                        6
6                                                        8
7                                                        8
8                                                        6
9                                                        6
10                                                       6
11                                                       6
12                                                       8
13                                                       8
14                                                       6
15                                                       8
16                                                      15
17                                                       8
18                                                       8
19                                                       8
20                                                       1
21                                                       1
22                                                       1
23                                                       1
24                                                       1
25                                                       1
26                                                       1
27                                                       1
28                                                       1
29                                                       1
30                                                       8
31                                                       1
32                                                       1
   &AtomicCharges [&Type "ArrayOfDoubles", &Dim (33,1)] 
                                                         0

0                                      2.7332865191926103e-01
1                                     -4.7644310584663163e-01
2                                      2.2942460041409607e-01
3                                     -4.3647684022986866e-01
4                                     -1.5789683460833004e-01
5                                     -1.2960800005855866e-01
6                                      3.3903884654707284e-02
7                                      1.3879020239450313e-02
8                                     -2.8629916465945904e-01
9                                     -3.2322805642952446e-01
10                                    -3.2018952213402230e-01
11                                    -2.9350531195149898e-01
12                                     8.5921189223441274e-03
13                                     2.2727421920331725e-01
14                                    -3.2889851249569446e-01
15                                     3.2624911341983420e-02
16                                    -1.0178133796836342e-01
17                                    -4.0024240444868653e-01
18                                    -1.7996998848370005e-01
19                                    -4.0740701178386374e-01
20                                     2.2291714310427846e-01
21                                     1.6504867449263094e-01
22                                     1.6678614399990632e-01
23                                     1.5758684666045819e-01
24                                     1.5995041191093762e-01
25                                     1.5364955300456029e-01
26                                     1.9747109026971599e-01
27                                     1.3545395732751031e-01
28                                     1.2956943878269434e-01
29                                     1.8240641955245718e-01
30                                     5.7771065758061013e-03
31                                     1.5072948901696703e-01
32                                     1.9557240970499445e-01
   &Method [&Type "String"] "SCF"
   &Level [&Type "String"] "Relaxed density"
   &Mult [&Type "Integer"] 1
   &State [&Type "Integer"] -1
   &Irrep [&Type "Integer"] 0
$End
$SCF_Mayer_Population_Analysis
   &GeometryIndex 45
   &NAtoms [&Type "Integer"] 33 "Total number of atoms"
   &NBondOrdersPrint [&Type "Integer"] 34 "The number of bond orders larger than threshold"
   &bondThresh [&Type "Double"]       1.0000000000000001e-01  "The threshold for printing"
   &components [&Type "ArrayOfIntegers", &Dim (34,4)] "The indices and atomic numbers of the bonding atoms"
                                                         0                           1                           2                           3

0                                                        0                           7                           1                           6
1                                                        0                           7                           5                           6
2                                                        0                           7                           8                           6
3                                                        1                           6                           2                           7
4                                                        1                           6                           6                           8
5                                                        2                           7                           3                           6
6                                                        2                           7                          20                           1
7                                                        3                           6                           4                           6
8                                                        3                           6                           7                           8
9                                                        4                           6                           5                           6
10                                                       4                           6                          21                           1
11                                                       5                           6                          22                           1
12                                                       8                           6                           9                           6
13                                                       8                           6                          13                           8
14                                                       8                           6                          23                           1
15                                                       9                           6                          10                           6
16                                                       9                           6                          30                           8
17                                                       9                           6                          31                           1
18                                                      10                           6                          11                           6
19                                                      10                           6                          12                           8
20                                                      10                           6                          24                           1
21                                                      11                           6                          13                           8
22                                                      11                           6                          14                           6
23                                                      11                           6                          25                           1
24                                                      12                           8                          26                           1
25                                                      14                           6                          15                           8
26                                                      14                           6                          27                           1
27                                                      14                           6                          28                           1
28                                                      15                           8                          16                          15
29                                                      16                          15                          17                           8
30                                                      16                          15                          18                           8
31                                                      16                          15                          19                           8
32                                                      18                           8                          29                           1
33                                                      30                           8                          32                           1
   &BondOrders [&Type "ArrayOfDoubles", &Dim (34,1)] "The bond orders"
                                                         0

0                                      1.1330379081842796e+00
1                                      1.1826012235457908e+00
2                                      8.7293955992865624e-01
3                                      1.2148136042877091e+00
4                                      1.9611677382477390e+00
5                                      1.1098029803066760e+00
6                                      8.6271816574033533e-01
7                                      1.1300970809839019e+00
8                                      1.9909251316598671e+00
9                                      1.6445873284519403e+00
10                                     9.5104082733171358e-01
11                                     9.3079622289717490e-01
12                                     9.5017629108516322e-01
13                                     1.0644295069117375e+00
14                                     9.3378616155537553e-01
15                                     9.3050565025489607e-01
16                                     1.1578495266375666e+00
17                                     9.8888601831227130e-01
18                                     9.7396037172627947e-01
19                                     1.0800640919306590e+00
20                                     9.4357345361781553e-01
21                                     9.5193666811665723e-01
22                                     9.9823688918182119e-01
23                                     9.3688899358372502e-01
24                                     8.6301894608994401e-01
25                                     9.5791944669481566e-01
26                                     9.6141926459849814e-01
27                                     9.4276263928983595e-01
28                                     1.0461199748634673e+00
29                                     1.8519760572567538e+00
30                                     1.0951275091173513e+00
31                                     1.8984794541561907e+00
32                                     8.4929635282084592e-01
33                                     8.6145989487410701e-01
   &ATNO [&Type "ArrayOfIntegers", &Dim (33,1)] "Atomic number of the elements"
                                                         0

0                                                        7
1                                                        6
2                                                        7
3                                                        6
4                                                        6
5                                                        6
6                                                        8
7                                                        8
8                                                        6
9                                                        6
10                                                       6
11                                                       6
12                                                       8
13                                                       8
14                                                       6
15                                                       8
16                                                      15
17                                                       8
18                                                       8
19                                                       8
20                                                       1
21                                                       1
22                                                       1
23                                                       1
24                                                       1
25                                                       1
26                                                       1
27                                                       1
28                                                       1
29                                                       1
30                                                       8
31                                                       1
32                                                       1
   &NA [&Type "ArrayOfDoubles", &Dim (33,1)] "Mulliken gross atomic population"
                                                         0

0                                      6.9601962315681787e+00
1                                      5.7053148455721523e+00
2                                      7.1955022569286626e+00
3                                      5.7346829242258091e+00
4                                      6.2720796279957041e+00
5                                      6.0597267886567074e+00
6                                      8.4379019774088615e+00
7                                      8.4458717033228421e+00
8                                      5.9391886201089132e+00
9                                      5.9920816029964641e+00
10                                     5.9043129029718635e+00
11                                     5.9083698084154985e+00
12                                     8.4894018675839007e+00
13                                     8.3180321093760039e+00
14                                     6.0960374175658956e+00
15                                     8.3529033311366927e+00
16                                     1.4207591721092017e+01
17                                     8.7083152044956051e+00
18                                     8.5466143604808487e+00
19                                     8.7076136364598575e+00
20                                     7.2120189802908330e-01
21                                     8.2333593937838745e-01
22                                     8.1106284459441857e-01
23                                     8.5379247125964564e-01
24                                     8.8286687655991436e-01
25                                     9.0612755298076864e-01
26                                     6.4135061155865614e-01
27                                     8.7818398111247309e-01
28                                     8.7883128466315885e-01
29                                     6.3637627685459541e-01
30                                     8.4803066830973535e+00
31                                     8.6257884809230212e-01
32                                     6.4224579345693378e-01
   &ZA [&Type "ArrayOfDoubles", &Dim (33,1)] "Total nuclear charge"
                                                         0

0                                      7.0000000000000000e+00
1                                      6.0000000000000000e+00
2                                      7.0000000000000000e+00
3                                      6.0000000000000000e+00
4                                      6.0000000000000000e+00
5                                      6.0000000000000000e+00
6                                      8.0000000000000000e+00
7                                      8.0000000000000000e+00
8                                      6.0000000000000000e+00
9                                      6.0000000000000000e+00
10                                     6.0000000000000000e+00
11                                     6.0000000000000000e+00
12                                     8.0000000000000000e+00
13                                     8.0000000000000000e+00
14                                     6.0000000000000000e+00
15                                     8.0000000000000000e+00
16                                     1.5000000000000000e+01
17                                     8.0000000000000000e+00
18                                     8.0000000000000000e+00
19                                     8.0000000000000000e+00
20                                     1.0000000000000000e+00
21                                     1.0000000000000000e+00
22                                     1.0000000000000000e+00
23                                     1.0000000000000000e+00
24                                     1.0000000000000000e+00
25                                     1.0000000000000000e+00
26                                     1.0000000000000000e+00
27                                     1.0000000000000000e+00
28                                     1.0000000000000000e+00
29                                     1.0000000000000000e+00
30                                     8.0000000000000000e+00
31                                     1.0000000000000000e+00
32                                     1.0000000000000000e+00
   &QA [&Type "ArrayOfDoubles", &Dim (33,1)] "Mulliken gross atomic charge"
                                                         0

0                                      3.9803768431821318e-02
1                                      2.9468515442784771e-01
2                                     -1.9550225692866263e-01
3                                      2.6531707577419095e-01
4                                     -2.7207962799570407e-01
5                                     -5.9726788656707441e-02
6                                     -4.3790197740886150e-01
7                                     -4.4587170332284209e-01
8                                      6.0811379891086759e-02
9                                      7.9183970035359152e-03
10                                     9.5687097028136492e-02
11                                     9.1630191584501475e-02
12                                    -4.8940186758390070e-01
13                                    -3.1803210937600390e-01
14                                    -9.6037417565895566e-02
15                                    -3.5290333113669270e-01
16                                     7.9240827890798293e-01
17                                    -7.0831520449560514e-01
18                                    -5.4661436048084866e-01
19                                    -7.0761363645985753e-01
20                                     2.7879810197091670e-01
21                                     1.7666406062161255e-01
22                                     1.8893715540558143e-01
23                                     1.4620752874035436e-01
24                                     1.1713312344008564e-01
25                                     9.3872447019231364e-02
26                                     3.5864938844134386e-01
27                                     1.2181601888752691e-01
28                                     1.2116871533684115e-01
29                                     3.6362372314540459e-01
30                                    -4.8030668309735347e-01
31                                     1.3742115190769788e-01
32                                     3.5775420654306622e-01
   &VA [&Type "ArrayOfDoubles", &Dim (33,1)] "Mayer's total valence"
                                                         0

0                                      3.2313563089663386e+00
1                                      4.4387931167568837e+00
2                                      3.1813053747976401e+00
3                                      4.3740417413423041e+00
4                                      3.7683661301969269e+00
5                                      4.0198952798248939e+00
6                                      2.0897862682233708e+00
7                                      2.0802207511346502e+00
8                                      3.9728761162596591e+00
9                                      4.0790009354314281e+00
10                                     3.9967421380397772e+00
11                                     3.8930999797253460e+00
12                                     1.9650708181194130e+00
13                                     2.0565781868360293e+00
14                                     3.9215932682276042e+00
15                                     1.9720106925224101e+00
16                                     5.9548169866700036e+00
17                                     1.8573254508470622e+00
18                                     1.9192258000381521e+00
19                                     1.8631000799150677e+00
20                                     9.4839847987107007e-01
21                                     9.6821023899752046e-01
22                                     9.6711658498062247e-01
23                                     9.7761186825699287e-01
24                                     9.7261269533158901e-01
25                                     1.0067800092074306e+00
26                                     8.8473886811742442e-01
27                                     9.9883459354319315e-01
28                                     9.6915561050546162e-01
29                                     8.8881074186147258e-01
30                                     2.0016792197898248e+00
31                                     9.6546952936157937e-01
32                                     8.8692318502588174e-01
   &BVA [&Type "ArrayOfDoubles", &Dim (33,1)] "Mayer's bonded valence"
                                                         0

0                                      3.2313563089663635e+00
1                                      4.4387931167568722e+00
2                                      3.1813053747976623e+00
3                                      4.3740417413422463e+00
4                                      3.7683661301967870e+00
5                                      4.0198952798248682e+00
6                                      2.0897862682234569e+00
7                                      2.0802207511347159e+00
8                                      3.9728761162597226e+00
9                                      4.0790009354315782e+00
10                                     3.9967421380399242e+00
11                                     3.8930999797253083e+00
12                                     1.9650708181194183e+00
13                                     2.0565781868359352e+00
14                                     3.9215932682276442e+00
15                                     1.9720106925223782e+00
16                                     5.9548169866700675e+00
17                                     1.8573254508470303e+00
18                                     1.9192258000382090e+00
19                                     1.8631000799150748e+00
20                                     9.4839847987108394e-01
21                                     9.6821023899748682e-01
22                                     9.6711658498064812e-01
23                                     9.7761186825697344e-01
24                                     9.7261269533163597e-01
25                                     1.0067800092074228e+00
26                                     8.8473886811741653e-01
27                                     9.9883459354320980e-01
28                                     9.6915561050545185e-01
29                                     8.8881074186148279e-01
30                                     2.0016792197897928e+00
31                                     9.6546952936159103e-01
32                                     8.8692318502588152e-01
   &FA [&Type "ArrayOfDoubles", &Dim (33,1)] "Mayer's free valence"
                                                         0

0                                      0.0000000000000000e+00
1                                      0.0000000000000000e+00
2                                      0.0000000000000000e+00
3                                      0.0000000000000000e+00
4                                      0.0000000000000000e+00
5                                      0.0000000000000000e+00
6                                      0.0000000000000000e+00
7                                      0.0000000000000000e+00
8                                      0.0000000000000000e+00
9                                      0.0000000000000000e+00
10                                     0.0000000000000000e+00
11                                     0.0000000000000000e+00
12                                     0.0000000000000000e+00
13                                     0.0000000000000000e+00
14                                     0.0000000000000000e+00
15                                     0.0000000000000000e+00
16                                     0.0000000000000000e+00
17                                     0.0000000000000000e+00
18                                     0.0000000000000000e+00
19                                     0.0000000000000000e+00
20                                     0.0000000000000000e+00
21                                     0.0000000000000000e+00
22                                     0.0000000000000000e+00
23                                     0.0000000000000000e+00
24                                     0.0000000000000000e+00
25                                     0.0000000000000000e+00
26                                     0.0000000000000000e+00
27                                     0.0000000000000000e+00
28                                     0.0000000000000000e+00
29                                     0.0000000000000000e+00
30                                     0.0000000000000000e+00
31                                     0.0000000000000000e+00
32                                     0.0000000000000000e+00
   &Method [&Type "String"] "SCF"
   &Level [&Type "String"] "Relaxed density"
   &Mult [&Type "Integer"] 1
   &State [&Type "Integer"] -1
   &Irrep [&Type "Integer"] 0
$End
$SCF_Energy
   &GeometryIndex 45
   &Method [&Type "String"] "SCF"
   &totalEnergy [&Type "ArrayOfDoubles", &Dim (1,1)] "Total energy of each state"
                                                         0

0                                     -1.4775267894652038e+03
   &Mult [&Type "ArrayOfIntegers", &Dim (1,1)] "Multiplicity of each state"
                                                         0

0                                                        1
$End
$DFT_Energy
   &GeometryIndex 45
   &nAlphaEl [&Type "Integer"] 84
   &nBetaEl [&Type "Integer"] 84
   &nTotalEl [&Type "Integer"] 168
   &finalEn [&Type "Double"]      -1.4775267894652038e+03  "No Van der Waals correction"
   &eExchange [&Type "Double"]      -1.2097246384766811e+02
   &eCorr [&Type "Double"]      -5.8395264543087659e+00
   &eXC [&Type "Double"]      -1.2681199030197688e+02
   &eCNL [&Type "Double"]       0.0000000000000000e+00
$End
$Solvation_Details
   &GeometryIndex 45
   &Solvent [&Type "String"] "WATER"
   &Epsilon [&Type "Double"]       8.0150999999999996e+01
   &Refrac [&Type "Double"]       1.3328000000000000e+00
   &RSolv [&Type "Double"]       1.3000000000000000e+00
   &SurfaceType [&Type "String"] "GAUSSIAN VDW"
   &CPCMDielEnergy [&Type "Double"]      -1.4585983000000000e-01
   &NPoints [&Type "Integer"] 2775
   &SurfaceArea [&Type "Double"]       1.1382675962310000e+03
$End
$SCF_Timings
   &GeometryIndex 45
   &TOTAL [&Type "Double"]       5.1881807999999999e+01
   &PREP [&Type "Double"]       3.5040380000000000e+00
   &FOCK [&Type "Double"]       4.0709563000000003e+01
   &DENS [&Type "Double"]       8.0073099999999897e-01
   &ETOT [&Type "Double"]       5.0659800000000743e-01
   &POP [&Type "Double"]       8.3306299999999567e-01
   &TRAFO [&Type "Double"]       3.4343700000000155e-01
   &DIIS [&Type "Double"]       4.4279200000000074e-01
   &SOSCF [&Type "Double"]       1.7465779999999977e+00
   &XC [&Type "Double"]       7.0828289999999967e+00
   &FOCKSTART [&Type "Double"]       3.6065299999999390e-01
   &SOLV [&Type "Double"]       4.7236170000000026e+00
   &SOLV_INIT [&Type "Double"]       6.5983400000000003e-01
   &INT_PREP [&Type "Double"]       2.9999999959784418e-06
   &INT_BF [&Type "Double"]       4.5919499999999225e-01
   &INT_DENS [&Type "Double"]       6.3914099999993290e-01
   &INT_DENSIO [&Type "Double"]       4.3402995368000062e+04
   &INT_FUNC [&Type "Double"]       3.1253000000038611e-02
   &INT_POT [&Type "Double"]       5.8063999999994564e-01
   &INT_POTIO [&Type "Double"]       3.8683600000008944e-01
   &INT_SUM [&Type "Double"]       4.3299999999746319e-04
   &SPLITRIJ [&Type "Double"]       2.4920789999999990e+00
   &COSX [&Type "Double"]       2.9180886999999991e+01
$End
$VdW_Correction
   &GeometryIndex 45
   &vdW [&Type "Double"]      -3.6493302074870525e-02
$End
$Single_Point_Data
   &GeometryIndex 45
   &FinalEnergy [&Type "Double"]      -1.4775632827672787e+03  "Final single point energy"
   &Converged [&Type "Boolean"] true
$End
$SCF_Dipole_Moment
   &GeometryIndex 45
   &dipoleMagnitude [&Type "Double", &Units "a.u."]       8.8158456441942565e+00
   &dipoleElecContrib [&Type "ArrayOfDoubles", &Dim (3,1)] "Electronic contribution"
                                                         0

0                                     -6.2554862933396809e-03
1                                     -5.4738765831627001e+00
2                                     -2.0821447029848610e+00
   &dipoleNucContrib [&Type "ArrayOfDoubles", &Dim (3,1)] "Nuclear contribution"
                                                         0

0                                     -8.3232417381933921e+00
1                                      8.3577596224402964e+00
2                                      2.2298911929387737e+00
   &dipoleTotal [&Type "ArrayOfDoubles", &Dim (3,1)] "Total"
                                                         0

0                                     -8.3294972244867314e+00
1                                      2.8838830392775963e+00
2                                      1.4774648995391271e-01
   &doAtomicDipole [&Type "Boolean"] false
   &Method [&Type "String"] "SCF"
   &Level [&Type "String"] "Relaxed density"
   &Mult [&Type "Integer"] 1
   &State [&Type "Integer"] -1
   &Irrep [&Type "Integer"] 0
$End
$Calculation_Info
   &GeometryIndex 45
   &Mult [&Type "Integer"] 1
   &Charge [&Type "Integer"] -1
   &NumOfAtoms [&Type "Integer"] 33
   &NumOfElectrons [&Type "Integer"] 168
   &NumOfBasisFuncts [&Type "Integer"] 729
   &NumOfAuxCBasisFuncts [&Type "Integer"] 0
   &NumOfAuxJBasisFuncts [&Type "Integer"] 1163
   &NumOfAuxJKBasisFuncts [&Type "Integer"] 0
   &NumOfCABSBasisFuncts [&Type "Integer"] 0
$End
$Calculation_Timings
   &GeometryIndex 45
   &GTOINT [&Type "Double"]       2.8174515300000030e+02
   &SCF [&Type "Double"]       3.8091787690000006e+03
   &SCFGRAD [&Type "Double"]       1.3192461849999975e+03
   &GSTEP [&Type "Double"]       3.5269940000007960e+00
   &PROP [&Type "Double"]       1.6783230000000913e+00
   &SUM [&Type "Double"]       5.4153754239999989e+03
$End
