system	surface	frame	state	role	status	source_path	repo_path	size_bytes	notes
amp	canonical		docking	primary		/data/Seafile/amp/docking/docking.inp	data/primary_calculations/canonical_surface/amp/docking/raw/docking.inp	118	docking provenance used for frame selection
amp	canonical		docking	primary	normal	/data/Seafile/amp/docking/docking.out	data/primary_calculations/canonical_surface/amp/docking/raw/docking.out	24579	docking provenance used for frame selection
amp	canonical		docking	primary		/data/Seafile/amp/docking/flower_ring.xyz	data/primary_calculations/canonical_surface/amp/docking/raw/flower_ring.xyz	9514	docking provenance used for frame selection
amp	canonical	frame11	initial	primary		/data/Seafile/amp/frames/frame11/frame11.xyz	data/primary_calculations/canonical_surface/amp/selected_frames/frame11/initial/frame11.xyz	12026	
amp	canonical	frame11	solvated	primary		/data/Seafile/amp/frames/frame11/amp_frame11.bibtex	data/primary_calculations/canonical_surface/amp/selected_frames/frame11/solvated/amp_frame11.bibtex	4659	
amp	canonical	frame11	solvated	primary		/data/Seafile/amp/frames/frame11/amp_frame11.cpcm_corr	data/primary_calculations/canonical_surface/amp/selected_frames/frame11/solvated/amp_frame11.cpcm_corr	233992	
amp	canonical	frame11	solvated	primary		/data/Seafile/amp/frames/frame11/amp_frame11.densitiesinfo	data/primary_calculations/canonical_surface/amp/selected_frames/frame11/solvated/amp_frame11.densitiesinfo	1838	
amp	canonical	frame11	solvated	primary		/data/Seafile/amp/frames/frame11/amp_frame11.engrad	data/primary_calculations/canonical_surface/amp/selected_frames/frame11/solvated/amp_frame11.engrad	18324	
amp	canonical	frame11	solvated	primary		/data/Seafile/amp/frames/frame11/amp_frame11.inp	data/primary_calculations/canonical_surface/amp/selected_frames/frame11/solvated/amp_frame11.inp	586	
amp	canonical	frame11	solvated	primary		/data/Seafile/amp/frames/frame11/amp_frame11.opt	data/primary_calculations/canonical_surface/amp/selected_frames/frame11/solvated/amp_frame11.opt	127548	
amp	canonical	frame11	solvated	primary	normal	/data/Seafile/amp/frames/frame11/amp_frame11.out	data/primary_calculations/canonical_surface/amp/selected_frames/frame11/solvated/amp_frame11.out	5688486	
amp	canonical	frame11	solvated	primary		/data/Seafile/amp/frames/frame11/amp_frame11.xyz	data/primary_calculations/canonical_surface/amp/selected_frames/frame11/solvated/amp_frame11.xyz	12247	
amp	canonical	frame11	solvated	primary		/data/Seafile/amp/frames/frame11/amp_frame11_trj.xyz	data/primary_calculations/canonical_surface/amp/selected_frames/frame11/solvated/amp_frame11_trj.xyz	269885	
amp	canonical	frame11	solvated	primary		/data/Seafile/amp/frames/frame11/frame11.xyz	data/primary_calculations/canonical_surface/amp/selected_frames/frame11/solvated/frame11.xyz	12026	
amp	canonical	frame11	dry	primary		/data/Seafile/amp/frames/frame11/dry/amp_frame11.xyz	data/primary_calculations/canonical_surface/amp/selected_frames/frame11/dry/amp_frame11.xyz	12247	
amp	canonical	frame11	dry	primary		/data/Seafile/amp/frames/frame11/dry/amp_frame11_dry.bibtex	data/primary_calculations/canonical_surface/amp/selected_frames/frame11/dry/amp_frame11_dry.bibtex	4334	
amp	canonical	frame11	dry	primary		/data/Seafile/amp/frames/frame11/dry/amp_frame11_dry.densitiesinfo	data/primary_calculations/canonical_surface/amp/selected_frames/frame11/dry/amp_frame11_dry.densitiesinfo	1838	
amp	canonical	frame11	dry	primary		/data/Seafile/amp/frames/frame11/dry/amp_frame11_dry.engrad	data/primary_calculations/canonical_surface/amp/selected_frames/frame11/dry/amp_frame11_dry.engrad	18324	
amp	canonical	frame11	dry	primary		/data/Seafile/amp/frames/frame11/dry/amp_frame11_dry.inp	data/primary_calculations/canonical_surface/amp/selected_frames/frame11/dry/amp_frame11_dry.inp	578	
amp	canonical	frame11	dry	primary		/data/Seafile/amp/frames/frame11/dry/amp_frame11_dry.opt	data/primary_calculations/canonical_surface/amp/selected_frames/frame11/dry/amp_frame11_dry.opt	128364	
amp	canonical	frame11	dry	primary	normal	/data/Seafile/amp/frames/frame11/dry/amp_frame11_dry.out	data/primary_calculations/canonical_surface/amp/selected_frames/frame11/dry/amp_frame11_dry.out	7868971	
amp	canonical	frame11	dry	primary		/data/Seafile/amp/frames/frame11/dry/amp_frame11_dry.xyz	data/primary_calculations/canonical_surface/amp/selected_frames/frame11/dry/amp_frame11_dry.xyz	12255	
amp	canonical	frame11	dry	primary		/data/Seafile/amp/frames/frame11/dry/amp_frame11_dry_trj.xyz	data/primary_calculations/canonical_surface/amp/selected_frames/frame11/dry/amp_frame11_dry_trj.xyz	385950	
amp	canonical	frame12	initial	primary		/data/Seafile/amp/frames/frame12/frame12.xyz	data/primary_calculations/canonical_surface/amp/selected_frames/frame12/initial/frame12.xyz	12024	
amp	canonical	frame12	solvated	primary		/data/Seafile/amp/frames/frame12/amp_frame12.bibtex	data/primary_calculations/canonical_surface/amp/selected_frames/frame12/solvated/amp_frame12.bibtex	4659	
amp	canonical	frame12	solvated	primary		/data/Seafile/amp/frames/frame12/amp_frame12.cpcm_corr	data/primary_calculations/canonical_surface/amp/selected_frames/frame12/solvated/amp_frame12.cpcm_corr	236882	
amp	canonical	frame12	solvated	primary		/data/Seafile/amp/frames/frame12/amp_frame12.densitiesinfo	data/primary_calculations/canonical_surface/amp/selected_frames/frame12/solvated/amp_frame12.densitiesinfo	1838	
amp	canonical	frame12	solvated	primary		/data/Seafile/amp/frames/frame12/amp_frame12.engrad	data/primary_calculations/canonical_surface/amp/selected_frames/frame12/solvated/amp_frame12.engrad	18324	
amp	canonical	frame12	solvated	primary		/data/Seafile/amp/frames/frame12/amp_frame12.inp	data/primary_calculations/canonical_surface/amp/selected_frames/frame12/solvated/amp_frame12.inp	586	
amp	canonical	frame12	solvated	primary		/data/Seafile/amp/frames/frame12/amp_frame12.opt	data/primary_calculations/canonical_surface/amp/selected_frames/frame12/solvated/amp_frame12.opt	130684	
amp	canonical	frame12	solvated	primary	normal	/data/Seafile/amp/frames/frame12/amp_frame12.out	data/primary_calculations/canonical_surface/amp/selected_frames/frame12/solvated/amp_frame12.out	7774458	
amp	canonical	frame12	solvated	primary		/data/Seafile/amp/frames/frame12/amp_frame12.xyz	data/primary_calculations/canonical_surface/amp/selected_frames/frame12/solvated/amp_frame12.xyz	12247	
amp	canonical	frame12	solvated	primary		/data/Seafile/amp/frames/frame12/amp_frame12_trj.xyz	data/primary_calculations/canonical_surface/amp/selected_frames/frame12/solvated/amp_frame12_trj.xyz	370128	
amp	canonical	frame12	solvated	primary		/data/Seafile/amp/frames/frame12/frame12.xyz	data/primary_calculations/canonical_surface/amp/selected_frames/frame12/solvated/frame12.xyz	12024	
amp	canonical	frame12	dry	primary		/data/Seafile/amp/frames/frame12/dry/amp_frame12.xyz	data/primary_calculations/canonical_surface/amp/selected_frames/frame12/dry/amp_frame12.xyz	12247	
amp	canonical	frame12	dry	primary		/data/Seafile/amp/frames/frame12/dry/amp_frame12_dry.bibtex	data/primary_calculations/canonical_surface/amp/selected_frames/frame12/dry/amp_frame12_dry.bibtex	4334	
amp	canonical	frame12	dry	primary		/data/Seafile/amp/frames/frame12/dry/amp_frame12_dry.densitiesinfo	data/primary_calculations/canonical_surface/amp/selected_frames/frame12/dry/amp_frame12_dry.densitiesinfo	1838	
amp	canonical	frame12	dry	primary		/data/Seafile/amp/frames/frame12/dry/amp_frame12_dry.engrad	data/primary_calculations/canonical_surface/amp/selected_frames/frame12/dry/amp_frame12_dry.engrad	18324	
amp	canonical	frame12	dry	primary		/data/Seafile/amp/frames/frame12/dry/amp_frame12_dry.inp	data/primary_calculations/canonical_surface/amp/selected_frames/frame12/dry/amp_frame12_dry.inp	578	
amp	canonical	frame12	dry	primary		/data/Seafile/amp/frames/frame12/dry/amp_frame12_dry.opt	data/primary_calculations/canonical_surface/amp/selected_frames/frame12/dry/amp_frame12_dry.opt	128140	
amp	canonical	frame12	dry	primary	normal	/data/Seafile/amp/frames/frame12/dry/amp_frame12_dry.out	data/primary_calculations/canonical_surface/amp/selected_frames/frame12/dry/amp_frame12_dry.out	24625068	
amp	canonical	frame12	dry	primary		/data/Seafile/amp/frames/frame12/dry/amp_frame12_dry.xyz	data/primary_calculations/canonical_surface/amp/selected_frames/frame12/dry/amp_frame12_dry.xyz	12255	
amp	canonical	frame12	dry	primary		/data/Seafile/amp/frames/frame12/dry/amp_frame12_dry_trj.xyz	data/primary_calculations/canonical_surface/amp/selected_frames/frame12/dry/amp_frame12_dry_trj.xyz	1250478	
amp	canonical	frame12	dry/dry_md	check		/data/Seafile/amp/frames/frame12/dry/dry_md/amp_frame12.xyz	data/primary_calculations/canonical_surface/amp/checks/frame12/dry/dry_md/amp_frame12.xyz	12247	non-primary dry check or exploratory calculation
amp	canonical	frame12	dry/dry_md	check		/data/Seafile/amp/frames/frame12/dry/dry_md/amp_frame12_dry_md_fixed-constraints.csv	data/primary_calculations/canonical_surface/amp/checks/frame12/dry/dry_md/amp_frame12_dry_md_fixed-constraints.csv	375502	non-primary dry check or exploratory calculation
amp	canonical	frame12	dry/dry_md	check		/data/Seafile/amp/frames/frame12/dry/dry_md/amp_frame12_dry_md_fixed-md-ener.csv	data/primary_calculations/canonical_surface/amp/checks/frame12/dry/dry_md/amp_frame12_dry_md_fixed-md-ener.csv	284284	non-primary dry check or exploratory calculation
amp	canonical	frame12	dry/dry_md	check		/data/Seafile/amp/frames/frame12/dry/dry_md/amp_frame12_dry_md_fixed.bibtex	data/primary_calculations/canonical_surface/amp/checks/frame12/dry/dry_md/amp_frame12_dry_md_fixed.bibtex	4334	non-primary dry check or exploratory calculation
amp	canonical	frame12	dry/dry_md	check		/data/Seafile/amp/frames/frame12/dry/dry_md/amp_frame12_dry_md_fixed.densitiesinfo	data/primary_calculations/canonical_surface/amp/checks/frame12/dry/dry_md/amp_frame12_dry_md_fixed.densitiesinfo	1838	non-primary dry check or exploratory calculation
amp	canonical	frame12	dry/dry_md	check		/data/Seafile/amp/frames/frame12/dry/dry_md/amp_frame12_dry_md_fixed.inp	data/primary_calculations/canonical_surface/amp/checks/frame12/dry/dry_md/amp_frame12_dry_md_fixed.inp	638	non-primary dry check or exploratory calculation
amp	canonical	frame12	dry/dry_md	check	normal	/data/Seafile/amp/frames/frame12/dry/dry_md/amp_frame12_dry_md_fixed.out	data/primary_calculations/canonical_surface/amp/checks/frame12/dry/dry_md/amp_frame12_dry_md_fixed.out	338759	non-primary dry check or exploratory calculation
amp	canonical	frame12	dry/dry_md	check		/data/Seafile/amp/frames/frame12/dry/dry_md/trajectory.xyz	data/primary_calculations/canonical_surface/amp/checks/frame12/dry/dry_md/amp_frame12_dry_md_fixed_trj.xyz	18681117	non-primary dry check or exploratory calculation
amp	canonical	frame12	dry/dry_md	check		/data/Seafile/amp/frames/frame12/dry/dry_md/Plots/amp_frame12_dry_md_fixed_E_Tot.svg	data/primary_calculations/canonical_surface/amp/checks/frame12/dry/dry_md/Plots/amp_frame12_dry_md_fixed_E_Tot.svg	31596	non-primary dry check or exploratory calculation
amp	canonical	frame12	dry/dry_md	check		/data/Seafile/amp/frames/frame12/dry/dry_md/Plots/amp_frame12_dry_md_fixed_Temp.svg	data/primary_calculations/canonical_surface/amp/checks/frame12/dry/dry_md/Plots/amp_frame12_dry_md_fixed_Temp.svg	31327	non-primary dry check or exploratory calculation
amp	canonical	frame12	engrad_dry_first	check		/data/Seafile/amp/frames/frame12/engrad_dry_first/amp_frame12.bibtex	data/primary_calculations/canonical_surface/amp/checks/frame12/engrad_dry_first/amp_frame12.bibtex	4659	non-primary check or exploratory calculation
amp	canonical	frame12	engrad_dry_first	check		/data/Seafile/amp/frames/frame12/engrad_dry_first/amp_frame12.cpcm_corr	data/primary_calculations/canonical_surface/amp/checks/frame12/engrad_dry_first/amp_frame12.cpcm_corr	225679	non-primary check or exploratory calculation
amp	canonical	frame12	engrad_dry_first	check		/data/Seafile/amp/frames/frame12/engrad_dry_first/amp_frame12.densitiesinfo	data/primary_calculations/canonical_surface/amp/checks/frame12/engrad_dry_first/amp_frame12.densitiesinfo	1838	non-primary check or exploratory calculation
amp	canonical	frame12	engrad_dry_first	check		/data/Seafile/amp/frames/frame12/engrad_dry_first/amp_frame12.engrad	data/primary_calculations/canonical_surface/amp/checks/frame12/engrad_dry_first/amp_frame12.engrad	18324	non-primary check or exploratory calculation
amp	canonical	frame12	engrad_dry_first	check		/data/Seafile/amp/frames/frame12/engrad_dry_first/amp_frame12.inp	data/primary_calculations/canonical_surface/amp/checks/frame12/engrad_dry_first/amp_frame12.inp	593	non-primary check or exploratory calculation
amp	canonical	frame12	engrad_dry_first	check		/data/Seafile/amp/frames/frame12/engrad_dry_first/amp_frame12.opt	data/primary_calculations/canonical_surface/amp/checks/frame12/engrad_dry_first/amp_frame12.opt	16964	non-primary check or exploratory calculation
amp	canonical	frame12	engrad_dry_first	check	normal	/data/Seafile/amp/frames/frame12/engrad_dry_first/amp_frame12.out	data/primary_calculations/canonical_surface/amp/checks/frame12/engrad_dry_first/amp_frame12.out	311075	non-primary check or exploratory calculation
amp	canonical	frame12	engrad_dry_first	check		/data/Seafile/amp/frames/frame12/engrad_dry_first/amp_frame12.xyz	data/primary_calculations/canonical_surface/amp/checks/frame12/engrad_dry_first/amp_frame12.xyz	12192	non-primary check or exploratory calculation
amp	canonical	frame12	engrad_dry_first	check		/data/Seafile/amp/frames/frame12/engrad_dry_first/frame12.xyz	data/primary_calculations/canonical_surface/amp/checks/frame12/engrad_dry_first/frame12.xyz	12024	non-primary check or exploratory calculation
amp	canonical	frame12	engrad_dry_first	check		/data/Seafile/amp/frames/frame12/engrad_dry_first/dry/amp_frame12.xyz	data/primary_calculations/canonical_surface/amp/checks/frame12/engrad_dry_first/dry/amp_frame12.xyz	12192	non-primary check or exploratory calculation
amp	canonical	frame12	engrad_dry_first	check		/data/Seafile/amp/frames/frame12/engrad_dry_first/dry/amp_frame12_dry.bibtex	data/primary_calculations/canonical_surface/amp/checks/frame12/engrad_dry_first/dry/amp_frame12_dry.bibtex	4334	non-primary check or exploratory calculation
amp	canonical	frame12	engrad_dry_first	check		/data/Seafile/amp/frames/frame12/engrad_dry_first/dry/amp_frame12_dry.densitiesinfo	data/primary_calculations/canonical_surface/amp/checks/frame12/engrad_dry_first/dry/amp_frame12_dry.densitiesinfo	1838	non-primary check or exploratory calculation
amp	canonical	frame12	engrad_dry_first	check		/data/Seafile/amp/frames/frame12/engrad_dry_first/dry/amp_frame12_dry.engrad	data/primary_calculations/canonical_surface/amp/checks/frame12/engrad_dry_first/dry/amp_frame12_dry.engrad	18324	non-primary check or exploratory calculation
amp	canonical	frame12	engrad_dry_first	check		/data/Seafile/amp/frames/frame12/engrad_dry_first/dry/amp_frame12_dry.inp	data/primary_calculations/canonical_surface/amp/checks/frame12/engrad_dry_first/dry/amp_frame12_dry.inp	578	non-primary check or exploratory calculation
amp	canonical	frame12	engrad_dry_first	check		/data/Seafile/amp/frames/frame12/engrad_dry_first/dry/amp_frame12_dry.opt	data/primary_calculations/canonical_surface/amp/checks/frame12/engrad_dry_first/dry/amp_frame12_dry.opt	128876	non-primary check or exploratory calculation
amp	canonical	frame12	engrad_dry_first	check	normal	/data/Seafile/amp/frames/frame12/engrad_dry_first/dry/amp_frame12_dry.out	data/primary_calculations/canonical_surface/amp/checks/frame12/engrad_dry_first/dry/amp_frame12_dry.out	31748005	non-primary check or exploratory calculation
amp	canonical	frame12	engrad_dry_first	check		/data/Seafile/amp/frames/frame12/engrad_dry_first/dry/amp_frame12_dry.xyz	data/primary_calculations/canonical_surface/amp/checks/frame12/engrad_dry_first/dry/amp_frame12_dry.xyz	12255	non-primary check or exploratory calculation
amp	canonical	frame12	engrad_dry_first	check	normal	/data/Seafile/amp/frames/frame12/engrad_dry_first/dry/amp_frame12_dry_engrad.out	data/primary_calculations/canonical_surface/amp/checks/frame12/engrad_dry_first/dry/amp_frame12_dry_engrad.out	308476	non-primary check or exploratory calculation
amp	canonical	frame12	engrad_dry_first	check		/data/Seafile/amp/frames/frame12/engrad_dry_first/dry/amp_frame12_dry_trj.xyz	data/primary_calculations/canonical_surface/amp/checks/frame12/engrad_dry_first/dry/amp_frame12_dry_trj.xyz	1605552	non-primary check or exploratory calculation
amp	canonical	frame12	r2scan	check		/data/Seafile/amp/frames/frame12/r2scan/amp_frame12.xyz	data/primary_calculations/canonical_surface/amp/checks/frame12/r2scan/amp_frame12.xyz	12247	non-primary check or exploratory calculation
amp	canonical	frame12	r2scan	check		/data/Seafile/amp/frames/frame12/r2scan/amp_frame12_dry_r2scan.bibtex	data/primary_calculations/canonical_surface/amp/checks/frame12/r2scan/amp_frame12_dry_r2scan.bibtex	3094	non-primary check or exploratory calculation
amp	canonical	frame12	r2scan	check		/data/Seafile/amp/frames/frame12/r2scan/amp_frame12_dry_r2scan.densitiesinfo	data/primary_calculations/canonical_surface/amp/checks/frame12/r2scan/amp_frame12_dry_r2scan.densitiesinfo	1838	non-primary check or exploratory calculation
amp	canonical	frame12	r2scan	check		/data/Seafile/amp/frames/frame12/r2scan/amp_frame12_dry_r2scan.engrad	data/primary_calculations/canonical_surface/amp/checks/frame12/r2scan/amp_frame12_dry_r2scan.engrad	18324	non-primary check or exploratory calculation
amp	canonical	frame12	r2scan	check		/data/Seafile/amp/frames/frame12/r2scan/amp_frame12_dry_r2scan.inp	data/primary_calculations/canonical_surface/amp/checks/frame12/r2scan/amp_frame12_dry_r2scan.inp	580	non-primary check or exploratory calculation
amp	canonical	frame12	r2scan	check		/data/Seafile/amp/frames/frame12/r2scan/amp_frame12_dry_r2scan.opt	data/primary_calculations/canonical_surface/amp/checks/frame12/r2scan/amp_frame12_dry_r2scan.opt	131800	non-primary check or exploratory calculation
amp	canonical	frame12	r2scan	check	normal	/data/Seafile/amp/frames/frame12/r2scan/amp_frame12_dry_r2scan.out	data/primary_calculations/canonical_surface/amp/checks/frame12/r2scan/amp_frame12_dry_r2scan.out	10975749	non-primary check or exploratory calculation
amp	canonical	frame12	r2scan	check		/data/Seafile/amp/frames/frame12/r2scan/amp_frame12_dry_r2scan.xyz	data/primary_calculations/canonical_surface/amp/checks/frame12/r2scan/amp_frame12_dry_r2scan.xyz	12225	non-primary check or exploratory calculation
amp	canonical	frame12	r2scan	check		/data/Seafile/amp/frames/frame12/r2scan/amp_frame12_dry_r2scan_trj.xyz	data/primary_calculations/canonical_surface/amp/checks/frame12/r2scan/amp_frame12_dry_r2scan_trj.xyz	545919	non-primary check or exploratory calculation
amp	canonical	frame15	initial	primary		/data/Seafile/amp/frames/frame15/frame15.xyz	data/primary_calculations/canonical_surface/amp/selected_frames/frame15/initial/frame15.xyz	12026	
amp	canonical	frame15	solvated	primary		/data/Seafile/amp/frames/frame15/amp_frame15.bibtex	data/primary_calculations/canonical_surface/amp/selected_frames/frame15/solvated/amp_frame15.bibtex	4659	
amp	canonical	frame15	solvated	primary		/data/Seafile/amp/frames/frame15/amp_frame15.cpcm_corr	data/primary_calculations/canonical_surface/amp/selected_frames/frame15/solvated/amp_frame15.cpcm_corr	234604	
amp	canonical	frame15	solvated	primary		/data/Seafile/amp/frames/frame15/amp_frame15.densitiesinfo	data/primary_calculations/canonical_surface/amp/selected_frames/frame15/solvated/amp_frame15.densitiesinfo	1838	
amp	canonical	frame15	solvated	primary		/data/Seafile/amp/frames/frame15/amp_frame15.engrad	data/primary_calculations/canonical_surface/amp/selected_frames/frame15/solvated/amp_frame15.engrad	18324	
amp	canonical	frame15	solvated	primary		/data/Seafile/amp/frames/frame15/amp_frame15.inp	data/primary_calculations/canonical_surface/amp/selected_frames/frame15/solvated/amp_frame15.inp	586	
amp	canonical	frame15	solvated	primary		/data/Seafile/amp/frames/frame15/amp_frame15.opt	data/primary_calculations/canonical_surface/amp/selected_frames/frame15/solvated/amp_frame15.opt	133544	
amp	canonical	frame15	solvated	primary	normal	/data/Seafile/amp/frames/frame15/amp_frame15.out	data/primary_calculations/canonical_surface/amp/selected_frames/frame15/solvated/amp_frame15.out	20162338	
amp	canonical	frame15	solvated	primary		/data/Seafile/amp/frames/frame15/amp_frame15.xyz	data/primary_calculations/canonical_surface/amp/selected_frames/frame15/solvated/amp_frame15.xyz	12247	
amp	canonical	frame15	solvated	primary		/data/Seafile/amp/frames/frame15/amp_frame15_trj.xyz	data/primary_calculations/canonical_surface/amp/selected_frames/frame15/solvated/amp_frame15_trj.xyz	979297	
amp	canonical	frame15	solvated	primary		/data/Seafile/amp/frames/frame15/frame15.xyz	data/primary_calculations/canonical_surface/amp/selected_frames/frame15/solvated/frame15.xyz	12026	
amp	canonical	frame15	dry	primary		/data/Seafile/amp/frames/frame15/dry/amp_frame15.xyz	data/primary_calculations/canonical_surface/amp/selected_frames/frame15/dry/amp_frame15.xyz	12247	
amp	canonical	frame15	dry	primary		/data/Seafile/amp/frames/frame15/dry/amp_frame15_dry.bibtex	data/primary_calculations/canonical_surface/amp/selected_frames/frame15/dry/amp_frame15_dry.bibtex	4334	
amp	canonical	frame15	dry	primary		/data/Seafile/amp/frames/frame15/dry/amp_frame15_dry.densitiesinfo	data/primary_calculations/canonical_surface/amp/selected_frames/frame15/dry/amp_frame15_dry.densitiesinfo	1838	
amp	canonical	frame15	dry	primary		/data/Seafile/amp/frames/frame15/dry/amp_frame15_dry.engrad	data/primary_calculations/canonical_surface/amp/selected_frames/frame15/dry/amp_frame15_dry.engrad	18324	
amp	canonical	frame15	dry	primary		/data/Seafile/amp/frames/frame15/dry/amp_frame15_dry.inp	data/primary_calculations/canonical_surface/amp/selected_frames/frame15/dry/amp_frame15_dry.inp	578	
amp	canonical	frame15	dry	primary		/data/Seafile/amp/frames/frame15/dry/amp_frame15_dry.opt	data/primary_calculations/canonical_surface/amp/selected_frames/frame15/dry/amp_frame15_dry.opt	127880	
amp	canonical	frame15	dry	primary	normal	/data/Seafile/amp/frames/frame15/dry/amp_frame15_dry.out	data/primary_calculations/canonical_surface/amp/selected_frames/frame15/dry/amp_frame15_dry.out	14679163	
amp	canonical	frame15	dry	primary		/data/Seafile/amp/frames/frame15/dry/amp_frame15_dry.xyz	data/primary_calculations/canonical_surface/amp/selected_frames/frame15/dry/amp_frame15_dry.xyz	12218	
amp	canonical	frame15	dry	primary		/data/Seafile/amp/frames/frame15/dry/amp_frame15_dry_trj.xyz	data/primary_calculations/canonical_surface/amp/selected_frames/frame15/dry/amp_frame15_dry_trj.xyz	729790	
amp	canonical	frame15	opt_anim	check		/data/Seafile/amp/frames/frame15/opt_anim/opt.xyz	data/primary_calculations/canonical_surface/amp/checks/frame15/opt_anim/opt.xyz	979297	non-primary check or exploratory calculation
amp	aluminium		docking	primary	not_normal	/data/Seafile/amp/al_surf/al_docking/docking.docker.struc1.preopt198.out	data/primary_calculations/aluminium_surface/amp/docking/raw/docking.docker.struc1.preopt198.out	514004	docking provenance used for frame selection
amp	aluminium		docking	primary	not_normal	/data/Seafile/amp/al_surf/al_docking/docking.docker.struc1.preopt35.out	data/primary_calculations/aluminium_surface/amp/docking/raw/docking.docker.struc1.preopt35.out	544075	docking provenance used for frame selection
amp	aluminium		docking	primary		/data/Seafile/amp/al_surf/al_docking/docking.inp	data/primary_calculations/aluminium_surface/amp/docking/raw/docking.inp	122	docking provenance used for frame selection
amp	aluminium		docking	primary	normal	/data/Seafile/amp/al_surf/al_docking/docking.out	data/primary_calculations/aluminium_surface/amp/docking/raw/docking.out	24252	docking provenance used for frame selection
amp	aluminium		docking	primary		/data/Seafile/amp/al_surf/al_docking/flower_ring_al.xyz	data/primary_calculations/aluminium_surface/amp/docking/raw/flower_ring_al.xyz	9539	docking provenance used for frame selection
amp	aluminium	frame15	initial	primary		/data/Seafile/amp/al_surf/frames/frame15/frame15.xyz	data/primary_calculations/aluminium_surface/amp/selected_frames/frame15/initial/frame15.xyz	12019	
amp	aluminium	frame15	solvated	primary		/data/Seafile/amp/al_surf/frames/frame15/amp_al_frame15.bibtex	data/primary_calculations/aluminium_surface/amp/selected_frames/frame15/solvated/amp_al_frame15.bibtex	4659	
amp	aluminium	frame15	solvated	primary		/data/Seafile/amp/al_surf/frames/frame15/amp_al_frame15.cpcm_corr	data/primary_calculations/aluminium_surface/amp/selected_frames/frame15/solvated/amp_al_frame15.cpcm_corr	237035	
amp	aluminium	frame15	solvated	primary		/data/Seafile/amp/al_surf/frames/frame15/amp_al_frame15.densitiesinfo	data/primary_calculations/aluminium_surface/amp/selected_frames/frame15/solvated/amp_al_frame15.densitiesinfo	1838	
amp	aluminium	frame15	solvated	primary		/data/Seafile/amp/al_surf/frames/frame15/amp_al_frame15.engrad	data/primary_calculations/aluminium_surface/amp/selected_frames/frame15/solvated/amp_al_frame15.engrad	18324	
amp	aluminium	frame15	solvated	primary		/data/Seafile/amp/al_surf/frames/frame15/amp_al_frame15.inp	data/primary_calculations/aluminium_surface/amp/selected_frames/frame15/solvated/amp_al_frame15.inp	586	
amp	aluminium	frame15	solvated	primary		/data/Seafile/amp/al_surf/frames/frame15/amp_al_frame15.opt	data/primary_calculations/aluminium_surface/amp/selected_frames/frame15/solvated/amp_al_frame15.opt	128880	
amp	aluminium	frame15	solvated	primary	normal	/data/Seafile/amp/al_surf/frames/frame15/amp_al_frame15.out	data/primary_calculations/aluminium_surface/amp/selected_frames/frame15/solvated/amp_al_frame15.out	7549100	
amp	aluminium	frame15	solvated	primary		/data/Seafile/amp/al_surf/frames/frame15/amp_al_frame15.xyz	data/primary_calculations/aluminium_surface/amp/selected_frames/frame15/solvated/amp_al_frame15.xyz	12258	
amp	aluminium	frame15	solvated	primary		/data/Seafile/amp/al_surf/frames/frame15/amp_al_frame15_trj.xyz	data/primary_calculations/aluminium_surface/amp/selected_frames/frame15/solvated/amp_al_frame15_trj.xyz	362934	
amp	aluminium	frame15	solvated	primary		/data/Seafile/amp/al_surf/frames/frame15/frame15.xyz	data/primary_calculations/aluminium_surface/amp/selected_frames/frame15/solvated/frame15.xyz	12019	
amp	aluminium	frame15	dry	primary		/data/Seafile/amp/al_surf/frames/frame15/dry/amp_al_frame15.xyz	data/primary_calculations/aluminium_surface/amp/selected_frames/frame15/dry/amp_al_frame15.xyz	12258	
amp	aluminium	frame15	dry	primary		/data/Seafile/amp/al_surf/frames/frame15/dry/amp_al_frame15_dry.bibtex	data/primary_calculations/aluminium_surface/amp/selected_frames/frame15/dry/amp_al_frame15_dry.bibtex	4334	
amp	aluminium	frame15	dry	primary		/data/Seafile/amp/al_surf/frames/frame15/dry/amp_al_frame15_dry.densitiesinfo	data/primary_calculations/aluminium_surface/amp/selected_frames/frame15/dry/amp_al_frame15_dry.densitiesinfo	1838	
amp	aluminium	frame15	dry	primary		/data/Seafile/amp/al_surf/frames/frame15/dry/amp_al_frame15_dry.engrad	data/primary_calculations/aluminium_surface/amp/selected_frames/frame15/dry/amp_al_frame15_dry.engrad	18324	
amp	aluminium	frame15	dry	primary		/data/Seafile/amp/al_surf/frames/frame15/dry/amp_al_frame15_dry.inp	data/primary_calculations/aluminium_surface/amp/selected_frames/frame15/dry/amp_al_frame15_dry.inp	581	
amp	aluminium	frame15	dry	primary		/data/Seafile/amp/al_surf/frames/frame15/dry/amp_al_frame15_dry.opt	data/primary_calculations/aluminium_surface/amp/selected_frames/frame15/dry/amp_al_frame15_dry.opt	122368	
amp	aluminium	frame15	dry	primary	normal	/data/Seafile/amp/al_surf/frames/frame15/dry/amp_al_frame15_dry.out	data/primary_calculations/aluminium_surface/amp/selected_frames/frame15/dry/amp_al_frame15_dry.out	8946959	
amp	aluminium	frame15	dry	primary		/data/Seafile/amp/al_surf/frames/frame15/dry/amp_al_frame15_dry.xyz	data/primary_calculations/aluminium_surface/amp/selected_frames/frame15/dry/amp_al_frame15_dry.xyz	12266	
amp	aluminium	frame15	dry	primary		/data/Seafile/amp/al_surf/frames/frame15/dry/amp_al_frame15_dry_trj.xyz	data/primary_calculations/aluminium_surface/amp/selected_frames/frame15/dry/amp_al_frame15_dry_trj.xyz	456070	
amp	aluminium	frame16	initial	primary		/data/Seafile/amp/al_surf/frames/frame16/frame16.xyz	data/primary_calculations/aluminium_surface/amp/selected_frames/frame16/initial/frame16.xyz	12016	
amp	aluminium	frame16	solvated	primary		/data/Seafile/amp/al_surf/frames/frame16/amp_al_frame16.bibtex	data/primary_calculations/aluminium_surface/amp/selected_frames/frame16/solvated/amp_al_frame16.bibtex	4659	
amp	aluminium	frame16	solvated	primary		/data/Seafile/amp/al_surf/frames/frame16/amp_al_frame16.cpcm_corr	data/primary_calculations/aluminium_surface/amp/selected_frames/frame16/solvated/amp_al_frame16.cpcm_corr	235437	
amp	aluminium	frame16	solvated	primary		/data/Seafile/amp/al_surf/frames/frame16/amp_al_frame16.densitiesinfo	data/primary_calculations/aluminium_surface/amp/selected_frames/frame16/solvated/amp_al_frame16.densitiesinfo	1838	
amp	aluminium	frame16	solvated	primary		/data/Seafile/amp/al_surf/frames/frame16/amp_al_frame16.engrad	data/primary_calculations/aluminium_surface/amp/selected_frames/frame16/solvated/amp_al_frame16.engrad	18324	
amp	aluminium	frame16	solvated	primary		/data/Seafile/amp/al_surf/frames/frame16/amp_al_frame16.inp	data/primary_calculations/aluminium_surface/amp/selected_frames/frame16/solvated/amp_al_frame16.inp	586	
amp	aluminium	frame16	solvated	primary		/data/Seafile/amp/al_surf/frames/frame16/amp_al_frame16.opt	data/primary_calculations/aluminium_surface/amp/selected_frames/frame16/solvated/amp_al_frame16.opt	134184	
amp	aluminium	frame16	solvated	primary	normal	/data/Seafile/amp/al_surf/frames/frame16/amp_al_frame16.out	data/primary_calculations/aluminium_surface/amp/selected_frames/frame16/solvated/amp_al_frame16.out	17000707	
amp	aluminium	frame16	solvated	primary		/data/Seafile/amp/al_surf/frames/frame16/amp_al_frame16.xyz	data/primary_calculations/aluminium_surface/amp/selected_frames/frame16/solvated/amp_al_frame16.xyz	12258	
amp	aluminium	frame16	solvated	primary		/data/Seafile/amp/al_surf/frames/frame16/amp_al_frame16_trj.xyz	data/primary_calculations/aluminium_surface/amp/selected_frames/frame16/solvated/amp_al_frame16_trj.xyz	826254	
amp	aluminium	frame16	solvated	primary		/data/Seafile/amp/al_surf/frames/frame16/frame16.xyz	data/primary_calculations/aluminium_surface/amp/selected_frames/frame16/solvated/frame16.xyz	12016	
amp	aluminium	frame16	dry	primary		/data/Seafile/amp/al_surf/frames/frame16/dry/amp_al_frame16.xyz	data/primary_calculations/aluminium_surface/amp/selected_frames/frame16/dry/amp_al_frame16.xyz	12258	
amp	aluminium	frame16	dry	primary		/data/Seafile/amp/al_surf/frames/frame16/dry/amp_al_frame16_dry.bibtex	data/primary_calculations/aluminium_surface/amp/selected_frames/frame16/dry/amp_al_frame16_dry.bibtex	4334	
amp	aluminium	frame16	dry	primary		/data/Seafile/amp/al_surf/frames/frame16/dry/amp_al_frame16_dry.densitiesinfo	data/primary_calculations/aluminium_surface/amp/selected_frames/frame16/dry/amp_al_frame16_dry.densitiesinfo	1838	
amp	aluminium	frame16	dry	primary		/data/Seafile/amp/al_surf/frames/frame16/dry/amp_al_frame16_dry.engrad	data/primary_calculations/aluminium_surface/amp/selected_frames/frame16/dry/amp_al_frame16_dry.engrad	18324	
amp	aluminium	frame16	dry	primary		/data/Seafile/amp/al_surf/frames/frame16/dry/amp_al_frame16_dry.inp	data/primary_calculations/aluminium_surface/amp/selected_frames/frame16/dry/amp_al_frame16_dry.inp	581	
amp	aluminium	frame16	dry	primary		/data/Seafile/amp/al_surf/frames/frame16/dry/amp_al_frame16_dry.opt	data/primary_calculations/aluminium_surface/amp/selected_frames/frame16/dry/amp_al_frame16_dry.opt	132892	
amp	aluminium	frame16	dry	primary	normal	/data/Seafile/amp/al_surf/frames/frame16/dry/amp_al_frame16_dry.out	data/primary_calculations/aluminium_surface/amp/selected_frames/frame16/dry/amp_al_frame16_dry.out	7732286	
amp	aluminium	frame16	dry	primary		/data/Seafile/amp/al_surf/frames/frame16/dry/amp_al_frame16_dry.xyz	data/primary_calculations/aluminium_surface/amp/selected_frames/frame16/dry/amp_al_frame16_dry.xyz	12266	
amp	aluminium	frame16	dry	primary		/data/Seafile/amp/al_surf/frames/frame16/dry/amp_al_frame16_dry_trj.xyz	data/primary_calculations/aluminium_surface/amp/selected_frames/frame16/dry/amp_al_frame16_dry_trj.xyz	371040	
cmp	canonical		docking	primary		/data/Seafile/cmp/docking/docking.inp	data/primary_calculations/canonical_surface/cmp/docking/raw/docking.inp	118	docking provenance used for frame selection
cmp	canonical		docking	primary	normal	/data/Seafile/cmp/docking/docking.out	data/primary_calculations/canonical_surface/cmp/docking/raw/docking.out	24460	docking provenance used for frame selection
cmp	canonical		docking	primary		/data/Seafile/cmp/docking/flower_ring.xyz	data/primary_calculations/canonical_surface/cmp/docking/raw/flower_ring.xyz	9514	docking provenance used for frame selection
cmp	canonical	frame14	initial	primary		/data/Seafile/cmp/frames/frame14/frame14.xyz	data/primary_calculations/canonical_surface/cmp/selected_frames/frame14/initial/frame14.xyz	11880	
cmp	canonical	frame14	solvated	primary		/data/Seafile/cmp/frames/frame14/cmp_frame14.bibtex	data/primary_calculations/canonical_surface/cmp/selected_frames/frame14/solvated/cmp_frame14.bibtex	4659	
cmp	canonical	frame14	solvated	primary		/data/Seafile/cmp/frames/frame14/cmp_frame14.cpcm_corr	data/primary_calculations/canonical_surface/cmp/selected_frames/frame14/solvated/cmp_frame14.cpcm_corr	232615	
cmp	canonical	frame14	solvated	primary		/data/Seafile/cmp/frames/frame14/cmp_frame14.densitiesinfo	data/primary_calculations/canonical_surface/cmp/selected_frames/frame14/solvated/cmp_frame14.densitiesinfo	1838	
cmp	canonical	frame14	solvated	primary		/data/Seafile/cmp/frames/frame14/cmp_frame14.engrad	data/primary_calculations/canonical_surface/cmp/selected_frames/frame14/solvated/cmp_frame14.engrad	18100	
cmp	canonical	frame14	solvated	primary		/data/Seafile/cmp/frames/frame14/cmp_frame14.inp	data/primary_calculations/canonical_surface/cmp/selected_frames/frame14/solvated/cmp_frame14.inp	586	
cmp	canonical	frame14	solvated	primary		/data/Seafile/cmp/frames/frame14/cmp_frame14.opt	data/primary_calculations/canonical_surface/cmp/selected_frames/frame14/solvated/cmp_frame14.opt	128828	
cmp	canonical	frame14	solvated	primary	normal	/data/Seafile/cmp/frames/frame14/cmp_frame14.out	data/primary_calculations/canonical_surface/cmp/selected_frames/frame14/solvated/cmp_frame14.out	14555633	
cmp	canonical	frame14	solvated	primary		/data/Seafile/cmp/frames/frame14/cmp_frame14.xyz	data/primary_calculations/canonical_surface/cmp/selected_frames/frame14/solvated/cmp_frame14.xyz	12097	
cmp	canonical	frame14	solvated	primary		/data/Seafile/cmp/frames/frame14/cmp_frame14_trj.xyz	data/primary_calculations/canonical_surface/cmp/selected_frames/frame14/solvated/cmp_frame14_trj.xyz	723615	
cmp	canonical	frame14	solvated	primary		/data/Seafile/cmp/frames/frame14/frame14.xyz	data/primary_calculations/canonical_surface/cmp/selected_frames/frame14/solvated/frame14.xyz	11880	
cmp	canonical	frame14	dry	primary		/data/Seafile/cmp/frames/frame14/dry/cmp_frame14.xyz	data/primary_calculations/canonical_surface/cmp/selected_frames/frame14/dry/cmp_frame14.xyz	12097	
cmp	canonical	frame14	dry	primary		/data/Seafile/cmp/frames/frame14/dry/cmp_frame14_dry.bibtex	data/primary_calculations/canonical_surface/cmp/selected_frames/frame14/dry/cmp_frame14_dry.bibtex	4334	
cmp	canonical	frame14	dry	primary		/data/Seafile/cmp/frames/frame14/dry/cmp_frame14_dry.densitiesinfo	data/primary_calculations/canonical_surface/cmp/selected_frames/frame14/dry/cmp_frame14_dry.densitiesinfo	1838	
cmp	canonical	frame14	dry	primary		/data/Seafile/cmp/frames/frame14/dry/cmp_frame14_dry.engrad	data/primary_calculations/canonical_surface/cmp/selected_frames/frame14/dry/cmp_frame14_dry.engrad	18100	
cmp	canonical	frame14	dry	primary		/data/Seafile/cmp/frames/frame14/dry/cmp_frame14_dry.inp	data/primary_calculations/canonical_surface/cmp/selected_frames/frame14/dry/cmp_frame14_dry.inp	578	
cmp	canonical	frame14	dry	primary		/data/Seafile/cmp/frames/frame14/dry/cmp_frame14_dry.opt	data/primary_calculations/canonical_surface/cmp/selected_frames/frame14/dry/cmp_frame14_dry.opt	128228	
cmp	canonical	frame14	dry	primary	normal	/data/Seafile/cmp/frames/frame14/dry/cmp_frame14_dry.out	data/primary_calculations/canonical_surface/cmp/selected_frames/frame14/dry/cmp_frame14_dry.out	7395306	
cmp	canonical	frame14	dry	primary		/data/Seafile/cmp/frames/frame14/dry/cmp_frame14_dry.xyz	data/primary_calculations/canonical_surface/cmp/selected_frames/frame14/dry/cmp_frame14_dry.xyz	12105	
cmp	canonical	frame14	dry	primary		/data/Seafile/cmp/frames/frame14/dry/cmp_frame14_dry_trj.xyz	data/primary_calculations/canonical_surface/cmp/selected_frames/frame14/dry/cmp_frame14_dry_trj.xyz	358375	
cmp	canonical	frame15	initial	primary		/data/Seafile/cmp/frames/frame15/frame15.xyz	data/primary_calculations/canonical_surface/cmp/selected_frames/frame15/initial/frame15.xyz	11872	
cmp	canonical	frame15	solvated	primary		/data/Seafile/cmp/frames/frame15/cmp_frame15.bibtex	data/primary_calculations/canonical_surface/cmp/selected_frames/frame15/solvated/cmp_frame15.bibtex	4659	
cmp	canonical	frame15	solvated	primary		/data/Seafile/cmp/frames/frame15/cmp_frame15.cpcm_corr	data/primary_calculations/canonical_surface/cmp/selected_frames/frame15/solvated/cmp_frame15.cpcm_corr	230371	
cmp	canonical	frame15	solvated	primary		/data/Seafile/cmp/frames/frame15/cmp_frame15.densitiesinfo	data/primary_calculations/canonical_surface/cmp/selected_frames/frame15/solvated/cmp_frame15.densitiesinfo	1838	
cmp	canonical	frame15	solvated	primary		/data/Seafile/cmp/frames/frame15/cmp_frame15.engrad	data/primary_calculations/canonical_surface/cmp/selected_frames/frame15/solvated/cmp_frame15.engrad	18100	
cmp	canonical	frame15	solvated	primary		/data/Seafile/cmp/frames/frame15/cmp_frame15.inp	data/primary_calculations/canonical_surface/cmp/selected_frames/frame15/solvated/cmp_frame15.inp	586	
cmp	canonical	frame15	solvated	primary		/data/Seafile/cmp/frames/frame15/cmp_frame15.opt	data/primary_calculations/canonical_surface/cmp/selected_frames/frame15/solvated/cmp_frame15.opt	124616	
cmp	canonical	frame15	solvated	primary	normal	/data/Seafile/cmp/frames/frame15/cmp_frame15.out	data/primary_calculations/canonical_surface/cmp/selected_frames/frame15/solvated/cmp_frame15.out	6481430	
cmp	canonical	frame15	solvated	primary		/data/Seafile/cmp/frames/frame15/cmp_frame15.xyz	data/primary_calculations/canonical_surface/cmp/selected_frames/frame15/solvated/cmp_frame15.xyz	12064	
cmp	canonical	frame15	solvated	primary		/data/Seafile/cmp/frames/frame15/cmp_frame15_trj.xyz	data/primary_calculations/canonical_surface/cmp/selected_frames/frame15/solvated/cmp_frame15_trj.xyz	310944	
cmp	canonical	frame15	solvated	primary		/data/Seafile/cmp/frames/frame15/frame15.xyz	data/primary_calculations/canonical_surface/cmp/selected_frames/frame15/solvated/frame15.xyz	11872	
cmp	canonical	frame15	dry	primary		/data/Seafile/cmp/frames/frame15/dry/cmp_frame15.xyz	data/primary_calculations/canonical_surface/cmp/selected_frames/frame15/dry/cmp_frame15.xyz	12064	
cmp	canonical	frame15	dry	primary		/data/Seafile/cmp/frames/frame15/dry/cmp_frame15_dry.bibtex	data/primary_calculations/canonical_surface/cmp/selected_frames/frame15/dry/cmp_frame15_dry.bibtex	4334	
cmp	canonical	frame15	dry	primary		/data/Seafile/cmp/frames/frame15/dry/cmp_frame15_dry.densitiesinfo	data/primary_calculations/canonical_surface/cmp/selected_frames/frame15/dry/cmp_frame15_dry.densitiesinfo	1838	
cmp	canonical	frame15	dry	primary		/data/Seafile/cmp/frames/frame15/dry/cmp_frame15_dry.engrad	data/primary_calculations/canonical_surface/cmp/selected_frames/frame15/dry/cmp_frame15_dry.engrad	18100	
cmp	canonical	frame15	dry	primary		/data/Seafile/cmp/frames/frame15/dry/cmp_frame15_dry.inp	data/primary_calculations/canonical_surface/cmp/selected_frames/frame15/dry/cmp_frame15_dry.inp	578	
cmp	canonical	frame15	dry	primary		/data/Seafile/cmp/frames/frame15/dry/cmp_frame15_dry.opt	data/primary_calculations/canonical_surface/cmp/selected_frames/frame15/dry/cmp_frame15_dry.opt	133280	
cmp	canonical	frame15	dry	primary	normal	/data/Seafile/cmp/frames/frame15/dry/cmp_frame15_dry.out	data/primary_calculations/canonical_surface/cmp/selected_frames/frame15/dry/cmp_frame15_dry.out	7265718	
cmp	canonical	frame15	dry	primary		/data/Seafile/cmp/frames/frame15/dry/cmp_frame15_dry.xyz	data/primary_calculations/canonical_surface/cmp/selected_frames/frame15/dry/cmp_frame15_dry.xyz	12105	
cmp	canonical	frame15	dry	primary		/data/Seafile/cmp/frames/frame15/dry/cmp_frame15_dry_trj.xyz	data/primary_calculations/canonical_surface/cmp/selected_frames/frame15/dry/cmp_frame15_dry_trj.xyz	343125	
cmp	aluminium		docking	primary	not_normal	/data/Seafile/cmp/al_surf/al_docking/docking.docker.struc1.opt1.out	data/primary_calculations/aluminium_surface/cmp/docking/raw/docking.docker.struc1.opt1.out	16327084	docking provenance used for frame selection
cmp	aluminium		docking	primary		/data/Seafile/cmp/al_surf/al_docking/docking.inp	data/primary_calculations/aluminium_surface/cmp/docking/raw/docking.inp	122	docking provenance used for frame selection
cmp	aluminium		docking	primary	normal	/data/Seafile/cmp/al_surf/al_docking/docking.out	data/primary_calculations/aluminium_surface/cmp/docking/raw/docking.out	24665	docking provenance used for frame selection
cmp	aluminium		docking	primary		/data/Seafile/cmp/al_surf/al_docking/flower_ring_al.xyz	data/primary_calculations/aluminium_surface/cmp/docking/raw/flower_ring_al.xyz	9539	docking provenance used for frame selection
cmp	aluminium	frame14	initial	primary		/data/Seafile/cmp/al_surf/frames/frame14/frame14.xyz	data/primary_calculations/aluminium_surface/cmp/selected_frames/frame14/initial/frame14.xyz	11881	
cmp	aluminium	frame14	solvated	primary		/data/Seafile/cmp/al_surf/frames/frame14/cmp_al_frame14.bibtex	data/primary_calculations/aluminium_surface/cmp/selected_frames/frame14/solvated/cmp_al_frame14.bibtex	4659	
cmp	aluminium	frame14	solvated	primary		/data/Seafile/cmp/al_surf/frames/frame14/cmp_al_frame14.cpcm_corr	data/primary_calculations/aluminium_surface/cmp/selected_frames/frame14/solvated/cmp_al_frame14.cpcm_corr	232258	
cmp	aluminium	frame14	solvated	primary		/data/Seafile/cmp/al_surf/frames/frame14/cmp_al_frame14.densitiesinfo	data/primary_calculations/aluminium_surface/cmp/selected_frames/frame14/solvated/cmp_al_frame14.densitiesinfo	1838	
cmp	aluminium	frame14	solvated	primary		/data/Seafile/cmp/al_surf/frames/frame14/cmp_al_frame14.engrad	data/primary_calculations/aluminium_surface/cmp/selected_frames/frame14/solvated/cmp_al_frame14.engrad	18100	
cmp	aluminium	frame14	solvated	primary		/data/Seafile/cmp/al_surf/frames/frame14/cmp_al_frame14.inp	data/primary_calculations/aluminium_surface/cmp/selected_frames/frame14/solvated/cmp_al_frame14.inp	586	
cmp	aluminium	frame14	solvated	primary		/data/Seafile/cmp/al_surf/frames/frame14/cmp_al_frame14.opt	data/primary_calculations/aluminium_surface/cmp/selected_frames/frame14/solvated/cmp_al_frame14.opt	122804	
cmp	aluminium	frame14	solvated	primary	normal	/data/Seafile/cmp/al_surf/frames/frame14/cmp_al_frame14.out	data/primary_calculations/aluminium_surface/cmp/selected_frames/frame14/solvated/cmp_al_frame14.out	17133241	
cmp	aluminium	frame14	solvated	primary		/data/Seafile/cmp/al_surf/frames/frame14/cmp_al_frame14.xyz	data/primary_calculations/aluminium_surface/cmp/selected_frames/frame14/solvated/cmp_al_frame14.xyz	12108	
cmp	aluminium	frame14	solvated	primary		/data/Seafile/cmp/al_surf/frames/frame14/cmp_al_frame14_trj.xyz	data/primary_calculations/aluminium_surface/cmp/selected_frames/frame14/solvated/cmp_al_frame14_trj.xyz	869592	
cmp	aluminium	frame14	solvated	primary		/data/Seafile/cmp/al_surf/frames/frame14/frame14.xyz	data/primary_calculations/aluminium_surface/cmp/selected_frames/frame14/solvated/frame14.xyz	11881	
cmp	aluminium	frame14	dry	primary		/data/Seafile/cmp/al_surf/frames/frame14/dry/cmp_al_frame14.xyz	data/primary_calculations/aluminium_surface/cmp/selected_frames/frame14/dry/cmp_al_frame14.xyz	12108	
cmp	aluminium	frame14	dry	primary		/data/Seafile/cmp/al_surf/frames/frame14/dry/cmp_al_frame14_dry.bibtex	data/primary_calculations/aluminium_surface/cmp/selected_frames/frame14/dry/cmp_al_frame14_dry.bibtex	4659	
cmp	aluminium	frame14	dry	primary		/data/Seafile/cmp/al_surf/frames/frame14/dry/cmp_al_frame14_dry.cpcm_corr	data/primary_calculations/aluminium_surface/cmp/selected_frames/frame14/dry/cmp_al_frame14_dry.cpcm_corr	232156	
cmp	aluminium	frame14	dry	primary		/data/Seafile/cmp/al_surf/frames/frame14/dry/cmp_al_frame14_dry.densitiesinfo	data/primary_calculations/aluminium_surface/cmp/selected_frames/frame14/dry/cmp_al_frame14_dry.densitiesinfo	1838	
cmp	aluminium	frame14	dry	primary		/data/Seafile/cmp/al_surf/frames/frame14/dry/cmp_al_frame14_dry.engrad	data/primary_calculations/aluminium_surface/cmp/selected_frames/frame14/dry/cmp_al_frame14_dry.engrad	18100	
cmp	aluminium	frame14	dry	primary		/data/Seafile/cmp/al_surf/frames/frame14/dry/cmp_al_frame14_dry.inp	data/primary_calculations/aluminium_surface/cmp/selected_frames/frame14/dry/cmp_al_frame14_dry.inp	593	
cmp	aluminium	frame14	dry	primary		/data/Seafile/cmp/al_surf/frames/frame14/dry/cmp_al_frame14_dry.opt	data/primary_calculations/aluminium_surface/cmp/selected_frames/frame14/dry/cmp_al_frame14_dry.opt	129716	
cmp	aluminium	frame14	dry	primary	normal	/data/Seafile/cmp/al_surf/frames/frame14/dry/cmp_al_frame14_dry.out	data/primary_calculations/aluminium_surface/cmp/selected_frames/frame14/dry/cmp_al_frame14_dry.out	1317608	
cmp	aluminium	frame14	dry	primary		/data/Seafile/cmp/al_surf/frames/frame14/dry/cmp_al_frame14_dry.xyz	data/primary_calculations/aluminium_surface/cmp/selected_frames/frame14/dry/cmp_al_frame14_dry.xyz	12116	
cmp	aluminium	frame14	dry	primary		/data/Seafile/cmp/al_surf/frames/frame14/dry/cmp_al_frame14_dry_trj.xyz	data/primary_calculations/aluminium_surface/cmp/selected_frames/frame14/dry/cmp_al_frame14_dry_trj.xyz	45816	
cmp	aluminium	frame15	initial	primary		/data/Seafile/cmp/al_surf/frames/frame15/frame15.xyz	data/primary_calculations/aluminium_surface/cmp/selected_frames/frame15/initial/frame15.xyz	11864	
cmp	aluminium	frame15	solvated	primary		/data/Seafile/cmp/al_surf/frames/frame15/cmp_al_frame15.bibtex	data/primary_calculations/aluminium_surface/cmp/selected_frames/frame15/solvated/cmp_al_frame15.bibtex	4659	
cmp	aluminium	frame15	solvated	primary		/data/Seafile/cmp/al_surf/frames/frame15/cmp_al_frame15.cpcm_corr	data/primary_calculations/aluminium_surface/cmp/selected_frames/frame15/solvated/cmp_al_frame15.cpcm_corr	235641	
cmp	aluminium	frame15	solvated	primary		/data/Seafile/cmp/al_surf/frames/frame15/cmp_al_frame15.densitiesinfo	data/primary_calculations/aluminium_surface/cmp/selected_frames/frame15/solvated/cmp_al_frame15.densitiesinfo	1838	
cmp	aluminium	frame15	solvated	primary		/data/Seafile/cmp/al_surf/frames/frame15/cmp_al_frame15.engrad	data/primary_calculations/aluminium_surface/cmp/selected_frames/frame15/solvated/cmp_al_frame15.engrad	18100	
cmp	aluminium	frame15	solvated	primary		/data/Seafile/cmp/al_surf/frames/frame15/cmp_al_frame15.inp	data/primary_calculations/aluminium_surface/cmp/selected_frames/frame15/solvated/cmp_al_frame15.inp	586	
cmp	aluminium	frame15	solvated	primary		/data/Seafile/cmp/al_surf/frames/frame15/cmp_al_frame15.opt	data/primary_calculations/aluminium_surface/cmp/selected_frames/frame15/solvated/cmp_al_frame15.opt	121912	
cmp	aluminium	frame15	solvated	primary	normal	/data/Seafile/cmp/al_surf/frames/frame15/cmp_al_frame15.out	data/primary_calculations/aluminium_surface/cmp/selected_frames/frame15/solvated/cmp_al_frame15.out	10389449	
cmp	aluminium	frame15	solvated	primary		/data/Seafile/cmp/al_surf/frames/frame15/cmp_al_frame15.xyz	data/primary_calculations/aluminium_surface/cmp/selected_frames/frame15/solvated/cmp_al_frame15.xyz	12108	
cmp	aluminium	frame15	solvated	primary		/data/Seafile/cmp/al_surf/frames/frame15/cmp_al_frame15_trj.xyz	data/primary_calculations/aluminium_surface/cmp/selected_frames/frame15/solvated/cmp_al_frame15_trj.xyz	518704	
cmp	aluminium	frame15	solvated	primary		/data/Seafile/cmp/al_surf/frames/frame15/frame15.xyz	data/primary_calculations/aluminium_surface/cmp/selected_frames/frame15/solvated/frame15.xyz	11864	
cmp	aluminium	frame15	dry	primary		/data/Seafile/cmp/al_surf/frames/frame15/dry/cmp_al_frame15.xyz	data/primary_calculations/aluminium_surface/cmp/selected_frames/frame15/dry/cmp_al_frame15.xyz	12108	
cmp	aluminium	frame15	dry	primary		/data/Seafile/cmp/al_surf/frames/frame15/dry/cmp_al_frame15_dry.bibtex	data/primary_calculations/aluminium_surface/cmp/selected_frames/frame15/dry/cmp_al_frame15_dry.bibtex	4334	
cmp	aluminium	frame15	dry	primary		/data/Seafile/cmp/al_surf/frames/frame15/dry/cmp_al_frame15_dry.densitiesinfo	data/primary_calculations/aluminium_surface/cmp/selected_frames/frame15/dry/cmp_al_frame15_dry.densitiesinfo	1838	
cmp	aluminium	frame15	dry	primary		/data/Seafile/cmp/al_surf/frames/frame15/dry/cmp_al_frame15_dry.engrad	data/primary_calculations/aluminium_surface/cmp/selected_frames/frame15/dry/cmp_al_frame15_dry.engrad	18100	
cmp	aluminium	frame15	dry	primary		/data/Seafile/cmp/al_surf/frames/frame15/dry/cmp_al_frame15_dry.inp	data/primary_calculations/aluminium_surface/cmp/selected_frames/frame15/dry/cmp_al_frame15_dry.inp	581	
cmp	aluminium	frame15	dry	primary		/data/Seafile/cmp/al_surf/frames/frame15/dry/cmp_al_frame15_dry.opt	data/primary_calculations/aluminium_surface/cmp/selected_frames/frame15/dry/cmp_al_frame15_dry.opt	131216	
cmp	aluminium	frame15	dry	primary	normal	/data/Seafile/cmp/al_surf/frames/frame15/dry/cmp_al_frame15_dry.out	data/primary_calculations/aluminium_surface/cmp/selected_frames/frame15/dry/cmp_al_frame15_dry.out	8249469	
cmp	aluminium	frame15	dry	primary		/data/Seafile/cmp/al_surf/frames/frame15/dry/cmp_al_frame15_dry.xyz	data/primary_calculations/aluminium_surface/cmp/selected_frames/frame15/dry/cmp_al_frame15_dry.xyz	12116	
cmp	aluminium	frame15	dry	primary		/data/Seafile/cmp/al_surf/frames/frame15/dry/cmp_al_frame15_dry_trj.xyz	data/primary_calculations/aluminium_surface/cmp/selected_frames/frame15/dry/cmp_al_frame15_dry_trj.xyz	397072	
gmp	canonical		docking	primary	not_normal	/data/Seafile/gmp/docking/docking.docker.struc1.preopt182.out	data/primary_calculations/canonical_surface/gmp/docking/raw/docking.docker.struc1.preopt182.out	668036	docking provenance used for frame selection
gmp	canonical		docking	primary	not_normal	/data/Seafile/gmp/docking/docking.docker.struc1.preopt198.out	data/primary_calculations/canonical_surface/gmp/docking/raw/docking.docker.struc1.preopt198.out	1696311	docking provenance used for frame selection
gmp	canonical		docking	primary	not_normal	/data/Seafile/gmp/docking/docking.docker.struc1.preopt72.out	data/primary_calculations/canonical_surface/gmp/docking/raw/docking.docker.struc1.preopt72.out	1635850	docking provenance used for frame selection
gmp	canonical		docking	primary		/data/Seafile/gmp/docking/docking.inp	data/primary_calculations/canonical_surface/gmp/docking/raw/docking.inp	118	docking provenance used for frame selection
gmp	canonical		docking	primary	normal	/data/Seafile/gmp/docking/docking.out	data/primary_calculations/canonical_surface/gmp/docking/raw/docking.out	24753	docking provenance used for frame selection
gmp	canonical		docking	primary		/data/Seafile/gmp/docking/flower_ring.xyz	data/primary_calculations/canonical_surface/gmp/docking/raw/flower_ring.xyz	9514	docking provenance used for frame selection
gmp	canonical	frame15	initial	primary		/data/Seafile/gmp/frames/frame15/frame15.xyz	data/primary_calculations/canonical_surface/gmp/selected_frames/frame15/initial/frame15.xyz	12095	
gmp	canonical	frame15	solvated	primary		/data/Seafile/gmp/frames/frame15/frame15.xyz	data/primary_calculations/canonical_surface/gmp/selected_frames/frame15/solvated/frame15.xyz	12095	
gmp	canonical	frame15	solvated	primary		/data/Seafile/gmp/frames/frame15/gmp_frame15.bibtex	data/primary_calculations/canonical_surface/gmp/selected_frames/frame15/solvated/gmp_frame15.bibtex	4659	
gmp	canonical	frame15	solvated	primary		/data/Seafile/gmp/frames/frame15/gmp_frame15.cpcm_corr	data/primary_calculations/canonical_surface/gmp/selected_frames/frame15/solvated/gmp_frame15.cpcm_corr	237817	
gmp	canonical	frame15	solvated	primary		/data/Seafile/gmp/frames/frame15/gmp_frame15.densitiesinfo	data/primary_calculations/canonical_surface/gmp/selected_frames/frame15/solvated/gmp_frame15.densitiesinfo	1838	
gmp	canonical	frame15	solvated	primary		/data/Seafile/gmp/frames/frame15/gmp_frame15.engrad	data/primary_calculations/canonical_surface/gmp/selected_frames/frame15/solvated/gmp_frame15.engrad	18436	
gmp	canonical	frame15	solvated	primary		/data/Seafile/gmp/frames/frame15/gmp_frame15.inp	data/primary_calculations/canonical_surface/gmp/selected_frames/frame15/solvated/gmp_frame15.inp	586	
gmp	canonical	frame15	solvated	primary		/data/Seafile/gmp/frames/frame15/gmp_frame15.opt	data/primary_calculations/canonical_surface/gmp/selected_frames/frame15/solvated/gmp_frame15.opt	136808	
gmp	canonical	frame15	solvated	primary	normal	/data/Seafile/gmp/frames/frame15/gmp_frame15.out	data/primary_calculations/canonical_surface/gmp/selected_frames/frame15/solvated/gmp_frame15.out	14315708	
gmp	canonical	frame15	solvated	primary		/data/Seafile/gmp/frames/frame15/gmp_frame15.xyz	data/primary_calculations/canonical_surface/gmp/selected_frames/frame15/solvated/gmp_frame15.xyz	12289	
gmp	canonical	frame15	solvated	primary		/data/Seafile/gmp/frames/frame15/gmp_frame15_trj.xyz	data/primary_calculations/canonical_surface/gmp/selected_frames/frame15/solvated/gmp_frame15_trj.xyz	679800	
gmp	canonical	frame15	dry	primary		/data/Seafile/gmp/frames/frame15/dry/gmp_frame15.xyz	data/primary_calculations/canonical_surface/gmp/selected_frames/frame15/dry/gmp_frame15.xyz	12289	
gmp	canonical	frame15	dry	primary		/data/Seafile/gmp/frames/frame15/dry/gmp_frame15_dry.bibtex	data/primary_calculations/canonical_surface/gmp/selected_frames/frame15/dry/gmp_frame15_dry.bibtex	4334	
gmp	canonical	frame15	dry	primary		/data/Seafile/gmp/frames/frame15/dry/gmp_frame15_dry.densitiesinfo	data/primary_calculations/canonical_surface/gmp/selected_frames/frame15/dry/gmp_frame15_dry.densitiesinfo	1838	
gmp	canonical	frame15	dry	primary		/data/Seafile/gmp/frames/frame15/dry/gmp_frame15_dry.engrad	data/primary_calculations/canonical_surface/gmp/selected_frames/frame15/dry/gmp_frame15_dry.engrad	18436	
gmp	canonical	frame15	dry	primary		/data/Seafile/gmp/frames/frame15/dry/gmp_frame15_dry.inp	data/primary_calculations/canonical_surface/gmp/selected_frames/frame15/dry/gmp_frame15_dry.inp	578	
gmp	canonical	frame15	dry	primary		/data/Seafile/gmp/frames/frame15/dry/gmp_frame15_dry.opt	data/primary_calculations/canonical_surface/gmp/selected_frames/frame15/dry/gmp_frame15_dry.opt	122440	
gmp	canonical	frame15	dry	primary	normal	/data/Seafile/gmp/frames/frame15/dry/gmp_frame15_dry.out	data/primary_calculations/canonical_surface/gmp/selected_frames/frame15/dry/gmp_frame15_dry.out	17411435	
gmp	canonical	frame15	dry	primary		/data/Seafile/gmp/frames/frame15/dry/gmp_frame15_dry.xyz	data/primary_calculations/canonical_surface/gmp/selected_frames/frame15/dry/gmp_frame15_dry.xyz	12330	
gmp	canonical	frame15	dry	primary		/data/Seafile/gmp/frames/frame15/dry/gmp_frame15_dry_trj.xyz	data/primary_calculations/canonical_surface/gmp/selected_frames/frame15/dry/gmp_frame15_dry_trj.xyz	893090	
gmp	canonical	frame16	initial	primary		/data/Seafile/gmp/frames/frame16/frame16.xyz	data/primary_calculations/canonical_surface/gmp/selected_frames/frame16/initial/frame16.xyz	12092	
gmp	canonical	frame16	solvated	primary		/data/Seafile/gmp/frames/frame16/frame16.xyz	data/primary_calculations/canonical_surface/gmp/selected_frames/frame16/solvated/frame16.xyz	12092	
gmp	canonical	frame16	solvated	primary		/data/Seafile/gmp/frames/frame16/gmp_frame16.bibtex	data/primary_calculations/canonical_surface/gmp/selected_frames/frame16/solvated/gmp_frame16.bibtex	4659	
gmp	canonical	frame16	solvated	primary		/data/Seafile/gmp/frames/frame16/gmp_frame16.cpcm_corr	data/primary_calculations/canonical_surface/gmp/selected_frames/frame16/solvated/gmp_frame16.cpcm_corr	240095	
gmp	canonical	frame16	solvated	primary		/data/Seafile/gmp/frames/frame16/gmp_frame16.densitiesinfo	data/primary_calculations/canonical_surface/gmp/selected_frames/frame16/solvated/gmp_frame16.densitiesinfo	1838	
gmp	canonical	frame16	solvated	primary		/data/Seafile/gmp/frames/frame16/gmp_frame16.engrad	data/primary_calculations/canonical_surface/gmp/selected_frames/frame16/solvated/gmp_frame16.engrad	18436	
gmp	canonical	frame16	solvated	primary		/data/Seafile/gmp/frames/frame16/gmp_frame16.inp	data/primary_calculations/canonical_surface/gmp/selected_frames/frame16/solvated/gmp_frame16.inp	586	
gmp	canonical	frame16	solvated	primary		/data/Seafile/gmp/frames/frame16/gmp_frame16.opt	data/primary_calculations/canonical_surface/gmp/selected_frames/frame16/solvated/gmp_frame16.opt	123452	
gmp	canonical	frame16	solvated	primary	normal	/data/Seafile/gmp/frames/frame16/gmp_frame16.out	data/primary_calculations/canonical_surface/gmp/selected_frames/frame16/solvated/gmp_frame16.out	9001876	
gmp	canonical	frame16	solvated	primary		/data/Seafile/gmp/frames/frame16/gmp_frame16.xyz	data/primary_calculations/canonical_surface/gmp/selected_frames/frame16/solvated/gmp_frame16.xyz	12289	
gmp	canonical	frame16	solvated	primary		/data/Seafile/gmp/frames/frame16/gmp_frame16_trj.xyz	data/primary_calculations/canonical_surface/gmp/selected_frames/frame16/solvated/gmp_frame16_trj.xyz	448050	
gmp	canonical	frame16	dry	primary		/data/Seafile/gmp/frames/frame16/dry/gmp_frame16.xyz	data/primary_calculations/canonical_surface/gmp/selected_frames/frame16/dry/gmp_frame16.xyz	12289	
gmp	canonical	frame16	dry	primary		/data/Seafile/gmp/frames/frame16/dry/gmp_frame16_dry.bibtex	data/primary_calculations/canonical_surface/gmp/selected_frames/frame16/dry/gmp_frame16_dry.bibtex	4334	
gmp	canonical	frame16	dry	primary		/data/Seafile/gmp/frames/frame16/dry/gmp_frame16_dry.densitiesinfo	data/primary_calculations/canonical_surface/gmp/selected_frames/frame16/dry/gmp_frame16_dry.densitiesinfo	1838	
gmp	canonical	frame16	dry	primary		/data/Seafile/gmp/frames/frame16/dry/gmp_frame16_dry.engrad	data/primary_calculations/canonical_surface/gmp/selected_frames/frame16/dry/gmp_frame16_dry.engrad	18436	
gmp	canonical	frame16	dry	primary		/data/Seafile/gmp/frames/frame16/dry/gmp_frame16_dry.inp	data/primary_calculations/canonical_surface/gmp/selected_frames/frame16/dry/gmp_frame16_dry.inp	578	
gmp	canonical	frame16	dry	primary		/data/Seafile/gmp/frames/frame16/dry/gmp_frame16_dry.opt	data/primary_calculations/canonical_surface/gmp/selected_frames/frame16/dry/gmp_frame16_dry.opt	132300	
gmp	canonical	frame16	dry	primary	normal	/data/Seafile/gmp/frames/frame16/dry/gmp_frame16_dry.out	data/primary_calculations/canonical_surface/gmp/selected_frames/frame16/dry/gmp_frame16_dry.out	13078750	
gmp	canonical	frame16	dry	primary		/data/Seafile/gmp/frames/frame16/dry/gmp_frame16_dry.xyz	data/primary_calculations/canonical_surface/gmp/selected_frames/frame16/dry/gmp_frame16_dry.xyz	12293	
gmp	canonical	frame16	dry	primary		/data/Seafile/gmp/frames/frame16/dry/gmp_frame16_dry_trj.xyz	data/primary_calculations/canonical_surface/gmp/selected_frames/frame16/dry/gmp_frame16_dry_trj.xyz	641507	
gmp	canonical	frame16	unconstrained	check		/data/Seafile/gmp/frames/frame16/unconstrained/frame16.xyz	data/primary_calculations/canonical_surface/gmp/checks/frame16/unconstrained/frame16.xyz	12092	non-primary check or exploratory calculation
gmp	canonical	frame16	unconstrained	check		/data/Seafile/gmp/frames/frame16/unconstrained/gmp_frame16 (copy).inp	data/primary_calculations/canonical_surface/gmp/checks/frame16/unconstrained/gmp_frame16 (copy).inp	101	non-primary check or exploratory calculation
gmp	canonical	frame16	unconstrained	check		/data/Seafile/gmp/frames/frame16/unconstrained/gmp_frame16.cpcm_corr	data/primary_calculations/canonical_surface/gmp/checks/frame16/unconstrained/gmp_frame16.cpcm_corr	231323	non-primary check or exploratory calculation
gmp	canonical	frame16	unconstrained	check		/data/Seafile/gmp/frames/frame16/unconstrained/gmp_frame16.densitiesinfo	data/primary_calculations/canonical_surface/gmp/checks/frame16/unconstrained/gmp_frame16.densitiesinfo	1838	non-primary check or exploratory calculation
gmp	canonical	frame16	unconstrained	check		/data/Seafile/gmp/frames/frame16/unconstrained/gmp_frame16.opt	data/primary_calculations/canonical_surface/gmp/checks/frame16/unconstrained/gmp_frame16.opt	149252	non-primary check or exploratory calculation
gmp	canonical	frame16	unconstrained	check	not_normal	/data/Seafile/gmp/frames/frame16/unconstrained/gmp_frame16.out	data/primary_calculations/canonical_surface/gmp/checks/frame16/unconstrained/gmp_frame16.out	17375132	non-primary check or exploratory calculation
gmp	canonical	frame16	unconstrained	check		/data/Seafile/gmp/frames/frame16/unconstrained/gmp_frame16.xyz	data/primary_calculations/canonical_surface/gmp/checks/frame16/unconstrained/gmp_frame16.xyz	12267	non-primary check or exploratory calculation
gmp	canonical	frame16	unconstrained	check		/data/Seafile/gmp/frames/frame16/unconstrained/gmp_frame16_trj.xyz	data/primary_calculations/canonical_surface/gmp/checks/frame16/unconstrained/gmp_frame16_trj.xyz	811125	non-primary check or exploratory calculation
gmp	aluminium		docking	primary	not_normal	/data/Seafile/gmp/al_surf/al_docking_complete/docking.docker.struc1.preopt101.out	data/primary_calculations/aluminium_surface/gmp/docking/al_docking_complete/docking.docker.struc1.preopt101.out	1575362	docking provenance used for frame selection
gmp	aluminium		docking	primary		/data/Seafile/gmp/al_surf/al_docking_complete/docking.inp	data/primary_calculations/aluminium_surface/gmp/docking/al_docking_complete/docking.inp	134	docking provenance used for frame selection
gmp	aluminium		docking	primary	normal	/data/Seafile/gmp/al_surf/al_docking_complete/docking.out	data/primary_calculations/aluminium_surface/gmp/docking/al_docking_complete/docking.out	26333	docking provenance used for frame selection
gmp	aluminium		docking	primary		/data/Seafile/gmp/al_surf/al_docking_complete/flower_ring_al.xyz	data/primary_calculations/aluminium_surface/gmp/docking/al_docking_complete/flower_ring_al.xyz	9539	docking provenance used for frame selection
gmp	aluminium		docking	primary	not_normal	/data/Seafile/gmp/al_surf/al_docking_complete_nopt_100/docking_gmp_al_surf.docker.struc1.preopt101.out	data/primary_calculations/aluminium_surface/gmp/docking/al_docking_complete_nopt_100/docking_gmp_al_surf.docker.struc1.preopt101.out	1575362	docking provenance used for frame selection
gmp	aluminium		docking	primary	not_normal	/data/Seafile/gmp/al_surf/al_docking_complete_nopt_100/docking_gmp_al_surf.docker.struc1.preopt639.out	data/primary_calculations/aluminium_surface/gmp/docking/al_docking_complete_nopt_100/docking_gmp_al_surf.docker.struc1.preopt639.out	1938270	docking provenance used for frame selection
gmp	aluminium		docking	primary	not_normal	/data/Seafile/gmp/al_surf/al_docking_complete_nopt_100/docking_gmp_al_surf.docker.struc1.preopt769.out	data/primary_calculations/aluminium_surface/gmp/docking/al_docking_complete_nopt_100/docking_gmp_al_surf.docker.struc1.preopt769.out	758766	docking provenance used for frame selection
gmp	aluminium		docking	primary	not_normal	/data/Seafile/gmp/al_surf/al_docking_complete_nopt_100/docking_gmp_al_surf.docker.struc1.preopt962.out	data/primary_calculations/aluminium_surface/gmp/docking/al_docking_complete_nopt_100/docking_gmp_al_surf.docker.struc1.preopt962.out	1635827	docking provenance used for frame selection
gmp	aluminium		docking	primary		/data/Seafile/gmp/al_surf/al_docking_complete_nopt_100/docking_gmp_al_surf.inp	data/primary_calculations/aluminium_surface/gmp/docking/al_docking_complete_nopt_100/docking_gmp_al_surf.inp	135	docking provenance used for frame selection
gmp	aluminium		docking	primary	normal	/data/Seafile/gmp/al_surf/al_docking_complete_nopt_100/docking_gmp_al_surf.out	data/primary_calculations/aluminium_surface/gmp/docking/al_docking_complete_nopt_100/docking_gmp_al_surf.out	31262	docking provenance used for frame selection
gmp	aluminium		docking	primary		/data/Seafile/gmp/al_surf/al_docking_complete_nopt_100/flower_ring_al.xyz	data/primary_calculations/aluminium_surface/gmp/docking/al_docking_complete_nopt_100/flower_ring_al.xyz	9539	docking provenance used for frame selection
gmp	aluminium		docking	primary	not_normal	/data/Seafile/gmp/al_surf/al_docking_complete_nopt_50/docking.docker.struc1.preopt101.out	data/primary_calculations/aluminium_surface/gmp/docking/al_docking_complete_nopt_50/docking.docker.struc1.preopt101.out	1575362	docking provenance used for frame selection
gmp	aluminium		docking	primary	not_normal	/data/Seafile/gmp/al_surf/al_docking_complete_nopt_50/docking.docker.struc1.preopt639.out	data/primary_calculations/aluminium_surface/gmp/docking/al_docking_complete_nopt_50/docking.docker.struc1.preopt639.out	1938270	docking provenance used for frame selection
gmp	aluminium		docking	primary	not_normal	/data/Seafile/gmp/al_surf/al_docking_complete_nopt_50/docking.docker.struc1.preopt769.out	data/primary_calculations/aluminium_surface/gmp/docking/al_docking_complete_nopt_50/docking.docker.struc1.preopt769.out	758766	docking provenance used for frame selection
gmp	aluminium		docking	primary		/data/Seafile/gmp/al_surf/al_docking_complete_nopt_50/docking.inp	data/primary_calculations/aluminium_surface/gmp/docking/al_docking_complete_nopt_50/docking.inp	134	docking provenance used for frame selection
gmp	aluminium		docking	primary	normal	/data/Seafile/gmp/al_surf/al_docking_complete_nopt_50/docking.out	data/primary_calculations/aluminium_surface/gmp/docking/al_docking_complete_nopt_50/docking.out	28741	docking provenance used for frame selection
gmp	aluminium		docking	primary		/data/Seafile/gmp/al_surf/al_docking_complete_nopt_50/flower_ring_al.xyz	data/primary_calculations/aluminium_surface/gmp/docking/al_docking_complete_nopt_50/flower_ring_al.xyz	9539	docking provenance used for frame selection
gmp	aluminium		docking	primary		/data/Seafile/gmp/al_surf/al_docking_no_viable/docking.inp	data/primary_calculations/aluminium_surface/gmp/docking/al_docking_no_viable/docking.inp	122	docking provenance used for frame selection
gmp	aluminium		docking	primary	normal	/data/Seafile/gmp/al_surf/al_docking_no_viable/docking.out	data/primary_calculations/aluminium_surface/gmp/docking/al_docking_no_viable/docking.out	24665	docking provenance used for frame selection
gmp	aluminium		docking	primary		/data/Seafile/gmp/al_surf/al_docking_no_viable/flower_ring_al.xyz	data/primary_calculations/aluminium_surface/gmp/docking/al_docking_no_viable/flower_ring_al.xyz	9539	docking provenance used for frame selection
gmp	aluminium		docking	primary		/data/Seafile/gmp/al_surf/al_docking_nopt/docking.inp	data/primary_calculations/aluminium_surface/gmp/docking/al_docking_nopt/docking.inp	132	docking provenance used for frame selection
gmp	aluminium		docking	primary	normal	/data/Seafile/gmp/al_surf/al_docking_nopt/docking.out	data/primary_calculations/aluminium_surface/gmp/docking/al_docking_nopt/docking.out	24710	docking provenance used for frame selection
gmp	aluminium		docking	primary		/data/Seafile/gmp/al_surf/al_docking_nopt/flower_ring_al.xyz	data/primary_calculations/aluminium_surface/gmp/docking/al_docking_nopt/flower_ring_al.xyz	9539	docking provenance used for frame selection
gmp	aluminium	frame35	initial	primary		/data/Seafile/gmp/al_surf/frames/frame35/frame35.xyz	data/primary_calculations/aluminium_surface/gmp/selected_frames/frame35/initial/frame35.xyz	12070	
gmp	aluminium	frame35	solvated	primary		/data/Seafile/gmp/al_surf/frames/frame35/frame35.xyz	data/primary_calculations/aluminium_surface/gmp/selected_frames/frame35/solvated/frame35.xyz	12070	
gmp	aluminium	frame35	solvated	primary		/data/Seafile/gmp/al_surf/frames/frame35/gmp_al_frame35.bibtex	data/primary_calculations/aluminium_surface/gmp/selected_frames/frame35/solvated/gmp_al_frame35.bibtex	4659	
gmp	aluminium	frame35	solvated	primary		/data/Seafile/gmp/al_surf/frames/frame35/gmp_al_frame35.cpcm_corr	data/primary_calculations/aluminium_surface/gmp/selected_frames/frame35/solvated/gmp_al_frame35.cpcm_corr	236304	
gmp	aluminium	frame35	solvated	primary		/data/Seafile/gmp/al_surf/frames/frame35/gmp_al_frame35.densitiesinfo	data/primary_calculations/aluminium_surface/gmp/selected_frames/frame35/solvated/gmp_al_frame35.densitiesinfo	1838	
gmp	aluminium	frame35	solvated	primary		/data/Seafile/gmp/al_surf/frames/frame35/gmp_al_frame35.engrad	data/primary_calculations/aluminium_surface/gmp/selected_frames/frame35/solvated/gmp_al_frame35.engrad	18436	
gmp	aluminium	frame35	solvated	primary		/data/Seafile/gmp/al_surf/frames/frame35/gmp_al_frame35.inp	data/primary_calculations/aluminium_surface/gmp/selected_frames/frame35/solvated/gmp_al_frame35.inp	586	
gmp	aluminium	frame35	solvated	primary		/data/Seafile/gmp/al_surf/frames/frame35/gmp_al_frame35.opt	data/primary_calculations/aluminium_surface/gmp/selected_frames/frame35/solvated/gmp_al_frame35.opt	122136	
gmp	aluminium	frame35	solvated	primary	normal	/data/Seafile/gmp/al_surf/frames/frame35/gmp_al_frame35.out	data/primary_calculations/aluminium_surface/gmp/selected_frames/frame35/solvated/gmp_al_frame35.out	7917355	
gmp	aluminium	frame35	solvated	primary		/data/Seafile/gmp/al_surf/frames/frame35/gmp_al_frame35.xyz	data/primary_calculations/aluminium_surface/gmp/selected_frames/frame35/solvated/gmp_al_frame35.xyz	12333	
gmp	aluminium	frame35	solvated	primary		/data/Seafile/gmp/al_surf/frames/frame35/gmp_al_frame35_trj.xyz	data/primary_calculations/aluminium_surface/gmp/selected_frames/frame35/solvated/gmp_al_frame35_trj.xyz	396219	
gmp	aluminium	frame35	dry	primary		/data/Seafile/gmp/al_surf/frames/frame35/dry/gmp_al_frame35.xyz	data/primary_calculations/aluminium_surface/gmp/selected_frames/frame35/dry/gmp_al_frame35.xyz	12333	
gmp	aluminium	frame35	dry	primary		/data/Seafile/gmp/al_surf/frames/frame35/dry/gmp_al_frame35_dry.bibtex	data/primary_calculations/aluminium_surface/gmp/selected_frames/frame35/dry/gmp_al_frame35_dry.bibtex	4334	
gmp	aluminium	frame35	dry	primary		/data/Seafile/gmp/al_surf/frames/frame35/dry/gmp_al_frame35_dry.densitiesinfo	data/primary_calculations/aluminium_surface/gmp/selected_frames/frame35/dry/gmp_al_frame35_dry.densitiesinfo	1838	
gmp	aluminium	frame35	dry	primary		/data/Seafile/gmp/al_surf/frames/frame35/dry/gmp_al_frame35_dry.engrad	data/primary_calculations/aluminium_surface/gmp/selected_frames/frame35/dry/gmp_al_frame35_dry.engrad	18436	
gmp	aluminium	frame35	dry	primary		/data/Seafile/gmp/al_surf/frames/frame35/dry/gmp_al_frame35_dry.inp	data/primary_calculations/aluminium_surface/gmp/selected_frames/frame35/dry/gmp_al_frame35_dry.inp	581	
gmp	aluminium	frame35	dry	primary		/data/Seafile/gmp/al_surf/frames/frame35/dry/gmp_al_frame35_dry.opt	data/primary_calculations/aluminium_surface/gmp/selected_frames/frame35/dry/gmp_al_frame35_dry.opt	121740	
gmp	aluminium	frame35	dry	primary	normal	/data/Seafile/gmp/al_surf/frames/frame35/dry/gmp_al_frame35_dry.out	data/primary_calculations/aluminium_surface/gmp/selected_frames/frame35/dry/gmp_al_frame35_dry.out	17159055	
gmp	aluminium	frame35	dry	primary		/data/Seafile/gmp/al_surf/frames/frame35/dry/gmp_al_frame35_dry.xyz	data/primary_calculations/aluminium_surface/gmp/selected_frames/frame35/dry/gmp_al_frame35_dry.xyz	12296	
gmp	aluminium	frame35	dry	primary		/data/Seafile/gmp/al_surf/frames/frame35/dry/gmp_al_frame35_dry_trj.xyz	data/primary_calculations/aluminium_surface/gmp/selected_frames/frame35/dry/gmp_al_frame35_dry_trj.xyz	896912	
gmp	aluminium	frame59	initial	primary		/data/Seafile/gmp/al_surf/frames/frame59/frame59.xyz	data/primary_calculations/aluminium_surface/gmp/selected_frames/frame59/initial/frame59.xyz	12089	
gmp	aluminium	frame59	solvated	primary		/data/Seafile/gmp/al_surf/frames/frame59/frame59.xyz	data/primary_calculations/aluminium_surface/gmp/selected_frames/frame59/solvated/frame59.xyz	12089	
gmp	aluminium	frame59	solvated	primary		/data/Seafile/gmp/al_surf/frames/frame59/gmp_al_frame59.bibtex	data/primary_calculations/aluminium_surface/gmp/selected_frames/frame59/solvated/gmp_al_frame59.bibtex	4659	
gmp	aluminium	frame59	solvated	primary		/data/Seafile/gmp/al_surf/frames/frame59/gmp_al_frame59.cpcm_corr	data/primary_calculations/aluminium_surface/gmp/selected_frames/frame59/solvated/gmp_al_frame59.cpcm_corr	237443	
gmp	aluminium	frame59	solvated	primary		/data/Seafile/gmp/al_surf/frames/frame59/gmp_al_frame59.densitiesinfo	data/primary_calculations/aluminium_surface/gmp/selected_frames/frame59/solvated/gmp_al_frame59.densitiesinfo	1838	
gmp	aluminium	frame59	solvated	primary		/data/Seafile/gmp/al_surf/frames/frame59/gmp_al_frame59.engrad	data/primary_calculations/aluminium_surface/gmp/selected_frames/frame59/solvated/gmp_al_frame59.engrad	18436	
gmp	aluminium	frame59	solvated	primary		/data/Seafile/gmp/al_surf/frames/frame59/gmp_al_frame59.inp	data/primary_calculations/aluminium_surface/gmp/selected_frames/frame59/solvated/gmp_al_frame59.inp	586	
gmp	aluminium	frame59	solvated	primary		/data/Seafile/gmp/al_surf/frames/frame59/gmp_al_frame59.opt	data/primary_calculations/aluminium_surface/gmp/selected_frames/frame59/solvated/gmp_al_frame59.opt	119864	
gmp	aluminium	frame59	solvated	primary	normal	/data/Seafile/gmp/al_surf/frames/frame59/gmp_al_frame59.out	data/primary_calculations/aluminium_surface/gmp/selected_frames/frame59/solvated/gmp_al_frame59.out	18195972	
gmp	aluminium	frame59	solvated	primary		/data/Seafile/gmp/al_surf/frames/frame59/gmp_al_frame59.xyz	data/primary_calculations/aluminium_surface/gmp/selected_frames/frame59/solvated/gmp_al_frame59.xyz	12333	
gmp	aluminium	frame59	solvated	primary		/data/Seafile/gmp/al_surf/frames/frame59/gmp_al_frame59_trj.xyz	data/primary_calculations/aluminium_surface/gmp/selected_frames/frame59/solvated/gmp_al_frame59_trj.xyz	947818	
gmp	aluminium	frame59	dry	primary		/data/Seafile/gmp/al_surf/frames/frame59/dry/gmp_al_frame59.xyz	data/primary_calculations/aluminium_surface/gmp/selected_frames/frame59/dry/gmp_al_frame59.xyz	12333	
gmp	aluminium	frame59	dry	primary		/data/Seafile/gmp/al_surf/frames/frame59/dry/gmp_al_frame59_dry.bibtex	data/primary_calculations/aluminium_surface/gmp/selected_frames/frame59/dry/gmp_al_frame59_dry.bibtex	4334	
gmp	aluminium	frame59	dry	primary		/data/Seafile/gmp/al_surf/frames/frame59/dry/gmp_al_frame59_dry.densitiesinfo	data/primary_calculations/aluminium_surface/gmp/selected_frames/frame59/dry/gmp_al_frame59_dry.densitiesinfo	1838	
gmp	aluminium	frame59	dry	primary		/data/Seafile/gmp/al_surf/frames/frame59/dry/gmp_al_frame59_dry.engrad	data/primary_calculations/aluminium_surface/gmp/selected_frames/frame59/dry/gmp_al_frame59_dry.engrad	18436	
gmp	aluminium	frame59	dry	primary		/data/Seafile/gmp/al_surf/frames/frame59/dry/gmp_al_frame59_dry.inp	data/primary_calculations/aluminium_surface/gmp/selected_frames/frame59/dry/gmp_al_frame59_dry.inp	581	
gmp	aluminium	frame59	dry	primary		/data/Seafile/gmp/al_surf/frames/frame59/dry/gmp_al_frame59_dry.opt	data/primary_calculations/aluminium_surface/gmp/selected_frames/frame59/dry/gmp_al_frame59_dry.opt	119496	
gmp	aluminium	frame59	dry	primary	normal	/data/Seafile/gmp/al_surf/frames/frame59/dry/gmp_al_frame59_dry.out	data/primary_calculations/aluminium_surface/gmp/selected_frames/frame59/dry/gmp_al_frame59_dry.out	16122309	
gmp	aluminium	frame59	dry	primary		/data/Seafile/gmp/al_surf/frames/frame59/dry/gmp_al_frame59_dry.xyz	data/primary_calculations/aluminium_surface/gmp/selected_frames/frame59/dry/gmp_al_frame59_dry.xyz	12296	
gmp	aluminium	frame59	dry	primary		/data/Seafile/gmp/al_surf/frames/frame59/dry/gmp_al_frame59_dry_trj.xyz	data/primary_calculations/aluminium_surface/gmp/selected_frames/frame59/dry/gmp_al_frame59_dry_trj.xyz	850520	
ump	canonical		docking	primary		/data/Seafile/ump/docking/docking.inp	data/primary_calculations/canonical_surface/ump/docking/raw/docking.inp	118	docking provenance used for frame selection
ump	canonical		docking	primary	normal	/data/Seafile/ump/docking/docking.out	data/primary_calculations/canonical_surface/ump/docking/raw/docking.out	24106	docking provenance used for frame selection
ump	canonical		docking	primary		/data/Seafile/ump/docking/flower_ring.xyz	data/primary_calculations/canonical_surface/ump/docking/raw/flower_ring.xyz	9514	docking provenance used for frame selection
ump	canonical	frame14	initial	primary		/data/Seafile/ump/frames/frame14/frame14.xyz	data/primary_calculations/canonical_surface/ump/selected_frames/frame14/initial/frame14.xyz	11786	
ump	canonical	frame14	solvated	primary		/data/Seafile/ump/frames/frame14/frame14.xyz	data/primary_calculations/canonical_surface/ump/selected_frames/frame14/solvated/frame14.xyz	11786	
ump	canonical	frame14	solvated	primary		/data/Seafile/ump/frames/frame14/ump_frame14.bibtex	data/primary_calculations/canonical_surface/ump/selected_frames/frame14/solvated/ump_frame14.bibtex	4659	
ump	canonical	frame14	solvated	primary		/data/Seafile/ump/frames/frame14/ump_frame14.cpcm_corr	data/primary_calculations/canonical_surface/ump/selected_frames/frame14/solvated/ump_frame14.cpcm_corr	232972	
ump	canonical	frame14	solvated	primary		/data/Seafile/ump/frames/frame14/ump_frame14.densitiesinfo	data/primary_calculations/canonical_surface/ump/selected_frames/frame14/solvated/ump_frame14.densitiesinfo	1838	
ump	canonical	frame14	solvated	primary		/data/Seafile/ump/frames/frame14/ump_frame14.engrad	data/primary_calculations/canonical_surface/ump/selected_frames/frame14/solvated/ump_frame14.engrad	17988	
ump	canonical	frame14	solvated	primary		/data/Seafile/ump/frames/frame14/ump_frame14.inp	data/primary_calculations/canonical_surface/ump/selected_frames/frame14/solvated/ump_frame14.inp	586	
ump	canonical	frame14	solvated	primary		/data/Seafile/ump/frames/frame14/ump_frame14.opt	data/primary_calculations/canonical_surface/ump/selected_frames/frame14/solvated/ump_frame14.opt	120908	
ump	canonical	frame14	solvated	primary	normal	/data/Seafile/ump/frames/frame14/ump_frame14.out	data/primary_calculations/canonical_surface/ump/selected_frames/frame14/solvated/ump_frame14.out	28544192	
ump	canonical	frame14	solvated	primary		/data/Seafile/ump/frames/frame14/ump_frame14.xyz	data/primary_calculations/canonical_surface/ump/selected_frames/frame14/solvated/ump_frame14.xyz	12022	
ump	canonical	frame14	solvated	primary		/data/Seafile/ump/frames/frame14/ump_frame14_trj.xyz	data/primary_calculations/canonical_surface/ump/selected_frames/frame14/solvated/ump_frame14_trj.xyz	1445870	
ump	canonical	frame14	dry	primary		/data/Seafile/ump/frames/frame14/dry/ump_frame14.xyz	data/primary_calculations/canonical_surface/ump/selected_frames/frame14/dry/ump_frame14.xyz	12022	
ump	canonical	frame14	dry	primary		/data/Seafile/ump/frames/frame14/dry/ump_frame14_dry.bibtex	data/primary_calculations/canonical_surface/ump/selected_frames/frame14/dry/ump_frame14_dry.bibtex	4334	
ump	canonical	frame14	dry	primary		/data/Seafile/ump/frames/frame14/dry/ump_frame14_dry.densitiesinfo	data/primary_calculations/canonical_surface/ump/selected_frames/frame14/dry/ump_frame14_dry.densitiesinfo	1838	
ump	canonical	frame14	dry	primary		/data/Seafile/ump/frames/frame14/dry/ump_frame14_dry.engrad	data/primary_calculations/canonical_surface/ump/selected_frames/frame14/dry/ump_frame14_dry.engrad	17988	
ump	canonical	frame14	dry	primary		/data/Seafile/ump/frames/frame14/dry/ump_frame14_dry.inp	data/primary_calculations/canonical_surface/ump/selected_frames/frame14/dry/ump_frame14_dry.inp	578	
ump	canonical	frame14	dry	primary		/data/Seafile/ump/frames/frame14/dry/ump_frame14_dry.opt	data/primary_calculations/canonical_surface/ump/selected_frames/frame14/dry/ump_frame14_dry.opt	125968	
ump	canonical	frame14	dry	primary	normal	/data/Seafile/ump/frames/frame14/dry/ump_frame14_dry.out	data/primary_calculations/canonical_surface/ump/selected_frames/frame14/dry/ump_frame14_dry.out	10680554	
ump	canonical	frame14	dry	primary		/data/Seafile/ump/frames/frame14/dry/ump_frame14_dry.xyz	data/primary_calculations/canonical_surface/ump/selected_frames/frame14/dry/ump_frame14_dry.xyz	12026	
ump	canonical	frame14	dry	primary		/data/Seafile/ump/frames/frame14/dry/ump_frame14_dry_trj.xyz	data/primary_calculations/canonical_surface/ump/selected_frames/frame14/dry/ump_frame14_dry_trj.xyz	530180	
ump	canonical	frame15	initial	primary		/data/Seafile/ump/frames/frame15/frame15.xyz	data/primary_calculations/canonical_surface/ump/selected_frames/frame15/initial/frame15.xyz	11800	
ump	canonical	frame15	solvated	primary		/data/Seafile/ump/frames/frame15/frame15.xyz	data/primary_calculations/canonical_surface/ump/selected_frames/frame15/solvated/frame15.xyz	11800	
ump	canonical	frame15	solvated	primary		/data/Seafile/ump/frames/frame15/ump_frame15.bibtex	data/primary_calculations/canonical_surface/ump/selected_frames/frame15/solvated/ump_frame15.bibtex	4659	
ump	canonical	frame15	solvated	primary		/data/Seafile/ump/frames/frame15/ump_frame15.cpcm_corr	data/primary_calculations/canonical_surface/ump/selected_frames/frame15/solvated/ump_frame15.cpcm_corr	230847	
ump	canonical	frame15	solvated	primary		/data/Seafile/ump/frames/frame15/ump_frame15.densitiesinfo	data/primary_calculations/canonical_surface/ump/selected_frames/frame15/solvated/ump_frame15.densitiesinfo	1838	
ump	canonical	frame15	solvated	primary		/data/Seafile/ump/frames/frame15/ump_frame15.engrad	data/primary_calculations/canonical_surface/ump/selected_frames/frame15/solvated/ump_frame15.engrad	17988	
ump	canonical	frame15	solvated	primary		/data/Seafile/ump/frames/frame15/ump_frame15.inp	data/primary_calculations/canonical_surface/ump/selected_frames/frame15/solvated/ump_frame15.inp	586	
ump	canonical	frame15	solvated	primary		/data/Seafile/ump/frames/frame15/ump_frame15.opt	data/primary_calculations/canonical_surface/ump/selected_frames/frame15/solvated/ump_frame15.opt	121240	
ump	canonical	frame15	solvated	primary	normal	/data/Seafile/ump/frames/frame15/ump_frame15.out	data/primary_calculations/canonical_surface/ump/selected_frames/frame15/solvated/ump_frame15.out	8545102	
ump	canonical	frame15	solvated	primary		/data/Seafile/ump/frames/frame15/ump_frame15.xyz	data/primary_calculations/canonical_surface/ump/selected_frames/frame15/solvated/ump_frame15.xyz	11989	
ump	canonical	frame15	solvated	primary		/data/Seafile/ump/frames/frame15/ump_frame15_trj.xyz	data/primary_calculations/canonical_surface/ump/selected_frames/frame15/solvated/ump_frame15_trj.xyz	422072	
ump	canonical	frame15	dry	primary		/data/Seafile/ump/frames/frame15/dry/ump_frame15.xyz	data/primary_calculations/canonical_surface/ump/selected_frames/frame15/dry/ump_frame15.xyz	11989	
ump	canonical	frame15	dry	primary		/data/Seafile/ump/frames/frame15/dry/ump_frame15_dry.bibtex	data/primary_calculations/canonical_surface/ump/selected_frames/frame15/dry/ump_frame15_dry.bibtex	4334	
ump	canonical	frame15	dry	primary		/data/Seafile/ump/frames/frame15/dry/ump_frame15_dry.densitiesinfo	data/primary_calculations/canonical_surface/ump/selected_frames/frame15/dry/ump_frame15_dry.densitiesinfo	1838	
ump	canonical	frame15	dry	primary		/data/Seafile/ump/frames/frame15/dry/ump_frame15_dry.engrad	data/primary_calculations/canonical_surface/ump/selected_frames/frame15/dry/ump_frame15_dry.engrad	17988	
ump	canonical	frame15	dry	primary		/data/Seafile/ump/frames/frame15/dry/ump_frame15_dry.inp	data/primary_calculations/canonical_surface/ump/selected_frames/frame15/dry/ump_frame15_dry.inp	578	
ump	canonical	frame15	dry	primary		/data/Seafile/ump/frames/frame15/dry/ump_frame15_dry.opt	data/primary_calculations/canonical_surface/ump/selected_frames/frame15/dry/ump_frame15_dry.opt	127776	
ump	canonical	frame15	dry	primary	normal	/data/Seafile/ump/frames/frame15/dry/ump_frame15_dry.out	data/primary_calculations/canonical_surface/ump/selected_frames/frame15/dry/ump_frame15_dry.out	13755218	
ump	canonical	frame15	dry	primary		/data/Seafile/ump/frames/frame15/dry/ump_frame15_dry.xyz	data/primary_calculations/canonical_surface/ump/selected_frames/frame15/dry/ump_frame15_dry.xyz	11993	
ump	canonical	frame15	dry	primary		/data/Seafile/ump/frames/frame15/dry/ump_frame15_dry_trj.xyz	data/primary_calculations/canonical_surface/ump/selected_frames/frame15/dry/ump_frame15_dry_trj.xyz	671149	
ump	canonical	frame15	dry/1000deg	check		/data/Seafile/ump/frames/frame15/dry/1000deg/trajectory.xyz	data/primary_calculations/canonical_surface/ump/checks/frame15/dry/1000deg/ump_frame15_dry2wet_1000deg_trj.xyz	18338946	non-primary dry check or exploratory calculation
ump	canonical	frame15	dry/1000deg	check		/data/Seafile/ump/frames/frame15/dry/1000deg/ump_frame15_dry.xyz	data/primary_calculations/canonical_surface/ump/checks/frame15/dry/1000deg/ump_frame15_dry.xyz	11993	non-primary dry check or exploratory calculation
ump	canonical	frame15	dry/1000deg	check		/data/Seafile/ump/frames/frame15/dry/1000deg/ump_frame15_dry2wet_1000deg-constraints.csv	data/primary_calculations/canonical_surface/ump/checks/frame15/dry/1000deg/ump_frame15_dry2wet_1000deg-constraints.csv	375502	non-primary dry check or exploratory calculation
ump	canonical	frame15	dry/1000deg	check		/data/Seafile/ump/frames/frame15/dry/1000deg/ump_frame15_dry2wet_1000deg-md-ener.csv	data/primary_calculations/canonical_surface/ump/checks/frame15/dry/1000deg/ump_frame15_dry2wet_1000deg-md-ener.csv	284284	non-primary dry check or exploratory calculation
ump	canonical	frame15	dry/1000deg	check		/data/Seafile/ump/frames/frame15/dry/1000deg/ump_frame15_dry2wet_1000deg.bibtex	data/primary_calculations/canonical_surface/ump/checks/frame15/dry/1000deg/ump_frame15_dry2wet_1000deg.bibtex	4659	non-primary dry check or exploratory calculation
ump	canonical	frame15	dry/1000deg	check		/data/Seafile/ump/frames/frame15/dry/1000deg/ump_frame15_dry2wet_1000deg.cpcm_corr	data/primary_calculations/canonical_surface/ump/checks/frame15/dry/1000deg/ump_frame15_dry2wet_1000deg.cpcm_corr	243138	non-primary dry check or exploratory calculation
ump	canonical	frame15	dry/1000deg	check		/data/Seafile/ump/frames/frame15/dry/1000deg/ump_frame15_dry2wet_1000deg.densitiesinfo	data/primary_calculations/canonical_surface/ump/checks/frame15/dry/1000deg/ump_frame15_dry2wet_1000deg.densitiesinfo	1838	non-primary dry check or exploratory calculation
ump	canonical	frame15	dry/1000deg	check		/data/Seafile/ump/frames/frame15/dry/1000deg/ump_frame15_dry2wet_1000deg.inp	data/primary_calculations/canonical_surface/ump/checks/frame15/dry/1000deg/ump_frame15_dry2wet_1000deg.inp	653	non-primary dry check or exploratory calculation
ump	canonical	frame15	dry/1000deg	check	normal	/data/Seafile/ump/frames/frame15/dry/1000deg/ump_frame15_dry2wet_1000deg.out	data/primary_calculations/canonical_surface/ump/checks/frame15/dry/1000deg/ump_frame15_dry2wet_1000deg.out	338501	non-primary dry check or exploratory calculation
ump	canonical	frame15	dry/1000deg	check		/data/Seafile/ump/frames/frame15/dry/1000deg/ump_frame15_dry2wet_1000deg_E_Tot.svg	data/primary_calculations/canonical_surface/ump/checks/frame15/dry/1000deg/ump_frame15_dry2wet_1000deg_E_Tot.svg	31839	non-primary dry check or exploratory calculation
ump	canonical	frame15	dry/1000deg	check		/data/Seafile/ump/frames/frame15/dry/1000deg/ump_frame15_dry2wet_1000deg_Temp.svg	data/primary_calculations/canonical_surface/ump/checks/frame15/dry/1000deg/ump_frame15_dry2wet_1000deg_Temp.svg	31362	non-primary dry check or exploratory calculation
ump	canonical	frame15	dry/1000deg	check		/data/Seafile/ump/frames/frame15/dry/1000deg/Plots/ump_frame15_dry2wet_1000deg_E_Tot.svg	data/primary_calculations/canonical_surface/ump/checks/frame15/dry/1000deg/Plots/ump_frame15_dry2wet_1000deg_E_Tot.svg	31839	non-primary dry check or exploratory calculation
ump	canonical	frame15	dry/1000deg	check		/data/Seafile/ump/frames/frame15/dry/1000deg/Plots/ump_frame15_dry2wet_1000deg_Temp.svg	data/primary_calculations/canonical_surface/ump/checks/frame15/dry/1000deg/Plots/ump_frame15_dry2wet_1000deg_Temp.svg	31362	non-primary dry check or exploratory calculation
ump	canonical	frame15	unconstrained	check		/data/Seafile/ump/frames/frame15/unconstrained/frame15.xyz	data/primary_calculations/canonical_surface/ump/checks/frame15/unconstrained/frame15.xyz	11800	non-primary check or exploratory calculation
ump	canonical	frame15	unconstrained	check		/data/Seafile/ump/frames/frame15/unconstrained/ump_frame15.cpcm_corr	data/primary_calculations/canonical_surface/ump/checks/frame15/unconstrained/ump_frame15.cpcm_corr	222109	non-primary check or exploratory calculation
ump	canonical	frame15	unconstrained	check		/data/Seafile/ump/frames/frame15/unconstrained/ump_frame15.densitiesinfo	data/primary_calculations/canonical_surface/ump/checks/frame15/unconstrained/ump_frame15.densitiesinfo	1838	non-primary check or exploratory calculation
ump	canonical	frame15	unconstrained	check		/data/Seafile/ump/frames/frame15/unconstrained/ump_frame15.inp	data/primary_calculations/canonical_surface/ump/checks/frame15/unconstrained/ump_frame15.inp	101	non-primary check or exploratory calculation
ump	canonical	frame15	unconstrained	check		/data/Seafile/ump/frames/frame15/unconstrained/ump_frame15.opt	data/primary_calculations/canonical_surface/ump/checks/frame15/unconstrained/ump_frame15.opt	119020	non-primary check or exploratory calculation
ump	canonical	frame15	unconstrained	check	not_normal	/data/Seafile/ump/frames/frame15/unconstrained/ump_frame15.out	data/primary_calculations/canonical_surface/ump/checks/frame15/unconstrained/ump_frame15.out	15995857	non-primary check or exploratory calculation
ump	canonical	frame15	unconstrained	check		/data/Seafile/ump/frames/frame15/unconstrained/ump_frame15.xyz	data/primary_calculations/canonical_surface/ump/checks/frame15/unconstrained/ump_frame15.xyz	11967	non-primary check or exploratory calculation
ump	canonical	frame15	unconstrained	check		/data/Seafile/ump/frames/frame15/unconstrained/ump_frame15_trj.xyz	data/primary_calculations/canonical_surface/ump/checks/frame15/unconstrained/ump_frame15_trj.xyz	821533	non-primary check or exploratory calculation
ump	canonical	frame16	initial	primary		/data/Seafile/ump/frames/frame16/frame16.xyz	data/primary_calculations/canonical_surface/ump/selected_frames/frame16/initial/frame16.xyz	11788	
ump	canonical	frame16	solvated	primary		/data/Seafile/ump/frames/frame16/frame16.xyz	data/primary_calculations/canonical_surface/ump/selected_frames/frame16/solvated/frame16.xyz	11788	
ump	canonical	frame16	solvated	primary		/data/Seafile/ump/frames/frame16/ump_frame16.bibtex	data/primary_calculations/canonical_surface/ump/selected_frames/frame16/solvated/ump_frame16.bibtex	4659	
ump	canonical	frame16	solvated	primary		/data/Seafile/ump/frames/frame16/ump_frame16.cpcm_corr	data/primary_calculations/canonical_surface/ump/selected_frames/frame16/solvated/ump_frame16.cpcm_corr	231476	
ump	canonical	frame16	solvated	primary		/data/Seafile/ump/frames/frame16/ump_frame16.densitiesinfo	data/primary_calculations/canonical_surface/ump/selected_frames/frame16/solvated/ump_frame16.densitiesinfo	1838	
ump	canonical	frame16	solvated	primary		/data/Seafile/ump/frames/frame16/ump_frame16.engrad	data/primary_calculations/canonical_surface/ump/selected_frames/frame16/solvated/ump_frame16.engrad	17988	
ump	canonical	frame16	solvated	primary		/data/Seafile/ump/frames/frame16/ump_frame16.inp	data/primary_calculations/canonical_surface/ump/selected_frames/frame16/solvated/ump_frame16.inp	586	
ump	canonical	frame16	solvated	primary		/data/Seafile/ump/frames/frame16/ump_frame16.opt	data/primary_calculations/canonical_surface/ump/selected_frames/frame16/solvated/ump_frame16.opt	127728	
ump	canonical	frame16	solvated	primary	normal	/data/Seafile/ump/frames/frame16/ump_frame16.out	data/primary_calculations/canonical_surface/ump/selected_frames/frame16/solvated/ump_frame16.out	10180471	
ump	canonical	frame16	solvated	primary		/data/Seafile/ump/frames/frame16/ump_frame16.xyz	data/primary_calculations/canonical_surface/ump/selected_frames/frame16/solvated/ump_frame16.xyz	11989	
ump	canonical	frame16	solvated	primary		/data/Seafile/ump/frames/frame16/ump_frame16_trj.xyz	data/primary_calculations/canonical_surface/ump/selected_frames/frame16/solvated/ump_frame16_trj.xyz	489905	
ump	canonical	frame16	dry	primary		/data/Seafile/ump/frames/frame16/dry/ump_frame16.xyz	data/primary_calculations/canonical_surface/ump/selected_frames/frame16/dry/ump_frame16.xyz	11989	
ump	canonical	frame16	dry	primary		/data/Seafile/ump/frames/frame16/dry/ump_frame16_dry.bibtex	data/primary_calculations/canonical_surface/ump/selected_frames/frame16/dry/ump_frame16_dry.bibtex	4334	
ump	canonical	frame16	dry	primary		/data/Seafile/ump/frames/frame16/dry/ump_frame16_dry.densitiesinfo	data/primary_calculations/canonical_surface/ump/selected_frames/frame16/dry/ump_frame16_dry.densitiesinfo	1838	
ump	canonical	frame16	dry	primary		/data/Seafile/ump/frames/frame16/dry/ump_frame16_dry.engrad	data/primary_calculations/canonical_surface/ump/selected_frames/frame16/dry/ump_frame16_dry.engrad	17988	
ump	canonical	frame16	dry	primary		/data/Seafile/ump/frames/frame16/dry/ump_frame16_dry.inp	data/primary_calculations/canonical_surface/ump/selected_frames/frame16/dry/ump_frame16_dry.inp	578	
ump	canonical	frame16	dry	primary		/data/Seafile/ump/frames/frame16/dry/ump_frame16_dry.opt	data/primary_calculations/canonical_surface/ump/selected_frames/frame16/dry/ump_frame16_dry.opt	126176	
ump	canonical	frame16	dry	primary	normal	/data/Seafile/ump/frames/frame16/dry/ump_frame16_dry.out	data/primary_calculations/canonical_surface/ump/selected_frames/frame16/dry/ump_frame16_dry.out	32819171	
ump	canonical	frame16	dry	primary		/data/Seafile/ump/frames/frame16/dry/ump_frame16_dry.xyz	data/primary_calculations/canonical_surface/ump/selected_frames/frame16/dry/ump_frame16_dry.xyz	11993	
ump	canonical	frame16	dry	primary	normal	/data/Seafile/ump/frames/frame16/dry/ump_frame16_dry_engrad.out	data/primary_calculations/canonical_surface/ump/selected_frames/frame16/dry/ump_frame16_dry_engrad.out	303862	
ump	canonical	frame16	dry	primary		/data/Seafile/ump/frames/frame16/dry/ump_frame16_dry_trj.xyz	data/primary_calculations/canonical_surface/ump/selected_frames/frame16/dry/ump_frame16_dry_trj.xyz	1659020	
ump	aluminium		docking	primary	not_normal	/data/Seafile/ump/al_surf/al_docking/docking.docker.struc1.opt11.out	data/primary_calculations/aluminium_surface/ump/docking/raw/docking.docker.struc1.opt11.out	5764114	docking provenance used for frame selection
ump	aluminium		docking	primary		/data/Seafile/ump/al_surf/al_docking/docking.inp	data/primary_calculations/aluminium_surface/ump/docking/raw/docking.inp	122	docking provenance used for frame selection
ump	aluminium		docking	primary	normal	/data/Seafile/ump/al_surf/al_docking/docking.out	data/primary_calculations/aluminium_surface/ump/docking/raw/docking.out	24961	docking provenance used for frame selection
ump	aluminium		docking	primary		/data/Seafile/ump/al_surf/al_docking/flower_ring_al.xyz	data/primary_calculations/aluminium_surface/ump/docking/raw/flower_ring_al.xyz	9539	docking provenance used for frame selection
ump	aluminium	frame14	initial	primary		/data/Seafile/ump/al_surf/frames/frame14/frame14.xyz	data/primary_calculations/aluminium_surface/ump/selected_frames/frame14/initial/frame14.xyz	11804	
ump	aluminium	frame14	solvated	primary		/data/Seafile/ump/al_surf/frames/frame14/frame14.xyz	data/primary_calculations/aluminium_surface/ump/selected_frames/frame14/solvated/frame14.xyz	11804	
ump	aluminium	frame14	solvated	primary		/data/Seafile/ump/al_surf/frames/frame14/ump_al_frame14.bibtex	data/primary_calculations/aluminium_surface/ump/selected_frames/frame14/solvated/ump_al_frame14.bibtex	4659	
ump	aluminium	frame14	solvated	primary		/data/Seafile/ump/al_surf/frames/frame14/ump_al_frame14.cpcm_corr	data/primary_calculations/aluminium_surface/ump/selected_frames/frame14/solvated/ump_al_frame14.cpcm_corr	233635	
ump	aluminium	frame14	solvated	primary		/data/Seafile/ump/al_surf/frames/frame14/ump_al_frame14.densitiesinfo	data/primary_calculations/aluminium_surface/ump/selected_frames/frame14/solvated/ump_al_frame14.densitiesinfo	1838	
ump	aluminium	frame14	solvated	primary		/data/Seafile/ump/al_surf/frames/frame14/ump_al_frame14.engrad	data/primary_calculations/aluminium_surface/ump/selected_frames/frame14/solvated/ump_al_frame14.engrad	17988	
ump	aluminium	frame14	solvated	primary		/data/Seafile/ump/al_surf/frames/frame14/ump_al_frame14.inp	data/primary_calculations/aluminium_surface/ump/selected_frames/frame14/solvated/ump_al_frame14.inp	586	
ump	aluminium	frame14	solvated	primary		/data/Seafile/ump/al_surf/frames/frame14/ump_al_frame14.opt	data/primary_calculations/aluminium_surface/ump/selected_frames/frame14/solvated/ump_al_frame14.opt	133888	
ump	aluminium	frame14	solvated	primary	normal	/data/Seafile/ump/al_surf/frames/frame14/ump_al_frame14.out	data/primary_calculations/aluminium_surface/ump/selected_frames/frame14/solvated/ump_al_frame14.out	9874967	
ump	aluminium	frame14	solvated	primary		/data/Seafile/ump/al_surf/frames/frame14/ump_al_frame14.xyz	data/primary_calculations/aluminium_surface/ump/selected_frames/frame14/solvated/ump_al_frame14.xyz	12033	
ump	aluminium	frame14	solvated	primary		/data/Seafile/ump/al_surf/frames/frame14/ump_al_frame14_trj.xyz	data/primary_calculations/aluminium_surface/ump/selected_frames/frame14/solvated/ump_al_frame14_trj.xyz	462441	
ump	aluminium	frame14	dry	primary		/data/Seafile/ump/al_surf/frames/frame14/dry/ump_al_frame14.xyz	data/primary_calculations/aluminium_surface/ump/selected_frames/frame14/dry/ump_al_frame14.xyz	12033	
ump	aluminium	frame14	dry	primary		/data/Seafile/ump/al_surf/frames/frame14/dry/ump_al_frame14_dry.bibtex	data/primary_calculations/aluminium_surface/ump/selected_frames/frame14/dry/ump_al_frame14_dry.bibtex	4334	
ump	aluminium	frame14	dry	primary		/data/Seafile/ump/al_surf/frames/frame14/dry/ump_al_frame14_dry.densitiesinfo	data/primary_calculations/aluminium_surface/ump/selected_frames/frame14/dry/ump_al_frame14_dry.densitiesinfo	1838	
ump	aluminium	frame14	dry	primary		/data/Seafile/ump/al_surf/frames/frame14/dry/ump_al_frame14_dry.engrad	data/primary_calculations/aluminium_surface/ump/selected_frames/frame14/dry/ump_al_frame14_dry.engrad	17988	
ump	aluminium	frame14	dry	primary		/data/Seafile/ump/al_surf/frames/frame14/dry/ump_al_frame14_dry.inp	data/primary_calculations/aluminium_surface/ump/selected_frames/frame14/dry/ump_al_frame14_dry.inp	581	
ump	aluminium	frame14	dry	primary		/data/Seafile/ump/al_surf/frames/frame14/dry/ump_al_frame14_dry.opt	data/primary_calculations/aluminium_surface/ump/selected_frames/frame14/dry/ump_al_frame14_dry.opt	133060	
ump	aluminium	frame14	dry	primary	normal	/data/Seafile/ump/al_surf/frames/frame14/dry/ump_al_frame14_dry.out	data/primary_calculations/aluminium_surface/ump/selected_frames/frame14/dry/ump_al_frame14_dry.out	35049099	
ump	aluminium	frame14	dry	primary		/data/Seafile/ump/al_surf/frames/frame14/dry/ump_al_frame14_dry.xyz	data/primary_calculations/aluminium_surface/ump/selected_frames/frame14/dry/ump_al_frame14_dry.xyz	12041	
ump	aluminium	frame14	dry	primary		/data/Seafile/ump/al_surf/frames/frame14/dry/ump_al_frame14_dry_trj.xyz	data/primary_calculations/aluminium_surface/ump/selected_frames/frame14/dry/ump_al_frame14_dry_trj.xyz	1798593	
ump	aluminium	frame15	initial	primary		/data/Seafile/ump/al_surf/frames/frame15/frame15.xyz	data/primary_calculations/aluminium_surface/ump/selected_frames/frame15/initial/frame15.xyz	11784	
ump	aluminium	frame15	solvated	primary		/data/Seafile/ump/al_surf/frames/frame15/frame15.xyz	data/primary_calculations/aluminium_surface/ump/selected_frames/frame15/solvated/frame15.xyz	11784	
ump	aluminium	frame15	solvated	primary		/data/Seafile/ump/al_surf/frames/frame15/ump_al_frame15.bibtex	data/primary_calculations/aluminium_surface/ump/selected_frames/frame15/solvated/ump_al_frame15.bibtex	4659	
ump	aluminium	frame15	solvated	primary		/data/Seafile/ump/al_surf/frames/frame15/ump_al_frame15.cpcm_corr	data/primary_calculations/aluminium_surface/ump/selected_frames/frame15/solvated/ump_al_frame15.cpcm_corr	234910	
ump	aluminium	frame15	solvated	primary		/data/Seafile/ump/al_surf/frames/frame15/ump_al_frame15.densitiesinfo	data/primary_calculations/aluminium_surface/ump/selected_frames/frame15/solvated/ump_al_frame15.densitiesinfo	1838	
ump	aluminium	frame15	solvated	primary		/data/Seafile/ump/al_surf/frames/frame15/ump_al_frame15.engrad	data/primary_calculations/aluminium_surface/ump/selected_frames/frame15/solvated/ump_al_frame15.engrad	17988	
ump	aluminium	frame15	solvated	primary		/data/Seafile/ump/al_surf/frames/frame15/ump_al_frame15.inp	data/primary_calculations/aluminium_surface/ump/selected_frames/frame15/solvated/ump_al_frame15.inp	586	
ump	aluminium	frame15	solvated	primary		/data/Seafile/ump/al_surf/frames/frame15/ump_al_frame15.opt	data/primary_calculations/aluminium_surface/ump/selected_frames/frame15/solvated/ump_al_frame15.opt	117988	
ump	aluminium	frame15	solvated	primary	normal	/data/Seafile/ump/al_surf/frames/frame15/ump_al_frame15.out	data/primary_calculations/aluminium_surface/ump/selected_frames/frame15/solvated/ump_al_frame15.out	10138934	
ump	aluminium	frame15	solvated	primary		/data/Seafile/ump/al_surf/frames/frame15/ump_al_frame15.xyz	data/primary_calculations/aluminium_surface/ump/selected_frames/frame15/solvated/ump_al_frame15.xyz	12033	
ump	aluminium	frame15	solvated	primary		/data/Seafile/ump/al_surf/frames/frame15/ump_al_frame15_trj.xyz	data/primary_calculations/aluminium_surface/ump/selected_frames/frame15/solvated/ump_al_frame15_trj.xyz	515508	
ump	aluminium	frame15	dry	primary		/data/Seafile/ump/al_surf/frames/frame15/dry/ump_al_frame15.xyz	data/primary_calculations/aluminium_surface/ump/selected_frames/frame15/dry/ump_al_frame15.xyz	12033	
ump	aluminium	frame15	dry	primary		/data/Seafile/ump/al_surf/frames/frame15/dry/ump_al_frame15_dry.bibtex	data/primary_calculations/aluminium_surface/ump/selected_frames/frame15/dry/ump_al_frame15_dry.bibtex	4334	
ump	aluminium	frame15	dry	primary		/data/Seafile/ump/al_surf/frames/frame15/dry/ump_al_frame15_dry.densitiesinfo	data/primary_calculations/aluminium_surface/ump/selected_frames/frame15/dry/ump_al_frame15_dry.densitiesinfo	1838	
ump	aluminium	frame15	dry	primary		/data/Seafile/ump/al_surf/frames/frame15/dry/ump_al_frame15_dry.engrad	data/primary_calculations/aluminium_surface/ump/selected_frames/frame15/dry/ump_al_frame15_dry.engrad	17988	
ump	aluminium	frame15	dry	primary		/data/Seafile/ump/al_surf/frames/frame15/dry/ump_al_frame15_dry.inp	data/primary_calculations/aluminium_surface/ump/selected_frames/frame15/dry/ump_al_frame15_dry.inp	581	
ump	aluminium	frame15	dry	primary		/data/Seafile/ump/al_surf/frames/frame15/dry/ump_al_frame15_dry.opt	data/primary_calculations/aluminium_surface/ump/selected_frames/frame15/dry/ump_al_frame15_dry.opt	134816	
ump	aluminium	frame15	dry	primary	normal	/data/Seafile/ump/al_surf/frames/frame15/dry/ump_al_frame15_dry.out	data/primary_calculations/aluminium_surface/ump/selected_frames/frame15/dry/ump_al_frame15_dry.out	10388533	
ump	aluminium	frame15	dry	primary		/data/Seafile/ump/al_surf/frames/frame15/dry/ump_al_frame15_dry.xyz	data/primary_calculations/aluminium_surface/ump/selected_frames/frame15/dry/ump_al_frame15_dry.xyz	12041	
ump	aluminium	frame15	dry	primary		/data/Seafile/ump/al_surf/frames/frame15/dry/ump_al_frame15_dry_trj.xyz	data/primary_calculations/aluminium_surface/ump/selected_frames/frame15/dry/ump_al_frame15_dry_trj.xyz	493285	
amp_protonated	canonical		docking	supporting		/data/Seafile/amp/protonated/docking/docking.inp	data/supporting_calculations/canonical_surface/amp_protonated/docking/raw/docking.inp	122	docking provenance used for frame selection
amp_protonated	canonical		docking	supporting	normal	/data/Seafile/amp/protonated/docking/docking.out	data/supporting_calculations/canonical_surface/amp_protonated/docking/raw/docking.out	24250	docking provenance used for frame selection
amp_protonated	canonical		docking	supporting		/data/Seafile/amp/protonated/docking/flower_ring.xyz	data/supporting_calculations/canonical_surface/amp_protonated/docking/raw/flower_ring.xyz	9514	docking provenance used for frame selection
amp_protonated	canonical	frame02	initial	supporting		/data/Seafile/amp/protonated/frames/frame02/frame02.xyz	data/supporting_calculations/canonical_surface/amp_protonated/selected_frames/frame02/initial/frame02.xyz	12077	
amp_protonated	canonical	frame02	solvated	supporting		/data/Seafile/amp/protonated/frames/frame02/amp_prot02.bibtex	data/supporting_calculations/canonical_surface/amp_protonated/selected_frames/frame02/solvated/amp_prot02.bibtex	4659	
amp_protonated	canonical	frame02	solvated	supporting		/data/Seafile/amp/protonated/frames/frame02/amp_prot02.cpcm_corr	data/supporting_calculations/canonical_surface/amp_protonated/selected_frames/frame02/solvated/amp_prot02.cpcm_corr	238684	
amp_protonated	canonical	frame02	solvated	supporting		/data/Seafile/amp/protonated/frames/frame02/amp_prot02.densitiesinfo	data/supporting_calculations/canonical_surface/amp_protonated/selected_frames/frame02/solvated/amp_prot02.densitiesinfo	1838	
amp_protonated	canonical	frame02	solvated	supporting		/data/Seafile/amp/protonated/frames/frame02/amp_prot02.engrad	data/supporting_calculations/canonical_surface/amp_protonated/selected_frames/frame02/solvated/amp_prot02.engrad	18436	
amp_protonated	canonical	frame02	solvated	supporting		/data/Seafile/amp/protonated/frames/frame02/amp_prot02.inp	data/supporting_calculations/canonical_surface/amp_protonated/selected_frames/frame02/solvated/amp_prot02.inp	585	
amp_protonated	canonical	frame02	solvated	supporting		/data/Seafile/amp/protonated/frames/frame02/amp_prot02.opt	data/supporting_calculations/canonical_surface/amp_protonated/selected_frames/frame02/solvated/amp_prot02.opt	133560	
amp_protonated	canonical	frame02	solvated	supporting	normal	/data/Seafile/amp/protonated/frames/frame02/amp_prot02.out	data/supporting_calculations/canonical_surface/amp_protonated/selected_frames/frame02/solvated/amp_prot02.out	14896218	
amp_protonated	canonical	frame02	solvated	supporting		/data/Seafile/amp/protonated/frames/frame02/amp_prot02.xyz	data/supporting_calculations/canonical_surface/amp_protonated/selected_frames/frame02/solvated/amp_prot02.xyz	12332	
amp_protonated	canonical	frame02	solvated	supporting		/data/Seafile/amp/protonated/frames/frame02/amp_prot02_trj.xyz	data/supporting_calculations/canonical_surface/amp_protonated/selected_frames/frame02/solvated/amp_prot02_trj.xyz	722424	
amp_protonated	canonical	frame02	solvated	supporting		/data/Seafile/amp/protonated/frames/frame02/frame02.xyz	data/supporting_calculations/canonical_surface/amp_protonated/selected_frames/frame02/solvated/frame02.xyz	12077	
amp_protonated	canonical	frame02	dry	supporting		/data/Seafile/amp/protonated/frames/frame02/dry/amp_prot02.bibtex	data/supporting_calculations/canonical_surface/amp_protonated/selected_frames/frame02/dry/amp_prot02.bibtex	4334	
amp_protonated	canonical	frame02	dry	supporting		/data/Seafile/amp/protonated/frames/frame02/dry/amp_prot02.densitiesinfo	data/supporting_calculations/canonical_surface/amp_protonated/selected_frames/frame02/dry/amp_prot02.densitiesinfo	1838	
amp_protonated	canonical	frame02	dry	supporting		/data/Seafile/amp/protonated/frames/frame02/dry/amp_prot02.engrad	data/supporting_calculations/canonical_surface/amp_protonated/selected_frames/frame02/dry/amp_prot02.engrad	18436	
amp_protonated	canonical	frame02	dry	supporting		/data/Seafile/amp/protonated/frames/frame02/dry/amp_prot02.inp	data/supporting_calculations/canonical_surface/amp_protonated/selected_frames/frame02/dry/amp_prot02.inp	576	
amp_protonated	canonical	frame02	dry	supporting		/data/Seafile/amp/protonated/frames/frame02/dry/amp_prot02.opt	data/supporting_calculations/canonical_surface/amp_protonated/selected_frames/frame02/dry/amp_prot02.opt	128796	
amp_protonated	canonical	frame02	dry	supporting	normal	/data/Seafile/amp/protonated/frames/frame02/dry/amp_prot02.out	data/supporting_calculations/canonical_surface/amp_protonated/selected_frames/frame02/dry/amp_prot02.out	7920093	
amp_protonated	canonical	frame02	dry	supporting		/data/Seafile/amp/protonated/frames/frame02/dry/amp_prot02_dry.xyz	data/supporting_calculations/canonical_surface/amp_protonated/selected_frames/frame02/dry/amp_prot02_dry.xyz	12336	
amp_protonated	canonical	frame02	dry	supporting		/data/Seafile/amp/protonated/frames/frame02/dry/amp_prot02_dry_trj.xyz	data/supporting_calculations/canonical_surface/amp_protonated/selected_frames/frame02/dry/amp_prot02_dry_trj.xyz	388600	
amp_protonated	canonical	frame10	initial	supporting		/data/Seafile/amp/protonated/frames/frame10/frame10.xyz	data/supporting_calculations/canonical_surface/amp_protonated/selected_frames/frame10/initial/frame10.xyz	12106	
amp_protonated	canonical	frame10	solvated	supporting		/data/Seafile/amp/protonated/frames/frame10/amp_prot10.bibtex	data/supporting_calculations/canonical_surface/amp_protonated/selected_frames/frame10/solvated/amp_prot10.bibtex	4659	
amp_protonated	canonical	frame10	solvated	supporting		/data/Seafile/amp/protonated/frames/frame10/amp_prot10.cpcm_corr	data/supporting_calculations/canonical_surface/amp_protonated/selected_frames/frame10/solvated/amp_prot10.cpcm_corr	236287	
amp_protonated	canonical	frame10	solvated	supporting		/data/Seafile/amp/protonated/frames/frame10/amp_prot10.densitiesinfo	data/supporting_calculations/canonical_surface/amp_protonated/selected_frames/frame10/solvated/amp_prot10.densitiesinfo	1838	
amp_protonated	canonical	frame10	solvated	supporting		/data/Seafile/amp/protonated/frames/frame10/amp_prot10.engrad	data/supporting_calculations/canonical_surface/amp_protonated/selected_frames/frame10/solvated/amp_prot10.engrad	18436	
amp_protonated	canonical	frame10	solvated	supporting		/data/Seafile/amp/protonated/frames/frame10/amp_prot10.inp	data/supporting_calculations/canonical_surface/amp_protonated/selected_frames/frame10/solvated/amp_prot10.inp	585	
amp_protonated	canonical	frame10	solvated	supporting		/data/Seafile/amp/protonated/frames/frame10/amp_prot10.opt	data/supporting_calculations/canonical_surface/amp_protonated/selected_frames/frame10/solvated/amp_prot10.opt	136056	
amp_protonated	canonical	frame10	solvated	supporting	normal	/data/Seafile/amp/protonated/frames/frame10/amp_prot10.out	data/supporting_calculations/canonical_surface/amp_protonated/selected_frames/frame10/solvated/amp_prot10.out	13972386	
amp_protonated	canonical	frame10	solvated	supporting		/data/Seafile/amp/protonated/frames/frame10/amp_prot10.xyz	data/supporting_calculations/canonical_surface/amp_protonated/selected_frames/frame10/solvated/amp_prot10.xyz	12332	
amp_protonated	canonical	frame10	solvated	supporting		/data/Seafile/amp/protonated/frames/frame10/amp_prot10_trj.xyz	data/supporting_calculations/canonical_surface/amp_protonated/selected_frames/frame10/solvated/amp_prot10_trj.xyz	675816	
amp_protonated	canonical	frame10	solvated	supporting		/data/Seafile/amp/protonated/frames/frame10/frame10.xyz	data/supporting_calculations/canonical_surface/amp_protonated/selected_frames/frame10/solvated/frame10.xyz	12106	
amp_protonated	canonical	frame10	dry	supporting		/data/Seafile/amp/protonated/frames/frame10/dry/amp_prot10.bibtex	data/supporting_calculations/canonical_surface/amp_protonated/selected_frames/frame10/dry/amp_prot10.bibtex	4334	
amp_protonated	canonical	frame10	dry	supporting		/data/Seafile/amp/protonated/frames/frame10/dry/amp_prot10.densitiesinfo	data/supporting_calculations/canonical_surface/amp_protonated/selected_frames/frame10/dry/amp_prot10.densitiesinfo	1838	
amp_protonated	canonical	frame10	dry	supporting		/data/Seafile/amp/protonated/frames/frame10/dry/amp_prot10.engrad	data/supporting_calculations/canonical_surface/amp_protonated/selected_frames/frame10/dry/amp_prot10.engrad	18436	
amp_protonated	canonical	frame10	dry	supporting		/data/Seafile/amp/protonated/frames/frame10/dry/amp_prot10.inp	data/supporting_calculations/canonical_surface/amp_protonated/selected_frames/frame10/dry/amp_prot10.inp	576	
amp_protonated	canonical	frame10	dry	supporting		/data/Seafile/amp/protonated/frames/frame10/dry/amp_prot10.opt	data/supporting_calculations/canonical_surface/amp_protonated/selected_frames/frame10/dry/amp_prot10.opt	134072	
amp_protonated	canonical	frame10	dry	supporting	normal	/data/Seafile/amp/protonated/frames/frame10/dry/amp_prot10.out	data/supporting_calculations/canonical_surface/amp_protonated/selected_frames/frame10/dry/amp_prot10.out	11164046	
amp_protonated	canonical	frame10	dry	supporting		/data/Seafile/amp/protonated/frames/frame10/dry/amp_prot10_dry.xyz	data/supporting_calculations/canonical_surface/amp_protonated/selected_frames/frame10/dry/amp_prot10_dry.xyz	12336	
amp_protonated	canonical	frame10	dry	supporting		/data/Seafile/amp/protonated/frames/frame10/dry/amp_prot10_dry_trj.xyz	data/supporting_calculations/canonical_surface/amp_protonated/selected_frames/frame10/dry/amp_prot10_dry_trj.xyz	544040	
amp_protonated	aluminium		docking	supporting		/data/Seafile/amp/al_surf/protonated_al_surf/docking/docking.inp	data/supporting_calculations/aluminium_surface/amp_protonated/docking/raw/docking.inp	128	docking provenance used for frame selection
amp_protonated	aluminium		docking	supporting	normal	/data/Seafile/amp/al_surf/protonated_al_surf/docking/docking.out	data/supporting_calculations/aluminium_surface/amp_protonated/docking/raw/docking.out	24326	docking provenance used for frame selection
amp_protonated	aluminium		docking	supporting		/data/Seafile/amp/al_surf/protonated_al_surf/docking/flower_ring_al.xyz	data/supporting_calculations/aluminium_surface/amp_protonated/docking/raw/flower_ring_al.xyz	9539	docking provenance used for frame selection
amp_protonated	aluminium	frame12	initial	supporting		/data/Seafile/amp/al_surf/protonated_al_surf/frames/frame12/frame12.xyz	data/supporting_calculations/aluminium_surface/amp_protonated/selected_frames/frame12/initial/frame12.xyz	12086	
amp_protonated	aluminium	frame12	solvated	supporting		/data/Seafile/amp/al_surf/protonated_al_surf/frames/frame12/amp_al_frame12.bibtex	data/supporting_calculations/aluminium_surface/amp_protonated/selected_frames/frame12/solvated/amp_al_frame12.bibtex	4659	
amp_protonated	aluminium	frame12	solvated	supporting		/data/Seafile/amp/al_surf/protonated_al_surf/frames/frame12/amp_al_frame12.cpcm_corr	data/supporting_calculations/aluminium_surface/amp_protonated/selected_frames/frame12/solvated/amp_al_frame12.cpcm_corr	237664	
amp_protonated	aluminium	frame12	solvated	supporting		/data/Seafile/amp/al_surf/protonated_al_surf/frames/frame12/amp_al_frame12.densitiesinfo	data/supporting_calculations/aluminium_surface/amp_protonated/selected_frames/frame12/solvated/amp_al_frame12.densitiesinfo	1838	
amp_protonated	aluminium	frame12	solvated	supporting		/data/Seafile/amp/al_surf/protonated_al_surf/frames/frame12/amp_al_frame12.engrad	data/supporting_calculations/aluminium_surface/amp_protonated/selected_frames/frame12/solvated/amp_al_frame12.engrad	18436	
amp_protonated	aluminium	frame12	solvated	supporting		/data/Seafile/amp/al_surf/protonated_al_surf/frames/frame12/amp_al_frame12.inp	data/supporting_calculations/aluminium_surface/amp_protonated/selected_frames/frame12/solvated/amp_al_frame12.inp	586	
amp_protonated	aluminium	frame12	solvated	supporting		/data/Seafile/amp/al_surf/protonated_al_surf/frames/frame12/amp_al_frame12.opt	data/supporting_calculations/aluminium_surface/amp_protonated/selected_frames/frame12/solvated/amp_al_frame12.opt	120124	
amp_protonated	aluminium	frame12	solvated	supporting	normal	/data/Seafile/amp/al_surf/protonated_al_surf/frames/frame12/amp_al_frame12.out	data/supporting_calculations/aluminium_surface/amp_protonated/selected_frames/frame12/solvated/amp_al_frame12.out	12199209	
amp_protonated	aluminium	frame12	solvated	supporting		/data/Seafile/amp/al_surf/protonated_al_surf/frames/frame12/amp_al_prot_frame12.xyz	data/supporting_calculations/aluminium_surface/amp_protonated/selected_frames/frame12/solvated/amp_al_prot_frame12.xyz	12352	
amp_protonated	aluminium	frame12	solvated	supporting		/data/Seafile/amp/al_surf/protonated_al_surf/frames/frame12/amp_al_prot_frame12_trj.xyz	data/supporting_calculations/aluminium_surface/amp_protonated/selected_frames/frame12/solvated/amp_al_prot_frame12_trj.xyz	630828	
amp_protonated	aluminium	frame12	solvated	supporting		/data/Seafile/amp/al_surf/protonated_al_surf/frames/frame12/frame12.xyz	data/supporting_calculations/aluminium_surface/amp_protonated/selected_frames/frame12/solvated/frame12.xyz	12086	
amp_protonated	aluminium	frame12	dry	supporting		/data/Seafile/amp/al_surf/protonated_al_surf/frames/frame12/dry/amp_al_frame12.xyz	data/supporting_calculations/aluminium_surface/amp_protonated/selected_frames/frame12/dry/amp_al_frame12.xyz	12352	
amp_protonated	aluminium	frame12	dry	supporting		/data/Seafile/amp/al_surf/protonated_al_surf/frames/frame12/dry/amp_al_frame12_dry.bibtex	data/supporting_calculations/aluminium_surface/amp_protonated/selected_frames/frame12/dry/amp_al_frame12_dry.bibtex	4334	
amp_protonated	aluminium	frame12	dry	supporting		/data/Seafile/amp/al_surf/protonated_al_surf/frames/frame12/dry/amp_al_frame12_dry.densitiesinfo	data/supporting_calculations/aluminium_surface/amp_protonated/selected_frames/frame12/dry/amp_al_frame12_dry.densitiesinfo	1838	
amp_protonated	aluminium	frame12	dry	supporting		/data/Seafile/amp/al_surf/protonated_al_surf/frames/frame12/dry/amp_al_frame12_dry.engrad	data/supporting_calculations/aluminium_surface/amp_protonated/selected_frames/frame12/dry/amp_al_frame12_dry.engrad	18436	
amp_protonated	aluminium	frame12	dry	supporting		/data/Seafile/amp/al_surf/protonated_al_surf/frames/frame12/dry/amp_al_frame12_dry.inp	data/supporting_calculations/aluminium_surface/amp_protonated/selected_frames/frame12/dry/amp_al_frame12_dry.inp	581	
amp_protonated	aluminium	frame12	dry	supporting		/data/Seafile/amp/al_surf/protonated_al_surf/frames/frame12/dry/amp_al_frame12_dry.opt	data/supporting_calculations/aluminium_surface/amp_protonated/selected_frames/frame12/dry/amp_al_frame12_dry.opt	119256	
amp_protonated	aluminium	frame12	dry	supporting	normal	/data/Seafile/amp/al_surf/protonated_al_surf/frames/frame12/dry/amp_al_frame12_dry.out	data/supporting_calculations/aluminium_surface/amp_protonated/selected_frames/frame12/dry/amp_al_frame12_dry.out	18105098	
amp_protonated	aluminium	frame12	dry	supporting		/data/Seafile/amp/al_surf/protonated_al_surf/frames/frame12/dry/amp_al_prot_frame12_dry.xyz	data/supporting_calculations/aluminium_surface/amp_protonated/selected_frames/frame12/dry/amp_al_prot_frame12_dry.xyz	12360	
amp_protonated	aluminium	frame12	dry	supporting		/data/Seafile/amp/al_surf/protonated_al_surf/frames/frame12/dry/amp_al_prot_frame12_dry_trj.xyz	data/supporting_calculations/aluminium_surface/amp_protonated/selected_frames/frame12/dry/amp_al_prot_frame12_dry_trj.xyz	943316	
amp_protonated	aluminium	frame14	initial	supporting		/data/Seafile/amp/al_surf/protonated_al_surf/frames/frame14/frame14.xyz	data/supporting_calculations/aluminium_surface/amp_protonated/selected_frames/frame14/initial/frame14.xyz	12097	
amp_protonated	aluminium	frame14	solvated	supporting		/data/Seafile/amp/al_surf/protonated_al_surf/frames/frame14/amp_al_frame14.bibtex	data/supporting_calculations/aluminium_surface/amp_protonated/selected_frames/frame14/solvated/amp_al_frame14.bibtex	4659	
amp_protonated	aluminium	frame14	solvated	supporting		/data/Seafile/amp/al_surf/protonated_al_surf/frames/frame14/amp_al_frame14.cpcm_corr	data/supporting_calculations/aluminium_surface/amp_protonated/selected_frames/frame14/solvated/amp_al_frame14.cpcm_corr	236321	
amp_protonated	aluminium	frame14	solvated	supporting		/data/Seafile/amp/al_surf/protonated_al_surf/frames/frame14/amp_al_frame14.densitiesinfo	data/supporting_calculations/aluminium_surface/amp_protonated/selected_frames/frame14/solvated/amp_al_frame14.densitiesinfo	1838	
amp_protonated	aluminium	frame14	solvated	supporting		/data/Seafile/amp/al_surf/protonated_al_surf/frames/frame14/amp_al_frame14.engrad	data/supporting_calculations/aluminium_surface/amp_protonated/selected_frames/frame14/solvated/amp_al_frame14.engrad	18436	
amp_protonated	aluminium	frame14	solvated	supporting		/data/Seafile/amp/al_surf/protonated_al_surf/frames/frame14/amp_al_frame14.inp	data/supporting_calculations/aluminium_surface/amp_protonated/selected_frames/frame14/solvated/amp_al_frame14.inp	586	
amp_protonated	aluminium	frame14	solvated	supporting		/data/Seafile/amp/al_surf/protonated_al_surf/frames/frame14/amp_al_frame14.opt	data/supporting_calculations/aluminium_surface/amp_protonated/selected_frames/frame14/solvated/amp_al_frame14.opt	119480	
amp_protonated	aluminium	frame14	solvated	supporting	normal	/data/Seafile/amp/al_surf/protonated_al_surf/frames/frame14/amp_al_frame14.out	data/supporting_calculations/aluminium_surface/amp_protonated/selected_frames/frame14/solvated/amp_al_frame14.out	21204410	
amp_protonated	aluminium	frame14	solvated	supporting		/data/Seafile/amp/al_surf/protonated_al_surf/frames/frame14/amp_al_prot_frame14.xyz	data/supporting_calculations/aluminium_surface/amp_protonated/selected_frames/frame14/solvated/amp_al_prot_frame14.xyz	12352	
amp_protonated	aluminium	frame14	solvated	supporting		/data/Seafile/amp/al_surf/protonated_al_surf/frames/frame14/amp_al_prot_frame14_trj.xyz	data/supporting_calculations/aluminium_surface/amp_protonated/selected_frames/frame14/solvated/amp_al_prot_frame14_trj.xyz	1113684	
amp_protonated	aluminium	frame14	solvated	supporting		/data/Seafile/amp/al_surf/protonated_al_surf/frames/frame14/frame14.xyz	data/supporting_calculations/aluminium_surface/amp_protonated/selected_frames/frame14/solvated/frame14.xyz	12097	
amp_protonated	aluminium	frame14	dry	supporting		/data/Seafile/amp/al_surf/protonated_al_surf/frames/frame14/dry/amp_al_frame14.xyz	data/supporting_calculations/aluminium_surface/amp_protonated/selected_frames/frame14/dry/amp_al_frame14.xyz	12352	
amp_protonated	aluminium	frame14	dry	supporting		/data/Seafile/amp/al_surf/protonated_al_surf/frames/frame14/dry/amp_al_frame14_dry.bibtex	data/supporting_calculations/aluminium_surface/amp_protonated/selected_frames/frame14/dry/amp_al_frame14_dry.bibtex	4334	
amp_protonated	aluminium	frame14	dry	supporting		/data/Seafile/amp/al_surf/protonated_al_surf/frames/frame14/dry/amp_al_frame14_dry.densitiesinfo	data/supporting_calculations/aluminium_surface/amp_protonated/selected_frames/frame14/dry/amp_al_frame14_dry.densitiesinfo	1838	
amp_protonated	aluminium	frame14	dry	supporting		/data/Seafile/amp/al_surf/protonated_al_surf/frames/frame14/dry/amp_al_frame14_dry.engrad	data/supporting_calculations/aluminium_surface/amp_protonated/selected_frames/frame14/dry/amp_al_frame14_dry.engrad	18436	
amp_protonated	aluminium	frame14	dry	supporting		/data/Seafile/amp/al_surf/protonated_al_surf/frames/frame14/dry/amp_al_frame14_dry.inp	data/supporting_calculations/aluminium_surface/amp_protonated/selected_frames/frame14/dry/amp_al_frame14_dry.inp	581	
amp_protonated	aluminium	frame14	dry	supporting		/data/Seafile/amp/al_surf/protonated_al_surf/frames/frame14/dry/amp_al_frame14_dry.opt	data/supporting_calculations/aluminium_surface/amp_protonated/selected_frames/frame14/dry/amp_al_frame14_dry.opt	133188	
amp_protonated	aluminium	frame14	dry	supporting	normal	/data/Seafile/amp/al_surf/protonated_al_surf/frames/frame14/dry/amp_al_frame14_dry.out	data/supporting_calculations/aluminium_surface/amp_protonated/selected_frames/frame14/dry/amp_al_frame14_dry.out	16943850	
amp_protonated	aluminium	frame14	dry	supporting		/data/Seafile/amp/al_surf/protonated_al_surf/frames/frame14/dry/amp_al_frame14_dry_trj.xyz	data/supporting_calculations/aluminium_surface/amp_protonated/selected_frames/frame14/dry/amp_al_frame14_dry_trj.xyz	835056	
amp_protonated	aluminium	frame14	dry	supporting		/data/Seafile/amp/al_surf/protonated_al_surf/frames/frame14/dry/amp_al_prot_frame14_dry.xyz	data/supporting_calculations/aluminium_surface/amp_protonated/selected_frames/frame14/dry/amp_al_prot_frame14_dry.xyz	12296	
amp_protonated	aluminium	frame14	dry_first_accident	check		/data/Seafile/amp/al_surf/protonated_al_surf/frames/frame14/dry_first_accident/amp_al_frame14 (SFConflict wbn215 2026-02-17-14-53-05).densitiesinfo	data/supporting_calculations/aluminium_surface/amp_protonated/checks/frame14/dry_first_accident/amp_al_frame14 (SFConflict wbn215 2026-02-17-14-53-05).densitiesinfo	1838	non-primary check or exploratory calculation
amp_protonated	aluminium	frame14	dry_first_accident	check		/data/Seafile/amp/al_surf/protonated_al_surf/frames/frame14/dry_first_accident/amp_al_frame14.bibtex	data/supporting_calculations/aluminium_surface/amp_protonated/checks/frame14/dry_first_accident/amp_al_frame14.bibtex	4334	non-primary check or exploratory calculation
amp_protonated	aluminium	frame14	dry_first_accident	check		/data/Seafile/amp/al_surf/protonated_al_surf/frames/frame14/dry_first_accident/amp_al_frame14.densitiesinfo	data/supporting_calculations/aluminium_surface/amp_protonated/checks/frame14/dry_first_accident/amp_al_frame14.densitiesinfo	1838	non-primary check or exploratory calculation
amp_protonated	aluminium	frame14	dry_first_accident	check		/data/Seafile/amp/al_surf/protonated_al_surf/frames/frame14/dry_first_accident/amp_al_frame14.engrad	data/supporting_calculations/aluminium_surface/amp_protonated/checks/frame14/dry_first_accident/amp_al_frame14.engrad	18436	non-primary check or exploratory calculation
amp_protonated	aluminium	frame14	dry_first_accident	check		/data/Seafile/amp/al_surf/protonated_al_surf/frames/frame14/dry_first_accident/amp_al_frame14.inp	data/supporting_calculations/aluminium_surface/amp_protonated/checks/frame14/dry_first_accident/amp_al_frame14.inp	574	non-primary check or exploratory calculation
amp_protonated	aluminium	frame14	dry_first_accident	check		/data/Seafile/amp/al_surf/protonated_al_surf/frames/frame14/dry_first_accident/amp_al_frame14.opt	data/supporting_calculations/aluminium_surface/amp_protonated/checks/frame14/dry_first_accident/amp_al_frame14.opt	120948	non-primary check or exploratory calculation
amp_protonated	aluminium	frame14	dry_first_accident	check	normal	/data/Seafile/amp/al_surf/protonated_al_surf/frames/frame14/dry_first_accident/amp_al_frame14.out	data/supporting_calculations/aluminium_surface/amp_protonated/checks/frame14/dry_first_accident/amp_al_frame14.out	18907612	non-primary check or exploratory calculation
amp_protonated	aluminium	frame14	dry_first_accident	check		/data/Seafile/amp/al_surf/protonated_al_surf/frames/frame14/dry_first_accident/amp_al_frame14.xyz	data/supporting_calculations/aluminium_surface/amp_protonated/checks/frame14/dry_first_accident/amp_al_frame14.xyz	12352	non-primary check or exploratory calculation
amp_protonated	aluminium	frame14	dry_first_accident	check		/data/Seafile/amp/al_surf/protonated_al_surf/frames/frame14/dry_first_accident/amp_al_frame14_trj.xyz	data/supporting_calculations/aluminium_surface/amp_protonated/checks/frame14/dry_first_accident/amp_al_frame14_trj.xyz	996864	non-primary check or exploratory calculation
amp_protonated	aluminium	frame14	dry_first_accident	check		/data/Seafile/amp/al_surf/protonated_al_surf/frames/frame14/dry_first_accident/frame14.xyz	data/supporting_calculations/aluminium_surface/amp_protonated/checks/frame14/dry_first_accident/frame14.xyz	12097	non-primary check or exploratory calculation
amp_protonated	aluminium	frame16	initial	supporting		/data/Seafile/amp/al_surf/protonated_al_surf/frames/frame16/frame16.xyz	data/supporting_calculations/aluminium_surface/amp_protonated/selected_frames/frame16/initial/frame16.xyz	12094	
amp_protonated	aluminium	frame16	solvated	supporting		/data/Seafile/amp/al_surf/protonated_al_surf/frames/frame16/amp_al_frame16.bibtex	data/supporting_calculations/aluminium_surface/amp_protonated/selected_frames/frame16/solvated/amp_al_frame16.bibtex	4659	
amp_protonated	aluminium	frame16	solvated	supporting		/data/Seafile/amp/al_surf/protonated_al_surf/frames/frame16/amp_al_frame16.cpcm_corr	data/supporting_calculations/aluminium_surface/amp_protonated/selected_frames/frame16/solvated/amp_al_frame16.cpcm_corr	236049	
amp_protonated	aluminium	frame16	solvated	supporting		/data/Seafile/amp/al_surf/protonated_al_surf/frames/frame16/amp_al_frame16.densitiesinfo	data/supporting_calculations/aluminium_surface/amp_protonated/selected_frames/frame16/solvated/amp_al_frame16.densitiesinfo	1838	
amp_protonated	aluminium	frame16	solvated	supporting		/data/Seafile/amp/al_surf/protonated_al_surf/frames/frame16/amp_al_frame16.engrad	data/supporting_calculations/aluminium_surface/amp_protonated/selected_frames/frame16/solvated/amp_al_frame16.engrad	18436	
amp_protonated	aluminium	frame16	solvated	supporting		/data/Seafile/amp/al_surf/protonated_al_surf/frames/frame16/amp_al_frame16.inp	data/supporting_calculations/aluminium_surface/amp_protonated/selected_frames/frame16/solvated/amp_al_frame16.inp	586	
amp_protonated	aluminium	frame16	solvated	supporting		/data/Seafile/amp/al_surf/protonated_al_surf/frames/frame16/amp_al_frame16.opt	data/supporting_calculations/aluminium_surface/amp_protonated/selected_frames/frame16/solvated/amp_al_frame16.opt	124048	
amp_protonated	aluminium	frame16	solvated	supporting	normal	/data/Seafile/amp/al_surf/protonated_al_surf/frames/frame16/amp_al_frame16.out	data/supporting_calculations/aluminium_surface/amp_protonated/selected_frames/frame16/solvated/amp_al_frame16.out	24610617	
amp_protonated	aluminium	frame16	solvated	supporting		/data/Seafile/amp/al_surf/protonated_al_surf/frames/frame16/amp_al_frame16.xyz	data/supporting_calculations/aluminium_surface/amp_protonated/selected_frames/frame16/solvated/amp_al_frame16.xyz	12292	
amp_protonated	aluminium	frame16	solvated	supporting		/data/Seafile/amp/al_surf/protonated_al_surf/frames/frame16/amp_al_frame16_trj.xyz	data/supporting_calculations/aluminium_surface/amp_protonated/selected_frames/frame16/solvated/amp_al_frame16_trj.xyz	1259664	
amp_protonated	aluminium	frame16	solvated	supporting		/data/Seafile/amp/al_surf/protonated_al_surf/frames/frame16/frame16.xyz	data/supporting_calculations/aluminium_surface/amp_protonated/selected_frames/frame16/solvated/frame16.xyz	12094	
cmp_protonated	canonical		docking	supporting		/data/Seafile/cmp/protonated/docking/docking.inp	data/supporting_calculations/canonical_surface/cmp_protonated/docking/raw/docking.inp	122	docking provenance used for frame selection
cmp_protonated	canonical		docking	supporting	normal	/data/Seafile/cmp/protonated/docking/docking.out	data/supporting_calculations/canonical_surface/cmp_protonated/docking/raw/docking.out	25076	docking provenance used for frame selection
cmp_protonated	canonical		docking	supporting		/data/Seafile/cmp/protonated/docking/flower_ring.xyz	data/supporting_calculations/canonical_surface/cmp_protonated/docking/raw/flower_ring.xyz	9514	docking provenance used for frame selection
cmp_protonated	canonical	frame09	initial	supporting		/data/Seafile/cmp/protonated/frames/frame09/frame09.xyz	data/supporting_calculations/canonical_surface/cmp_protonated/selected_frames/frame09/initial/frame09.xyz	11957	
cmp_protonated	canonical	frame09	solvated	supporting		/data/Seafile/cmp/protonated/frames/frame09/cmp_prot09.bibtex	data/supporting_calculations/canonical_surface/cmp_protonated/selected_frames/frame09/solvated/cmp_prot09.bibtex	4659	
cmp_protonated	canonical	frame09	solvated	supporting		/data/Seafile/cmp/protonated/frames/frame09/cmp_prot09.cpcm_corr	data/supporting_calculations/canonical_surface/cmp_protonated/selected_frames/frame09/solvated/cmp_prot09.cpcm_corr	233737	
cmp_protonated	canonical	frame09	solvated	supporting		/data/Seafile/cmp/protonated/frames/frame09/cmp_prot09.densitiesinfo	data/supporting_calculations/canonical_surface/cmp_protonated/selected_frames/frame09/solvated/cmp_prot09.densitiesinfo	1838	
cmp_protonated	canonical	frame09	solvated	supporting		/data/Seafile/cmp/protonated/frames/frame09/cmp_prot09.engrad	data/supporting_calculations/canonical_surface/cmp_protonated/selected_frames/frame09/solvated/cmp_prot09.engrad	18212	
cmp_protonated	canonical	frame09	solvated	supporting		/data/Seafile/cmp/protonated/frames/frame09/cmp_prot09.inp	data/supporting_calculations/canonical_surface/cmp_protonated/selected_frames/frame09/solvated/cmp_prot09.inp	585	
cmp_protonated	canonical	frame09	solvated	supporting		/data/Seafile/cmp/protonated/frames/frame09/cmp_prot09.opt	data/supporting_calculations/canonical_surface/cmp_protonated/selected_frames/frame09/solvated/cmp_prot09.opt	122028	
cmp_protonated	canonical	frame09	solvated	supporting	normal	/data/Seafile/cmp/protonated/frames/frame09/cmp_prot09.out	data/supporting_calculations/canonical_surface/cmp_protonated/selected_frames/frame09/solvated/cmp_prot09.out	6557986	
cmp_protonated	canonical	frame09	solvated	supporting		/data/Seafile/cmp/protonated/frames/frame09/cmp_prot09.xyz	data/supporting_calculations/canonical_surface/cmp_protonated/selected_frames/frame09/solvated/cmp_prot09.xyz	12182	
cmp_protonated	canonical	frame09	solvated	supporting		/data/Seafile/cmp/protonated/frames/frame09/cmp_prot09_trj.xyz	data/supporting_calculations/canonical_surface/cmp_protonated/selected_frames/frame09/solvated/cmp_prot09_trj.xyz	322308	
cmp_protonated	canonical	frame09	solvated	supporting		/data/Seafile/cmp/protonated/frames/frame09/frame09.xyz	data/supporting_calculations/canonical_surface/cmp_protonated/selected_frames/frame09/solvated/frame09.xyz	11957	
cmp_protonated	canonical	frame09	dry	supporting		/data/Seafile/cmp/protonated/frames/frame09/dry/cmp_prot09.bibtex	data/supporting_calculations/canonical_surface/cmp_protonated/selected_frames/frame09/dry/cmp_prot09.bibtex	4334	
cmp_protonated	canonical	frame09	dry	supporting		/data/Seafile/cmp/protonated/frames/frame09/dry/cmp_prot09.densitiesinfo	data/supporting_calculations/canonical_surface/cmp_protonated/selected_frames/frame09/dry/cmp_prot09.densitiesinfo	1838	
cmp_protonated	canonical	frame09	dry	supporting		/data/Seafile/cmp/protonated/frames/frame09/dry/cmp_prot09.engrad	data/supporting_calculations/canonical_surface/cmp_protonated/selected_frames/frame09/dry/cmp_prot09.engrad	18212	
cmp_protonated	canonical	frame09	dry	supporting		/data/Seafile/cmp/protonated/frames/frame09/dry/cmp_prot09.inp	data/supporting_calculations/canonical_surface/cmp_protonated/selected_frames/frame09/dry/cmp_prot09.inp	576	
cmp_protonated	canonical	frame09	dry	supporting		/data/Seafile/cmp/protonated/frames/frame09/dry/cmp_prot09.opt	data/supporting_calculations/canonical_surface/cmp_protonated/selected_frames/frame09/dry/cmp_prot09.opt	126648	
cmp_protonated	canonical	frame09	dry	supporting	normal	/data/Seafile/cmp/protonated/frames/frame09/dry/cmp_prot09.out	data/supporting_calculations/canonical_surface/cmp_protonated/selected_frames/frame09/dry/cmp_prot09.out	16851909	
cmp_protonated	canonical	frame09	dry	supporting		/data/Seafile/cmp/protonated/frames/frame09/dry/cmp_prot09.xyz	data/supporting_calculations/canonical_surface/cmp_protonated/selected_frames/frame09/dry/cmp_prot09.xyz	12186	
cmp_protonated	canonical	frame09	dry	supporting		/data/Seafile/cmp/protonated/frames/frame09/dry/cmp_prot09_trj.xyz	data/supporting_calculations/canonical_surface/cmp_protonated/selected_frames/frame09/dry/cmp_prot09_trj.xyz	852258	
cmp_protonated	canonical	frame11	initial	supporting		/data/Seafile/cmp/protonated/frames/frame11/frame11.xyz	data/supporting_calculations/canonical_surface/cmp_protonated/selected_frames/frame11/initial/frame11.xyz	11946	
cmp_protonated	canonical	frame11	solvated	supporting		/data/Seafile/cmp/protonated/frames/frame11/cmp_prot11.bibtex	data/supporting_calculations/canonical_surface/cmp_protonated/selected_frames/frame11/solvated/cmp_prot11.bibtex	4659	
cmp_protonated	canonical	frame11	solvated	supporting		/data/Seafile/cmp/protonated/frames/frame11/cmp_prot11.cpcm_corr	data/supporting_calculations/canonical_surface/cmp_protonated/selected_frames/frame11/solvated/cmp_prot11.cpcm_corr	234468	
cmp_protonated	canonical	frame11	solvated	supporting		/data/Seafile/cmp/protonated/frames/frame11/cmp_prot11.densitiesinfo	data/supporting_calculations/canonical_surface/cmp_protonated/selected_frames/frame11/solvated/cmp_prot11.densitiesinfo	1838	
cmp_protonated	canonical	frame11	solvated	supporting		/data/Seafile/cmp/protonated/frames/frame11/cmp_prot11.engrad	data/supporting_calculations/canonical_surface/cmp_protonated/selected_frames/frame11/solvated/cmp_prot11.engrad	18212	
cmp_protonated	canonical	frame11	solvated	supporting		/data/Seafile/cmp/protonated/frames/frame11/cmp_prot11.inp	data/supporting_calculations/canonical_surface/cmp_protonated/selected_frames/frame11/solvated/cmp_prot11.inp	585	
cmp_protonated	canonical	frame11	solvated	supporting		/data/Seafile/cmp/protonated/frames/frame11/cmp_prot11.opt	data/supporting_calculations/canonical_surface/cmp_protonated/selected_frames/frame11/solvated/cmp_prot11.opt	135892	
cmp_protonated	canonical	frame11	solvated	supporting	normal	/data/Seafile/cmp/protonated/frames/frame11/cmp_prot11.out	data/supporting_calculations/canonical_surface/cmp_protonated/selected_frames/frame11/solvated/cmp_prot11.out	21168464	
cmp_protonated	canonical	frame11	solvated	supporting		/data/Seafile/cmp/protonated/frames/frame11/cmp_prot11.xyz	data/supporting_calculations/canonical_surface/cmp_protonated/selected_frames/frame11/solvated/cmp_prot11.xyz	12182	
cmp_protonated	canonical	frame11	solvated	supporting		/data/Seafile/cmp/protonated/frames/frame11/cmp_prot11_trj.xyz	data/supporting_calculations/canonical_surface/cmp_protonated/selected_frames/frame11/solvated/cmp_prot11_trj.xyz	1020642	
cmp_protonated	canonical	frame11	solvated	supporting		/data/Seafile/cmp/protonated/frames/frame11/frame11.xyz	data/supporting_calculations/canonical_surface/cmp_protonated/selected_frames/frame11/solvated/frame11.xyz	11946	
cmp_protonated	canonical	frame11	dry	supporting		/data/Seafile/cmp/protonated/frames/frame11/dry/cmp_prot11.bibtex	data/supporting_calculations/canonical_surface/cmp_protonated/selected_frames/frame11/dry/cmp_prot11.bibtex	4334	
cmp_protonated	canonical	frame11	dry	supporting		/data/Seafile/cmp/protonated/frames/frame11/dry/cmp_prot11.densitiesinfo	data/supporting_calculations/canonical_surface/cmp_protonated/selected_frames/frame11/dry/cmp_prot11.densitiesinfo	1838	
cmp_protonated	canonical	frame11	dry	supporting		/data/Seafile/cmp/protonated/frames/frame11/dry/cmp_prot11.engrad	data/supporting_calculations/canonical_surface/cmp_protonated/selected_frames/frame11/dry/cmp_prot11.engrad	18212	
cmp_protonated	canonical	frame11	dry	supporting		/data/Seafile/cmp/protonated/frames/frame11/dry/cmp_prot11.inp	data/supporting_calculations/canonical_surface/cmp_protonated/selected_frames/frame11/dry/cmp_prot11.inp	576	
cmp_protonated	canonical	frame11	dry	supporting		/data/Seafile/cmp/protonated/frames/frame11/dry/cmp_prot11.opt	data/supporting_calculations/canonical_surface/cmp_protonated/selected_frames/frame11/dry/cmp_prot11.opt	125948	
cmp_protonated	canonical	frame11	dry	supporting	normal	/data/Seafile/cmp/protonated/frames/frame11/dry/cmp_prot11.out	data/supporting_calculations/canonical_surface/cmp_protonated/selected_frames/frame11/dry/cmp_prot11.out	15131311	
cmp_protonated	canonical	frame11	dry	supporting		/data/Seafile/cmp/protonated/frames/frame11/dry/cmp_prot11.xyz	data/supporting_calculations/canonical_surface/cmp_protonated/selected_frames/frame11/dry/cmp_prot11.xyz	12186	
cmp_protonated	canonical	frame11	dry	supporting		/data/Seafile/cmp/protonated/frames/frame11/dry/cmp_prot11_trj.xyz	data/supporting_calculations/canonical_surface/cmp_protonated/selected_frames/frame11/dry/cmp_prot11_trj.xyz	767800	
cmp_protonated	aluminium		docking	supporting		/data/Seafile/cmp/al_surf/protonated_al_surf/docking/docking.inp	data/supporting_calculations/aluminium_surface/cmp_protonated/docking/raw/docking.inp	129	docking provenance used for frame selection
cmp_protonated	aluminium		docking	supporting	normal	/data/Seafile/cmp/al_surf/protonated_al_surf/docking/docking.out	data/supporting_calculations/aluminium_surface/cmp_protonated/docking/raw/docking.out	24918	docking provenance used for frame selection
cmp_protonated	aluminium		docking	supporting		/data/Seafile/cmp/al_surf/protonated_al_surf/docking/flower_ring_al.xyz	data/supporting_calculations/aluminium_surface/cmp_protonated/docking/raw/flower_ring_al.xyz	9539	docking provenance used for frame selection
cmp_protonated	aluminium	frame02	initial	supporting		/data/Seafile/cmp/al_surf/protonated_al_surf/frames/frame02/frame02.xyz	data/supporting_calculations/aluminium_surface/cmp_protonated/selected_frames/frame02/initial/frame02.xyz	11954	
cmp_protonated	aluminium	frame02	solvated	supporting		/data/Seafile/cmp/al_surf/protonated_al_surf/frames/frame02/cmp_prot_al_frame02.bibtex	data/supporting_calculations/aluminium_surface/cmp_protonated/selected_frames/frame02/solvated/cmp_prot_al_frame02.bibtex	4659	
cmp_protonated	aluminium	frame02	solvated	supporting		/data/Seafile/cmp/al_surf/protonated_al_surf/frames/frame02/cmp_prot_al_frame02.cpcm_corr	data/supporting_calculations/aluminium_surface/cmp_protonated/selected_frames/frame02/solvated/cmp_prot_al_frame02.cpcm_corr	234213	
cmp_protonated	aluminium	frame02	solvated	supporting		/data/Seafile/cmp/al_surf/protonated_al_surf/frames/frame02/cmp_prot_al_frame02.densitiesinfo	data/supporting_calculations/aluminium_surface/cmp_protonated/selected_frames/frame02/solvated/cmp_prot_al_frame02.densitiesinfo	1838	
cmp_protonated	aluminium	frame02	solvated	supporting		/data/Seafile/cmp/al_surf/protonated_al_surf/frames/frame02/cmp_prot_al_frame02.engrad	data/supporting_calculations/aluminium_surface/cmp_protonated/selected_frames/frame02/solvated/cmp_prot_al_frame02.engrad	18212	
cmp_protonated	aluminium	frame02	solvated	supporting		/data/Seafile/cmp/al_surf/protonated_al_surf/frames/frame02/cmp_prot_al_frame02.inp	data/supporting_calculations/aluminium_surface/cmp_protonated/selected_frames/frame02/solvated/cmp_prot_al_frame02.inp	586	
cmp_protonated	aluminium	frame02	solvated	supporting		/data/Seafile/cmp/al_surf/protonated_al_surf/frames/frame02/cmp_prot_al_frame02.opt	data/supporting_calculations/aluminium_surface/cmp_protonated/selected_frames/frame02/solvated/cmp_prot_al_frame02.opt	126720	
cmp_protonated	aluminium	frame02	solvated	supporting	normal	/data/Seafile/cmp/al_surf/protonated_al_surf/frames/frame02/cmp_prot_al_frame02.out	data/supporting_calculations/aluminium_surface/cmp_protonated/selected_frames/frame02/solvated/cmp_prot_al_frame02.out	14070628	
cmp_protonated	aluminium	frame02	solvated	supporting		/data/Seafile/cmp/al_surf/protonated_al_surf/frames/frame02/cmp_prot_al_frame02.xyz	data/supporting_calculations/aluminium_surface/cmp_protonated/selected_frames/frame02/solvated/cmp_prot_al_frame02.xyz	12147	
cmp_protonated	aluminium	frame02	solvated	supporting		/data/Seafile/cmp/al_surf/protonated_al_surf/frames/frame02/cmp_prot_al_frame02_trj.xyz	data/supporting_calculations/aluminium_surface/cmp_protonated/selected_frames/frame02/solvated/cmp_prot_al_frame02_trj.xyz	695149	
cmp_protonated	aluminium	frame02	solvated	supporting		/data/Seafile/cmp/al_surf/protonated_al_surf/frames/frame02/frame02.xyz	data/supporting_calculations/aluminium_surface/cmp_protonated/selected_frames/frame02/solvated/frame02.xyz	11954	
cmp_protonated	aluminium	frame02	dry	supporting		/data/Seafile/cmp/al_surf/protonated_al_surf/frames/frame02/dry/cmp_prot_al_frame02.xyz	data/supporting_calculations/aluminium_surface/cmp_protonated/selected_frames/frame02/dry/cmp_prot_al_frame02.xyz	12147	
cmp_protonated	aluminium	frame02	dry	supporting		/data/Seafile/cmp/al_surf/protonated_al_surf/frames/frame02/dry/cmp_prot_al_frame02_dry.bibtex	data/supporting_calculations/aluminium_surface/cmp_protonated/selected_frames/frame02/dry/cmp_prot_al_frame02_dry.bibtex	4334	
cmp_protonated	aluminium	frame02	dry	supporting		/data/Seafile/cmp/al_surf/protonated_al_surf/frames/frame02/dry/cmp_prot_al_frame02_dry.densitiesinfo	data/supporting_calculations/aluminium_surface/cmp_protonated/selected_frames/frame02/dry/cmp_prot_al_frame02_dry.densitiesinfo	1838	
cmp_protonated	aluminium	frame02	dry	supporting		/data/Seafile/cmp/al_surf/protonated_al_surf/frames/frame02/dry/cmp_prot_al_frame02_dry.engrad	data/supporting_calculations/aluminium_surface/cmp_protonated/selected_frames/frame02/dry/cmp_prot_al_frame02_dry.engrad	18212	
cmp_protonated	aluminium	frame02	dry	supporting		/data/Seafile/cmp/al_surf/protonated_al_surf/frames/frame02/dry/cmp_prot_al_frame02_dry.inp	data/supporting_calculations/aluminium_surface/cmp_protonated/selected_frames/frame02/dry/cmp_prot_al_frame02_dry.inp	586	
cmp_protonated	aluminium	frame02	dry	supporting		/data/Seafile/cmp/al_surf/protonated_al_surf/frames/frame02/dry/cmp_prot_al_frame02_dry.opt	data/supporting_calculations/aluminium_surface/cmp_protonated/selected_frames/frame02/dry/cmp_prot_al_frame02_dry.opt	132948	
cmp_protonated	aluminium	frame02	dry	supporting	normal	/data/Seafile/cmp/al_surf/protonated_al_surf/frames/frame02/dry/cmp_prot_al_frame02_dry.out	data/supporting_calculations/aluminium_surface/cmp_protonated/selected_frames/frame02/dry/cmp_prot_al_frame02_dry.out	8783012	
cmp_protonated	aluminium	frame02	dry	supporting		/data/Seafile/cmp/al_surf/protonated_al_surf/frames/frame02/dry/cmp_prot_al_frame02_dry.xyz	data/supporting_calculations/aluminium_surface/cmp_protonated/selected_frames/frame02/dry/cmp_prot_al_frame02_dry.xyz	12151	
cmp_protonated	aluminium	frame02	dry	supporting		/data/Seafile/cmp/al_surf/protonated_al_surf/frames/frame02/dry/cmp_prot_al_frame02_dry_trj.xyz	data/supporting_calculations/aluminium_surface/cmp_protonated/selected_frames/frame02/dry/cmp_prot_al_frame02_dry_trj.xyz	420365	
cmp_protonated	aluminium	frame03	initial	supporting		/data/Seafile/cmp/al_surf/protonated_al_surf/frames/frame03/frame03.xyz	data/supporting_calculations/aluminium_surface/cmp_protonated/selected_frames/frame03/initial/frame03.xyz	11938	
cmp_protonated	aluminium	frame03	solvated	supporting		/data/Seafile/cmp/al_surf/protonated_al_surf/frames/frame03/cmp_prot_al_frame03.bibtex	data/supporting_calculations/aluminium_surface/cmp_protonated/selected_frames/frame03/solvated/cmp_prot_al_frame03.bibtex	4659	
cmp_protonated	aluminium	frame03	solvated	supporting		/data/Seafile/cmp/al_surf/protonated_al_surf/frames/frame03/cmp_prot_al_frame03.cpcm_corr	data/supporting_calculations/aluminium_surface/cmp_protonated/selected_frames/frame03/solvated/cmp_prot_al_frame03.cpcm_corr	233193	
cmp_protonated	aluminium	frame03	solvated	supporting		/data/Seafile/cmp/al_surf/protonated_al_surf/frames/frame03/cmp_prot_al_frame03.densitiesinfo	data/supporting_calculations/aluminium_surface/cmp_protonated/selected_frames/frame03/solvated/cmp_prot_al_frame03.densitiesinfo	1838	
cmp_protonated	aluminium	frame03	solvated	supporting		/data/Seafile/cmp/al_surf/protonated_al_surf/frames/frame03/cmp_prot_al_frame03.engrad	data/supporting_calculations/aluminium_surface/cmp_protonated/selected_frames/frame03/solvated/cmp_prot_al_frame03.engrad	18212	
cmp_protonated	aluminium	frame03	solvated	supporting		/data/Seafile/cmp/al_surf/protonated_al_surf/frames/frame03/cmp_prot_al_frame03.inp	data/supporting_calculations/aluminium_surface/cmp_protonated/selected_frames/frame03/solvated/cmp_prot_al_frame03.inp	586	
cmp_protonated	aluminium	frame03	solvated	supporting		/data/Seafile/cmp/al_surf/protonated_al_surf/frames/frame03/cmp_prot_al_frame03.opt	data/supporting_calculations/aluminium_surface/cmp_protonated/selected_frames/frame03/solvated/cmp_prot_al_frame03.opt	124804	
cmp_protonated	aluminium	frame03	solvated	supporting	normal	/data/Seafile/cmp/al_surf/protonated_al_surf/frames/frame03/cmp_prot_al_frame03.out	data/supporting_calculations/aluminium_surface/cmp_protonated/selected_frames/frame03/solvated/cmp_prot_al_frame03.out	13338596	
cmp_protonated	aluminium	frame03	solvated	supporting		/data/Seafile/cmp/al_surf/protonated_al_surf/frames/frame03/cmp_prot_al_frame03.xyz	data/supporting_calculations/aluminium_surface/cmp_protonated/selected_frames/frame03/solvated/cmp_prot_al_frame03.xyz	12147	
cmp_protonated	aluminium	frame03	solvated	supporting		/data/Seafile/cmp/al_surf/protonated_al_surf/frames/frame03/cmp_prot_al_frame03_trj.xyz	data/supporting_calculations/aluminium_surface/cmp_protonated/selected_frames/frame03/solvated/cmp_prot_al_frame03_trj.xyz	664593	
cmp_protonated	aluminium	frame03	solvated	supporting		/data/Seafile/cmp/al_surf/protonated_al_surf/frames/frame03/frame03.xyz	data/supporting_calculations/aluminium_surface/cmp_protonated/selected_frames/frame03/solvated/frame03.xyz	11938	
cmp_protonated	aluminium	frame03	dry	supporting		/data/Seafile/cmp/al_surf/protonated_al_surf/frames/frame03/dry/cmp_prot_al_frame03.xyz	data/supporting_calculations/aluminium_surface/cmp_protonated/selected_frames/frame03/dry/cmp_prot_al_frame03.xyz	12147	
cmp_protonated	aluminium	frame03	dry	supporting		/data/Seafile/cmp/al_surf/protonated_al_surf/frames/frame03/dry/cmp_prot_al_frame03_dry.bibtex	data/supporting_calculations/aluminium_surface/cmp_protonated/selected_frames/frame03/dry/cmp_prot_al_frame03_dry.bibtex	4334	
cmp_protonated	aluminium	frame03	dry	supporting		/data/Seafile/cmp/al_surf/protonated_al_surf/frames/frame03/dry/cmp_prot_al_frame03_dry.densitiesinfo	data/supporting_calculations/aluminium_surface/cmp_protonated/selected_frames/frame03/dry/cmp_prot_al_frame03_dry.densitiesinfo	1838	
cmp_protonated	aluminium	frame03	dry	supporting		/data/Seafile/cmp/al_surf/protonated_al_surf/frames/frame03/dry/cmp_prot_al_frame03_dry.engrad	data/supporting_calculations/aluminium_surface/cmp_protonated/selected_frames/frame03/dry/cmp_prot_al_frame03_dry.engrad	18212	
cmp_protonated	aluminium	frame03	dry	supporting		/data/Seafile/cmp/al_surf/protonated_al_surf/frames/frame03/dry/cmp_prot_al_frame03_dry.inp	data/supporting_calculations/aluminium_surface/cmp_protonated/selected_frames/frame03/dry/cmp_prot_al_frame03_dry.inp	586	
cmp_protonated	aluminium	frame03	dry	supporting		/data/Seafile/cmp/al_surf/protonated_al_surf/frames/frame03/dry/cmp_prot_al_frame03_dry.opt	data/supporting_calculations/aluminium_surface/cmp_protonated/selected_frames/frame03/dry/cmp_prot_al_frame03_dry.opt	125356	
cmp_protonated	aluminium	frame03	dry	supporting	normal	/data/Seafile/cmp/al_surf/protonated_al_surf/frames/frame03/dry/cmp_prot_al_frame03_dry.out	data/supporting_calculations/aluminium_surface/cmp_protonated/selected_frames/frame03/dry/cmp_prot_al_frame03_dry.out	8387265	
cmp_protonated	aluminium	frame03	dry	supporting		/data/Seafile/cmp/al_surf/protonated_al_surf/frames/frame03/dry/cmp_prot_al_frame03_dry.xyz	data/supporting_calculations/aluminium_surface/cmp_protonated/selected_frames/frame03/dry/cmp_prot_al_frame03_dry.xyz	12151	
cmp_protonated	aluminium	frame03	dry	supporting		/data/Seafile/cmp/al_surf/protonated_al_surf/frames/frame03/dry/cmp_prot_al_frame03_dry_trj.xyz	data/supporting_calculations/aluminium_surface/cmp_protonated/selected_frames/frame03/dry/cmp_prot_al_frame03_dry_trj.xyz	412722	
mg	canonical		docking	supporting		/data/Seafile/mg_docking/docking.inp	data/supporting_calculations/canonical_surface/mg/docking/raw/docking.inp	116	docking provenance used for frame selection
mg	canonical		docking	supporting	normal	/data/Seafile/mg_docking/docking.out	data/supporting_calculations/canonical_surface/mg/docking/raw/docking.out	23695	docking provenance used for frame selection
mg	canonical		docking	supporting		/data/Seafile/mg_docking/flower_ring.xyz	data/supporting_calculations/canonical_surface/mg/docking/raw/flower_ring.xyz	9514	docking provenance used for frame selection
amp_dimer	canonical		docking	supporting	not_normal	/data/Seafile/dimer/docking/amp_dimer_docking.docker.struc1.preopt135.out	data/supporting_calculations/canonical_surface/amp_dimer/docking/raw/amp_dimer_docking.docker.struc1.preopt135.out	571567	docking provenance used for frame selection
amp_dimer	canonical		docking	supporting	not_normal	/data/Seafile/dimer/docking/amp_dimer_docking.docker.struc1.preopt143.out	data/supporting_calculations/canonical_surface/amp_dimer/docking/raw/amp_dimer_docking.docker.struc1.preopt143.out	571567	docking provenance used for frame selection
amp_dimer	canonical		docking	supporting	not_normal	/data/Seafile/dimer/docking/amp_dimer_docking.docker.struc1.preopt178.out	data/supporting_calculations/canonical_surface/amp_dimer/docking/raw/amp_dimer_docking.docker.struc1.preopt178.out	571569	docking provenance used for frame selection
amp_dimer	canonical		docking	supporting	not_normal	/data/Seafile/dimer/docking/amp_dimer_docking.docker.struc1.preopt195.out	data/supporting_calculations/canonical_surface/amp_dimer/docking/raw/amp_dimer_docking.docker.struc1.preopt195.out	571566	docking provenance used for frame selection
amp_dimer	canonical		docking	supporting	not_normal	/data/Seafile/dimer/docking/amp_dimer_docking.docker.struc1.preopt4.out	data/supporting_calculations/canonical_surface/amp_dimer/docking/raw/amp_dimer_docking.docker.struc1.preopt4.out	571566	docking provenance used for frame selection
amp_dimer	canonical		docking	supporting		/data/Seafile/dimer/docking/amp_dimer_docking.inp	data/supporting_calculations/canonical_surface/amp_dimer/docking/raw/amp_dimer_docking.inp	129	docking provenance used for frame selection
amp_dimer	canonical		docking	supporting	normal	/data/Seafile/dimer/docking/amp_dimer_docking.out	data/supporting_calculations/canonical_surface/amp_dimer/docking/raw/amp_dimer_docking.out	24183	docking provenance used for frame selection
amp_dimer	canonical		docking	supporting		/data/Seafile/dimer/docking/flower_ring.xyz	data/supporting_calculations/canonical_surface/amp_dimer/docking/raw/flower_ring.xyz	9514	docking provenance used for frame selection
amp_dimer	canonical	frame03	initial	supporting		/data/Seafile/dimer/frames_gfn/frames/frame03/frame03.xyz	data/supporting_calculations/canonical_surface/amp_dimer/selected_frames/frame03/initial/frame03.xyz	14494	
amp_dimer	canonical	frame03	solvated	supporting		/data/Seafile/dimer/frames_gfn/frames/frame03/amp_dimer_gfn_frame03.bibtex	data/supporting_calculations/canonical_surface/amp_dimer/selected_frames/frame03/solvated/amp_dimer_gfn_frame03.bibtex	4659	
amp_dimer	canonical	frame03	solvated	supporting		/data/Seafile/dimer/frames_gfn/frames/frame03/amp_dimer_gfn_frame03.cpcm	data/supporting_calculations/canonical_surface/amp_dimer/selected_frames/frame03/solvated/amp_dimer_gfn_frame03.cpcm	2750593	
amp_dimer	canonical	frame03	solvated	supporting		/data/Seafile/dimer/frames_gfn/frames/frame03/amp_dimer_gfn_frame03.cpcm_corr	data/supporting_calculations/canonical_surface/amp_dimer/selected_frames/frame03/solvated/amp_dimer_gfn_frame03.cpcm_corr	276883	
amp_dimer	canonical	frame03	solvated	supporting		/data/Seafile/dimer/frames_gfn/frames/frame03/amp_dimer_gfn_frame03.densitiesinfo	data/supporting_calculations/canonical_surface/amp_dimer/selected_frames/frame03/solvated/amp_dimer_gfn_frame03.densitiesinfo	1838	
amp_dimer	canonical	frame03	solvated	supporting		/data/Seafile/dimer/frames_gfn/frames/frame03/amp_dimer_gfn_frame03.engrad	data/supporting_calculations/canonical_surface/amp_dimer/selected_frames/frame03/solvated/amp_dimer_gfn_frame03.engrad	22020	
amp_dimer	canonical	frame03	solvated	supporting		/data/Seafile/dimer/frames_gfn/frames/frame03/amp_dimer_gfn_frame03.inp	data/supporting_calculations/canonical_surface/amp_dimer/selected_frames/frame03/solvated/amp_dimer_gfn_frame03.inp	586	
amp_dimer	canonical	frame03	solvated	supporting		/data/Seafile/dimer/frames_gfn/frames/frame03/amp_dimer_gfn_frame03.opt	data/supporting_calculations/canonical_surface/amp_dimer/selected_frames/frame03/solvated/amp_dimer_gfn_frame03.opt	144028	
amp_dimer	canonical	frame03	solvated	supporting	normal	/data/Seafile/dimer/frames_gfn/frames/frame03/amp_dimer_gfn_frame03.out	data/supporting_calculations/canonical_surface/amp_dimer/selected_frames/frame03/solvated/amp_dimer_gfn_frame03.out	7942288	
amp_dimer	canonical	frame03	solvated	supporting		/data/Seafile/dimer/frames_gfn/frames/frame03/amp_dimer_gfn_frame03.property.txt	data/supporting_calculations/canonical_surface/amp_dimer/selected_frames/frame03/solvated/amp_dimer_gfn_frame03.property.txt	2691695	
amp_dimer	canonical	frame03	solvated	supporting		/data/Seafile/dimer/frames_gfn/frames/frame03/amp_dimer_gfn_frame03.xyz	data/supporting_calculations/canonical_surface/amp_dimer/selected_frames/frame03/solvated/amp_dimer_gfn_frame03.xyz	14699	
amp_dimer	canonical	frame03	solvated	supporting		/data/Seafile/dimer/frames_gfn/frames/frame03/amp_dimer_gfn_frame03_trj.xyz	data/supporting_calculations/canonical_surface/amp_dimer/selected_frames/frame03/solvated/amp_dimer_gfn_frame03_trj.xyz	406516	
amp_dimer	canonical	frame03	solvated	supporting		/data/Seafile/dimer/frames_gfn/frames/frame03/frame03.xyz	data/supporting_calculations/canonical_surface/amp_dimer/selected_frames/frame03/solvated/frame03.xyz	14494	
amp_dimer	canonical	frame03	dry	supporting		/data/Seafile/dimer/frames_gfn/frames/frame03/dry/amp_dimer_gfn_frame03.xyz	data/supporting_calculations/canonical_surface/amp_dimer/selected_frames/frame03/dry/amp_dimer_gfn_frame03.xyz	14699	
amp_dimer	canonical	frame03	dry	supporting		/data/Seafile/dimer/frames_gfn/frames/frame03/dry/amp_dimer_gfn_frame03_dry.bibtex	data/supporting_calculations/canonical_surface/amp_dimer/selected_frames/frame03/dry/amp_dimer_gfn_frame03_dry.bibtex	4334	
amp_dimer	canonical	frame03	dry	supporting		/data/Seafile/dimer/frames_gfn/frames/frame03/dry/amp_dimer_gfn_frame03_dry.densitiesinfo	data/supporting_calculations/canonical_surface/amp_dimer/selected_frames/frame03/dry/amp_dimer_gfn_frame03_dry.densitiesinfo	1838	
amp_dimer	canonical	frame03	dry	supporting		/data/Seafile/dimer/frames_gfn/frames/frame03/dry/amp_dimer_gfn_frame03_dry.engrad	data/supporting_calculations/canonical_surface/amp_dimer/selected_frames/frame03/dry/amp_dimer_gfn_frame03_dry.engrad	22020	
amp_dimer	canonical	frame03	dry	supporting		/data/Seafile/dimer/frames_gfn/frames/frame03/dry/amp_dimer_gfn_frame03_dry.inp	data/supporting_calculations/canonical_surface/amp_dimer/selected_frames/frame03/dry/amp_dimer_gfn_frame03_dry.inp	588	
amp_dimer	canonical	frame03	dry	supporting		/data/Seafile/dimer/frames_gfn/frames/frame03/dry/amp_dimer_gfn_frame03_dry.opt	data/supporting_calculations/canonical_surface/amp_dimer/selected_frames/frame03/dry/amp_dimer_gfn_frame03_dry.opt	139816	
amp_dimer	canonical	frame03	dry	supporting	normal	/data/Seafile/dimer/frames_gfn/frames/frame03/dry/amp_dimer_gfn_frame03_dry.out	data/supporting_calculations/canonical_surface/amp_dimer/selected_frames/frame03/dry/amp_dimer_gfn_frame03_dry.out	10664836	
amp_dimer	canonical	frame03	dry	supporting		/data/Seafile/dimer/frames_gfn/frames/frame03/dry/amp_dimer_gfn_frame03_dry.property.txt	data/supporting_calculations/canonical_surface/amp_dimer/selected_frames/frame03/dry/amp_dimer_gfn_frame03_dry.property.txt	3627062	
amp_dimer	canonical	frame03	dry	supporting		/data/Seafile/dimer/frames_gfn/frames/frame03/dry/amp_dimer_gfn_frame03_dry.xyz	data/supporting_calculations/canonical_surface/amp_dimer/selected_frames/frame03/dry/amp_dimer_gfn_frame03_dry.xyz	14703	
amp_dimer	canonical	frame03	dry	supporting		/data/Seafile/dimer/frames_gfn/frames/frame03/dry/amp_dimer_gfn_frame03_dry_trj.xyz	data/supporting_calculations/canonical_surface/amp_dimer/selected_frames/frame03/dry/amp_dimer_gfn_frame03_dry_trj.xyz	573066	
amp_dimer	canonical	frame04	initial	supporting		/data/Seafile/dimer/frames_gfn/frames/frame04/frame04.xyz	data/supporting_calculations/canonical_surface/amp_dimer/selected_frames/frame04/initial/frame04.xyz	14462	
amp_dimer	canonical	frame04	solvated	supporting		/data/Seafile/dimer/frames_gfn/frames/frame04/amp_dimer_gfn_frame04.bibtex	data/supporting_calculations/canonical_surface/amp_dimer/selected_frames/frame04/solvated/amp_dimer_gfn_frame04.bibtex	4659	
amp_dimer	canonical	frame04	solvated	supporting		/data/Seafile/dimer/frames_gfn/frames/frame04/amp_dimer_gfn_frame04.cpcm	data/supporting_calculations/canonical_surface/amp_dimer/selected_frames/frame04/solvated/amp_dimer_gfn_frame04.cpcm	2761177	
amp_dimer	canonical	frame04	solvated	supporting		/data/Seafile/dimer/frames_gfn/frames/frame04/amp_dimer_gfn_frame04.cpcm_corr	data/supporting_calculations/canonical_surface/amp_dimer/selected_frames/frame04/solvated/amp_dimer_gfn_frame04.cpcm_corr	277954	
amp_dimer	canonical	frame04	solvated	supporting		/data/Seafile/dimer/frames_gfn/frames/frame04/amp_dimer_gfn_frame04.densitiesinfo	data/supporting_calculations/canonical_surface/amp_dimer/selected_frames/frame04/solvated/amp_dimer_gfn_frame04.densitiesinfo	1838	
amp_dimer	canonical	frame04	solvated	supporting		/data/Seafile/dimer/frames_gfn/frames/frame04/amp_dimer_gfn_frame04.engrad	data/supporting_calculations/canonical_surface/amp_dimer/selected_frames/frame04/solvated/amp_dimer_gfn_frame04.engrad	22020	
amp_dimer	canonical	frame04	solvated	supporting		/data/Seafile/dimer/frames_gfn/frames/frame04/amp_dimer_gfn_frame04.inp	data/supporting_calculations/canonical_surface/amp_dimer/selected_frames/frame04/solvated/amp_dimer_gfn_frame04.inp	586	
amp_dimer	canonical	frame04	solvated	supporting		/data/Seafile/dimer/frames_gfn/frames/frame04/amp_dimer_gfn_frame04.opt	data/supporting_calculations/canonical_surface/amp_dimer/selected_frames/frame04/solvated/amp_dimer_gfn_frame04.opt	142724	
amp_dimer	canonical	frame04	solvated	supporting	normal	/data/Seafile/dimer/frames_gfn/frames/frame04/amp_dimer_gfn_frame04.out	data/supporting_calculations/canonical_surface/amp_dimer/selected_frames/frame04/solvated/amp_dimer_gfn_frame04.out	12603116	
amp_dimer	canonical	frame04	solvated	supporting		/data/Seafile/dimer/frames_gfn/frames/frame04/amp_dimer_gfn_frame04.property.txt	data/supporting_calculations/canonical_surface/amp_dimer/selected_frames/frame04/solvated/amp_dimer_gfn_frame04.property.txt	4202078	
amp_dimer	canonical	frame04	solvated	supporting		/data/Seafile/dimer/frames_gfn/frames/frame04/amp_dimer_gfn_frame04.xyz	data/supporting_calculations/canonical_surface/amp_dimer/selected_frames/frame04/solvated/amp_dimer_gfn_frame04.xyz	14699	
amp_dimer	canonical	frame04	solvated	supporting		/data/Seafile/dimer/frames_gfn/frames/frame04/amp_dimer_gfn_frame04_trj.xyz	data/supporting_calculations/canonical_surface/amp_dimer/selected_frames/frame04/solvated/amp_dimer_gfn_frame04_trj.xyz	665208	
amp_dimer	canonical	frame04	solvated	supporting		/data/Seafile/dimer/frames_gfn/frames/frame04/frame04.xyz	data/supporting_calculations/canonical_surface/amp_dimer/selected_frames/frame04/solvated/frame04.xyz	14462	
amp_dimer	canonical	frame04	dry	supporting		/data/Seafile/dimer/frames_gfn/frames/frame04/dry/amp_dimer_gfn_frame04.xyz	data/supporting_calculations/canonical_surface/amp_dimer/selected_frames/frame04/dry/amp_dimer_gfn_frame04.xyz	14699	
amp_dimer	canonical	frame04	dry	supporting		/data/Seafile/dimer/frames_gfn/frames/frame04/dry/amp_dimer_gfn_frame04_dry.bibtex	data/supporting_calculations/canonical_surface/amp_dimer/selected_frames/frame04/dry/amp_dimer_gfn_frame04_dry.bibtex	4334	
amp_dimer	canonical	frame04	dry	supporting		/data/Seafile/dimer/frames_gfn/frames/frame04/dry/amp_dimer_gfn_frame04_dry.densitiesinfo	data/supporting_calculations/canonical_surface/amp_dimer/selected_frames/frame04/dry/amp_dimer_gfn_frame04_dry.densitiesinfo	1838	
amp_dimer	canonical	frame04	dry	supporting		/data/Seafile/dimer/frames_gfn/frames/frame04/dry/amp_dimer_gfn_frame04_dry.engrad	data/supporting_calculations/canonical_surface/amp_dimer/selected_frames/frame04/dry/amp_dimer_gfn_frame04_dry.engrad	22020	
amp_dimer	canonical	frame04	dry	supporting		/data/Seafile/dimer/frames_gfn/frames/frame04/dry/amp_dimer_gfn_frame04_dry.inp	data/supporting_calculations/canonical_surface/amp_dimer/selected_frames/frame04/dry/amp_dimer_gfn_frame04_dry.inp	588	
amp_dimer	canonical	frame04	dry	supporting		/data/Seafile/dimer/frames_gfn/frames/frame04/dry/amp_dimer_gfn_frame04_dry.opt	data/supporting_calculations/canonical_surface/amp_dimer/selected_frames/frame04/dry/amp_dimer_gfn_frame04_dry.opt	140760	
amp_dimer	canonical	frame04	dry	supporting	normal	/data/Seafile/dimer/frames_gfn/frames/frame04/dry/amp_dimer_gfn_frame04_dry.out	data/supporting_calculations/canonical_surface/amp_dimer/selected_frames/frame04/dry/amp_dimer_gfn_frame04_dry.out	20941645	
amp_dimer	canonical	frame04	dry	supporting		/data/Seafile/dimer/frames_gfn/frames/frame04/dry/amp_dimer_gfn_frame04_dry.property.txt	data/supporting_calculations/canonical_surface/amp_dimer/selected_frames/frame04/dry/amp_dimer_gfn_frame04_dry.property.txt	6881453	
amp_dimer	canonical	frame04	dry	supporting		/data/Seafile/dimer/frames_gfn/frames/frame04/dry/amp_dimer_gfn_frame04_dry.xyz	data/supporting_calculations/canonical_surface/amp_dimer/selected_frames/frame04/dry/amp_dimer_gfn_frame04_dry.xyz	14703	
amp_dimer	canonical	frame04	dry	supporting		/data/Seafile/dimer/frames_gfn/frames/frame04/dry/amp_dimer_gfn_frame04_dry_trj.xyz	data/supporting_calculations/canonical_surface/amp_dimer/selected_frames/frame04/dry/amp_dimer_gfn_frame04_dry_trj.xyz	1136889	
amp_dimer	canonical		supporting	supporting		/data/Seafile/dimer/geom_opt/amp2_proper.xyz	data/supporting_calculations/canonical_surface/amp_dimer/checks/geom_opt/amp2_proper.xyz	2224	dimer geometry optimization checks
amp_dimer	canonical		supporting	supporting		/data/Seafile/dimer/geom_opt/amp_dimer_geom.bibtex	data/supporting_calculations/canonical_surface/amp_dimer/checks/geom_opt/amp_dimer_geom.bibtex	4659	dimer geometry optimization checks
amp_dimer	canonical		supporting	supporting		/data/Seafile/dimer/geom_opt/amp_dimer_geom.cpcm_corr	data/supporting_calculations/canonical_surface/amp_dimer/checks/geom_opt/amp_dimer_geom.cpcm_corr	91991	dimer geometry optimization checks
amp_dimer	canonical		supporting	supporting		/data/Seafile/dimer/geom_opt/amp_dimer_geom.densitiesinfo	data/supporting_calculations/canonical_surface/amp_dimer/checks/geom_opt/amp_dimer_geom.densitiesinfo	1838	dimer geometry optimization checks
amp_dimer	canonical		supporting	supporting		/data/Seafile/dimer/geom_opt/amp_dimer_geom.engrad	data/supporting_calculations/canonical_surface/amp_dimer/checks/geom_opt/amp_dimer_geom.engrad	7907	dimer geometry optimization checks
amp_dimer	canonical		supporting	supporting		/data/Seafile/dimer/geom_opt/amp_dimer_geom.inp	data/supporting_calculations/canonical_surface/amp_dimer/checks/geom_opt/amp_dimer_geom.inp	105	dimer geometry optimization checks
amp_dimer	canonical		supporting	supporting		/data/Seafile/dimer/geom_opt/amp_dimer_geom.opt	data/supporting_calculations/canonical_surface/amp_dimer/checks/geom_opt/amp_dimer_geom.opt	53544	dimer geometry optimization checks
amp_dimer	canonical		supporting	supporting	normal	/data/Seafile/dimer/geom_opt/amp_dimer_geom.out	data/supporting_calculations/canonical_surface/amp_dimer/checks/geom_opt/amp_dimer_geom.out	3959020	dimer geometry optimization checks
amp_dimer	canonical		supporting	supporting		/data/Seafile/dimer/geom_opt/amp_dimer_geom.xyz	data/supporting_calculations/canonical_surface/amp_dimer/checks/geom_opt/amp_dimer_geom.xyz	5240	dimer geometry optimization checks
amp_dimer	canonical		supporting	supporting		/data/Seafile/dimer/geom_opt/amp_dimer_geom_trj.xyz	data/supporting_calculations/canonical_surface/amp_dimer/checks/geom_opt/amp_dimer_geom_trj.xyz	162092	dimer geometry optimization checks
amp_dimer	canonical		supporting	supporting		/data/Seafile/dimer/amp2.xyz	data/supporting_calculations/canonical_surface/amp_dimer/amp2.xyz	1456	dimer reference fragment
amp_dimer	canonical		supporting	supporting		/data/Seafile/dimer/amp2_c.xyz	data/supporting_calculations/canonical_surface/amp_dimer/amp2_c.xyz	1488	dimer reference fragment
amp_dimer	canonical		supporting	supporting		/data/Seafile/dimer/amp2_h.xyz	data/supporting_calculations/canonical_surface/amp_dimer/amp2_h.xyz	2864	dimer reference fragment
amp_dimer	canonical		supporting	supporting		/data/Seafile/dimer/amp3.xyz	data/supporting_calculations/canonical_surface/amp_dimer/amp3.xyz	2128	dimer reference fragment
surface	aluminium		reference	reference		/data/Seafile/al_surf/flower_ring_al.bibtex	data/reference_structures/aluminium_surface/flower_ring_al.bibtex	4659	
surface	aluminium		reference	reference		/data/Seafile/al_surf/flower_ring_al.cpcm_corr	data/reference_structures/aluminium_surface/flower_ring_al.cpcm_corr	191016	
surface	aluminium		reference	reference		/data/Seafile/al_surf/flower_ring_al.densitiesinfo	data/reference_structures/aluminium_surface/flower_ring_al.densitiesinfo	1838	
surface	aluminium		reference	reference		/data/Seafile/al_surf/flower_ring_al.engrad	data/reference_structures/aluminium_surface/flower_ring_al.engrad	14292	
surface	aluminium		reference	reference		/data/Seafile/al_surf/flower_ring_al.inp	data/reference_structures/aluminium_surface/flower_ring_al.inp	652	
surface	aluminium		reference	reference		/data/Seafile/al_surf/flower_ring_al.opt	data/reference_structures/aluminium_surface/flower_ring_al.opt	112756	
surface	aluminium		reference	reference	normal	/data/Seafile/al_surf/flower_ring_al.out	data/reference_structures/aluminium_surface/flower_ring_al.out	1492836	
surface	aluminium		reference	reference		/data/Seafile/al_surf/flower_ring_al.xyz	data/reference_structures/aluminium_surface/flower_ring_al.xyz	9539	
surface	aluminium		reference	reference		/data/Seafile/al_surf/flower_ring_al_trj.xyz	data/reference_structures/aluminium_surface/flower_ring_al_trj.xyz	54099	
			script	script		/data/Seafile/extract_frames.py	data/scripts/extract_frames.py	1577	
			script	script		/data/Seafile/orca_queue.py	data/scripts/orca_queue.py	2409	
			script	script		/data/Seafile/orca_jobs.queue	data/scripts/orca_jobs.queue	17	
