*************************************************
******************* ORCA 6.1.1 ******************
*************************************************
$Calculation_Status
   &GeometryIndex 37
   &version [&Type "String"] "6.1.1"
   &progName [&Type "String"] "LeanSCF"
   &Status [&Type "String"] "NORMAL TERMINATION"
$End
$Geometry
   &GeometryIndex 1
   &NAtoms [&Type "Integer"] 34
   &NCorelessECP [&Type "Integer"] 0
   &NGhostAtoms [&Type "Integer"] 0
   &CartesianCoordinates [&Type "Coordinates", &Dim(34,4), &Units "Bohr"] 
              P      7.185305679009   -2.724040222047    0.104690827819
              O      0.709970108514    1.830010788089   -2.098162926493
              O      0.873242446485    7.307193014647   -0.657057776764
              O     -2.991247497384    5.498347159257    2.233656290295
              O      5.377782631913   -0.440306189204   -1.025176427652
              O     -6.969121009288    1.913347710595   -1.069962937026
              O      8.029068397805   -4.152295234065   -2.253498414701
              O      5.447891471482   -4.242057225426    1.834546130811
              O      9.322774909087   -1.354366720181    1.471907685711
              N     -3.037356815052    0.110926924061   -0.511548864452
              N     -6.904681348121   -2.283923005457   -0.188972613392
              N     -6.825879768337   -6.583238932741    0.717906958277
              C      1.375909598108    5.129283645302    0.853022376852
              C     -1.066939375212    3.793814186460    1.512536797591
              C      2.696639193106    3.185322371338   -0.806913059184
              C     -1.671273792840    2.415825889605   -0.931823956637
              C      4.253962500070    1.282746099706    0.688427230588
              C     -1.688659273272   -2.073407514138    0.011338356804
              C     -5.713020048071    0.006236096242   -0.613405103071
              C     -2.799440294791   -4.293079831042    0.427267078880
              C     -5.604738740597   -4.326339010999    0.301411318360
              H      2.464958769087    5.741743885306    2.497840003817
              H     -0.741906480177    2.474974317597    3.077796954318
              H      3.869592204431    4.063289133157   -2.270694922520
              H     -2.752008168830    3.615235066805   -2.230632728481
              H      3.117481203130    0.238861383328    2.060179431201
              H      5.753838132563    2.268427251159    1.718705918801
              H      0.082581032052    6.778069697149   -2.227420194053
              H     -4.532319159597    4.524760255061    2.463446988180
              H      0.346197827734   -1.981944769257    0.080313360692
              H     -1.758768112841   -6.004982735762    0.833936142899
              H     -5.870056289800   -8.200655530765    1.101521363463
              H     -8.738282615865   -6.693976884189    0.649687844842
              H     10.338899548558   -0.437018065731    0.252902048503
$End
$SCF_Mulliken_Population_Analysis
   &GeometryIndex 1
   &NAtoms [&Type "Integer"] 34
   &ATNO [&Type "ArrayOfIntegers", &Dim (34,1)] 
                                                         0

0                                                       15
1                                                        8
2                                                        8
3                                                        8
4                                                        8
5                                                        8
6                                                        8
7                                                        8
8                                                        8
9                                                        7
10                                                       7
11                                                       7
12                                                       6
13                                                       6
14                                                       6
15                                                       6
16                                                       6
17                                                       6
18                                                       6
19                                                       6
20                                                       6
21                                                       1
22                                                       1
23                                                       1
24                                                       1
25                                                       1
26                                                       1
27                                                       1
28                                                       1
29                                                       1
30                                                       1
31                                                       1
32                                                       1
33                                                       1
   &AtomicCharges [&Type "ArrayOfDoubles", &Dim (34,1)] 
                                                         0

0                                      7.9396868241980556e-01
1                                     -3.2236926635539653e-01
2                                     -4.8159384068513589e-01
3                                     -4.7204972075105367e-01
4                                     -3.7903303204232586e-01
5                                     -4.7378847520584166e-01
6                                     -7.4553710691528252e-01
7                                     -7.4225077295265862e-01
8                                     -4.6410934763171241e-01
9                                      6.0256817762535775e-02
10                                    -3.1833550753223427e-01
11                                    -4.2601892520768292e-01
12                                     1.0857790581450644e-01
13                                    -2.5035070256714143e-02
14                                     1.1931566674392968e-01
15                                    -1.9437377937853384e-02
16                                    -1.5123170404296626e-01
17                                    -6.1804064464645592e-02
18                                     2.3672823567620771e-01
19                                    -2.8955067752227581e-01
20                                     2.2103864853478328e-01
21                                     1.4883562314373155e-01
22                                     1.3571234995906267e-01
23                                     1.1363526880640817e-01
24                                     1.4360428539039405e-01
25                                     1.2201280105242174e-01
26                                     1.3778885341606140e-01
27                                     3.5093490309053732e-01
28                                     3.5229466238870411e-01
29                                     1.6820506345838027e-01
30                                     1.8224268124502818e-01
31                                     3.0201505100563053e-01
32                                     2.8595213437809863e-01
33                                     3.8902525521749975e-01
   &Method [&Type "String"] "SCF"
   &Level [&Type "String"] "Relaxed density"
   &Mult [&Type "Integer"] 1
   &State [&Type "Integer"] -1
   &Irrep [&Type "Integer"] 0
$End
$SCF_Loewdin_Population_Analysis
   &GeometryIndex 1
   &NAtoms [&Type "Integer"] 34
   &ATNO [&Type "ArrayOfIntegers", &Dim (34,1)] 
                                                         0

0                                                       15
1                                                        8
2                                                        8
3                                                        8
4                                                        8
5                                                        8
6                                                        8
7                                                        8
8                                                        8
9                                                        7
10                                                       7
11                                                       7
12                                                       6
13                                                       6
14                                                       6
15                                                       6
16                                                       6
17                                                       6
18                                                       6
19                                                       6
20                                                       6
21                                                       1
22                                                       1
23                                                       1
24                                                       1
25                                                       1
26                                                       1
27                                                       1
28                                                       1
29                                                       1
30                                                       1
31                                                       1
32                                                       1
33                                                       1
   &AtomicCharges [&Type "ArrayOfDoubles", &Dim (34,1)] 
                                                         0

0                                     -9.3486298479565022e-02
1                                      1.8916848800325159e-01
2                                     -2.0998334582234435e-02
3                                     -1.2132049152546287e-02
4                                      1.1385898833917274e-02
5                                     -2.1910726389636537e-02
6                                     -4.5961009005024778e-01
7                                     -4.4810378988933408e-01
8                                     -8.1063341891631779e-02
9                                      2.6032357025583508e-01
10                                     8.1667424504998642e-02
11                                     2.5469263902348160e-02
12                                    -2.9203892830703460e-01
13                                    -3.2345280371364993e-01
14                                    -2.8694783999642226e-01
15                                    -2.9805601234017320e-01
16                                    -3.3583280565947415e-01
17                                    -1.4010803396261196e-01
18                                    -4.8489292621612545e-01
19                                    -1.5537670408268411e-01
20                                    -3.0992037689432017e-01
21                                     1.6166703920781911e-01
22                                     1.5975677949969891e-01
23                                     1.5611659059737559e-01
24                                     1.5721874230292376e-01
25                                     1.2438881602541585e-01
26                                     1.3155101337254815e-01
27                                     1.9315949793298215e-01
28                                     1.9335540886308167e-01
29                                     1.6434938440509195e-01
30                                     1.6160574500491898e-01
31                                     1.9289887908334058e-01
32                                     1.8626780221740835e-01
33                                     2.1358071759461561e-01
   &Method [&Type "String"] "SCF"
   &Level [&Type "String"] "Relaxed density"
   &Mult [&Type "Integer"] 1
   &State [&Type "Integer"] -1
   &Irrep [&Type "Integer"] 0
$End
$SCF_Mayer_Population_Analysis
   &GeometryIndex 1
   &NAtoms [&Type "Integer"] 34 "Total number of atoms"
   &NBondOrdersPrint [&Type "Integer"] 35 "The number of bond orders larger than threshold"
   &bondThresh [&Type "Double"]       1.0000000000000001e-01  "The threshold for printing"
   &components [&Type "ArrayOfIntegers", &Dim (35,4)] "The indices and atomic numbers of the bonding atoms"
                                                         0                           1                           2                           3

0                                                        0                          15                           4                           8
1                                                        0                          15                           6                           8
2                                                        0                          15                           7                           8
3                                                        0                          15                           8                           8
4                                                        1                           8                          14                           6
5                                                        1                           8                          15                           6
6                                                        2                           8                          12                           6
7                                                        2                           8                          27                           1
8                                                        3                           8                          13                           6
9                                                        3                           8                          28                           1
10                                                       4                           8                          16                           6
11                                                       5                           8                          18                           6
12                                                       8                           8                          33                           1
13                                                       9                           7                          15                           6
14                                                       9                           7                          17                           6
15                                                       9                           7                          18                           6
16                                                      10                           7                          18                           6
17                                                      10                           7                          20                           6
18                                                      11                           7                          20                           6
19                                                      11                           7                          31                           1
20                                                      11                           7                          32                           1
21                                                      12                           6                          13                           6
22                                                      12                           6                          14                           6
23                                                      12                           6                          21                           1
24                                                      13                           6                          15                           6
25                                                      13                           6                          22                           1
26                                                      14                           6                          16                           6
27                                                      14                           6                          23                           1
28                                                      15                           6                          24                           1
29                                                      16                           6                          25                           1
30                                                      16                           6                          26                           1
31                                                      17                           6                          19                           6
32                                                      17                           6                          29                           1
33                                                      19                           6                          20                           6
34                                                      19                           6                          30                           1
   &BondOrders [&Type "ArrayOfDoubles", &Dim (35,1)] "The bond orders"
                                                         0

0                                      1.0046612530765200e+00
1                                      1.8647471978316572e+00
2                                      1.7962751335298952e+00
3                                      1.2099692306560361e+00
4                                      9.7616982347561188e-01
5                                      1.0136607248577123e+00
6                                      9.8199120022077513e-01
7                                      8.6120690370442765e-01
8                                      1.1022515114340627e+00
9                                      8.6021098480207592e-01
10                                     9.2608787644626889e-01
11                                     1.9305122333859799e+00
12                                     8.2239746514842271e-01
13                                     9.0711493559150425e-01
14                                     1.1469843179516870e+00
15                                     1.0647415260868600e+00
16                                     1.3513635485007309e+00
17                                     1.6042498381952586e+00
18                                     1.3273678616730793e+00
19                                     8.8291272318099945e-01
20                                     8.7770305660211023e-01
21                                     9.6360621169653526e-01
22                                     9.9528498642834962e-01
23                                     9.2325713245008234e-01
24                                     9.7266053809825981e-01
25                                     9.7299549003754704e-01
26                                     9.8276572039698606e-01
27                                     9.3019970267517116e-01
28                                     9.3359899668403967e-01
29                                     9.5670391117801401e-01
30                                     9.4945656247357268e-01
31                                     1.7381414839653426e+00
32                                     9.3350612738630745e-01
33                                     1.1123022639349265e+00
34                                     9.3306310877465592e-01
   &ATNO [&Type "ArrayOfIntegers", &Dim (34,1)] "Atomic number of the elements"
                                                         0

0                                                       15
1                                                        8
2                                                        8
3                                                        8
4                                                        8
5                                                        8
6                                                        8
7                                                        8
8                                                        8
9                                                        7
10                                                       7
11                                                       7
12                                                       6
13                                                       6
14                                                       6
15                                                       6
16                                                       6
17                                                       6
18                                                       6
19                                                       6
20                                                       6
21                                                       1
22                                                       1
23                                                       1
24                                                       1
25                                                       1
26                                                       1
27                                                       1
28                                                       1
29                                                       1
30                                                       1
31                                                       1
32                                                       1
33                                                       1
   &NA [&Type "ArrayOfDoubles", &Dim (34,1)] "Mulliken gross atomic population"
                                                         0

0                                      1.4206031317580191e+01
1                                      8.3223692663553983e+00
2                                      8.4815938406851412e+00
3                                      8.4720497207510608e+00
4                                      8.3790330320423259e+00
5                                      8.4737884752058381e+00
6                                      8.7455371069152719e+00
7                                      8.7422507729526657e+00
8                                      8.4641093476317124e+00
9                                      6.9397431822374678e+00
10                                     7.3183355075322467e+00
11                                     7.4260189252076838e+00
12                                     5.8914220941854936e+00
13                                     6.0250350702567133e+00
14                                     5.8806843332560703e+00
15                                     6.0194373779378498e+00
16                                     6.1512317040429760e+00
17                                     6.0618040644646385e+00
18                                     5.7632717643237914e+00
19                                     6.2895506775222696e+00
20                                     5.7789613514652283e+00
21                                     8.5116437685626822e-01
22                                     8.6428765004093733e-01
23                                     8.8636473119359216e-01
24                                     8.5639571460960617e-01
25                                     8.7798719894757848e-01
26                                     8.6221114658393838e-01
27                                     6.4906509690946301e-01
28                                     6.4770533761129612e-01
29                                     8.3179493654161973e-01
30                                     8.1775731875497160e-01
31                                     6.9798494899436980e-01
32                                     7.1404786562190159e-01
33                                     6.1097474478250013e-01
   &ZA [&Type "ArrayOfDoubles", &Dim (34,1)] "Total nuclear charge"
                                                         0

0                                      1.5000000000000000e+01
1                                      8.0000000000000000e+00
2                                      8.0000000000000000e+00
3                                      8.0000000000000000e+00
4                                      8.0000000000000000e+00
5                                      8.0000000000000000e+00
6                                      8.0000000000000000e+00
7                                      8.0000000000000000e+00
8                                      8.0000000000000000e+00
9                                      7.0000000000000000e+00
10                                     7.0000000000000000e+00
11                                     7.0000000000000000e+00
12                                     6.0000000000000000e+00
13                                     6.0000000000000000e+00
14                                     6.0000000000000000e+00
15                                     6.0000000000000000e+00
16                                     6.0000000000000000e+00
17                                     6.0000000000000000e+00
18                                     6.0000000000000000e+00
19                                     6.0000000000000000e+00
20                                     6.0000000000000000e+00
21                                     1.0000000000000000e+00
22                                     1.0000000000000000e+00
23                                     1.0000000000000000e+00
24                                     1.0000000000000000e+00
25                                     1.0000000000000000e+00
26                                     1.0000000000000000e+00
27                                     1.0000000000000000e+00
28                                     1.0000000000000000e+00
29                                     1.0000000000000000e+00
30                                     1.0000000000000000e+00
31                                     1.0000000000000000e+00
32                                     1.0000000000000000e+00
33                                     1.0000000000000000e+00
   &QA [&Type "ArrayOfDoubles", &Dim (34,1)] "Mulliken gross atomic charge"
                                                         0

0                                      7.9396868241980911e-01
1                                     -3.2236926635539831e-01
2                                     -4.8159384068514122e-01
3                                     -4.7204972075106078e-01
4                                     -3.7903303204232586e-01
5                                     -4.7378847520583811e-01
6                                     -7.4553710691527186e-01
7                                     -7.4225077295266573e-01
8                                     -4.6410934763171241e-01
9                                      6.0256817762532222e-02
10                                    -3.1833550753224671e-01
11                                    -4.2601892520768381e-01
12                                     1.0857790581450644e-01
13                                    -2.5035070256713254e-02
14                                     1.1931566674392968e-01
15                                    -1.9437377937849831e-02
16                                    -1.5123170404297603e-01
17                                    -6.1804064464638486e-02
18                                     2.3672823567620860e-01
19                                    -2.8955067752226959e-01
20                                     2.2103864853477173e-01
21                                     1.4883562314373178e-01
22                                     1.3571234995906267e-01
23                                     1.1363526880640784e-01
24                                     1.4360428539039383e-01
25                                     1.2201280105242152e-01
26                                     1.3778885341606162e-01
27                                     3.5093490309053699e-01
28                                     3.5229466238870388e-01
29                                     1.6820506345838027e-01
30                                     1.8224268124502840e-01
31                                     3.0201505100563020e-01
32                                     2.8595213437809841e-01
33                                     3.8902525521749987e-01
   &VA [&Type "ArrayOfDoubles", &Dim (34,1)] "Mayer's total valence"
                                                         0

0                                      5.9499325848992015e+00
1                                      2.0165091825354349e+00
2                                      1.9781227855095036e+00
3                                      1.9536996327764804e+00
4                                      1.9398090709121654e+00
5                                      2.0201134090610768e+00
6                                      1.8146825905250346e+00
7                                      1.8057249412911638e+00
8                                      2.0209459346795757e+00
9                                      3.1142880688413292e+00
10                                     3.0025687056568966e+00
11                                     3.1766415124712495e+00
12                                     3.9404498231504697e+00
13                                     4.1284276144008638e+00
14                                     3.9988203910051450e+00
15                                     4.0681287967601225e+00
16                                     3.8997253308599662e+00
17                                     4.0604480465778465e+00
18                                     4.5200940588937542e+00
19                                     3.8766246046529353e+00
20                                     4.2474267026084807e+00
21                                     9.7563027039556793e-01
22                                     9.7124554966010002e-01
23                                     9.8823672299996168e-01
24                                     9.9049450727526112e-01
25                                     9.9830673137503156e-01
26                                     9.7853448307755109e-01
27                                     8.9845323325121007e-01
28                                     8.9843496155975966e-01
29                                     1.0008529548706560e+00
30                                     9.6542221470278533e-01
31                                     9.1517679351261183e-01
32                                     9.3675412224570143e-01
33                                     8.6876366390728488e-01
   &BVA [&Type "ArrayOfDoubles", &Dim (34,1)] "Mayer's bonded valence"
                                                         0

0                                      5.9499325848991980e+00
1                                      2.0165091825353310e+00
2                                      1.9781227855093881e+00
3                                      1.9536996327764733e+00
4                                      1.9398090709122435e+00
5                                      2.0201134090611621e+00
6                                      1.8146825905250346e+00
7                                      1.8057249412910998e+00
8                                      2.0209459346795100e+00
9                                      3.1142880688413221e+00
10                                     3.0025687056568833e+00
11                                     3.1766415124712903e+00
12                                     3.9404498231503178e+00
13                                     4.1284276144009198e+00
14                                     3.9988203910051463e+00
15                                     4.0681287967601687e+00
16                                     3.8997253308600528e+00
17                                     4.0604480465779904e+00
18                                     4.5200940588937506e+00
19                                     3.8766246046530126e+00
20                                     4.2474267026085020e+00
21                                     9.7563027039551953e-01
22                                     9.7124554966012533e-01
23                                     9.8823672299998655e-01
24                                     9.9049450727527089e-01
25                                     9.9830673137506210e-01
26                                     9.7853448307757152e-01
27                                     8.9845323325120197e-01
28                                     8.9843496155975677e-01
29                                     1.0008529548706870e+00
30                                     9.6542221470277034e-01
31                                     9.1517679351261227e-01
32                                     9.3675412224569088e-01
33                                     8.6876366390728010e-01
   &FA [&Type "ArrayOfDoubles", &Dim (34,1)] "Mayer's free valence"
                                                         0

0                                      0.0000000000000000e+00
1                                      0.0000000000000000e+00
2                                      0.0000000000000000e+00
3                                      0.0000000000000000e+00
4                                      0.0000000000000000e+00
5                                      0.0000000000000000e+00
6                                      0.0000000000000000e+00
7                                      0.0000000000000000e+00
8                                      0.0000000000000000e+00
9                                      0.0000000000000000e+00
10                                     0.0000000000000000e+00
11                                     0.0000000000000000e+00
12                                     0.0000000000000000e+00
13                                     0.0000000000000000e+00
14                                     0.0000000000000000e+00
15                                     0.0000000000000000e+00
16                                     0.0000000000000000e+00
17                                     0.0000000000000000e+00
18                                     0.0000000000000000e+00
19                                     0.0000000000000000e+00
20                                     0.0000000000000000e+00
21                                     0.0000000000000000e+00
22                                     0.0000000000000000e+00
23                                     0.0000000000000000e+00
24                                     0.0000000000000000e+00
25                                     0.0000000000000000e+00
26                                     0.0000000000000000e+00
27                                     0.0000000000000000e+00
28                                     0.0000000000000000e+00
29                                     0.0000000000000000e+00
30                                     0.0000000000000000e+00
31                                     0.0000000000000000e+00
32                                     0.0000000000000000e+00
33                                     0.0000000000000000e+00
   &Method [&Type "String"] "SCF"
   &Level [&Type "String"] "Relaxed density"
   &Mult [&Type "Integer"] 1
   &State [&Type "Integer"] -1
   &Irrep [&Type "Integer"] 0
$End
$SCF_Energy
   &GeometryIndex 1
   &Method [&Type "String"] "SCF"
   &totalEnergy [&Type "ArrayOfDoubles", &Dim (1,1)] "Total energy of each state"
                                                         0

0                                     -1.4576225668486436e+03
   &Mult [&Type "ArrayOfIntegers", &Dim (1,1)] "Multiplicity of each state"
                                                         0

0                                                        1
$End
$DFT_Energy
   &GeometryIndex 1
   &nAlphaEl [&Type "Integer"] 83
   &nBetaEl [&Type "Integer"] 83
   &nTotalEl [&Type "Integer"] 167
   &finalEn [&Type "Double"]      -1.4576225668486436e+03  "No Van der Waals correction"
   &eExchange [&Type "Double"]      -1.1991714759842816e+02
   &eCorr [&Type "Double"]      -5.8257450056348379e+00
   &eXC [&Type "Double"]      -1.2574289260406300e+02
   &eCNL [&Type "Double"]       0.0000000000000000e+00
$End
$Solvation_Details
   &GeometryIndex 1
   &Solvent [&Type "String"] "WATER"
   &Epsilon [&Type "Double"]       8.0150999999999996e+01
   &Refrac [&Type "Double"]       1.3328000000000000e+00
   &RSolv [&Type "Double"]       1.3000000000000000e+00
   &SurfaceType [&Type "String"] "GAUSSIAN VDW"
   &CPCMDielEnergy [&Type "Double"]      -1.5142834499999999e-01
   &NPoints [&Type "Integer"] 2827
   &SurfaceArea [&Type "Double"]       1.1393812143410000e+03
$End
$SCF_Timings
   &GeometryIndex 1
   &TOTAL [&Type "Double"]       8.9108110000000011e+01
   &PREP [&Type "Double"]       8.7541500000000005e-01
   &FOCK [&Type "Double"]       8.1329307999999997e+01
   &DENS [&Type "Double"]       2.1003599999998812e-01
   &ETOT [&Type "Double"]       1.2905999999999374e-01
   &POP [&Type "Double"]       1.2578700000000254e-01
   &TRAFO [&Type "Double"]       4.3544500000000319e-01
   &DIIS [&Type "Double"]       1.7281469999999999e+00
   &SOSCF [&Type "Double"]       8.9039799999999047e-01
   &XC [&Type "Double"]       9.2995429999999875e+00
   &FOCKSTART [&Type "Double"]       3.5655999999973709e-02
   &SOLV [&Type "Double"]       9.1409570000000038e+00
   &SOLV_INIT [&Type "Double"]       2.2664200000000001e-01
   &INT_PREP [&Type "Double"]       3.9999999934536845e-06
   &INT_BF [&Type "Double"]       1.4226199999999700e+00
   &INT_DENS [&Type "Double"]       2.1673330000001805e+00
   &INT_DENSIO [&Type "Double"]       1.8711510515500026e+05
   &INT_FUNC [&Type "Double"]       8.3866000000009322e-02
   &INT_POT [&Type "Double"]       2.0461399999998520e+00
   &INT_POTIO [&Type "Double"]       1.4260999999788027e-02
   &INT_SUM [&Type "Double"]       1.2850000000170780e-03
   &SPLITRIJ [&Type "Double"]       6.6240919999999903e+00
   &COSX [&Type "Double"]       6.0462103999999997e+01
$End
$VdW_Correction
   &GeometryIndex 1
   &vdW [&Type "Double"]      -3.8308561912747049e-02
$End
$Single_Point_Data
   &GeometryIndex 1
   &FinalEnergy [&Type "Double"]      -1.4576608754105564e+03  "Final single point energy"
   &Converged [&Type "Boolean"] true
$End
$SCF_Nuc_Gradient
   &GeometryIndex 1
   &NAtoms [&Type "Integer"] 34
   &gradNorm [&Type "Double"]       1.7902980747444550e-01
   &grad [&Type "ArrayOfDoubles", &Dim (102,1)] 
                                                         0

0                                      9.2860473072226571e-02
1                                      7.0207909695375229e-02
2                                      5.9207696896995822e-02
3                                      1.4132347548603871e-02
4                                     -1.1517295496367753e-02
5                                     -8.4659142228626812e-03
6                                     -1.7470733064617703e-05
7                                     -1.2719214237072026e-03
8                                     -2.8239780478145926e-03
9                                      2.1240710919354965e-03
10                                     5.7044773987905235e-03
11                                     9.1581276600856442e-04
12                                    -1.0200261561961271e-02
13                                    -7.5968196944723983e-04
14                                    -7.9836541532239322e-04
15                                    -1.3510413070927761e-02
16                                     3.0554021226578570e-03
17                                    -3.0074275661716803e-03
18                                    -3.2294512127180211e-03
19                                    -2.3149683513668383e-02
20                                    -2.5752922336713148e-02
21                                    -3.1805301225676721e-02
22                                    -2.1673897272482215e-02
23                                     8.4903288535493699e-05
24                                    -4.0951015825479345e-02
25                                    -2.5745595655538529e-02
26                                    -2.5359857818869992e-02
27                                     1.0866769399913902e-02
28                                     3.4391874720349533e-02
29                                    -3.4185336409403642e-04
30                                    -7.2768784907137115e-03
31                                    -1.5429334075983693e-02
32                                     3.1760174261085353e-03
33                                    -9.5837265114878945e-03
34                                    -2.1889007284579459e-02
35                                     4.1843845072734465e-03
36                                     2.2078040391336389e-03
37                                    -1.1126652775391729e-02
38                                     2.0783394801050434e-02
39                                     7.3984568760509482e-03
40                                    -9.5615634846424203e-03
41                                    -9.6109212047870724e-03
42                                    -4.0700674972721264e-03
43                                     2.1518703979514851e-02
44                                    -9.4025019636006391e-03
45                                    -1.4612521600780871e-02
46                                     1.5690284691020325e-03
47                                     1.1682620897429571e-02
48                                    -1.0292699185795727e-02
49                                    -1.9665938911361202e-03
50                                     5.0969411052567649e-03
51                                     2.8414889299787621e-03
52                                    -1.2513895750411494e-02
53                                     4.6304782587834777e-04
54                                     5.1519300178119298e-03
55                                     8.7868538824931661e-03
56                                     6.8906412181276579e-04
57                                     4.4502231701498689e-02
58                                     1.0123318449024574e-02
59                                    -4.3138007722668374e-04
60                                    -2.3047902518334773e-02
61                                     3.1249557266820438e-02
62                                    -7.7984161982076212e-03
63                                     7.7964996883856188e-04
64                                     6.4960135671651058e-04
65                                     3.1034540810714636e-03
66                                    -2.3523638249570693e-03
67                                     4.5265596522532829e-03
68                                     4.6530376593385729e-03
69                                     8.5099445561201447e-04
70                                    -1.0633585296145240e-03
71                                    -4.7049904020230711e-03
72                                     4.1316560665073951e-03
73                                     2.7773574663999476e-03
74                                    -5.2782011324626673e-03
75                                     2.8691599742415286e-03
76                                    -1.9844649882224752e-03
77                                    -1.3613703251811268e-03
78                                     1.6735947250361043e-03
79                                    -3.5040117281823044e-03
80                                    -1.8856438698153456e-03
81                                    -3.9528907005819880e-03
82                                    -2.9138032186221893e-03
83                                    -7.4347914941288286e-03
84                                    -6.5331451989662486e-03
85                                    -4.8371361477407230e-03
86                                     5.5410771726850422e-04
87                                    -7.3431965225068195e-04
88                                    -7.9423599596235329e-03
89                                     2.5404380152561517e-03
90                                    -1.1702600221585615e-03
91                                    -2.1029426007417923e-03
92                                     4.9922127706722430e-04
93                                     8.6302417599611460e-04
94                                    -9.7768713900289808e-03
95                                     2.0664399929800807e-03
96                                    -7.0246104492931796e-03
97                                    -3.7820045706538721e-03
98                                     5.1660616988181138e-04
99                                    -2.8883528114314111e-03
100                                   -4.8568686122741101e-05
101                                   -5.7586531248378986e-03
   &Method [&Type "String"] "SCF"
   &Level [&Type "String"] "Relaxed density"
   &Mult [&Type "Integer"] 1
   &State [&Type "Integer"] 0
   &Irrep [&Type "Integer"] 0
$End
$Geometry
   &GeometryIndex 2
   &NAtoms [&Type "Integer"] 34
   &NCorelessECP [&Type "Integer"] 0
   &NGhostAtoms [&Type "Integer"] 0
   &CartesianCoordinates [&Type "Coordinates", &Dim(34,4), &Units "Bohr"] 
              P      7.133737791013   -2.703564645044    0.147555129889
              O      0.676488406528    1.814788540928   -2.098159839535
              O      0.859618359142    7.370938751474   -0.660518781879
              O     -2.948300220866    5.445788675939    2.291855153750
              O      5.358665928857   -0.431287270936   -1.021878817599
              O     -6.819538905852    1.930128761969   -0.969026153399
              O      8.000638309558   -4.185653021806   -2.134895431482
              O      5.542328672659   -4.119985457420    2.051772109702
              O      9.334187046558   -1.273800027684    1.460689843966
              N     -3.022794013070   -0.008736647374   -0.492585251474
              N     -6.890187797746   -2.275546079646   -0.187208171836
              N     -6.880532284900   -6.519362447735    0.650881236749
              C      1.376607165657    5.155667181419    0.777911449018
              C     -1.032224564745    3.768550922070    1.515183249954
              C      2.686136564828    3.176549383136   -0.845729510913
              C     -1.674182731707    2.337145543861   -0.905365282115
              C      4.289942416381    1.349010181653    0.664241701004
              C     -1.719411505745   -2.189268672872   -0.003634859898
              C     -5.660664311248   -0.040960862780   -0.584232196267
              C     -2.890823422885   -4.394211572773    0.392430276014
              C     -5.624443328537   -4.349054067575    0.272938078230
              H      2.491133994039    5.762786955327    2.397351450140
              H     -0.622687550178    2.437759387784    3.049230219779
              H      3.833323262022    4.045500577601   -2.322727173198
              H     -2.825984178959    3.507038009127   -2.157545306265
              H      3.169191742171    0.360711942108    2.094706352915
              H      5.794539671581    2.392096305350    1.636908885751
              H      0.047967445245    6.895628172476   -2.217581824006
              H     -4.457031669910    4.465994353546    2.579145982519
              H      0.318700110403   -2.097915438220    0.037618691105
              H     -1.886696063617   -6.130525611347    0.770434075489
              H     -5.967613125167   -8.143922165567    1.007633771041
              H     -8.779608673806   -6.562329525024    0.580069161919
              H     10.369914325356   -0.403177128103    0.230302965206
$End
$SCF_Energy
   &GeometryIndex 2
   &Method [&Type "String"] "SCF"
   &totalEnergy [&Type "ArrayOfDoubles", &Dim (1,1)] "Total energy of each state"
                                                         0

0                                     -1.4576414624698255e+03
   &Mult [&Type "ArrayOfIntegers", &Dim (1,1)] "Multiplicity of each state"
                                                         0

0                                                        1
$End
$DFT_Energy
   &GeometryIndex 2
   &nAlphaEl [&Type "Integer"] 83
   &nBetaEl [&Type "Integer"] 83
   &nTotalEl [&Type "Integer"] 167
   &finalEn [&Type "Double"]      -1.4576414624698255e+03  "No Van der Waals correction"
   &eExchange [&Type "Double"]      -1.1998625477265642e+02
   &eCorr [&Type "Double"]      -5.8316484773861177e+00
   &eXC [&Type "Double"]      -1.2581790325004255e+02
   &eCNL [&Type "Double"]       0.0000000000000000e+00
$End
$Solvation_Details
   &GeometryIndex 2
   &Solvent [&Type "String"] "WATER"
   &Epsilon [&Type "Double"]       8.0150999999999996e+01
   &Refrac [&Type "Double"]       1.3328000000000000e+00
   &RSolv [&Type "Double"]       1.3000000000000000e+00
   &SurfaceType [&Type "String"] "GAUSSIAN VDW"
   &CPCMDielEnergy [&Type "Double"]      -1.4939590999999999e-01
   &NPoints [&Type "Integer"] 2836
   &SurfaceArea [&Type "Double"]       1.1380644814440000e+03
$End
$SCF_Timings
   &GeometryIndex 2
   &TOTAL [&Type "Double"]       8.7586391999999989e+01
   &PREP [&Type "Double"]       8.5565700000000000e-01
   &FOCK [&Type "Double"]       7.9379999999999995e+01
   &DENS [&Type "Double"]       2.9126400000001240e-01
   &ETOT [&Type "Double"]       1.4207000000000392e-01
   &TRAFO [&Type "Double"]       6.3689500000000621e-01
   &DIIS [&Type "Double"]       1.9920390000000019e+00
   &SOSCF [&Type "Double"]       1.8181430000000098e+00
   &XC [&Type "Double"]       9.0148569999999957e+00
   &FOCKSTART [&Type "Double"]       4.0583000000017244e-02
   &SOLV [&Type "Double"]       9.3379319999999968e+00
   &SOLV_INIT [&Type "Double"]       2.3544399999999999e-01
   &INT_PREP [&Type "Double"]       3.9999999952300413e-06
   &INT_BF [&Type "Double"]       2.1503359999999372e+00
   &INT_DENS [&Type "Double"]       3.1277419999999463e+00
   &INT_DENSIO [&Type "Double"]       2.0795389673000039e+05
   &INT_FUNC [&Type "Double"]       1.2738300000008351e-01
   &INT_POT [&Type "Double"]       2.0682589999999923e+00
   &INT_POTIO [&Type "Double"]       2.1842999999973856e-02
   &INT_SUM [&Type "Double"]       7.9900000001842386e-04
   &SPLITRIJ [&Type "Double"]       6.9301259999999898e+00
   &COSX [&Type "Double"]       5.7191402999999980e+01
$End
$VdW_Correction
   &GeometryIndex 2
   &vdW [&Type "Double"]      -3.8290235718167767e-02
$End
$Single_Point_Data
   &GeometryIndex 2
   &FinalEnergy [&Type "Double"]      -1.4576797527055437e+03  "Final single point energy"
   &Converged [&Type "Boolean"] true
$End
$SCF_Nuc_Gradient
   &GeometryIndex 2
   &NAtoms [&Type "Integer"] 34
   &gradNorm [&Type "Double"]       1.1007139217696617e-01
   &grad [&Type "ArrayOfDoubles", &Dim (102,1)] 
                                                         0

0                                      5.8209685104703812e-02
1                                      4.7465547573778730e-02
2                                      3.5057156866512597e-02
3                                      5.7548102999758740e-03
4                                     -5.1210090713806134e-03
5                                     -5.1287371298765231e-03
6                                     -2.9218055475678018e-03
7                                      2.4742061966094991e-03
8                                     -7.1191052056183649e-03
9                                     -3.0365981906547465e-03
10                                     1.9068599946563179e-03
11                                     1.4048282768959295e-03
12                                    -8.5401287559665560e-03
13                                     1.5274704989307406e-03
14                                    -1.9723813487283882e-03
15                                    -9.8742415046129011e-04
16                                    -5.5328163257764938e-03
17                                     6.1671395831300942e-04
18                                    -4.2028273499394978e-04
19                                    -1.6299455239184666e-02
20                                    -1.5139243032204671e-02
21                                    -1.9669208903271260e-02
22                                    -1.5931465451845893e-02
23                                     2.8159526625401907e-03
24                                    -2.7183502003034831e-02
25                                    -1.8071889635580964e-02
26                                    -1.6820492643182038e-02
27                                    -3.3331711193283270e-03
28                                     1.6150567123713013e-02
29                                    -7.7781071223735995e-05
30                                     2.7564672632563575e-04
31                                    -1.3579563133282731e-02
32                                     4.1621285134728356e-03
33                                     4.6936225076457476e-04
34                                    -5.2815068301188461e-03
35                                     1.0272226410994721e-03
36                                     3.4490266199090408e-03
37                                    -7.0594045239560244e-03
38                                     1.3073531050536128e-02
39                                     7.7612653228725011e-03
40                                    -7.0334558189249366e-03
41                                    -5.9635701521280346e-03
42                                     7.7191412860085995e-04
43                                     1.1133767332185482e-02
44                                    -4.4717252599717275e-03
45                                    -1.1892190931381047e-02
46                                     4.2992561793647353e-05
47                                     7.2176286712941308e-03
48                                    -4.5892594301375116e-03
49                                     4.6182404892030775e-04
50                                     1.6505215996243246e-03
51                                    -3.2049148083734161e-03
52                                    -6.0731663913201192e-03
53                                    -8.5798739721689251e-05
54                                     6.7166756705526057e-03
55                                     8.3320711225196836e-03
56                                    -3.6539003030249696e-03
57                                     2.0484579170064077e-02
58                                     3.1630508221603916e-03
59                                    -1.1589819728293366e-04
60                                    -1.6201995585797688e-02
61                                     1.5700144360385391e-02
62                                    -3.6226101149822278e-03
63                                    -2.5947094228851223e-04
64                                     8.6329652702038680e-04
65                                    -4.4335023679283069e-04
66                                    -2.3456059124632262e-03
67                                     2.6078435634834538e-03
68                                     2.4108940667975929e-03
69                                    -3.4093279179464792e-04
70                                    -1.2956521468407717e-03
71                                    -7.2903235107573273e-04
72                                     3.3442838951620187e-03
73                                     1.2991666587174795e-03
74                                    -2.4509822925579418e-03
75                                     9.8905461924145397e-04
76                                    -1.4128446016499656e-03
77                                    -7.2233523504221069e-04
78                                     1.4256634100145234e-03
79                                    -1.4641009640000212e-03
80                                     8.2625776493769730e-05
81                                     4.6987221156673844e-04
82                                    -9.9635006063147452e-05
83                                     3.9174469516064614e-04
84                                     2.3917511070531368e-04
85                                    -7.0491080597694686e-04
86                                     7.2466482632154843e-05
87                                    -5.3049618444188536e-04
88                                    -5.4434343439869982e-03
89                                     1.4523619093446700e-03
90                                    -1.9211428736250651e-03
91                                    -1.0676044451272191e-03
92                                     1.6412010841435165e-04
93                                    -1.8490761617713301e-03
94                                    -4.0630329769341604e-04
95                                    -4.7439771655054705e-05
96                                     2.8882334999188173e-04
97                                    -1.6621531137465629e-03
98                                     4.1799055016731890e-04
99                                    -1.4226309426222724e-03
100                                    4.1156280608044737e-04
101                                   -3.4535047434598228e-03
   &Method [&Type "String"] "SCF"
   &Level [&Type "String"] "Relaxed density"
   &Mult [&Type "Integer"] 1
   &State [&Type "Integer"] 0
   &Irrep [&Type "Integer"] 0
$End
$Geometry
   &GeometryIndex 3
   &NAtoms [&Type "Integer"] 34
   &NCorelessECP [&Type "Integer"] 0
   &NGhostAtoms [&Type "Integer"] 0
   &CartesianCoordinates [&Type "Coordinates", &Dim(34,4), &Units "Bohr"] 
              P      6.977100032184   -2.751212894301    0.184692243213
              O      0.628896126593    1.829634196868   -2.111202859839
              O      0.885108819280    7.423369300425   -0.642585349572
              O     -2.924117778772    5.464924674085    2.302276502042
              O      5.289305579231   -0.458540901318   -1.016788931618
              O     -6.733186608465    1.948974682854   -0.808238539960
              O      7.842495992996   -4.275269852248   -2.024976890267
              O      5.534487375935   -4.001638727601    2.261974337648
              O      9.276467109970   -1.301005361275    1.460180905120
              N     -2.989447092733   -0.070989371812   -0.470407066321
              N     -6.835394539037   -2.279556999725   -0.140720511407
              N     -6.822799491902   -6.514947712350    0.589544154004
              C      1.370139954869    5.178267761138    0.717822426081
              C     -1.033525933090    3.789119455826    1.500830248921
              C      2.658381396125    3.162168330418   -0.877932244170
              C     -1.684192800634    2.315659100330   -0.903574160385
              C      4.276901226915    1.374956362736    0.642344046586
              C     -1.679458706014   -2.218705540103   -0.035541852466
              C     -5.619900411870   -0.064232995891   -0.476798909746
              C     -2.868898768271   -4.434208255828    0.351842308798
              C     -5.551740271626   -4.381934356887    0.258829866224
              H      2.505713148740    5.751113696821    2.335036149652
              H     -0.568481267297    2.436903466127    3.002051940310
              H      3.799870194904    4.022717467728   -2.363904757721
              H     -2.923569303558    3.440582222957   -2.107922336042
              H      3.154275856441    0.448425497973    2.115335148693
              H      5.787075661559    2.450504373544    1.567578677164
              H      0.037934110713    7.011767571892   -2.197808075243
              H     -4.436423659859    4.502248665135    2.608049911313
              H      0.359395330719   -2.071146503090   -0.053898877869
              H     -1.848706822092   -6.170458000208    0.681638503578
              H     -5.920646256162   -8.153418142881    0.902518812977
              H     -8.721263912004   -6.516257758211    0.526055882504
              H     10.358602569271   -0.501030449270    0.231470482071
$End
$SCF_Energy
   &GeometryIndex 3
   &Method [&Type "String"] "SCF"
   &totalEnergy [&Type "ArrayOfDoubles", &Dim (1,1)] "Total energy of each state"
                                                         0

0                                     -1.4576494706580097e+03
   &Mult [&Type "ArrayOfIntegers", &Dim (1,1)] "Multiplicity of each state"
                                                         0

0                                                        1
$End
$DFT_Energy
   &GeometryIndex 3
   &nAlphaEl [&Type "Integer"] 83
   &nBetaEl [&Type "Integer"] 83
   &nTotalEl [&Type "Integer"] 167
   &finalEn [&Type "Double"]      -1.4576494706580097e+03  "No Van der Waals correction"
   &eExchange [&Type "Double"]      -1.2002963359994946e+02
   &eCorr [&Type "Double"]      -5.8366096973022250e+00
   &eXC [&Type "Double"]      -1.2586624329725169e+02
   &eCNL [&Type "Double"]       0.0000000000000000e+00
$End
$Solvation_Details
   &GeometryIndex 3
   &Solvent [&Type "String"] "WATER"
   &Epsilon [&Type "Double"]       8.0150999999999996e+01
   &Refrac [&Type "Double"]       1.3328000000000000e+00
   &RSolv [&Type "Double"]       1.3000000000000000e+00
   &SurfaceType [&Type "String"] "GAUSSIAN VDW"
   &CPCMDielEnergy [&Type "Double"]      -1.4558786700000001e-01
   &NPoints [&Type "Integer"] 2808
   &SurfaceArea [&Type "Double"]       1.1321459282860001e+03
$End
$SCF_Timings
   &GeometryIndex 3
   &TOTAL [&Type "Double"]       8.2729196999999999e+01
   &PREP [&Type "Double"]       7.9167699999999996e-01
   &FOCK [&Type "Double"]       7.4506897000000009e+01
   &DENS [&Type "Double"]       2.0848999999999762e-01
   &ETOT [&Type "Double"]       1.0963600000000540e-01
   &TRAFO [&Type "Double"]       5.7010200000000033e-01
   &DIIS [&Type "Double"]       2.0707190000000022e+00
   &SOSCF [&Type "Double"]       1.0995829999999884e+00
   &XC [&Type "Double"]       7.5871810000000028e+00
   &FOCKSTART [&Type "Double"]       3.5634000000007937e-02
   &SOLV [&Type "Double"]       7.5708590000000040e+00
   &SOLV_INIT [&Type "Double"]       2.3671799999999998e-01
   &INT_PREP [&Type "Double"]       2.9999999977547986e-06
   &INT_BF [&Type "Double"]       1.5731210000001088e+00
   &INT_DENS [&Type "Double"]       2.3678610000000244e+00
   &INT_DENSIO [&Type "Double"]       1.4091854311100027e+05
   &INT_FUNC [&Type "Double"]       9.5791999999796928e-02
   &INT_POT [&Type "Double"]       2.0443689999999304e+00
   &INT_POTIO [&Type "Double"]       1.5969000000197298e-02
   &INT_SUM [&Type "Double"]       1.0050000000205728e-03
   &SPLITRIJ [&Type "Double"]       5.6070859999999927e+00
   &COSX [&Type "Double"]       5.7729594999999996e+01
$End
$VdW_Correction
   &GeometryIndex 3
   &vdW [&Type "Double"]      -3.8476696756358023e-02
$End
$Single_Point_Data
   &GeometryIndex 3
   &FinalEnergy [&Type "Double"]      -1.4576879473547660e+03  "Final single point energy"
   &Converged [&Type "Boolean"] true
$End
$SCF_Nuc_Gradient
   &GeometryIndex 3
   &NAtoms [&Type "Integer"] 34
   &gradNorm [&Type "Double"]       3.8685239652953160e-02
   &grad [&Type "ArrayOfDoubles", &Dim (102,1)] 
                                                         0

0                                      1.8608958544483759e-02
1                                      1.5288050433604665e-02
2                                      1.1630043078164813e-02
3                                     -1.0748108632140454e-03
4                                     -1.3298596707158055e-03
5                                     -8.9516636462370100e-05
6                                     -1.5991654582936574e-03
7                                      2.2725011470258053e-03
8                                     -1.7701666398260737e-03
9                                     -2.9820063399145129e-03
10                                     7.5725329954659504e-04
11                                     7.3793486065222146e-04
12                                    -4.3002906635566680e-03
13                                     1.8765245098947142e-03
14                                    -2.0382275787964965e-03
15                                     2.5686379531568624e-03
16                                    -4.4357300581476999e-03
17                                    -1.8932710815857123e-03
18                                     4.9715382653376999e-04
19                                    -4.4100962417626920e-03
20                                    -1.3149305270033624e-03
21                                    -2.8971629809483642e-03
22                                    -4.3697631579681078e-03
23                                    -4.8890868325105396e-05
24                                    -1.2433953523170690e-02
25                                    -9.0344805441122458e-03
26                                    -8.5687405475280941e-03
27                                    -5.1512481743887827e-03
28                                    -1.0232067632201251e-03
29                                    -8.5810981462539158e-04
30                                     3.1513607948372400e-03
31                                    -3.3551292057708484e-03
32                                     5.8148516538620004e-04
33                                     6.4814212300917280e-03
34                                     7.4932966685449702e-03
35                                    -9.1249259012524326e-04
36                                     9.0052267064487347e-04
37                                    -2.5403328044140429e-03
38                                     1.9589556053468786e-03
39                                     4.5833133464290316e-03
40                                    -3.1518893401860310e-03
41                                    -2.4290291836212914e-03
42                                     1.6691477472663048e-03
43                                     7.0612595340317069e-04
44                                     7.9686119303999442e-04
45                                    -4.4080403130909310e-03
46                                    -2.9465859605323704e-04
47                                     2.1729550489430274e-03
48                                     7.1784952204851076e-04
49                                     1.4712926962624627e-03
50                                    -7.1259503199227385e-04
51                                    -3.9225330237761865e-03
52                                     2.1634488016028376e-03
53                                    -6.0728644400912717e-04
54                                     4.9347830264561358e-03
55                                     4.1854269959927456e-03
56                                     2.1629662904910376e-03
57                                    -1.5123387423020501e-03
58                                    -2.3486685649954509e-04
59                                     1.1332823985385265e-05
60                                    -3.9656254717269539e-03
61                                    -2.3888867401758774e-03
62                                    -5.4345615242302222e-04
63                                    -3.5075350757660659e-04
64                                     1.4253416471273306e-03
65                                    -1.6114724575188738e-03
66                                    -1.0808595109650613e-03
67                                     2.2168377830538973e-04
68                                     2.2421960567087964e-04
69                                    -4.6983810597540140e-04
70                                    -6.2606043833343282e-04
71                                     4.4366176900756307e-04
72                                     1.0444839828619933e-03
73                                     3.2518613476214181e-04
74                                     3.1969194539607163e-04
75                                    -9.9240280160790427e-04
76                                    -5.3697673915169394e-04
77                                    -4.6967101948114517e-04
78                                     1.3782827868079613e-04
79                                     1.1637303168356004e-05
80                                     8.4023814421176600e-04
81                                     1.1092158869658159e-03
82                                    -3.8467103109159463e-04
83                                     1.3573462176019425e-03
84                                     1.7211848070212547e-03
85                                     5.9871954409302188e-04
86                                     3.8280271826007811e-04
87                                     5.6620809872780296e-04
88                                    -1.3176370535295278e-03
89                                     4.4832198728453023e-04
90                                    -1.3597594241984250e-03
91                                    -3.9564955422139879e-04
92                                    -7.1401389073585744e-05
93                                    -5.5049913445614964e-04
94                                     9.3015887455111506e-04
95                                    -1.2339454820298868e-04
96                                     8.1886978926964829e-04
97                                    -3.3931137565403497e-04
98                                     1.0793929338074880e-04
99                                    -4.5965151194567340e-04
100                                    4.4255841895779469e-04
101                                   -1.1410323038055936e-04
   &Method [&Type "String"] "SCF"
   &Level [&Type "String"] "Relaxed density"
   &Mult [&Type "Integer"] 1
   &State [&Type "Integer"] 0
   &Irrep [&Type "Integer"] 0
$End
$Geometry
   &GeometryIndex 4
   &NAtoms [&Type "Integer"] 34
   &NCorelessECP [&Type "Integer"] 0
   &NGhostAtoms [&Type "Integer"] 0
   &CartesianCoordinates [&Type "Coordinates", &Dim(34,4), &Units "Bohr"] 
              P      6.797604997088   -2.814490484854    0.228825989335
              O      0.646719056398    1.893017318595   -2.149972092807
              O      0.923729818878    7.486784879570   -0.588624686216
              O     -2.975390183385    5.501228381822    2.211387336495
              O      5.233852331876   -0.458564342996   -0.989084832370
              O     -6.704068003097    1.958436938256   -0.463384477683
              O      7.590927986467   -4.384160106320   -1.960321044142
              O      5.359445789554   -3.929342327540    2.369206718934
              O      9.195446449093   -1.439609379163    1.488528254085
              N     -2.944514275608   -0.081752722775   -0.523281209494
              N     -6.769163183230   -2.303538255811   -0.017704389451
              N     -6.721457236544   -6.558359066479    0.638266089012
              C      1.352183776635    5.211107804188    0.721962416869
              C     -1.076197463939    3.827074100993    1.452742016493
              C      2.658440645300    3.204635930135   -0.874913057244
              C     -1.674418188579    2.335811521502   -0.959754204529
              C      4.264606284070    1.411047562480    0.653994587779
              C     -1.602690323722   -2.220383371203   -0.175518912888
              C     -5.585935114727   -0.084692469912   -0.396093984228
              C     -2.768276585802   -4.451000582157    0.240769563427
              C     -5.452335914285   -4.416039551660    0.283211471837
              H      2.464673039381    5.730223244026    2.376503975614
              H     -0.629110861291    2.469209393630    2.955591681624
              H      3.819419783376    4.083507314206   -2.337670162170
              H     -2.948190193736    3.427693201010   -2.160442094293
              H      3.141200118509    0.524747679274    2.149900146550
              H      5.795760121625    2.479682548652    1.548994556856
              H      0.081218097488    7.134134466761   -2.163242292833
              H     -4.508396442777    4.549138836688    2.453040279366
              H      0.429174770690   -2.038749182116   -0.297386359848
              H     -1.712257416036   -6.178967410727    0.498106937255
              H     -5.810313848583   -8.205619035957    0.876443335680
              H     -8.621413476044   -6.545788247350    0.663582242727
              H     10.330122508016   -0.729641580908    0.254107384534
$End
$SCF_Energy
   &GeometryIndex 4
   &Method [&Type "String"] "SCF"
   &totalEnergy [&Type "ArrayOfDoubles", &Dim (1,1)] "Total energy of each state"
                                                         0

0                                     -1.4576509710606033e+03
   &Mult [&Type "ArrayOfIntegers", &Dim (1,1)] "Multiplicity of each state"
                                                         0

0                                                        1
$End
$DFT_Energy
   &GeometryIndex 4
   &nAlphaEl [&Type "Integer"] 83
   &nBetaEl [&Type "Integer"] 83
   &nTotalEl [&Type "Integer"] 167
   &finalEn [&Type "Double"]      -1.4576509710606033e+03  "No Van der Waals correction"
   &eExchange [&Type "Double"]      -1.2002226466108010e+02
   &eCorr [&Type "Double"]      -5.8362592025496358e+00
   &eXC [&Type "Double"]      -1.2585852386362974e+02
   &eCNL [&Type "Double"]       0.0000000000000000e+00
$End
$Solvation_Details
   &GeometryIndex 4
   &Solvent [&Type "String"] "WATER"
   &Epsilon [&Type "Double"]       8.0150999999999996e+01
   &Refrac [&Type "Double"]       1.3328000000000000e+00
   &RSolv [&Type "Double"]       1.3000000000000000e+00
   &SurfaceType [&Type "String"] "GAUSSIAN VDW"
   &CPCMDielEnergy [&Type "Double"]      -1.4197923600000001e-01
   &NPoints [&Type "Integer"] 2805
   &SurfaceArea [&Type "Double"]       1.1256200792269999e+03
$End
$SCF_Timings
   &GeometryIndex 4
   &TOTAL [&Type "Double"]       8.4555948999999998e+01
   &PREP [&Type "Double"]       7.2095100000000001e-01
   &FOCK [&Type "Double"]       7.7019899000000009e+01
   &DENS [&Type "Double"]       2.2723499999999319e-01
   &ETOT [&Type "Double"]       1.2378799999999224e-01
   &TRAFO [&Type "Double"]       5.8883800000000086e-01
   &DIIS [&Type "Double"]       2.0976420000000022e+00
   &SOSCF [&Type "Double"]       1.3000299999999960e+00
   &XC [&Type "Double"]       8.1191540000000035e+00
   &FOCKSTART [&Type "Double"]       3.8258000000000458e-02
   &SOLV [&Type "Double"]       7.8201960000000099e+00
   &SOLV_INIT [&Type "Double"]       1.8416100000000007e-01
   &SOLV_FINAL [&Type "Double"]       9.9999999747524271e-07
   &INT_PREP [&Type "Double"]       1.9999999985031991e-06
   &INT_BF [&Type "Double"]       1.8985830000004302e+00
   &INT_DENS [&Type "Double"]       2.8913309999995604e+00
   &INT_DENSIO [&Type "Double"]       1.6304787280300027e+05
   &INT_FUNC [&Type "Double"]       1.1302000000009649e-01
   &INT_POT [&Type "Double"]       2.2441579999999401e+00
   &INT_POTIO [&Type "Double"]       1.8900999999919676e-02
   &INT_SUM [&Type "Double"]       9.3600000001181627e-04
   &SPLITRIJ [&Type "Double"]       6.1207550000000017e+00
   &COSX [&Type "Double"]       5.7946260999999971e+01
$End
$VdW_Correction
   &GeometryIndex 4
   &vdW [&Type "Double"]      -3.8654322078973458e-02
$End
$Single_Point_Data
   &GeometryIndex 4
   &FinalEnergy [&Type "Double"]      -1.4576896253826824e+03  "Final single point energy"
   &Converged [&Type "Boolean"] true
$End
$SCF_Nuc_Gradient
   &GeometryIndex 4
   &NAtoms [&Type "Integer"] 34
   &gradNorm [&Type "Double"]       2.1346284107210834e-02
   &grad [&Type "ArrayOfDoubles", &Dim (102,1)] 
                                                         0

0                                      4.2578004330309453e-03
1                                      2.1404784662671754e-03
2                                      3.7070770244703038e-03
3                                     -6.9385460042946628e-04
4                                     -7.1869961793476916e-04
5                                      8.0558450984986613e-04
6                                     -6.5584262911558928e-04
7                                      9.6692458237197820e-04
8                                      6.2389573478217593e-04
9                                     -2.1624626375240643e-03
10                                    -4.6726321103972328e-04
11                                    -5.7400971680075829e-04
12                                    -1.6276916867375942e-03
13                                     8.1229069765775905e-04
14                                    -1.4049046445413209e-03
15                                     8.2956255137240861e-04
16                                    -1.5728979475438723e-03
17                                     3.8285244395407378e-03
18                                     2.9233102981757869e-05
19                                     5.8513649051422797e-04
20                                     2.5658363065445720e-03
21                                     2.3834604121686616e-03
22                                     3.8484243338532734e-04
23                                    -1.8253403825689099e-03
24                                    -6.2958684217120390e-03
25                                    -4.3823326599429849e-03
26                                    -4.4968058584874638e-03
27                                    -1.6438498391563694e-03
28                                    -2.4967318815003847e-03
29                                     2.5144189668187327e-03
30                                     1.3322451379991569e-03
31                                     1.3239318912362625e-03
32                                     3.3663436411973313e-03
33                                     2.2116973396949925e-03
34                                     3.1482408673112116e-03
35                                    -6.5365216638341975e-04
36                                    -2.6475348956536454e-04
37                                    -6.3903495559878014e-04
38                                    -1.1621287171803645e-03
39                                     2.4704492091427179e-03
40                                    -9.6177436614252416e-04
41                                    -7.4344562630018730e-04
42                                     8.5494592805259579e-04
43                                    -1.6464826819780082e-03
44                                     1.6003300357390721e-03
45                                    -3.2696549301558975e-04
46                                     2.4014094240696609e-04
47                                     3.6590417505527676e-04
48                                     2.2711371732065744e-03
49                                     1.1226901162935906e-03
50                                    -5.2885471456675976e-04
51                                    -4.6490589277423274e-04
52                                     2.6104809463682417e-03
53                                     7.2307602064801543e-04
54                                    -8.2416875507620307e-04
55                                     6.4807004018276699e-04
56                                    -1.3496123851503544e-02
57                                    -2.3066447959993034e-03
58                                    -4.3588951048912484e-04
59                                    -2.1287397481199502e-04
60                                     4.5402496040959384e-04
61                                    -2.9458885913913103e-03
62                                     1.7618052001169900e-03
63                                     6.8474036901631187e-05
64                                     1.1895470655030578e-03
65                                    -9.1151207740137801e-04
66                                    -4.1590621393284948e-04
67                                    -2.9398316807488002e-04
68                                    -3.7996766375771756e-04
69                                    -5.0423541818415005e-05
70                                    -1.1078345210486590e-04
71                                     1.9974510707147742e-04
72                                    -1.5359311323937737e-04
73                                    -2.2474050975955842e-04
74                                     1.3182061493755182e-03
75                                    -9.5210858950680124e-04
76                                    -1.2598681340923002e-04
77                                    -4.6824889420408534e-04
78                                    -2.7414611582573514e-04
79                                     7.9879501514767336e-06
80                                     6.5448352902497441e-04
81                                     6.6694645602232447e-04
82                                    -2.9226241167456309e-04
83                                     3.2094079812279255e-04
84                                     1.4806194407981270e-03
85                                     1.2875654292481009e-03
86                                     1.8441454070684496e-03
87                                     1.7731338671316994e-05
88                                     9.3543262840962423e-05
89                                     1.0115829134432801e-04
90                                    -5.6144776677661515e-04
91                                    -1.9940219487032867e-04
92                                    -1.5715423007425490e-04
93                                    -1.5890377326507971e-04
94                                     5.8452568421440726e-04
95                                    -2.7281486357251587e-04
96                                     3.3165032133890591e-04
97                                    -2.3344452868897403e-04
98                                     1.0727482996399910e-04
99                                     1.7355945677970718e-04
100                                    6.0120168538713083e-04
101                                    8.7908722750747572e-04
   &Method [&Type "String"] "SCF"
   &Level [&Type "String"] "Relaxed density"
   &Mult [&Type "Integer"] 1
   &State [&Type "Integer"] 0
   &Irrep [&Type "Integer"] 0
$End
$Geometry
   &GeometryIndex 5
   &NAtoms [&Type "Integer"] 34
   &NCorelessECP [&Type "Integer"] 0
   &NGhostAtoms [&Type "Integer"] 0
   &CartesianCoordinates [&Type "Coordinates", &Dim(34,4), &Units "Bohr"] 
              P      6.463409846560   -2.918392128834    0.299673545080
              O      0.661202946332    1.999989231698   -2.207852647918
              O      0.978868943918    7.591541150339   -0.549181457735
              O     -3.045966336917    5.593160751526    2.052587604153
              O      5.119742529124   -0.461354475915   -0.946398106022
              O     -6.598633616497    1.936048675309    0.037600487916
              O      7.141151834672   -4.548720623517   -1.869689374532
              O      4.984252741263   -3.841718149256    2.489232344532
              O      8.998325288603   -1.704755625828    1.566845421551
              N     -2.854848951513   -0.084143114397   -0.525145614187
              N     -6.617346110383   -2.354947390725    0.249136963697
              N     -6.520910668312   -6.650890620057    0.652810273130
              C      1.332110090022    5.286054608247    0.712702530956
              C     -1.129485051148    3.918179581363    1.382390253755
              C      2.652525936715    3.284637967308   -0.884448727906
              C     -1.661370710747    2.377074702429   -1.018840529950
              C      4.227763866949    1.472649207263    0.664375622466
              C     -1.466801670595   -2.213769205039   -0.357868258064
              C     -5.473572889156   -0.110703999961   -0.055909836390
              C     -2.582120072472   -4.472250018909    0.091889788699
              C     -5.262279274017   -4.477769443028    0.328559830360
              H      2.414916817192    5.736295429308    2.411188136984
              H     -0.713239961727    2.573947566092    2.908059305227
              H      3.842693973530    4.175681390777   -2.319344757660
              H     -2.996450183692    3.399884480129   -2.219221089620
              H      3.104378132349    0.656968633597    2.198053967085
              H      5.801889228553    2.517905221528    1.507336494150
              H      0.132647253187    7.308949356972   -2.138621770546
              H     -4.609650105731    4.655825482167    2.149301623606
              H      0.538444572638   -1.985974414619   -0.673599508463
              H     -1.478545811136   -6.187838033521    0.194075806718
              H     -5.600318685652   -8.309400262134    0.736640730359
              H     -8.415074494294   -6.630994578448    0.808685952552
              H     10.212687455443   -1.144388348003    0.332746180292
$End
$SCF_Energy
   &GeometryIndex 5
   &Method [&Type "String"] "SCF"
   &totalEnergy [&Type "ArrayOfDoubles", &Dim (1,1)] "Total energy of each state"
                                                         0

0                                     -1.4576526652372352e+03
   &Mult [&Type "ArrayOfIntegers", &Dim (1,1)] "Multiplicity of each state"
                                                         0

0                                                        1
$End
$DFT_Energy
   &GeometryIndex 5
   &nAlphaEl [&Type "Integer"] 84
   &nBetaEl [&Type "Integer"] 84
   &nTotalEl [&Type "Integer"] 168
   &finalEn [&Type "Double"]      -1.4576526652372352e+03  "No Van der Waals correction"
   &eExchange [&Type "Double"]      -1.2000906753940576e+02
   &eCorr [&Type "Double"]      -5.8360621753353747e+00
   &eXC [&Type "Double"]      -1.2584512971474113e+02
   &eCNL [&Type "Double"]       0.0000000000000000e+00
$End
$Solvation_Details
   &GeometryIndex 5
   &Solvent [&Type "String"] "WATER"
   &Epsilon [&Type "Double"]       8.0150999999999996e+01
   &Refrac [&Type "Double"]       1.3328000000000000e+00
   &RSolv [&Type "Double"]       1.3000000000000000e+00
   &SurfaceType [&Type "String"] "GAUSSIAN VDW"
   &CPCMDielEnergy [&Type "Double"]      -1.3729032299999999e-01
   &NPoints [&Type "Integer"] 2797
   &SurfaceArea [&Type "Double"]       1.1169185854840000e+03
$End
$SCF_Timings
   &GeometryIndex 5
   &TOTAL [&Type "Double"]       8.0470889999999997e+01
   &PREP [&Type "Double"]       7.6918900000000001e-01
   &FOCK [&Type "Double"]       7.3117438999999990e+01
   &DENS [&Type "Double"]       1.7703799999999603e-01
   &ETOT [&Type "Double"]       1.0226699999999056e-01
   &TRAFO [&Type "Double"]       4.1524499999999342e-01
   &DIIS [&Type "Double"]       1.1114369999999933e+00
   &SOSCF [&Type "Double"]       8.7915900000000491e-01
   &XC [&Type "Double"]       8.0408779999999940e+00
   &FOCKSTART [&Type "Double"]       3.1522999999972434e-02
   &SOLV [&Type "Double"]       7.3790569999999978e+00
   &SOLV_INIT [&Type "Double"]       1.7763899999999999e-01
   &INT_PREP [&Type "Double"]       1.0000000010279564e-06
   &INT_BF [&Type "Double"]       1.4315880000000583e+00
   &INT_DENS [&Type "Double"]       2.1763249999996734e+00
   &INT_DENSIO [&Type "Double"]       1.4174368206800023e+05
   &INT_FUNC [&Type "Double"]       8.5270999999847774e-02
   &INT_POT [&Type "Double"]       1.8467300000000186e+00
   &INT_POTIO [&Type "Double"]       1.4248000000137040e-02
   &INT_SUM [&Type "Double"]       1.6719999999850188e-03
   &SPLITRIJ [&Type "Double"]       5.7024069999999982e+00
   &COSX [&Type "Double"]       5.6388937000000006e+01
$End
$VdW_Correction
   &GeometryIndex 5
   &vdW [&Type "Double"]      -3.9045456485610433e-02
$End
$Single_Point_Data
   &GeometryIndex 5
   &FinalEnergy [&Type "Double"]      -1.4576917106937208e+03  "Final single point energy"
   &Converged [&Type "Boolean"] true
$End
$SCF_Nuc_Gradient
   &GeometryIndex 5
   &NAtoms [&Type "Integer"] 34
   &gradNorm [&Type "Double"]       2.6114238713373681e-02
   &grad [&Type "ArrayOfDoubles", &Dim (102,1)] 
                                                         0

0                                     -1.1903416376050531e-02
1                                     -9.5494331300898568e-03
2                                     -4.1132493195668004e-03
3                                      9.6789066077743874e-04
4                                     -6.8711250882828975e-04
5                                      1.6288179758799897e-03
6                                      1.4157758081671175e-04
7                                     -8.9234586140215589e-04
8                                      2.4055631354914890e-03
9                                     -1.0937898497002962e-03
10                                    -3.4239792057420503e-03
11                                    -2.4741092438899685e-03
12                                     1.3537581513873181e-03
13                                    -1.3928317807522612e-03
14                                    -1.4202580855558034e-04
15                                    -1.1302103313880030e-03
16                                     8.6702810009680990e-04
17                                    -1.5832343221354398e-03
18                                    -2.7246591991940178e-04
19                                     5.6935030038001632e-03
20                                     5.2517313079836949e-03
21                                     7.2438451203168100e-03
22                                     4.3053727036388885e-03
23                                    -3.4839333573274700e-03
24                                     1.6014715434182541e-03
25                                     7.9847354513690443e-04
26                                     3.7925435931261253e-04
27                                     2.4124279852221994e-03
28                                    -2.3654737264003508e-03
29                                    -3.4403242885546431e-03
30                                    -1.8753337755692703e-03
31                                     3.6296109814090197e-03
32                                    -9.5581860969694364e-04
33                                    -4.2120789160125915e-03
34                                    -3.7878396965038293e-03
35                                     9.2283271555638428e-04
36                                    -1.1838601551845140e-03
37                                     1.7307087901040645e-03
38                                    -3.1683070912786686e-03
39                                    -1.6703570177029737e-04
40                                     1.3586542523398516e-03
41                                     8.5864758085487487e-04
42                                    -7.3553369491654739e-04
43                                    -2.8333124677717716e-03
44                                     1.2831085766351867e-03
45                                     3.7018349289725757e-03
46                                     1.3597828745226198e-03
47                                    -1.9514686478318765e-03
48                                     2.9624096536891302e-03
49                                     1.0098534573457676e-04
50                                     8.1403188556580742e-05
51                                     3.9600243699920590e-03
52                                     1.6785732842992092e-03
53                                     1.7246944519014183e-03
54                                    -5.5241296299578004e-03
55                                     5.4648459192312886e-05
56                                     2.4465325006381988e-03
57                                    -5.6540517020747783e-04
58                                    -2.7904602007991795e-04
59                                     4.5605882854755383e-04
60                                     3.9093254640821676e-03
61                                    -1.5588390147089595e-03
62                                    -7.1401627923344099e-04
63                                     4.3744560999876424e-04
64                                     4.1229244746171880e-04
65                                     3.4509263906625068e-04
66                                     4.0578098200726951e-04
67                                    -8.2194184351768362e-04
68                                    -9.3357171920037852e-04
69                                     5.1531679851276398e-04
70                                     5.9256978133328110e-04
71                                    -1.7444216453924106e-04
72                                    -1.8704831702424990e-03
73                                    -3.8741047812756606e-04
74                                     2.2242726711559314e-03
75                                    -5.1235551627111010e-04
76                                     3.1312144707646599e-04
77                                    -4.4675238325851512e-04
78                                    -5.6688632891707517e-04
79                                    -8.8315097647653510e-05
80                                     2.4073256398629155e-04
81                                     1.4157888382658538e-04
82                                     1.8821782026223015e-04
83                                    -1.0582453421047015e-03
84                                     1.0336245295102272e-03
85                                     2.7919222399202695e-03
86                                     3.4181522229692414e-03
87                                    -6.9989923885880418e-04
88                                     1.5430663775811795e-03
89                                    -3.3145465058674248e-04
90                                     5.0610678768902065e-04
91                                     9.7462961317767207e-05
92                                    -3.1083457709411090e-04
93                                     2.4181654241852663e-04
94                                     3.0986282257941403e-05
95                                     3.0284193677578085e-05
96                                    -9.8405913123010368e-05
97                                    -1.6591449324075783e-04
98                                    -7.2530997257490222e-05
99                                     8.7505406061593068e-04
100                                    6.8681463723710521e-04
101                                    1.6571398830850978e-03
   &Method [&Type "String"] "SCF"
   &Level [&Type "String"] "Relaxed density"
   &Mult [&Type "Integer"] 1
   &State [&Type "Integer"] 0
   &Irrep [&Type "Integer"] 0
$End
$Geometry
   &GeometryIndex 6
   &NAtoms [&Type "Integer"] 34
   &NCorelessECP [&Type "Integer"] 0
   &NGhostAtoms [&Type "Integer"] 0
   &CartesianCoordinates [&Type "Coordinates", &Dim(34,4), &Units "Bohr"] 
              P      6.115742969176   -3.017890405823    0.342106262348
              O      0.687401277466    2.133061439032   -2.290500920355
              O      1.018883106892    7.687959341233   -0.496093794671
              O     -3.151181515059    5.669971634720    1.839615067046
              O      5.015053249923   -0.449027781203   -0.904905784029
              O     -6.318418714377    1.912058457633    0.721452046437
              O      6.775229329398   -4.639690580278   -1.839745027573
              O      4.473613457971   -3.856811674561    2.449691820051
              O      8.691311477684   -2.010258759659    1.761258947277
              N     -2.745388014748   -0.071670117523   -0.577074135271
              N     -6.366922428547   -2.387922649780    0.630865327515
              N     -6.246830619542   -6.699798767329    0.788215687552
              C      1.297120665279    5.353383005113    0.723916311644
              C     -1.201093622411    4.000567368543    1.290555350994
              C      2.644669716402    3.372077343693   -0.879344100199
              C     -1.643285045681    2.430394626377   -1.109495106523
              C      4.144803154501    1.507392639718    0.691557151126
              C     -1.345360071701   -2.200945499651   -0.675996455304
              C     -5.257522801639   -0.132636213709    0.300392645541
              C     -2.392839109024   -4.480437156889   -0.165633467988
              C     -5.021292486006   -4.509403620636    0.415572734396
              H      2.328903852629    5.736607389557    2.471370631530
              H     -0.853319489060    2.670245397282    2.846824723051
              H      3.888470082919    4.278614492044   -2.257952743282
              H     -3.014486727534    3.391692352433   -2.325541808225
              H      2.982434272502    0.720247197014    2.210168186027
              H      5.736703593757    2.507768746326    1.555018607694
              H      0.178015252105    7.464013308108   -2.098401205877
              H     -4.723864270362    4.740817889348    1.675406817443
              H      0.597885843629   -1.947300414202   -1.253860640184
              H     -1.278006855963   -6.188611302757   -0.276751125999
              H     -5.337314721839   -8.363602813464    0.665542375746
              H     -8.104877068439   -6.678714935272    1.191554668532
              H     10.006159122761   -1.555366931581    0.587982137802
$End
$SCF_Energy
   &GeometryIndex 6
   &Method [&Type "String"] "SCF"
   &totalEnergy [&Type "ArrayOfDoubles", &Dim (1,1)] "Total energy of each state"
                                                         0

0                                     -1.4576531969189730e+03
   &Mult [&Type "ArrayOfIntegers", &Dim (1,1)] "Multiplicity of each state"
                                                         0

0                                                        1
$End
$DFT_Energy
   &GeometryIndex 6
   &nAlphaEl [&Type "Integer"] 83
   &nBetaEl [&Type "Integer"] 83
   &nTotalEl [&Type "Integer"] 167
   &finalEn [&Type "Double"]      -1.4576531969189730e+03  "No Van der Waals correction"
   &eExchange [&Type "Double"]      -1.2000686525862098e+02
   &eCorr [&Type "Double"]      -5.8381627757317567e+00
   &eXC [&Type "Double"]      -1.2584502803435274e+02
   &eCNL [&Type "Double"]       0.0000000000000000e+00
$End
$Solvation_Details
   &GeometryIndex 6
   &Solvent [&Type "String"] "WATER"
   &Epsilon [&Type "Double"]       8.0150999999999996e+01
   &Refrac [&Type "Double"]       1.3328000000000000e+00
   &RSolv [&Type "Double"]       1.3000000000000000e+00
   &SurfaceType [&Type "String"] "GAUSSIAN VDW"
   &CPCMDielEnergy [&Type "Double"]      -1.3442398600000000e-01
   &NPoints [&Type "Integer"] 2778
   &SurfaceArea [&Type "Double"]       1.1052167591150001e+03
$End
$SCF_Timings
   &GeometryIndex 6
   &TOTAL [&Type "Double"]       9.3899687000000000e+01
   &PREP [&Type "Double"]       1.0035799999999999e+00
   &FOCK [&Type "Double"]       8.6405984000000018e+01
   &DENS [&Type "Double"]       2.3710900000001800e-01
   &ETOT [&Type "Double"]       1.2869800000000353e-01
   &POP [&Type "Double"]       1.0000000116860974e-06
   &TRAFO [&Type "Double"]       4.6130199999999988e-01
   &DIIS [&Type "Double"]       1.8518409999999967e+00
   &SOSCF [&Type "Double"]       1.2519920000000031e+00
   &XC [&Type "Double"]       9.5804349999999925e+00
   &FOCKSTART [&Type "Double"]       4.5678999999982262e-02
   &SOLV [&Type "Double"]       9.1368909999999826e+00
   &SOLV_INIT [&Type "Double"]       3.4701599999999999e-01
   &INT_PREP [&Type "Double"]       2.9999999924257281e-06
   &INT_BF [&Type "Double"]       1.5061939999998408e+00
   &INT_DENS [&Type "Double"]       2.2598659999999029e+00
   &INT_DENSIO [&Type "Double"]       2.2195261859400029e+05
   &INT_FUNC [&Type "Double"]       9.1945000000198007e-02
   &INT_POT [&Type "Double"]       1.6889120000000197e+00
   &INT_POTIO [&Type "Double"]       1.5802000000078920e-02
   &INT_SUM [&Type "Double"]       2.4670000000064363e-03
   &SPLITRIJ [&Type "Double"]       7.1433780000000073e+00
   &COSX [&Type "Double"]       6.3710505000000012e+01
$End
$VdW_Correction
   &GeometryIndex 6
   &vdW [&Type "Double"]      -3.9608891592602280e-02
$End
$Single_Point_Data
   &GeometryIndex 6
   &FinalEnergy [&Type "Double"]      -1.4576928058105657e+03  "Final single point energy"
   &Converged [&Type "Boolean"] true
$End
$SCF_Nuc_Gradient
   &GeometryIndex 6
   &NAtoms [&Type "Integer"] 34
   &gradNorm [&Type "Double"]       3.5448414086666671e-02
   &grad [&Type "ArrayOfDoubles", &Dim (102,1)] 
                                                         0

0                                     -1.6535019410684779e-02
1                                     -1.0937577633959758e-02
2                                     -8.4642374290966882e-03
3                                      1.8031578527554350e-03
4                                     -2.3306025641652846e-03
5                                      1.8738435282228631e-03
6                                      2.8907651604061282e-05
7                                     -1.9633402057754740e-03
8                                      2.2803981577585570e-03
9                                     -4.1433051911816303e-03
10                                    -1.0127111700797392e-02
11                                    -3.2164198234119600e-03
12                                     1.7409466130274558e-03
13                                    -3.0559982112854482e-03
14                                     7.3733029232733499e-04
15                                     4.0553335035170626e-03
16                                     2.9824152577746688e-03
17                                     1.8844479400496894e-03
18                                    -1.4037592624599541e-04
19                                     6.0578934475246041e-03
20                                     3.8509999124258037e-03
21                                     5.7938472722527433e-03
22                                     4.5036746628918534e-03
23                                    -1.8543404044963280e-03
24                                     6.7586117588249181e-03
25                                     3.0620452554370129e-03
26                                     3.5463282175833546e-03
27                                     3.4248664082245019e-03
28                                     8.5028887670811956e-04
29                                    -6.0193144183264746e-03
30                                    -2.3468273620722551e-03
31                                     1.4022741204210258e-03
32                                    -7.8837540166535800e-04
33                                    -5.5854245341504828e-03
34                                    -5.6221843478886273e-03
35                                     1.6990242647413460e-03
36                                    -1.0981472704648732e-03
37                                     2.9311560213818198e-03
38                                    -1.8282011035567459e-03
39                                     7.8231848441368207e-04
40                                     1.0992497397209822e-03
41                                     5.0736765134724859e-04
42                                    -2.1241403936467468e-03
43                                    -1.2787770190173836e-03
44                                    -2.9863195387334657e-04
45                                     4.5874445214669690e-03
46                                     2.7516147544330268e-03
47                                    -2.5264926279438900e-03
48                                     1.9220257469536022e-03
49                                    -4.9192498792529032e-04
50                                     6.3676821857708938e-04
51                                     5.4198572903017507e-03
52                                    -3.0342813164242673e-04
53                                     3.1369428574085927e-03
54                                    -9.4408479663395158e-03
55                                     1.2564491516788335e-03
56                                     3.4141691928635458e-03
57                                     9.8220759450089829e-04
58                                    -1.8209532667116978e-04
59                                     3.7814375587978948e-04
60                                     3.7952579244208543e-03
61                                     6.7602329036502596e-04
62                                    -1.4374085184911856e-03
63                                     2.5829354281935472e-04
64                                    -4.3506636654173046e-04
65                                     1.1315239883846785e-03
66                                     6.8103244386481961e-04
67                                    -8.5572613837993242e-04
68                                    -9.5316792761984573e-04
69                                     6.2234625666234087e-04
70                                     9.2647101269734914e-04
71                                    -2.4330268735522014e-04
72                                    -2.5122474187950820e-03
73                                    -3.6122813531138135e-04
74                                     2.2838043647422377e-03
75                                     1.5307393992449538e-04
76                                     5.2518055590653140e-04
77                                    -8.3364255621347247e-05
78                                    -4.6402576665383261e-04
79                                    -1.3078474456641297e-04
80                                    -1.0979360634893460e-04
81                                    -7.5572893234969627e-06
82                                     6.3201940517988795e-04
83                                    -1.7072998874411423e-03
84                                     6.3675505212767823e-05
85                                     6.7851694015504498e-03
86                                     1.8001932813888671e-03
87                                    -5.0502396164088244e-04
88                                     1.3954532727556092e-03
89                                    -8.9224067285735250e-04
90                                     1.0027997438877461e-03
91                                     2.2039017378533448e-04
92                                    -4.8850916403980836e-04
93                                     5.8565907762489976e-04
94                                    -6.4322706224578287e-04
95                                     3.8858791932248856e-05
96                                    -5.2884672090343062e-04
97                                     9.8601322407307096e-05
98                                    -8.5549884415982748e-06
99                                     9.7012601189884603e-04
100                                    5.6270289224949488e-04
101                                    1.7195104509997083e-03
   &Method [&Type "String"] "SCF"
   &Level [&Type "String"] "Relaxed density"
   &Mult [&Type "Integer"] 1
   &State [&Type "Integer"] 0
   &Irrep [&Type "Integer"] 0
$End
$Geometry
   &GeometryIndex 7
   &NAtoms [&Type "Integer"] 34
   &NCorelessECP [&Type "Integer"] 0
   &NGhostAtoms [&Type "Integer"] 0
   &CartesianCoordinates [&Type "Coordinates", &Dim(34,4), &Units "Bohr"] 
              P      6.191937024831   -3.018789195992    0.338471278356
              O      0.658218077231    2.130362600520   -2.268411360234
              O      1.038750820371    7.671557726078   -0.522026177396
              O     -3.123533244744    5.730422177505    1.858687987314
              O      5.031018455646   -0.459816430295   -0.901059108025
              O     -6.444498758949    1.884978223389    0.553565258289
              O      6.834378055405   -4.649208236300   -1.859504060549
              O      4.521440490398   -3.907189333216    2.421263873573
              O      8.751063188624   -1.999475224746    1.723491549006
              N     -2.777279924380   -0.046402964118   -0.539819194101
              N     -6.399879268159   -2.402083025561    0.584179270685
              N     -6.226359971953   -6.702703123126    0.787155564597
              C      1.315328303142    5.349054963148    0.736451469706
              C     -1.193667017150    4.029411237160    1.320849777126
              C      2.636199563461    3.355896356658   -0.868636028945
              C     -1.668800718093    2.448585827154   -1.070218592580
              C      4.121902334176    1.476217983166    0.700849577715
              C     -1.374077979246   -2.179714272998   -0.638120682384
              C     -5.309601386233   -0.135484332833    0.236301160264
              C     -2.407585256879   -4.461545398639   -0.146402401153
              C     -5.037889327534   -4.502817957870    0.414591331143
              H      2.361007921519    5.750537614755    2.468219535273
              H     -0.869684766844    2.720469513378    2.899946929014
              H      3.881492533411    4.242715067983   -2.255067270647
              H     -3.010383335294    3.424809269665   -2.307435455837
              H      2.949665024952    0.664590043508    2.199769958449
              H      5.702131917364    2.472426053470    1.593636619735
              H      0.168723005582    7.419474962307   -2.102182847251
              H     -4.690863822428    4.783122792453    1.675651482243
              H      0.584090078812   -1.936182843068   -1.169150135273
              H     -1.288214686591   -6.167146796285   -0.232950122782
              H     -5.292501991937   -8.353652406339    0.681943020639
              H     -8.087878049545   -6.712322825924    1.174662472662
              H     10.035749574097   -1.533315041126    0.519066505641
$End
$SCF_Energy
   &GeometryIndex 7
   &Method [&Type "String"] "SCF"
   &totalEnergy [&Type "ArrayOfDoubles", &Dim (1,1)] "Total energy of each state"
                                                         0

0                                     -1.4576548589143338e+03
   &Mult [&Type "ArrayOfIntegers", &Dim (1,1)] "Multiplicity of each state"
                                                         0

0                                                        1
$End
$DFT_Energy
   &GeometryIndex 7
   &nAlphaEl [&Type "Integer"] 83
   &nBetaEl [&Type "Integer"] 83
   &nTotalEl [&Type "Integer"] 167
   &finalEn [&Type "Double"]      -1.4576548589143338e+03  "No Van der Waals correction"
   &eExchange [&Type "Double"]      -1.2000426456527371e+02
   &eCorr [&Type "Double"]      -5.8371114708278835e+00
   &eXC [&Type "Double"]      -1.2584137603610159e+02
   &eCNL [&Type "Double"]       0.0000000000000000e+00
$End
$Solvation_Details
   &GeometryIndex 7
   &Solvent [&Type "String"] "WATER"
   &Epsilon [&Type "Double"]       8.0150999999999996e+01
   &Refrac [&Type "Double"]       1.3328000000000000e+00
   &RSolv [&Type "Double"]       1.3000000000000000e+00
   &SurfaceType [&Type "String"] "GAUSSIAN VDW"
   &CPCMDielEnergy [&Type "Double"]      -1.3534465200000001e-01
   &NPoints [&Type "Integer"] 2779
   &SurfaceArea [&Type "Double"]       1.1077746298860000e+03
$End
$SCF_Timings
   &GeometryIndex 7
   &TOTAL [&Type "Double"]       8.5914932000000007e+01
   &PREP [&Type "Double"]       8.2967900000000006e-01
   &FOCK [&Type "Double"]       7.9404291999999998e+01
   &DENS [&Type "Double"]       1.8506399999999701e-01
   &ETOT [&Type "Double"]       1.1244700000000662e-01
   &TRAFO [&Type "Double"]       4.4663600000001047e-01
   &DIIS [&Type "Double"]       1.1435050000000029e+00
   &SOSCF [&Type "Double"]       8.7130099999999899e-01
   &XC [&Type "Double"]       8.6162350000000121e+00
   &FOCKSTART [&Type "Double"]       3.6186999999992420e-02
   &SOLV [&Type "Double"]       8.1309359999999788e+00
   &SOLV_INIT [&Type "Double"]       2.4633300000000002e-01
   &INT_PREP [&Type "Double"]       9.9999999925159955e-07
   &INT_BF [&Type "Double"]       1.3007249999999182e+00
   &INT_DENS [&Type "Double"]       1.9309679999999663e+00
   &INT_DENSIO [&Type "Double"]       1.6081702501200023e+05
   &INT_FUNC [&Type "Double"]       7.8444999999801368e-02
   &INT_POT [&Type "Double"]       1.4237220000000139e+00
   &INT_POTIO [&Type "Double"]       1.3269000000235565e-02
   &INT_SUM [&Type "Double"]       1.2999999999809830e-03
   &SPLITRIJ [&Type "Double"]       6.1518640000000042e+00
   &COSX [&Type "Double"]       5.9952755000000018e+01
$End
$VdW_Correction
   &GeometryIndex 7
   &vdW [&Type "Double"]      -3.9469058623394594e-02
$End
$Single_Point_Data
   &GeometryIndex 7
   &FinalEnergy [&Type "Double"]      -1.4576943279729571e+03  "Final single point energy"
   &Converged [&Type "Boolean"] true
$End
$SCF_Nuc_Gradient
   &GeometryIndex 7
   &NAtoms [&Type "Integer"] 34
   &gradNorm [&Type "Double"]       1.3945878933220728e-02
   &grad [&Type "ArrayOfDoubles", &Dim (102,1)] 
                                                         0

0                                     -3.2174930615550624e-03
1                                     -2.1314123042615730e-03
2                                     -2.3620971331429555e-03
3                                      1.1855481948940172e-03
4                                     -3.1760662453007953e-03
5                                      4.8700621364475104e-04
6                                     -6.0960459269742285e-04
7                                     -9.9623418035145635e-04
8                                     -3.0677163167490300e-05
9                                      2.5196067070419759e-03
10                                    -2.7965734524900260e-03
11                                    -1.2508254850463712e-03
12                                     4.7202967943945810e-04
13                                    -1.2935308757414793e-03
14                                     2.5905813067812397e-04
15                                     1.0417563263223867e-04
16                                    -2.6894928496503023e-03
17                                    -2.9248195100255257e-04
18                                    -3.6994152507615870e-04
19                                     2.6172817507302018e-04
20                                    -1.3547846246903267e-03
21                                    -1.2169675404892287e-03
22                                     6.0767242786656755e-04
23                                     1.1232803781796147e-03
24                                     3.9921136293283527e-03
25                                     1.6387707413204218e-03
26                                     1.7640770395437348e-03
27                                     1.6719071031425403e-03
28                                     3.1991851138265179e-03
29                                    -3.8374769416639263e-03
30                                    -6.2574289967646840e-04
31                                    -1.5048825904495906e-03
32                                    -8.8935555933184114e-04
33                                    -1.6940512083097898e-03
34                                    -1.7770277545888630e-03
35                                     2.8388809517317792e-04
36                                    -1.8653077408197714e-04
37                                     7.2957951556519357e-04
38                                     1.4545869572965178e-03
39                                    -4.7848735932179209e-04
40                                     1.6286848158567231e-03
41                                     1.4656187007053146e-04
42                                    -1.4509017883773947e-03
43                                     2.1177862248760344e-03
44                                    -1.3775722400815376e-03
45                                     9.0475176022100927e-04
46                                     1.7694575707004117e-03
47                                    -3.4051506324091516e-05
48                                    -2.0094770704594614e-04
49                                    -4.8216718083893891e-04
50                                     3.2971419058245167e-04
51                                     1.2214528058010407e-03
52                                    -1.6543501318737096e-03
53                                     1.6983818182377877e-03
54                                    -4.5268528701037205e-03
55                                     1.7168935242933346e-03
56                                     2.6552850982500859e-03
57                                     1.1683692993733192e-03
58                                     2.3011674276267823e-05
59                                    -1.1363718539221400e-04
60                                     5.8285431797296301e-04
61                                     2.2455096302969714e-03
62                                     2.2496197631187561e-04
63                                     1.3009975028170490e-05
64                                    -4.3550734963262311e-04
65                                     4.9975619869924159e-04
66                                     2.8694610990092414e-04
67                                    -1.5406165945600585e-04
68                                    -5.7749600988206689e-05
69                                     1.2400043282776097e-04
70                                     4.2109090267466206e-04
71                                    -2.6324491103052553e-05
72                                    -9.4841554223981921e-04
73                                     3.3269555377708038e-04
74                                     4.7701687043696028e-04
75                                     2.8453344818232926e-04
76                                     1.9966500412081135e-04
77                                     1.6389554987582912e-04
78                                     8.3231785997491881e-05
79                                    -3.5690820224852757e-04
80                                    -2.1442586721435748e-04
81                                     3.8907849282719383e-04
82                                     4.1111284622308611e-04
83                                    -7.2401826804563462e-04
84                                    -4.4175452400832375e-04
85                                     1.7742387931852068e-03
86                                     7.3951508975171967e-04
87                                     3.9800548295620127e-05
88                                     2.5740642938613809e-04
89                                    -3.1761152403435685e-04
90                                     3.2759248958186992e-04
91                                     9.4603194513807041e-05
92                                    -5.9161447284525117e-05
93                                     3.8691510182752898e-04
94                                    -5.5434515169614223e-04
95                                    -4.0995149884196380e-06
96                                    -3.6982021039691265e-04
97                                     1.2585110047596881e-04
98                                     1.2034324678194032e-05
99                                     5.7959406313125956e-04
100                                    4.4761671422476095e-04
101                                    6.2733069838215110e-04
   &Method [&Type "String"] "SCF"
   &Level [&Type "String"] "Relaxed density"
   &Mult [&Type "Integer"] 1
   &State [&Type "Integer"] 0
   &Irrep [&Type "Integer"] 0
$End
$Geometry
   &GeometryIndex 8
   &NAtoms [&Type "Integer"] 34
   &NCorelessECP [&Type "Integer"] 0
   &NGhostAtoms [&Type "Integer"] 0
   &CartesianCoordinates [&Type "Coordinates", &Dim(34,4), &Units "Bohr"] 
              P      6.363985384686   -2.958283882685    0.361959851622
              O      0.674740138438    2.110504643661   -2.269406179190
              O      1.019336874284    7.640495090973   -0.534859300884
              O     -3.151725980406    5.676630754351    1.846332489025
              O      5.119987616249   -0.432120961179   -0.875968037825
              O     -6.378244916687    1.941514051137    0.602702709352
              O      7.058626022184   -4.574108367603   -1.836291503001
              O      4.705718074229   -3.918322753500    2.427597031719
              O      8.882678692649   -1.872155011451    1.744213371538
              N     -2.782108669348   -0.070159591434   -0.540474573809
              N     -6.424884849736   -2.342381275707    0.655003020405
              N     -6.345064987516   -6.643806035917    0.827437771033
              C      1.310868206006    5.325611545229    0.739064658713
              C     -1.194085954429    3.996005249920    1.321795276420
              C      2.645907073006    3.333715288325   -0.855223814041
              C     -1.654905586681    2.413342610383   -1.071288221680
              C      4.127988907680    1.462931029859    0.725371619729
              C     -1.443667317763   -2.237043695367   -0.727376164294
              C     -5.289191214105   -0.105069842875    0.273431690043
              C     -2.522263301748   -4.496385452222   -0.239851081885
              C     -5.127363688999   -4.473292412435    0.421249260301
              H      2.352061273861    5.745819796009    2.467117255452
              H     -0.873094693298    2.695036445410    2.907832169157
              H      3.897274357160    4.220081660881   -2.234309087626
              H     -2.976861709593    3.395475522747   -2.323316683137
              H      2.940237835872    0.607931180138    2.188152461241
              H      5.665758864478    2.482380308607    1.667010024981
              H      0.113903622733    7.370971920660   -2.090847244021
              H     -4.688621225404    4.679171080280    1.622719057880
              H      0.506860782235   -2.044530210966   -1.303793105342
              H     -1.456705237565   -6.231877997121   -0.381606749797
              H     -5.455516798222   -8.313797924218    0.673485325088
              H     -8.188086192923   -6.616366388338    1.292478523753
              H     10.146855461735   -1.381133371691    0.527429363354
$End
$SCF_Energy
   &GeometryIndex 8
   &Method [&Type "String"] "SCF"
   &totalEnergy [&Type "ArrayOfDoubles", &Dim (1,1)] "Total energy of each state"
                                                         0

0                                     -1.4576555768558267e+03
   &Mult [&Type "ArrayOfIntegers", &Dim (1,1)] "Multiplicity of each state"
                                                         0

0                                                        1
$End
$DFT_Energy
   &GeometryIndex 8
   &nAlphaEl [&Type "Integer"] 83
   &nBetaEl [&Type "Integer"] 83
   &nTotalEl [&Type "Integer"] 167
   &finalEn [&Type "Double"]      -1.4576555768558267e+03  "No Van der Waals correction"
   &eExchange [&Type "Double"]      -1.2001094686747979e+02
   &eCorr [&Type "Double"]      -5.8378384080375501e+00
   &eXC [&Type "Double"]      -1.2584878527551734e+02
   &eCNL [&Type "Double"]       0.0000000000000000e+00
$End
$Solvation_Details
   &GeometryIndex 8
   &Solvent [&Type "String"] "WATER"
   &Epsilon [&Type "Double"]       8.0150999999999996e+01
   &Refrac [&Type "Double"]       1.3328000000000000e+00
   &RSolv [&Type "Double"]       1.3000000000000000e+00
   &SurfaceType [&Type "String"] "GAUSSIAN VDW"
   &CPCMDielEnergy [&Type "Double"]      -1.3674413499999999e-01
   &NPoints [&Type "Integer"] 2780
   &SurfaceArea [&Type "Double"]       1.1130699568729999e+03
$End
$SCF_Timings
   &GeometryIndex 8
   &TOTAL [&Type "Double"]       7.7180416999999991e+01
   &PREP [&Type "Double"]       7.9951299999999992e-01
   &FOCK [&Type "Double"]       7.0516760999999974e+01
   &DENS [&Type "Double"]       1.7592799999999897e-01
   &ETOT [&Type "Double"]       1.0715199999999747e-01
   &POP [&Type "Double"]       9.9999999747524271e-07
   &TRAFO [&Type "Double"]       5.3793799999999514e-01
   &DIIS [&Type "Double"]       1.4021090000000012e+00
   &SOSCF [&Type "Double"]       7.4406599999999656e-01
   &XC [&Type "Double"]       7.4364780000000126e+00
   &FOCKSTART [&Type "Double"]       3.1288999999987133e-02
   &SOLV [&Type "Double"]       7.0473039999999934e+00
   &SOLV_INIT [&Type "Double"]       1.7429600000000001e-01
   &INT_PREP [&Type "Double"]       1.9999999985031991e-06
   &INT_BF [&Type "Double"]       1.0720030000000591e+00
   &INT_DENS [&Type "Double"]       1.5835349999998538e+00
   &INT_DENSIO [&Type "Double"]       1.2756694706600017e+05
   &INT_FUNC [&Type "Double"]       6.5711999999968462e-02
   &INT_POT [&Type "Double"]       1.1836969999998672e+00
   &INT_POTIO [&Type "Double"]       1.1244000000071530e-02
   &INT_SUM [&Type "Double"]       1.0769999999933333e-03
   &SPLITRIJ [&Type "Double"]       5.6419010000000078e+00
   &COSX [&Type "Double"]       5.3962008000000012e+01
$End
$VdW_Correction
   &GeometryIndex 8
   &vdW [&Type "Double"]      -3.9213673849812350e-02
$End
$Single_Point_Data
   &GeometryIndex 8
   &FinalEnergy [&Type "Double"]      -1.4576947905296765e+03  "Final single point energy"
   &Converged [&Type "Boolean"] true
$End
$SCF_Nuc_Gradient
   &GeometryIndex 8
   &NAtoms [&Type "Integer"] 34
   &gradNorm [&Type "Double"]       1.0133506509166499e-02
   &grad [&Type "ArrayOfDoubles", &Dim (102,1)] 
                                                         0

0                                      1.7753502155718756e-03
1                                      1.1760919688969371e-03
2                                      1.2028661644309638e-04
3                                      6.0009713787731640e-04
4                                     -7.8254901920745291e-04
5                                     -6.6540200501662107e-04
6                                     -8.4377784141573243e-04
7                                     -3.1398887204845739e-04
8                                     -4.9774015745031829e-04
9                                     -5.9231899096462350e-04
10                                    -2.3636744520138643e-03
11                                    -1.0008681436814808e-03
12                                    -4.4069356040278410e-05
13                                     2.1112082467459814e-04
14                                     1.9267931135144809e-05
15                                     1.9067794022634263e-03
16                                    -1.7946837753198184e-03
17                                    -3.3488886531660329e-04
18                                    -1.9127186501163236e-04
19                                    -1.7263660551550455e-03
20                                    -2.2703068054602872e-03
21                                    -2.5208362151898679e-03
22                                    -1.0259119488850682e-03
23                                     1.5840816802199671e-03
24                                     2.1567590565177812e-03
25                                     6.0852992534306987e-04
26                                     8.7788128490313077e-04
27                                    -6.7421459812230973e-04
28                                     2.3877673085530311e-03
29                                    -1.7960509064980045e-03
30                                     6.8502927902089100e-04
31                                    -2.7752117425745861e-03
32                                    -6.5726950496689917e-04
33                                     4.8711412743260556e-04
34                                    -1.3048004921473481e-05
35                                    -2.1075864293240210e-04
36                                     7.9208845706182744e-04
37                                     5.7822682098956218e-05
38                                     1.6051698383616898e-03
39                                     2.5769109288055394e-04
40                                     9.2714146340109932e-05
41                                    -1.9236053840972783e-04
42                                    -7.3763159568393630e-04
43                                     2.2993938835097591e-03
44                                    -1.6418737295403000e-03
45                                    -9.0490656756840647e-04
46                                    -3.2230949849926087e-04
47                                     1.2043887489016612e-03
48                                    -8.3404952883950681e-04
49                                    -2.4445139668234932e-04
50                                     1.7590483032130813e-05
51                                    -8.4628942104990269e-04
52                                    -1.3030856804521836e-03
53                                     1.0330117963695301e-03
54                                    -1.2071060365525560e-03
55                                     2.8937396495806200e-03
56                                     1.3051099084144505e-03
57                                     5.9682994307107176e-04
58                                    -4.2897996859029858e-06
59                                    -2.1663629725361609e-04
60                                    -1.0354540792123540e-03
61                                     2.1412924313303550e-03
62                                     4.0379414535865970e-04
63                                    -1.3336477020758339e-04
64                                    -3.5214184089257447e-04
65                                     4.4615590171661045e-06
66                                    -1.2448031734642122e-04
67                                     1.9394112594467872e-04
68                                     2.2728685327392864e-04
69                                    -1.8897642714809835e-04
70                                     1.5484118301138002e-04
71                                     2.2266401567518846e-04
72                                     1.6673257967331136e-04
73                                     3.2432760041646201e-04
74                                    -5.4334223015478086e-05
75                                     3.5933814486013220e-04
76                                     1.2860707414029431e-04
77                                     4.9080481130741541e-04
78                                     2.2891104837296112e-04
79                                    -3.2115629460122369e-04
80                                    -2.0579963931870404e-04
81                                     6.0075557482264328e-04
82                                     9.4501130436874526e-05
83                                    -1.0581133787433664e-04
84                                     5.2579512262148481e-04
85                                     7.9466318519518246e-04
86                                     4.1060148171921830e-04
87                                    -2.9897487712363514e-04
88                                    -7.5904086065052047e-04
89                                     4.4451631786614546e-05
90                                     4.9844404896349785e-05
91                                     9.2857650011757780e-05
92                                     1.7650674474168238e-04
93                                    -3.8834876393750676e-05
94                                     4.7013752586132728e-05
95                                    -4.4022480805380623e-06
96                                    -5.4856379338032941e-05
97                                     1.8331853712980545e-04
98                                     1.0651068665671663e-05
99                                     8.2298100273085452e-05
100                                    2.1936521866026544e-04
101                                    9.6492444248810343e-05
   &Method [&Type "String"] "SCF"
   &Level [&Type "String"] "Relaxed density"
   &Mult [&Type "Integer"] 1
   &State [&Type "Integer"] 0
   &Irrep [&Type "Integer"] 0
$End
$Geometry
   &GeometryIndex 9
   &NAtoms [&Type "Integer"] 34
   &NCorelessECP [&Type "Integer"] 0
   &NGhostAtoms [&Type "Integer"] 0
   &CartesianCoordinates [&Type "Coordinates", &Dim(34,4), &Units "Bohr"] 
              P      6.206449860362   -3.016162148710    0.356834671973
              O      0.658021057769    2.177930748819   -2.298316410574
              O      1.049237491137    7.677099410073   -0.555775047277
              O     -3.152749647774    5.747831817675    1.817975605821
              O      5.042703965372   -0.450217300403   -0.874557915656
              O     -6.333274051353    1.911861646717    0.695380475063
              O      6.943497294965   -4.611200648215   -1.840175705997
              O      4.484356094124   -3.982333953268    2.363213707422
              O      8.702351174957   -1.993825298500    1.822695874491
              N     -2.737983332333   -0.052407295208   -0.529562198270
              N     -6.318001023502   -2.370087053950    0.746934253212
              N     -6.185071848196   -6.672276476971    0.882708175686
              C      1.317817766743    5.362113217415    0.722281608162
              C     -1.199533591313    4.053291232120    1.307730293161
              C      2.637557445701    3.349581707315   -0.857514063950
              C     -1.659715578022    2.451372049061   -1.078043425760
              C      4.057013405358    1.443258640195    0.730428371632
              C     -1.389235677596   -2.199380816894   -0.803979674381
              C     -5.221183214822   -0.122134236355    0.337079457749
              C     -2.432597018974   -4.476637840491   -0.317526215037
              C     -5.008513832736   -4.487701600977    0.444630155537
              H      2.361061924312    5.779900470327    2.449450774387
              H     -0.888164491063    2.760615987133    2.902391167687
              H      3.923192772178    4.214405940284   -2.218527975432
              H     -3.006245635006    3.407157938031   -2.323464497044
              H      2.824848161014    0.592241724192    2.158292077173
              H      5.591457864202    2.429438923300    1.713249492134
              H      0.100362358855    7.417724434435   -2.087295714907
              H     -4.684928131127    4.743441791105    1.559157396032
              H      0.540243097331   -1.975352020985   -1.439252197917
              H     -1.358550129991   -6.200235249412   -0.524625163771
              H     -5.285158005446   -8.330806108507    0.680570300299
              H     -8.007297467634   -6.668491160502    1.422509877691
              H     10.008427805573   -1.523235464993    0.642873654935
$End
$SCF_Energy
   &GeometryIndex 9
   &Method [&Type "String"] "SCF"
   &totalEnergy [&Type "ArrayOfDoubles", &Dim (1,1)] "Total energy of each state"
                                                         0

0                                     -1.4576555734897913e+03
   &Mult [&Type "ArrayOfIntegers", &Dim (1,1)] "Multiplicity of each state"
                                                         0

0                                                        1
$End
$DFT_Energy
   &GeometryIndex 9
   &nAlphaEl [&Type "Integer"] 83
   &nBetaEl [&Type "Integer"] 83
   &nTotalEl [&Type "Integer"] 167
   &finalEn [&Type "Double"]      -1.4576555734897913e+03  "No Van der Waals correction"
   &eExchange [&Type "Double"]      -1.2001434769397406e+02
   &eCorr [&Type "Double"]      -5.8388529943095051e+00
   &eXC [&Type "Double"]      -1.2585320068828356e+02
   &eCNL [&Type "Double"]       0.0000000000000000e+00
$End
$Solvation_Details
   &GeometryIndex 9
   &Solvent [&Type "String"] "WATER"
   &Epsilon [&Type "Double"]       8.0150999999999996e+01
   &Refrac [&Type "Double"]       1.3328000000000000e+00
   &RSolv [&Type "Double"]       1.3000000000000000e+00
   &SurfaceType [&Type "String"] "GAUSSIAN VDW"
   &CPCMDielEnergy [&Type "Double"]      -1.3590659399999999e-01
   &NPoints [&Type "Integer"] 2770
   &SurfaceArea [&Type "Double"]       1.1066785790550000e+03
$End
$SCF_Timings
   &GeometryIndex 9
   &TOTAL [&Type "Double"]       7.6298631000000000e+01
   &PREP [&Type "Double"]       8.5550799999999994e-01
   &FOCK [&Type "Double"]       6.9579245000000000e+01
   &DENS [&Type "Double"]       1.8066600000000932e-01
   &ETOT [&Type "Double"]       1.0587900000000516e-01
   &TRAFO [&Type "Double"]       2.8821999999999370e-01
   &DIIS [&Type "Double"]       1.2862010000000019e+00
   &SOSCF [&Type "Double"]       1.0276199999999971e+00
   &XC [&Type "Double"]       7.2408859999999988e+00
   &FOCKSTART [&Type "Double"]       3.3460000000004153e-02
   &SOLV [&Type "Double"]       6.8975829999999956e+00
   &SOLV_INIT [&Type "Double"]       2.4108699999999994e-01
   &SOLV_FINAL [&Type "Double"]       9.9999999747524271e-07
   &INT_PREP [&Type "Double"]       2.0000000091613401e-06
   &INT_BF [&Type "Double"]       1.3726530000000832e+00
   &INT_DENS [&Type "Double"]       2.0167970000000990e+00
   &INT_DENSIO [&Type "Double"]       1.2445357789400019e+05
   &INT_FUNC [&Type "Double"]       8.3576000000086026e-02
   &INT_POT [&Type "Double"]       1.4250130000001304e+00
   &INT_POTIO [&Type "Double"]       1.4185999999882348e-02
   &INT_SUM [&Type "Double"]       8.5699999999455656e-04
   &SPLITRIJ [&Type "Double"]       5.6714789999999953e+00
   &COSX [&Type "Double"]       5.3314313999999996e+01
$End
$VdW_Correction
   &GeometryIndex 9
   &vdW [&Type "Double"]      -3.9495001347181764e-02
$End
$Single_Point_Data
   &GeometryIndex 9
   &FinalEnergy [&Type "Double"]      -1.4576950684911385e+03  "Final single point energy"
   &Converged [&Type "Boolean"] true
$End
$SCF_Nuc_Gradient
   &GeometryIndex 9
   &NAtoms [&Type "Integer"] 34
   &gradNorm [&Type "Double"]       5.6071780685379834e-03
   &grad [&Type "ArrayOfDoubles", &Dim (102,1)] 
                                                         0

0                                      3.6451715390505273e-04
1                                      1.2091865595610630e-03
2                                     -5.3085940234131332e-04
3                                     -4.2167750691105725e-05
4                                     -1.1409199473784151e-03
5                                      3.2986416580082134e-04
6                                     -6.9402691392962017e-04
7                                      3.5775950599140684e-04
8                                     -1.0082114413997375e-04
9                                      6.0887949237163098e-04
10                                     3.8558330829362256e-04
11                                     1.0025926285997704e-03
12                                    -2.0479151937286737e-04
13                                     4.6893095850882542e-04
14                                     2.8057329114202900e-04
15                                     3.6161092185981223e-04
16                                    -8.5071472098540335e-04
17                                     1.9053100967321017e-04
18                                     2.1766199209880254e-04
19                                    -1.1637405185694906e-03
20                                    -9.3667855045274819e-04
21                                    -1.4247228881036460e-03
22                                    -8.2984069184962824e-04
23                                     8.7576435810378871e-04
24                                     1.4191014478450274e-03
25                                     1.1089139358317132e-04
26                                     7.4450160595058632e-04
27                                    -5.5920635214375515e-04
28                                     1.7665646593281891e-04
29                                    -1.1335744996500384e-03
30                                     9.8392559731493565e-04
31                                    -7.3909920985780649e-04
32                                    -4.8577579491423294e-04
33                                     1.0453481536155205e-03
34                                     5.2291451558880817e-04
35                                    -3.0367223292364760e-04
36                                     6.8866424385692756e-04
37                                    -5.1170058346309080e-05
38                                     1.7981084182875552e-04
39                                    -2.8987402234128396e-04
40                                     2.3892336897564571e-04
41                                    -1.4696886734708527e-04
42                                    -2.9554172427614499e-04
43                                     5.0409329275528415e-04
44                                    -6.7156156570049089e-04
45                                    -4.4991050054089528e-04
46                                    -1.3553994091046207e-04
47                                     1.0051754588465930e-03
48                                    -7.4663279403148087e-04
49                                    -2.5494712607285609e-04
50                                    -6.9633901905603586e-04
51                                    -1.2143175774609210e-03
52                                     1.1341680065772081e-04
53                                     9.4403063255762553e-04
54                                     7.1194062635106497e-04
55                                     4.7040960604639837e-04
56                                     3.8073739863492621e-05
57                                     5.8541247081572983e-05
58                                    -1.2837495626376061e-04
59                                    -2.5479119611107136e-05
60                                    -1.1426838173742560e-03
61                                     5.9376725227580608e-04
62                                     3.1654404087158919e-04
63                                    -1.0349289220581456e-04
64                                    -2.2824662580546976e-04
65                                    -2.1745577240993899e-04
66                                     1.4380508580574242e-04
67                                    -6.8693668747589628e-05
68                                     9.0738669377368568e-05
69                                    -1.9695594131995022e-04
70                                     1.8320887445805241e-04
71                                     2.4106017804519973e-04
72                                     2.6658010191129997e-04
73                                     2.8218861589514527e-04
74                                    -2.8276137287385140e-05
75                                     3.7950585207825098e-05
76                                     1.5050212030259997e-04
77                                     1.8348934400270415e-04
78                                     1.9771522390268318e-04
79                                     1.6869393366461609e-04
80                                    -8.6522093529244838e-05
81                                     5.6123906995218938e-04
82                                    -7.1621853803653304e-05
83                                     7.9748154243621479e-05
84                                    -2.9017879416684859e-04
85                                    -5.2236448331317343e-04
86                                    -1.1028207769738041e-03
87                                     1.6549900477999519e-04
88                                    -3.8007018656669226e-04
89                                    -9.3000393716498623e-05
90                                    -4.7517551035228746e-06
91                                     7.0950884926529017e-05
92                                     1.4669617830612001e-04
93                                    -1.5406291581868700e-04
94                                     3.0890369110144736e-04
95                                     4.0270913806001021e-06
96                                     1.8285668034677182e-04
97                                     1.8846106507434241e-04
98                                    -3.1696035960860737e-05
99                                    -2.0251851772198437e-04
100                                    5.9901795907024540e-05
101                                   -6.1719976537255542e-05
   &Method [&Type "String"] "SCF"
   &Level [&Type "String"] "Relaxed density"
   &Mult [&Type "Integer"] 1
   &State [&Type "Integer"] 0
   &Irrep [&Type "Integer"] 0
$End
$Geometry
   &GeometryIndex 10
   &NAtoms [&Type "Integer"] 34
   &NCorelessECP [&Type "Integer"] 0
   &NGhostAtoms [&Type "Integer"] 0
   &CartesianCoordinates [&Type "Coordinates", &Dim(34,4), &Units "Bohr"] 
              P      6.198335103833   -3.022880186957    0.369660831576
              O      0.655970087359    2.195623535248   -2.306712241292
              O      1.063987500418    7.676764348751   -0.576519217612
              O     -3.149612588136    5.773029035685    1.807596873620
              O      5.021998045768   -0.465073300662   -0.862753519153
              O     -6.324375036595    1.913740484356    0.693973343650
              O      6.936217253052   -4.619267304108   -1.822375744004
              O      4.500358200604   -3.989586801288    2.391489013221
              O      8.694244669281   -1.982285521154    1.816974746257
              N     -2.725843619697   -0.050936097604   -0.522477676509
              N     -6.300027104645   -2.369610604358    0.767645882739
              N     -6.164803416194   -6.674104105931    0.897368918073
              C      1.321993713216    5.367817837847    0.712964426148
              C     -1.200343752633    4.069033548801    1.301389760209
              C      2.638537448704    3.340255403503   -0.849604931562
              C     -1.659484479211    2.457633588947   -1.081130496582
              C      4.029664520414    1.421512265956    0.745530179373
              C     -1.382430422171   -2.194580774504   -0.832515730091
              C     -5.209064558474   -0.122444073640    0.343247974424
              C     -2.427101311466   -4.475002295305   -0.354531133487
              C     -4.992659045633   -4.489203112076    0.444326772288
              H      2.364675772508    5.794576391020    2.439091538960
              H     -0.892359886454    2.781731689331    2.900332350015
              H      3.943182992148    4.191191230357   -2.202148575434
              H     -3.016798101650    3.401472186503   -2.323251610062
              H      2.775013808268    0.565905889837    2.150768699934
              H      5.554605783640    2.395631584563    1.754105393643
              H      0.081573194341    7.419629751021   -2.087834629761
              H     -4.683557752269    4.761866851741    1.595948442855
              H      0.540173004710   -1.963235623862   -1.485434073713
              H     -1.360063882221   -6.199302822460   -0.591511669243
              H     -5.267433864678   -8.332864735265    0.682903271936
              H     -7.979428909157   -6.671353177824    1.462562881640
              H      9.995253496081   -1.518902082609    0.628691132219
$End
$SCF_Energy
   &GeometryIndex 10
   &Method [&Type "String"] "SCF"
   &totalEnergy [&Type "ArrayOfDoubles", &Dim (1,1)] "Total energy of each state"
                                                         0

0                                     -1.4576556821507238e+03
   &Mult [&Type "ArrayOfIntegers", &Dim (1,1)] "Multiplicity of each state"
                                                         0

0                                                        1
$End
$DFT_Energy
   &GeometryIndex 10
   &nAlphaEl [&Type "Integer"] 83
   &nBetaEl [&Type "Integer"] 83
   &nTotalEl [&Type "Integer"] 167
   &finalEn [&Type "Double"]      -1.4576556821507238e+03  "No Van der Waals correction"
   &eExchange [&Type "Double"]      -1.2001449543425448e+02
   &eCorr [&Type "Double"]      -5.8389078084401795e+00
   &eXC [&Type "Double"]      -1.2585340324269467e+02
   &eCNL [&Type "Double"]       0.0000000000000000e+00
$End
$Solvation_Details
   &GeometryIndex 10
   &Solvent [&Type "String"] "WATER"
   &Epsilon [&Type "Double"]       8.0150999999999996e+01
   &Refrac [&Type "Double"]       1.3328000000000000e+00
   &RSolv [&Type "Double"]       1.3000000000000000e+00
   &SurfaceType [&Type "String"] "GAUSSIAN VDW"
   &CPCMDielEnergy [&Type "Double"]      -1.3573432099999999e-01
   &NPoints [&Type "Integer"] 2771
   &SurfaceArea [&Type "Double"]       1.1061733125000001e+03
$End
$SCF_Timings
   &GeometryIndex 10
   &TOTAL [&Type "Double"]       7.8919803000000002e+01
   &PREP [&Type "Double"]       8.7957799999999997e-01
   &FOCK [&Type "Double"]       7.2452042000000006e+01
   &DENS [&Type "Double"]       1.8889500000000226e-01
   &ETOT [&Type "Double"]       1.0562299999999780e-01
   &POP [&Type "Double"]       1.0000000116860974e-06
   &TRAFO [&Type "Double"]       4.5368399999999731e-01
   &DIIS [&Type "Double"]       1.6119499999999984e+00
   &SOSCF [&Type "Double"]       9.6990600000000526e-01
   &XC [&Type "Double"]       7.3954579999999854e+00
   &FOCKSTART [&Type "Double"]       3.4969000000005690e-02
   &SOLV [&Type "Double"]       6.9443199999999923e+00
   &SOLV_INIT [&Type "Double"]       2.6276100000000002e-01
   &INT_PREP [&Type "Double"]       1.9999999949504854e-06
   &INT_BF [&Type "Double"]       1.3621070000000586e+00
   &INT_DENS [&Type "Double"]       2.1011649999998845e+00
   &INT_DENSIO [&Type "Double"]       1.4970972446900018e+05
   &INT_FUNC [&Type "Double"]       7.8071000000070612e-02
   &INT_POT [&Type "Double"]       1.3142350000000267e+00
   &INT_POTIO [&Type "Double"]       1.4051000000028679e-02
   &INT_SUM [&Type "Double"]       6.4699999999895397e-04
   &SPLITRIJ [&Type "Double"]       6.0006489999999957e+00
   &COSX [&Type "Double"]       5.5108150000000009e+01
$End
$VdW_Correction
   &GeometryIndex 10
   &vdW [&Type "Double"]      -3.9511843363443128e-02
$End
$Single_Point_Data
   &GeometryIndex 10
   &FinalEnergy [&Type "Double"]      -1.4576951939940873e+03  "Final single point energy"
   &Converged [&Type "Boolean"] true
$End
$SCF_Nuc_Gradient
   &GeometryIndex 10
   &NAtoms [&Type "Integer"] 34
   &gradNorm [&Type "Double"]       4.2166927043456428e-03
   &grad [&Type "ArrayOfDoubles", &Dim (102,1)] 
                                                         0

0                                     -1.0015168097589405e-03
1                                      3.1347425591602595e-04
2                                     -7.3440617056532136e-04
3                                     -2.4688574938814173e-05
4                                     -4.5994139159715917e-04
5                                      5.9024705712614422e-04
6                                     -3.0703355873259975e-04
7                                      5.1996709660710391e-04
8                                      5.5076950663246645e-04
9                                     -4.8267887220277528e-05
10                                     1.1091945798750705e-03
11                                     1.0266193650779732e-03
12                                     1.5369869256060432e-04
13                                     4.0134879246349819e-04
14                                     3.1509590526889825e-04
15                                    -4.0195369920528783e-04
16                                     4.8089389003943444e-04
17                                     1.3961363042431374e-04
18                                     1.8883079645655513e-04
19                                    -8.3634152781318134e-05
20                                     5.6153411160272905e-04
21                                     3.9320918717863213e-04
22                                    -2.0780266107712272e-04
23                                    -1.0330611599072655e-04
24                                     2.0004034863419428e-04
25                                    -2.4330623179393831e-04
26                                     2.9564833771517080e-04
27                                    -4.9114031848688188e-04
28                                    -9.6019085731798807e-04
29                                    -4.5218920535437422e-04
30                                     4.3274511231117089e-04
31                                     6.4107612548030385e-04
32                                    -5.7119659041678801e-05
33                                     4.8231173555732905e-04
34                                     2.6376414132454592e-04
35                                    -1.0357089724786086e-04
36                                     3.6777043471099996e-04
37                                    -7.1324618888113009e-05
38                                    -1.1862070567251837e-03
39                                    -1.7585362052181087e-04
40                                    -7.0395353221074141e-06
41                                    -3.3187150227031423e-05
42                                    -6.6655777655701056e-05
43                                    -8.9088458398524665e-04
44                                     1.3421936696439315e-04
45                                    -2.5129969063085591e-05
46                                    -3.2600916916945464e-04
47                                     5.0869383283096126e-04
48                                     7.1407158187177769e-05
49                                    -1.8322678017978919e-04
50                                    -5.7757903143297465e-04
51                                    -3.4740799089036053e-04
52                                     9.4828817727765115e-04
53                                     4.6392543742937209e-04
54                                     1.1870294468531060e-03
55                                    -7.2247099064522255e-04
56                                    -8.2067971798329309e-04
57                                    -8.5024059913913408e-05
58                                    -2.0618265024825928e-04
59                                    -2.1662117737485536e-05
60                                    -5.5672584553923053e-04
61                                    -4.6738698734231243e-04
62                                     1.7773835728244393e-04
63                                     8.8887063697715889e-05
64                                     1.5788713364153697e-05
65                                    -1.9108895945075201e-04
66                                     2.6597670621090764e-04
67                                    -6.2440631826728935e-05
68                                    -2.0626220286992168e-05
69                                    -5.8149818924309728e-05
70                                     1.9954039131919230e-04
71                                     9.8797878220770245e-05
72                                     2.6208241595298079e-05
73                                     1.3463100971262848e-04
74                                     1.5173488161073382e-04
75                                    -1.5648899642477305e-04
76                                     1.4993786886132398e-04
77                                    -4.5859516927188645e-06
78                                     1.6134350037259410e-05
79                                     2.6432153361127629e-04
80                                    -2.6992003481138082e-05
81                                     3.1269802103473584e-04
82                                    -1.8819822489196756e-04
83                                    -6.6777669752323765e-05
84                                    -4.0166313299604074e-04
85                                    -5.6700535244777939e-04
86                                    -4.6641576539887002e-04
87                                     1.2013217626458505e-04
88                                    -9.6785466368745166e-05
89                                    -2.9575850403272297e-05
90                                    -1.7377999607042559e-05
91                                     3.0209830536807332e-05
92                                     4.9056270127014120e-05
93                                    -9.5495394171414116e-05
94                                     1.8576629372163249e-04
95                                    -1.6675853962313547e-05
96                                     1.1642172891754780e-04
97                                     6.5677058370112076e-05
98                                    -1.4803385812689577e-06
99                                    -1.6292782261878220e-04
100                                    1.9950559342653606e-05
101                                   -1.4956819224964360e-04
   &Method [&Type "String"] "SCF"
   &Level [&Type "String"] "Relaxed density"
   &Mult [&Type "Integer"] 1
   &State [&Type "Integer"] 0
   &Irrep [&Type "Integer"] 0
$End
$Geometry
   &GeometryIndex 11
   &NAtoms [&Type "Integer"] 34
   &NCorelessECP [&Type "Integer"] 0
   &NGhostAtoms [&Type "Integer"] 0
   &CartesianCoordinates [&Type "Coordinates", &Dim(34,4), &Units "Bohr"] 
              P      6.184036048647   -3.038489973833    0.401221410838
              O      0.656214601787    2.229410436008   -2.322609614438
              O      1.100777853198    7.678717319179   -0.585517233488
              O     -3.157084400635    5.826813721338    1.745195756044
              O      4.985462265345   -0.493237523619   -0.833295676957
              O     -6.294055364162    1.908588853124    0.762009882505
              O      6.888720273727   -4.649417580359   -1.789418012989
              O      4.524531039228   -3.987190132243    2.460636729731
              O      8.699874415351   -1.977203857136    1.794064865128
              N     -2.708771494343   -0.043498300014   -0.520890509914
              N     -6.254759730220   -2.375564049197    0.832722570699
              N     -6.114818450924   -6.682162872974    0.927838533662
              C      1.322188979768    5.373332545702    0.716019055869
              C     -1.218187513325    4.100332940968    1.278798301937
              C      2.636472880471    3.330847953172   -0.828246793529
              C     -1.661969942639    2.472904285489   -1.098565505111
              C      3.980017345573    1.385394498367    0.777048748365
              C     -1.378729403527   -2.184537073443   -0.903252333422
              C     -5.177517929589   -0.125037047826    0.390214628533
              C     -2.415201024052   -4.470027338485   -0.425508615092
              C     -4.954849728536   -4.493171533749    0.454078225046
              H      2.351057659348    5.797818492007    2.451885207338
              H     -0.943957858462    2.825371008095    2.892920665870
              H      3.973608036821    4.165393387610   -2.159611576456
              H     -3.028466283785    3.395948128368   -2.346221574755
              H      2.693908170649    0.524115582836    2.149704336334
              H      5.493342931671    2.336580736322    1.823191465049
              H      0.078433465187    7.438322258395   -2.073510877813
              H     -4.693574384125    4.815909542537    1.559073694639
              H      0.524446283691   -1.943238925744   -1.606391442774
              H     -1.360032803120   -6.193000911775   -0.720032751942
              H     -5.223748876044   -8.340059432125    0.677479242881
              H     -7.911722457472   -6.684048881709    1.548031227272
              H      9.984752257559   -1.539133251428    0.578709155217
$End
$SCF_Energy
   &GeometryIndex 11
   &Method [&Type "String"] "SCF"
   &totalEnergy [&Type "ArrayOfDoubles", &Dim (1,1)] "Total energy of each state"
                                                         0

0                                     -1.4576557846123774e+03
   &Mult [&Type "ArrayOfIntegers", &Dim (1,1)] "Multiplicity of each state"
                                                         0

0                                                        1
$End
$DFT_Energy
   &GeometryIndex 11
   &nAlphaEl [&Type "Integer"] 84
   &nBetaEl [&Type "Integer"] 84
   &nTotalEl [&Type "Integer"] 168
   &finalEn [&Type "Double"]      -1.4576557846123774e+03  "No Van der Waals correction"
   &eExchange [&Type "Double"]      -1.2001244539587307e+02
   &eCorr [&Type "Double"]      -5.8387476233274240e+00
   &eXC [&Type "Double"]      -1.2585119301920049e+02
   &eCNL [&Type "Double"]       0.0000000000000000e+00
$End
$Solvation_Details
   &GeometryIndex 11
   &Solvent [&Type "String"] "WATER"
   &Epsilon [&Type "Double"]       8.0150999999999996e+01
   &Refrac [&Type "Double"]       1.3328000000000000e+00
   &RSolv [&Type "Double"]       1.3000000000000000e+00
   &SurfaceType [&Type "String"] "GAUSSIAN VDW"
   &CPCMDielEnergy [&Type "Double"]      -1.3554377100000001e-01
   &NPoints [&Type "Integer"] 2765
   &SurfaceArea [&Type "Double"]       1.1063644158310001e+03
$End
$SCF_Timings
   &GeometryIndex 11
   &TOTAL [&Type "Double"]       7.9036960000000008e+01
   &PREP [&Type "Double"]       8.6291899999999999e-01
   &FOCK [&Type "Double"]       7.2913747999999998e+01
   &DENS [&Type "Double"]       1.8369599999999053e-01
   &ETOT [&Type "Double"]       1.0896799999999196e-01
   &POP [&Type "Double"]       1.0000000116860974e-06
   &TRAFO [&Type "Double"]       4.4694899999999116e-01
   &DIIS [&Type "Double"]       1.0738399999999952e+00
   &SOSCF [&Type "Double"]       7.8174100000000379e-01
   &XC [&Type "Double"]       7.8757189999999957e+00
   &FOCKSTART [&Type "Double"]       3.5690999999985484e-02
   &SOLV [&Type "Double"]       7.1321290000000079e+00
   &SOLV_INIT [&Type "Double"]       2.2608899999999998e-01
   &INT_PREP [&Type "Double"]       3.9999999961182198e-06
   &INT_BF [&Type "Double"]       1.1100350000000168e+00
   &INT_DENS [&Type "Double"]       1.6248229999999602e+00
   &INT_DENSIO [&Type "Double"]       1.4516368317300026e+05
   &INT_FUNC [&Type "Double"]       6.7675999999876169e-02
   &INT_POT [&Type "Double"]       1.0877380000000114e+00
   &INT_POTIO [&Type "Double"]       1.3184000000218354e-02
   &INT_SUM [&Type "Double"]       2.2180000000151523e-03
   &SPLITRIJ [&Type "Double"]       5.7569799999999987e+00
   &COSX [&Type "Double"]       5.5371983000000007e+01
$End
$VdW_Correction
   &GeometryIndex 11
   &vdW [&Type "Double"]      -3.9521735132353228e-02
$End
$Single_Point_Data
   &GeometryIndex 11
   &FinalEnergy [&Type "Double"]      -1.4576953063475098e+03  "Final single point energy"
   &Converged [&Type "Boolean"] true
$End
$SCF_Nuc_Gradient
   &GeometryIndex 11
   &NAtoms [&Type "Integer"] 34
   &gradNorm [&Type "Double"]       5.3630333200978698e-03
   &grad [&Type "ArrayOfDoubles", &Dim (102,1)] 
                                                         0

0                                     -1.2348230614878473e-03
1                                     -3.9795641798604355e-04
2                                     -4.1188127390468041e-04
3                                      2.4451328106929731e-04
4                                      9.7923856860680951e-05
5                                      4.0396806877767468e-04
6                                      4.6703587313400567e-05
7                                      2.8319526422894903e-04
8                                      8.1544473600652430e-04
9                                     -4.7472862078182530e-05
10                                     7.9025659482483059e-04
11                                     1.1449639222838733e-03
12                                     7.0577871005928004e-04
13                                     5.1869225105189847e-05
14                                     3.0612887822605180e-04
15                                    -1.0442484535052613e-03
16                                     1.5608526904047483e-03
17                                     3.7320523580958691e-04
18                                    -6.6227963488967159e-05
19                                     6.0980752504741600e-04
20                                     1.0779705266524577e-03
21                                     1.1908116869224241e-03
22                                     2.5450870739001757e-04
23                                    -7.4647041214180013e-04
24                                    -6.1036510776711346e-04
25                                    -2.1376352064752900e-04
26                                     6.4871129225743831e-05
27                                    -3.1777913020483841e-04
28                                    -9.1212600868585832e-04
29                                     1.6856469696770738e-05
30                                    -4.4046977081447765e-04
31                                     1.2901813911418778e-03
32                                     2.4651206444686267e-04
33                                    -2.9991277115887059e-04
34                                    -1.0398204561761602e-04
35                                     1.5155458809260815e-04
36                                    -1.1805437095604570e-04
37                                    -2.3627198348641354e-05
38                                    -1.4719857676281152e-03
39                                    -1.8579836292269682e-04
40                                     6.4360591982875657e-05
41                                    -2.1898333276420057e-04
42                                    -1.9570617191928862e-04
43                                    -1.1000407320500834e-03
44                                     4.3769390115702992e-04
45                                     8.8385433600843234e-05
46                                    -7.7405853741826863e-05
47                                    -2.6141782952075033e-05
48                                     6.4751099308965371e-04
49                                    -1.9798360131343095e-04
50                                     1.7110988585034408e-05
51                                     7.0973857328970468e-04
52                                     8.4573063692930991e-04
53                                    -1.5848190319800502e-04
54                                     1.2007495930455841e-03
55                                    -1.8073825513925824e-03
56                                    -7.8116388285793940e-04
57                                    -1.0389820008474489e-04
58                                    -1.2218864391021341e-04
59                                    -1.7452458860687580e-05
60                                     2.6691823143618900e-04
61                                    -8.4593694200645205e-04
62                                    -6.6978018444678613e-05
63                                     2.4963103069627760e-04
64                                     1.9350598070358595e-04
65                                    -2.5284978682953225e-05
66                                     2.3217494633435173e-04
67                                     9.7293785023022992e-05
68                                    -1.3195475109262775e-05
69                                     5.7549707176266575e-05
70                                     1.5140834952046694e-04
71                                    -7.4568319263007072e-05
72                                    -2.5181284533644263e-04
73                                     1.9981451840966265e-05
74                                     2.0578268887187112e-04
75                                    -1.4881679438719168e-04
76                                     5.2988545844955974e-05
77                                    -7.3338187670384165e-05
78                                    -1.0530236254795706e-04
79                                     1.1151046560533530e-04
80                                    -6.9557494671537183e-05
81                                     5.0289612799590476e-05
82                                    -1.7536695972877265e-04
83                                    -2.6200281388201983e-04
84                                    -3.4331572418370873e-04
85                                    -3.7649810719876989e-04
86                                    -6.0468595307206104e-04
87                                    -3.0694016553232405e-05
88                                     6.9200100011143330e-05
89                                     4.4725512042565564e-05
90                                    -2.6162747940960544e-05
91                                    -1.4665181266328522e-05
92                                    -1.8929409793082431e-05
93                                     1.1266163580564916e-05
94                                    -8.5535150089066121e-05
95                                    -4.1328973245143915e-05
96                                    -5.1464196079236730e-05
97                                    -6.5252642373326289e-05
98                                     4.2696526375514376e-05
99                                    -7.9696672943172490e-05
100                                   -2.4863568042069615e-05
101                                   -2.6705479567746339e-04
   &Method [&Type "String"] "SCF"
   &Level [&Type "String"] "Relaxed density"
   &Mult [&Type "Integer"] 1
   &State [&Type "Integer"] 0
   &Irrep [&Type "Integer"] 0
$End
$Geometry
   &GeometryIndex 12
   &NAtoms [&Type "Integer"] 34
   &NCorelessECP [&Type "Integer"] 0
   &NGhostAtoms [&Type "Integer"] 0
   &CartesianCoordinates [&Type "Coordinates", &Dim(34,4), &Units "Bohr"] 
              P      6.134245279262   -3.068217033381    0.425132463556
              O      0.658962471238    2.275159330992   -2.347587617594
              O      1.137631531561    7.685442427138   -0.584317298817
              O     -3.164225526969    5.879451294090    1.676713789905
              O      4.921605810950   -0.530358513198   -0.812531792015
              O     -6.261692881702    1.900084313587    0.811768645349
              O      6.810220291578   -4.692239434803   -1.765694154692
              O      4.493747411033   -3.999116907985    2.508224563547
              O      8.664542130570   -1.997687318138    1.778905109794
              N     -2.685911549658   -0.027798206950   -0.532934471218
              N     -6.192293336757   -2.384124788661    0.889663572333
              N     -6.027216681198   -6.689740667000    0.970576219599
              C      1.321285495871    5.380389055719    0.724527654779
              C     -1.236610902281    4.131377655711    1.251732432295
              C      2.632950029957    3.329398725604   -0.809887780551
              C     -1.661953850134    2.496425514107   -1.125490372827
              C      3.917076271450    1.347756070635    0.800661115908
              C     -1.363018636781   -2.163509882577   -0.974189512369
              C     -5.138634290038   -0.125599379246    0.423857223009
              C     -2.379774911572   -4.455214530717   -0.485961079953
              C     -4.891996247705   -4.493407357743    0.468001219596
              H      2.332709633835    5.795397486142    2.472937770057
              H     -1.001496943976    2.865070908135    2.878295465489
              H      4.006266985992    4.148639204438   -2.113289088654
              H     -3.034918474565    3.401124529234   -2.379001318720
              H      2.597235493433    0.489172458807    2.142199281625
              H      5.426728349065    2.264253584721    1.882213396198
              H      0.076229906980    7.468509310065   -2.048266948883
              H     -4.703553979580    4.867829508738    1.546672350996
              H      0.520143802447   -1.909488732719   -1.724807591552
              H     -1.329666909713   -6.173238872298   -0.825146261228
              H     -5.133472660601   -8.342687928842    0.696215677352
              H     -7.805674521176   -6.702791440049    1.642028592986
              H      9.940928272240   -1.583477379698    0.546549928975
$End
$SCF_Energy
   &GeometryIndex 12
   &Method [&Type "String"] "SCF"
   &totalEnergy [&Type "ArrayOfDoubles", &Dim (1,1)] "Total energy of each state"
                                                         0

0                                     -1.4576557674418059e+03
   &Mult [&Type "ArrayOfIntegers", &Dim (1,1)] "Multiplicity of each state"
                                                         0

0                                                        1
$End
$DFT_Energy
   &GeometryIndex 12
   &nAlphaEl [&Type "Integer"] 84
   &nBetaEl [&Type "Integer"] 84
   &nTotalEl [&Type "Integer"] 168
   &finalEn [&Type "Double"]      -1.4576557674418059e+03  "No Van der Waals correction"
   &eExchange [&Type "Double"]      -1.2001207784338234e+02
   &eCorr [&Type "Double"]      -5.8388795471996744e+00
   &eXC [&Type "Double"]      -1.2585095739058201e+02
   &eCNL [&Type "Double"]       0.0000000000000000e+00
$End
$Solvation_Details
   &GeometryIndex 12
   &Solvent [&Type "String"] "WATER"
   &Epsilon [&Type "Double"]       8.0150999999999996e+01
   &Refrac [&Type "Double"]       1.3328000000000000e+00
   &RSolv [&Type "Double"]       1.3000000000000000e+00
   &SurfaceType [&Type "String"] "GAUSSIAN VDW"
   &CPCMDielEnergy [&Type "Double"]      -1.3511119199999999e-01
   &NPoints [&Type "Integer"] 2767
   &SurfaceArea [&Type "Double"]       1.1049410354260001e+03
$End
$SCF_Timings
   &GeometryIndex 12
   &TOTAL [&Type "Double"]       8.3910028000000011e+01
   &PREP [&Type "Double"]       8.6124899999999993e-01
   &FOCK [&Type "Double"]       7.5986796999999967e+01
   &DENS [&Type "Double"]       2.3161399999997911e-01
   &ETOT [&Type "Double"]       1.3134200000001250e-01
   &POP [&Type "Double"]       9.9999999747524271e-07
   &TRAFO [&Type "Double"]       6.2321700000000746e-01
   &DIIS [&Type "Double"]       2.0950180000000032e+00
   &SOSCF [&Type "Double"]       1.5242069999999988e+00
   &XC [&Type "Double"]       8.1566919999999943e+00
   &FOCKSTART [&Type "Double"]       3.7804999999990652e-02
   &SOLV [&Type "Double"]       8.2121560000000144e+00
   &SOLV_INIT [&Type "Double"]       2.4744900000000003e-01
   &INT_PREP [&Type "Double"]       4.0000000183226803e-06
   &INT_BF [&Type "Double"]       2.1248000000001710e+00
   &INT_DENS [&Type "Double"]       3.2543829999997662e+00
   &INT_DENSIO [&Type "Double"]       1.5657318081100029e+05
   &INT_FUNC [&Type "Double"]       1.1802700000017197e-01
   &INT_POT [&Type "Double"]       2.2215369999999321e+00
   &INT_POTIO [&Type "Double"]       2.0119000000054399e-02
   &INT_SUM [&Type "Double"]       7.6200000001058754e-04
   &SPLITRIJ [&Type "Double"]       6.0415249999999929e+00
   &COSX [&Type "Double"]       5.6681853999999994e+01
$End
$VdW_Correction
   &GeometryIndex 12
   &vdW [&Type "Double"]      -3.9619084150164220e-02
$End
$Single_Point_Data
   &GeometryIndex 12
   &FinalEnergy [&Type "Double"]      -1.4576953865259561e+03  "Final single point energy"
   &Converged [&Type "Boolean"] true
$End
$SCF_Nuc_Gradient
   &GeometryIndex 12
   &NAtoms [&Type "Integer"] 34
   &gradNorm [&Type "Double"]       4.2266445429825208e-03
   &grad [&Type "ArrayOfDoubles", &Dim (102,1)] 
                                                         0

0                                     -1.7666635864384305e-04
1                                     -3.0363965169718474e-04
2                                      3.0541288862888702e-04
3                                      2.9629637567635660e-04
4                                      1.5499499650279384e-04
5                                      1.3607967685781551e-04
6                                      1.7134631099674264e-04
7                                     -1.9631149283266672e-05
8                                      4.7628996173638901e-04
9                                     -5.6114288155440520e-05
10                                    -2.6892874735336126e-05
11                                     5.7930055991532422e-04
12                                     7.0982907516087810e-04
13                                    -2.7288903083167099e-04
14                                     1.6372045326354113e-04
15                                    -8.0957683139299243e-04
16                                     1.3325140872719346e-03
17                                     1.9776807622995678e-04
18                                    -2.2941821200402342e-04
19                                     5.8359954662074451e-04
20                                     6.4158154665710902e-04
21                                     7.6365596282564735e-04
22                                     3.2783219285247738e-04
23                                    -7.2921257949272683e-04
24                                    -1.0485961154869936e-03
25                                    -1.2734162924188004e-04
26                                    -2.7710619337356906e-04
27                                    -1.0296708598819885e-04
28                                     5.8485708922760928e-05
29                                     5.2923604645818971e-04
30                                    -8.2131040092845798e-04
31                                     9.1602849428933737e-04
32                                     4.6879525120598281e-04
33                                    -5.3077766489325337e-04
34                                    -7.6230155028882927e-05
35                                     2.5468058503181522e-04
36                                    -3.7540571367925056e-04
37                                    -1.1367586517082109e-05
38                                    -7.8105126031803172e-04
39                                     7.9070938339629535e-05
40                                     5.5278981609007479e-05
41                                    -4.1703228744931404e-04
42                                    -3.6213014347145607e-04
43                                    -5.0696515415831205e-04
44                                     4.9875906135698242e-04
45                                     3.0183871719556164e-04
46                                     2.6196647199458098e-04
47                                    -3.0356114714334757e-04
48                                     4.2191182174190284e-04
49                                    -1.1484504512287878e-04
50                                     3.7161537946659936e-04
51                                     9.9529352755001188e-04
52                                     8.9492048300048412e-05
53                                    -5.2866530313121327e-04
54                                     6.7628663167428494e-04
55                                    -1.5080708572550844e-03
56                                    -5.0943945761288279e-04
57                                    -9.3464116887725110e-06
58                                     1.5196884042402946e-04
59                                     8.8906778796976743e-05
60                                     6.4763699054678613e-04
61                                    -7.2683992230078648e-04
62                                    -3.5431297698851810e-04
63                                     2.0249298373976060e-04
64                                     2.1839657596571353e-04
65                                     5.6894447786649246e-05
66                                     1.8268490142862330e-04
67                                     1.8639098451205457e-04
68                                     1.2029317575770854e-04
69                                     1.0509957444424463e-04
70                                    -1.0855128511084305e-07
71                                    -1.5071985464676574e-04
72                                    -3.0816514332374762e-04
73                                    -1.0575307989975511e-04
74                                     9.1966316016535822e-05
75                                    -1.2456661907779982e-04
76                                    -6.4713730409418117e-05
77                                    -1.7132550336411431e-04
78                                    -7.2520894842370196e-05
79                                    -6.3112895011497520e-06
80                                    -9.6327811747627938e-05
81                                    -5.5468833077517857e-05
82                                    -4.7479485607500538e-05
83                                    -2.5678316099662560e-04
84                                    -1.7893107096272600e-04
85                                    -7.1915239546571196e-05
86                                    -2.1087961918949126e-04
87                                    -8.3441173662488256e-05
88                                     1.3362652861709907e-04
89                                     5.3021080261407891e-05
90                                    -4.1369906137928123e-05
91                                    -6.7168167682386142e-05
92                                    -4.4683142094017087e-05
93                                     4.7283345350952725e-05
94                                    -1.9846921414070842e-04
95                                    -1.9226347506167046e-05
96                                    -1.1838878811043357e-04
97                                    -1.3626178103091582e-04
98                                     4.6629609796154900e-05
99                                    -9.5565544534911178e-05
100                                   -7.7681835968701208e-05
101                                   -2.3062425652519043e-04
   &Method [&Type "String"] "SCF"
   &Level [&Type "String"] "Relaxed density"
   &Mult [&Type "Integer"] 1
   &State [&Type "Integer"] 0
   &Irrep [&Type "Integer"] 0
$End
$Geometry
   &GeometryIndex 13
   &NAtoms [&Type "Integer"] 34
   &NCorelessECP [&Type "Integer"] 0
   &NGhostAtoms [&Type "Integer"] 0
   &CartesianCoordinates [&Type "Coordinates", &Dim(34,4), &Units "Bohr"] 
              P      6.142692470748   -3.074174526751    0.431382964008
              O      0.657984194772    2.280716941348   -2.355167173604
              O      1.156132532543    7.681375151958   -0.568741296564
              O     -3.163968632898    5.900531542491    1.642679756344
              O      4.904933514956   -0.548570241370   -0.809741952547
              O     -6.255020047019    1.899715821966    0.831412057762
              O      6.820733167016   -4.700404163630   -1.758482977590
              O      4.513544097578   -4.008996593260    2.523175971447
              O      8.671536389101   -1.983567766879    1.773674568206
              N     -2.689468963756   -0.023495767052   -0.544712764147
              N     -6.182388897112   -2.383834206692    0.904813441409
              N     -6.012245546497   -6.688171706624    0.985053792520
              C      1.321028564357    5.370949005490    0.734022477440
              C     -1.247540319628    4.136192735743    1.240254084012
              C      2.630668900114    3.322598440594   -0.805657532155
              C     -1.665687620901    2.500913206163   -1.138289416599
              C      3.902178356405    1.331251181921    0.803365097773
              C     -1.370911720196   -2.159597501852   -0.997358807176
              C     -5.134665579445   -0.122979891273    0.433396777055
              C     -2.381015663306   -4.451613539802   -0.501201904466
              C     -4.884077395868   -4.490763610034    0.473553947169
              H      2.324116151469    5.772482345948    2.489817857966
              H     -1.037098954579    2.871175573531    2.870997533070
              H      4.011515140811    4.141279605137   -2.100692340446
              H     -3.033859100222    3.404670537107   -2.397184807779
              H      2.578606938838    0.474869021964    2.142461918604
              H      5.413574951767    2.239764971661    1.889599391718
              H      0.082313923388    7.481102672015   -2.025470748716
              H     -4.708686757409    4.896649239293    1.536636206109
              H      0.506475818704   -1.904923041887   -1.762585859428
              H     -1.332040624413   -6.168634572453   -0.848479965350
              H     -5.117958932833   -8.339725388371    0.706045427313
              H     -7.784996735705   -6.702756783934    1.670969523757
              H      9.943993242283   -1.567245688605    0.538225937159
$End
$SCF_Energy
   &GeometryIndex 13
   &Method [&Type "String"] "SCF"
   &totalEnergy [&Type "ArrayOfDoubles", &Dim (1,1)] "Total energy of each state"
                                                         0

0                                     -1.4576558138577052e+03
   &Mult [&Type "ArrayOfIntegers", &Dim (1,1)] "Multiplicity of each state"
                                                         0

0                                                        1
$End
$DFT_Energy
   &GeometryIndex 13
   &nAlphaEl [&Type "Integer"] 84
   &nBetaEl [&Type "Integer"] 84
   &nTotalEl [&Type "Integer"] 168
   &finalEn [&Type "Double"]      -1.4576558138577052e+03  "No Van der Waals correction"
   &eExchange [&Type "Double"]      -1.2001236660386465e+02
   &eCorr [&Type "Double"]      -5.8387864314080353e+00
   &eXC [&Type "Double"]      -1.2585115303527269e+02
   &eCNL [&Type "Double"]       0.0000000000000000e+00
$End
$Solvation_Details
   &GeometryIndex 13
   &Solvent [&Type "String"] "WATER"
   &Epsilon [&Type "Double"]       8.0150999999999996e+01
   &Refrac [&Type "Double"]       1.3328000000000000e+00
   &RSolv [&Type "Double"]       1.3000000000000000e+00
   &SurfaceType [&Type "String"] "GAUSSIAN VDW"
   &CPCMDielEnergy [&Type "Double"]      -1.3511275300000000e-01
   &NPoints [&Type "Integer"] 2770
   &SurfaceArea [&Type "Double"]       1.1059434007030000e+03
$End
$SCF_Timings
   &GeometryIndex 13
   &TOTAL [&Type "Double"]       7.0184066999999999e+01
   &PREP [&Type "Double"]       8.5884600000000000e-01
   &FOCK [&Type "Double"]       6.4484443000000013e+01
   &DENS [&Type "Double"]       1.3004300000000057e-01
   &ETOT [&Type "Double"]       8.4949999999993864e-02
   &TRAFO [&Type "Double"]       4.1718299999999608e-01
   &DIIS [&Type "Double"]       5.5827100000000129e-01
   &SOSCF [&Type "Double"]       8.5416000000000025e-01
   &XC [&Type "Double"]       5.9817410000000031e+00
   &FOCKSTART [&Type "Double"]       2.9135999999992501e-02
   &SOLV [&Type "Double"]       5.7080669999999945e+00
   &SOLV_INIT [&Type "Double"]       2.1857599999999999e-01
   &SOLV_FINAL [&Type "Double"]       1.0000000116860974e-06
   &INT_PREP [&Type "Double"]       3.0000000048602260e-06
   &INT_BF [&Type "Double"]       1.0469759999998907e+00
   &INT_DENS [&Type "Double"]       1.5705510000000817e+00
   &INT_DENSIO [&Type "Double"]       1.0335101275600017e+05
   &INT_FUNC [&Type "Double"]       6.1386000000043239e-02
   &INT_POT [&Type "Double"]       1.2018429999999629e+00
   &INT_POTIO [&Type "Double"]       9.7800000000116682e-03
   &INT_SUM [&Type "Double"]       1.3009999999997746e-03
   &SPLITRIJ [&Type "Double"]       4.3769889999999965e+00
   &COSX [&Type "Double"]       5.1861579999999996e+01
$End
$VdW_Correction
   &GeometryIndex 13
   &vdW [&Type "Double"]      -3.9602404868848085e-02
$End
$Single_Point_Data
   &GeometryIndex 13
   &FinalEnergy [&Type "Double"]      -1.4576954162625741e+03  "Final single point energy"
   &Converged [&Type "Boolean"] true
$End
$SCF_Nuc_Gradient
   &GeometryIndex 13
   &NAtoms [&Type "Integer"] 34
   &gradNorm [&Type "Double"]       2.2650064006687937e-03
   &grad [&Type "ArrayOfDoubles", &Dim (102,1)] 
                                                         0

0                                      2.4702689168060643e-04
1                                     -1.6705343379881297e-04
2                                      4.3927320551360018e-04
3                                      5.8428085795303306e-05
4                                     -6.6330522394164219e-06
5                                     -7.6250063806273724e-05
6                                     -7.8783297003398323e-06
7                                     -2.5799585794838531e-04
8                                      6.2753943716721929e-05
9                                      1.2461321786654198e-04
10                                    -4.1959384553553103e-04
11                                     1.6666091754479471e-04
12                                     4.2114401170985913e-04
13                                    -1.8363209585726503e-04
14                                     3.1215691254593244e-05
15                                    -2.5007004492411550e-04
16                                     3.7301791777290337e-04
17                                     3.5832743026868594e-05
18                                    -1.4646420694736345e-04
19                                     2.2218497037088759e-04
20                                     8.4654329291115229e-05
21                                     2.7840638703082940e-04
22                                     1.7346435261595032e-04
23                                    -2.8833743613000901e-04
24                                    -5.9440678792236268e-04
25                                    -4.0200837889462662e-05
26                                    -2.1785085198808754e-04
27                                    -7.2798930688554384e-05
28                                     3.9021701504412913e-04
29                                     3.4728472773299811e-04
30                                    -5.3840388273611621e-04
31                                     3.5607223140517906e-04
32                                     2.4148412631477592e-04
33                                    -2.6625415677478771e-04
34                                     7.4502339962874935e-05
35                                     1.3663197072285267e-04
36                                    -2.7310890091720226e-04
37                                    -3.3452430499274145e-05
38                                     1.1573115439675816e-04
39                                     9.2359007509021279e-05
40                                     1.8741892115134722e-04
41                                    -3.8794467310819194e-04
42                                    -1.4015594725239286e-04
43                                     1.8372578013859032e-04
44                                     1.6640370699756815e-04
45                                     1.9051806678557702e-04
46                                     3.6621333425086852e-04
47                                    -2.7452866556751485e-04
48                                     2.5810071230520965e-05
49                                    -8.1665613044740946e-06
50                                     3.5485053306171953e-04
51                                     4.2358398500576136e-04
52                                    -3.4770206196201920e-04
53                                    -3.4704153849883838e-04
54                                     5.3659706418377823e-05
55                                    -6.6925490423468158e-04
56                                    -3.2796154761474106e-05
57                                    -1.8946307758112865e-04
58                                     2.6250866435786874e-04
59                                     1.1928075295446035e-04
60                                     6.3217245427134869e-04
61                                    -3.6337257818966139e-04
62                                    -2.9393729088612175e-04
63                                     7.0522557659613298e-05
64                                     1.2015772180285798e-04
65                                     1.3882471136801529e-05
66                                     1.1673088966501363e-04
67                                     1.4032915899507957e-04
68                                     1.1823818729145175e-04
69                                     6.9489204658071304e-05
70                                    -9.5065155372924513e-05
71                                    -8.6696896137349505e-05
72                                    -1.3982525407924489e-04
73                                    -1.2788878496660218e-04
74                                     3.0306690457941788e-05
75                                     6.5094429263541241e-05
76                                    -8.5614148435089683e-05
77                                    -1.0870827996275369e-04
78                                     7.2249651590921985e-06
79                                    -6.8311175620100091e-05
80                                    -7.5112918148163816e-05
81                                     4.1481348383741782e-05
82                                     4.4019284316302909e-05
83                                    -1.4475654448553691e-04
84                                    -9.7086779384889579e-05
85                                     1.4096682119729137e-04
86                                    -5.5025748965463903e-05
87                                    -5.7704025721500113e-05
88                                     1.1391101985840606e-04
89                                     1.1936416095870259e-05
90                                    -3.8718905384023854e-05
91                                    -4.8348505794557393e-05
92                                    -1.3950854910328497e-05
93                                     7.9413467184090262e-06
94                                    -8.3864486861719866e-05
95                                     1.2757402044586232e-05
96                                    -5.3854310361749596e-05
97                                    -7.8425516368689122e-05
98                                     2.9360116512278209e-06
99                                    -6.0013135952418793e-05
100                                   -6.4134069075823653e-05
101                                   -8.9177068416662299e-05
   &Method [&Type "String"] "SCF"
   &Level [&Type "String"] "Relaxed density"
   &Mult [&Type "Integer"] 1
   &State [&Type "Integer"] 0
   &Irrep [&Type "Integer"] 0
$End
$Geometry
   &GeometryIndex 14
   &NAtoms [&Type "Integer"] 34
   &NCorelessECP [&Type "Integer"] 0
   &NGhostAtoms [&Type "Integer"] 0
   &CartesianCoordinates [&Type "Coordinates", &Dim(34,4), &Units "Bohr"] 
              P      6.129343638767   -3.082861565037    0.422455694553
              O      0.657316215859    2.288071305149   -2.363023999624
              O      1.164821993578    7.684812161816   -0.552062277632
              O     -3.164325369829    5.909903500615    1.626305782465
              O      4.890520493476   -0.556463798520   -0.818187184589
              O     -6.250152894849    1.899284164894    0.831553927505
              O      6.825232604083   -4.701274275851   -1.768417884493
              O      4.487971519534   -4.028750330305    2.500908070841
              O      8.648353251759   -1.992281719690    1.785828190440
              N     -2.688081000598   -0.020703087097   -0.555140914393
              N     -6.171575384110   -2.383925940230    0.908841901320
              N     -5.993318494574   -6.687439206872    0.998855535307
              C      1.321477111631    5.366849806289    0.739288308407
              C     -1.252815777777    4.137898600554    1.234118701600
              C      2.629356285753    3.323388633226   -0.808543718783
              C     -1.666713653502    2.504665937291   -1.146826279828
              C      3.894294010723    1.325490922142    0.796394866465
              C     -1.366913866824   -2.155578506610   -1.003436463249
              C     -5.129287600633   -0.121355304718    0.431898803773
              C     -2.370408538618   -4.448342470623   -0.499397726276
              C     -4.871327415042   -4.488859583552    0.480523643993
              H      2.321315326344    5.755587837928    2.499427353819
              H     -1.055421717641    2.871033599519    2.864864122328
              H      4.012601887798    4.145047661010   -2.098611912307
              H     -3.032942435864    3.409392705722   -2.406980848181
              H      2.568818177840    0.472823636909    2.136369659090
              H      5.409220481854    2.227808125216    1.883298180654
              H      0.082044051205    7.497713224261   -2.003576533731
              H     -4.710497448246    4.908176851423    1.530515337388
              H      0.509429150410   -1.900196090020   -1.771287522451
              H     -1.317470989844   -6.163715308260   -0.842191993985
              H     -5.095807005739   -8.337409609344    0.722309128540
              H     -7.764025709320   -6.703653791745    1.689773032027
              H      9.929365965457   -1.568355081630    0.561926203284
$End
$SCF_Energy
   &GeometryIndex 14
   &Method [&Type "String"] "SCF"
   &totalEnergy [&Type "ArrayOfDoubles", &Dim (1,1)] "Total energy of each state"
                                                         0

0                                     -1.4576557938386459e+03
   &Mult [&Type "ArrayOfIntegers", &Dim (1,1)] "Multiplicity of each state"
                                                         0

0                                                        1
$End
$DFT_Energy
   &GeometryIndex 14
   &nAlphaEl [&Type "Integer"] 84
   &nBetaEl [&Type "Integer"] 84
   &nTotalEl [&Type "Integer"] 168
   &finalEn [&Type "Double"]      -1.4576557938386459e+03  "No Van der Waals correction"
   &eExchange [&Type "Double"]      -1.2001272334197986e+02
   &eCorr [&Type "Double"]      -5.8388607852243908e+00
   &eXC [&Type "Double"]      -1.2585158412720426e+02
   &eCNL [&Type "Double"]       0.0000000000000000e+00
$End
$Solvation_Details
   &GeometryIndex 14
   &Solvent [&Type "String"] "WATER"
   &Epsilon [&Type "Double"]       8.0150999999999996e+01
   &Refrac [&Type "Double"]       1.3328000000000000e+00
   &RSolv [&Type "Double"]       1.3000000000000000e+00
   &SurfaceType [&Type "String"] "GAUSSIAN VDW"
   &CPCMDielEnergy [&Type "Double"]      -1.3499337300000000e-01
   &NPoints [&Type "Integer"] 2773
   &SurfaceArea [&Type "Double"]       1.1053854134300000e+03
$End
$SCF_Timings
   &GeometryIndex 14
   &TOTAL [&Type "Double"]       6.1019177999999997e+01
   &PREP [&Type "Double"]       8.4821999999999997e-01
   &FOCK [&Type "Double"]       5.4516554999999990e+01
   &DENS [&Type "Double"]       1.3605000000000445e-01
   &ETOT [&Type "Double"]       7.8652999999997419e-02
   &TRAFO [&Type "Double"]       5.7700299999999416e-01
   &DIIS [&Type "Double"]       9.4920699999999947e-01
   &SOSCF [&Type "Double"]       1.1459680000000052e+00
   &XC [&Type "Double"]       5.5093779999999963e+00
   &FOCKSTART [&Type "Double"]       2.9278999999993394e-02
   &SOLV [&Type "Double"]       4.8454820000000129e+00
   &SOLV_INIT [&Type "Double"]       2.2203899999999999e-01
   &SOLV_FINAL [&Type "Double"]       1.0000000045806701e-06
   &INT_PREP [&Type "Double"]       3.0000000013075123e-06
   &INT_BF [&Type "Double"]       1.1045899999998330e+00
   &INT_DENS [&Type "Double"]       1.7240709999999417e+00
   &INT_DENSIO [&Type "Double"]       8.3664958470000143e+04
   &INT_FUNC [&Type "Double"]       6.5788999999741193e-02
   &INT_POT [&Type "Double"]       1.3730930000000754e+00
   &INT_POTIO [&Type "Double"]       1.0809000000106650e-02
   &INT_SUM [&Type "Double"]       4.1699999999522674e-04
   &SPLITRIJ [&Type "Double"]       3.7515459999999945e+00
   &COSX [&Type "Double"]       4.3952598000000009e+01
$End
$VdW_Correction
   &GeometryIndex 14
   &vdW [&Type "Double"]      -3.9637206630909541e-02
$End
$Single_Point_Data
   &GeometryIndex 14
   &FinalEnergy [&Type "Double"]      -1.4576954310452768e+03  "Final single point energy"
   &Converged [&Type "Boolean"] true
$End
$SCF_Nuc_Gradient
   &GeometryIndex 14
   &NAtoms [&Type "Integer"] 34
   &gradNorm [&Type "Double"]       1.2693655821910345e-03
   &grad [&Type "ArrayOfDoubles", &Dim (102,1)] 
                                                         0

0                                      3.1516229940050430e-04
1                                      5.8996571057029696e-05
2                                      2.5938229155260319e-04
3                                     -9.2490791760995231e-05
4                                     -1.1487197042657363e-04
5                                     -6.7057224506627460e-05
6                                     -1.3925680242457349e-04
7                                     -1.3463613771115361e-04
8                                     -1.4622640791878816e-04
9                                      1.0774847337992333e-04
10                                    -3.7635406079800413e-04
11                                    -3.5357900421448903e-05
12                                    -4.2855613600861590e-06
13                                    -5.7229677429807268e-05
14                                    -5.0624115226654344e-05
15                                     1.5384809925163832e-04
16                                    -1.9724874787510865e-04
17                                    -7.6280118688555791e-05
18                                     2.5575256658289441e-05
19                                    -8.0309055694389916e-05
20                                    -2.0881248799492719e-04
21                                    -1.6990171608202150e-04
22                                    -1.0124998083353568e-05
23                                     4.5658324300849781e-05
24                                    -1.4055620512247168e-04
25                                    -2.6715039027025336e-05
26                                    -8.6481128177189797e-05
27                                    -2.5272651328319469e-05
28                                     2.7932441648741407e-04
29                                     1.6890481746031268e-04
30                                    -1.0382625265234070e-04
31                                    -3.5489449037395576e-05
32                                     2.1094692828080949e-05
33                                     1.0398140476878954e-05
34                                     1.1582811856698539e-04
35                                     1.2724048630552387e-05
36                                    -4.9230697866681450e-05
37                                    -8.5015441010135120e-05
38                                     3.9939439544346212e-04
39                                    -4.8081930342332689e-05
40                                     1.6193395415105088e-04
41                                    -2.0884737090938764e-04
42                                     8.2276012351206588e-05
43                                     3.4819623500355492e-04
44                                     1.6911855537029148e-05
45                                     1.5452629613297740e-04
46                                     2.4613205452682938e-04
47                                    -6.7684394229953056e-05
48                                    -2.2762664407668297e-04
49                                     5.8671651216073750e-05
50                                     6.9408397102092267e-05
51                                    -3.1380964154686009e-05
52                                    -3.3490026916559434e-04
53                                    -1.0565551690754096e-04
54                                    -1.9082578203224779e-04
55                                     5.4733739256190232e-05
56                                     1.3987649996818888e-04
57                                    -7.5079309676216017e-05
58                                     1.6374421722281180e-04
59                                     7.0569418346482356e-05
60                                     2.1842774042299910e-04
61                                    -5.2829757047146229e-05
62                                    -6.2463049150633556e-05
63                                    -2.7641685940805352e-05
64                                     3.2821619605132463e-05
65                                    -3.4978769162047411e-05
66                                     6.4005596016717027e-05
67                                     3.1248624642157683e-05
68                                     4.7833945718158950e-05
69                                     2.3237679144621977e-05
70                                    -1.0903236405500246e-04
71                                    -8.3522090541596347e-06
72                                     2.0452541954613904e-06
73                                    -4.8059383006157478e-05
74                                    -5.1897277235014589e-05
75                                     8.0882332942458192e-05
76                                    -6.9839538631488214e-05
77                                    -3.3707404378486785e-05
78                                     4.6359736669635823e-05
79                                    -1.5036988698877146e-05
80                                    -3.0454152363314419e-05
81                                     1.1264712694589147e-04
82                                     5.4530640176437856e-05
83                                    -4.9824870205882413e-05
84                                     6.5901618567942464e-06
85                                     1.3784487496852797e-04
86                                     2.8770828104147467e-05
87                                    -3.6041294086414173e-06
88                                     6.5610218961355060e-05
89                                     2.4915530947672006e-05
90                                    -2.1374595984804777e-05
91                                    -1.7983261907559178e-05
92                                     1.3370223997772095e-05
93                                    -2.3605792320120647e-05
94                                    -2.2842211987743517e-06
95                                     1.9743682557594616e-05
96                                    -1.2291874723921654e-05
97                                    -9.4199817132623986e-06
98                                    -1.2060533838515341e-05
99                                    -1.7396864897986273e-05
100                                   -3.2236576803084782e-05
101                                   -1.7940356480030110e-06
   &Method [&Type "String"] "SCF"
   &Level [&Type "String"] "Relaxed density"
   &Mult [&Type "Integer"] 1
   &State [&Type "Integer"] 0
   &Irrep [&Type "Integer"] 0
$End
$Geometry
   &GeometryIndex 15
   &NAtoms [&Type "Integer"] 34
   &NCorelessECP [&Type "Integer"] 0
   &NGhostAtoms [&Type "Integer"] 0
   &CartesianCoordinates [&Type "Coordinates", &Dim(34,4), &Units "Bohr"] 
              P      6.138059489639   -3.080213365979    0.427476444595
              O      0.656778415614    2.284870292617   -2.363016484491
              O      1.168363312589    7.683918550872   -0.544396838316
              O     -3.163525266818    5.911814048863    1.621797822448
              O      4.889717029179   -0.560286967981   -0.816964514662
              O     -6.250413241936    1.900888257328    0.829536829522
              O      6.828141669129   -4.705802235033   -1.759763579394
              O      4.507561241122   -4.021515179032    2.516601700400
              O      8.661560178449   -1.981238836230    1.777393289675
              N     -2.690509767728   -0.022478081036   -0.558079934530
              N     -6.175224882812   -2.382395527890    0.905966730404
              N     -6.000147570331   -6.686187644854    0.997282541612
              C      1.322414577877    5.362443112362    0.741019813397
              C     -1.254207483238    4.135917514803    1.233617534152
              C      2.629084697570    3.320268218048   -0.809479149167
              C     -1.667477895206    2.502419253989   -1.147726483233
              C      3.895782062904    1.324173450314    0.795625092178
              C     -1.370304848534   -2.157878069388   -1.003976080788
              C     -5.131434094773   -0.120570980405    0.429109447452
              C     -2.375458082530   -4.450142422467   -0.500394481748
              C     -4.876974195238   -4.488404421681    0.478562139741
              H      2.322300576573    5.745890216966    2.502290810618
              H     -1.061566405167    2.868703981970    2.864532708350
              H      4.011020701702    4.143697354616   -2.099794754667
              H     -3.031958347261    3.408775911119   -2.408512545143
              H      2.571607741476    0.474400467657    2.139033038280
              H      5.411914062071    2.228181162620    1.879516374774
              H      0.078487417004    7.503041968197   -1.991363413897
              H     -4.710413355767    4.911013773335    1.526556702542
              H      0.506670271635   -1.904268439283   -1.771082516990
              H     -1.322978427454   -6.166018962457   -0.841799498897
              H     -5.103352928999   -8.336587318527    0.721472765252
              H     -7.770446238861   -6.700892817295    1.689181221689
              H      9.937326451179   -1.558753262281    0.547548453115
$End
$SCF_Energy
   &GeometryIndex 15
   &Method [&Type "String"] "SCF"
   &totalEnergy [&Type "ArrayOfDoubles", &Dim (1,1)] "Total energy of each state"
                                                         0

0                                     -1.4576558158432454e+03
   &Mult [&Type "ArrayOfIntegers", &Dim (1,1)] "Multiplicity of each state"
                                                         0

0                                                        1
$End
$DFT_Energy
   &GeometryIndex 15
   &nAlphaEl [&Type "Integer"] 84
   &nBetaEl [&Type "Integer"] 84
   &nTotalEl [&Type "Integer"] 168
   &finalEn [&Type "Double"]      -1.4576558158432454e+03  "No Van der Waals correction"
   &eExchange [&Type "Double"]      -1.2001275725850675e+02
   &eCorr [&Type "Double"]      -5.8388286816390238e+00
   &eXC [&Type "Double"]      -1.2585158594014578e+02
   &eCNL [&Type "Double"]       0.0000000000000000e+00
$End
$Solvation_Details
   &GeometryIndex 15
   &Solvent [&Type "String"] "WATER"
   &Epsilon [&Type "Double"]       8.0150999999999996e+01
   &Refrac [&Type "Double"]       1.3328000000000000e+00
   &RSolv [&Type "Double"]       1.3000000000000000e+00
   &SurfaceType [&Type "String"] "GAUSSIAN VDW"
   &CPCMDielEnergy [&Type "Double"]      -1.3502498900000001e-01
   &NPoints [&Type "Integer"] 2776
   &SurfaceArea [&Type "Double"]       1.1060286421950000e+03
$End
$SCF_Timings
   &GeometryIndex 15
   &TOTAL [&Type "Double"]       5.8202757000000005e+01
   &PREP [&Type "Double"]       7.4766900000000003e-01
   &FOCK [&Type "Double"]       5.2951491999999995e+01
   &DENS [&Type "Double"]       1.1465599999999654e-01
   &ETOT [&Type "Double"]       6.5575999999992973e-02
   &TRAFO [&Type "Double"]       1.4423999999999637e-01
   &DIIS [&Type "Double"]       1.7620699999999978e-01
   &SOSCF [&Type "Double"]       1.0100779999999947e+00
   &XC [&Type "Double"]       5.3792859999999925e+00
   &FOCKSTART [&Type "Double"]       2.6148999999993761e-02
   &SOLV [&Type "Double"]       4.9119530000000005e+00
   &SOLV_INIT [&Type "Double"]       1.7849900000000002e-01
   &INT_PREP [&Type "Double"]       2.0000000091613401e-06
   &INT_BF [&Type "Double"]       8.4570799999998059e-01
   &INT_DENS [&Type "Double"]       1.2684689999999712e+00
   &INT_DENSIO [&Type "Double"]       8.0784623643000115e+04
   &INT_FUNC [&Type "Double"]       5.1341000000054926e-02
   &INT_POT [&Type "Double"]       8.7239200000005646e-01
   &INT_POTIO [&Type "Double"]       9.8230000000745221e-03
   &INT_SUM [&Type "Double"]       6.8199999999762895e-04
   &SPLITRIJ [&Type "Double"]       3.8903519999999938e+00
   &COSX [&Type "Double"]       4.2189094999999995e+01
$End
$VdW_Correction
   &GeometryIndex 15
   &vdW [&Type "Double"]      -3.9618567304520812e-02
$End
$Single_Point_Data
   &GeometryIndex 15
   &FinalEnergy [&Type "Double"]      -1.4576954344105500e+03  "Final single point energy"
   &Converged [&Type "Boolean"] true
$End
$SCF_Nuc_Gradient
   &GeometryIndex 15
   &NAtoms [&Type "Integer"] 34
   &gradNorm [&Type "Double"]       7.7580618078522325e-04
   &grad [&Type "ArrayOfDoubles", &Dim (102,1)] 
                                                         0

0                                      9.8133618875976538e-05
1                                      6.4646762157457118e-05
2                                      6.3619267460670963e-05
3                                     -1.6989856796435275e-04
4                                     -5.0292403621449250e-05
5                                     -4.5422852796247397e-05
6                                     -1.3851586763775182e-04
7                                     -1.3750880939114715e-06
8                                     -8.9985759146265097e-05
9                                      7.6826639575751327e-05
10                                    -1.2626799501411738e-04
11                                    -4.4096464195490944e-05
12                                    -6.8964834640855262e-05
13                                     6.0364866026990294e-05
14                                    -5.4038113890305552e-05
15                                     1.5755336831067959e-04
16                                    -2.0585735596079878e-04
17                                    -4.2694846835000704e-05
18                                     3.3232255676607337e-05
19                                    -1.0095762597781845e-04
20                                    -1.2063854999754892e-04
21                                    -7.5528744640590697e-05
22                                    -5.1025975484807277e-05
23                                     1.0483771931105407e-04
24                                     4.3820898726763634e-05
25                                    -2.3928228843404152e-05
26                                     1.1167984994371626e-05
27                                     1.0531388479191671e-05
28                                    -3.5542029280124664e-05
29                                     2.3156737594403381e-05
30                                     8.1351848467246427e-05
31                                    -5.4219191313554886e-05
32                                    -3.6264637772693039e-05
33                                     8.4477596366655885e-05
34                                     6.9465814572215506e-05
35                                    -1.4220749294971307e-06
36                                     5.6316727376947364e-05
37                                    -8.6039511644197002e-05
38                                     2.3542069706961039e-04
39                                    -1.0800698914995336e-04
40                                     1.1159442667458853e-04
41                                    -5.2963411869246581e-05
42                                     1.2414777288666639e-04
43                                     1.4622004752645198e-04
44                                     4.2694448163718994e-05
45                                     8.5667955860389096e-05
46                                     9.3130365010040704e-05
47                                     5.3908562729707422e-06
48                                    -1.7488669503822757e-04
49                                     7.5444411084034195e-05
50                                    -5.9549084555554258e-05
51                                    -1.7643519696866746e-04
52                                    -9.8806200520572479e-05
53                                     2.5435436549522283e-05
54                                    -1.4745711675826241e-04
55                                     1.7906578988560067e-04
56                                     8.2974944581055689e-05
57                                    -7.1737937990490070e-05
58                                     4.1392247445429936e-05
59                                     1.9024233498757126e-05
60                                     5.9865450934755584e-06
61                                     1.1951729854559948e-05
62                                    -1.9255784168451742e-05
63                                    -3.1064271438087487e-05
64                                     1.7362677944806454e-05
65                                    -4.8619692580070717e-05
66                                     3.2631467312359680e-05
67                                    -3.0449528533165035e-05
68                                    -5.0888902589033154e-06
69                                     8.1301759515400862e-06
70                                    -7.7584365279861705e-05
71                                     1.4776727106143356e-05
72                                     5.7905829151578365e-05
73                                    -2.1078622376609034e-05
74                                    -4.9694084738925243e-05
75                                     4.8820598330484181e-05
76                                    -4.4866803889051152e-05
77                                     1.6016959385046874e-05
78                                     3.9799549174513620e-05
79                                    -3.2777021175001695e-06
80                                    -1.7136139118640944e-05
81                                     1.1250725032282882e-04
82                                     8.8041910866854889e-06
83                                    -3.0641330034707225e-05
84                                     1.8392514191682989e-05
85                                     6.3471640544427127e-05
86                                     2.5221507636979478e-05
87                                     1.9688136860291375e-06
88                                     3.6483034876135396e-05
89                                    -8.8425476831000514e-07
90                                    -1.4489361698497945e-05
91                                     1.9769046867379545e-06
92                                     1.8438084252617139e-05
93                                    -2.9128685272897431e-05
94                                     3.0575322776224068e-05
95                                     1.5200539439656017e-05
96                                     1.1625374425783060e-05
97                                     2.0495998869001942e-05
98                                    -8.4689382595273309e-06
99                                     1.6286033664904834e-05
100                                   -2.0877581391440765e-05
101                                    2.3488756422126050e-05
   &Method [&Type "String"] "SCF"
   &Level [&Type "String"] "Relaxed density"
   &Mult [&Type "Integer"] 1
   &State [&Type "Integer"] 0
   &Irrep [&Type "Integer"] 0
$End
$Geometry
   &GeometryIndex 16
   &NAtoms [&Type "Integer"] 34
   &NCorelessECP [&Type "Integer"] 0
   &NGhostAtoms [&Type "Integer"] 0
   &CartesianCoordinates [&Type "Coordinates", &Dim(34,4), &Units "Bohr"] 
              P      6.136391361930   -3.080808307560    0.427886423715
              O      0.656982758985    2.285264516766   -2.364154576179
              O      1.170752249912    7.685210189396   -0.539099685279
              O     -3.163407943936    5.912876956961    1.619074486023
              O      4.887623553677   -0.562044876195   -0.817947449368
              O     -6.251081315341    1.901187652740    0.824105378713
              O      6.824110020491   -4.709131353135   -1.757796319814
              O      4.508237496425   -4.019211826150    2.519985990561
              O      8.661667968355   -1.980472632908    1.774026094901
              N     -2.689685414435   -0.023087688979   -0.559170575704
              N     -6.175316260297   -2.382223065078    0.903427954437
              N     -6.000251565423   -6.686240285514    0.997240547218
              C      1.323439025448    5.361205980710    0.741589562977
              C     -1.254318888510    4.135619413141    1.233151433012
              C      2.629248747787    3.320001838682   -0.810917110575
              C     -1.667207948113    2.501858073468   -1.148380901534
              C      3.896236062938    1.323984413181    0.794052683879
              C     -1.368241734999   -2.158325803194   -1.001687714812
              C     -5.131356235690   -0.120602435597    0.425910179807
              C     -2.373691520401   -4.450587639939   -0.497743021598
              C     -4.876582492132   -4.488484011372    0.478782456377
              H      2.323922266209    5.740823535240    2.503527589090
              H     -1.064098258515    2.868593800859    2.864345103917
              H      4.010606366671    4.144881851201   -2.101081945992
              H     -3.032182242650    3.408398522082   -2.408528558164
              H      2.571775149103    0.476376527040    2.138670702534
              H      5.413173160122    2.227767445472    1.876917449087
              H      0.072657569494    7.509771677284   -1.980610416114
              H     -4.710148645415    4.911774329357    1.522375132627
              H      0.509524093494   -1.905298288214   -1.767033422182
              H     -1.320424133292   -6.166426760672   -0.836908499915
              H     -5.102868114330   -8.336654509450    0.723225478025
              H     -7.770971765779   -6.700679295878    1.688148433600
              H      9.935883491278   -1.558534939885    0.542388301003
$End
$SCF_Energy
   &GeometryIndex 16
   &Method [&Type "String"] "SCF"
   &totalEnergy [&Type "ArrayOfDoubles", &Dim (1,1)] "Total energy of each state"
                                                         0

0                                     -1.4576558115631140e+03
   &Mult [&Type "ArrayOfIntegers", &Dim (1,1)] "Multiplicity of each state"
                                                         0

0                                                        1
$End
$DFT_Energy
   &GeometryIndex 16
   &nAlphaEl [&Type "Integer"] 84
   &nBetaEl [&Type "Integer"] 84
   &nTotalEl [&Type "Integer"] 168
   &finalEn [&Type "Double"]      -1.4576558115631140e+03  "No Van der Waals correction"
   &eExchange [&Type "Double"]      -1.2001254003815913e+02
   &eCorr [&Type "Double"]      -5.8388264109550523e+00
   &eXC [&Type "Double"]      -1.2585136644911418e+02
   &eCNL [&Type "Double"]       0.0000000000000000e+00
$End
$Solvation_Details
   &GeometryIndex 16
   &Solvent [&Type "String"] "WATER"
   &Epsilon [&Type "Double"]       8.0150999999999996e+01
   &Refrac [&Type "Double"]       1.3328000000000000e+00
   &RSolv [&Type "Double"]       1.3000000000000000e+00
   &SurfaceType [&Type "String"] "GAUSSIAN VDW"
   &CPCMDielEnergy [&Type "Double"]      -1.3497547900000001e-01
   &NPoints [&Type "Integer"] 2773
   &SurfaceArea [&Type "Double"]       1.1060224431910001e+03
$End
$SCF_Timings
   &GeometryIndex 16
   &TOTAL [&Type "Double"]       5.9397000000000006e+01
   &PREP [&Type "Double"]       8.0383199999999999e-01
   &FOCK [&Type "Double"]       5.4269267000000006e+01
   &DENS [&Type "Double"]       1.0258899999999471e-01
   &ETOT [&Type "Double"]       6.3228000000000506e-02
   &TRAFO [&Type "Double"]       3.3721999999999497e-01
   &DIIS [&Type "Double"]       1.7271500000000017e-01
   &SOSCF [&Type "Double"]       8.5943500000000306e-01
   &XC [&Type "Double"]       5.0561860000000038e+00
   &FOCKSTART [&Type "Double"]       2.4328999999999823e-02
   &SOLV [&Type "Double"]       4.3160100000000039e+00
   &SOLV_INIT [&Type "Double"]       2.2565700000000000e-01
   &INT_PREP [&Type "Double"]       1.0000000045806701e-06
   &INT_BF [&Type "Double"]       9.5494700000001131e-01
   &INT_DENS [&Type "Double"]       1.5163530000001177e+00
   &INT_DENSIO [&Type "Double"]       6.7932085421000127e+04
   &INT_FUNC [&Type "Double"]       5.6711999999970786e-02
   &INT_POT [&Type "Double"]       1.1841189999998374e+00
   &INT_POTIO [&Type "Double"]       8.8230000002464948e-03
   &INT_SUM [&Type "Double"]       8.9099999999397994e-04
   &SPLITRIJ [&Type "Double"]       3.3692509999999896e+00
   &COSX [&Type "Double"]       4.4795599999999993e+01
$End
$VdW_Correction
   &GeometryIndex 16
   &vdW [&Type "Double"]      -3.9623029536516960e-02
$End
$Single_Point_Data
   &GeometryIndex 16
   &FinalEnergy [&Type "Double"]      -1.4576954345926504e+03  "Final single point energy"
   &Converged [&Type "Boolean"] true
$End
$SCF_Nuc_Gradient
   &GeometryIndex 16
   &NAtoms [&Type "Integer"] 34
   &gradNorm [&Type "Double"]       4.8190797066705097e-04
   &grad [&Type "ArrayOfDoubles", &Dim (102,1)] 
                                                         0

0                                     -5.1534698490940324e-05
1                                      2.0917095578684361e-05
2                                     -5.9554882437959136e-05
3                                     -8.2858752833743341e-05
4                                      2.4520920682623594e-05
5                                     -2.1206850042725079e-05
6                                     -8.3033906461698104e-05
7                                      7.5990517027481276e-05
8                                      3.0909642207613699e-05
9                                      3.8402174612125610e-05
10                                     4.7280335301263935e-05
11                                    -2.0961566465172246e-05
12                                    -6.6126946673178823e-05
13                                     4.0102231646421341e-05
14                                    -2.8584181849585611e-05
15                                     3.9679171900361171e-05
16                                    -7.4572565099584453e-05
17                                    -1.3610797989387188e-05
18                                     2.0321188605288679e-05
19                                    -4.3956709167661088e-05
20                                    -1.9899058346804554e-05
21                                    -2.4233604740251416e-05
22                                    -2.9684884374762911e-05
23                                     7.1346467607777034e-05
24                                     8.7499337097506291e-05
25                                    -3.8654885110516834e-07
26                                     3.4265193963687808e-05
27                                     3.3065222584105697e-05
28                                    -1.3913136506565064e-04
29                                    -2.0843836064451737e-05
30                                     1.0060595332739587e-04
31                                    -3.5501864317993327e-05
32                                    -4.5717517358013048e-05
33                                     4.7427963144193203e-05
34                                    -9.6218464138339002e-06
35                                     1.4287150986047281e-06
36                                     8.3968263649824960e-05
37                                    -7.0984175683964403e-05
38                                    -1.4513994486228334e-05
39                                    -1.2232000391760418e-04
40                                     5.9387830139505957e-05
41                                     4.0354265745501546e-05
42                                     7.5127042630293475e-05
43                                    -1.8021191000956651e-05
44                                     6.1339956377077782e-05
45                                     1.9206901856271648e-05
46                                    -1.0885084646261898e-05
47                                     3.6920345213610917e-05
48                                    -6.2969803574629648e-05
49                                     3.1654929037998393e-05
50                                    -6.4108795343809438e-05
51                                    -1.0564961941911396e-04
52                                     4.8091806306565133e-05
53                                     3.8092134614997521e-05
54                                    -4.0366352151874677e-05
55                                     1.3621072513271131e-04
56                                     2.5942428849094287e-05
57                                     6.5006138044254678e-06
58                                    -4.7191238853380409e-05
59                                    -2.9154476088707451e-05
60                                    -1.0055785237393242e-04
61                                     4.8717821162924477e-05
62                                     6.1658097381658074e-05
63                                    -5.1180865640119950e-06
64                                     2.0497094343488714e-05
65                                    -2.8217661084991536e-05
66                                     8.0880344778781003e-06
67                                    -4.4408953777675070e-05
68                                    -3.2910558786317220e-05
69                                     9.1629359027366620e-06
70                                    -2.8696500842390250e-05
71                                     1.5820451579114808e-06
72                                     3.8066215857678314e-05
73                                     2.2772489691363283e-06
74                                    -3.3074051474488695e-05
75                                     1.3558513160945128e-05
76                                    -1.3619553272258377e-05
77                                     1.5989239619666637e-05
78                                     1.2722185906759880e-05
79                                     8.7232654081664232e-06
80                                    -7.0078497988872472e-07
81                                     8.1299368211252865e-05
82                                    -3.4308075651950481e-05
83                                    -4.4904943365535607e-05
84                                     2.6726260032441679e-05
85                                    -1.0554902432597583e-05
86                                     1.4504555909880217e-05
87                                     1.4710835595309579e-06
88                                     1.0440406163562244e-05
89                                    -2.1834127648384248e-07
90                                    -4.0856649616037659e-06
91                                     6.2753481636744349e-06
92                                     1.0915423888694260e-05
93                                    -1.8919071833212006e-05
94                                     1.9297012526736120e-05
95                                     4.2927499391574342e-06
96                                     9.9426201701291526e-07
97                                     2.5743529652503985e-05
98                                     2.6372887494348463e-06
99                                     2.3881641834521739e-05
100                                   -1.4602630612159690e-05
101                                    2.6003741382298633e-05
   &Method [&Type "String"] "SCF"
   &Level [&Type "String"] "Relaxed density"
   &Mult [&Type "Integer"] 1
   &State [&Type "Integer"] 0
   &Irrep [&Type "Integer"] 0
$End
$Geometry
   &GeometryIndex 17
   &NAtoms [&Type "Integer"] 34
   &NCorelessECP [&Type "Integer"] 0
   &NGhostAtoms [&Type "Integer"] 0
   &CartesianCoordinates [&Type "Coordinates", &Dim(34,4), &Units "Bohr"] 
              P      6.137126823521   -3.081022713841    0.427407343101
              O      0.657628205541    2.284357876460   -2.364962990088
              O      1.172903836260    7.685719009297   -0.534605644710
              O     -3.163027080347    5.912926863180    1.616243603262
              O      4.887705257632   -0.563299529162   -0.819320596512
              O     -6.252254920858    1.902056696564    0.817413617365
              O      6.823936513869   -4.710745648728   -1.757304120920
              O      4.510352255445   -4.018071535424    2.521015650804
              O      8.662822991090   -1.978657538856    1.771124237146
              N     -2.689058952484   -0.023776605415   -0.559457596180
              N     -6.177156631361   -2.381476096910    0.899800382280
              N     -6.002751612636   -6.685615339993    0.996481732350
              C      1.324703492150    5.359632571497    0.742027908098
              C     -1.253733785760    4.134739926658    1.232760813353
              C      2.629773763893    3.319409588870   -0.812571539928
              C     -1.666508713069    2.500713781110   -1.148785054270
              C      3.897909969227    1.323723089542    0.792279320366
              C     -1.366504057499   -2.159290350625   -0.997760230015
              C     -5.132105302623   -0.120367639932    0.422103605023
              C     -2.373009856560   -4.451122585533   -0.493463753402
              C     -4.877942125515   -4.488179852364    0.478566785448
              H      2.326089427587    5.735694730794    2.504400606220
              H     -1.065658849653    2.868526098768    2.864684203590
              H      4.010087542162    4.145840092075   -2.102980429296
              H     -3.031936573427    3.407457845096   -2.408293528513
              H      2.573377360930    0.477510309855    2.137778866673
              H      5.415222140287    2.227630518868    1.874371514270
              H      0.062486018958    7.516793716919   -1.967506418731
              H     -4.709713613466    4.911754047744    1.517316439250
              H      0.512517286748   -1.907428787869   -1.760374132592
              H     -1.319241085200   -6.167259601124   -0.829602436283
              H     -5.104611179185   -8.336200130460    0.725681518385
              H     -7.774347027872   -6.699552766370    1.685227440485
              H      9.935315345277   -1.555637036831    0.538074068248
$End
$SCF_Energy
   &GeometryIndex 17
   &Method [&Type "String"] "SCF"
   &totalEnergy [&Type "ArrayOfDoubles", &Dim (1,1)] "Total energy of each state"
                                                         0

0                                     -1.4576558046762448e+03
   &Mult [&Type "ArrayOfIntegers", &Dim (1,1)] "Multiplicity of each state"
                                                         0

0                                                        1
$End
$DFT_Energy
   &GeometryIndex 17
   &nAlphaEl [&Type "Integer"] 84
   &nBetaEl [&Type "Integer"] 84
   &nTotalEl [&Type "Integer"] 168
   &finalEn [&Type "Double"]      -1.4576558046762448e+03  "No Van der Waals correction"
   &eExchange [&Type "Double"]      -1.2001242430128194e+02
   &eCorr [&Type "Double"]      -5.8388302699852410e+00
   &eXC [&Type "Double"]      -1.2585125457126718e+02
   &eCNL [&Type "Double"]       0.0000000000000000e+00
$End
$Solvation_Details
   &GeometryIndex 17
   &Solvent [&Type "String"] "WATER"
   &Epsilon [&Type "Double"]       8.0150999999999996e+01
   &Refrac [&Type "Double"]       1.3328000000000000e+00
   &RSolv [&Type "Double"]       1.3000000000000000e+00
   &SurfaceType [&Type "String"] "GAUSSIAN VDW"
   &CPCMDielEnergy [&Type "Double"]      -1.3492580500000001e-01
   &NPoints [&Type "Integer"] 2774
   &SurfaceArea [&Type "Double"]       1.1060487725080000e+03
$End
$SCF_Timings
   &GeometryIndex 17
   &TOTAL [&Type "Double"]       5.1467048000000005e+01
   &PREP [&Type "Double"]       8.5040199999999999e-01
   &FOCK [&Type "Double"]       4.5649013999999994e+01
   &DENS [&Type "Double"]       6.6123000000004595e-02
   &ETOT [&Type "Double"]       4.2496999999999119e-02
   &TRAFO [&Type "Double"]       1.5411800000000397e-01
   &DIIS [&Type "Double"]       3.8330000000000020e-01
   &SOSCF [&Type "Double"]       6.4011599999999369e-01
   &XC [&Type "Double"]       3.6530259999999934e+00
   &FOCKSTART [&Type "Double"]       1.9725000000001991e-02
   &SOLV [&Type "Double"]       3.3160829999999972e+00
   &SOLV_INIT [&Type "Double"]       2.2963500000000003e-01
   &SOLV_FINAL [&Type "Double"]       9.9999999747524271e-07
   &INT_PREP [&Type "Double"]       2.0000000056086265e-06
   &INT_BF [&Type "Double"]       5.0345700000000626e-01
   &INT_DENS [&Type "Double"]       7.9468300000008973e-01
   &INT_DENSIO [&Type "Double"]       4.0417871970000066e+04
   &INT_FUNC [&Type "Double"]       3.1201999999870722e-02
   &INT_POT [&Type "Double"]       7.4986200000004999e-01
   &INT_POTIO [&Type "Double"]       4.6310000000193696e-03
   &INT_SUM [&Type "Double"]       6.2200000000167677e-04
   &SPLITRIJ [&Type "Double"]       2.6185040000000024e+00
   &COSX [&Type "Double"]       4.0363323000000008e+01
$End
$VdW_Correction
   &GeometryIndex 17
   &vdW [&Type "Double"]      -3.9624876602858301e-02
$End
$Single_Point_Data
   &GeometryIndex 17
   &FinalEnergy [&Type "Double"]      -1.4576954295528476e+03  "Final single point energy"
   &Converged [&Type "Boolean"] true
$End
$SCF_Nuc_Gradient
   &GeometryIndex 17
   &NAtoms [&Type "Integer"] 34
   &gradNorm [&Type "Double"]       5.4092123480057154e-04
   &grad [&Type "ArrayOfDoubles", &Dim (102,1)] 
                                                         0

0                                     -1.1655065566150522e-04
1                                     -2.0677681406981870e-05
2                                     -1.0588875781568430e-04
3                                      3.2285413247695856e-05
4                                      8.0365871564063766e-05
5                                     -1.5846696774992166e-05
6                                     -3.6077936422914214e-05
7                                      1.0443070671343850e-04
8                                      1.3066004710276201e-04
9                                     -1.5834262818304200e-05
10                                     1.3742526931632867e-04
11                                    -1.0118745495172091e-05
12                                    -2.4778552696510994e-05
13                                    -1.0136405581641974e-05
14                                     5.9427308659811169e-06
15                                    -5.6573778221931370e-05
16                                     5.3037274561780470e-05
17                                     1.2535686202403982e-05
18                                     3.1739660423515058e-06
19                                     1.2669522428311803e-05
20                                     5.1381477821259788e-05
21                                     5.5168355610462488e-06
22                                    -1.1335019758617064e-06
23                                     2.0002953871150662e-05
24                                     6.9487616360402110e-05
25                                     2.4189499360757980e-05
26                                     2.1285162285068010e-05
27                                     3.0268331010973313e-05
28                                    -1.0928691080796016e-04
29                                    -9.9597650712147186e-06
30                                     6.9282854942863485e-05
31                                    -2.5328990386645767e-05
32                                    -8.3975293692574148e-06
33                                     3.2588251081741695e-06
34                                    -5.0875349116405737e-05
35                                     2.3582766417642633e-05
36                                     7.8771610435092064e-05
37                                    -3.8964632931885994e-05
38                                    -1.9146197208443563e-04
39                                    -5.8962295556777073e-05
40                                    -2.9089196706187192e-06
41                                     9.2934726750591783e-05
42                                    -6.0377540207205054e-06
43                                    -1.1311537899756966e-04
44                                     3.3041552195423214e-05
45                                    -6.9674629813997488e-05
46                                    -9.2488558462512833e-05
47                                     3.4921865623036968e-05
48                                     5.6463505277427135e-05
49                                    -2.3563034505312525e-05
50                                    -2.0105685098786266e-05
51                                    -1.3503462214401406e-05
52                                     1.1466589216710708e-04
53                                     1.3788263429079695e-05
54                                     6.3130603810820977e-05
55                                     5.1153817589522739e-05
56                                    -3.2393199951087629e-05
57                                     6.5193378960962231e-05
58                                    -8.0175334221752146e-05
59                                    -3.0490939041115457e-05
60                                    -1.5322290580531336e-04
61                                     7.1945881313431050e-05
62                                     4.0356672187006324e-05
63                                     2.2931297569281838e-05
64                                     1.6758038101561583e-05
65                                    -2.0673747206851375e-06
66                                    -1.8679123721578340e-05
67                                    -2.6220995785146807e-05
68                                    -3.1578126581519234e-05
69                                     4.0698770806207147e-06
70                                     1.1066415109585762e-05
71                                    -1.4340511858441715e-05
72                                     1.3420718444160843e-05
73                                     1.1170647006994764e-05
74                                    -9.1231255538982384e-06
75                                    -1.2324137099154782e-05
76                                     1.4957131875581374e-05
77                                     6.1234805548025979e-06
78                                    -1.9089769810157453e-05
79                                     1.0640594954998739e-05
80                                     1.3276076194098082e-05
81                                     5.3849649033856789e-05
82                                    -6.3257844625137809e-05
83                                    -6.1776354811737756e-05
84                                     2.4404788224755762e-05
85                                    -5.5330021621596658e-05
86                                     7.9477936654440720e-06
87                                     3.6272346859631113e-07
88                                    -2.1827032230651422e-05
89                                     2.9830730634925883e-06
90                                     2.0115477282532947e-06
91                                     6.8754836086224044e-06
92                                     3.0725122239760037e-06
93                                    -3.4709355379458374e-06
94                                     4.3255558078415476e-06
95                                    -1.2774875006968422e-06
96                                    -1.0925383978603790e-05
97                                     2.1199285679542276e-05
98                                     1.2550334048425816e-05
99                                     1.7822010617372642e-05
100                                   -1.1586267919310171e-05
101                                    1.8439101783188148e-05
   &Method [&Type "String"] "SCF"
   &Level [&Type "String"] "Relaxed density"
   &Mult [&Type "Integer"] 1
   &State [&Type "Integer"] 0
   &Irrep [&Type "Integer"] 0
$End
$Geometry
   &GeometryIndex 18
   &NAtoms [&Type "Integer"] 34
   &NCorelessECP [&Type "Integer"] 0
   &NGhostAtoms [&Type "Integer"] 0
   &CartesianCoordinates [&Type "Coordinates", &Dim(34,4), &Units "Bohr"] 
              P      6.138559612997   -3.081575784290    0.427221889444
              O      0.658999649519    2.282490132633   -2.365552547147
              O      1.175555138835    7.685770253642   -0.530133776214
              O     -3.162292637536    5.913321136756    1.611401196526
              O      4.887489588528   -0.565290001599   -0.820396009529
              O     -6.253487943918    1.903114175179    0.809105695400
              O      6.822662446853   -4.713415789511   -1.756594802416
              O      4.514649051358   -4.016587026083    2.523784211655
              O      8.665578073077   -1.976671862491    1.766133687095
              N     -2.688232337429   -0.024576580629   -0.559701996116
              N     -6.179676376776   -2.380520308336    0.895025752341
              N     -6.006191133450   -6.684687054629    0.994796478741
              C      1.326199625051    5.357718904359    0.742700264233
              C     -1.252939035854    4.133769179549    1.231839369372
              C      2.630727689776    3.318575092938   -0.814136855257
              C     -1.665177889518    2.499194367356   -1.149536048236
              C      3.900235711751    1.323358839699    0.790696783412
              C     -1.364390131717   -2.160579207465   -0.992514037415
              C     -5.133090497230   -0.120077868044    0.417430495751
              C     -2.372173697096   -4.451706022697   -0.487422735868
              C     -4.879525432960   -4.487711529484    0.478603530567
              H      2.328418318550    5.729782125416    2.505584050380
              H     -1.067866308133    2.869024076260    2.865076600126
              H      4.009872269784    4.146628602114   -2.104803920004
              H     -3.030745934121    3.406020545250   -2.408818669490
              H      2.575984619216    0.479069426524    2.137768466718
              H      5.418658509441    2.227209412028    1.871143844660
              H      0.044822395263    7.526535441612   -1.948196315685
              H     -4.709293586164    4.912812484694    1.509843393862
              H      0.516193259691   -1.910128670458   -1.751718435755
              H     -1.317845167696   -6.168286772555   -0.819580585148
              H     -5.107077997834   -8.335492976326    0.728393466489
              H     -7.779190874862   -6.698022732899    1.679954397346
              H      9.934987885664   -1.552281004654    0.530374344439
$End
$SCF_Energy
   &GeometryIndex 18
   &Method [&Type "String"] "SCF"
   &totalEnergy [&Type "ArrayOfDoubles", &Dim (1,1)] "Total energy of each state"
                                                         0

0                                     -1.4576558139203814e+03
   &Mult [&Type "ArrayOfIntegers", &Dim (1,1)] "Multiplicity of each state"
                                                         0

0                                                        1
$End
$DFT_Energy
   &GeometryIndex 18
   &nAlphaEl [&Type "Integer"] 84
   &nBetaEl [&Type "Integer"] 84
   &nTotalEl [&Type "Integer"] 168
   &finalEn [&Type "Double"]      -1.4576558139203814e+03  "No Van der Waals correction"
   &eExchange [&Type "Double"]      -1.2001242578773305e+02
   &eCorr [&Type "Double"]      -5.8388445834782887e+00
   &eXC [&Type "Double"]      -1.2585127037121134e+02
   &eCNL [&Type "Double"]       0.0000000000000000e+00
$End
$Solvation_Details
   &GeometryIndex 18
   &Solvent [&Type "String"] "WATER"
   &Epsilon [&Type "Double"]       8.0150999999999996e+01
   &Refrac [&Type "Double"]       1.3328000000000000e+00
   &RSolv [&Type "Double"]       1.3000000000000000e+00
   &SurfaceType [&Type "String"] "GAUSSIAN VDW"
   &CPCMDielEnergy [&Type "Double"]      -1.3485620600000001e-01
   &NPoints [&Type "Integer"] 2766
   &SurfaceArea [&Type "Double"]       1.1061424105510000e+03
$End
$SCF_Timings
   &GeometryIndex 18
   &TOTAL [&Type "Double"]       6.6689251999999996e+01
   &PREP [&Type "Double"]       7.5960099999999997e-01
   &FOCK [&Type "Double"]       6.0427568999999998e+01
   &DENS [&Type "Double"]       1.5158500000001141e-01
   &ETOT [&Type "Double"]       8.5488999999999038e-02
   &POP [&Type "Double"]       1.0000000116860974e-06
   &TRAFO [&Type "Double"]       6.3274899999999690e-01
   &DIIS [&Type "Double"]       8.6634699999999931e-01
   &SOSCF [&Type "Double"]       1.3678599999999914e+00
   &XC [&Type "Double"]       6.0698080000000019e+00
   &FOCKSTART [&Type "Double"]       2.8960999999989578e-02
   &SOLV [&Type "Double"]       5.6683449999999986e+00
   &SOLV_INIT [&Type "Double"]       1.6706399999999999e-01
   &SOLV_FINAL [&Type "Double"]       9.9999999747524271e-07
   &INT_PREP [&Type "Double"]       3.0000000013075123e-06
   &INT_BF [&Type "Double"]       1.3314049999999469e+00
   &INT_DENS [&Type "Double"]       1.9990480000002560e+00
   &INT_DENSIO [&Type "Double"]       9.6845885306000171e+04
   &INT_FUNC [&Type "Double"]       7.7196999999999960e-02
   &INT_POT [&Type "Double"]       1.2588370000000033e+00
   &INT_POTIO [&Type "Double"]       1.2608999999967452e-02
   &INT_SUM [&Type "Double"]       3.4099999999348540e-04
   &SPLITRIJ [&Type "Double"]       4.3520650000000032e+00
   &COSX [&Type "Double"]       4.7448270999999998e+01
$End
$VdW_Correction
   &GeometryIndex 18
   &vdW [&Type "Double"]      -3.9626212414721584e-02
$End
$Single_Point_Data
   &GeometryIndex 18
   &FinalEnergy [&Type "Double"]      -1.4576954401327962e+03  "Final single point energy"
   &Converged [&Type "Boolean"] true
$End
$SCF_Nuc_Gradient
   &GeometryIndex 18
   &NAtoms [&Type "Integer"] 34
   &gradNorm [&Type "Double"]       7.0324398787587560e-04
   &grad [&Type "ArrayOfDoubles", &Dim (102,1)] 
                                                         0

0                                     -1.3084569240010642e-04
1                                     -7.1735263869611996e-05
2                                     -1.0314612368330134e-04
3                                      1.3143088819610372e-04
4                                      1.1064532675507984e-04
5                                     -7.7423412185125191e-06
6                                     -5.9848675970029233e-08
7                                      9.1705239955519840e-05
8                                      1.8813337531792189e-04
9                                     -6.3529695412314641e-05
10                                     1.6426285010771527e-04
11                                    -1.8842191180777813e-05
12                                     9.0472984613327798e-06
13                                    -5.2848037983977610e-05
14                                     3.8939801018671729e-05
15                                    -1.0639769603213220e-04
16                                     1.2911789453802592e-04
17                                     2.0915724756040093e-05
18                                    -2.3889347103260740e-05
19                                     6.0069059593006985e-05
20                                     1.0537694296272246e-04
21                                     3.5322457374904970e-05
22                                     3.1776602341390485e-05
23                                    -4.4366476461890343e-05
24                                     3.3696802285277110e-05
25                                     4.5673743805571261e-05
26                                     1.0596637995606857e-06
27                                     2.1473541164792709e-05
28                                    -8.2006511781782020e-06
29                                     7.0460298068901781e-06
30                                     6.4040176685578078e-08
31                                    -1.5021338097861195e-05
32                                     1.2561178483093218e-05
33                                    -5.0867800355457228e-05
34                                    -6.5579657219986133e-05
35                                     2.1615348647982272e-05
36                                     4.8798620346038958e-05
37                                     1.3914406001141956e-05
38                                    -2.6642822706082503e-04
39                                     4.8415101032097649e-05
40                                    -6.5891058817946387e-05
41                                     1.1531536266477397e-04
42                                    -9.8566924929308292e-05
43                                    -1.6318402099086278e-04
44                                    -2.4886291523599889e-05
45                                    -1.3822587914519543e-04
46                                    -1.3715122680572650e-04
47                                     1.2419779819409870e-05
48                                     1.5413242820607452e-04
49                                    -6.4919958138630156e-05
50                                     3.3212707483285328e-05
51                                     7.3084164372326250e-05
52                                     1.0533483547187414e-04
53                                    -1.3998615088946719e-05
54                                     1.1333680924211078e-04
55                                    -2.9016311566874712e-05
56                                    -6.8966760509468595e-05
57                                     7.0957563483587229e-05
58                                    -7.3913058234760000e-05
59                                    -2.4642804271100733e-05
60                                    -1.0006767652094388e-04
61                                     7.3175136326953242e-05
62                                     5.9067481558311099e-05
63                                     4.2844770122638429e-05
64                                    -3.1068755195586331e-06
65                                     9.4124773862472701e-06
66                                    -4.1551007297705879e-05
67                                     7.1427960756841264e-06
68                                    -1.6218456680515669e-05
69                                    -5.3039650632857004e-06
70                                     4.0046020735906931e-05
71                                    -2.5402690954172077e-05
72                                    -5.9543752043499478e-06
73                                     1.6036041543406214e-05
74                                     1.5200848677386820e-05
75                                    -3.5983380018483056e-05
76                                     3.8862333051116723e-05
77                                    -5.9893660063910204e-06
78                                    -3.6587671003933685e-05
79                                     3.6574296010305940e-06
80                                     2.0285465081413011e-05
81                                     3.2002875235881332e-05
82                                    -6.9360873950799533e-05
83                                    -6.6348601144462045e-05
84                                     2.1216718101732735e-05
85                                    -6.8468796407889014e-05
86                                     5.7849441557101546e-06
87                                     2.5678233665329443e-06
88                                    -5.0506672601218069e-05
89                                     6.9981141172343827e-06
90                                     3.7512414209214487e-06
91                                     8.4294310432610989e-06
92                                    -4.0384986449097304e-06
93                                     8.7122582053509201e-06
94                                    -2.9461646467314787e-06
95                                    -3.0781396909959905e-06
96                                    -1.6239804892017069e-05
97                                     1.1630143138191453e-05
98                                     1.3930339543075714e-05
99                                     3.2153478862290900e-06
100                                   -9.6292894232980943e-06
101                                    6.8200006162154280e-06
   &Method [&Type "String"] "SCF"
   &Level [&Type "String"] "Relaxed density"
   &Mult [&Type "Integer"] 1
   &State [&Type "Integer"] 0
   &Irrep [&Type "Integer"] 0
$End
$Geometry
   &GeometryIndex 19
   &NAtoms [&Type "Integer"] 34
   &NCorelessECP [&Type "Integer"] 0
   &NGhostAtoms [&Type "Integer"] 0
   &CartesianCoordinates [&Type "Coordinates", &Dim(34,4), &Units "Bohr"] 
              P      6.140169581797   -3.082520141974    0.427082922444
              O      0.660261584059    2.280859910568   -2.366273020759
              O      1.177529534432    7.684968648438   -0.530028063880
              O     -3.160908241331    5.914316313273    1.607009731798
              O      4.888298975189   -0.566782002446   -0.820934760693
              O     -6.252557015146    1.904043658544    0.806863505788
              O      6.825377203629   -4.714038054715   -1.756631317953
              O      4.516138936456   -4.018374128922    2.523097306473
              O      8.666081080842   -1.976081952299    1.766205014554
              N     -2.687385855926   -0.024983848243   -0.559752033649
              N     -6.180405923739   -2.379608258669    0.893934979788
              N     -6.008007776354   -6.683734909136    0.994460814135
              C      1.327599536417    5.356617161960    0.742238169651
              C     -1.251814839075    4.133545277952    1.230535516191
              C      2.631794320743    3.317585124353   -0.815365084170
              C     -1.663792621037    2.498252836566   -1.150450523659
              C      3.901447560086    1.322432194383    0.789756343536
              C     -1.363690352850   -2.161447880543   -0.991125629336
              C     -5.132723645507   -0.119729632756    0.416262167798
              C     -2.372374541325   -4.451996657623   -0.485443756826
              C     -4.880338463486   -4.487219886323    0.478636815340
              H      2.330506690737    5.726967240204    2.505141518885
              H     -1.068699669270    2.870309170650    2.865057907608
              H      4.010658231709    4.145986509885   -2.106056014685
              H     -3.029357115761    3.404892170335   -2.409871907715
              H      2.576945751525    0.478718703200    2.136992300592
              H      5.420081393019    2.226055773977    1.870043755992
              H      0.024543855374    7.534589126165   -1.930979202570
              H     -4.708412721073    4.914722143053    1.503836806098
              H      0.517268417495   -1.911849640193   -1.749659802824
              H     -1.318427441166   -6.169046181471   -0.816507126979
              H     -5.108603028055   -8.334774745747    0.730433165339
              H     -7.781180507382   -6.696560463536    1.679171955486
              H      9.934373968037   -1.549330575053    0.530088732477
$End
$SCF_Energy
   &GeometryIndex 19
   &Method [&Type "String"] "SCF"
   &totalEnergy [&Type "ArrayOfDoubles", &Dim (1,1)] "Total energy of each state"
                                                         0

0                                     -1.4576558176191013e+03
   &Mult [&Type "ArrayOfIntegers", &Dim (1,1)] "Multiplicity of each state"
                                                         0

0                                                        1
$End
$DFT_Energy
   &GeometryIndex 19
   &nAlphaEl [&Type "Integer"] 84
   &nBetaEl [&Type "Integer"] 84
   &nTotalEl [&Type "Integer"] 168
   &finalEn [&Type "Double"]      -1.4576558176191013e+03  "No Van der Waals correction"
   &eExchange [&Type "Double"]      -1.2001252681649117e+02
   &eCorr [&Type "Double"]      -5.8388642196995804e+00
   &eXC [&Type "Double"]      -1.2585139103619076e+02
   &eCNL [&Type "Double"]       0.0000000000000000e+00
$End
$Solvation_Details
   &GeometryIndex 19
   &Solvent [&Type "String"] "WATER"
   &Epsilon [&Type "Double"]       8.0150999999999996e+01
   &Refrac [&Type "Double"]       1.3328000000000000e+00
   &RSolv [&Type "Double"]       1.3000000000000000e+00
   &SurfaceType [&Type "String"] "GAUSSIAN VDW"
   &CPCMDielEnergy [&Type "Double"]      -1.3480235800000001e-01
   &NPoints [&Type "Integer"] 2767
   &SurfaceArea [&Type "Double"]       1.1062398658190000e+03
$End
$SCF_Timings
   &GeometryIndex 19
   &TOTAL [&Type "Double"]       5.6083862000000003e+01
   &PREP [&Type "Double"]       8.3307100000000001e-01
   &FOCK [&Type "Double"]       4.9871945999999994e+01
   &DENS [&Type "Double"]       1.2030999999998926e-01
   &ETOT [&Type "Double"]       7.2611000000000203e-02
   &POP [&Type "Double"]       9.9999999747524271e-07
   &TRAFO [&Type "Double"]       4.6185700000000018e-01
   &DIIS [&Type "Double"]       9.5345400000000069e-01
   &SOSCF [&Type "Double"]       1.0981570000000023e+00
   &XC [&Type "Double"]       4.7450010000000100e+00
   &FOCKSTART [&Type "Double"]       2.6017999999999764e-02
   &SOLV [&Type "Double"]       4.3777129999999991e+00
   &SOLV_INIT [&Type "Double"]       2.0864300000000002e-01
   &INT_PREP [&Type "Double"]       9.9999999747524271e-07
   &INT_BF [&Type "Double"]       1.1719589999999611e+00
   &INT_DENS [&Type "Double"]       1.7726460000002735e+00
   &INT_DENSIO [&Type "Double"]       5.8006006756000075e+04
   &INT_FUNC [&Type "Double"]       6.4995000000203973e-02
   &INT_POT [&Type "Double"]       1.1499919999998722e+00
   &INT_POTIO [&Type "Double"]       1.0900999999910788e-02
   &INT_SUM [&Type "Double"]       5.1699999999499369e-04
   &SPLITRIJ [&Type "Double"]       3.3257540000000021e+00
   &COSX [&Type "Double"]       4.0904348999999996e+01
$End
$VdW_Correction
   &GeometryIndex 19
   &vdW [&Type "Double"]      -3.9626003985745638e-02
$End
$Single_Point_Data
   &GeometryIndex 19
   &FinalEnergy [&Type "Double"]      -1.4576954436230872e+03  "Final single point energy"
   &Converged [&Type "Boolean"] true
$End
$SCF_Nuc_Gradient
   &GeometryIndex 19
   &NAtoms [&Type "Integer"] 34
   &gradNorm [&Type "Double"]       6.9464988581813291e-04
   &grad [&Type "ArrayOfDoubles", &Dim (102,1)] 
                                                         0

0                                     -6.4634819352770681e-05
1                                     -8.8173791793338615e-05
2                                     -3.5145408848916815e-05
3                                      1.5058617901727978e-04
4                                      1.0787642575827694e-04
5                                     -1.9882510818027238e-06
6                                      8.4436561150881231e-06
7                                      4.3106765079869308e-05
8                                      1.7330535997426563e-04
9                                     -8.4683329548744822e-05
10                                     1.2698159127575332e-04
11                                    -2.0135162505006396e-05
12                                     2.2516513426840091e-05
13                                    -6.2046615060609887e-05
14                                     4.7126163381142222e-05
15                                    -9.9461406449642621e-05
16                                     1.4198182266090436e-04
17                                     2.1497738919809794e-05
18                                    -2.9277356679803041e-05
19                                     7.0156625294892996e-05
20                                     1.0702421517285787e-04
21                                     4.3973658729773278e-05
22                                     4.0993887159074846e-05
23                                    -8.0500024201586026e-05
24                                    -3.0238003256636257e-05
25                                     3.5367895020518638e-05
26                                    -2.0248348120232761e-05
27                                     1.2872491475250832e-06
28                                     6.7665109394026617e-05
29                                     3.0271535152108915e-05
30                                    -6.1227380491800571e-05
31                                     1.6372343827807844e-05
32                                     4.5778334653250974e-05
33                                    -6.5493116863178861e-05
34                                    -3.4127364270066971e-05
35                                     2.6285216986966592e-05
36                                     3.7327779595890939e-06
37                                     6.4318851298371643e-05
38                                    -2.2125498175665218e-04
39                                     1.3262094302825435e-04
40                                    -9.7915419913539717e-05
41                                     9.0697621435459152e-05
42                                    -1.2945337681813274e-04
43                                    -1.4045914689347471e-04
44                                    -7.7724068688180350e-05
45                                    -1.5029289189197678e-04
46                                    -1.2953096324938861e-04
47                                    -1.4725442109423065e-05
48                                     1.7361507610960154e-04
49                                    -7.2134508526344444e-05
50                                     6.2676258112829064e-05
51                                     1.0592253154079092e-04
52                                     6.6029979977899123e-05
53                                    -3.3783389119908751e-05
54                                     1.3303308508741011e-04
55                                    -1.1226591957571295e-04
56                                    -7.0105844812268651e-05
57                                     3.2584951742482891e-05
58                                    -2.0863067406155398e-05
59                                     1.8105810480942549e-05
60                                    -2.0073956929992307e-05
61                                     3.4486726800243810e-05
62                                    -1.2108077062149901e-05
63                                     4.9773282650011238e-05
64                                    -1.8927490503378085e-05
65                                     5.7686111827274643e-06
66                                    -4.6122990452059266e-05
67                                     3.9038003928068674e-05
68                                     6.1139966345842686e-06
69                                    -8.5215040230062422e-06
70                                     4.3323845370884086e-05
71                                    -2.3214892976170843e-05
72                                    -1.1779056002621550e-05
73                                     1.1149446021050793e-05
74                                     2.3874077767035225e-05
75                                    -4.2575597760511166e-05
76                                     4.3109149488848793e-05
77                                    -1.1977858495769601e-05
78                                    -3.7786007565867387e-05
79                                    -6.7312480782690415e-06
80                                     1.9347321167686145e-05
81                                     2.9124763707327414e-05
82                                    -5.2348225003778109e-05
83                                    -5.7403634550084738e-05
84                                     1.2197983404059281e-05
85                                    -4.7318825565295159e-05
86                                    -1.5714631404035399e-06
87                                    -1.3246522332636035e-06
88                                    -5.6543566821422878e-05
89                                     4.2268433061804444e-06
90                                     3.1032630323551407e-06
91                                     1.4820809848858137e-06
92                                    -5.9867916129023786e-06
93                                     1.2507441258769440e-05
94                                    -4.6606059199363762e-06
95                                     2.8793885484272725e-06
96                                    -1.7308362735103176e-05
97                                     1.1822329409189443e-06
98                                     1.4225818080750285e-05
99                                    -1.4769608294441192e-05
100                                   -1.0575987821250927e-05
101                                   -1.1330671931565586e-05
   &Method [&Type "String"] "SCF"
   &Level [&Type "String"] "Relaxed density"
   &Mult [&Type "Integer"] 1
   &State [&Type "Integer"] 0
   &Irrep [&Type "Integer"] 0
$End
$Geometry
   &GeometryIndex 20
   &NAtoms [&Type "Integer"] 34
   &NCorelessECP [&Type "Integer"] 0
   &NGhostAtoms [&Type "Integer"] 0
   &CartesianCoordinates [&Type "Coordinates", &Dim(34,4), &Units "Bohr"] 
              P      6.146757507545   -3.083123128698    0.426157973012
              O      0.663995828820    2.274441246944   -2.366409447383
              O      1.178862504595    7.681876768821   -0.533368029743
              O     -3.157195903881    5.913941454154    1.599867069948
              O      4.894279967943   -0.567629080939   -0.822267698995
              O     -6.251317320962    1.906845389829    0.800725935703
              O      6.834612309253   -4.713309479489   -1.757891765780
              O      4.521179546684   -4.021366494569    2.519904320114
              O      8.670301962835   -1.975634812219    1.767828800553
              N     -2.686667981812   -0.026455902604   -0.560101006025
              N     -6.184348323160   -2.376867804125    0.890008824604
              N     -6.016003777259   -6.680922933906    0.992572136800
              C      1.330395275366    5.354238232144    0.740273036878
              C     -1.248472407215    4.131553921612    1.228120314456
              C      2.635040729681    3.315514887324   -0.818063641615
              C     -1.660009347300    2.495163824503   -1.152078152878
              C      3.907361922668    1.322317922870    0.787623448964
              C     -1.363771583731   -2.164413544225   -0.986833218561
              C     -5.133465993300   -0.118467833618    0.412779165217
              C     -2.375194266027   -4.453384378615   -0.480109233153
              C     -4.884859993619   -4.485894802748    0.478664425819
              H      2.334915591392    5.723378653182    2.502575687797
              H     -1.067428836883    2.870771215689    2.864623792680
              H      4.012146119737    4.144756361740   -2.109898070451
              H     -3.024432440993    3.402246988721   -2.412504844970
              H      2.584155030246    0.478791090362    2.136345499073
              H      5.426550169507    2.227119784772    1.866163711294
              H     -0.027810227291    7.551516634939   -1.890257543095
              H     -4.705838995563    4.916556240711    1.492493865836
              H      0.518531695414   -1.916958733554   -1.742765445705
              H     -1.322275151067   -6.171776453331   -0.807528693576
              H     -5.116733762003   -8.332887574916    0.733998722643
              H     -7.790031861729   -6.691795804672    1.675011119436
              H      9.937168875166   -1.543358852232    0.532110125379
$End
$SCF_Energy
   &GeometryIndex 20
   &Method [&Type "String"] "SCF"
   &totalEnergy [&Type "ArrayOfDoubles", &Dim (1,1)] "Total energy of each state"
                                                         0

0                                     -1.4576558257479519e+03
   &Mult [&Type "ArrayOfIntegers", &Dim (1,1)] "Multiplicity of each state"
                                                         0

0                                                        1
$End
$DFT_Energy
   &GeometryIndex 20
   &nAlphaEl [&Type "Integer"] 84
   &nBetaEl [&Type "Integer"] 84
   &nTotalEl [&Type "Integer"] 168
   &finalEn [&Type "Double"]      -1.4576558257479519e+03  "No Van der Waals correction"
   &eExchange [&Type "Double"]      -1.2001279172917486e+02
   &eCorr [&Type "Double"]      -5.8388948614766587e+00
   &eXC [&Type "Double"]      -1.2585168659065152e+02
   &eCNL [&Type "Double"]       0.0000000000000000e+00
$End
$Solvation_Details
   &GeometryIndex 20
   &Solvent [&Type "String"] "WATER"
   &Epsilon [&Type "Double"]       8.0150999999999996e+01
   &Refrac [&Type "Double"]       1.3328000000000000e+00
   &RSolv [&Type "Double"]       1.3000000000000000e+00
   &SurfaceType [&Type "String"] "GAUSSIAN VDW"
   &CPCMDielEnergy [&Type "Double"]      -1.3469426300000001e-01
   &NPoints [&Type "Integer"] 2765
   &SurfaceArea [&Type "Double"]       1.1066046646630000e+03
$End
$SCF_Timings
   &GeometryIndex 20
   &TOTAL [&Type "Double"]       6.2698404000000004e+01
   &PREP [&Type "Double"]       8.4105500000000000e-01
   &FOCK [&Type "Double"]       5.6662385000000008e+01
   &DENS [&Type "Double"]       1.3677599999999757e-01
   &ETOT [&Type "Double"]       7.9569999999996810e-02
   &TRAFO [&Type "Double"]       4.6855899999999728e-01
   &DIIS [&Type "Double"]       1.4676119999999973e+00
   &SOSCF [&Type "Double"]       4.6595099999999867e-01
   &XC [&Type "Double"]       5.8522659999999878e+00
   &FOCKSTART [&Type "Double"]       2.7434000000006953e-02
   &SOLV [&Type "Double"]       5.3636189999999910e+00
   &SOLV_INIT [&Type "Double"]       2.2505500000000001e-01
   &INT_BF [&Type "Double"]       1.1180950000000767e+00
   &INT_DENS [&Type "Double"]       1.7248979999999943e+00
   &INT_DENSIO [&Type "Double"]       8.2325587384000159e+04
   &INT_FUNC [&Type "Double"]       6.2791000000075314e-02
   &INT_POT [&Type "Double"]       1.2270939999998660e+00
   &INT_POTIO [&Type "Double"]       1.0527000000051245e-02
   &INT_SUM [&Type "Double"]       9.3800000000499040e-04
   &SPLITRIJ [&Type "Double"]       4.3712970000000002e+00
   &COSX [&Type "Double"]       4.4463270999999992e+01
$End
$VdW_Correction
   &GeometryIndex 20
   &vdW [&Type "Double"]      -3.9618430134708449e-02
$End
$Single_Point_Data
   &GeometryIndex 20
   &FinalEnergy [&Type "Double"]      -1.4576954441780865e+03  "Final single point energy"
   &Converged [&Type "Boolean"] true
$End
$SCF_Nuc_Gradient
   &GeometryIndex 20
   &NAtoms [&Type "Integer"] 34
   &gradNorm [&Type "Double"]       6.9983255386874476e-04
   &grad [&Type "ArrayOfDoubles", &Dim (102,1)] 
                                                         0

0                                      1.0772835197448859e-04
1                                     -6.2769085267546125e-05
2                                      1.2082401403408738e-04
3                                      1.2194083369674677e-04
4                                      5.9630373511212624e-05
5                                      1.4988038604193911e-05
6                                     -1.8935087551619445e-05
7                                     -5.4573893077825431e-05
8                                      1.0658091268466363e-04
9                                     -1.1369718872299655e-04
10                                    -1.7813125556370463e-05
11                                    -3.4657038012448011e-05
12                                     1.2968010647802005e-05
13                                    -2.8447970049849468e-05
14                                     3.8841501273816384e-05
15                                    -1.6280648266013922e-05
16                                     9.0610280215466473e-05
17                                     5.2715602276997452e-06
18                                    -3.0217560815330507e-05
19                                     3.3388307457897818e-05
20                                     4.9928528641356574e-05
21                                     3.2863756960906391e-05
22                                     3.2674307042729166e-05
23                                    -1.0615013083955865e-04
24                                    -1.2253062929575654e-04
25                                    -9.0876271535474812e-06
26                                    -3.6295351845186467e-05
27                                    -2.4227448353907749e-05
28                                     1.7294914409692345e-04
29                                     3.3507341225092347e-05
30                                    -1.5809786608828551e-04
31                                     5.5797049389579619e-05
32                                     6.0947471677062301e-05
33                                    -7.8025711899793929e-05
34                                     4.3514755654075314e-05
35                                     6.7880572782921930e-08
36                                    -6.5325186686802629e-05
37                                     1.3491200363597796e-04
38                                    -4.9777742530241972e-05
39                                     2.1740034566560082e-04
40                                    -1.1645344342114993e-04
41                                     9.3003665404300972e-06
42                                    -1.0756591809659048e-04
43                                    -5.7791738727983424e-05
44                                    -1.6280320930537944e-04
45                                    -1.1226138811365724e-04
46                                    -7.0895539441431443e-05
47                                    -3.7346741803215457e-05
48                                     1.3107049105150177e-04
49                                    -4.4664118377963375e-05
50                                     6.2935025306329223e-05
51                                     1.0322238136536489e-04
52                                    -4.0398336587817000e-05
53                                    -4.4396735194638715e-05
54                                     6.7805708744541346e-05
55                                    -1.5132142763036525e-04
56                                    -2.8254793339516718e-05
57                                    -6.3580078576145737e-05
58                                     8.6169012793449874e-05
59                                     5.4956597534757446e-05
60                                     1.7069024160485408e-04
61                                    -7.3134657581128907e-05
62                                    -4.2094086919000928e-05
63                                     4.8292960438825277e-05
64                                    -3.9800832340208494e-05
65                                    -1.8594832029460119e-05
66                                    -3.6377062700944738e-05
67                                     7.8017732318911019e-05
68                                     4.5341353513267852e-05
69                                    -1.4394989720473015e-05
70                                     2.3958866833207566e-05
71                                    -2.2320650145914904e-08
72                                    -1.1375832708303290e-05
73                                     4.3345272586675426e-06
74                                     2.9259803055274093e-05
75                                    -4.0465518659558200e-05
76                                     3.5924952484678779e-05
77                                    -1.3253193939992040e-05
78                                    -1.5337680263909147e-05
79                                    -2.6465282585653809e-05
80                                     1.0575498148363406e-05
81                                     5.4403013540393783e-05
82                                    -6.3937573106325981e-06
83                                    -4.4032950853178002e-05
84                                     1.4140863701483702e-05
85                                     2.5089480474223318e-05
86                                    -2.5611645260854144e-06
87                                    -5.6011169567122621e-06
88                                    -4.9014692422446286e-05
89                                     3.8834214080113406e-08
90                                    -6.7760043929083368e-06
91                                    -5.4724122188587834e-06
92                                    -2.7369166013964974e-06
93                                     6.2876254342083052e-06
94                                     2.5807488957309028e-06
95                                     1.4581831654566321e-05
96                                    -3.4647017113151996e-06
97                                    -1.5518048801771268e-05
98                                     7.0790349648292814e-06
99                                    -4.4277028503948018e-05
100                                   -9.5355395699048043e-06
101                                   -4.2048391751892253e-05
   &Method [&Type "String"] "SCF"
   &Level [&Type "String"] "Relaxed density"
   &Mult [&Type "Integer"] 1
   &State [&Type "Integer"] 0
   &Irrep [&Type "Integer"] 0
$End
$Geometry
   &GeometryIndex 21
   &NAtoms [&Type "Integer"] 34
   &NCorelessECP [&Type "Integer"] 0
   &NGhostAtoms [&Type "Integer"] 0
   &CartesianCoordinates [&Type "Coordinates", &Dim(34,4), &Units "Bohr"] 
              P      6.155306290141   -3.085223895782    0.425080686544
              O      0.670792656423    2.264619566674   -2.367691924360
              O      1.181189962829    7.676596808643   -0.539625548572
              O     -3.150873430870    5.915501915553    1.584818617666
              O      4.902966007048   -0.569719944465   -0.824227411809
              O     -6.248617126857    1.911328409507    0.789114406628
              O      6.845206365008   -4.714631981337   -1.759154089135
              O      4.527931300764   -4.025246657119    2.516719238492
              O      8.676952568423   -1.978008006902    1.769628448222
              N     -2.684779094223   -0.028815459587   -0.562758284843
              N     -6.188559258156   -2.372399169178    0.883705290346
              N     -6.025806735337   -6.676288483965    0.992426086076
              C      1.334795311834    5.350102112592    0.736677767876
              C     -1.243955430577    4.128992516018    1.222385641841
              C      2.640558322409    3.311815960856   -0.822170300265
              C     -1.653434859804    2.490500834652   -1.156773968181
              C      3.915862900043    1.321303945613    0.784465934468
              C     -1.363190204201   -2.168912958715   -0.982211553591
              C     -5.133550519406   -0.116261333243    0.405828490038
              C     -2.378392494547   -4.455638413081   -0.473365265721
              C     -4.890339073908   -4.483704466937    0.478517101212
              H      2.341151791438    5.717210793584    2.498552625823
              H     -1.067983374567    2.871704362468    2.861842722910
              H      4.015707510209    4.142253062087   -2.115082491864
              H     -3.015539242252    3.397868395592   -2.419699120265
              H      2.594330015569    0.477968477276    2.135111119836
              H      5.435765316101    2.227610771943    1.860821078434
              H     -0.120891199120    7.586781266946   -1.808532089971
              H     -4.701703455091    4.922106569636    1.471073275282
              H      0.521065615497   -1.924289207480   -1.734315733917
              H     -1.326769245921   -6.175988592978   -0.794665919963
              H     -5.126572929785   -8.329697342436    0.743263684680
              H     -7.800346412946   -6.683720966586    1.673533153504
              H      9.942119016892   -1.538935885990    0.534479516856
$End
$SCF_Energy
   &GeometryIndex 21
   &Method [&Type "String"] "SCF"
   &totalEnergy [&Type "ArrayOfDoubles", &Dim (1,1)] "Total energy of each state"
                                                         0

0                                     -1.4576558511144333e+03
   &Mult [&Type "ArrayOfIntegers", &Dim (1,1)] "Multiplicity of each state"
                                                         0

0                                                        1
$End
$DFT_Energy
   &GeometryIndex 21
   &nAlphaEl [&Type "Integer"] 84
   &nBetaEl [&Type "Integer"] 84
   &nTotalEl [&Type "Integer"] 168
   &finalEn [&Type "Double"]      -1.4576558511144333e+03  "No Van der Waals correction"
   &eExchange [&Type "Double"]      -1.2001309968720196e+02
   &eCorr [&Type "Double"]      -5.8389486883560320e+00
   &eXC [&Type "Double"]      -1.2585204837555798e+02
   &eCNL [&Type "Double"]       0.0000000000000000e+00
$End
$Solvation_Details
   &GeometryIndex 21
   &Solvent [&Type "String"] "WATER"
   &Epsilon [&Type "Double"]       8.0150999999999996e+01
   &Refrac [&Type "Double"]       1.3328000000000000e+00
   &RSolv [&Type "Double"]       1.3000000000000000e+00
   &SurfaceType [&Type "String"] "GAUSSIAN VDW"
   &CPCMDielEnergy [&Type "Double"]      -1.3443943799999999e-01
   &NPoints [&Type "Integer"] 2756
   &SurfaceArea [&Type "Double"]       1.1070297408230001e+03
$End
$SCF_Timings
   &GeometryIndex 21
   &TOTAL [&Type "Double"]       4.9825734999999995e+01
   &PREP [&Type "Double"]       7.2999199999999997e-01
   &FOCK [&Type "Double"]       4.4297393000000007e+01
   &DENS [&Type "Double"]       1.4001200000000580e-01
   &ETOT [&Type "Double"]       7.9983999999990729e-02
   &TRAFO [&Type "Double"]       4.5253599999999672e-01
   &DIIS [&Type "Double"]       1.1014340000000011e+00
   &SOSCF [&Type "Double"]       7.1823199999999865e-01
   &XC [&Type "Double"]       3.8921380000000001e+00
   &FOCKSTART [&Type "Double"]       2.6180000000004422e-02
   &SOLV [&Type "Double"]       4.1903030000000037e+00
   &SOLV_INIT [&Type "Double"]       1.3790100000000005e-01
   &INT_BF [&Type "Double"]       9.2348199999997416e-01
   &INT_DENS [&Type "Double"]       1.4075590000001954e+00
   &INT_DENSIO [&Type "Double"]       6.4192132226000089e+04
   &INT_FUNC [&Type "Double"]       5.5723999999912621e-02
   &INT_POT [&Type "Double"]       9.2461099999993390e-01
   &INT_POTIO [&Type "Double"]       1.1601000000053041e-02
   &INT_SUM [&Type "Double"]       6.9600000000402673e-04
   &SPLITRIJ [&Type "Double"]       3.3550460000000064e+00
   &COSX [&Type "Double"]       3.5711213999999998e+01
$End
$VdW_Correction
   &GeometryIndex 21
   &vdW [&Type "Double"]      -3.9608840122030545e-02
$End
$Single_Point_Data
   &GeometryIndex 21
   &FinalEnergy [&Type "Double"]      -1.4576954599545554e+03  "Final single point energy"
   &Converged [&Type "Boolean"] true
$End
$SCF_Nuc_Gradient
   &GeometryIndex 21
   &NAtoms [&Type "Integer"] 34
   &gradNorm [&Type "Double"]       9.9005912995192894e-04
   &grad [&Type "ArrayOfDoubles", &Dim (102,1)] 
                                                         0

0                                      2.9460804759189247e-04
1                                     -1.7955186103318899e-06
2                                      2.7107814485814247e-04
3                                      2.2100880135733326e-05
4                                     -1.3033644110824677e-05
5                                      4.3121101758288396e-05
6                                     -1.0946495085965109e-04
7                                     -1.2387973468268716e-04
8                                      1.5283214138674602e-04
9                                     -1.1330455438829769e-04
10                                    -1.5113212557060958e-04
11                                    -3.3221951941945029e-05
12                                    -3.1226363022549876e-05
13                                     3.4379638236441701e-05
14                                     1.2779857467596446e-07
15                                     9.0101286052051278e-05
16                                    -2.6176197652203837e-05
17                                    -2.1822789212323689e-05
18                                    -2.8337991496243990e-05
19                                    -2.9219730248702009e-05
20                                    -2.6218942874935841e-05
21                                     1.8873944719886312e-05
22                                     5.3615799551206080e-06
23                                    -1.0103508187781645e-04
24                                    -1.9054295595131323e-04
25                                    -8.4509308383381480e-05
26                                    -2.0341456815165773e-05
27                                    -2.1262994747883702e-05
28                                     1.8831585546864063e-04
29                                     1.3649948835999439e-05
30                                    -2.0227779083441578e-04
31                                     1.2543410954627847e-04
32                                     7.8256256792638576e-05
33                                    -5.1730751527116303e-05
34                                     1.3606498452099712e-04
35                                    -2.1919088966539137e-05
36                                    -1.5218693971134063e-04
37                                     1.8884353054668190e-04
38                                     9.8392751108179792e-05
39                                     2.0170549244098371e-04
40                                    -7.6209033514537433e-05
41                                    -5.2189055946211379e-05
42                                    -1.9907915546999973e-05
43                                    -1.8233535741049437e-05
44                                    -2.0137228091999016e-04
45                                     3.2929377764466473e-06
46                                     1.6073670961229969e-05
47                                    -4.3609015071688156e-05
48                                     3.0887466949580786e-05
49                                     6.6521103328635899e-06
50                                     8.7441067158422546e-06
51                                     5.6404665736581663e-05
52                                    -1.2335958119766662e-04
53                                    -4.1259586038376470e-05
54                                    -5.6293901546818466e-05
55                                    -1.5509403492347746e-04
56                                     5.0583612533604317e-05
57                                    -1.6274511656507059e-04
58                                     1.7642998781159714e-04
59                                     1.1161068761999700e-04
60                                     3.1509518665113670e-04
61                                    -2.0874631285358958e-04
62                                    -1.4925724862650108e-04
63                                     4.3885221557916400e-05
64                                    -1.0673802134454478e-05
65                                    -8.6395185134914169e-05
66                                    -8.9622239682994457e-06
67                                     9.0893776805101294e-05
68                                     6.1358197515647519e-05
69                                    -1.5155209638112249e-05
70                                     2.4437583139906246e-07
71                                     2.8556342641707829e-05
72                                    -8.1714467301037422e-06
73                                     2.7031436756705678e-06
74                                     1.9722302916111613e-05
75                                    -3.3410476386420350e-05
76                                     1.4478070107652049e-05
77                                    -7.5687757804456944e-06
78                                     2.0273746661902514e-05
79                                    -4.5651732756630506e-05
80                                    -2.0457924778040262e-06
81                                     1.7810271226459618e-04
82                                     3.6373487587863394e-05
83                                    -1.0717178607132965e-04
84                                     1.9652675730430155e-05
85                                     8.9809072272183105e-05
86                                     2.8887414014018906e-06
87                                    -5.2539791177237731e-06
88                                    -1.1059700443147064e-05
89                                    -4.2328512084096215e-06
90                                    -1.6217997556446228e-05
91                                    -1.5011820497651317e-05
92                                     8.7327530614925492e-06
93                                    -3.5136379082941927e-06
94                                     1.1517587738950694e-05
95                                     3.7560486194765369e-05
96                                     5.9445578743703119e-06
97                                    -2.8778041428989974e-05
98                                     7.2683206527538190e-06
99                                    -7.0961671793921057e-05
100                                   -1.0110808802597152e-06
101                                   -7.4822805924139500e-05
   &Method [&Type "String"] "SCF"
   &Level [&Type "String"] "Relaxed density"
   &Mult [&Type "Integer"] 1
   &State [&Type "Integer"] 0
   &Irrep [&Type "Integer"] 0
$End
$Geometry
   &GeometryIndex 22
   &NAtoms [&Type "Integer"] 34
   &NCorelessECP [&Type "Integer"] 0
   &NGhostAtoms [&Type "Integer"] 0
   &CartesianCoordinates [&Type "Coordinates", &Dim(34,4), &Units "Bohr"] 
              P      6.161633984272   -3.085858331152    0.424946215252
              O      0.675323374815    2.257346486320   -2.369284833785
              O      1.181018054964    7.672548273119   -0.544899539664
              O     -3.145738157485    5.915869406612    1.574727586185
              O      4.909950831440   -0.570806379557   -0.826110877686
              O     -6.246488630778    1.914748763795    0.780488647047
              O      6.853613934016   -4.715613761281   -1.758468220371
              O      4.532426831115   -4.026103726104    2.515128453079
              O      8.681720967812   -1.978281531296    1.771808314129
              N     -2.683301509305   -0.031054493708   -0.564449402368
              N     -6.191652958001   -2.369045584667    0.879540636146
              N     -6.034049399182   -6.672962376551    0.992136744007
              C      1.338202851022    5.346831740447    0.733086778616
              C     -1.240109412730    4.126420851093    1.218472666407
              C      2.644402222616    3.309173128169   -0.826444278408
              C     -1.648787766871    2.486515101054   -1.160016769265
              C      3.922596460298    1.321307856476    0.781186264703
              C     -1.362963317165   -2.172855927911   -0.978758447073
              C     -5.133430164953   -0.114673629376    0.400909760567
              C     -2.381291441882   -4.457893719478   -0.468620243747
              C     -4.894867365950   -4.482203950447    0.478954162126
              H      2.346687888143    5.712526731913    2.494328031306
              H     -1.067275725926    2.871466812578    2.859826392572
              H      4.017625309257    4.140697756740   -2.120621410615
              H     -3.009616121307    3.394193953264   -2.424208121131
              H      2.602493192373    0.478395136188    2.133591254709
              H      5.442712826806    2.229494437546    1.855686473806
              H     -0.186108474689    7.613184030228   -1.745273226416
              H     -4.697888575457    4.924793155635    1.456510989002
              H      0.522658967967   -1.930733082679   -1.728322903293
              H     -1.330977122873   -6.179777223577   -0.785945514628
              H     -5.135575345035   -8.327586394865    0.748367554605
              H     -7.809070594455   -6.677599747331    1.671989698276
              H      9.946521250186   -1.535680757338    0.537508350186
$End
$SCF_Energy
   &GeometryIndex 22
   &Method [&Type "String"] "SCF"
   &totalEnergy [&Type "ArrayOfDoubles", &Dim (1,1)] "Total energy of each state"
                                                         0

0                                     -1.4576558799330141e+03
   &Mult [&Type "ArrayOfIntegers", &Dim (1,1)] "Multiplicity of each state"
                                                         0

0                                                        1
$End
$DFT_Energy
   &GeometryIndex 22
   &nAlphaEl [&Type "Integer"] 84
   &nBetaEl [&Type "Integer"] 84
   &nTotalEl [&Type "Integer"] 168
   &finalEn [&Type "Double"]      -1.4576558799330141e+03  "No Van der Waals correction"
   &eExchange [&Type "Double"]      -1.2001325179491171e+02
   &eCorr [&Type "Double"]      -5.8389958379193256e+00
   &eXC [&Type "Double"]      -1.2585224763283104e+02
   &eCNL [&Type "Double"]       0.0000000000000000e+00
$End
$Solvation_Details
   &GeometryIndex 22
   &Solvent [&Type "String"] "WATER"
   &Epsilon [&Type "Double"]       8.0150999999999996e+01
   &Refrac [&Type "Double"]       1.3328000000000000e+00
   &RSolv [&Type "Double"]       1.3000000000000000e+00
   &SurfaceType [&Type "String"] "GAUSSIAN VDW"
   &CPCMDielEnergy [&Type "Double"]      -1.3423872200000000e-01
   &NPoints [&Type "Integer"] 2757
   &SurfaceArea [&Type "Double"]       1.1068124880450000e+03
$End
$SCF_Timings
   &GeometryIndex 22
   &TOTAL [&Type "Double"]       6.6916353999999998e+01
   &PREP [&Type "Double"]       9.1566599999999998e-01
   &FOCK [&Type "Double"]       5.9045262999999984e+01
   &DENS [&Type "Double"]       1.7516300000001195e-01
   &ETOT [&Type "Double"]       8.5360000000012093e-02
   &TRAFO [&Type "Double"]       5.8780999999999750e-01
   &DIIS [&Type "Double"]       2.0484740000000041e+00
   &SOSCF [&Type "Double"]       8.7258799999999326e-01
   &XC [&Type "Double"]       6.2538220000000013e+00
   &FOCKSTART [&Type "Double"]       3.1748999999998251e-02
   &SOLV [&Type "Double"]       5.8119530000000097e+00
   &SOLV_INIT [&Type "Double"]       2.3995900000000003e-01
   &INT_PREP [&Type "Double"]       4.0000000023354687e-06
   &INT_BF [&Type "Double"]       1.5518270000001060e+00
   &INT_DENS [&Type "Double"]       2.4241819999999983e+00
   &INT_DENSIO [&Type "Double"]       8.7848721066000173e+04
   &INT_FUNC [&Type "Double"]       8.7410999999976369e-02
   &INT_POT [&Type "Double"]       1.7296259999998842e+00
   &INT_POTIO [&Type "Double"]       1.4225000000081423e-02
   &INT_SUM [&Type "Double"]       1.3760000000075934e-03
   &SPLITRIJ [&Type "Double"]       4.5683889999999971e+00
   &COSX [&Type "Double"]       4.6394081000000000e+01
$End
$VdW_Correction
   &GeometryIndex 22
   &vdW [&Type "Double"]      -3.9601399624922234e-02
$End
$Single_Point_Data
   &GeometryIndex 22
   &FinalEnergy [&Type "Double"]      -1.4576954813326390e+03  "Final single point energy"
   &Converged [&Type "Boolean"] true
$End
$SCF_Nuc_Gradient
   &GeometryIndex 22
   &NAtoms [&Type "Integer"] 34
   &gradNorm [&Type "Double"]       1.1695687009475181e-03
   &grad [&Type "ArrayOfDoubles", &Dim (102,1)] 
                                                         0

0                                      3.6497384397289243e-04
1                                      3.3986109981333783e-05
2                                      3.1578805103355098e-04
3                                     -2.0609478287928243e-05
4                                     -2.5225292362265355e-05
5                                      5.1227750257978671e-05
6                                     -2.0954932418037198e-04
7                                     -1.0797535777802748e-04
8                                      3.4588565687734580e-04
9                                     -1.1376796025655133e-04
10                                    -2.0000972865470766e-04
11                                    -1.4833940698289974e-05
12                                    -4.6498414537298599e-05
13                                     4.7698566852026421e-05
14                                    -1.5368484162852889e-05
15                                     1.1179962008965437e-04
16                                    -4.4885002134061782e-05
17                                    -3.2688474241046271e-05
18                                    -2.6519941921018309e-05
19                                    -5.3795501768471427e-05
20                                    -5.3407344940168197e-05
21                                     6.9212587321699224e-06
22                                    -5.8376930110949805e-06
23                                    -9.0592629582452757e-05
24                                    -2.1260041067420291e-04
25                                    -1.1659291022310342e-04
26                                    -1.2572438010286496e-05
27                                    -2.8807911351079127e-05
28                                     1.6668140085495512e-04
29                                     8.2907793376629433e-07
30                                    -2.0727126458415477e-04
31                                     1.4029784797502424e-04
32                                     5.8554127967415326e-05
33                                    -5.3617850212975867e-05
34                                     1.5657016272060552e-04
35                                    -5.5391746696722783e-05
36                                    -1.7546876171871937e-04
37                                     1.6985986045693304e-04
38                                     4.7195351022324453e-05
39                                     1.7016800247452775e-04
40                                    -2.0072003250721083e-05
41                                    -4.8829039606025588e-05
42                                     3.8076799443508631e-06
43                                    -5.0817606869939540e-05
44                                    -1.9434393942531616e-04
45                                     4.8548817334524697e-05
46                                     2.9674397119904629e-05
47                                    -3.9990962864040291e-05
48                                     7.7472515171270098e-07
49                                     2.4265919335729206e-05
50                                    -1.5422061020215887e-05
51                                     3.6037841822477335e-05
52                                    -1.2729203386272316e-04
53                                    -2.8619247406487026e-05
54                                    -7.8477661155882810e-05
55                                    -1.5014515772892890e-04
56                                     6.8411734419176765e-05
57                                    -1.8660982015923319e-04
58                                     1.8808688476258515e-04
59                                     9.5609944014958095e-05
60                                     3.5913435194654487e-04
61                                    -2.3917904637787884e-04
62                                    -9.7865001550440507e-05
63                                     6.4598823334818963e-05
64                                     3.0721504393026118e-05
65                                    -1.2785342377252533e-04
66                                     1.1245319376186994e-05
67                                     8.0204133918944950e-05
68                                     6.3883905074967729e-05
69                                    -1.9966024372433953e-05
70                                     1.4581643725669613e-06
71                                     4.4413045751927932e-05
72                                    -8.1720036178026202e-06
73                                     6.5513768114162018e-07
74                                     1.5128596591712712e-05
75                                    -2.8012163315816710e-05
76                                     8.2871675318285999e-06
77                                    -3.1379411578671154e-06
78                                     2.8055167323143922e-05
79                                    -4.9845273651695753e-05
80                                    -1.3678162237794854e-06
81                                     2.8069178839744250e-04
82                                     4.9348614707508097e-05
83                                    -2.5830961063601015e-04
84                                     3.2727403475109931e-05
85                                     9.8634424576218372e-05
86                                     1.5345741087552351e-05
87                                    -6.1112292173284908e-06
88                                    -1.4630805003677610e-06
89                                    -7.7343259579793757e-06
90                                    -2.0082130089460277e-05
91                                    -1.9174046419209544e-05
92                                     1.0428279896215616e-05
93                                    -8.6193417441968043e-06
94                                     1.1302817227766017e-05
95                                     4.2729602228867744e-05
96                                     1.2064099367085766e-05
97                                    -3.1983996112619969e-05
98                                     9.4062540240727162e-06
99                                    -8.0787089044875231e-05
100                                    6.5606531709782399e-06
101                                   -8.6508690024718332e-05
   &Method [&Type "String"] "SCF"
   &Level [&Type "String"] "Relaxed density"
   &Mult [&Type "Integer"] 1
   &State [&Type "Integer"] 0
   &Irrep [&Type "Integer"] 0
$End
$Geometry
   &GeometryIndex 23
   &NAtoms [&Type "Integer"] 34
   &NCorelessECP [&Type "Integer"] 0
   &NGhostAtoms [&Type "Integer"] 0
   &CartesianCoordinates [&Type "Coordinates", &Dim(34,4), &Units "Bohr"] 
              P      6.166905803365   -3.086822733167    0.424742449095
              O      0.679730473727    2.250836087660   -2.371336568613
              O      1.180644733486    7.668365732367   -0.549561349125
              O     -3.140952236841    5.917427885852    1.562633031371
              O      4.915749226882   -0.572308427463   -0.828020148361
              O     -6.244269958432    1.917864838360    0.771717237722
              O      6.860229383494   -4.717308492732   -1.757769824104
              O      4.536390840781   -4.026764341816    2.514106252076
              O      8.685947813909   -1.978800233389    1.772980374052
              N     -2.681581121517   -0.033172066561   -0.566524217779
              N     -6.193981223235   -2.365980356668    0.875594334400
              N     -6.040645931021   -6.669878183061    0.992965712935
              C      1.341369909047    5.343342705526    0.729928044248
              C     -1.237007023943    4.124236643292    1.214079173308
              C      2.647925826263    3.306562945816   -0.830564581965
              C     -1.644385675064    2.482762049438   -1.163777873992
              C      3.928354078117    1.320870406728    0.778004954538
              C     -1.362287064593   -2.176529698100   -0.975866833218
              C     -5.132957021959   -0.113236678204    0.395819282247
              C     -2.383359291974   -4.459979775746   -0.464164676987
              C     -4.898492534024   -4.480808330144    0.479367770830
              H      2.351780679339    5.706971822091    2.490828263421
              H     -1.068688266004    2.871939558620    2.857658689314
              H      4.019607003749    4.139197238698   -2.125617898211
              H     -3.004009451635    3.390459878662   -2.429341351232
              H      2.609240435181    0.478518408901    2.131825198061
              H      5.448651823696    2.230500301402    1.851043528652
              H     -0.247159067497    7.640732414244   -1.678183444317
              H     -4.694602365959    4.928959498349    1.439951585843
              H      0.524625023790   -1.936766116479   -1.723008051721
              H     -1.334116050774   -6.183237781003   -0.777489265555
              H     -5.142638576913   -8.325545638711    0.754650105091
              H     -7.816018479975   -6.671952131463    1.671900428135
              H      9.950395149594   -1.533674427439    0.539200854116
$End
$SCF_Energy
   &GeometryIndex 23
   &Method [&Type "String"] "SCF"
   &totalEnergy [&Type "ArrayOfDoubles", &Dim (1,1)] "Total energy of each state"
                                                         0

0                                     -1.4576559299409980e+03
   &Mult [&Type "ArrayOfIntegers", &Dim (1,1)] "Multiplicity of each state"
                                                         0

0                                                        1
$End
$DFT_Energy
   &GeometryIndex 23
   &nAlphaEl [&Type "Integer"] 84
   &nBetaEl [&Type "Integer"] 84
   &nTotalEl [&Type "Integer"] 168
   &finalEn [&Type "Double"]      -1.4576559299409980e+03  "No Van der Waals correction"
   &eExchange [&Type "Double"]      -1.2001340507998347e+02
   &eCorr [&Type "Double"]      -5.8390551766442869e+00
   &eXC [&Type "Double"]      -1.2585246025662775e+02
   &eCNL [&Type "Double"]       0.0000000000000000e+00
$End
$Solvation_Details
   &GeometryIndex 23
   &Solvent [&Type "String"] "WATER"
   &Epsilon [&Type "Double"]       8.0150999999999996e+01
   &Refrac [&Type "Double"]       1.3328000000000000e+00
   &RSolv [&Type "Double"]       1.3000000000000000e+00
   &SurfaceType [&Type "String"] "GAUSSIAN VDW"
   &CPCMDielEnergy [&Type "Double"]      -1.3401291200000001e-01
   &NPoints [&Type "Integer"] 2759
   &SurfaceArea [&Type "Double"]       1.1063763736040000e+03
$End
$SCF_Timings
   &GeometryIndex 23
   &TOTAL [&Type "Double"]       4.3329096999999997e+01
   &PREP [&Type "Double"]       8.5961600000000005e-01
   &FOCK [&Type "Double"]       3.8969453999999999e+01
   &DENS [&Type "Double"]       1.2467200000000389e-01
   &ETOT [&Type "Double"]       7.2616000000000014e-02
   &TRAFO [&Type "Double"]       3.0414400000000086e-01
   &DIIS [&Type "Double"]       1.3100139999999953e+00
   &SOSCF [&Type "Double"]       4.6342800000000040e-01
   &XC [&Type "Double"]       3.6576390000000032e+00
   &FOCKSTART [&Type "Double"]       2.5469000000003961e-02
   &SOLV [&Type "Double"]       3.7636689999999984e+00
   &SOLV_INIT [&Type "Double"]       2.2920700000000005e-01
   &INT_PREP [&Type "Double"]       2.9999999977547986e-06
   &INT_BF [&Type "Double"]       9.0546300000007029e-01
   &INT_DENS [&Type "Double"]       1.3514590000000233e+00
   &INT_DENSIO [&Type "Double"]       6.7697345368000140e+04
   &INT_FUNC [&Type "Double"]       5.3806000000026444e-02
   &INT_POT [&Type "Double"]       1.0606360000000219e+00
   &INT_POTIO [&Type "Double"]       1.0721000000062375e-02
   &INT_SUM [&Type "Double"]       7.2600000000733189e-04
   &SPLITRIJ [&Type "Double"]       3.1822399999999993e+00
   &COSX [&Type "Double"]       3.0276214999999990e+01
$End
$VdW_Correction
   &GeometryIndex 23
   &vdW [&Type "Double"]      -3.9595970674751874e-02
$End
$Single_Point_Data
   &GeometryIndex 23
   &FinalEnergy [&Type "Double"]      -1.4576955259116728e+03  "Final single point energy"
   &Converged [&Type "Boolean"] true
$End
$SCF_Nuc_Gradient
   &GeometryIndex 23
   &NAtoms [&Type "Integer"] 34
   &gradNorm [&Type "Double"]       1.4197567146412287e-03
   &grad [&Type "ArrayOfDoubles", &Dim (102,1)] 
                                                         0

0                                      4.1632354245706366e-04
1                                      6.6197867716935078e-05
2                                      3.4431387834799228e-04
3                                     -4.5329410648689748e-05
4                                     -4.2492413964470625e-05
5                                      5.9048898926133313e-05
6                                     -3.2898144277381490e-04
7                                     -1.0273312139477209e-04
8                                      5.9638306485048785e-04
9                                     -9.7035579748722562e-05
10                                    -2.3470791618066087e-04
11                                     8.8722972372409434e-06
12                                    -5.9059679884178610e-05
13                                     5.4759264994993541e-05
14                                    -2.6750855175173568e-05
15                                     1.2465448159908388e-04
16                                    -6.8864017830327082e-05
17                                    -3.8350695354307016e-05
18                                    -2.6359327173791554e-05
19                                    -7.3554603993304516e-05
20                                    -7.3373418127851248e-05
21                                    -7.4549399433956865e-06
22                                    -1.6357145440680542e-05
23                                    -7.9123340358612694e-05
24                                    -2.2575785888433669e-04
25                                    -1.3871696383257603e-04
26                                    -8.2619796561385337e-06
27                                    -3.3634031538088327e-05
28                                     1.5731976895337380e-04
29                                     2.2541756893339942e-06
30                                    -2.0179625026151964e-04
31                                     1.4389732713511298e-04
32                                     5.9293441898309350e-05
33                                    -4.8942928871029687e-05
34                                     1.6681287424160374e-04
35                                    -6.7814596772842146e-05
36                                    -1.9695056566900357e-04
37                                     1.3441407491193209e-04
38                                    -3.9645719714762861e-05
39                                     1.3336417964655462e-04
40                                     6.3953297117833974e-05
41                                    -2.3812278635245663e-05
42                                     1.2326813152842156e-05
43                                    -1.0033049673035171e-04
44                                    -1.9506412166488308e-04
45                                     1.0045293161080806e-04
46                                     4.7577463286466179e-05
47                                    -3.2444904574704844e-05
48                                    -2.1508563110757891e-05
49                                     3.3613850614944317e-05
50                                    -3.5618139291724934e-05
51                                     2.4622078568203778e-05
52                                    -1.3269948573546293e-04
53                                    -2.5285943204965194e-05
54                                    -9.8490581191588712e-05
55                                    -1.3925798526884351e-04
56                                     8.0485620498470082e-05
57                                    -1.9071959603872754e-04
58                                     1.9270628887620405e-04
59                                     9.9337438710087126e-05
60                                     3.6211983026793659e-04
61                                    -2.5648221532004775e-04
62                                    -1.1218829831827281e-04
63                                     9.8249989167138621e-05
64                                     8.1606682830285903e-05
65                                    -1.7835400996028789e-04
66                                     3.2205359728694268e-05
67                                     6.7970406627954251e-05
68                                     5.9047864327504702e-05
69                                    -2.5045152046762105e-05
70                                     4.9492561714431851e-06
71                                     5.4448595138141138e-05
72                                    -1.2919250988672191e-05
73                                    -3.6749312090226990e-06
74                                     8.2412346317323963e-06
75                                    -2.7107745106180839e-05
76                                     4.8544536060053959e-06
77                                    -1.9717694605082207e-06
78                                     3.3958824897038564e-05
79                                    -5.2733978450847930e-05
80                                     1.1420269864255694e-06
81                                     3.8076685826047646e-04
82                                     6.6927617433349312e-05
83                                    -4.3430140443064105e-04
84                                     3.8333860521453126e-05
85                                     9.5824791797947977e-05
86                                     2.6462925254009957e-05
87                                    -5.8745969898559247e-06
88                                     4.1421447284054774e-06
89                                    -9.1380114787287811e-06
90                                    -2.2533173733706738e-05
91                                    -1.8867751362963486e-05
92                                     1.2821785905847112e-05
93                                    -1.1624814042129382e-05
94                                     1.3809320412868671e-05
95                                     5.0596479995537974e-05
96                                     1.6796715873780495e-05
97                                    -3.3389159134361425e-05
98                                     1.2429403572988510e-05
99                                    -8.7049975263289736e-05
100                                    1.3525465383646012e-05
101                                   -9.3679648697544949e-05
   &Method [&Type "String"] "SCF"
   &Level [&Type "String"] "Relaxed density"
   &Mult [&Type "Integer"] 1
   &State [&Type "Integer"] 0
   &Irrep [&Type "Integer"] 0
$End
$Geometry
   &GeometryIndex 24
   &NAtoms [&Type "Integer"] 34
   &NCorelessECP [&Type "Integer"] 0
   &NGhostAtoms [&Type "Integer"] 0
   &CartesianCoordinates [&Type "Coordinates", &Dim(34,4), &Units "Bohr"] 
              P      6.171942412831   -3.087897432672    0.423996021084
              O      0.684261034747    2.244923885425   -2.373606930809
              O      1.180110837195    7.663886915030   -0.553552957898
              O     -3.136816512060    5.919834635160    1.548381678984
              O      4.920918127905   -0.573862532800   -0.829919159789
              O     -6.242074573802    1.920933875590    0.762163255096
              O      6.866183075593   -4.718887205028   -1.757906514071
              O      4.540635723991   -4.027737507231    2.512850958966
              O      8.690239495935   -1.979396602109    1.773059090848
              N     -2.679788719318   -0.035256533121   -0.569203450905
              N     -6.195770932868   -2.362921569648    0.872081400334
              N     -6.046190316378   -6.666760721783    0.995253295578
              C      1.344107863637    5.339546122885    0.727520526524
              C     -1.234856913833    4.122202634928    1.209127187322
              C      2.651216014357    3.303977125852   -0.834080618112
              C     -1.640172101203    2.479093766987   -1.168200455180
              C      3.933385880936    1.319985425464    0.775233434660
              C     -1.361476136364   -2.180124753443   -0.973571862155
              C     -5.132281519248   -0.111802843002    0.390378873853
              C     -2.385005815448   -4.461976341314   -0.459721814744
              C     -4.901430323722   -4.479345755856    0.480525187506
              H      2.355908405138    5.700498801958    2.488554230116
              H     -1.072527690722    2.872841012587    2.855245378254
              H      4.021744189571    4.137880752865   -2.129515527963
              H     -2.998423082259    3.386607649492   -2.435424922523
              H      2.614941026179    0.477950671539    2.130000779823
              H      5.453712195523    2.230698206368    1.847314343286
              H     -0.303624358552    7.668886428686   -1.607727711512
              H     -4.692099990767    4.934257421495    1.420908965467
              H      0.526588453362   -1.942734999688   -1.718622550164
              H     -1.336767022404   -6.186568037614   -0.769008003409
              H     -5.148624240816   -8.323417730346    0.762200575087
              H     -7.821845187003   -6.666341012591    1.673447530774
              H      9.954277562928   -1.532190750205    0.539590949948
$End
$SCF_Energy
   &GeometryIndex 24
   &Method [&Type "String"] "SCF"
   &totalEnergy [&Type "ArrayOfDoubles", &Dim (1,1)] "Total energy of each state"
                                                         0

0                                     -1.4576559976529722e+03
   &Mult [&Type "ArrayOfIntegers", &Dim (1,1)] "Multiplicity of each state"
                                                         0

0                                                        1
$End
$DFT_Energy
   &GeometryIndex 24
   &nAlphaEl [&Type "Integer"] 84
   &nBetaEl [&Type "Integer"] 84
   &nTotalEl [&Type "Integer"] 168
   &finalEn [&Type "Double"]      -1.4576559976529722e+03  "No Van der Waals correction"
   &eExchange [&Type "Double"]      -1.2001355515976286e+02
   &eCorr [&Type "Double"]      -5.8391220679477236e+00
   &eXC [&Type "Double"]      -1.2585267722771059e+02
   &eCNL [&Type "Double"]       0.0000000000000000e+00
$End
$Solvation_Details
   &GeometryIndex 24
   &Solvent [&Type "String"] "WATER"
   &Epsilon [&Type "Double"]       8.0150999999999996e+01
   &Refrac [&Type "Double"]       1.3328000000000000e+00
   &RSolv [&Type "Double"]       1.3000000000000000e+00
   &SurfaceType [&Type "String"] "GAUSSIAN VDW"
   &CPCMDielEnergy [&Type "Double"]      -1.3377009600000000e-01
   &NPoints [&Type "Integer"] 2762
   &SurfaceArea [&Type "Double"]       1.1060860222189999e+03
$End
$SCF_Timings
   &GeometryIndex 24
   &TOTAL [&Type "Double"]       3.7479101000000000e+01
   &PREP [&Type "Double"]       7.4703200000000003e-01
   &FOCK [&Type "Double"]       3.3299683999999999e+01
   &DENS [&Type "Double"]       1.1436899999999994e-01
   &ETOT [&Type "Double"]       6.7441999999998004e-02
   &POP [&Type "Double"]       9.9999999747524271e-07
   &TRAFO [&Type "Double"]       3.0949699999999858e-01
   &DIIS [&Type "Double"]       1.0861500000000017e+00
   &SOSCF [&Type "Double"]       4.6478399999999720e-01
   &XC [&Type "Double"]       3.0527330000000052e+00
   &FOCKSTART [&Type "Double"]       2.3054000000002350e-02
   &SOLV [&Type "Double"]       3.2775340000000037e+00
   &SOLV_INIT [&Type "Double"]       1.3358199999999998e-01
   &INT_PREP [&Type "Double"]       9.9999999925159955e-07
   &INT_BF [&Type "Double"]       7.5260500000002484e-01
   &INT_DENS [&Type "Double"]       1.0658239999999779e+00
   &INT_DENSIO [&Type "Double"]       5.0563095518000067e+04
   &INT_FUNC [&Type "Double"]       4.8422999999957916e-02
   &INT_POT [&Type "Double"]       7.1411500000006267e-01
   &INT_POTIO [&Type "Double"]       8.1109999999435800e-03
   &INT_SUM [&Type "Double"]       6.1299999999953059e-04
   &SPLITRIJ [&Type "Double"]       2.6518209999999978e+00
   &COSX [&Type "Double"]       2.6314101000000004e+01
$End
$VdW_Correction
   &GeometryIndex 24
   &vdW [&Type "Double"]      -3.9591147736039008e-02
$End
$Single_Point_Data
   &GeometryIndex 24
   &FinalEnergy [&Type "Double"]      -1.4576955888007083e+03  "Final single point energy"
   &Converged [&Type "Boolean"] true
$End
$SCF_Nuc_Gradient
   &GeometryIndex 24
   &NAtoms [&Type "Integer"] 34
   &gradNorm [&Type "Double"]       1.7339066929759621e-03
   &grad [&Type "ArrayOfDoubles", &Dim (102,1)] 
                                                         0

0                                      4.5937383595017281e-04
1                                      9.6814509208781937e-05
2                                      3.6678377581458269e-04
3                                     -5.9197980936916299e-05
4                                     -5.6425823806042523e-05
5                                      6.2676833822612309e-05
6                                     -4.7636815011376605e-04
7                                     -7.9021169495326494e-05
8                                      8.7002143872242017e-04
9                                     -8.2315742688335514e-05
10                                    -2.5591378423705607e-04
11                                     1.3648878464488220e-05
12                                    -6.9583827919394243e-05
13                                     5.7438817171304231e-05
14                                    -4.1051632202574834e-05
15                                     1.3057481545577891e-04
16                                    -8.8124428229125146e-05
17                                    -4.0071921175512432e-05
18                                    -2.7295394692202141e-05
19                                    -9.1023714225024635e-05
20                                    -9.0613171364132541e-05
21                                    -2.2795010922618700e-05
22                                    -2.6494687201205995e-05
23                                    -6.8766344730030138e-05
24                                    -2.3650417362495722e-04
25                                    -1.5529312827199852e-04
26                                    -8.0403155224995640e-06
27                                    -4.5141160390808281e-05
28                                     1.5356842967096865e-04
29                                     1.3334862969656839e-05
30                                    -1.9602809864285254e-04
31                                     1.4015489993677874e-04
32                                     5.4985836699500499e-05
33                                    -4.7723429672322140e-05
34                                     1.7170863252101524e-04
35                                    -8.3797097014762296e-05
36                                    -2.1266455215047966e-04
37                                     8.3374947241259380e-05
38                                    -1.3552562481719489e-04
39                                     9.7042021608803258e-05
40                                     1.5093482244328061e-04
41                                     9.7187467892261654e-06
42                                     1.1198594936772993e-05
43                                    -1.5154055806345870e-04
44                                    -1.9719792927865980e-04
45                                     1.5487336195475925e-04
46                                     6.8509829372807944e-05
47                                    -2.3691220225071768e-05
48                                    -4.0029275076392456e-05
49                                     4.1532648099451975e-05
50                                    -4.3765290108015192e-05
51                                     1.1642392854976273e-05
52                                    -1.3471007046315556e-04
53                                    -2.8022029539816038e-05
54                                    -1.0818769246634529e-04
55                                    -1.3148266991573284e-04
56                                     8.3140563104628647e-05
57                                    -1.8899398090575217e-04
58                                     1.9560099674352971e-04
59                                     9.6416215890957827e-05
60                                     3.6313174395315672e-04
61                                    -2.5769616269697782e-04
62                                    -9.7746249748886918e-05
63                                     1.4400149917712226e-04
64                                     1.3417700767966745e-04
65                                    -2.3223879986681098e-04
66                                     5.2975876430451332e-05
67                                     5.4129909687243159e-05
68                                     5.3075318080076658e-05
69                                    -3.1614579310824178e-05
70                                     9.2566008622587596e-06
71                                     6.0185206398057019e-05
72                                    -1.6780103428130412e-05
73                                    -6.7326644473039428e-06
74                                     2.7490562430639953e-07
75                                    -2.5355408972698985e-05
76                                    -3.6584803633063267e-07
77                                    -1.4736020276913343e-06
78                                     3.6634688235136621e-05
79                                    -5.4396862486037599e-05
80                                     3.8513625917140873e-06
81                                     4.9292041075094854e-04
82                                     5.6633830554283523e-05
83                                    -6.1189398688023266e-04
84                                     4.3475244150392272e-05
85                                     8.8591873030226243e-05
86                                     3.7497178456050823e-05
87                                    -4.9911536250708556e-06
88                                     6.3348487915113169e-06
89                                    -8.3270007827412256e-06
90                                    -2.3090919519237263e-05
91                                    -1.9229672255458605e-05
92                                     1.4525329356567234e-05
93                                    -1.3393174151759547e-05
94                                     1.4155986403548647e-05
95                                     5.5909583754213462e-05
96                                     2.0171838209159600e-05
97                                    -3.3961617152643438e-05
98                                     1.4934858406840824e-05
99                                    -8.9962552163394451e-05
100                                    1.9494294603287969e-05
101                                   -9.8758681452190634e-05
   &Method [&Type "String"] "SCF"
   &Level [&Type "String"] "Relaxed density"
   &Mult [&Type "Integer"] 1
   &State [&Type "Integer"] 0
   &Irrep [&Type "Integer"] 0
$End
$Geometry
   &GeometryIndex 25
   &NAtoms [&Type "Integer"] 34
   &NCorelessECP [&Type "Integer"] 0
   &NGhostAtoms [&Type "Integer"] 0
   &CartesianCoordinates [&Type "Coordinates", &Dim(34,4), &Units "Bohr"] 
              P      6.176872361201   -3.088875747466    0.423002842987
              O      0.688723205774    2.239332128403   -2.376077050626
              O      1.179270096408    7.659170238790   -0.557524031955
              O     -3.133041911215    5.922414832717    1.533299227066
              O      4.925813342314   -0.575319546908   -0.831858425561
              O     -6.239952147164    1.923923706907    0.752086937632
              O      6.871956898881   -4.720255748702   -1.758381442621
              O      4.544979611851   -4.028707983782    2.511454635801
              O      8.694500549940   -1.979808956328    1.772714209001
              N     -2.678064009069   -0.037423658034   -0.572326822930
              N     -6.197410259448   -2.359921534685    0.868678266480
              N     -6.051261117843   -6.663664645900    0.998459908510
              C      1.346545790023    5.335595767422    0.725417639926
              C     -1.233212903918    4.120057965025    1.203896739397
              C      2.654280312567    3.301472659164   -0.837419105982
              C     -1.636190241000    2.475387038719   -1.173013218436
              C      3.938056707794    1.319023283744    0.772553335914
              C     -1.360697529167   -2.183782723587   -0.971676338146
              C     -5.131604272599   -0.110447662385    0.384633078921
              C     -2.386578560671   -4.464015955280   -0.455385850779
              C     -4.904169436048   -4.477919653329    0.481914597489
              H      2.359483081078    5.693482578072    2.486842430220
              H     -1.077513293229    2.873737474309    2.852643351075
              H      4.023817600606    4.136738232474   -2.133022980508
              H     -2.993018131210    3.382676053102   -2.441947865611
              H      2.620163984395    0.477209658850    2.128088934322
              H      5.458330654764    2.230726804061    1.843858520569
              H     -0.355714830141    7.697639544180   -1.534678999596
              H     -4.690027282260    4.939917267751    1.400677097014
              H      0.528453966029   -1.948787634521   -1.714793738485
              H     -1.339317035326   -6.189925907176   -0.760563395727
              H     -5.154112735725   -8.321279622895    0.770652827990
              H     -7.827141522051   -6.660760900700    1.676060213692
              H      9.958175917520   -1.530824348152    0.539505657231
$End
$SCF_Energy
   &GeometryIndex 25
   &Method [&Type "String"] "SCF"
   &totalEnergy [&Type "ArrayOfDoubles", &Dim (1,1)] "Total energy of each state"
                                                         0

0                                     -1.4576560877057614e+03
   &Mult [&Type "ArrayOfIntegers", &Dim (1,1)] "Multiplicity of each state"
                                                         0

0                                                        1
$End
$DFT_Energy
   &GeometryIndex 25
   &nAlphaEl [&Type "Integer"] 84
   &nBetaEl [&Type "Integer"] 84
   &nTotalEl [&Type "Integer"] 168
   &finalEn [&Type "Double"]      -1.4576560877057614e+03  "No Van der Waals correction"
   &eExchange [&Type "Double"]      -1.2001368192057669e+02
   &eCorr [&Type "Double"]      -5.8391914032713634e+00
   &eXC [&Type "Double"]      -1.2585287332384804e+02
   &eCNL [&Type "Double"]       0.0000000000000000e+00
$End
$Solvation_Details
   &GeometryIndex 25
   &Solvent [&Type "String"] "WATER"
   &Epsilon [&Type "Double"]       8.0150999999999996e+01
   &Refrac [&Type "Double"]       1.3328000000000000e+00
   &RSolv [&Type "Double"]       1.3000000000000000e+00
   &SurfaceType [&Type "String"] "GAUSSIAN VDW"
   &CPCMDielEnergy [&Type "Double"]      -1.3351774799999999e-01
   &NPoints [&Type "Integer"] 2758
   &SurfaceArea [&Type "Double"]       1.1060326876340000e+03
$End
$SCF_Timings
   &GeometryIndex 25
   &TOTAL [&Type "Double"]       6.9630736999999996e+01
   &PREP [&Type "Double"]       8.5615399999999997e-01
   &FOCK [&Type "Double"]       6.2996688999999996e+01
   &DENS [&Type "Double"]       1.7444599999999610e-01
   &ETOT [&Type "Double"]       9.8214000000004020e-02
   &TRAFO [&Type "Double"]       5.2901899999999635e-01
   &DIIS [&Type "Double"]       2.0734520000000014e+00
   &SOSCF [&Type "Double"]       6.8451299999999904e-01
   &XC [&Type "Double"]       6.6296860000000049e+00
   &FOCKSTART [&Type "Double"]       2.9035000000003364e-02
   &SOLV [&Type "Double"]       6.0439779999999885e+00
   &SOLV_INIT [&Type "Double"]       2.1005499999999999e-01
   &INT_PREP [&Type "Double"]       2.9999999924257281e-06
   &INT_BF [&Type "Double"]       1.3279669999999371e+00
   &INT_DENS [&Type "Double"]       2.0559099999999582e+00
   &INT_DENSIO [&Type "Double"]       1.0689174057000017e+05
   &INT_FUNC [&Type "Double"]       8.2970999999982809e-02
   &INT_POT [&Type "Double"]       1.3754870000001116e+00
   &INT_POTIO [&Type "Double"]       1.3554999999946915e-02
   &INT_SUM [&Type "Double"]       1.2310000000024246e-03
   &SPLITRIJ [&Type "Double"]       4.7944139999999935e+00
   &COSX [&Type "Double"]       4.8522599000000007e+01
$End
$VdW_Correction
   &GeometryIndex 25
   &vdW [&Type "Double"]      -3.9586207786569974e-02
$End
$Single_Point_Data
   &GeometryIndex 25
   &FinalEnergy [&Type "Double"]      -1.4576956739135480e+03  "Final single point energy"
   &Converged [&Type "Boolean"] true
$End
$SCF_Nuc_Gradient
   &GeometryIndex 25
   &NAtoms [&Type "Integer"] 34
   &gradNorm [&Type "Double"]       2.1297223951643818e-03
   &grad [&Type "ArrayOfDoubles", &Dim (102,1)] 
                                                         0

0                                      4.9120503679474833e-04
1                                      1.2106303008948784e-04
2                                      3.8046034671208667e-04
3                                     -7.2112372704487691e-05
4                                     -6.6292547750886500e-05
5                                      6.2832206503377519e-05
6                                     -6.7472765902406684e-04
7                                      1.7288540174862537e-05
8                                      1.1656868439383803e-03
9                                     -7.6224265216819922e-05
10                                    -2.7216325827130491e-04
11                                     8.3775382997099872e-08
12                                    -7.6954985224789998e-05
13                                     5.8126981083191499e-05
14                                    -5.0749800947840473e-05
15                                     1.3393596238795097e-04
16                                    -1.0168435103584661e-04
17                                    -4.1062865237570401e-05
18                                    -2.7573982705434498e-05
19                                    -1.0435876448511508e-04
20                                    -1.0233679528555737e-04
21                                    -3.4615271433932778e-05
22                                    -3.5529798433328342e-05
23                                    -5.9537850455740007e-05
24                                    -2.4322441371533662e-04
25                                    -1.6809768254059322e-04
26                                    -9.0173530482302500e-06
27                                    -5.9446360287587687e-05
28                                     1.5630106132888584e-04
29                                     2.7068950136356818e-05
30                                    -1.9051784681252314e-04
31                                     1.3487202414511282e-04
32                                     5.5307735657546217e-05
33                                    -4.5859559381422567e-05
34                                     1.7284323565116153e-04
35                                    -9.4765515618580457e-05
36                                    -2.2068206938240844e-04
37                                     1.8933139239518410e-05
38                                    -2.2384837195631535e-04
39                                     7.1354408087147402e-05
40                                     2.3260913002131185e-04
41                                     6.3689062746032104e-05
42                                     6.1213095989291397e-06
43                                    -2.0996481072236282e-04
44                                    -1.9637804111846268e-04
45                                     2.0098810950578205e-04
46                                     8.3714125783083485e-05
47                                    -2.2829208138876015e-05
48                                    -5.4184475005790433e-05
49                                     5.0003856247218977e-05
50                                    -4.9002377418727079e-05
51                                     2.2422399982034496e-06
52                                    -1.4105955646939673e-04
53                                    -3.1873860766697582e-05
54                                    -1.1151211608078813e-04
55                                    -1.2638210806830693e-04
56                                     8.4900515837872204e-05
57                                    -1.8562223685500743e-04
58                                     1.9669724601274920e-04
59                                     9.4256344955381100e-05
60                                     3.5778744071561665e-04
61                                    -2.5602074047588664e-04
62                                    -9.5054305895059718e-05
63                                     2.0093158032814717e-04
64                                     1.8392648585396939e-04
65                                    -2.8871317052783254e-04
66                                     7.0549422255076233e-05
67                                     3.8538144246525250e-05
68                                     4.4111122091505334e-05
69                                    -3.7554288399193578e-05
70                                     1.5407452272680051e-05
71                                     6.4882293320442892e-05
72                                    -2.3080801695962196e-05
73                                    -1.1576428885304237e-05
74                                    -6.5943670467560379e-06
75                                    -2.2302455852431463e-05
76                                    -4.0106501935964904e-06
77                                    -2.5229544889375413e-06
78                                     3.8564522805719579e-05
79                                    -5.6175462194946714e-05
80                                     5.5094157202740461e-06
81                                     6.5109797908964888e-04
82                                     1.6042307558523266e-06
83                                    -8.1308628986032929e-04
84                                     4.5286344256127687e-05
85                                     7.8908598220662362e-05
86                                     5.0223291378621423e-05
87                                    -5.5194266554630677e-06
88                                     5.6611319118698945e-06
89                                    -6.0549759953385776e-06
90                                    -2.4454439210029023e-05
91                                    -1.9006490485267406e-05
92                                     1.6676210979108073e-05
93                                    -1.3854709112854963e-05
94                                     1.5137810148923805e-05
95                                     6.1142214638772351e-05
96                                     2.2157089387647374e-05
97                                    -3.4087369306221482e-05
98                                     1.8362057473698975e-05
99                                    -9.2197757999476878e-05
100                                    2.4773802675873761e-05
101                                   -1.0176428568020999e-04
   &Method [&Type "String"] "SCF"
   &Level [&Type "String"] "Relaxed density"
   &Mult [&Type "Integer"] 1
   &State [&Type "Integer"] 0
   &Irrep [&Type "Integer"] 0
$End
$Geometry
   &GeometryIndex 26
   &NAtoms [&Type "Integer"] 34
   &NCorelessECP [&Type "Integer"] 0
   &NGhostAtoms [&Type "Integer"] 0
   &CartesianCoordinates [&Type "Coordinates", &Dim(34,4), &Units "Bohr"] 
              P      6.181499121770   -3.089774520402    0.422114056801
              O      0.692776568038    2.234034024244   -2.378983975712
              O      1.178137564347    7.654178970641   -0.561778200767
              O     -3.129274273781    5.925018924316    1.518266838578
              O      4.930401623215   -0.576845642145   -0.833957567038
              O     -6.237911987896    1.926758243957    0.741967285243
              O      6.877769909045   -4.721632475042   -1.758560884754
              O      4.548881456391   -4.029520782660    2.510074086222
              O      8.698258159760   -1.979865358623    1.772655793589
              N     -2.676504301493   -0.039595391964   -0.575831549416
              N     -6.198844085078   -2.357076282254    0.865494364979
              N     -6.055717632395   -6.660689691297    1.002285721121
              C      1.348830333028    5.331468951658    0.723210298742
              C     -1.231790129331    4.117748676364    1.198506152881
              C      2.656986443884    3.298962066919   -0.841079515793
              C     -1.632592300850    2.471742277181   -1.178122925410
              C      3.942229996388    1.317976273976    0.769581304225
              C     -1.359986605416   -2.187346333256   -0.970263317013
              C     -5.130950489674   -0.109205969202    0.378813726990
              C     -2.387983117068   -4.465999540706   -0.451252253966
              C     -4.906578266897   -4.476564943100    0.483519377037
              H      2.362974195064    5.685910491413    2.485084837330
              H     -1.082862482680    2.874431915421    2.849815389415
              H      4.025641939993    4.135554138796   -2.136771617079
              H     -2.988080428929    3.378887432307   -2.448586313957
              H      2.624745960117    0.476402124024    2.125763031070
              H      5.462325880095    2.230677025798    1.840276620162
              H     -0.403507894541    7.727118844976   -1.459406741235
              H     -4.688058221656    4.945844013512    1.380284722237
              H      0.530132415713   -1.954647800370   -1.711715486907
              H     -1.341615922673   -6.193159649938   -0.752378736032
              H     -5.158951629280   -8.319199334223    0.779519104586
              H     -7.831780566057   -6.655409147138    1.679390917746
              H      9.961795631903   -1.529398529324    0.539836640400
$End
$SCF_Energy
   &GeometryIndex 26
   &Method [&Type "String"] "SCF"
   &totalEnergy [&Type "ArrayOfDoubles", &Dim (1,1)] "Total energy of each state"
                                                         0

0                                     -1.4576562056077855e+03
   &Mult [&Type "ArrayOfIntegers", &Dim (1,1)] "Multiplicity of each state"
                                                         0

0                                                        1
$End
$DFT_Energy
   &GeometryIndex 26
   &nAlphaEl [&Type "Integer"] 84
   &nBetaEl [&Type "Integer"] 84
   &nTotalEl [&Type "Integer"] 168
   &finalEn [&Type "Double"]      -1.4576562056077855e+03  "No Van der Waals correction"
   &eExchange [&Type "Double"]      -1.2001379836278861e+02
   &eCorr [&Type "Double"]      -5.8392662850162811e+00
   &eXC [&Type "Double"]      -1.2585306464780489e+02
   &eCNL [&Type "Double"]       0.0000000000000000e+00
$End
$Solvation_Details
   &GeometryIndex 26
   &Solvent [&Type "String"] "WATER"
   &Epsilon [&Type "Double"]       8.0150999999999996e+01
   &Refrac [&Type "Double"]       1.3328000000000000e+00
   &RSolv [&Type "Double"]       1.3000000000000000e+00
   &SurfaceType [&Type "String"] "GAUSSIAN VDW"
   &CPCMDielEnergy [&Type "Double"]      -1.3326030799999999e-01
   &NPoints [&Type "Integer"] 2759
   &SurfaceArea [&Type "Double"]       1.1061025701350000e+03
$End
$SCF_Timings
   &GeometryIndex 26
   &TOTAL [&Type "Double"]       7.1363052000000010e+01
   &PREP [&Type "Double"]       8.8139199999999995e-01
   &FOCK [&Type "Double"]       6.3809706000000006e+01
   &DENS [&Type "Double"]       1.9081899999999763e-01
   &ETOT [&Type "Double"]       9.7452999999990908e-02
   &TRAFO [&Type "Double"]       6.2118099999999998e-01
   &DIIS [&Type "Double"]       2.0218350000000012e+00
   &SOSCF [&Type "Double"]       1.1531499999999895e+00
   &XC [&Type "Double"]       6.3522510000000079e+00
   &FOCKSTART [&Type "Double"]       3.0682000000013421e-02
   &SOLV [&Type "Double"]       6.4909710000000018e+00
   &SOLV_INIT [&Type "Double"]       2.3467600000000000e-01
   &INT_PREP [&Type "Double"]       1.9999999949504854e-06
   &INT_BF [&Type "Double"]       1.6380259999998206e+00
   &INT_DENS [&Type "Double"]       2.4997850000000703e+00
   &INT_DENSIO [&Type "Double"]       1.0860683597000019e+05
   &INT_FUNC [&Type "Double"]       9.8205000000250564e-02
   &INT_POT [&Type "Double"]       1.6007250000004074e+00
   &INT_POTIO [&Type "Double"]       1.5620999999740093e-02
   &INT_SUM [&Type "Double"]       3.9499999999570434e-04
   &SPLITRIJ [&Type "Double"]       4.8900580000000096e+00
   &COSX [&Type "Double"]       4.9388331000000001e+01
$End
$VdW_Correction
   &GeometryIndex 26
   &vdW [&Type "Double"]      -3.9581686300822205e-02
$End
$Single_Point_Data
   &GeometryIndex 26
   &FinalEnergy [&Type "Double"]      -1.4576957872940864e+03  "Final single point energy"
   &Converged [&Type "Boolean"] true
$End
$SCF_Nuc_Gradient
   &GeometryIndex 26
   &NAtoms [&Type "Integer"] 34
   &gradNorm [&Type "Double"]       2.6156759795869160e-03
   &grad [&Type "ArrayOfDoubles", &Dim (102,1)] 
                                                         0

0                                      5.1163918026030260e-04
1                                      1.3935548713490020e-04
2                                      3.9069376880503375e-04
3                                     -8.5605037436225795e-05
4                                     -7.5645345705490925e-05
5                                      6.3487842585836156e-05
6                                     -8.9484498302768161e-04
7                                      1.7862764863031173e-04
8                                      1.4939069998459978e-03
9                                     -8.6190229104351850e-05
10                                    -2.9260538970865996e-04
11                                    -1.6023914806004215e-05
12                                    -7.6942257881623156e-05
13                                     5.4992776168030229e-05
14                                    -5.6681858338489113e-05
15                                     1.3476777318580308e-04
16                                    -1.1320002592686999e-04
17                                    -4.1242802340410571e-05
18                                    -2.7288376249491185e-05
19                                    -1.1427820008652305e-04
20                                    -1.1032439404563203e-04
21                                    -4.1656811312702346e-05
22                                    -3.9698028172607271e-05
23                                    -5.4221991181860216e-05
24                                    -2.4832285787631560e-04
25                                    -1.7684430026850066e-04
26                                    -1.0146840444216934e-05
27                                    -7.3395128697506317e-05
28                                     1.5693329179013244e-04
29                                     4.4647460930375351e-05
30                                    -1.8554097204791602e-04
31                                     1.3124222130463006e-04
32                                     5.5088953198720040e-05
33                                    -4.5234469410312277e-05
34                                     1.7398156794080753e-04
35                                    -1.0484081712327737e-04
36                                    -2.2472531384144708e-04
37                                    -6.0880797590908765e-05
38                                    -3.0684121275893766e-04
39                                     5.2942699542344701e-05
40                                     3.0481083583094572e-04
41                                     1.3992802646807729e-04
42                                    -1.1086577520610322e-05
43                                    -2.7669413041970576e-04
44                                    -1.9316247253962034e-04
45                                     2.3881448938609275e-04
46                                     8.9933895350627414e-05
47                                    -3.6713346992927622e-05
48                                    -6.9360294816308492e-05
49                                     5.7015949689093515e-05
50                                    -5.5109125125490634e-05
51                                    -6.3857781053884176e-06
52                                    -1.4352407364498509e-04
53                                    -3.7615355208634626e-05
54                                    -1.1100703968512258e-04
55                                    -1.2331297944598280e-04
56                                     8.1822346730867058e-05
57                                    -1.8462401040924105e-04
58                                     1.9888150076971886e-04
59                                     9.3396430647773909e-05
60                                     3.5506532482328242e-04
61                                    -2.5606750761896760e-04
62                                    -8.8649911009315807e-05
63                                     2.6743998989858607e-04
64                                     2.2532024900204114e-04
65                                    -3.5364029098086035e-04
66                                     8.8161536015741001e-05
67                                     2.4701806072960434e-05
68                                     3.5768918173951001e-05
69                                    -4.4810727648419600e-05
70                                     2.3067106801413323e-05
71                                     7.1820388860299484e-05
72                                    -2.8449545352498103e-05
73                                    -1.6406336566580885e-05
74                                    -1.4836387134735922e-05
75                                    -2.1693294870610253e-05
76                                    -5.8717469381129864e-06
77                                    -2.1495334199249394e-06
78                                     4.0509094296048225e-05
79                                    -5.7551340260699531e-05
80                                     7.9989837261557647e-06
81                                     8.3884513795551372e-04
82                                    -7.2109473383524624e-05
83                                    -1.0578192279298111e-03
84                                     4.9816805694258189e-05
85                                     6.9054065271269190e-05
86                                     6.4707151178514520e-05
87                                    -3.0046250214757107e-06
88                                     5.6502467489188252e-06
89                                    -4.7287700762092474e-06
90                                    -2.3688808365340771e-05
91                                    -1.9589305646602352e-05
92                                     1.8151553749598797e-05
93                                    -1.4094788576539345e-05
94                                     1.6053620732800207e-05
95                                     6.5851665678084070e-05
96                                     2.4356424417776350e-05
97                                    -3.4616513353664233e-05
98                                     2.0994214066035944e-05
99                                    -9.4406579252197346e-05
100                                    2.9273240087012163e-05
101                                   -1.0351645404038490e-04
   &Method [&Type "String"] "SCF"
   &Level [&Type "String"] "Relaxed density"
   &Mult [&Type "Integer"] 1
   &State [&Type "Integer"] 0
   &Irrep [&Type "Integer"] 0
$End
$Geometry
   &GeometryIndex 27
   &NAtoms [&Type "Integer"] 34
   &NCorelessECP [&Type "Integer"] 0
   &NGhostAtoms [&Type "Integer"] 0
   &CartesianCoordinates [&Type "Coordinates", &Dim(34,4), &Units "Bohr"] 
              P      6.188570969977   -3.091089603792    0.421332087591
              O      0.697958988793    2.225553592557   -2.383675474570
              O      1.176823161928    7.646852939167   -0.568873925744
              O     -3.124027367271    5.928515213454    1.496020732498
              O      4.936641757939   -0.579674581385   -0.837168828930
              O     -6.235211299000    1.930255662526    0.727652084119
              O      6.887230970513   -4.723763499239   -1.758048837399
              O      4.554957536064   -4.031064839185    2.508435170382
              O      8.703371963768   -1.978827759664    1.773036572061
              N     -2.674626716542   -0.043135279023   -0.580707322829
              N     -6.201385006606   -2.353542393232    0.860939248210
              N     -6.062449903958   -6.656900722846    1.007384527810
              C      1.351773853575    5.325458158126    0.718869714570
              C     -1.229856286566    4.114392555667    1.190088093943
              C      2.660402996731    3.294913805219   -0.847441866234
              C     -1.627812390250    2.466025668545   -1.185718140111
              C      3.947847915184    1.316300492786    0.764557158553
              C     -1.359226800077   -2.192847802132   -0.967913520537
              C     -5.130393819887   -0.108019680159    0.370655738385
              C     -2.390244723763   -4.469155349576   -0.444850924041
              C     -4.910272706598   -4.475123013047    0.485840103061
              H      2.367970888026    5.675031683487    2.481100115390
              H     -1.090287684100    2.875945500433    2.845399741961
              H      4.027622170017    4.133239371827   -2.143474740313
              H     -2.981601295503    3.372771495061   -2.458285016596
              H      2.630939738515    0.475420917376    2.121901460738
              H      5.467803575416    2.230522221439    1.834136713390
              H     -0.465146021075    7.776040151958   -1.343825713047
              H     -4.685363778104    4.954203298351    1.350565270330
              H      0.532247277595   -1.963402414147   -1.707014876913
              H     -1.345175248268   -6.198124859729   -0.740053703911
              H     -5.165962724842   -8.316613125022    0.792595707484
              H     -7.838735683425   -6.648329134051    1.683836401150
              H      9.966012554854   -1.525045667893    0.540477433823
$End
$SCF_Energy
   &GeometryIndex 27
   &Method [&Type "String"] "SCF"
   &totalEnergy [&Type "ArrayOfDoubles", &Dim (1,1)] "Total energy of each state"
                                                         0

0                                     -1.4576564390588035e+03
   &Mult [&Type "ArrayOfIntegers", &Dim (1,1)] "Multiplicity of each state"
                                                         0

0                                                        1
$End
$DFT_Energy
   &GeometryIndex 27
   &nAlphaEl [&Type "Integer"] 84
   &nBetaEl [&Type "Integer"] 84
   &nTotalEl [&Type "Integer"] 168
   &finalEn [&Type "Double"]      -1.4576564390588035e+03  "No Van der Waals correction"
   &eExchange [&Type "Double"]      -1.2001405352629337e+02
   &eCorr [&Type "Double"]      -5.8393790888092276e+00
   &eXC [&Type "Double"]      -1.2585343261510259e+02
   &eCNL [&Type "Double"]       0.0000000000000000e+00
$End
$Solvation_Details
   &GeometryIndex 27
   &Solvent [&Type "String"] "WATER"
   &Epsilon [&Type "Double"]       8.0150999999999996e+01
   &Refrac [&Type "Double"]       1.3328000000000000e+00
   &RSolv [&Type "Double"]       1.3000000000000000e+00
   &SurfaceType [&Type "String"] "GAUSSIAN VDW"
   &CPCMDielEnergy [&Type "Double"]      -1.3288425600000001e-01
   &NPoints [&Type "Integer"] 2759
   &SurfaceArea [&Type "Double"]       1.1060993817369999e+03
$End
$SCF_Timings
   &GeometryIndex 27
   &TOTAL [&Type "Double"]       7.2533208000000002e+01
   &PREP [&Type "Double"]       8.6435399999999996e-01
   &FOCK [&Type "Double"]       6.5271194000000008e+01
   &DENS [&Type "Double"]       1.8389799999999212e-01
   &ETOT [&Type "Double"]       9.9174000000006757e-02
   &TRAFO [&Type "Double"]       6.0301400000000172e-01
   &DIIS [&Type "Double"]       2.2345650000000035e+00
   &SOSCF [&Type "Double"]       8.6883000000000266e-01
   &XC [&Type "Double"]       7.3079439999999920e+00
   &FOCKSTART [&Type "Double"]       3.4353000000003187e-02
   &SOLV [&Type "Double"]       6.2838120000000064e+00
   &SOLV_INIT [&Type "Double"]       2.2825299999999993e-01
   &INT_PREP [&Type "Double"]       9.9999999747524271e-07
   &INT_BF [&Type "Double"]       1.3716090000003724e+00
   &INT_DENS [&Type "Double"]       2.1541059999999899e+00
   &INT_DENSIO [&Type "Double"]       1.1183384334700016e+05
   &INT_FUNC [&Type "Double"]       7.9351999999971667e-02
   &INT_POT [&Type "Double"]       1.5080930000000308e+00
   &INT_POTIO [&Type "Double"]       1.3576999999935779e-02
   &INT_SUM [&Type "Double"]       1.6530000000081202e-03
   &SPLITRIJ [&Type "Double"]       5.0097489999999976e+00
   &COSX [&Type "Double"]       4.9866061999999985e+01
$End
$VdW_Correction
   &GeometryIndex 27
   &vdW [&Type "Double"]      -3.9572723302514011e-02
$End
$Single_Point_Data
   &GeometryIndex 27
   &FinalEnergy [&Type "Double"]      -1.4576960117821061e+03  "Final single point energy"
   &Converged [&Type "Boolean"] true
$End
$SCF_Nuc_Gradient
   &GeometryIndex 27
   &NAtoms [&Type "Integer"] 34
   &gradNorm [&Type "Double"]       3.6032578649815485e-03
   &grad [&Type "ArrayOfDoubles", &Dim (102,1)] 
                                                         0

0                                      5.9807708731255771e-04
1                                      1.8109703953407552e-04
2                                      4.5856224454731461e-04
3                                     -1.3091290792927485e-04
4                                     -1.1023877956096336e-04
5                                      7.7510121111853004e-05
6                                     -1.2578574336360199e-03
7                                      3.9127398689810412e-04
8                                      2.0807620449818775e-03
9                                     -1.6920406062100309e-04
10                                    -3.7698555374654919e-04
11                                    -4.7588259254950860e-05
12                                    -7.1982726513726732e-05
13                                     4.8078099779668072e-05
14                                    -5.7733499159810658e-05
15                                     1.6237451936142069e-04
16                                    -1.5743785733045673e-04
17                                    -5.5838913839230053e-05
18                                    -2.8852767043747177e-05
19                                    -1.3868514917356924e-04
20                                    -1.3486975946467699e-04
21                                    -4.8087444471237392e-05
22                                    -5.0557385839498573e-05
23                                    -5.8878479389908820e-05
24                                    -2.9202120663607116e-04
25                                    -2.0749740906342716e-04
26                                    -1.4820049156218467e-05
27                                    -1.0838283947515632e-04
28                                     1.9920889575282471e-04
29                                     6.6078402011305213e-05
30                                    -2.1604665955581668e-04
31                                     1.5107348474676695e-04
32                                     6.5322610068787991e-05
33                                    -4.5912211524141115e-05
34                                     2.1028835170304144e-04
35                                    -1.2329128443417192e-04
36                                    -2.9638149331218192e-04
37                                    -2.0616693643639650e-04
38                                    -4.5191110794798848e-04
39                                     6.5820171373962537e-05
40                                     4.3532397450590164e-04
41                                     3.0601025679676815e-04
42                                    -3.1763846730774065e-06
43                                    -4.3385170797585369e-04
44                                    -2.1457453698319942e-04
45                                     3.4709827320113511e-04
46                                     7.5697028664071744e-05
47                                    -8.9758511591089048e-05
48                                    -1.0448102698860543e-04
49                                     6.4720564609980558e-05
50                                    -8.3194931863749905e-05
51                                    -7.0192378375750824e-06
52                                    -1.7821285594465746e-04
53                                    -5.0007264304790155e-05
54                                    -1.3642605329677285e-04
55                                    -1.4550534755854443e-04
56                                     9.7439044302011170e-05
57                                    -2.2150486174870020e-04
58                                     2.4165448560875303e-04
59                                     1.1242921961184968e-04
60                                     4.2032575828934412e-04
61                                    -3.0765313104749205e-04
62                                    -1.0905142245853016e-04
63                                     3.6106885922141492e-04
64                                     3.4515367452040297e-04
65                                    -5.2123324731067179e-04
66                                     1.1856613059375669e-04
67                                     1.1029373091737835e-05
68                                     2.7207519810882854e-05
69                                    -6.7317366464750451e-05
70                                     3.6379240340602738e-05
71                                     1.0139041087079697e-04
72                                    -4.6509753642765651e-05
73                                    -2.4807538711976105e-05
74                                    -3.0194582484176604e-05
75                                    -2.3160997699578351e-05
76                                    -1.5042520770385866e-05
77                                     1.1963792459451067e-06
78                                     5.0315951316931909e-05
79                                    -6.8045058234515724e-05
80                                     8.7078308732721444e-06
81                                     1.2005935718895295e-03
82                                    -3.3816816179982014e-05
83                                    -1.4541367467448463e-03
84                                     7.2261345586490094e-05
85                                     6.4959429928831156e-05
86                                     9.8697851420985141e-05
87                                    -3.1157904983161380e-06
88                                     1.0281668919782363e-05
89                                    -5.0096978901499319e-06
90                                    -2.5707245579106539e-05
91                                    -2.3139923238120268e-05
92                                     2.1057380714410733e-05
93                                    -1.5745731154355741e-05
94                                     1.8975176861277672e-05
95                                     7.6023469215986825e-05
96                                     3.1970895212973840e-05
97                                    -4.1379674768114889e-05
98                                     2.2427976093539973e-05
99                                    -1.0866641566537088e-04
100                                    3.3829181444181421e-05
101                                   -1.1873047026125096e-04
   &Method [&Type "String"] "SCF"
   &Level [&Type "String"] "Relaxed density"
   &Mult [&Type "Integer"] 1
   &State [&Type "Integer"] 0
   &Irrep [&Type "Integer"] 0
$End
$Geometry
   &GeometryIndex 28
   &NAtoms [&Type "Integer"] 34
   &NCorelessECP [&Type "Integer"] 0
   &NGhostAtoms [&Type "Integer"] 0
   &CartesianCoordinates [&Type "Coordinates", &Dim(34,4), &Units "Bohr"] 
              P      6.200023805864   -3.091852452197    0.420772506470
              O      0.704692591633    2.211580579475   -2.390441459713
              O      1.171580242401    7.634417354353   -0.583349648508
              O     -3.116113552246    5.932708082967    1.463828318002
              O      4.946085595808   -0.583297958602   -0.842004425966
              O     -6.231474264343    1.934577799691    0.708067600644
              O      6.903098345570   -4.725794824731   -1.756432712556
              O      4.564692688001   -4.032675139818    2.506208567939
              O      8.711028486586   -1.974973394874    1.774383299314
              N     -2.672512200033   -0.049318391811   -0.586771541895
              N     -6.206338967037   -2.349165029954    0.854383694347
              N     -6.074411257186   -6.652163404484    1.013181691097
              C      1.355226924199    5.316738032369    0.710601949647
              C     -1.226890533477    4.108830371604    1.177681951533
              C      2.664800051486    3.288868463625   -0.858045133294
              C     -1.621383687195    2.456508130618   -1.196228604279
              C      3.956504008901    1.314913138530    0.756488126229
              C     -1.358976145511   -2.202007354086   -0.963518498712
              C     -5.130256931412   -0.107195044574    0.359627902310
              C     -2.394848587602   -4.474742589366   -0.435043807297
              C     -4.917138884049   -4.473895963815    0.488932351228
              H      2.375099287300    5.661080143140    2.472643024925
              H     -1.099765230866    2.878319251748    2.839234142425
              H      4.029209767042    4.129529839484   -2.155435043401
              H     -2.972930854564    3.362540294039   -2.471677023856
              H      2.640992953192    0.475401319692    2.116285590379
              H      5.476458455124    2.232089494837    1.823530215685
              H     -0.539539331319    7.851447189390   -1.166751036891
              H     -4.681190748816    4.965671547003    1.307691880348
              H      0.534538001284   -1.977493354204   -1.699047988364
              H     -1.352035134119   -6.206498706156   -0.721818871274
              H     -5.178447522272   -8.313648724267    0.810314797335
              H     -7.851096355282   -6.638739537741    1.688432226634
              H      9.971715845998   -1.514976158024    0.542047143791
$End
$SCF_Energy
   &GeometryIndex 28
   &Method [&Type "String"] "SCF"
   &totalEnergy [&Type "ArrayOfDoubles", &Dim (1,1)] "Total energy of each state"
                                                         0

0                                     -1.4576568951452516e+03
   &Mult [&Type "ArrayOfIntegers", &Dim (1,1)] "Multiplicity of each state"
                                                         0

0                                                        1
$End
$DFT_Energy
   &GeometryIndex 28
   &nAlphaEl [&Type "Integer"] 84
   &nBetaEl [&Type "Integer"] 84
   &nTotalEl [&Type "Integer"] 168
   &finalEn [&Type "Double"]      -1.4576568951452516e+03  "No Van der Waals correction"
   &eExchange [&Type "Double"]      -1.2001455462111934e+02
   &eCorr [&Type "Double"]      -5.8395669657921845e+00
   &eXC [&Type "Double"]      -1.2585412158691153e+02
   &eCNL [&Type "Double"]       0.0000000000000000e+00
$End
$Solvation_Details
   &GeometryIndex 28
   &Solvent [&Type "String"] "WATER"
   &Epsilon [&Type "Double"]       8.0150999999999996e+01
   &Refrac [&Type "Double"]       1.3328000000000000e+00
   &RSolv [&Type "Double"]       1.3000000000000000e+00
   &SurfaceType [&Type "String"] "GAUSSIAN VDW"
   &CPCMDielEnergy [&Type "Double"]      -1.3235788800000001e-01
   &NPoints [&Type "Integer"] 2760
   &SurfaceArea [&Type "Double"]       1.1054370592210000e+03
$End
$SCF_Timings
   &GeometryIndex 28
   &TOTAL [&Type "Double"]       6.8951250000000002e+01
   &PREP [&Type "Double"]       8.8364299999999996e-01
   &FOCK [&Type "Double"]       6.0705740999999996e+01
   &DENS [&Type "Double"]       1.6658500000000487e-01
   &ETOT [&Type "Double"]       9.5370000000004396e-02
   &POP [&Type "Double"]       9.9999999747524271e-07
   &TRAFO [&Type "Double"]       4.4411800000000312e-01
   &DIIS [&Type "Double"]       1.6741100000000007e+00
   &SOSCF [&Type "Double"]       9.3935200000000307e-01
   &XC [&Type "Double"]       6.2142619999999962e+00
   &FOCKSTART [&Type "Double"]       3.0324000000000906e-02
   &SOLV [&Type "Double"]       6.0972139999999975e+00
   &SOLV_INIT [&Type "Double"]       2.1866399999999997e-01
   &INT_PREP [&Type "Double"]       9.9999999925159955e-07
   &INT_BF [&Type "Double"]       1.3776389999998795e+00
   &INT_DENS [&Type "Double"]       2.2059070000001064e+00
   &INT_DENSIO [&Type "Double"]       9.0098121105000173e+04
   &INT_FUNC [&Type "Double"]       8.2333000000078371e-02
   &INT_POT [&Type "Double"]       1.5667700000001865e+00
   &INT_POTIO [&Type "Double"]       1.3413999999890791e-02
   &INT_SUM [&Type "Double"]       1.0699999999950194e-03
   &SPLITRIJ [&Type "Double"]       4.6128340000000048e+00
   &COSX [&Type "Double"]       4.8452218000000002e+01
$End
$VdW_Correction
   &GeometryIndex 28
   &vdW [&Type "Double"]      -3.9555147570246189e-02
$End
$Single_Point_Data
   &GeometryIndex 28
   &FinalEnergy [&Type "Double"]      -1.4576964502928220e+03  "Final single point energy"
   &Converged [&Type "Boolean"] true
$End
$SCF_Nuc_Gradient
   &GeometryIndex 28
   &NAtoms [&Type "Integer"] 34
   &gradNorm [&Type "Double"]       5.2533131012906581e-03
   &grad [&Type "ArrayOfDoubles", &Dim (102,1)] 
                                                         0

0                                      8.0878599266133693e-04
1                                      2.7733571229202720e-04
2                                      6.1604817072800553e-04
3                                     -2.2442906992201732e-04
4                                     -1.5242477302364175e-04
5                                      1.1122309438836770e-04
6                                     -1.7664057017412688e-03
7                                      6.1676960690817799e-04
8                                      3.1061223856239549e-03
9                                     -2.6767220579215631e-04
10                                    -4.6813631583355014e-04
11                                    -1.9016113056007683e-04
12                                    -7.1300634614244454e-05
13                                     3.7869414885784513e-05
14                                    -6.2618865685796433e-05
15                                     2.1957474868690657e-04
16                                    -2.4076625373420303e-04
17                                    -8.2745356138725425e-05
18                                    -3.1314626568326390e-05
19                                    -1.9391894413700448e-04
20                                    -1.9134747589085290e-04
21                                    -7.0619762582902379e-05
22                                    -7.9219979499830611e-05
23                                    -7.0078351489814226e-05
24                                    -4.0075877015017917e-04
25                                    -2.7310260727021540e-04
26                                    -3.0470384405629992e-05
27                                    -1.8655742094165440e-04
28                                     2.9286477120435406e-04
29                                     1.0924467392129973e-04
30                                    -2.9273894605078791e-04
31                                     1.9559763838181894e-04
32                                     8.5404990470698105e-05
33                                    -4.4014636547325039e-05
34                                     2.8719428786649898e-04
35                                    -1.6063381502356470e-04
36                                    -4.7792787711765006e-04
37                                    -4.9796603437140576e-04
38                                    -7.4893430875703170e-04
39                                     1.5758610388492722e-04
40                                     6.4210948222935842e-04
41                                     6.2483064614602519e-04
42                                     3.2229736988672908e-05
43                                    -7.4978450743283325e-04
44                                    -2.4741079686994681e-04
45                                     5.4568904944460577e-04
46                                     5.6429822320008105e-06
47                                    -2.2945188741888760e-04
48                                    -1.8154996068968734e-04
49                                     9.1281342760478700e-05
50                                    -1.4015464159890256e-04
51                                    -3.6340839151770797e-06
52                                    -2.6338997241654388e-04
53                                    -6.1307317491161644e-05
54                                    -1.8015116457494124e-04
55                                    -1.9084938231815640e-04
56                                     1.2860286419578073e-04
57                                    -2.9204135693418077e-04
58                                     3.3719702132644665e-04
59                                     1.4168302165087606e-04
60                                     5.5800984609309082e-04
61                                    -4.2529629657347653e-04
62                                    -1.4383900801951538e-04
63                                     5.2118633423322994e-04
64                                     5.5520405453143319e-04
65                                    -8.1291182255631748e-04
66                                     1.8461003031267892e-04
67                                    -3.6050468003747500e-06
68                                     1.7869076227317808e-05
69                                    -1.1342533546686184e-04
70                                     6.5349569154761841e-05
71                                     1.6332880143209600e-04
72                                    -6.9303939742597701e-05
73                                    -3.1360891100773897e-05
74                                    -5.1439860634947660e-05
75                                    -2.4780582049269042e-05
76                                    -3.2168089809593567e-05
77                                     3.8696706065301722e-06
78                                     7.5222980790983076e-05
79                                    -8.8174273697946373e-05
80                                     1.4244214870369565e-05
81                                     1.6368058791792755e-03
82                                     2.3854607350014091e-04
83                                    -2.0310634860191646e-03
84                                     1.1262430590355072e-04
85                                     4.9834227881987326e-05
86                                     1.5651941750077292e-04
87                                    -1.7727126671869040e-06
88                                     1.8013307462304929e-05
89                                    -1.0593158366463347e-05
90                                    -3.4529346537285352e-05
91                                    -3.0954765836344430e-05
92                                     2.4416584907888560e-05
93                                    -2.2387491482548623e-05
94                                     2.8385890360408007e-05
95                                     9.4527931531845650e-05
96                                     4.6508042991887783e-05
97                                    -5.7998386173555098e-05
98                                     2.3221185634196484e-05
99                                    -1.4151745971056719e-04
100                                    3.9921155146244037e-05
101                                   -1.5599506403074777e-04
   &Method [&Type "String"] "SCF"
   &Level [&Type "String"] "Relaxed density"
   &Mult [&Type "Integer"] 1
   &State [&Type "Integer"] 0
   &Irrep [&Type "Integer"] 0
$End
$Geometry
   &GeometryIndex 29
   &NAtoms [&Type "Integer"] 34
   &NCorelessECP [&Type "Integer"] 0
   &NGhostAtoms [&Type "Integer"] 0
   &CartesianCoordinates [&Type "Coordinates", &Dim(34,4), &Units "Bohr"] 
              P      6.217009198727   -3.090431370687    0.420332550434
              O      0.713501595021    2.188666114720   -2.398506640064
              O      1.155382869122    7.612689114607   -0.614890961549
              O     -3.106412530504    5.935069028430    1.420152311698
              O      4.960464577880   -0.585674206422   -0.848394960216
              O     -6.227326836778    1.938948255721    0.680708020147
              O      6.925217326228   -4.726337077622   -1.754111187894
              O      4.579246009450   -4.032388462909    2.503447247650
              O      8.722855382453   -1.967628561552    1.775787378131
              N     -2.670481940400   -0.060173414035   -0.593282415309
              N     -6.215908739554   -2.344645157744    0.844059081576
              N     -6.095300090885   -6.647097746961    1.018154169673
              C      1.357449820430    5.305608985020    0.695497544766
              C     -1.223025564379    4.099298706263    1.160426501726
              C      2.670091014154    3.281140950206   -0.874084808219
              C     -1.613041180398    2.440630806303   -1.209658194863
              C      3.970555385896    1.316502901597    0.745107175612
              C     -1.359661723995   -2.217189431087   -0.954544221979
              C     -5.131598395355   -0.107963694627    0.344473593338
              C     -2.403300099596   -4.484631145291   -0.419504815894
              C     -4.929559089094   -4.473973363519    0.492455371088
              H      2.383115147148    5.648080494770    2.456016151275
              H     -1.110378124122    2.881188023556    2.831207867244
              H      4.028992043748    4.124763718578   -2.175255213157
              H     -2.961555325496    3.345244825849   -2.489312854336
              H      2.658649988910    0.479307995046    2.110146133401
              H      5.491184681119    2.239460236028    1.806154821507
              H     -0.608921501045    7.966081262303   -0.901283539835
              H     -4.676215861012    4.977891091405    1.247625395104
              H      0.537182866035   -1.999795060703   -1.683791289164
              H     -1.364072751333   -6.220555742037   -0.693964735632
              H     -5.200241456128   -8.311150999956    0.833187482894
              H     -7.872997984652   -6.626620923290    1.690448922126
              H      9.979498151461   -1.497533148099    0.542969302994
$End
$SCF_Energy
   &GeometryIndex 29
   &Method [&Type "String"] "SCF"
   &totalEnergy [&Type "ArrayOfDoubles", &Dim (1,1)] "Total energy of each state"
                                                         0

0                                     -1.4576577123512357e+03
   &Mult [&Type "ArrayOfIntegers", &Dim (1,1)] "Multiplicity of each state"
                                                         0

0                                                        1
$End
$DFT_Energy
   &GeometryIndex 29
   &nAlphaEl [&Type "Integer"] 84
   &nBetaEl [&Type "Integer"] 84
   &nTotalEl [&Type "Integer"] 168
   &finalEn [&Type "Double"]      -1.4576577123512357e+03  "No Van der Waals correction"
   &eExchange [&Type "Double"]      -1.2001546713725301e+02
   &eCorr [&Type "Double"]      -5.8398551343831260e+00
   &eXC [&Type "Double"]      -1.2585532227163614e+02
   &eCNL [&Type "Double"]       0.0000000000000000e+00
$End
$Solvation_Details
   &GeometryIndex 29
   &Solvent [&Type "String"] "WATER"
   &Epsilon [&Type "Double"]       8.0150999999999996e+01
   &Refrac [&Type "Double"]       1.3328000000000000e+00
   &RSolv [&Type "Double"]       1.3000000000000000e+00
   &SurfaceType [&Type "String"] "GAUSSIAN VDW"
   &CPCMDielEnergy [&Type "Double"]      -1.3173862400000000e-01
   &NPoints [&Type "Integer"] 2759
   &SurfaceArea [&Type "Double"]       1.1044137633790001e+03
$End
$SCF_Timings
   &GeometryIndex 29
   &TOTAL [&Type "Double"]       7.4833599000000007e+01
   &PREP [&Type "Double"]       8.8788000000000000e-01
   &FOCK [&Type "Double"]       6.6117801999999998e+01
   &DENS [&Type "Double"]       1.7525500000000704e-01
   &ETOT [&Type "Double"]       9.9661999999995032e-02
   &TRAFO [&Type "Double"]       5.8984999999999665e-01
   &DIIS [&Type "Double"]       2.1255240000000004e+00
   &SOSCF [&Type "Double"]       8.4379799999999605e-01
   &XC [&Type "Double"]       6.8021479999999990e+00
   &FOCKSTART [&Type "Double"]       3.3139999999997172e-02
   &SOLV [&Type "Double"]       6.3076630000000034e+00
   &SOLV_INIT [&Type "Double"]       2.1897300000000008e-01
   &INT_PREP [&Type "Double"]       2.9999999995311555e-06
   &INT_BF [&Type "Double"]       1.6333779999998868e+00
   &INT_DENS [&Type "Double"]       2.5830660000002066e+00
   &INT_DENSIO [&Type "Double"]       9.6846404343000147e+04
   &INT_FUNC [&Type "Double"]       8.8184999999743496e-02
   &INT_POT [&Type "Double"]       1.9206699999999337e+00
   &INT_POTIO [&Type "Double"]       1.5748000000360918e-02
   &INT_SUM [&Type "Double"]       8.8099999999258216e-04
   &SPLITRIJ [&Type "Double"]       4.7471160000000046e+00
   &COSX [&Type "Double"]       5.3020876000000008e+01
$End
$VdW_Correction
   &GeometryIndex 29
   &vdW [&Type "Double"]      -3.9522870561271586e-02
$End
$Single_Point_Data
   &GeometryIndex 29
   &FinalEnergy [&Type "Double"]      -1.4576972352217970e+03  "Final single point energy"
   &Converged [&Type "Boolean"] true
$End
$SCF_Nuc_Gradient
   &GeometryIndex 29
   &NAtoms [&Type "Integer"] 34
   &gradNorm [&Type "Double"]       7.8205542600579599e-03
   &grad [&Type "ArrayOfDoubles", &Dim (102,1)] 
                                                         0

0                                      1.2396941367642158e-03
1                                      4.7577865660662112e-04
2                                      9.3616242888601539e-04
3                                     -3.8902394179373605e-04
4                                     -2.1165912139500706e-04
5                                      1.7807605648106981e-04
6                                     -2.6721492568073826e-03
7                                      1.1459469003478125e-03
8                                      4.5603440638527937e-03
9                                     -3.4220768643245685e-04
10                                    -5.5081970003138846e-04
11                                    -7.4847237201148653e-04
12                                    -8.1234736024208176e-05
13                                     1.7411479147387822e-05
14                                    -8.4202014995426983e-05
15                                     3.2195678466815920e-04
16                                    -3.3641777859159581e-04
17                                    -1.1676353789527203e-04
18                                    -4.1485354905059185e-05
19                                    -2.9950981012664578e-04
20                                    -3.0114330676906211e-04
21                                    -1.1965055448652737e-04
22                                    -1.3494681243987229e-04
23                                    -1.0215684710492850e-04
24                                    -6.3771743619616295e-04
25                                    -4.0531635645366798e-04
26                                    -7.8943581774685453e-05
27                                    -3.2500003358807810e-04
28                                     4.7420947241364267e-04
29                                     2.0490555177914185e-04
30                                    -4.3826184522132371e-04
31                                     2.8900048151950632e-04
32                                     1.2567547496672413e-04
33                                    -4.4424227493683119e-05
34                                     4.3803959140308052e-04
35                                    -2.2315111883854176e-04
36                                    -8.6269397630096183e-04
37                                    -1.0132819076130581e-03
38                                    -1.1320075034511434e-03
39                                     4.9344282761043046e-04
40                                     8.4314282236534234e-04
41                                     1.1950202515536919e-03
42                                     1.3312732663726013e-04
43                                    -1.3424906267615097e-03
44                                    -2.8098908309932147e-04
45                                     9.2424316671280886e-04
46                                    -8.0785378439967589e-05
47                                    -4.1754245309995374e-04
48                                    -3.0071083912022360e-04
49                                     1.5560204981004359e-04
50                                    -2.1345179506961103e-04
51                                     2.3430717622792744e-05
52                                    -4.2966951878122987e-04
53                                    -7.9682554743848867e-05
54                                    -2.4966039550110660e-04
55                                    -3.1780414548965698e-04
56                                     1.7361814599809583e-04
57                                    -4.0316007207856210e-04
58                                     5.2067808053410749e-04
59                                     1.9002386290221858e-04
60                                     7.9668057921642029e-04
61                                    -6.3769486531116870e-04
62                                    -2.0984789631717986e-04
63                                     7.8460499647552498e-04
64                                     8.2620442690947596e-04
65                                    -1.2403027168808541e-03
66                                     2.9339372873124915e-04
67                                     1.4148365038354146e-05
68                                    -5.5235156015596379e-06
69                                    -1.8472010734739397e-04
70                                     1.1843422808493410e-04
71                                     2.6440939624213140e-04
72                                    -1.1077825036885056e-04
73                                    -3.5772882055576497e-05
74                                    -7.4959323795360002e-05
75                                    -2.3970418381673764e-05
76                                    -7.0305995274037012e-05
77                                     6.5935543404777323e-06
78                                     1.2000823038057609e-04
79                                    -1.2348249856894869e-04
80                                     2.0437053480104928e-05
81                                     2.1747182984440238e-03
82                                     6.9721694565954737e-04
83                                    -2.6697650388559659e-03
84                                     1.5122316040102460e-04
85                                    -3.5421749616105082e-06
86                                     2.0018482315848902e-04
87                                    -5.3664575848069349e-06
88                                     3.1273020931806781e-05
89                                    -2.2722665462554965e-05
90                                    -5.5320568098187388e-05
91                                    -4.8774442889274209e-05
92                                     2.8109958532841829e-05
93                                    -3.3167028885146150e-05
94                                     3.9412971032022973e-05
95                                     1.2554956228574853e-04
96                                     6.8048457630369129e-05
97                                    -9.1878726082481130e-05
98                                     2.3961921375161683e-05
99                                    -2.0386926640421322e-04
100                                    4.7653264284558267e-05
101                                   -2.3144477956263046e-04
   &Method [&Type "String"] "SCF"
   &Level [&Type "String"] "Relaxed density"
   &Mult [&Type "Integer"] 1
   &State [&Type "Integer"] 0
   &Irrep [&Type "Integer"] 0
$End
$Geometry
   &GeometryIndex 30
   &NAtoms [&Type "Integer"] 34
   &NCorelessECP [&Type "Integer"] 0
   &NGhostAtoms [&Type "Integer"] 0
   &CartesianCoordinates [&Type "Coordinates", &Dim(34,4), &Units "Bohr"] 
              P      6.240836655640   -3.083183475192    0.420942437904
              O      0.720902158369    2.152420749961   -2.408187829780
              O      1.119072439190    7.574328965455   -0.678185892726
              O     -3.097407565511    5.928847480277    1.373251751409
              O      4.981690488542   -0.583816120624   -0.857281495394
              O     -6.226693787623    1.940290341581    0.644095519644
              O      6.958428904178   -4.721316720424   -1.749308666230
              O      4.597700530016   -4.027560352044    2.498770404836
              O      8.737383046549   -1.951772199027    1.781328883662
              N     -2.672163747851   -0.078399263142   -0.600510811979
              N     -6.234232810369   -2.343079388548    0.827849468879
              N     -6.128570747657   -6.644663938929    1.020262849690
              C      1.354514197088    5.291729531674    0.668143900700
              C     -1.219302974739    4.081602378744    1.138458809362
              C      2.673075638722    3.271643432301   -0.899440384386
              C     -1.606126808421    2.415532894544   -1.226148149846
              C      3.990537149589    1.324648220659    0.727868789015
              C     -1.364048838690   -2.240778667003   -0.939533034582
              C     -5.138436798941   -0.113422803067    0.323807736723
              C     -2.418234756040   -4.501149399964   -0.396580544401
              C     -4.950788724693   -4.478254022833    0.495438303672
              H      2.389883014988    5.640793089306    2.423972824466
              H     -1.117359864382    2.879267467023    2.820163727555
              H      4.021580410885    4.118745145085   -2.209121878793
              H     -2.951238285940    3.318800766255   -2.510340360518
              H      2.686287758302    0.490688540041    2.102593631887
              H      5.512178041202    2.259019353863    1.777309425992
              H     -0.606299830909    8.146587165128   -0.524322059845
              H     -4.672759907905    4.984822857476    1.176248066235
              H      0.537804949862   -2.032091845460   -1.658440427868
              H     -1.383468098424   -6.242500615576   -0.653282385268
              H     -5.233994688693   -8.311731238826    0.862029475142
              H     -7.908067507996   -6.615131330732    1.687277061491
              H      9.987717224723   -1.464133994123    0.548642037631
$End
$SCF_Energy
   &GeometryIndex 30
   &Method [&Type "String"] "SCF"
   &totalEnergy [&Type "ArrayOfDoubles", &Dim (1,1)] "Total energy of each state"
                                                         0

0                                     -1.4576586799488653e+03
   &Mult [&Type "ArrayOfIntegers", &Dim (1,1)] "Multiplicity of each state"
                                                         0

0                                                        1
$End
$DFT_Energy
   &GeometryIndex 30
   &nAlphaEl [&Type "Integer"] 84
   &nBetaEl [&Type "Integer"] 84
   &nTotalEl [&Type "Integer"] 168
   &finalEn [&Type "Double"]      -1.4576586799488653e+03  "No Van der Waals correction"
   &eExchange [&Type "Double"]      -1.2001659732834693e+02
   &eCorr [&Type "Double"]      -5.8401325007561828e+00
   &eXC [&Type "Double"]      -1.2585672982910312e+02
   &eCNL [&Type "Double"]       0.0000000000000000e+00
$End
$Solvation_Details
   &GeometryIndex 30
   &Solvent [&Type "String"] "WATER"
   &Epsilon [&Type "Double"]       8.0150999999999996e+01
   &Refrac [&Type "Double"]       1.3328000000000000e+00
   &RSolv [&Type "Double"]       1.3000000000000000e+00
   &SurfaceType [&Type "String"] "GAUSSIAN VDW"
   &CPCMDielEnergy [&Type "Double"]      -1.3139809099999999e-01
   &NPoints [&Type "Integer"] 2758
   &SurfaceArea [&Type "Double"]       1.1038912684790000e+03
$End
$SCF_Timings
   &GeometryIndex 30
   &TOTAL [&Type "Double"]       8.2592692000000000e+01
   &PREP [&Type "Double"]       8.2261000000000006e-01
   &FOCK [&Type "Double"]       7.5131701999999990e+01
   &DENS [&Type "Double"]       2.1723500000000229e-01
   &ETOT [&Type "Double"]       1.1339299999998964e-01
   &TRAFO [&Type "Double"]       4.7527799999999587e-01
   &DIIS [&Type "Double"]       2.2175219999999971e+00
   &SOSCF [&Type "Double"]       1.1579670000000046e+00
   &XC [&Type "Double"]       8.2438619999999947e+00
   &FOCKSTART [&Type "Double"]       3.8324999999988951e-02
   &SOLV [&Type "Double"]       7.6339360000000092e+00
   &SOLV_INIT [&Type "Double"]       2.0703000000000005e-01
   &INT_PREP [&Type "Double"]       1.9999999985031991e-06
   &INT_BF [&Type "Double"]       1.7998540000001988e+00
   &INT_DENS [&Type "Double"]       2.7504920000001345e+00
   &INT_DENSIO [&Type "Double"]       1.5681771119100015e+05
   &INT_FUNC [&Type "Double"]       1.0379199999988842e-01
   &INT_POT [&Type "Double"]       2.0565429999999143e+00
   &INT_POTIO [&Type "Double"]       1.7173999999982925e-02
   &INT_SUM [&Type "Double"]       9.6699999998861585e-04
   &SPLITRIJ [&Type "Double"]       6.5050930000000227e+00
   &COSX [&Type "Double"]       5.5847372000000000e+01
$End
$VdW_Correction
   &GeometryIndex 30
   &vdW [&Type "Double"]      -3.9464781051640363e-02
$End
$Single_Point_Data
   &GeometryIndex 30
   &FinalEnergy [&Type "Double"]      -1.4576981447299170e+03  "Final single point energy"
   &Converged [&Type "Boolean"] true
$End
$SCF_Nuc_Gradient
   &GeometryIndex 30
   &NAtoms [&Type "Integer"] 34
   &gradNorm [&Type "Double"]       1.0445627747193648e-02
   &grad [&Type "ArrayOfDoubles", &Dim (102,1)] 
                                                         0

0                                      1.9538453174928294e-03
1                                      7.9197286510714407e-04
2                                      1.5125391578001668e-03
3                                     -6.8495927724447365e-04
4                                     -2.9992734100950423e-04
5                                      3.6737381866345359e-04
6                                     -3.4909241953382060e-03
7                                      1.6158202305405339e-03
8                                      5.5763268299395020e-03
9                                     -1.6183653692754038e-04
10                                    -2.4711190972100843e-04
11                                    -1.9102258010156028e-03
12                                    -7.9439719542398154e-05
13                                    -3.0377988848997827e-05
14                                    -1.1796840318619075e-04
15                                     5.2480700338811332e-04
16                                    -2.8827115334162005e-04
17                                    -1.1230035729939361e-04
18                                    -6.1137915501164469e-05
19                                    -4.3890966142662595e-04
20                                    -4.6747097004342405e-04
21                                    -1.6896577280747194e-04
22                                    -2.0488291077934694e-04
23                                    -1.8877714492736492e-04
24                                    -1.0881632917691892e-03
25                                    -6.4888072666859954e-04
26                                    -1.9100714837469142e-04
27                                    -5.3819747770418212e-04
28                                     8.3175083685146011e-04
29                                     4.1815961969950198e-04
30                                    -7.1765961945318129e-04
31                                     5.3706344698162506e-04
32                                     2.1100001490027685e-04
33                                    -4.4993061819666798e-05
34                                     7.2434462635247664e-04
35                                    -3.2120208912984920e-04
36                                    -1.5943114797188781e-03
37                                    -1.4647738953550190e-03
38                                    -1.3115487139189960e-03
39                                     1.6111320079437612e-03
40                                     4.1726934498303298e-04
41                                     2.1306727561817688e-03
42                                     3.1555460575586854e-04
43                                    -2.2344435750642597e-03
44                                    -3.1775065920367542e-04
45                                     1.4112652469143153e-03
46                                    -2.9985313358332408e-04
47                                    -1.0051255814313915e-03
48                                    -4.7714188083169945e-04
49                                     2.9211114184367153e-04
50                                    -2.8381675331533979e-04
51                                     1.2406828623219123e-04
52                                    -7.6224676976825961e-04
53                                    -1.2656718985333475e-04
54                                    -3.4349294570152212e-04
55                                    -6.7194146981082090e-04
56                                     2.1534988294527764e-04
57                                    -5.9336609608297872e-04
58                                     8.6004108988096376e-04
59                                     2.8171816716956831e-04
60                                     1.2343092163297762e-03
61                                    -1.0584393582411765e-03
62                                    -3.5600617368890556e-04
63                                     1.1887230964369923e-03
64                                     9.0328325014159966e-04
65                                    -1.6606440171498824e-03
66                                     3.9669552479621676e-04
67                                     2.3742951719207822e-04
68                                    -5.8249501226585374e-05
69                                    -2.8380260903668094e-04
70                                     2.1478874289303682e-04
71                                     4.2563889162452274e-04
72                                    -2.1792705672998508e-04
73                                    -5.4845918618719891e-05
74                                    -7.5928101012222250e-05
75                                    -1.5793307750119716e-05
76                                    -1.4057356390279264e-04
77                                     1.7597641151164469e-05
78                                     1.8992053800552294e-04
79                                    -1.9161046867904118e-04
80                                     3.0249396676138715e-05
81                                     2.0143341124410400e-03
82                                     1.7636608532075593e-03
83                                    -2.4757403610714802e-03
84                                    -3.5701990026427175e-05
85                                    -1.0002819541609059e-04
86                                    -3.9496625579119339e-05
87                                    -9.6132618995843603e-06
88                                     7.2156283212040332e-05
89                                    -4.4480760269397738e-05
90                                    -9.1225212459617494e-05
91                                    -8.2097218743331252e-05
92                                     3.4828427041053302e-05
93                                    -4.9301561294350057e-05
94                                     5.2372067054617656e-05
95                                     1.7802596054245778e-04
96                                     9.8715100276279175e-05
97                                    -1.5516697579884525e-04
98                                     2.5771778755116411e-05
99                                    -3.1541582911146068e-04
100                                    6.0317972992389118e-05
101                                   -3.6094599628491231e-04
   &Method [&Type "String"] "SCF"
   &Level [&Type "String"] "Relaxed density"
   &Mult [&Type "Integer"] 1
   &State [&Type "Integer"] 0
   &Irrep [&Type "Integer"] 0
$End
$Geometry
   &GeometryIndex 31
   &NAtoms [&Type "Integer"] 34
   &NCorelessECP [&Type "Integer"] 0
   &NGhostAtoms [&Type "Integer"] 0
   &CartesianCoordinates [&Type "Coordinates", &Dim(34,4), &Units "Bohr"] 
              P      6.236756253888   -3.043044942285    0.451928084954
              O      0.733178012624    2.133794973250   -2.392715636047
              O      0.931579213235    7.379444951354   -0.985588615247
              O     -3.031622163502    5.879712898521    1.521146513311
              O      5.042493302255   -0.521512875703   -0.840946168267
              O     -6.202699614343    1.953007696213    0.685765779562
              O      6.961691248070   -4.689179327138   -1.710018332078
              O      4.539131610640   -3.962127180791    2.497958104890
              O      8.725757471556   -1.956512060827    1.853349885262
              N     -2.670727625559   -0.088415905842   -0.589361977353
              N     -6.243886980582   -2.333598100519    0.834588861302
              N     -6.176407335594   -6.638427596324    0.987299848547
              C      1.362016182195    5.301223957659    0.602739493120
              C     -1.165092387377    4.034965763494    1.168329901457
              C      2.694873352513    3.291929477646   -0.919053012754
              C     -1.597855756302    2.403184106952   -1.200064989873
              C      4.047468594960    1.392769322555    0.732916309151
              C     -1.382188853617   -2.258350577128   -0.959716777932
              C     -5.132304960061   -0.108504850664    0.342004630064
              C     -2.454537443638   -4.515746745889   -0.438356952821
              C     -4.983750136190   -4.476585337858    0.472242244732
              H      2.409872061505    5.781112373372    2.332051791576
              H     -0.992873748007    2.816853851040    2.833230669252
              H      4.029398469996    4.117063531776   -2.262408324081
              H     -2.941847990211    3.328965722444   -2.465908140666
              H      2.762177347838    0.559836405092    2.123856039686
              H      5.565473521676    2.360475466155    1.756069842116
              H     -0.694044897553    8.026084283644   -0.400178575785
              H     -4.626135395807    4.972908397955    1.297962796411
              H      0.517860439999   -2.055795384791   -1.684528035427
              H     -1.439902968671   -6.264935651700   -0.720546755181
              H     -5.306516095463   -8.313883968246    0.784505233767
              H     -7.956847526686   -6.600680208749    1.651865127101
              H     10.019911659273   -1.519249460811    0.647352321524
$End
$SCF_Energy
   &GeometryIndex 31
   &Method [&Type "String"] "SCF"
   &totalEnergy [&Type "ArrayOfDoubles", &Dim (1,1)] "Total energy of each state"
                                                         0

0                                     -1.4576584538464945e+03
   &Mult [&Type "ArrayOfIntegers", &Dim (1,1)] "Multiplicity of each state"
                                                         0

0                                                        1
$End
$DFT_Energy
   &GeometryIndex 31
   &nAlphaEl [&Type "Integer"] 84
   &nBetaEl [&Type "Integer"] 84
   &nTotalEl [&Type "Integer"] 168
   &finalEn [&Type "Double"]      -1.4576584538464945e+03  "No Van der Waals correction"
   &eExchange [&Type "Double"]      -1.2001818496036393e+02
   &eCorr [&Type "Double"]      -5.8415824525813749e+00
   &eXC [&Type "Double"]      -1.2585976741294530e+02
   &eCNL [&Type "Double"]       0.0000000000000000e+00
$End
$Solvation_Details
   &GeometryIndex 31
   &Solvent [&Type "String"] "WATER"
   &Epsilon [&Type "Double"]       8.0150999999999996e+01
   &Refrac [&Type "Double"]       1.3328000000000000e+00
   &RSolv [&Type "Double"]       1.3000000000000000e+00
   &SurfaceType [&Type "String"] "GAUSSIAN VDW"
   &CPCMDielEnergy [&Type "Double"]      -1.3186613200000000e-01
   &NPoints [&Type "Integer"] 2754
   &SurfaceArea [&Type "Double"]       1.0996800973340000e+03
$End
$SCF_Timings
   &GeometryIndex 31
   &TOTAL [&Type "Double"]       8.7383448000000001e+01
   &PREP [&Type "Double"]       9.3948500000000001e-01
   &FOCK [&Type "Double"]       7.9731269999999981e+01
   &DENS [&Type "Double"]       2.1641300000000285e-01
   &ETOT [&Type "Double"]       1.2158999999999232e-01
   &TRAFO [&Type "Double"]       6.3689100000000209e-01
   &DIIS [&Type "Double"]       2.1085680000000000e+00
   &SOSCF [&Type "Double"]       1.0407160000000051e+00
   &XC [&Type "Double"]       8.8179319999999848e+00
   &FOCKSTART [&Type "Double"]       4.0324999999994504e-02
   &SOLV [&Type "Double"]       7.5854069999999876e+00
   &SOLV_INIT [&Type "Double"]       2.4230499999999999e-01
   &INT_PREP [&Type "Double"]       2.9999999959784418e-06
   &INT_BF [&Type "Double"]       1.5991420000000112e+00
   &INT_DENS [&Type "Double"]       2.4684030000002650e+00
   &INT_DENSIO [&Type "Double"]       1.6706560237000027e+05
   &INT_FUNC [&Type "Double"]       8.8970000000077931e-02
   &INT_POT [&Type "Double"]       1.8736330000001562e+00
   &INT_POTIO [&Type "Double"]       1.5861999999913223e-02
   &INT_SUM [&Type "Double"]       2.1910000000016083e-03
   &SPLITRIJ [&Type "Double"]       6.2100549999999890e+00
   &COSX [&Type "Double"]       6.0449294000000009e+01
$End
$VdW_Correction
   &GeometryIndex 31
   &vdW [&Type "Double"]      -3.9496188533194740e-02
$End
$Single_Point_Data
   &GeometryIndex 31
   &FinalEnergy [&Type "Double"]      -1.4576979500350276e+03  "Final single point energy"
   &Converged [&Type "Boolean"] true
$End
$SCF_Nuc_Gradient
   &GeometryIndex 31
   &NAtoms [&Type "Integer"] 34
   &gradNorm [&Type "Double"]       1.9415433305546285e-02
   &grad [&Type "ArrayOfDoubles", &Dim (102,1)] 
                                                         0

0                                      3.1686525446592917e-03
1                                      9.8585604558811425e-04
2                                      2.2514350305756995e-03
3                                      3.5438815020326028e-04
4                                      1.5283488166195523e-03
5                                      2.6400683377678194e-04
6                                      6.7002262103974400e-03
7                                     -8.6525162166011128e-03
8                                     -7.4031995231241170e-03
9                                      1.0197126596866947e-03
10                                     5.6322728190899779e-04
11                                    -8.9408425891548591e-04
12                                    -8.9172669419132890e-04
13                                     9.1092581719970660e-04
14                                    -4.6384475197954887e-04
15                                    -3.3088985253764390e-05
16                                     1.0783989119108497e-03
17                                     2.1711990144730430e-04
18                                    -2.4643863095317239e-04
19                                    -1.9486270158284783e-04
20                                    -4.9469062640936892e-04
21                                    -6.3136707996470638e-04
22                                    -6.9449002212197539e-05
23                                    -1.9552877254289957e-04
24                                    -2.2628802532604535e-03
25                                    -7.0876775828244097e-04
26                                    -1.0619509489948767e-03
27                                    -4.8486837994380760e-04
28                                     3.4378740375824311e-04
29                                     9.8580391217161726e-04
30                                    -3.9611746088507986e-04
31                                     1.5758949409451395e-04
32                                     3.2628137566877212e-04
33                                    -1.1388491052490368e-04
34                                     2.4571447284387464e-04
35                                    -1.4217358176674881e-04
36                                    -1.4694543392576192e-03
37                                     5.3922473637704428e-03
38                                     2.7059502834685016e-03
39                                     8.9042750573018619e-04
40                                    -3.6976769452227271e-04
41                                    -3.0946784107511267e-03
42                                    -1.8782388179210997e-03
43                                     3.9907589038636285e-03
44                                    -1.0186976741313359e-03
45                                    -2.3688852467103408e-03
46                                    -3.3552353555660981e-04
47                                    -6.6298147895910674e-04
48                                     4.3240801522646805e-04
49                                     1.3896614102821764e-03
50                                     1.8471395365705289e-03
51                                     3.1189748674052321e-04
52                                    -6.6298737652193047e-04
53                                    -1.3924312174640931e-04
54                                     6.1791757835738190e-04
55                                    -9.0310220037190269e-04
56                                    -6.7978975592414455e-04
57                                     4.3553184470608347e-04
58                                     3.0828835378921243e-04
59                                    -1.4322897836247948e-04
60                                     2.4900334552092944e-04
61                                    -2.0651919091229751e-04
62                                    -4.4391022020235450e-05
63                                     2.0772044332692747e-03
64                                    -2.5772364996300588e-03
65                                     2.5429678389522967e-03
66                                     1.5959003947887317e-04
67                                     4.5449962055221186e-04
68                                     1.2063896554217709e-04
69                                     9.0287354867715167e-04
70                                    -1.8686821133044064e-05
71                                    -6.2633156924129163e-04
72                                    -1.9497895378303232e-05
73                                    -1.6767791867980565e-04
74                                     4.8931424515718950e-04
75                                     5.4886578799383424e-05
76                                    -4.5752981316745797e-05
77                                    -2.6397860601141227e-04
78                                    -2.8720893110547658e-05
79                                    -2.2303697755132729e-04
80                                     1.1694538111168092e-05
81                                    -5.0481556449099062e-03
82                                    -2.0869914065726335e-03
83                                     5.9080162678469732e-03
84                                    -1.0485928438076666e-03
85                                     2.7918836712796863e-04
86                                    -8.7876135830164401e-05
87                                    -5.9680036564934719e-05
88                                    -2.5942028119580954e-05
89                                    -9.9862134750840518e-05
90                                    -1.5755139296514171e-04
91                                    -1.4774585355075619e-04
92                                     8.4523535643908992e-06
93                                    -1.0567520796668622e-04
94                                    -7.6975060741433978e-05
95                                     1.0944944103724031e-04
96                                     1.4456507087751114e-05
97                                    -1.7781001591467559e-04
98                                     5.3202789228301286e-05
99                                    -1.4435175349704333e-04
100                                    2.2859000520623847e-05
101                                   -3.2494196454304377e-04
   &Method [&Type "String"] "SCF"
   &Level [&Type "String"] "Relaxed density"
   &Mult [&Type "Integer"] 1
   &State [&Type "Integer"] 0
   &Irrep [&Type "Integer"] 0
$End
$Geometry
   &GeometryIndex 32
   &NAtoms [&Type "Integer"] 34
   &NCorelessECP [&Type "Integer"] 0
   &NGhostAtoms [&Type "Integer"] 0
   &CartesianCoordinates [&Type "Coordinates", &Dim(34,4), &Units "Bohr"] 
              P      6.258872844305   -3.052192333700    0.436647367064
              O      0.726636706107    2.111394544773   -2.388977489726
              O      0.985474369279    7.473369377614   -0.898337576933
              O     -3.062749216931    5.850474470732    1.528716803892
              O      5.053750791660   -0.534948830363   -0.854204718666
              O     -6.234569340897    1.948597596107    0.639867872984
              O      6.989513063870   -4.693767112828   -1.725656130037
              O      4.574323496583   -3.980234623032    2.487617540463
              O      8.747258178739   -1.955037614176    1.837806395026
              N     -2.682811709833   -0.089493321230   -0.587560033412
              N     -6.272732773480   -2.336104654130    0.797176247862
              N     -6.197384859793   -6.639378988190    0.971955650683
              C      1.354598101139    5.307563808823    0.603129022167
              C     -1.170500551611    4.036700359402    1.170440810259
              C      2.687320679525    3.281422625110   -0.926946386541
              C     -1.598776449980    2.398325106870   -1.198192484058
              C      4.051702971648    1.379792624253    0.716887713956
              C     -1.381170904325   -2.257553835252   -0.915665373686
              C     -5.157175216939   -0.111809420954    0.315672531478
              C     -2.454718543857   -4.513694467089   -0.390656017546
              C     -4.999120557906   -4.478365291694    0.469012475590
              H      2.404712721385    5.760545318731    2.329680730130
              H     -0.978835877512    2.813696488425    2.830332589382
              H      4.010237189690    4.113355347699   -2.273725181367
              H     -2.941225504625    3.325166743188   -2.467484780668
              H      2.772351996195    0.545555801657    2.113541594827
              H      5.569727203771    2.351833012040    1.736232647770
              H     -0.659569537035    8.133009674759   -0.439493821510
              H     -4.640185114958    4.917566418859    1.298531417456
              H      0.529714002970   -2.054577452044   -1.611408914795
              H     -1.427521056092   -6.260742731253   -0.639009291062
              H     -5.316509111469   -8.313210017487    0.805148576884
              H     -7.988084776558   -6.601269788554    1.608521755915
              H     10.027843649993   -1.489205833206    0.628169640492
$End
$SCF_Energy
   &GeometryIndex 32
   &Method [&Type "String"] "SCF"
   &totalEnergy [&Type "ArrayOfDoubles", &Dim (1,1)] "Total energy of each state"
                                                         0

0                                     -1.4576594404652121e+03
   &Mult [&Type "ArrayOfIntegers", &Dim (1,1)] "Multiplicity of each state"
                                                         0

0                                                        1
$End
$DFT_Energy
   &GeometryIndex 32
   &nAlphaEl [&Type "Integer"] 84
   &nBetaEl [&Type "Integer"] 84
   &nTotalEl [&Type "Integer"] 168
   &finalEn [&Type "Double"]      -1.4576594404652121e+03  "No Van der Waals correction"
   &eExchange [&Type "Double"]      -1.2001601469078992e+02
   &eCorr [&Type "Double"]      -5.8403204569249274e+00
   &eXC [&Type "Double"]      -1.2585633514771484e+02
   &eCNL [&Type "Double"]       0.0000000000000000e+00
$End
$Solvation_Details
   &GeometryIndex 32
   &Solvent [&Type "String"] "WATER"
   &Epsilon [&Type "Double"]       8.0150999999999996e+01
   &Refrac [&Type "Double"]       1.3328000000000000e+00
   &RSolv [&Type "Double"]       1.3000000000000000e+00
   &SurfaceType [&Type "String"] "GAUSSIAN VDW"
   &CPCMDielEnergy [&Type "Double"]      -1.3172582999999999e-01
   &NPoints [&Type "Integer"] 2751
   &SurfaceArea [&Type "Double"]       1.1019508047459999e+03
$End
$SCF_Timings
   &GeometryIndex 32
   &TOTAL [&Type "Double"]       8.5348688000000010e+01
   &PREP [&Type "Double"]       8.9670099999999997e-01
   &FOCK [&Type "Double"]       7.6881247999999999e+01
   &DENS [&Type "Double"]       2.1826000000000079e-01
   &ETOT [&Type "Double"]       1.1829800000000645e-01
   &POP [&Type "Double"]       9.9999999747524271e-07
   &TRAFO [&Type "Double"]       4.7646600000000383e-01
   &DIIS [&Type "Double"]       1.8336200000000016e+00
   &SOSCF [&Type "Double"]       1.3214490000000083e+00
   &XC [&Type "Double"]       8.9171400000000052e+00
   &FOCKSTART [&Type "Double"]       4.0056000000012082e-02
   &SOLV [&Type "Double"]       7.1948529999999913e+00
   &SOLV_INIT [&Type "Double"]       2.5639600000000007e-01
   &INT_PREP [&Type "Double"]       3.9999999916773277e-06
   &INT_BF [&Type "Double"]       2.1083729999998351e+00
   &INT_DENS [&Type "Double"]       3.3234670000001927e+00
   &INT_DENSIO [&Type "Double"]       1.4236105003700018e+05
   &INT_FUNC [&Type "Double"]       1.1555700000020863e-01
   &INT_POT [&Type "Double"]       2.3129260000002247e+00
   &INT_POTIO [&Type "Double"]       2.1265999999531715e-02
   &INT_SUM [&Type "Double"]       7.3599999999274246e-04
   &SPLITRIJ [&Type "Double"]       5.6319859999999888e+00
   &COSX [&Type "Double"]       5.9308502000000004e+01
$End
$VdW_Correction
   &GeometryIndex 32
   &vdW [&Type "Double"]      -3.9423166642538691e-02
$End
$Single_Point_Data
   &GeometryIndex 32
   &FinalEnergy [&Type "Double"]      -1.4576988636318547e+03  "Final single point energy"
   &Converged [&Type "Boolean"] true
$End
$SCF_Nuc_Gradient
   &GeometryIndex 32
   &NAtoms [&Type "Integer"] 34
   &gradNorm [&Type "Double"]       5.1913088148599872e-03
   &grad [&Type "ArrayOfDoubles", &Dim (102,1)] 
                                                         0

0                                      1.7057145114510049e-03
1                                      4.2956393670198978e-04
2                                      1.4743605649952998e-03
3                                      2.3613458034641999e-05
4                                      1.4591021767744201e-04
5                                      3.0805652194002925e-04
6                                      4.8018232914899084e-04
7                                     -1.8774095227999752e-04
8                                     -2.6973320999521070e-04
9                                     -4.5259103071055049e-04
10                                    -6.0612453415311322e-04
11                                    -6.5205346891197662e-04
12                                     2.1724663391383612e-04
13                                    -1.8062293430080767e-04
14                                    -1.3204056614554694e-04
15                                     1.9702720598228782e-04
16                                     5.5299417924861921e-04
17                                    -9.0664473931601684e-06
18                                    -1.6691633281726176e-04
19                                    -4.7821296363639360e-05
20                                    -1.1632416263954344e-04
21                                     1.6494726444034319e-04
22                                     3.7209299139456575e-05
23                                    -4.2368745629182383e-04
24                                    -1.5285061092079342e-03
25                                    -6.4809102027142045e-04
26                                    -5.0844323884646563e-04
27                                    -5.3998059781011772e-05
28                                     5.2491596668013127e-04
29                                     4.9257998062808301e-04
30                                    -7.8979613307949702e-04
31                                     6.4114974099136943e-04
32                                     3.2938418215255736e-04
33                                    -1.7130386382272915e-04
34                                     5.4581744134893763e-04
35                                    -1.5099019700147258e-04
36                                    -1.2162513718116843e-03
37                                     1.4389396992807359e-03
38                                     3.6785352530141290e-04
39                                     1.0494229643786665e-03
40                                    -9.7308326602331473e-04
41                                     1.5297385674605080e-04
42                                    -2.1267869054574813e-04
43                                    -2.4117934628710772e-04
44                                    -3.4619918459191277e-04
45                                     2.5573594374481731e-04
46                                     6.1067390413872865e-05
47                                    -7.1678179163078707e-04
48                                     4.1335458275609338e-05
49                                     3.3348361496781233e-04
50                                     3.7590107065579322e-04
51                                     4.3236169711065439e-04
52                                    -5.8667044930835394e-04
53                                    -2.9701967042095143e-04
54                                    -1.1003113908623704e-04
55                                    -9.0753795963497514e-04
56                                     3.7347753209052434e-05
57                                    -4.1066803775737068e-04
58                                     6.7587459810532322e-04
59                                     2.6506404971291442e-04
60                                     1.1604504030199589e-03
61                                    -8.8682150567521490e-04
62                                    -5.1263366536445903e-04
63                                     9.5343892472201958e-04
64                                    -7.8772336095555868e-04
65                                    -1.5182742098736828e-04
66                                    -8.7070419266489302e-05
67                                     3.4843857044381009e-04
68                                     1.4999908414369361e-04
69                                     5.7886293559586139e-05
70                                     1.7909453321627206e-05
71                                     7.9743066797902400e-05
72                                    -2.6193259731673198e-04
73                                    -1.1707977402816130e-04
74                                     1.8361312520247657e-04
75                                    -7.7182748011678308e-05
76                                    -5.3590609350572720e-05
77                                    -2.7109353192783248e-05
78                                     4.4674595546292836e-05
79                                    -1.7753826251139932e-04
80                                    -4.0248413686532538e-05
81                                    -7.5090164008033509e-04
82                                     2.8330919102367554e-04
83                                     2.5270531742191285e-04
84                                    -7.2345054311747997e-05
85                                     5.1983075963756779e-04
86                                    -9.1340031006548487e-06
87                                    -1.2602465496742937e-05
88                                     1.7459385150250212e-04
89                                    -3.8931496498503983e-05
90                                    -1.0916247969352406e-04
91                                    -1.1045617973786474e-04
92                                     3.0763832153002922e-05
93                                    -1.2465383461293633e-05
94                                    -8.4777056716485205e-05
95                                     1.4559179780630530e-04
96                                    -2.5470657504157184e-05
97                                    -1.7584026024358894e-04
98                                     5.8561908526317008e-05
99                                    -2.6216351974014214e-04
100                                    4.1690898009805882e-05
101                                   -3.0227589621985355e-04
   &Method [&Type "String"] "SCF"
   &Level [&Type "String"] "Relaxed density"
   &Mult [&Type "Integer"] 1
   &State [&Type "Integer"] 0
   &Irrep [&Type "Integer"] 0
$End
$Geometry
   &GeometryIndex 33
   &NAtoms [&Type "Integer"] 34
   &NCorelessECP [&Type "Integer"] 0
   &NGhostAtoms [&Type "Integer"] 0
   &CartesianCoordinates [&Type "Coordinates", &Dim(34,4), &Units "Bohr"] 
              P      6.270173194506   -3.046099587279    0.430634828741
              O      0.727360873651    2.103221003454   -2.382670156559
              O      0.979468159537    7.464899794014   -0.906537127797
              O     -3.058828831277    5.838082737708    1.556635356042
              O      5.067543468462   -0.527275683848   -0.858551947223
              O     -6.245988282057    1.950863374167    0.627199945725
              O      7.007065980351   -4.684486766176   -1.731788996407
              O      4.581445981996   -3.976524764822    2.477513270864
              O      8.757297748832   -1.951406992350    1.841465063627
              N     -2.691128123419   -0.088844169610   -0.591165302318
              N     -6.285958253209   -2.333224792233    0.782886599865
              N     -6.213215445467   -6.636394608937    0.965878250500
              C      1.355225109069    5.305145152976    0.601728006268
              C     -1.166211871584    4.030206672517    1.176973438537
              C      2.689586615624    3.280858182750   -0.927616789606
              C     -1.599429390032    2.397605599815   -1.194041917346
              C      4.064838689139    1.385641009554    0.713466253212
              C     -1.387494558610   -2.257832924508   -0.903706491489
              C     -5.168094163852   -0.108966289166    0.305408856477
              C     -2.462496636738   -4.513448281119   -0.378745094849
              C     -5.012063106583   -4.475968334126    0.466497558409
              H      2.399841393096    5.770660601494    2.327512812456
              H     -0.962506083292    2.798653485546    2.829588008126
              H      4.005505371928    4.114547699874   -2.280141470876
              H     -2.935636360060    3.332058901215   -2.464365964995
              H      2.793132045427    0.549964885642    2.115965249107
              H      5.583029655348    2.364771339879    1.726085809169
              H     -0.675350343235    8.107876442619   -0.465859569515
              H     -4.635518233629    4.904410344830    1.323201205231
              H      0.527419511926   -2.057307639956   -1.588748261325
              H     -1.431912794708   -6.260011884568   -0.615569655315
              H     -5.333298792560   -8.310719064161    0.800636607491
              H     -8.008457640819   -6.596520573375    1.589165541576
              H     10.045051975296   -1.487651867959    0.638837268473
$End
$SCF_Energy
   &GeometryIndex 33
   &Method [&Type "String"] "SCF"
   &totalEnergy [&Type "ArrayOfDoubles", &Dim (1,1)] "Total energy of each state"
                                                         0

0                                     -1.4576594935043638e+03
   &Mult [&Type "ArrayOfIntegers", &Dim (1,1)] "Multiplicity of each state"
                                                         0

0                                                        1
$End
$DFT_Energy
   &GeometryIndex 33
   &nAlphaEl [&Type "Integer"] 84
   &nBetaEl [&Type "Integer"] 84
   &nTotalEl [&Type "Integer"] 168
   &finalEn [&Type "Double"]      -1.4576594935043638e+03  "No Van der Waals correction"
   &eExchange [&Type "Double"]      -1.2001616241025884e+02
   &eCorr [&Type "Double"]      -5.8402287732247249e+00
   &eXC [&Type "Double"]      -1.2585639118348357e+02
   &eCNL [&Type "Double"]       0.0000000000000000e+00
$End
$Solvation_Details
   &GeometryIndex 33
   &Solvent [&Type "String"] "WATER"
   &Epsilon [&Type "Double"]       8.0150999999999996e+01
   &Refrac [&Type "Double"]       1.3328000000000000e+00
   &RSolv [&Type "Double"]       1.3000000000000000e+00
   &SurfaceType [&Type "String"] "GAUSSIAN VDW"
   &CPCMDielEnergy [&Type "Double"]      -1.3169790800000000e-01
   &NPoints [&Type "Integer"] 2752
   &SurfaceArea [&Type "Double"]       1.1023288990660001e+03
$End
$SCF_Timings
   &GeometryIndex 33
   &TOTAL [&Type "Double"]       6.8522922000000008e+01
   &PREP [&Type "Double"]       8.5459699999999994e-01
   &FOCK [&Type "Double"]       6.3100150000000006e+01
   &DENS [&Type "Double"]       1.2357200000000290e-01
   &ETOT [&Type "Double"]       8.0448000000009401e-02
   &TRAFO [&Type "Double"]       4.4326699999999342e-01
   &DIIS [&Type "Double"]       4.7757000000000005e-01
   &SOSCF [&Type "Double"]       7.3493399999999909e-01
   &XC [&Type "Double"]       6.0051229999999993e+00
   &FOCKSTART [&Type "Double"]       2.8419000000002748e-02
   &SOLV [&Type "Double"]       5.3309229999999950e+00
   &SOLV_INIT [&Type "Double"]       2.1285900000000002e-01
   &INT_PREP [&Type "Double"]       1.9999999967268423e-06
   &INT_BF [&Type "Double"]       8.6333699999996938e-01
   &INT_DENS [&Type "Double"]       1.2623279999999948e+00
   &INT_DENSIO [&Type "Double"]       9.8864533075000130e+04
   &INT_FUNC [&Type "Double"]       5.2597000000153216e-02
   &INT_POT [&Type "Double"]       9.4120000000005888e-01
   &INT_POTIO [&Type "Double"]       8.9769999999091965e-03
   &INT_SUM [&Type "Double"]       1.1619999999989972e-03
   &SPLITRIJ [&Type "Double"]       4.3523430000000083e+00
   &COSX [&Type "Double"]       5.0770323999999995e+01
$End
$VdW_Correction
   &GeometryIndex 33
   &vdW [&Type "Double"]      -3.9403867403294268e-02
$End
$Single_Point_Data
   &GeometryIndex 33
   &FinalEnergy [&Type "Double"]      -1.4576988973717671e+03  "Final single point energy"
   &Converged [&Type "Boolean"] true
$End
$SCF_Nuc_Gradient
   &GeometryIndex 33
   &NAtoms [&Type "Integer"] 34
   &gradNorm [&Type "Double"]       3.1668687953126250e-03
   &grad [&Type "ArrayOfDoubles", &Dim (102,1)] 
                                                         0

0                                      1.0726080475649564e-03
1                                      2.3794662710764544e-04
2                                      9.5040471661852989e-04
3                                      1.1680264409064743e-04
4                                      5.9262114563994145e-05
5                                      1.2628706101571358e-04
6                                      2.6964181970366089e-04
7                                     -1.4305559228351125e-04
8                                      2.1019288016914107e-05
9                                     -3.2538194864454185e-04
10                                    -5.1727883325014610e-04
11                                    -2.0631317884091740e-04
12                                     7.9253672251268644e-05
13                                    -2.6722521802280969e-05
14                                    -9.9989454697680096e-05
15                                     1.3228974491338874e-04
16                                     1.1250062941133056e-04
17                                    -5.6987462898172703e-05
18                                    -1.0108112788598649e-04
19                                    -3.7883772377511642e-05
20                                    -1.0369931840125976e-04
21                                     8.5132654985193413e-05
22                                     3.0581970803755619e-05
23                                    -2.3083375949899229e-04
24                                    -9.2217430239413436e-04
25                                    -4.5384645394989785e-04
26                                    -3.1453331669335679e-04
27                                     5.9432396928866399e-05
28                                     2.7203632228938129e-04
29                                     1.6725925552424557e-04
30                                    -4.8247536330881338e-04
31                                     3.4804108067641411e-04
32                                     1.5071543553702360e-04
33                                    -1.3567274885768228e-04
34                                     3.0350918278258452e-04
35                                    -1.5747253975288819e-04
36                                    -7.4666777440092274e-04
37                                     1.1735264002592847e-03
38                                     2.7903979689191907e-04
39                                     4.0436780602838497e-04
40                                    -3.9753735895218893e-04
41                                    -6.8795797955290976e-05
42                                    -1.5283070293384716e-04
43                                     2.8735525085862976e-05
44                                    -4.0633530442691127e-04
45                                     1.0769166339054083e-04
46                                     8.7167857198759200e-05
47                                    -3.0763161347383819e-04
48                                     2.8074759002558397e-05
49                                     1.7961034909774303e-04
50                                     2.3733235956168602e-04
51                                     2.3218301032448005e-04
52                                    -3.5675807168876429e-04
53                                    -1.7603794610072888e-04
54                                    -2.1567631058266504e-04
55                                    -4.1786370944350983e-04
56                                     1.2719950788312725e-04
57                                    -3.3966488735078648e-04
58                                     3.8379453653265101e-04
59                                     1.6754896993002158e-04
60                                     8.1656012427104672e-04
61                                    -4.9776662871309392e-04
62                                    -2.2120059541690676e-04
63                                     5.1130798847848658e-04
64                                    -5.3276457079656271e-04
65                                    -1.5041315269280714e-04
66                                    -1.2723804239419921e-04
67                                     2.1050264493531251e-04
68                                     1.1295804927103343e-04
69                                     5.0389191799369838e-05
70                                    -2.8151464881498363e-05
71                                     2.9454578515822723e-05
72                                    -1.1719988726549172e-04
73                                    -3.1493182373210397e-05
74                                     1.2703159106427481e-04
75                                    -3.8495966254641230e-05
76                                    -2.6005884317955098e-06
77                                    -1.7024354836663231e-05
78                                     3.8696881837353339e-05
79                                    -1.1511921450073465e-04
80                                    -2.6477765936358118e-05
81                                    -9.8591950868798486e-05
82                                    -2.4312306655853525e-04
83                                    -4.5059154304884188e-05
84                                     7.8142804698916589e-05
85                                     3.7284705112029359e-04
86                                     7.6321060295158721e-05
87                                    -3.0472006273830721e-05
88                                     1.2902478312296452e-04
89                                    -3.9086704126020644e-06
90                                    -7.7663476097173788e-05
91                                    -7.1406943168373277e-05
92                                     3.7051523333178111e-05
93                                    -2.0861165015218452e-05
94                                    -2.7442759767339292e-05
95                                     1.1428140852101525e-04
96                                     1.1710396447918068e-05
97                                    -1.0127061348138735e-04
98                                     4.3188020499542162e-05
99                                    -1.6213800479545777e-04
100                                    7.2998296577326494e-05
101                                   -1.7437924709043354e-04
   &Method [&Type "String"] "SCF"
   &Level [&Type "String"] "Relaxed density"
   &Mult [&Type "Integer"] 1
   &State [&Type "Integer"] 0
   &Irrep [&Type "Integer"] 0
$End
$Geometry
   &GeometryIndex 34
   &NAtoms [&Type "Integer"] 34
   &NCorelessECP [&Type "Integer"] 0
   &NGhostAtoms [&Type "Integer"] 0
   &CartesianCoordinates [&Type "Coordinates", &Dim(34,4), &Units "Bohr"] 
              P      6.288710614921   -3.036378604952    0.422516958135
              O      0.729169358998    2.086402156702   -2.375101853787
              O      0.962544543503    7.451207862620   -0.924309895211
              O     -3.057132774565    5.818807491006    1.582940186843
              O      5.089503884956   -0.515511900982   -0.864578063817
              O     -6.258522534291    1.953286141212    0.608596316407
              O      7.034062234313   -4.670857733172   -1.739732202322
              O      4.594570510953   -3.970149697979    2.463898466197
              O      8.774252169437   -1.945029006315    1.846133261081
              N     -2.701702289318   -0.092102451587   -0.596683844046
              N     -6.304101143655   -2.329959471326    0.765099348329
              N     -6.237696964928   -6.632912130831    0.961147601403
              C      1.351717171751    5.300799579969    0.595827754075
              C     -1.162628680174    4.018841998953    1.181440722764
              C      2.691246636094    3.278564170063   -0.930244307669
              C     -1.599509608527    2.391516206594   -1.191709588255
              C      4.082523865493    1.393916815551    0.708029090347
              C     -1.397023193200   -2.263071982457   -0.888327167180
              C     -5.181637981908   -0.107149259147    0.291055073757
              C     -2.475626254034   -4.516915748332   -0.362596869650
              C     -5.031692161311   -4.474552923543    0.464170896918
              H      2.388101776370    5.786243296811    2.320416915898
              H     -0.943313846373    2.778851150351    2.826333516754
              H      3.996718947979    4.115434727277   -2.290656054773
              H     -2.926834778072    3.334019989421   -2.465664320340
              H      2.821116302573    0.554568973618    2.117394669603
              H      5.599027822397    2.384367655249    1.712645235720
              H     -0.667644891122    8.124828745863   -0.444691058200
              H     -4.632022290799    4.883315285159    1.338229128307
              H      0.523101862808   -2.067304442185   -1.560018145256
              H     -1.442072694371   -6.263604568091   -0.584194507001
              H     -5.359942170561   -8.308553739153    0.799401684771
              H     -8.038165380180   -6.589074817133    1.568714608795
              H     10.071298797902   -1.485060765375    0.652287625681
$End
$SCF_Energy
   &GeometryIndex 34
   &Method [&Type "String"] "SCF"
   &totalEnergy [&Type "ArrayOfDoubles", &Dim (1,1)] "Total energy of each state"
                                                         0

0                                     -1.4576595614417674e+03
   &Mult [&Type "ArrayOfIntegers", &Dim (1,1)] "Multiplicity of each state"
                                                         0

0                                                        1
$End
$DFT_Energy
   &GeometryIndex 34
   &nAlphaEl [&Type "Integer"] 84
   &nBetaEl [&Type "Integer"] 84
   &nTotalEl [&Type "Integer"] 168
   &finalEn [&Type "Double"]      -1.4576595614417674e+03  "No Van der Waals correction"
   &eExchange [&Type "Double"]      -1.2001606166441243e+02
   &eCorr [&Type "Double"]      -5.8400697686978962e+00
   &eXC [&Type "Double"]      -1.2585613143311033e+02
   &eCNL [&Type "Double"]       0.0000000000000000e+00
$End
$Solvation_Details
   &GeometryIndex 34
   &Solvent [&Type "String"] "WATER"
   &Epsilon [&Type "Double"]       8.0150999999999996e+01
   &Refrac [&Type "Double"]       1.3328000000000000e+00
   &RSolv [&Type "Double"]       1.3000000000000000e+00
   &SurfaceType [&Type "String"] "GAUSSIAN VDW"
   &CPCMDielEnergy [&Type "Double"]      -1.3175980900000001e-01
   &NPoints [&Type "Integer"] 2762
   &SurfaceArea [&Type "Double"]       1.1029316679670001e+03
$End
$SCF_Timings
   &GeometryIndex 34
   &TOTAL [&Type "Double"]       6.9675134999999997e+01
   &PREP [&Type "Double"]       8.7841499999999995e-01
   &FOCK [&Type "Double"]       6.2794140000000006e+01
   &DENS [&Type "Double"]       1.7043499999999767e-01
   &ETOT [&Type "Double"]       1.0202099999999703e-01
   &TRAFO [&Type "Double"]       6.6253599999999757e-01
   &DIIS [&Type "Double"]       1.5033729999999998e+00
   &SOSCF [&Type "Double"]       6.4748999999999057e-01
   &XC [&Type "Double"]       7.2001680000000015e+00
   &FOCKSTART [&Type "Double"]       3.5221000000000391e-02
   &SOLV [&Type "Double"]       5.6073790000000088e+00
   &SOLV_INIT [&Type "Double"]       2.2343699999999989e-01
   &INT_PREP [&Type "Double"]       5.0000000015870683e-06
   &INT_BF [&Type "Double"]       1.1100399999999961e+00
   &INT_DENS [&Type "Double"]       1.9645749999996642e+00
   &INT_DENSIO [&Type "Double"]       9.4821943692000190e+04
   &INT_FUNC [&Type "Double"]       6.5493000000083512e-02
   &INT_POT [&Type "Double"]       1.4030450000000450e+00
   &INT_POTIO [&Type "Double"]       1.3363000000026659e-02
   &INT_SUM [&Type "Double"]       1.4690000000125991e-03
   &SPLITRIJ [&Type "Double"]       4.7553580000000055e+00
   &COSX [&Type "Double"]       4.8933042999999991e+01
$End
$VdW_Correction
   &GeometryIndex 34
   &vdW [&Type "Double"]      -3.9364811326473251e-02
$End
$Single_Point_Data
   &GeometryIndex 34
   &FinalEnergy [&Type "Double"]      -1.4576989262530940e+03  "Final single point energy"
   &Converged [&Type "Boolean"] true
$End
$SCF_Nuc_Gradient
   &GeometryIndex 34
   &NAtoms [&Type "Integer"] 34
   &gradNorm [&Type "Double"]       1.2100788526046300e-03
   &grad [&Type "ArrayOfDoubles", &Dim (102,1)] 
                                                         0

0                                      2.2194054383400366e-04
1                                      2.4981884632245587e-05
2                                      2.2843871886928276e-04
3                                      2.2218966626313440e-05
4                                     -6.3426375449391410e-05
5                                     -2.6475321825232404e-05
6                                     -3.8775827375732246e-04
7                                      3.9205885875527558e-05
8                                      1.6773751890388730e-04
9                                      9.4025859000188710e-05
10                                    -1.2073404108096876e-04
11                                     7.7844047921557166e-05
12                                    -4.1478151004689884e-05
13                                     8.8132136571384494e-05
14                                    -5.2619579444413315e-05
15                                     1.3696927097268816e-04
16                                    -2.6861037557576875e-04
17                                    -5.8025457878270199e-05
18                                    -1.7328612026584680e-05
19                                    -5.2700370451144241e-05
20                                    -6.7348018499035101e-05
21                                     1.2715469681591040e-05
22                                     2.2434126035623719e-06
23                                     6.1057389057297712e-06
24                                    -1.0739011377436489e-04
25                                    -2.0271220281656098e-04
26                                    -2.2978760240485944e-05
27                                     1.2840104730710018e-04
28                                     4.3827078504558078e-06
29                                    -1.7588643163538389e-04
30                                    -7.2794995611205805e-05
31                                     5.9506731129061477e-05
32                                    -3.4312231693440386e-05
33                                    -5.0532689995951051e-05
34                                     6.3773269183380082e-05
35                                    -1.5402258324231916e-04
36                                    -1.2957136592200809e-04
37                                     3.8982038853301965e-04
38                                     1.7390529927119699e-04
39                                     6.0057857828279599e-06
40                                     4.2961367740584943e-05
41                                    -4.7994161208049881e-05
42                                     5.1354275893518165e-05
43                                    -5.5667886768355870e-05
44                                    -2.5294832380875739e-04
45                                     1.8564141375892988e-04
46                                     5.4138703333501996e-05
47                                     6.0255073937357266e-05
48                                    -4.8646080805082631e-05
49                                    -7.9926005862946284e-05
50                                    -8.8865552704345952e-05
51                                    -2.9536552268610004e-05
52                                    -7.3750647475089742e-05
53                                     1.6405680917140085e-05
54                                    -2.7185816884247476e-04
55                                     8.7023953959494986e-05
56                                     1.8713538010143422e-04
57                                    -2.2149197012986998e-04
58                                     7.1194707476823446e-05
59                                     6.4763468717096321e-05
60                                     3.0835913442192522e-04
61                                    -1.0118251375470315e-04
62                                     4.0268998421488261e-05
63                                    -6.8069507608406116e-05
64                                    -1.0547608910374531e-04
65                                    -1.1752447970137543e-04
66                                    -8.8567336389492549e-05
67                                     9.5179917342699569e-05
68                                     3.3416905745128022e-05
69                                    -4.5337392751027206e-05
70                                    -5.9062090588593916e-05
71                                     3.9112838426218346e-05
72                                     3.3192021342665282e-05
73                                     5.3398753490192230e-05
74                                    -1.4359762509766132e-05
75                                    -6.5470423022015401e-06
76                                     2.8991958791557874e-05
77                                     2.1554019770121240e-05
78                                     3.3197642087534808e-05
79                                    -1.6488955656846974e-05
80                                    -4.1668533026875020e-06
81                                     3.6539136456184215e-04
82                                    -1.5657998492851402e-04
83                                    -1.2241413724642982e-04
84                                     5.6721297858814627e-05
85                                     6.9069074598889077e-05
86                                    -1.9623099241179671e-05
87                                    -1.8295382376388630e-05
88                                     6.3402082231850832e-05
89                                     1.6270189884778506e-05
90                                    -2.9446055610457532e-05
91                                    -1.2382743592039713e-05
92                                     3.4882895654831499e-05
93                                    -1.6962476941524148e-05
94                                     3.1873815380274528e-05
95                                     7.5447973696569714e-05
96                                     4.3064770007480744e-05
97                                    -3.4198103337860093e-06
98                                     3.6609251266822285e-05
99                                    -4.7586747113931364e-05
100                                    1.0283936937452110e-04
101                                   -2.0589251108468734e-05
   &Method [&Type "String"] "SCF"
   &Level [&Type "String"] "Relaxed density"
   &Mult [&Type "Integer"] 1
   &State [&Type "Integer"] 0
   &Irrep [&Type "Integer"] 0
$End
$Geometry
   &GeometryIndex 35
   &NAtoms [&Type "Integer"] 34
   &NCorelessECP [&Type "Integer"] 0
   &NGhostAtoms [&Type "Integer"] 0
   &CartesianCoordinates [&Type "Coordinates", &Dim(34,4), &Units "Bohr"] 
              P      6.285438135503   -3.036363868806    0.424152543294
              O      0.729322804224    2.089370252757   -2.375522799210
              O      0.963504984469    7.450665331799   -0.928774393759
              O     -3.058762161418    5.820381080587    1.581515721762
              O      5.088768424150   -0.514228641403   -0.862231507865
              O     -6.255085419775    1.953313439036    0.616188060718
              O      7.029935246627   -4.671288458076   -1.737956496622
              O      4.590167643576   -3.968536174722    2.465345242276
              O      8.772296818662   -1.947537536463    1.848146995037
              N     -2.700244201690   -0.091461287486   -0.596357402558
              N     -6.299056909279   -2.330074882181    0.772528804213
              N     -6.232327226475   -6.633332344513    0.966381840208
              C      1.351202858552    5.302162223079    0.595169505158
              C     -1.163717560069    4.020787755064    1.180241935965
              C      2.691331269150    3.279272739333   -0.927861331175
              C     -1.599929361385    2.392749731413   -1.192558778102
              C      4.079633812585    1.393484550860    0.711122591313
              C     -1.397265330251   -2.262416614432   -0.895885436560
              C     -5.178074424139   -0.106973351500    0.295963084377
              C     -2.474982583027   -4.516849556566   -0.370889674371
              C     -5.028395455355   -4.474698230838    0.465389533046
              H      2.385171909428    5.791396601525    2.320507552797
              H     -0.943790427786    2.780284627632    2.824878538887
              H      3.999006350637    4.115086292022   -2.287068178866
              H     -2.927637873883    3.333535456168   -2.467286564829
              H      2.816195050224    0.552289699010    2.117440090134
              H      5.594346252625    2.383239334522    1.719120255298
              H     -0.667561127530    8.125596907640   -0.451356350716
              H     -4.632916326788    4.882384630038    1.339415665695
              H      0.520907577231   -2.066433657405   -1.573203481764
              H     -1.442625747958   -6.263397031996   -0.599091337214
              H     -5.356215515617   -8.309129922802    0.796927708541
              H     -8.031369456558   -6.589881440373    1.578357542007
              H     10.073124834402   -1.496614649061    0.655021707161
$End
$SCF_Energy
   &GeometryIndex 35
   &Method [&Type "String"] "SCF"
   &totalEnergy [&Type "ArrayOfDoubles", &Dim (1,1)] "Total energy of each state"
                                                         0

0                                     -1.4576595556568213e+03
   &Mult [&Type "ArrayOfIntegers", &Dim (1,1)] "Multiplicity of each state"
                                                         0

0                                                        1
$End
$DFT_Energy
   &GeometryIndex 35
   &nAlphaEl [&Type "Integer"] 84
   &nBetaEl [&Type "Integer"] 84
   &nTotalEl [&Type "Integer"] 168
   &finalEn [&Type "Double"]      -1.4576595556568213e+03  "No Van der Waals correction"
   &eExchange [&Type "Double"]      -1.2001574044649018e+02
   &eCorr [&Type "Double"]      -5.8400636018311953e+00
   &eXC [&Type "Double"]      -1.2585580404832137e+02
   &eCNL [&Type "Double"]       0.0000000000000000e+00
$End
$Solvation_Details
   &GeometryIndex 35
   &Solvent [&Type "String"] "WATER"
   &Epsilon [&Type "Double"]       8.0150999999999996e+01
   &Refrac [&Type "Double"]       1.3328000000000000e+00
   &RSolv [&Type "Double"]       1.3000000000000000e+00
   &SurfaceType [&Type "String"] "GAUSSIAN VDW"
   &CPCMDielEnergy [&Type "Double"]      -1.3174817200000000e-01
   &NPoints [&Type "Integer"] 2761
   &SurfaceArea [&Type "Double"]       1.1028387851509999e+03
$End
$SCF_Timings
   &GeometryIndex 35
   &TOTAL [&Type "Double"]       6.4974119999999999e+01
   &PREP [&Type "Double"]       8.6659200000000003e-01
   &FOCK [&Type "Double"]       5.8896428000000000e+01
   &DENS [&Type "Double"]       1.4328099999999466e-01
   &ETOT [&Type "Double"]       8.8597000000000037e-02
   &TRAFO [&Type "Double"]       2.9431300000000249e-01
   &DIIS [&Type "Double"]       3.3031500000000058e-01
   &SOSCF [&Type "Double"]       1.4516560000000087e+00
   &XC [&Type "Double"]       5.7777119999999940e+00
   &FOCKSTART [&Type "Double"]       2.9866999999996535e-02
   &SOLV [&Type "Double"]       5.0656629999999971e+00
   &SOLV_INIT [&Type "Double"]       2.1296000000000004e-01
   &INT_PREP [&Type "Double"]       1.0000000010279564e-06
   &INT_BF [&Type "Double"]       1.4986210000000870e+00
   &INT_DENS [&Type "Double"]       2.3786480000000605e+00
   &INT_DENSIO [&Type "Double"]       8.6446974520000163e+04
   &INT_FUNC [&Type "Double"]       7.6989999999979020e-02
   &INT_POT [&Type "Double"]       1.5979169999998835e+00
   &INT_POTIO [&Type "Double"]       1.4223999999947168e-02
   &INT_SUM [&Type "Double"]       1.6189999999980387e-03
   &SPLITRIJ [&Type "Double"]       3.9050049999999921e+00
   &COSX [&Type "Double"]       4.7544703999999989e+01
$End
$VdW_Correction
   &GeometryIndex 35
   &vdW [&Type "Double"]      -3.9367704124446595e-02
$End
$Single_Point_Data
   &GeometryIndex 35
   &FinalEnergy [&Type "Double"]      -1.4576989233609459e+03  "Final single point energy"
   &Converged [&Type "Boolean"] true
$End
$SCF_Nuc_Gradient
   &GeometryIndex 35
   &NAtoms [&Type "Integer"] 34
   &gradNorm [&Type "Double"]       5.1682072098148499e-04
   &grad [&Type "ArrayOfDoubles", &Dim (102,1)] 
                                                         0

0                                      1.1976920914248061e-04
1                                      1.0888982652924655e-05
2                                      1.1764779891743661e-04
3                                     -4.1776047313827743e-05
4                                     -2.0882172738733427e-06
5                                     -3.3052786786266232e-05
6                                     -8.4881505908138437e-06
7                                     -6.3606243132897401e-05
8                                      1.4611931020158496e-05
9                                      2.7410544116166684e-05
10                                    -3.9463124248689514e-05
11                                     9.8825276139449418e-05
12                                    -5.6862824215887298e-05
13                                     7.7942663713581240e-05
14                                    -5.4650708800822831e-05
15                                     9.0197212573828200e-05
16                                    -1.0588827544814349e-04
17                                    -1.8926092187539728e-05
18                                    -1.9352222092233832e-05
19                                    -3.6899832828533852e-05
20                                    -2.5818807302886558e-05
21                                     5.7491383083831810e-06
22                                     8.0287786834363736e-06
23                                     1.3738874124362611e-05
24                                    -4.8233527774719744e-05
25                                    -1.4612382699957793e-04
26                                    -1.6272538859966918e-05
27                                     7.3913588023535241e-05
28                                    -3.5355881547904271e-05
29                                    -9.9875378859819603e-05
30                                    -1.2060312644418834e-05
31                                     2.8828149863188674e-05
32                                    -5.2744847214010354e-06
33                                    -3.2389260287868127e-05
34                                     2.2471741964701005e-05
35                                    -1.1990051378929991e-04
36                                     3.3358225749726883e-05
37                                     8.6416090876668191e-05
38                                     2.7652797620557214e-05
39                                    -1.8098772797851619e-05
40                                     2.9165534381050582e-05
41                                    -7.7137574090598536e-05
42                                     7.2008535150806704e-05
43                                     8.0278548026861229e-06
44                                    -6.4061664897030170e-05
45                                     1.8589029959955585e-05
46                                     1.0303059780328595e-05
47                                     5.7893845602916054e-05
48                                    -1.2721134718976794e-05
49                                    -4.4377377299158928e-05
50                                    -5.5345010972219437e-05
51                                    -3.7885808322689362e-05
52                                    -2.2474550691287793e-05
53                                     4.2409574444139859e-05
54                                    -1.3948657837764344e-04
55                                     7.9601764657450747e-05
56                                     7.0889807955761518e-05
57                                    -8.6635570053571648e-05
58                                     2.6458658042744247e-05
59                                     2.1045513682059622e-05
60                                     1.1801852684975721e-04
61                                    -4.9190979539468040e-05
62                                     4.1787463364154756e-05
63                                    -6.1106544177408708e-05
64                                     3.6890215751662664e-06
65                                    -1.3075444074044389e-05
66                                    -4.1554812064979614e-05
67                                     2.9107689966145623e-05
68                                     3.0017327284561236e-05
69                                    -3.0892612918531008e-06
70                                    -3.1912584182336066e-05
71                                     2.5347318317173509e-07
72                                     3.5054146714041273e-05
73                                     2.2291566332598731e-05
74                                    -1.8068881332028994e-05
75                                     2.0834880168195012e-06
76                                     1.5885796309522978e-05
77                                     1.0332833162925094e-05
78                                     1.2077567075669855e-05
79                                     2.6005904027154953e-06
80                                     3.5478108535315475e-06
81                                     3.1493977592550854e-05
82                                    -2.0860314276261306e-05
83                                    -4.0225992929727584e-05
84                                     3.6420294767563663e-06
85                                     7.1762345705398724e-06
86                                    -2.5117886671911007e-05
87                                     4.2405866124972116e-06
88                                     3.2164861638559627e-05
89                                    -5.8223662481293715e-06
90                                    -1.6989657139220578e-05
91                                    -7.4883785008311482e-06
92                                     1.9100021509981537e-05
93                                    -5.6460058579236973e-06
94                                     9.5475471324721903e-06
95                                     6.0707430475028223e-05
96                                     2.0572411016306146e-05
97                                     7.8652167232791544e-06
98                                     4.5228010603645703e-05
99                                    -2.5801788899234939e-05
100                                    8.7267797988959596e-05
101                                   -3.0636607744938958e-06
   &Method [&Type "String"] "SCF"
   &Level [&Type "String"] "Relaxed density"
   &Mult [&Type "Integer"] 1
   &State [&Type "Integer"] 0
   &Irrep [&Type "Integer"] 0
$End
$Geometry
   &GeometryIndex 36
   &NAtoms [&Type "Integer"] 34
   &NCorelessECP [&Type "Integer"] 0
   &NGhostAtoms [&Type "Integer"] 0
   &CartesianCoordinates [&Type "Coordinates", &Dim(34,4), &Units "Bohr"] 
              P      6.283416396031   -3.036349925911    0.424121694810
              O      0.729138052612    2.091413106509   -2.376207479080
              O      0.965535151969    7.451800875971   -0.928831790956
              O     -3.060421143594    5.823638409286    1.576245936863
              O      5.088351793109   -0.513324814878   -0.861394541779
              O     -6.253698058345    1.952838001383    0.619838789743
              O      7.028168890625   -4.670983397009   -1.738013715523
              O      4.587083506423   -3.968009971249    2.464659696387
              O      8.770846466469   -1.949055080863    1.849037426144
              N     -2.699205812259   -0.091135146984   -0.595678832344
              N     -6.295578875988   -2.330607221944    0.777634583166
              N     -6.227722046474   -6.633990361716    0.971573295934
              C      1.350563478875    5.302697937403    0.595435256500
              C     -1.165643549848    4.022887543656    1.178425036220
              C      2.690750514858    3.279708590968   -0.926431391357
              C     -1.600578936391    2.393415707046   -1.193740611814
              C      4.077153760985    1.392805884899    0.712732532801
              C     -1.397039382360   -2.261985072995   -0.900074446947
              C     -5.175882965039   -0.107216895586    0.299006186964
              C     -2.473831388428   -4.516843925196   -0.375069160247
              C     -5.025625223429   -4.475057161031    0.467223778036
              H      2.383244761501    5.792028591533    2.321743534074
              H     -0.947303622748    2.782880106794    2.823688320881
              H      3.999832747563    4.115365619486   -2.284525128034
              H     -2.928980446117    3.332131907107   -2.469212358133
              H      2.812164539651    0.549814403774    2.116519653134
              H      5.590321371948    2.381912371235    1.723593068277
              H     -0.664659155047    8.129171708084   -0.451115550649
              H     -4.634360821319    4.884317264543    1.337408841213
              H      0.519855566774   -2.065844035675   -1.580852998389
              H     -1.441893402491   -6.263125316173   -0.607175240663
              H     -5.352824223894   -8.309810166717    0.795877487998
              H     -8.026515049052   -6.591166398585    1.584440153104
              H     10.075733966489   -1.507540133308    0.656889157942
$End
$SCF_Energy
   &GeometryIndex 36
   &Method [&Type "String"] "SCF"
   &totalEnergy [&Type "ArrayOfDoubles", &Dim (1,1)] "Total energy of each state"
                                                         0

0                                     -1.4576595564342458e+03
   &Mult [&Type "ArrayOfIntegers", &Dim (1,1)] "Multiplicity of each state"
                                                         0

0                                                        1
$End
$DFT_Energy
   &GeometryIndex 36
   &nAlphaEl [&Type "Integer"] 84
   &nBetaEl [&Type "Integer"] 84
   &nTotalEl [&Type "Integer"] 168
   &finalEn [&Type "Double"]      -1.4576595564342458e+03  "No Van der Waals correction"
   &eExchange [&Type "Double"]      -1.2001554552385052e+02
   &eCorr [&Type "Double"]      -5.8400506988039638e+00
   &eXC [&Type "Double"]      -1.2585559622265448e+02
   &eCNL [&Type "Double"]       0.0000000000000000e+00
$End
$Solvation_Details
   &GeometryIndex 36
   &Solvent [&Type "String"] "WATER"
   &Epsilon [&Type "Double"]       8.0150999999999996e+01
   &Refrac [&Type "Double"]       1.3328000000000000e+00
   &RSolv [&Type "Double"]       1.3000000000000000e+00
   &SurfaceType [&Type "String"] "GAUSSIAN VDW"
   &CPCMDielEnergy [&Type "Double"]      -1.3172389100000001e-01
   &NPoints [&Type "Integer"] 2759
   &SurfaceArea [&Type "Double"]       1.1027885406810001e+03
$End
$SCF_Timings
   &GeometryIndex 36
   &TOTAL [&Type "Double"]       6.4500391000000008e+01
   &PREP [&Type "Double"]       9.1950299999999996e-01
   &FOCK [&Type "Double"]       5.8396065999999990e+01
   &DENS [&Type "Double"]       1.4649499999999449e-01
   &ETOT [&Type "Double"]       8.1344000000010297e-02
   &TRAFO [&Type "Double"]       2.8974499999999637e-01
   &DIIS [&Type "Double"]       3.3357100000000095e-01
   &SOSCF [&Type "Double"]       1.4952849999999991e+00
   &XC [&Type "Double"]       6.0444630000000057e+00
   &FOCKSTART [&Type "Double"]       3.1238000000008870e-02
   &SOLV [&Type "Double"]       5.2420929999999988e+00
   &SOLV_INIT [&Type "Double"]       2.4167800000000006e-01
   &INT_PREP [&Type "Double"]       2.9999999995311555e-06
   &INT_BF [&Type "Double"]       1.5473130000002477e+00
   &INT_DENS [&Type "Double"]       2.4215629999999919e+00
   &INT_DENSIO [&Type "Double"]       8.7269555592000193e+04
   &INT_FUNC [&Type "Double"]       8.1762000000065171e-02
   &INT_POT [&Type "Double"]       1.5676999999999399e+00
   &INT_POTIO [&Type "Double"]       1.4673000000152925e-02
   &INT_SUM [&Type "Double"]       3.0300000000593741e-04
   &SPLITRIJ [&Type "Double"]       3.9697990000000001e+00
   &COSX [&Type "Double"]       4.6519375000000004e+01
$End
$VdW_Correction
   &GeometryIndex 36
   &vdW [&Type "Double"]      -3.9368966164208430e-02
$End
$Single_Point_Data
   &GeometryIndex 36
   &FinalEnergy [&Type "Double"]      -1.4576989254004100e+03  "Final single point energy"
   &Converged [&Type "Boolean"] true
$End
$SCF_Nuc_Gradient
   &GeometryIndex 36
   &NAtoms [&Type "Integer"] 34
   &gradNorm [&Type "Double"]       3.3054986254103081e-04
   &grad [&Type "ArrayOfDoubles", &Dim (102,1)] 
                                                         0

0                                      1.0937615176821736e-05
1                                     -9.5824982695592972e-06
2                                      1.1772626543107457e-05
3                                     -4.0839283719195910e-05
4                                      3.1243241957337303e-05
5                                     -2.4134053259328842e-05
6                                      8.3037867047246322e-05
7                                     -5.4027452543879055e-05
8                                     -3.3026859966578171e-05
9                                     -1.6020540353036457e-07
10                                     4.4676327958348471e-05
11                                     2.7239973804425445e-05
12                                    -3.3941666216552905e-05
13                                     2.4048686998229027e-05
14                                    -5.0183722230498128e-05
15                                     3.4948296795704256e-07
16                                     2.7473525643977834e-05
17                                     3.9063987493160297e-06
18                                    -2.1226995893888924e-05
19                                    -1.3694080803836625e-05
20                                     1.3597793226584283e-05
21                                     6.8643673569035847e-06
22                                     1.3531177054827617e-05
23                                     1.2866495740162810e-05
24                                     1.1426477510719126e-05
25                                    -8.2560382647449095e-05
26                                    -7.5948324559336626e-06
27                                     1.8691754147218511e-05
28                                    -2.2894443288196841e-05
29                                    -1.7403716587247937e-05
30                                     1.8969760148566624e-05
31                                     4.7158698949213121e-06
32                                     8.3483356262321713e-06
33                                    -2.9149635069418292e-05
34                                    -1.3658026516187192e-05
35                                    -8.4342712514676125e-05
36                                     9.3113878129755855e-05
37                                    -1.2852181105017010e-04
38                                    -5.3223484759354940e-05
39                                    -1.2710262280054912e-05
40                                     5.2356544801040908e-06
41                                    -3.5633776820989237e-05
42                                     4.2881472728321154e-05
43                                     3.9912461661874060e-05
44                                     5.0049611460467526e-05
45                                    -6.2715958794302225e-05
46                                    -2.1036891140777347e-05
47                                     2.3567292148367835e-05
48                                     1.9265186262633111e-05
49                                    -1.1666567489779852e-05
50                                    -1.2794300754657642e-05
51                                    -1.1981457361876988e-05
52                                     5.6513693449513421e-06
53                                     2.1933701482384409e-05
54                                    -1.0103081314801079e-05
55                                     1.7704253389525513e-05
56                                     8.8538887045973443e-07
57                                     1.5730627478740449e-05
58                                    -4.5218584753855661e-06
59                                    -8.2931295998676927e-06
60                                    -1.7518335321161961e-05
61                                     6.9630729344456204e-06
62                                     4.6854185188434163e-05
63                                    -3.0930245556626279e-05
64                                     6.1528222908078021e-05
65                                     3.2186935787436398e-05
66                                     8.9255456799658468e-06
67                                    -8.0679196211308761e-06
68                                     5.5479649979955806e-06
69                                     1.0701724153112913e-05
70                                    -9.6719141012000301e-06
71                                    -1.8522266126418113e-05
72                                     1.5543926265904740e-05
73                                    -7.3588212940701937e-06
74                                    -1.1796380398175748e-05
75                                     9.2768513960762367e-06
76                                     2.7977186077156985e-06
77                                     2.1216318973291690e-06
78                                    -1.1667266226451321e-05
79                                     8.2524571908838536e-06
80                                     6.2995927029720853e-06
81                                    -7.0406813032843120e-05
82                                     3.7408748070522823e-05
83                                    -5.8906092147403269e-08
84                                    -7.2553828946549852e-06
85                                    -2.5913311562920693e-05
86                                    -1.8050791657561505e-05
87                                     2.1986118431694331e-06
88                                     2.7745245301983397e-06
89                                    -5.3429075808767215e-06
90                                    -3.0257436501932856e-06
91                                     7.3006131555352033e-07
92                                     7.0874692179620125e-06
93                                     4.3863381027972666e-06
94                                    -2.0063459707262777e-06
95                                     4.7183700468938717e-05
96                                     1.3765470063346863e-06
97                                     1.3915622680445107e-05
98                                     4.5799422244606284e-05
99                                    -1.0045770448216106e-05
100                                    6.6619366915403991e-05
101                                    1.3153316216365004e-05
   &Method [&Type "String"] "SCF"
   &Level [&Type "String"] "Relaxed density"
   &Mult [&Type "Integer"] 1
   &State [&Type "Integer"] 0
   &Irrep [&Type "Integer"] 0
$End
$Geometry
   &GeometryIndex 37
   &NAtoms [&Type "Integer"] 34
   &NCorelessECP [&Type "Integer"] 0
   &NGhostAtoms [&Type "Integer"] 0
   &CartesianCoordinates [&Type "Coordinates", &Dim(34,4), &Units "Bohr"] 
              P      6.282211348662   -3.035663275441    0.423451833503
              O      0.728980415768    2.091726046777   -2.376276916493
              O      0.965493606937    7.453097728737   -0.928749534935
              O     -3.061346567850    5.824695877669    1.574131536886
              O      5.089594435603   -0.511470031361   -0.861530442118
              O     -6.253531058278    1.952358985570    0.620796882253
              O      7.027578928718   -4.669963611095   -1.738665261904
              O      4.583957934122   -3.966813437599    2.462625489524
              O      8.769866770458   -1.950489398145    1.850169139039
              N     -2.698702208965   -0.091200591174   -0.594639454048
              N     -6.294468967673   -2.331071981009    0.779409420076
              N     -6.225791936133   -6.634466497394    0.974399247509
              C      1.349976610110    5.303462620243    0.595150309843
              C     -1.166385712301    4.023822706187    1.177750396568
              C      2.690215420541    3.280525140718   -0.926517740641
              C     -1.600816595105    2.393413198299   -1.193925968574
              C      4.076975864602    1.393904908716    0.712740175600
              C     -1.396664188085   -2.262017777353   -0.900375603357
              C     -5.175152985836   -0.107583637589    0.300166057443
              C     -2.473115918592   -4.517022442449   -0.375335060457
              C     -5.024596354472   -4.475401450561    0.468392395633
              H      2.382806635283    5.792301202806    2.321551542299
              H     -0.948111571389    2.784202791306    2.823299543093
              H      3.999185020575    4.116424668586   -2.284627621667
              H     -2.929776855612    3.331015445026   -2.469647080513
              H      2.811808099144    0.549867762685    2.115722904864
              H      5.589360089080    2.383374106748    1.724365111782
              H     -0.664217669410    8.131053560747   -0.450220460874
              H     -4.635149274613    4.884716730751    1.336924717135
              H      0.519936061641   -2.065943192615   -1.581895291757
              H     -1.441110302830   -6.263141113907   -0.608382811553
              H     -5.352042295772   -8.310375830422    0.793856326741
              H     -8.025590495565   -6.592185240581    1.584365296590
              H     10.079020580298   -1.518370969015    0.659292106785
$End
$SCF_Mulliken_Population_Analysis
   &GeometryIndex 37
   &NAtoms [&Type "Integer"] 34
   &ATNO [&Type "ArrayOfIntegers", &Dim (34,1)] 
                                                         0

0                                                       15
1                                                        8
2                                                        8
3                                                        8
4                                                        8
5                                                        8
6                                                        8
7                                                        8
8                                                        8
9                                                        7
10                                                       7
11                                                       7
12                                                       6
13                                                       6
14                                                       6
15                                                       6
16                                                       6
17                                                       6
18                                                       6
19                                                       6
20                                                       6
21                                                       1
22                                                       1
23                                                       1
24                                                       1
25                                                       1
26                                                       1
27                                                       1
28                                                       1
29                                                       1
30                                                       1
31                                                       1
32                                                       1
33                                                       1
   &AtomicCharges [&Type "ArrayOfDoubles", &Dim (34,1)] 
                                                         0

0                                      8.0231751769794712e-01
1                                     -3.1868240563118633e-01
2                                     -5.0580092864693604e-01
3                                     -5.1001055177298227e-01
4                                     -3.5386090618158761e-01
5                                     -5.4487224952977087e-01
6                                     -7.0758449174896398e-01
7                                     -7.0137676810772476e-01
8                                     -5.4709523037843155e-01
9                                      4.7747016667482711e-02
10                                    -3.3079838521064886e-01
11                                    -3.9647894797014871e-01
12                                     1.2507966861187114e-01
13                                    -4.1517473388910098e-02
14                                     1.6180032247710940e-01
15                                     1.3911690235341112e-02
16                                    -1.5349047214714240e-01
17                                    -6.1488455994399338e-02
18                                     2.8872498800946200e-01
19                                    -2.9028248292149428e-01
20                                     2.4018787950927312e-01
21                                     1.2422986400997660e-01
22                                     1.2796027461818160e-01
23                                     1.1183124342182715e-01
24                                     1.4838535654534413e-01
25                                     1.2757083046151940e-01
26                                     1.3110478758111865e-01
27                                     3.4632191070153984e-01
28                                     3.5761892346891222e-01
29                                     1.8670116990240981e-01
30                                     1.7822905719506932e-01
31                                     2.9715786832202740e-01
32                                     2.8368332269646679e-01
33                                     3.6277605749716546e-01
   &Method [&Type "String"] "SCF"
   &Level [&Type "String"] "Relaxed density"
   &Mult [&Type "Integer"] 1
   &State [&Type "Integer"] -1
   &Irrep [&Type "Integer"] 0
$End
$SCF_Loewdin_Population_Analysis
   &GeometryIndex 37
   &NAtoms [&Type "Integer"] 34
   &ATNO [&Type "ArrayOfIntegers", &Dim (34,1)] 
                                                         0

0                                                       15
1                                                        8
2                                                        8
3                                                        8
4                                                        8
5                                                        8
6                                                        8
7                                                        8
8                                                        8
9                                                        7
10                                                       7
11                                                       7
12                                                       6
13                                                       6
14                                                       6
15                                                       6
16                                                       6
17                                                       6
18                                                       6
19                                                       6
20                                                       6
21                                                       1
22                                                       1
23                                                       1
24                                                       1
25                                                       1
26                                                       1
27                                                       1
28                                                       1
29                                                       1
30                                                       1
31                                                       1
32                                                       1
33                                                       1
   &AtomicCharges [&Type "ArrayOfDoubles", &Dim (34,1)] 
                                                         0

0                                     -9.8748327490445931e-02
1                                      2.2496633174178893e-01
2                                     -1.3408327669365505e-02
3                                     -1.8425842457764574e-02
4                                      3.6940624279724332e-02
5                                     -3.2050468725380199e-02
6                                     -4.0593985876486371e-01
7                                     -3.9508468884308101e-01
8                                     -1.7872664575124908e-01
9                                      2.7335383140515201e-01
10                                     9.6600370785449918e-02
11                                     6.3703604228967592e-02
12                                    -3.1264444227690280e-01
13                                    -3.2902021517341584e-01
14                                    -2.8668022220848766e-01
15                                    -2.9497333601243181e-01
16                                    -3.2832102773657379e-01
17                                    -1.3346388769253270e-01
18                                    -5.0995372610554313e-01
19                                    -1.6129446246628021e-01
20                                    -3.3502171420886384e-01
21                                     1.5140963479760516e-01
22                                     1.5617094366807460e-01
23                                     1.5716282495953993e-01
24                                     1.5665523733243236e-01
25                                     1.3086483281845762e-01
26                                     1.3653291531374190e-01
27                                     1.8403728861400181e-01
28                                     1.7569020103057831e-01
29                                     1.6354394310847797e-01
30                                     1.6326604926242649e-01
31                                     1.9265379970637075e-01
32                                     1.8767413271651978e-01
33                                     1.8253062781367224e-01
   &Method [&Type "String"] "SCF"
   &Level [&Type "String"] "Relaxed density"
   &Mult [&Type "Integer"] 1
   &State [&Type "Integer"] -1
   &Irrep [&Type "Integer"] 0
$End
$SCF_Mayer_Population_Analysis
   &GeometryIndex 37
   &NAtoms [&Type "Integer"] 34 "Total number of atoms"
   &NBondOrdersPrint [&Type "Integer"] 35 "The number of bond orders larger than threshold"
   &bondThresh [&Type "Double"]       1.0000000000000001e-01  "The threshold for printing"
   &components [&Type "ArrayOfIntegers", &Dim (35,4)] "The indices and atomic numbers of the bonding atoms"
                                                         0                           1                           2                           3

0                                                        0                          15                           4                           8
1                                                        0                          15                           6                           8
2                                                        0                          15                           7                           8
3                                                        0                          15                           8                           8
4                                                        1                           8                          14                           6
5                                                        1                           8                          15                           6
6                                                        2                           8                          12                           6
7                                                        2                           8                          27                           1
8                                                        3                           8                          13                           6
9                                                        3                           8                          28                           1
10                                                       4                           8                          16                           6
11                                                       5                           8                          18                           6
12                                                       8                           8                          33                           1
13                                                       9                           7                          15                           6
14                                                       9                           7                          17                           6
15                                                       9                           7                          18                           6
16                                                      10                           7                          18                           6
17                                                      10                           7                          20                           6
18                                                      11                           7                          20                           6
19                                                      11                           7                          31                           1
20                                                      11                           7                          32                           1
21                                                      12                           6                          13                           6
22                                                      12                           6                          14                           6
23                                                      12                           6                          21                           1
24                                                      13                           6                          15                           6
25                                                      13                           6                          22                           1
26                                                      14                           6                          16                           6
27                                                      14                           6                          23                           1
28                                                      15                           6                          24                           1
29                                                      16                           6                          25                           1
30                                                      16                           6                          26                           1
31                                                      17                           6                          19                           6
32                                                      17                           6                          29                           1
33                                                      19                           6                          20                           6
34                                                      19                           6                          30                           1
   &BondOrders [&Type "ArrayOfDoubles", &Dim (35,1)] "The bond orders"
                                                         0

0                                      1.0208850968779115e+00
1                                      1.8950075691193327e+00
2                                      1.8411965198395164e+00
3                                      1.1102461002417794e+00
4                                      9.5570647014448540e-01
5                                      1.0508590871315699e+00
6                                      1.0306504982911568e+00
7                                      8.4468906968443602e-01
8                                      1.0808917369323454e+00
9                                      8.0890012467094863e-01
10                                     9.4397097815780495e-01
11                                     1.7279789229471891e+00
12                                     8.4947284829068614e-01
13                                     8.9938125525386536e-01
14                                     1.2312681841768536e+00
15                                     1.0877077744443810e+00
16                                     1.4738370403412206e+00
17                                     1.4848491397473143e+00
18                                     1.3572765761753560e+00
19                                     8.8539649546684407e-01
20                                     8.7864725467167870e-01
21                                     9.7716617820675722e-01
22                                     9.4546167825048255e-01
23                                     9.6079165615176798e-01
24                                     9.2957075045062154e-01
25                                     9.8625684959711291e-01
26                                     9.8044781834799133e-01
27                                     9.3175430138671422e-01
28                                     9.4799229062024204e-01
29                                     9.3797031942982811e-01
30                                     9.4320181657355884e-01
31                                     1.6254419497847969e+00
32                                     9.3189368759189484e-01
33                                     1.1895691555890382e+00
34                                     9.3824806977293451e-01
   &ATNO [&Type "ArrayOfIntegers", &Dim (34,1)] "Atomic number of the elements"
                                                         0

0                                                       15
1                                                        8
2                                                        8
3                                                        8
4                                                        8
5                                                        8
6                                                        8
7                                                        8
8                                                        8
9                                                        7
10                                                       7
11                                                       7
12                                                       6
13                                                       6
14                                                       6
15                                                       6
16                                                       6
17                                                       6
18                                                       6
19                                                       6
20                                                       6
21                                                       1
22                                                       1
23                                                       1
24                                                       1
25                                                       1
26                                                       1
27                                                       1
28                                                       1
29                                                       1
30                                                       1
31                                                       1
32                                                       1
33                                                       1
   &NA [&Type "ArrayOfDoubles", &Dim (34,1)] "Mulliken gross atomic population"
                                                         0

0                                      1.4197682482302049e+01
1                                      8.3186824056311917e+00
2                                      8.5058009286469396e+00
3                                      8.5100105517729823e+00
4                                      8.3538609061815894e+00
5                                      8.5448722495297709e+00
6                                      8.7075844917489587e+00
7                                      8.7013767681077248e+00
8                                      8.5470952303784280e+00
9                                      6.9522529833325262e+00
10                                     7.3307983852106453e+00
11                                     7.3964789479701487e+00
12                                     5.8749203313881289e+00
13                                     6.0415174733889181e+00
14                                     5.8381996775228950e+00
15                                     5.9860883097646660e+00
16                                     6.1534904721471397e+00
17                                     6.0614884559943993e+00
18                                     5.7112750119905389e+00
19                                     6.2902824829214987e+00
20                                     5.7598121204907340e+00
21                                     8.7577013599002318e-01
22                                     8.7203972538181851e-01
23                                     8.8816875657817262e-01
24                                     8.5161464345465621e-01
25                                     8.7242916953848038e-01
26                                     8.6889521241888146e-01
27                                     6.5367808929846027e-01
28                                     6.4238107653108745e-01
29                                     8.1329883009758985e-01
30                                     8.2177094280493101e-01
31                                     7.0284213167797238e-01
32                                     7.1631667730353343e-01
33                                     6.3722394250283476e-01
   &ZA [&Type "ArrayOfDoubles", &Dim (34,1)] "Total nuclear charge"
                                                         0

0                                      1.5000000000000000e+01
1                                      8.0000000000000000e+00
2                                      8.0000000000000000e+00
3                                      8.0000000000000000e+00
4                                      8.0000000000000000e+00
5                                      8.0000000000000000e+00
6                                      8.0000000000000000e+00
7                                      8.0000000000000000e+00
8                                      8.0000000000000000e+00
9                                      7.0000000000000000e+00
10                                     7.0000000000000000e+00
11                                     7.0000000000000000e+00
12                                     6.0000000000000000e+00
13                                     6.0000000000000000e+00
14                                     6.0000000000000000e+00
15                                     6.0000000000000000e+00
16                                     6.0000000000000000e+00
17                                     6.0000000000000000e+00
18                                     6.0000000000000000e+00
19                                     6.0000000000000000e+00
20                                     6.0000000000000000e+00
21                                     1.0000000000000000e+00
22                                     1.0000000000000000e+00
23                                     1.0000000000000000e+00
24                                     1.0000000000000000e+00
25                                     1.0000000000000000e+00
26                                     1.0000000000000000e+00
27                                     1.0000000000000000e+00
28                                     1.0000000000000000e+00
29                                     1.0000000000000000e+00
30                                     1.0000000000000000e+00
31                                     1.0000000000000000e+00
32                                     1.0000000000000000e+00
33                                     1.0000000000000000e+00
   &QA [&Type "ArrayOfDoubles", &Dim (34,1)] "Mulliken gross atomic charge"
                                                         0

0                                      8.0231751769795068e-01
1                                     -3.1868240563119166e-01
2                                     -5.0580092864693960e-01
3                                     -5.1001055177298227e-01
4                                     -3.5386090618158939e-01
5                                     -5.4487224952977087e-01
6                                     -7.0758449174895865e-01
7                                     -7.0137676810772476e-01
8                                     -5.4709523037842800e-01
9                                      4.7747016667473829e-02
10                                    -3.3079838521064531e-01
11                                    -3.9647894797014871e-01
12                                     1.2507966861187114e-01
13                                    -4.1517473388918091e-02
14                                     1.6180032247710496e-01
15                                     1.3911690235334007e-02
16                                    -1.5349047214713973e-01
17                                    -6.1488455994399338e-02
18                                     2.8872498800946111e-01
19                                    -2.9028248292149872e-01
20                                     2.4018787950926601e-01
21                                     1.2422986400997682e-01
22                                     1.2796027461818149e-01
23                                     1.1183124342182738e-01
24                                     1.4838535654534379e-01
25                                     1.2757083046151962e-01
26                                     1.3110478758111854e-01
27                                     3.4632191070153973e-01
28                                     3.5761892346891255e-01
29                                     1.8670116990241015e-01
30                                     1.7822905719506899e-01
31                                     2.9715786832202762e-01
32                                     2.8368332269646657e-01
33                                     3.6277605749716524e-01
   &VA [&Type "ArrayOfDoubles", &Dim (34,1)] "Mayer's total valence"
                                                         0

0                                      5.9373165698826007e+00
1                                      2.0512833040043956e+00
2                                      1.9603502774045154e+00
3                                      1.9066266160413701e+00
4                                      1.9715701720057339e+00
5                                      1.9265284012146875e+00
6                                      1.8666536552817909e+00
7                                      1.8614433695906509e+00
8                                      1.9395707778748168e+00
9                                      3.2045335919792635e+00
10                                     3.0171053896661553e+00
11                                     3.2014788957771465e+00
12                                     3.9707126277428051e+00
13                                     4.1074394363723252e+00
14                                     3.8760882652150088e+00
15                                     4.0111202758945641e+00
16                                     3.9474070996474526e+00
17                                     4.0240977087882914e+00
18                                     4.4483148926573675e+00
19                                     3.8642473123970031e+00
20                                     4.2428341201642130e+00
21                                     9.7531103067750557e-01
22                                     9.7579497940769799e-01
23                                     9.8785712221246968e-01
24                                     9.7939337610741661e-01
25                                     9.9463738036790894e-01
26                                     9.7445552190216556e-01
27                                     9.1485847047109758e-01
28                                     9.2613539683755064e-01
29                                     9.9186891867660110e-01
30                                     9.6986556869641904e-01
31                                     9.1887192059843370e-01
32                                     9.4080722770373415e-01
33                                     8.9059358909691144e-01
   &BVA [&Type "ArrayOfDoubles", &Dim (34,1)] "Mayer's bonded valence"
                                                         0

0                                      5.9373165698825296e+00
1                                      2.0512833040044081e+00
2                                      1.9603502774045012e+00
3                                      1.9066266160413115e+00
4                                      1.9715701720058227e+00
5                                      1.9265284012148207e+00
6                                      1.8666536552817945e+00
7                                      1.8614433695907628e+00
8                                      1.9395707778748417e+00
9                                      3.2045335919792635e+00
10                                     3.0171053896662752e+00
11                                     3.2014788957772859e+00
12                                     3.9707126277427771e+00
13                                     4.1074394363721023e+00
14                                     3.8760882652150466e+00
15                                     4.0111202758944371e+00
16                                     3.9474070996473802e+00
17                                     4.0240977087882293e+00
18                                     4.4483148926574083e+00
19                                     3.8642473123971541e+00
20                                     4.2428341201643889e+00
21                                     9.7531103067748193e-01
22                                     9.7579497940764592e-01
23                                     9.8785712221246769e-01
24                                     9.7939337610739063e-01
25                                     9.9463738036791505e-01
26                                     9.7445552190214757e-01
27                                     9.1485847047108859e-01
28                                     9.2613539683755886e-01
29                                     9.9186891867659932e-01
30                                     9.6986556869647400e-01
31                                     9.1887192059845280e-01
32                                     9.4080722770374248e-01
33                                     8.9059358909692077e-01
   &FA [&Type "ArrayOfDoubles", &Dim (34,1)] "Mayer's free valence"
                                                         0

0                                      0.0000000000000000e+00
1                                      0.0000000000000000e+00
2                                      0.0000000000000000e+00
3                                      0.0000000000000000e+00
4                                      0.0000000000000000e+00
5                                      0.0000000000000000e+00
6                                      0.0000000000000000e+00
7                                      0.0000000000000000e+00
8                                      0.0000000000000000e+00
9                                      0.0000000000000000e+00
10                                     0.0000000000000000e+00
11                                     0.0000000000000000e+00
12                                     0.0000000000000000e+00
13                                     0.0000000000000000e+00
14                                     0.0000000000000000e+00
15                                     0.0000000000000000e+00
16                                     0.0000000000000000e+00
17                                     0.0000000000000000e+00
18                                     0.0000000000000000e+00
19                                     0.0000000000000000e+00
20                                     0.0000000000000000e+00
21                                     0.0000000000000000e+00
22                                     0.0000000000000000e+00
23                                     0.0000000000000000e+00
24                                     0.0000000000000000e+00
25                                     0.0000000000000000e+00
26                                     0.0000000000000000e+00
27                                     0.0000000000000000e+00
28                                     0.0000000000000000e+00
29                                     0.0000000000000000e+00
30                                     0.0000000000000000e+00
31                                     0.0000000000000000e+00
32                                     0.0000000000000000e+00
33                                     0.0000000000000000e+00
   &Method [&Type "String"] "SCF"
   &Level [&Type "String"] "Relaxed density"
   &Mult [&Type "Integer"] 1
   &State [&Type "Integer"] -1
   &Irrep [&Type "Integer"] 0
$End
$SCF_Energy
   &GeometryIndex 37
   &Method [&Type "String"] "SCF"
   &totalEnergy [&Type "ArrayOfDoubles", &Dim (1,1)] "Total energy of each state"
                                                         0

0                                     -1.4576595540830356e+03
   &Mult [&Type "ArrayOfIntegers", &Dim (1,1)] "Multiplicity of each state"
                                                         0

0                                                        1
$End
$DFT_Energy
   &GeometryIndex 37
   &nAlphaEl [&Type "Integer"] 84
   &nBetaEl [&Type "Integer"] 84
   &nTotalEl [&Type "Integer"] 168
   &finalEn [&Type "Double"]      -1.4576595540830356e+03  "No Van der Waals correction"
   &eExchange [&Type "Double"]      -1.2001549702585581e+02
   &eCorr [&Type "Double"]      -5.8400456366892772e+00
   &eXC [&Type "Double"]      -1.2585554266254509e+02
   &eCNL [&Type "Double"]       0.0000000000000000e+00
$End
$Solvation_Details
   &GeometryIndex 37
   &Solvent [&Type "String"] "WATER"
   &Epsilon [&Type "Double"]       8.0150999999999996e+01
   &Refrac [&Type "Double"]       1.3328000000000000e+00
   &RSolv [&Type "Double"]       1.3000000000000000e+00
   &SurfaceType [&Type "String"] "GAUSSIAN VDW"
   &CPCMDielEnergy [&Type "Double"]      -1.3169214800000001e-01
   &NPoints [&Type "Integer"] 2760
   &SurfaceArea [&Type "Double"]       1.1027111158610001e+03
$End
$SCF_Timings
   &GeometryIndex 37
   &TOTAL [&Type "Double"]       5.6995063999999999e+01
   &PREP [&Type "Double"]       8.7043300000000001e-01
   &FOCK [&Type "Double"]       5.0800939000000000e+01
   &DENS [&Type "Double"]       1.0548499999998739e-01
   &ETOT [&Type "Double"]       5.5941000000007790e-02
   &POP [&Type "Double"]       2.8472700000000373e-01
   &TRAFO [&Type "Double"]       2.8557899999999847e-01
   &DIIS [&Type "Double"]       2.9151599999999966e-01
   &SOSCF [&Type "Double"]       1.0972300000000050e+00
   &XC [&Type "Double"]       4.4367560000000008e+00
   &FOCKSTART [&Type "Double"]       2.1490999999999705e-02
   &SOLV [&Type "Double"]       4.0438879999999919e+00
   &SOLV_INIT [&Type "Double"]       1.8886099999999995e-01
   &INT_BF [&Type "Double"]       1.0317289999999382e+00
   &INT_DENS [&Type "Double"]       1.6578510000000701e+00
   &INT_DENSIO [&Type "Double"]       5.4862700196000122e+04
   &INT_FUNC [&Type "Double"]       6.0490999999913697e-02
   &INT_POT [&Type "Double"]       1.2483559999999656e+00
   &INT_POTIO [&Type "Double"]       9.3030000000595692e-03
   &INT_SUM [&Type "Double"]       5.1299999999976365e-04
   &SPLITRIJ [&Type "Double"]       3.0997799999999969e+00
   &COSX [&Type "Double"]       4.3271250999999992e+01
$End
$VdW_Correction
   &GeometryIndex 37
   &vdW [&Type "Double"]      -3.9369469968641317e-02
$End
$Single_Point_Data
   &GeometryIndex 37
   &FinalEnergy [&Type "Double"]      -1.4576989235530043e+03  "Final single point energy"
   &Converged [&Type "Boolean"] true
$End
$SCF_Dipole_Moment
   &GeometryIndex 37
   &dipoleMagnitude [&Type "Double", &Units "a.u."]       3.4143086301358294e+00
   &dipoleElecContrib [&Type "ArrayOfDoubles", &Dim (3,1)] "Electronic contribution"
                                                         0

0                                      2.0482681723574196e+00
1                                     -4.8961344822650972e+00
2                                     -1.9269375407540703e+00
   &dipoleNucContrib [&Type "ArrayOfDoubles", &Dim (3,1)] "Nuclear contribution"
                                                         0

0                                     -5.2614923043320161e+00
1                                      6.0502004941200118e+00
2                                      1.9556732293206522e+00
   &dipoleTotal [&Type "ArrayOfDoubles", &Dim (3,1)] "Total"
                                                         0

0                                     -3.2132241319745964e+00
1                                      1.1540660118549146e+00
2                                      2.8735688566581929e-02
   &doAtomicDipole [&Type "Boolean"] false
   &Method [&Type "String"] "SCF"
   &Level [&Type "String"] "Relaxed density"
   &Mult [&Type "Integer"] 1
   &State [&Type "Integer"] -1
   &Irrep [&Type "Integer"] 0
$End
$Calculation_Info
   &GeometryIndex 37
   &Mult [&Type "Integer"] 1
   &Charge [&Type "Integer"] -1
   &NumOfAtoms [&Type "Integer"] 34
   &NumOfElectrons [&Type "Integer"] 168
   &NumOfBasisFuncts [&Type "Integer"] 735
   &NumOfAuxCBasisFuncts [&Type "Integer"] 0
   &NumOfAuxJBasisFuncts [&Type "Integer"] 1174
   &NumOfAuxJKBasisFuncts [&Type "Integer"] 0
   &NumOfCABSBasisFuncts [&Type "Integer"] 0
$End
$Calculation_Timings
   &GeometryIndex 37
   &GTOINT [&Type "Double"]       1.2722925900000088e+02
   &SCF [&Type "Double"]       2.7082501070000003e+03
   &SCFGRAD [&Type "Double"]       1.4974800650000016e+03
   &GSTEP [&Type "Double"]       2.9195399999976912e-01
   &PROP [&Type "Double"]       7.5765800000044692e-01
   &SUM [&Type "Double"]       4.3340090430000027e+03
$End
