# Simulation Time; Constraint 1 Internal Force / kJ mol^-1 Unit^-1; Constraint 2 Internal Force / kJ mol^-1 Unit^-1; Constraint 3 Internal Force / kJ mol^-1 Unit^-1; Constraint 4 Internal Force / kJ mol^-1 Unit^-1; Constraint 5 Internal Force / kJ mol^-1 Unit^-1; Constraint 6 Internal Force / kJ mol^-1 Unit^-1; Constraint 7 Internal Force / kJ mol^-1 Unit^-1; Constraint 8 Internal Force / kJ mol^-1 Unit^-1; Constraint 9 Internal Force / kJ mol^-1 Unit^-1; Constraint 10 Internal Force / kJ mol^-1 Unit^-1; Constraint 11 Internal Force / kJ mol^-1 Unit^-1; Constraint 12 Internal Force / kJ mol^-1 Unit^-1
1.00;  0.0000000000;  0.0000000000;  0.0000000000;  0.0000000000;  0.0000000000;  0.0000000000;  0.0000000000;  0.0000000000;  0.0000000000;  0.0000000000;  0.0000000000;  0.0000000000
2.00;  0.0000000000;  0.0000000000;  0.0000000000;  0.0000000000;  0.0000000000;  0.0000000000;  0.0000000000;  0.0000000000;  0.0000000000;  0.0000000000;  0.0000000000;  0.0000000000
3.00;  0.0000000000;  0.0000000000;  0.0000000000;  0.0000000000;  0.0000000000;  0.0000000000;  0.0000000000;  0.0000000000;  0.0000000000;  0.0000000000;  0.0000000000;  0.0000000000
4.00;  0.0000000000;  0.0000000000;  0.0000000000;  0.0000000000;  0.0000000000;  0.0000000000;  0.0000000000;  0.0000000000;  0.0000000000;  0.0000000000;  0.0000000000;  0.0000000000
5.00;  0.0000000000;  0.0000000000;  0.0000000000;  0.0000000000;  0.0000000000;  0.0000000000;  0.0000000000;  0.0000000000;  0.0000000000;  0.0000000000;  0.0000000000;  0.0000000000
6.00;  0.0000000000;  0.0000000000;  0.0000000000;  0.0000000000;  0.0000000000;  0.0000000000;  0.0000000000;  0.0000000000;  0.0000000000;  0.0000000000;  0.0000000000;  0.0000000000
7.00;  0.0000000000;  0.0000000000;  0.0000000000;  0.0000000000;  0.0000000000;  0.0000000000;  0.0000000000;  0.0000000000;  0.0000000000;  0.0000000000;  0.0000000000;  0.0000000000
8.00;  0.0000000000;  0.0000000000;  0.0000000000;  0.0000000000;  0.0000000000;  0.0000000000;  0.0000000000;  0.0000000000;  0.0000000000;  0.0000000000;  0.0000000000;  0.0000000000
9.00;  0.0000000000;  0.0000000000;  0.0000000000;  0.0000000000;  0.0000000000;  0.0000000000;  0.0000000000;  0.0000000000;  0.0000000000;  0.0000000000;  0.0000000000;  0.0000000000
10.00;  0.0000000000;  0.0000000000;  0.0000000000;  0.0000000000;  0.0000000000;  0.0000000000;  0.0000000000;  0.0000000000;  0.0000000000;  0.0000000000;  0.0000000000;  0.0000000000
11.00;  0.0000000000;  0.0000000000;  0.0000000000;  0.0000000000;  0.0000000000;  0.0000000000;  0.0000000000;  0.0000000000;  0.0000000000;  0.0000000000;  0.0000000000;  0.0000000000
12.00;  0.0000000000;  0.0000000000;  0.0000000000;  0.0000000000;  0.0000000000;  0.0000000000;  0.0000000000;  0.0000000000;  0.0000000000;  0.0000000000;  0.0000000000;  0.0000000000
13.00;  0.0000000000;  0.0000000000;  0.0000000000;  0.0000000000;  0.0000000000;  0.0000000000;  0.0000000000;  0.0000000000;  0.0000000000;  0.0000000000;  0.0000000000;  0.0000000000
14.00;  0.0000000000;  0.0000000000;  0.0000000000;  0.0000000000;  0.0000000000;  0.0000000000;  0.0000000000;  0.0000000000;  0.0000000000;  0.0000000000;  0.0000000000;  0.0000000000
15.00;  0.0000000000;  0.0000000000;  0.0000000000;  0.0000000000;  0.0000000000;  0.0000000000;  0.0000000000;  0.0000000000;  0.0000000000;  0.0000000000;  0.0000000000;  0.0000000000
16.00;  0.0000000000;  0.0000000000;  0.0000000000;  0.0000000000;  0.0000000000;  0.0000000000;  0.0000000000;  0.0000000000;  0.0000000000;  0.0000000000;  0.0000000000;  0.0000000000
17.00;  0.0000000000;  0.0000000000;  0.0000000000;  0.0000000000;  0.0000000000;  0.0000000000;  0.0000000000;  0.0000000000;  0.0000000000;  0.0000000000;  0.0000000000;  0.0000000000
18.00;  0.0000000000;  0.0000000000;  0.0000000000;  0.0000000000;  0.0000000000;  0.0000000000;  0.0000000000;  0.0000000000;  0.0000000000;  0.0000000000;  0.0000000000;  0.0000000000
19.00;  0.0000000000;  0.0000000000;  0.0000000000;  0.0000000000;  0.0000000000;  0.0000000000;  0.0000000000;  0.0000000000;  0.0000000000;  0.0000000000;  0.0000000000;  0.0000000000
20.00;  0.0000000000;  0.0000000000;  0.0000000000;  0.0000000000;  0.0000000000;  0.0000000000;  0.0000000000;  0.0000000000;  0.0000000000;  0.0000000000;  0.0000000000;  0.0000000000
21.00;  0.0000000000;  0.0000000000;  0.0000000000;  0.0000000000;  0.0000000000;  0.0000000000;  0.0000000000;  0.0000000000;  0.0000000000;  0.0000000000;  0.0000000000;  0.0000000000
22.00;  0.0000000000;  0.0000000000;  0.0000000000;  0.0000000000;  0.0000000000;  0.0000000000;  0.0000000000;  0.0000000000;  0.0000000000;  0.0000000000;  0.0000000000;  0.0000000000
23.00;  0.0000000000;  0.0000000000;  0.0000000000;  0.0000000000;  0.0000000000;  0.0000000000;  0.0000000000;  0.0000000000;  0.0000000000;  0.0000000000;  0.0000000000;  0.0000000000
24.00;  0.0000000000;  0.0000000000;  0.0000000000;  0.0000000000;  0.0000000000;  0.0000000000;  0.0000000000;  0.0000000000;  0.0000000000;  0.0000000000;  0.0000000000;  0.0000000000
25.00;  0.0000000000;  0.0000000000;  0.0000000000;  0.0000000000;  0.0000000000;  0.0000000000;  0.0000000000;  0.0000000000;  0.0000000000;  0.0000000000;  0.0000000000;  0.0000000000
26.00;  0.0000000000;  0.0000000000;  0.0000000000;  0.0000000000;  0.0000000000;  0.0000000000;  0.0000000000;  0.0000000000;  0.0000000000;  0.0000000000;  0.0000000000;  0.0000000000
27.00;  0.0000000000;  0.0000000000;  0.0000000000;  0.0000000000;  0.0000000000;  0.0000000000;  0.0000000000;  0.0000000000;  0.0000000000;  0.0000000000;  0.0000000000;  0.0000000000
28.00;  0.0000000000;  0.0000000000;  0.0000000000;  0.0000000000;  0.0000000000;  0.0000000000;  0.0000000000;  0.0000000000;  0.0000000000;  0.0000000000;  0.0000000000;  0.0000000000
29.00;  0.0000000000;  0.0000000000;  0.0000000000;  0.0000000000;  0.0000000000;  0.0000000000;  0.0000000000;  0.0000000000;  0.0000000000;  0.0000000000;  0.0000000000;  0.0000000000
30.00;  0.0000000000;  0.0000000000;  0.0000000000;  0.0000000000;  0.0000000000;  0.0000000000;  0.0000000000;  0.0000000000;  0.0000000000;  0.0000000000;  0.0000000000;  0.0000000000
31.00;  0.0000000000;  0.0000000000;  0.0000000000;  0.0000000000;  0.0000000000;  0.0000000000;  0.0000000000;  0.0000000000;  0.0000000000;  0.0000000000;  0.0000000000;  0.0000000000
32.00;  0.0000000000;  0.0000000000;  0.0000000000;  0.0000000000;  0.0000000000;  0.0000000000;  0.0000000000;  0.0000000000;  0.0000000000;  0.0000000000;  0.0000000000;  0.0000000000
33.00;  0.0000000000;  0.0000000000;  0.0000000000;  0.0000000000;  0.0000000000;  0.0000000000;  0.0000000000;  0.0000000000;  0.0000000000;  0.0000000000;  0.0000000000;  0.0000000000
34.00;  0.0000000000;  0.0000000000;  0.0000000000;  0.0000000000;  0.0000000000;  0.0000000000;  0.0000000000;  0.0000000000;  0.0000000000;  0.0000000000;  0.0000000000;  0.0000000000
35.00;  0.0000000000;  0.0000000000;  0.0000000000;  0.0000000000;  0.0000000000;  0.0000000000;  0.0000000000;  0.0000000000;  0.0000000000;  0.0000000000;  0.0000000000;  0.0000000000
36.00;  0.0000000000;  0.0000000000;  0.0000000000;  0.0000000000;  0.0000000000;  0.0000000000;  0.0000000000;  0.0000000000;  0.0000000000;  0.0000000000;  0.0000000000;  0.0000000000
37.00;  0.0000000000;  0.0000000000;  0.0000000000;  0.0000000000;  0.0000000000;  0.0000000000;  0.0000000000;  0.0000000000;  0.0000000000;  0.0000000000;  0.0000000000;  0.0000000000
38.00;  0.0000000000;  0.0000000000;  0.0000000000;  0.0000000000;  0.0000000000;  0.0000000000;  0.0000000000;  0.0000000000;  0.0000000000;  0.0000000000;  0.0000000000;  0.0000000000
39.00;  0.0000000000;  0.0000000000;  0.0000000000;  0.0000000000;  0.0000000000;  0.0000000000;  0.0000000000;  0.0000000000;  0.0000000000;  0.0000000000;  0.0000000000;  0.0000000000
40.00;  0.0000000000;  0.0000000000;  0.0000000000;  0.0000000000;  0.0000000000;  0.0000000000;  0.0000000000;  0.0000000000;  0.0000000000;  0.0000000000;  0.0000000000;  0.0000000000
41.00;  0.0000000000;  0.0000000000;  0.0000000000;  0.0000000000;  0.0000000000;  0.0000000000;  0.0000000000;  0.0000000000;  0.0000000000;  0.0000000000;  0.0000000000;  0.0000000000
42.00;  0.0000000000;  0.0000000000;  0.0000000000;  0.0000000000;  0.0000000000;  0.0000000000;  0.0000000000;  0.0000000000;  0.0000000000;  0.0000000000;  0.0000000000;  0.0000000000
43.00;  0.0000000000;  0.0000000000;  0.0000000000;  0.0000000000;  0.0000000000;  0.0000000000;  0.0000000000;  0.0000000000;  0.0000000000;  0.0000000000;  0.0000000000;  0.0000000000
44.00;  0.0000000000;  0.0000000000;  0.0000000000;  0.0000000000;  0.0000000000;  0.0000000000;  0.0000000000;  0.0000000000;  0.0000000000;  0.0000000000;  0.0000000000;  0.0000000000
45.00;  0.0000000000;  0.0000000000;  0.0000000000;  0.0000000000;  0.0000000000;  0.0000000000;  0.0000000000;  0.0000000000;  0.0000000000;  0.0000000000;  0.0000000000;  0.0000000000
46.00;  0.0000000000;  0.0000000000;  0.0000000000;  0.0000000000;  0.0000000000;  0.0000000000;  0.0000000000;  0.0000000000;  0.0000000000;  0.0000000000;  0.0000000000;  0.0000000000
47.00;  0.0000000000;  0.0000000000;  0.0000000000;  0.0000000000;  0.0000000000;  0.0000000000;  0.0000000000;  0.0000000000;  0.0000000000;  0.0000000000;  0.0000000000;  0.0000000000
48.00;  0.0000000000;  0.0000000000;  0.0000000000;  0.0000000000;  0.0000000000;  0.0000000000;  0.0000000000;  0.0000000000;  0.0000000000;  0.0000000000;  0.0000000000;  0.0000000000
49.00;  0.0000000000;  0.0000000000;  0.0000000000;  0.0000000000;  0.0000000000;  0.0000000000;  0.0000000000;  0.0000000000;  0.0000000000;  0.0000000000;  0.0000000000;  0.0000000000
50.00;  0.0000000000;  0.0000000000;  0.0000000000;  0.0000000000;  0.0000000000;  0.0000000000;  0.0000000000;  0.0000000000;  0.0000000000;  0.0000000000;  0.0000000000;  0.0000000000
51.00;  0.0000000000;  0.0000000000;  0.0000000000;  0.0000000000;  0.0000000000;  0.0000000000;  0.0000000000;  0.0000000000;  0.0000000000;  0.0000000000;  0.0000000000;  0.0000000000
52.00;  0.0000000000;  0.0000000000;  0.0000000000;  0.0000000000;  0.0000000000;  0.0000000000;  0.0000000000;  0.0000000000;  0.0000000000;  0.0000000000;  0.0000000000;  0.0000000000
53.00;  0.0000000000;  0.0000000000;  0.0000000000;  0.0000000000;  0.0000000000;  0.0000000000;  0.0000000000;  0.0000000000;  0.0000000000;  0.0000000000;  0.0000000000;  0.0000000000
54.00;  0.0000000000;  0.0000000000;  0.0000000000;  0.0000000000;  0.0000000000;  0.0000000000;  0.0000000000;  0.0000000000;  0.0000000000;  0.0000000000;  0.0000000000;  0.0000000000
55.00;  0.0000000000;  0.0000000000;  0.0000000000;  0.0000000000;  0.0000000000;  0.0000000000;  0.0000000000;  0.0000000000;  0.0000000000;  0.0000000000;  0.0000000000;  0.0000000000
56.00;  0.0000000000;  0.0000000000;  0.0000000000;  0.0000000000;  0.0000000000;  0.0000000000;  0.0000000000;  0.0000000000;  0.0000000000;  0.0000000000;  0.0000000000;  0.0000000000
57.00;  0.0000000000;  0.0000000000;  0.0000000000;  0.0000000000;  0.0000000000;  0.0000000000;  0.0000000000;  0.0000000000;  0.0000000000;  0.0000000000;  0.0000000000;  0.0000000000
58.00;  0.0000000000;  0.0000000000;  0.0000000000;  0.0000000000;  0.0000000000;  0.0000000000;  0.0000000000;  0.0000000000;  0.0000000000;  0.0000000000;  0.0000000000;  0.0000000000
59.00;  0.0000000000;  0.0000000000;  0.0000000000;  0.0000000000;  0.0000000000;  0.0000000000;  0.0000000000;  0.0000000000;  0.0000000000;  0.0000000000;  0.0000000000;  0.0000000000
60.00;  0.0000000000;  0.0000000000;  0.0000000000;  0.0000000000;  0.0000000000;  0.0000000000;  0.0000000000;  0.0000000000;  0.0000000000;  0.0000000000;  0.0000000000;  0.0000000000
61.00;  0.0000000000;  0.0000000000;  0.0000000000;  0.0000000000;  0.0000000000;  0.0000000000;  0.0000000000;  0.0000000000;  0.0000000000;  0.0000000000;  0.0000000000;  0.0000000000
62.00;  0.0000000000;  0.0000000000;  0.0000000000;  0.0000000000;  0.0000000000;  0.0000000000;  0.0000000000;  0.0000000000;  0.0000000000;  0.0000000000;  0.0000000000;  0.0000000000
63.00;  0.0000000000;  0.0000000000;  0.0000000000;  0.0000000000;  0.0000000000;  0.0000000000;  0.0000000000;  0.0000000000;  0.0000000000;  0.0000000000;  0.0000000000;  0.0000000000
64.00;  0.0000000000;  0.0000000000;  0.0000000000;  0.0000000000;  0.0000000000;  0.0000000000;  0.0000000000;  0.0000000000;  0.0000000000;  0.0000000000;  0.0000000000;  0.0000000000
65.00;  0.0000000000;  0.0000000000;  0.0000000000;  0.0000000000;  0.0000000000;  0.0000000000;  0.0000000000;  0.0000000000;  0.0000000000;  0.0000000000;  0.0000000000;  0.0000000000
66.00;  0.0000000000;  0.0000000000;  0.0000000000;  0.0000000000;  0.0000000000;  0.0000000000;  0.0000000000;  0.0000000000;  0.0000000000;  0.0000000000;  0.0000000000;  0.0000000000
67.00;  0.0000000000;  0.0000000000;  0.0000000000;  0.0000000000;  0.0000000000;  0.0000000000;  0.0000000000;  0.0000000000;  0.0000000000;  0.0000000000;  0.0000000000;  0.0000000000
68.00;  0.0000000000;  0.0000000000;  0.0000000000;  0.0000000000;  0.0000000000;  0.0000000000;  0.0000000000;  0.0000000000;  0.0000000000;  0.0000000000;  0.0000000000;  0.0000000000
69.00;  0.0000000000;  0.0000000000;  0.0000000000;  0.0000000000;  0.0000000000;  0.0000000000;  0.0000000000;  0.0000000000;  0.0000000000;  0.0000000000;  0.0000000000;  0.0000000000
70.00;  0.0000000000;  0.0000000000;  0.0000000000;  0.0000000000;  0.0000000000;  0.0000000000;  0.0000000000;  0.0000000000;  0.0000000000;  0.0000000000;  0.0000000000;  0.0000000000
71.00;  0.0000000000;  0.0000000000;  0.0000000000;  0.0000000000;  0.0000000000;  0.0000000000;  0.0000000000;  0.0000000000;  0.0000000000;  0.0000000000;  0.0000000000;  0.0000000000
72.00;  0.0000000000;  0.0000000000;  0.0000000000;  0.0000000000;  0.0000000000;  0.0000000000;  0.0000000000;  0.0000000000;  0.0000000000;  0.0000000000;  0.0000000000;  0.0000000000
73.00;  0.0000000000;  0.0000000000;  0.0000000000;  0.0000000000;  0.0000000000;  0.0000000000;  0.0000000000;  0.0000000000;  0.0000000000;  0.0000000000;  0.0000000000;  0.0000000000
74.00;  0.0000000000;  0.0000000000;  0.0000000000;  0.0000000000;  0.0000000000;  0.0000000000;  0.0000000000;  0.0000000000;  0.0000000000;  0.0000000000;  0.0000000000;  0.0000000000
75.00;  0.0000000000;  0.0000000000;  0.0000000000;  0.0000000000;  0.0000000000;  0.0000000000;  0.0000000000;  0.0000000000;  0.0000000000;  0.0000000000;  0.0000000000;  0.0000000000
76.00;  0.0000000000;  0.0000000000;  0.0000000000;  0.0000000000;  0.0000000000;  0.0000000000;  0.0000000000;  0.0000000000;  0.0000000000;  0.0000000000;  0.0000000000;  0.0000000000
77.00;  0.0000000000;  0.0000000000;  0.0000000000;  0.0000000000;  0.0000000000;  0.0000000000;  0.0000000000;  0.0000000000;  0.0000000000;  0.0000000000;  0.0000000000;  0.0000000000
78.00;  0.0000000000;  0.0000000000;  0.0000000000;  0.0000000000;  0.0000000000;  0.0000000000;  0.0000000000;  0.0000000000;  0.0000000000;  0.0000000000;  0.0000000000;  0.0000000000
79.00;  0.0000000000;  0.0000000000;  0.0000000000;  0.0000000000;  0.0000000000;  0.0000000000;  0.0000000000;  0.0000000000;  0.0000000000;  0.0000000000;  0.0000000000;  0.0000000000
80.00;  0.0000000000;  0.0000000000;  0.0000000000;  0.0000000000;  0.0000000000;  0.0000000000;  0.0000000000;  0.0000000000;  0.0000000000;  0.0000000000;  0.0000000000;  0.0000000000
81.00;  0.0000000000;  0.0000000000;  0.0000000000;  0.0000000000;  0.0000000000;  0.0000000000;  0.0000000000;  0.0000000000;  0.0000000000;  0.0000000000;  0.0000000000;  0.0000000000
82.00;  0.0000000000;  0.0000000000;  0.0000000000;  0.0000000000;  0.0000000000;  0.0000000000;  0.0000000000;  0.0000000000;  0.0000000000;  0.0000000000;  0.0000000000;  0.0000000000
83.00;  0.0000000000;  0.0000000000;  0.0000000000;  0.0000000000;  0.0000000000;  0.0000000000;  0.0000000000;  0.0000000000;  0.0000000000;  0.0000000000;  0.0000000000;  0.0000000000
84.00;  0.0000000000;  0.0000000000;  0.0000000000;  0.0000000000;  0.0000000000;  0.0000000000;  0.0000000000;  0.0000000000;  0.0000000000;  0.0000000000;  0.0000000000;  0.0000000000
85.00;  0.0000000000;  0.0000000000;  0.0000000000;  0.0000000000;  0.0000000000;  0.0000000000;  0.0000000000;  0.0000000000;  0.0000000000;  0.0000000000;  0.0000000000;  0.0000000000
86.00;  0.0000000000;  0.0000000000;  0.0000000000;  0.0000000000;  0.0000000000;  0.0000000000;  0.0000000000;  0.0000000000;  0.0000000000;  0.0000000000;  0.0000000000;  0.0000000000
87.00;  0.0000000000;  0.0000000000;  0.0000000000;  0.0000000000;  0.0000000000;  0.0000000000;  0.0000000000;  0.0000000000;  0.0000000000;  0.0000000000;  0.0000000000;  0.0000000000
88.00;  0.0000000000;  0.0000000000;  0.0000000000;  0.0000000000;  0.0000000000;  0.0000000000;  0.0000000000;  0.0000000000;  0.0000000000;  0.0000000000;  0.0000000000;  0.0000000000
89.00;  0.0000000000;  0.0000000000;  0.0000000000;  0.0000000000;  0.0000000000;  0.0000000000;  0.0000000000;  0.0000000000;  0.0000000000;  0.0000000000;  0.0000000000;  0.0000000000
90.00;  0.0000000000;  0.0000000000;  0.0000000000;  0.0000000000;  0.0000000000;  0.0000000000;  0.0000000000;  0.0000000000;  0.0000000000;  0.0000000000;  0.0000000000;  0.0000000000
91.00;  0.0000000000;  0.0000000000;  0.0000000000;  0.0000000000;  0.0000000000;  0.0000000000;  0.0000000000;  0.0000000000;  0.0000000000;  0.0000000000;  0.0000000000;  0.0000000000
92.00;  0.0000000000;  0.0000000000;  0.0000000000;  0.0000000000;  0.0000000000;  0.0000000000;  0.0000000000;  0.0000000000;  0.0000000000;  0.0000000000;  0.0000000000;  0.0000000000
93.00;  0.0000000000;  0.0000000000;  0.0000000000;  0.0000000000;  0.0000000000;  0.0000000000;  0.0000000000;  0.0000000000;  0.0000000000;  0.0000000000;  0.0000000000;  0.0000000000
94.00;  0.0000000000;  0.0000000000;  0.0000000000;  0.0000000000;  0.0000000000;  0.0000000000;  0.0000000000;  0.0000000000;  0.0000000000;  0.0000000000;  0.0000000000;  0.0000000000
95.00;  0.0000000000;  0.0000000000;  0.0000000000;  0.0000000000;  0.0000000000;  0.0000000000;  0.0000000000;  0.0000000000;  0.0000000000;  0.0000000000;  0.0000000000;  0.0000000000
96.00;  0.0000000000;  0.0000000000;  0.0000000000;  0.0000000000;  0.0000000000;  0.0000000000;  0.0000000000;  0.0000000000;  0.0000000000;  0.0000000000;  0.0000000000;  0.0000000000
97.00;  0.0000000000;  0.0000000000;  0.0000000000;  0.0000000000;  0.0000000000;  0.0000000000;  0.0000000000;  0.0000000000;  0.0000000000;  0.0000000000;  0.0000000000;  0.0000000000
98.00;  0.0000000000;  0.0000000000;  0.0000000000;  0.0000000000;  0.0000000000;  0.0000000000;  0.0000000000;  0.0000000000;  0.0000000000;  0.0000000000;  0.0000000000;  0.0000000000
99.00;  0.0000000000;  0.0000000000;  0.0000000000;  0.0000000000;  0.0000000000;  0.0000000000;  0.0000000000;  0.0000000000;  0.0000000000;  0.0000000000;  0.0000000000;  0.0000000000
100.00;  0.0000000000;  0.0000000000;  0.0000000000;  0.0000000000;  0.0000000000;  0.0000000000;  0.0000000000;  0.0000000000;  0.0000000000;  0.0000000000;  0.0000000000;  0.0000000000
101.00;  0.0000000000;  0.0000000000;  0.0000000000;  0.0000000000;  0.0000000000;  0.0000000000;  0.0000000000;  0.0000000000;  0.0000000000;  0.0000000000;  0.0000000000;  0.0000000000
102.00;  0.0000000000;  0.0000000000;  0.0000000000;  0.0000000000;  0.0000000000;  0.0000000000;  0.0000000000;  0.0000000000;  0.0000000000;  0.0000000000;  0.0000000000;  0.0000000000
103.00;  0.0000000000;  0.0000000000;  0.0000000000;  0.0000000000;  0.0000000000;  0.0000000000;  0.0000000000;  0.0000000000;  0.0000000000;  0.0000000000;  0.0000000000;  0.0000000000
104.00;  0.0000000000;  0.0000000000;  0.0000000000;  0.0000000000;  0.0000000000;  0.0000000000;  0.0000000000;  0.0000000000;  0.0000000000;  0.0000000000;  0.0000000000;  0.0000000000
105.00;  0.0000000000;  0.0000000000;  0.0000000000;  0.0000000000;  0.0000000000;  0.0000000000;  0.0000000000;  0.0000000000;  0.0000000000;  0.0000000000;  0.0000000000;  0.0000000000
106.00;  0.0000000000;  0.0000000000;  0.0000000000;  0.0000000000;  0.0000000000;  0.0000000000;  0.0000000000;  0.0000000000;  0.0000000000;  0.0000000000;  0.0000000000;  0.0000000000
107.00;  0.0000000000;  0.0000000000;  0.0000000000;  0.0000000000;  0.0000000000;  0.0000000000;  0.0000000000;  0.0000000000;  0.0000000000;  0.0000000000;  0.0000000000;  0.0000000000
108.00;  0.0000000000;  0.0000000000;  0.0000000000;  0.0000000000;  0.0000000000;  0.0000000000;  0.0000000000;  0.0000000000;  0.0000000000;  0.0000000000;  0.0000000000;  0.0000000000
109.00;  0.0000000000;  0.0000000000;  0.0000000000;  0.0000000000;  0.0000000000;  0.0000000000;  0.0000000000;  0.0000000000;  0.0000000000;  0.0000000000;  0.0000000000;  0.0000000000
110.00;  0.0000000000;  0.0000000000;  0.0000000000;  0.0000000000;  0.0000000000;  0.0000000000;  0.0000000000;  0.0000000000;  0.0000000000;  0.0000000000;  0.0000000000;  0.0000000000
111.00;  0.0000000000;  0.0000000000;  0.0000000000;  0.0000000000;  0.0000000000;  0.0000000000;  0.0000000000;  0.0000000000;  0.0000000000;  0.0000000000;  0.0000000000;  0.0000000000
112.00;  0.0000000000;  0.0000000000;  0.0000000000;  0.0000000000;  0.0000000000;  0.0000000000;  0.0000000000;  0.0000000000;  0.0000000000;  0.0000000000;  0.0000000000;  0.0000000000
113.00;  0.0000000000;  0.0000000000;  0.0000000000;  0.0000000000;  0.0000000000;  0.0000000000;  0.0000000000;  0.0000000000;  0.0000000000;  0.0000000000;  0.0000000000;  0.0000000000
114.00;  0.0000000000;  0.0000000000;  0.0000000000;  0.0000000000;  0.0000000000;  0.0000000000;  0.0000000000;  0.0000000000;  0.0000000000;  0.0000000000;  0.0000000000;  0.0000000000
115.00;  0.0000000000;  0.0000000000;  0.0000000000;  0.0000000000;  0.0000000000;  0.0000000000;  0.0000000000;  0.0000000000;  0.0000000000;  0.0000000000;  0.0000000000;  0.0000000000
116.00;  0.0000000000;  0.0000000000;  0.0000000000;  0.0000000000;  0.0000000000;  0.0000000000;  0.0000000000;  0.0000000000;  0.0000000000;  0.0000000000;  0.0000000000;  0.0000000000
117.00;  0.0000000000;  0.0000000000;  0.0000000000;  0.0000000000;  0.0000000000;  0.0000000000;  0.0000000000;  0.0000000000;  0.0000000000;  0.0000000000;  0.0000000000;  0.0000000000
118.00;  0.0000000000;  0.0000000000;  0.0000000000;  0.0000000000;  0.0000000000;  0.0000000000;  0.0000000000;  0.0000000000;  0.0000000000;  0.0000000000;  0.0000000000;  0.0000000000
119.00;  0.0000000000;  0.0000000000;  0.0000000000;  0.0000000000;  0.0000000000;  0.0000000000;  0.0000000000;  0.0000000000;  0.0000000000;  0.0000000000;  0.0000000000;  0.0000000000
120.00;  0.0000000000;  0.0000000000;  0.0000000000;  0.0000000000;  0.0000000000;  0.0000000000;  0.0000000000;  0.0000000000;  0.0000000000;  0.0000000000;  0.0000000000;  0.0000000000
121.00;  0.0000000000;  0.0000000000;  0.0000000000;  0.0000000000;  0.0000000000;  0.0000000000;  0.0000000000;  0.0000000000;  0.0000000000;  0.0000000000;  0.0000000000;  0.0000000000
122.00;  0.0000000000;  0.0000000000;  0.0000000000;  0.0000000000;  0.0000000000;  0.0000000000;  0.0000000000;  0.0000000000;  0.0000000000;  0.0000000000;  0.0000000000;  0.0000000000
123.00;  0.0000000000;  0.0000000000;  0.0000000000;  0.0000000000;  0.0000000000;  0.0000000000;  0.0000000000;  0.0000000000;  0.0000000000;  0.0000000000;  0.0000000000;  0.0000000000
124.00;  0.0000000000;  0.0000000000;  0.0000000000;  0.0000000000;  0.0000000000;  0.0000000000;  0.0000000000;  0.0000000000;  0.0000000000;  0.0000000000;  0.0000000000;  0.0000000000
125.00;  0.0000000000;  0.0000000000;  0.0000000000;  0.0000000000;  0.0000000000;  0.0000000000;  0.0000000000;  0.0000000000;  0.0000000000;  0.0000000000;  0.0000000000;  0.0000000000
126.00;  0.0000000000;  0.0000000000;  0.0000000000;  0.0000000000;  0.0000000000;  0.0000000000;  0.0000000000;  0.0000000000;  0.0000000000;  0.0000000000;  0.0000000000;  0.0000000000
127.00;  0.0000000000;  0.0000000000;  0.0000000000;  0.0000000000;  0.0000000000;  0.0000000000;  0.0000000000;  0.0000000000;  0.0000000000;  0.0000000000;  0.0000000000;  0.0000000000
128.00;  0.0000000000;  0.0000000000;  0.0000000000;  0.0000000000;  0.0000000000;  0.0000000000;  0.0000000000;  0.0000000000;  0.0000000000;  0.0000000000;  0.0000000000;  0.0000000000
129.00;  0.0000000000;  0.0000000000;  0.0000000000;  0.0000000000;  0.0000000000;  0.0000000000;  0.0000000000;  0.0000000000;  0.0000000000;  0.0000000000;  0.0000000000;  0.0000000000
130.00;  0.0000000000;  0.0000000000;  0.0000000000;  0.0000000000;  0.0000000000;  0.0000000000;  0.0000000000;  0.0000000000;  0.0000000000;  0.0000000000;  0.0000000000;  0.0000000000
131.00;  0.0000000000;  0.0000000000;  0.0000000000;  0.0000000000;  0.0000000000;  0.0000000000;  0.0000000000;  0.0000000000;  0.0000000000;  0.0000000000;  0.0000000000;  0.0000000000
132.00;  0.0000000000;  0.0000000000;  0.0000000000;  0.0000000000;  0.0000000000;  0.0000000000;  0.0000000000;  0.0000000000;  0.0000000000;  0.0000000000;  0.0000000000;  0.0000000000
133.00;  0.0000000000;  0.0000000000;  0.0000000000;  0.0000000000;  0.0000000000;  0.0000000000;  0.0000000000;  0.0000000000;  0.0000000000;  0.0000000000;  0.0000000000;  0.0000000000
134.00;  0.0000000000;  0.0000000000;  0.0000000000;  0.0000000000;  0.0000000000;  0.0000000000;  0.0000000000;  0.0000000000;  0.0000000000;  0.0000000000;  0.0000000000;  0.0000000000
135.00;  0.0000000000;  0.0000000000;  0.0000000000;  0.0000000000;  0.0000000000;  0.0000000000;  0.0000000000;  0.0000000000;  0.0000000000;  0.0000000000;  0.0000000000;  0.0000000000
136.00;  0.0000000000;  0.0000000000;  0.0000000000;  0.0000000000;  0.0000000000;  0.0000000000;  0.0000000000;  0.0000000000;  0.0000000000;  0.0000000000;  0.0000000000;  0.0000000000
137.00;  0.0000000000;  0.0000000000;  0.0000000000;  0.0000000000;  0.0000000000;  0.0000000000;  0.0000000000;  0.0000000000;  0.0000000000;  0.0000000000;  0.0000000000;  0.0000000000
138.00;  0.0000000000;  0.0000000000;  0.0000000000;  0.0000000000;  0.0000000000;  0.0000000000;  0.0000000000;  0.0000000000;  0.0000000000;  0.0000000000;  0.0000000000;  0.0000000000
139.00;  0.0000000000;  0.0000000000;  0.0000000000;  0.0000000000;  0.0000000000;  0.0000000000;  0.0000000000;  0.0000000000;  0.0000000000;  0.0000000000;  0.0000000000;  0.0000000000
140.00;  0.0000000000;  0.0000000000;  0.0000000000;  0.0000000000;  0.0000000000;  0.0000000000;  0.0000000000;  0.0000000000;  0.0000000000;  0.0000000000;  0.0000000000;  0.0000000000
141.00;  0.0000000000;  0.0000000000;  0.0000000000;  0.0000000000;  0.0000000000;  0.0000000000;  0.0000000000;  0.0000000000;  0.0000000000;  0.0000000000;  0.0000000000;  0.0000000000
142.00;  0.0000000000;  0.0000000000;  0.0000000000;  0.0000000000;  0.0000000000;  0.0000000000;  0.0000000000;  0.0000000000;  0.0000000000;  0.0000000000;  0.0000000000;  0.0000000000
143.00;  0.0000000000;  0.0000000000;  0.0000000000;  0.0000000000;  0.0000000000;  0.0000000000;  0.0000000000;  0.0000000000;  0.0000000000;  0.0000000000;  0.0000000000;  0.0000000000
144.00;  0.0000000000;  0.0000000000;  0.0000000000;  0.0000000000;  0.0000000000;  0.0000000000;  0.0000000000;  0.0000000000;  0.0000000000;  0.0000000000;  0.0000000000;  0.0000000000
145.00;  0.0000000000;  0.0000000000;  0.0000000000;  0.0000000000;  0.0000000000;  0.0000000000;  0.0000000000;  0.0000000000;  0.0000000000;  0.0000000000;  0.0000000000;  0.0000000000
146.00;  0.0000000000;  0.0000000000;  0.0000000000;  0.0000000000;  0.0000000000;  0.0000000000;  0.0000000000;  0.0000000000;  0.0000000000;  0.0000000000;  0.0000000000;  0.0000000000
147.00;  0.0000000000;  0.0000000000;  0.0000000000;  0.0000000000;  0.0000000000;  0.0000000000;  0.0000000000;  0.0000000000;  0.0000000000;  0.0000000000;  0.0000000000;  0.0000000000
148.00;  0.0000000000;  0.0000000000;  0.0000000000;  0.0000000000;  0.0000000000;  0.0000000000;  0.0000000000;  0.0000000000;  0.0000000000;  0.0000000000;  0.0000000000;  0.0000000000
149.00;  0.0000000000;  0.0000000000;  0.0000000000;  0.0000000000;  0.0000000000;  0.0000000000;  0.0000000000;  0.0000000000;  0.0000000000;  0.0000000000;  0.0000000000;  0.0000000000
150.00;  0.0000000000;  0.0000000000;  0.0000000000;  0.0000000000;  0.0000000000;  0.0000000000;  0.0000000000;  0.0000000000;  0.0000000000;  0.0000000000;  0.0000000000;  0.0000000000
151.00;  0.0000000000;  0.0000000000;  0.0000000000;  0.0000000000;  0.0000000000;  0.0000000000;  0.0000000000;  0.0000000000;  0.0000000000;  0.0000000000;  0.0000000000;  0.0000000000
152.00;  0.0000000000;  0.0000000000;  0.0000000000;  0.0000000000;  0.0000000000;  0.0000000000;  0.0000000000;  0.0000000000;  0.0000000000;  0.0000000000;  0.0000000000;  0.0000000000
153.00;  0.0000000000;  0.0000000000;  0.0000000000;  0.0000000000;  0.0000000000;  0.0000000000;  0.0000000000;  0.0000000000;  0.0000000000;  0.0000000000;  0.0000000000;  0.0000000000
154.00;  0.0000000000;  0.0000000000;  0.0000000000;  0.0000000000;  0.0000000000;  0.0000000000;  0.0000000000;  0.0000000000;  0.0000000000;  0.0000000000;  0.0000000000;  0.0000000000
155.00;  0.0000000000;  0.0000000000;  0.0000000000;  0.0000000000;  0.0000000000;  0.0000000000;  0.0000000000;  0.0000000000;  0.0000000000;  0.0000000000;  0.0000000000;  0.0000000000
156.00;  0.0000000000;  0.0000000000;  0.0000000000;  0.0000000000;  0.0000000000;  0.0000000000;  0.0000000000;  0.0000000000;  0.0000000000;  0.0000000000;  0.0000000000;  0.0000000000
157.00;  0.0000000000;  0.0000000000;  0.0000000000;  0.0000000000;  0.0000000000;  0.0000000000;  0.0000000000;  0.0000000000;  0.0000000000;  0.0000000000;  0.0000000000;  0.0000000000
158.00;  0.0000000000;  0.0000000000;  0.0000000000;  0.0000000000;  0.0000000000;  0.0000000000;  0.0000000000;  0.0000000000;  0.0000000000;  0.0000000000;  0.0000000000;  0.0000000000
159.00;  0.0000000000;  0.0000000000;  0.0000000000;  0.0000000000;  0.0000000000;  0.0000000000;  0.0000000000;  0.0000000000;  0.0000000000;  0.0000000000;  0.0000000000;  0.0000000000
160.00;  0.0000000000;  0.0000000000;  0.0000000000;  0.0000000000;  0.0000000000;  0.0000000000;  0.0000000000;  0.0000000000;  0.0000000000;  0.0000000000;  0.0000000000;  0.0000000000
161.00;  0.0000000000;  0.0000000000;  0.0000000000;  0.0000000000;  0.0000000000;  0.0000000000;  0.0000000000;  0.0000000000;  0.0000000000;  0.0000000000;  0.0000000000;  0.0000000000
162.00;  0.0000000000;  0.0000000000;  0.0000000000;  0.0000000000;  0.0000000000;  0.0000000000;  0.0000000000;  0.0000000000;  0.0000000000;  0.0000000000;  0.0000000000;  0.0000000000
163.00;  0.0000000000;  0.0000000000;  0.0000000000;  0.0000000000;  0.0000000000;  0.0000000000;  0.0000000000;  0.0000000000;  0.0000000000;  0.0000000000;  0.0000000000;  0.0000000000
164.00;  0.0000000000;  0.0000000000;  0.0000000000;  0.0000000000;  0.0000000000;  0.0000000000;  0.0000000000;  0.0000000000;  0.0000000000;  0.0000000000;  0.0000000000;  0.0000000000
165.00;  0.0000000000;  0.0000000000;  0.0000000000;  0.0000000000;  0.0000000000;  0.0000000000;  0.0000000000;  0.0000000000;  0.0000000000;  0.0000000000;  0.0000000000;  0.0000000000
166.00;  0.0000000000;  0.0000000000;  0.0000000000;  0.0000000000;  0.0000000000;  0.0000000000;  0.0000000000;  0.0000000000;  0.0000000000;  0.0000000000;  0.0000000000;  0.0000000000
167.00;  0.0000000000;  0.0000000000;  0.0000000000;  0.0000000000;  0.0000000000;  0.0000000000;  0.0000000000;  0.0000000000;  0.0000000000;  0.0000000000;  0.0000000000;  0.0000000000
168.00;  0.0000000000;  0.0000000000;  0.0000000000;  0.0000000000;  0.0000000000;  0.0000000000;  0.0000000000;  0.0000000000;  0.0000000000;  0.0000000000;  0.0000000000;  0.0000000000
169.00;  0.0000000000;  0.0000000000;  0.0000000000;  0.0000000000;  0.0000000000;  0.0000000000;  0.0000000000;  0.0000000000;  0.0000000000;  0.0000000000;  0.0000000000;  0.0000000000
170.00;  0.0000000000;  0.0000000000;  0.0000000000;  0.0000000000;  0.0000000000;  0.0000000000;  0.0000000000;  0.0000000000;  0.0000000000;  0.0000000000;  0.0000000000;  0.0000000000
171.00;  0.0000000000;  0.0000000000;  0.0000000000;  0.0000000000;  0.0000000000;  0.0000000000;  0.0000000000;  0.0000000000;  0.0000000000;  0.0000000000;  0.0000000000;  0.0000000000
172.00;  0.0000000000;  0.0000000000;  0.0000000000;  0.0000000000;  0.0000000000;  0.0000000000;  0.0000000000;  0.0000000000;  0.0000000000;  0.0000000000;  0.0000000000;  0.0000000000
173.00;  0.0000000000;  0.0000000000;  0.0000000000;  0.0000000000;  0.0000000000;  0.0000000000;  0.0000000000;  0.0000000000;  0.0000000000;  0.0000000000;  0.0000000000;  0.0000000000
174.00;  0.0000000000;  0.0000000000;  0.0000000000;  0.0000000000;  0.0000000000;  0.0000000000;  0.0000000000;  0.0000000000;  0.0000000000;  0.0000000000;  0.0000000000;  0.0000000000
175.00;  0.0000000000;  0.0000000000;  0.0000000000;  0.0000000000;  0.0000000000;  0.0000000000;  0.0000000000;  0.0000000000;  0.0000000000;  0.0000000000;  0.0000000000;  0.0000000000
176.00;  0.0000000000;  0.0000000000;  0.0000000000;  0.0000000000;  0.0000000000;  0.0000000000;  0.0000000000;  0.0000000000;  0.0000000000;  0.0000000000;  0.0000000000;  0.0000000000
177.00;  0.0000000000;  0.0000000000;  0.0000000000;  0.0000000000;  0.0000000000;  0.0000000000;  0.0000000000;  0.0000000000;  0.0000000000;  0.0000000000;  0.0000000000;  0.0000000000
178.00;  0.0000000000;  0.0000000000;  0.0000000000;  0.0000000000;  0.0000000000;  0.0000000000;  0.0000000000;  0.0000000000;  0.0000000000;  0.0000000000;  0.0000000000;  0.0000000000
179.00;  0.0000000000;  0.0000000000;  0.0000000000;  0.0000000000;  0.0000000000;  0.0000000000;  0.0000000000;  0.0000000000;  0.0000000000;  0.0000000000;  0.0000000000;  0.0000000000
180.00;  0.0000000000;  0.0000000000;  0.0000000000;  0.0000000000;  0.0000000000;  0.0000000000;  0.0000000000;  0.0000000000;  0.0000000000;  0.0000000000;  0.0000000000;  0.0000000000
181.00;  0.0000000000;  0.0000000000;  0.0000000000;  0.0000000000;  0.0000000000;  0.0000000000;  0.0000000000;  0.0000000000;  0.0000000000;  0.0000000000;  0.0000000000;  0.0000000000
182.00;  0.0000000000;  0.0000000000;  0.0000000000;  0.0000000000;  0.0000000000;  0.0000000000;  0.0000000000;  0.0000000000;  0.0000000000;  0.0000000000;  0.0000000000;  0.0000000000
183.00;  0.0000000000;  0.0000000000;  0.0000000000;  0.0000000000;  0.0000000000;  0.0000000000;  0.0000000000;  0.0000000000;  0.0000000000;  0.0000000000;  0.0000000000;  0.0000000000
184.00;  0.0000000000;  0.0000000000;  0.0000000000;  0.0000000000;  0.0000000000;  0.0000000000;  0.0000000000;  0.0000000000;  0.0000000000;  0.0000000000;  0.0000000000;  0.0000000000
185.00;  0.0000000000;  0.0000000000;  0.0000000000;  0.0000000000;  0.0000000000;  0.0000000000;  0.0000000000;  0.0000000000;  0.0000000000;  0.0000000000;  0.0000000000;  0.0000000000
186.00;  0.0000000000;  0.0000000000;  0.0000000000;  0.0000000000;  0.0000000000;  0.0000000000;  0.0000000000;  0.0000000000;  0.0000000000;  0.0000000000;  0.0000000000;  0.0000000000
187.00;  0.0000000000;  0.0000000000;  0.0000000000;  0.0000000000;  0.0000000000;  0.0000000000;  0.0000000000;  0.0000000000;  0.0000000000;  0.0000000000;  0.0000000000;  0.0000000000
188.00;  0.0000000000;  0.0000000000;  0.0000000000;  0.0000000000;  0.0000000000;  0.0000000000;  0.0000000000;  0.0000000000;  0.0000000000;  0.0000000000;  0.0000000000;  0.0000000000
189.00;  0.0000000000;  0.0000000000;  0.0000000000;  0.0000000000;  0.0000000000;  0.0000000000;  0.0000000000;  0.0000000000;  0.0000000000;  0.0000000000;  0.0000000000;  0.0000000000
190.00;  0.0000000000;  0.0000000000;  0.0000000000;  0.0000000000;  0.0000000000;  0.0000000000;  0.0000000000;  0.0000000000;  0.0000000000;  0.0000000000;  0.0000000000;  0.0000000000
191.00;  0.0000000000;  0.0000000000;  0.0000000000;  0.0000000000;  0.0000000000;  0.0000000000;  0.0000000000;  0.0000000000;  0.0000000000;  0.0000000000;  0.0000000000;  0.0000000000
192.00;  0.0000000000;  0.0000000000;  0.0000000000;  0.0000000000;  0.0000000000;  0.0000000000;  0.0000000000;  0.0000000000;  0.0000000000;  0.0000000000;  0.0000000000;  0.0000000000
193.00;  0.0000000000;  0.0000000000;  0.0000000000;  0.0000000000;  0.0000000000;  0.0000000000;  0.0000000000;  0.0000000000;  0.0000000000;  0.0000000000;  0.0000000000;  0.0000000000
194.00;  0.0000000000;  0.0000000000;  0.0000000000;  0.0000000000;  0.0000000000;  0.0000000000;  0.0000000000;  0.0000000000;  0.0000000000;  0.0000000000;  0.0000000000;  0.0000000000
195.00;  0.0000000000;  0.0000000000;  0.0000000000;  0.0000000000;  0.0000000000;  0.0000000000;  0.0000000000;  0.0000000000;  0.0000000000;  0.0000000000;  0.0000000000;  0.0000000000
196.00;  0.0000000000;  0.0000000000;  0.0000000000;  0.0000000000;  0.0000000000;  0.0000000000;  0.0000000000;  0.0000000000;  0.0000000000;  0.0000000000;  0.0000000000;  0.0000000000
197.00;  0.0000000000;  0.0000000000;  0.0000000000;  0.0000000000;  0.0000000000;  0.0000000000;  0.0000000000;  0.0000000000;  0.0000000000;  0.0000000000;  0.0000000000;  0.0000000000
198.00;  0.0000000000;  0.0000000000;  0.0000000000;  0.0000000000;  0.0000000000;  0.0000000000;  0.0000000000;  0.0000000000;  0.0000000000;  0.0000000000;  0.0000000000;  0.0000000000
199.00;  0.0000000000;  0.0000000000;  0.0000000000;  0.0000000000;  0.0000000000;  0.0000000000;  0.0000000000;  0.0000000000;  0.0000000000;  0.0000000000;  0.0000000000;  0.0000000000
200.00;  0.0000000000;  0.0000000000;  0.0000000000;  0.0000000000;  0.0000000000;  0.0000000000;  0.0000000000;  0.0000000000;  0.0000000000;  0.0000000000;  0.0000000000;  0.0000000000
201.00;  0.0000000000;  0.0000000000;  0.0000000000;  0.0000000000;  0.0000000000;  0.0000000000;  0.0000000000;  0.0000000000;  0.0000000000;  0.0000000000;  0.0000000000;  0.0000000000
202.00;  0.0000000000;  0.0000000000;  0.0000000000;  0.0000000000;  0.0000000000;  0.0000000000;  0.0000000000;  0.0000000000;  0.0000000000;  0.0000000000;  0.0000000000;  0.0000000000
203.00;  0.0000000000;  0.0000000000;  0.0000000000;  0.0000000000;  0.0000000000;  0.0000000000;  0.0000000000;  0.0000000000;  0.0000000000;  0.0000000000;  0.0000000000;  0.0000000000
204.00;  0.0000000000;  0.0000000000;  0.0000000000;  0.0000000000;  0.0000000000;  0.0000000000;  0.0000000000;  0.0000000000;  0.0000000000;  0.0000000000;  0.0000000000;  0.0000000000
205.00;  0.0000000000;  0.0000000000;  0.0000000000;  0.0000000000;  0.0000000000;  0.0000000000;  0.0000000000;  0.0000000000;  0.0000000000;  0.0000000000;  0.0000000000;  0.0000000000
206.00;  0.0000000000;  0.0000000000;  0.0000000000;  0.0000000000;  0.0000000000;  0.0000000000;  0.0000000000;  0.0000000000;  0.0000000000;  0.0000000000;  0.0000000000;  0.0000000000
207.00;  0.0000000000;  0.0000000000;  0.0000000000;  0.0000000000;  0.0000000000;  0.0000000000;  0.0000000000;  0.0000000000;  0.0000000000;  0.0000000000;  0.0000000000;  0.0000000000
208.00;  0.0000000000;  0.0000000000;  0.0000000000;  0.0000000000;  0.0000000000;  0.0000000000;  0.0000000000;  0.0000000000;  0.0000000000;  0.0000000000;  0.0000000000;  0.0000000000
209.00;  0.0000000000;  0.0000000000;  0.0000000000;  0.0000000000;  0.0000000000;  0.0000000000;  0.0000000000;  0.0000000000;  0.0000000000;  0.0000000000;  0.0000000000;  0.0000000000
210.00;  0.0000000000;  0.0000000000;  0.0000000000;  0.0000000000;  0.0000000000;  0.0000000000;  0.0000000000;  0.0000000000;  0.0000000000;  0.0000000000;  0.0000000000;  0.0000000000
211.00;  0.0000000000;  0.0000000000;  0.0000000000;  0.0000000000;  0.0000000000;  0.0000000000;  0.0000000000;  0.0000000000;  0.0000000000;  0.0000000000;  0.0000000000;  0.0000000000
212.00;  0.0000000000;  0.0000000000;  0.0000000000;  0.0000000000;  0.0000000000;  0.0000000000;  0.0000000000;  0.0000000000;  0.0000000000;  0.0000000000;  0.0000000000;  0.0000000000
213.00;  0.0000000000;  0.0000000000;  0.0000000000;  0.0000000000;  0.0000000000;  0.0000000000;  0.0000000000;  0.0000000000;  0.0000000000;  0.0000000000;  0.0000000000;  0.0000000000
214.00;  0.0000000000;  0.0000000000;  0.0000000000;  0.0000000000;  0.0000000000;  0.0000000000;  0.0000000000;  0.0000000000;  0.0000000000;  0.0000000000;  0.0000000000;  0.0000000000
215.00;  0.0000000000;  0.0000000000;  0.0000000000;  0.0000000000;  0.0000000000;  0.0000000000;  0.0000000000;  0.0000000000;  0.0000000000;  0.0000000000;  0.0000000000;  0.0000000000
216.00;  0.0000000000;  0.0000000000;  0.0000000000;  0.0000000000;  0.0000000000;  0.0000000000;  0.0000000000;  0.0000000000;  0.0000000000;  0.0000000000;  0.0000000000;  0.0000000000
217.00;  0.0000000000;  0.0000000000;  0.0000000000;  0.0000000000;  0.0000000000;  0.0000000000;  0.0000000000;  0.0000000000;  0.0000000000;  0.0000000000;  0.0000000000;  0.0000000000
218.00;  0.0000000000;  0.0000000000;  0.0000000000;  0.0000000000;  0.0000000000;  0.0000000000;  0.0000000000;  0.0000000000;  0.0000000000;  0.0000000000;  0.0000000000;  0.0000000000
219.00;  0.0000000000;  0.0000000000;  0.0000000000;  0.0000000000;  0.0000000000;  0.0000000000;  0.0000000000;  0.0000000000;  0.0000000000;  0.0000000000;  0.0000000000;  0.0000000000
220.00;  0.0000000000;  0.0000000000;  0.0000000000;  0.0000000000;  0.0000000000;  0.0000000000;  0.0000000000;  0.0000000000;  0.0000000000;  0.0000000000;  0.0000000000;  0.0000000000
221.00;  0.0000000000;  0.0000000000;  0.0000000000;  0.0000000000;  0.0000000000;  0.0000000000;  0.0000000000;  0.0000000000;  0.0000000000;  0.0000000000;  0.0000000000;  0.0000000000
222.00;  0.0000000000;  0.0000000000;  0.0000000000;  0.0000000000;  0.0000000000;  0.0000000000;  0.0000000000;  0.0000000000;  0.0000000000;  0.0000000000;  0.0000000000;  0.0000000000
223.00;  0.0000000000;  0.0000000000;  0.0000000000;  0.0000000000;  0.0000000000;  0.0000000000;  0.0000000000;  0.0000000000;  0.0000000000;  0.0000000000;  0.0000000000;  0.0000000000
224.00;  0.0000000000;  0.0000000000;  0.0000000000;  0.0000000000;  0.0000000000;  0.0000000000;  0.0000000000;  0.0000000000;  0.0000000000;  0.0000000000;  0.0000000000;  0.0000000000
225.00;  0.0000000000;  0.0000000000;  0.0000000000;  0.0000000000;  0.0000000000;  0.0000000000;  0.0000000000;  0.0000000000;  0.0000000000;  0.0000000000;  0.0000000000;  0.0000000000
226.00;  0.0000000000;  0.0000000000;  0.0000000000;  0.0000000000;  0.0000000000;  0.0000000000;  0.0000000000;  0.0000000000;  0.0000000000;  0.0000000000;  0.0000000000;  0.0000000000
227.00;  0.0000000000;  0.0000000000;  0.0000000000;  0.0000000000;  0.0000000000;  0.0000000000;  0.0000000000;  0.0000000000;  0.0000000000;  0.0000000000;  0.0000000000;  0.0000000000
228.00;  0.0000000000;  0.0000000000;  0.0000000000;  0.0000000000;  0.0000000000;  0.0000000000;  0.0000000000;  0.0000000000;  0.0000000000;  0.0000000000;  0.0000000000;  0.0000000000
229.00;  0.0000000000;  0.0000000000;  0.0000000000;  0.0000000000;  0.0000000000;  0.0000000000;  0.0000000000;  0.0000000000;  0.0000000000;  0.0000000000;  0.0000000000;  0.0000000000
230.00;  0.0000000000;  0.0000000000;  0.0000000000;  0.0000000000;  0.0000000000;  0.0000000000;  0.0000000000;  0.0000000000;  0.0000000000;  0.0000000000;  0.0000000000;  0.0000000000
231.00;  0.0000000000;  0.0000000000;  0.0000000000;  0.0000000000;  0.0000000000;  0.0000000000;  0.0000000000;  0.0000000000;  0.0000000000;  0.0000000000;  0.0000000000;  0.0000000000
232.00;  0.0000000000;  0.0000000000;  0.0000000000;  0.0000000000;  0.0000000000;  0.0000000000;  0.0000000000;  0.0000000000;  0.0000000000;  0.0000000000;  0.0000000000;  0.0000000000
233.00;  0.0000000000;  0.0000000000;  0.0000000000;  0.0000000000;  0.0000000000;  0.0000000000;  0.0000000000;  0.0000000000;  0.0000000000;  0.0000000000;  0.0000000000;  0.0000000000
234.00;  0.0000000000;  0.0000000000;  0.0000000000;  0.0000000000;  0.0000000000;  0.0000000000;  0.0000000000;  0.0000000000;  0.0000000000;  0.0000000000;  0.0000000000;  0.0000000000
235.00;  0.0000000000;  0.0000000000;  0.0000000000;  0.0000000000;  0.0000000000;  0.0000000000;  0.0000000000;  0.0000000000;  0.0000000000;  0.0000000000;  0.0000000000;  0.0000000000
236.00;  0.0000000000;  0.0000000000;  0.0000000000;  0.0000000000;  0.0000000000;  0.0000000000;  0.0000000000;  0.0000000000;  0.0000000000;  0.0000000000;  0.0000000000;  0.0000000000
237.00;  0.0000000000;  0.0000000000;  0.0000000000;  0.0000000000;  0.0000000000;  0.0000000000;  0.0000000000;  0.0000000000;  0.0000000000;  0.0000000000;  0.0000000000;  0.0000000000
238.00;  0.0000000000;  0.0000000000;  0.0000000000;  0.0000000000;  0.0000000000;  0.0000000000;  0.0000000000;  0.0000000000;  0.0000000000;  0.0000000000;  0.0000000000;  0.0000000000
239.00;  0.0000000000;  0.0000000000;  0.0000000000;  0.0000000000;  0.0000000000;  0.0000000000;  0.0000000000;  0.0000000000;  0.0000000000;  0.0000000000;  0.0000000000;  0.0000000000
240.00;  0.0000000000;  0.0000000000;  0.0000000000;  0.0000000000;  0.0000000000;  0.0000000000;  0.0000000000;  0.0000000000;  0.0000000000;  0.0000000000;  0.0000000000;  0.0000000000
241.00;  0.0000000000;  0.0000000000;  0.0000000000;  0.0000000000;  0.0000000000;  0.0000000000;  0.0000000000;  0.0000000000;  0.0000000000;  0.0000000000;  0.0000000000;  0.0000000000
242.00;  0.0000000000;  0.0000000000;  0.0000000000;  0.0000000000;  0.0000000000;  0.0000000000;  0.0000000000;  0.0000000000;  0.0000000000;  0.0000000000;  0.0000000000;  0.0000000000
243.00;  0.0000000000;  0.0000000000;  0.0000000000;  0.0000000000;  0.0000000000;  0.0000000000;  0.0000000000;  0.0000000000;  0.0000000000;  0.0000000000;  0.0000000000;  0.0000000000
244.00;  0.0000000000;  0.0000000000;  0.0000000000;  0.0000000000;  0.0000000000;  0.0000000000;  0.0000000000;  0.0000000000;  0.0000000000;  0.0000000000;  0.0000000000;  0.0000000000
245.00;  0.0000000000;  0.0000000000;  0.0000000000;  0.0000000000;  0.0000000000;  0.0000000000;  0.0000000000;  0.0000000000;  0.0000000000;  0.0000000000;  0.0000000000;  0.0000000000
246.00;  0.0000000000;  0.0000000000;  0.0000000000;  0.0000000000;  0.0000000000;  0.0000000000;  0.0000000000;  0.0000000000;  0.0000000000;  0.0000000000;  0.0000000000;  0.0000000000
247.00;  0.0000000000;  0.0000000000;  0.0000000000;  0.0000000000;  0.0000000000;  0.0000000000;  0.0000000000;  0.0000000000;  0.0000000000;  0.0000000000;  0.0000000000;  0.0000000000
248.00;  0.0000000000;  0.0000000000;  0.0000000000;  0.0000000000;  0.0000000000;  0.0000000000;  0.0000000000;  0.0000000000;  0.0000000000;  0.0000000000;  0.0000000000;  0.0000000000
249.00;  0.0000000000;  0.0000000000;  0.0000000000;  0.0000000000;  0.0000000000;  0.0000000000;  0.0000000000;  0.0000000000;  0.0000000000;  0.0000000000;  0.0000000000;  0.0000000000
250.00;  0.0000000000;  0.0000000000;  0.0000000000;  0.0000000000;  0.0000000000;  0.0000000000;  0.0000000000;  0.0000000000;  0.0000000000;  0.0000000000;  0.0000000000;  0.0000000000
251.00;  0.0000000000;  0.0000000000;  0.0000000000;  0.0000000000;  0.0000000000;  0.0000000000;  0.0000000000;  0.0000000000;  0.0000000000;  0.0000000000;  0.0000000000;  0.0000000000
252.00;  0.0000000000;  0.0000000000;  0.0000000000;  0.0000000000;  0.0000000000;  0.0000000000;  0.0000000000;  0.0000000000;  0.0000000000;  0.0000000000;  0.0000000000;  0.0000000000
253.00;  0.0000000000;  0.0000000000;  0.0000000000;  0.0000000000;  0.0000000000;  0.0000000000;  0.0000000000;  0.0000000000;  0.0000000000;  0.0000000000;  0.0000000000;  0.0000000000
254.00;  0.0000000000;  0.0000000000;  0.0000000000;  0.0000000000;  0.0000000000;  0.0000000000;  0.0000000000;  0.0000000000;  0.0000000000;  0.0000000000;  0.0000000000;  0.0000000000
255.00;  0.0000000000;  0.0000000000;  0.0000000000;  0.0000000000;  0.0000000000;  0.0000000000;  0.0000000000;  0.0000000000;  0.0000000000;  0.0000000000;  0.0000000000;  0.0000000000
256.00;  0.0000000000;  0.0000000000;  0.0000000000;  0.0000000000;  0.0000000000;  0.0000000000;  0.0000000000;  0.0000000000;  0.0000000000;  0.0000000000;  0.0000000000;  0.0000000000
257.00;  0.0000000000;  0.0000000000;  0.0000000000;  0.0000000000;  0.0000000000;  0.0000000000;  0.0000000000;  0.0000000000;  0.0000000000;  0.0000000000;  0.0000000000;  0.0000000000
258.00;  0.0000000000;  0.0000000000;  0.0000000000;  0.0000000000;  0.0000000000;  0.0000000000;  0.0000000000;  0.0000000000;  0.0000000000;  0.0000000000;  0.0000000000;  0.0000000000
259.00;  0.0000000000;  0.0000000000;  0.0000000000;  0.0000000000;  0.0000000000;  0.0000000000;  0.0000000000;  0.0000000000;  0.0000000000;  0.0000000000;  0.0000000000;  0.0000000000
260.00;  0.0000000000;  0.0000000000;  0.0000000000;  0.0000000000;  0.0000000000;  0.0000000000;  0.0000000000;  0.0000000000;  0.0000000000;  0.0000000000;  0.0000000000;  0.0000000000
261.00;  0.0000000000;  0.0000000000;  0.0000000000;  0.0000000000;  0.0000000000;  0.0000000000;  0.0000000000;  0.0000000000;  0.0000000000;  0.0000000000;  0.0000000000;  0.0000000000
262.00;  0.0000000000;  0.0000000000;  0.0000000000;  0.0000000000;  0.0000000000;  0.0000000000;  0.0000000000;  0.0000000000;  0.0000000000;  0.0000000000;  0.0000000000;  0.0000000000
263.00;  0.0000000000;  0.0000000000;  0.0000000000;  0.0000000000;  0.0000000000;  0.0000000000;  0.0000000000;  0.0000000000;  0.0000000000;  0.0000000000;  0.0000000000;  0.0000000000
264.00;  0.0000000000;  0.0000000000;  0.0000000000;  0.0000000000;  0.0000000000;  0.0000000000;  0.0000000000;  0.0000000000;  0.0000000000;  0.0000000000;  0.0000000000;  0.0000000000
265.00;  0.0000000000;  0.0000000000;  0.0000000000;  0.0000000000;  0.0000000000;  0.0000000000;  0.0000000000;  0.0000000000;  0.0000000000;  0.0000000000;  0.0000000000;  0.0000000000
266.00;  0.0000000000;  0.0000000000;  0.0000000000;  0.0000000000;  0.0000000000;  0.0000000000;  0.0000000000;  0.0000000000;  0.0000000000;  0.0000000000;  0.0000000000;  0.0000000000
267.00;  0.0000000000;  0.0000000000;  0.0000000000;  0.0000000000;  0.0000000000;  0.0000000000;  0.0000000000;  0.0000000000;  0.0000000000;  0.0000000000;  0.0000000000;  0.0000000000
268.00;  0.0000000000;  0.0000000000;  0.0000000000;  0.0000000000;  0.0000000000;  0.0000000000;  0.0000000000;  0.0000000000;  0.0000000000;  0.0000000000;  0.0000000000;  0.0000000000
269.00;  0.0000000000;  0.0000000000;  0.0000000000;  0.0000000000;  0.0000000000;  0.0000000000;  0.0000000000;  0.0000000000;  0.0000000000;  0.0000000000;  0.0000000000;  0.0000000000
270.00;  0.0000000000;  0.0000000000;  0.0000000000;  0.0000000000;  0.0000000000;  0.0000000000;  0.0000000000;  0.0000000000;  0.0000000000;  0.0000000000;  0.0000000000;  0.0000000000
271.00;  0.0000000000;  0.0000000000;  0.0000000000;  0.0000000000;  0.0000000000;  0.0000000000;  0.0000000000;  0.0000000000;  0.0000000000;  0.0000000000;  0.0000000000;  0.0000000000
272.00;  0.0000000000;  0.0000000000;  0.0000000000;  0.0000000000;  0.0000000000;  0.0000000000;  0.0000000000;  0.0000000000;  0.0000000000;  0.0000000000;  0.0000000000;  0.0000000000
273.00;  0.0000000000;  0.0000000000;  0.0000000000;  0.0000000000;  0.0000000000;  0.0000000000;  0.0000000000;  0.0000000000;  0.0000000000;  0.0000000000;  0.0000000000;  0.0000000000
274.00;  0.0000000000;  0.0000000000;  0.0000000000;  0.0000000000;  0.0000000000;  0.0000000000;  0.0000000000;  0.0000000000;  0.0000000000;  0.0000000000;  0.0000000000;  0.0000000000
275.00;  0.0000000000;  0.0000000000;  0.0000000000;  0.0000000000;  0.0000000000;  0.0000000000;  0.0000000000;  0.0000000000;  0.0000000000;  0.0000000000;  0.0000000000;  0.0000000000
276.00;  0.0000000000;  0.0000000000;  0.0000000000;  0.0000000000;  0.0000000000;  0.0000000000;  0.0000000000;  0.0000000000;  0.0000000000;  0.0000000000;  0.0000000000;  0.0000000000
277.00;  0.0000000000;  0.0000000000;  0.0000000000;  0.0000000000;  0.0000000000;  0.0000000000;  0.0000000000;  0.0000000000;  0.0000000000;  0.0000000000;  0.0000000000;  0.0000000000
278.00;  0.0000000000;  0.0000000000;  0.0000000000;  0.0000000000;  0.0000000000;  0.0000000000;  0.0000000000;  0.0000000000;  0.0000000000;  0.0000000000;  0.0000000000;  0.0000000000
279.00;  0.0000000000;  0.0000000000;  0.0000000000;  0.0000000000;  0.0000000000;  0.0000000000;  0.0000000000;  0.0000000000;  0.0000000000;  0.0000000000;  0.0000000000;  0.0000000000
280.00;  0.0000000000;  0.0000000000;  0.0000000000;  0.0000000000;  0.0000000000;  0.0000000000;  0.0000000000;  0.0000000000;  0.0000000000;  0.0000000000;  0.0000000000;  0.0000000000
281.00;  0.0000000000;  0.0000000000;  0.0000000000;  0.0000000000;  0.0000000000;  0.0000000000;  0.0000000000;  0.0000000000;  0.0000000000;  0.0000000000;  0.0000000000;  0.0000000000
282.00;  0.0000000000;  0.0000000000;  0.0000000000;  0.0000000000;  0.0000000000;  0.0000000000;  0.0000000000;  0.0000000000;  0.0000000000;  0.0000000000;  0.0000000000;  0.0000000000
283.00;  0.0000000000;  0.0000000000;  0.0000000000;  0.0000000000;  0.0000000000;  0.0000000000;  0.0000000000;  0.0000000000;  0.0000000000;  0.0000000000;  0.0000000000;  0.0000000000
284.00;  0.0000000000;  0.0000000000;  0.0000000000;  0.0000000000;  0.0000000000;  0.0000000000;  0.0000000000;  0.0000000000;  0.0000000000;  0.0000000000;  0.0000000000;  0.0000000000
285.00;  0.0000000000;  0.0000000000;  0.0000000000;  0.0000000000;  0.0000000000;  0.0000000000;  0.0000000000;  0.0000000000;  0.0000000000;  0.0000000000;  0.0000000000;  0.0000000000
286.00;  0.0000000000;  0.0000000000;  0.0000000000;  0.0000000000;  0.0000000000;  0.0000000000;  0.0000000000;  0.0000000000;  0.0000000000;  0.0000000000;  0.0000000000;  0.0000000000
287.00;  0.0000000000;  0.0000000000;  0.0000000000;  0.0000000000;  0.0000000000;  0.0000000000;  0.0000000000;  0.0000000000;  0.0000000000;  0.0000000000;  0.0000000000;  0.0000000000
288.00;  0.0000000000;  0.0000000000;  0.0000000000;  0.0000000000;  0.0000000000;  0.0000000000;  0.0000000000;  0.0000000000;  0.0000000000;  0.0000000000;  0.0000000000;  0.0000000000
289.00;  0.0000000000;  0.0000000000;  0.0000000000;  0.0000000000;  0.0000000000;  0.0000000000;  0.0000000000;  0.0000000000;  0.0000000000;  0.0000000000;  0.0000000000;  0.0000000000
290.00;  0.0000000000;  0.0000000000;  0.0000000000;  0.0000000000;  0.0000000000;  0.0000000000;  0.0000000000;  0.0000000000;  0.0000000000;  0.0000000000;  0.0000000000;  0.0000000000
291.00;  0.0000000000;  0.0000000000;  0.0000000000;  0.0000000000;  0.0000000000;  0.0000000000;  0.0000000000;  0.0000000000;  0.0000000000;  0.0000000000;  0.0000000000;  0.0000000000
292.00;  0.0000000000;  0.0000000000;  0.0000000000;  0.0000000000;  0.0000000000;  0.0000000000;  0.0000000000;  0.0000000000;  0.0000000000;  0.0000000000;  0.0000000000;  0.0000000000
293.00;  0.0000000000;  0.0000000000;  0.0000000000;  0.0000000000;  0.0000000000;  0.0000000000;  0.0000000000;  0.0000000000;  0.0000000000;  0.0000000000;  0.0000000000;  0.0000000000
294.00;  0.0000000000;  0.0000000000;  0.0000000000;  0.0000000000;  0.0000000000;  0.0000000000;  0.0000000000;  0.0000000000;  0.0000000000;  0.0000000000;  0.0000000000;  0.0000000000
295.00;  0.0000000000;  0.0000000000;  0.0000000000;  0.0000000000;  0.0000000000;  0.0000000000;  0.0000000000;  0.0000000000;  0.0000000000;  0.0000000000;  0.0000000000;  0.0000000000
296.00;  0.0000000000;  0.0000000000;  0.0000000000;  0.0000000000;  0.0000000000;  0.0000000000;  0.0000000000;  0.0000000000;  0.0000000000;  0.0000000000;  0.0000000000;  0.0000000000
297.00;  0.0000000000;  0.0000000000;  0.0000000000;  0.0000000000;  0.0000000000;  0.0000000000;  0.0000000000;  0.0000000000;  0.0000000000;  0.0000000000;  0.0000000000;  0.0000000000
298.00;  0.0000000000;  0.0000000000;  0.0000000000;  0.0000000000;  0.0000000000;  0.0000000000;  0.0000000000;  0.0000000000;  0.0000000000;  0.0000000000;  0.0000000000;  0.0000000000
299.00;  0.0000000000;  0.0000000000;  0.0000000000;  0.0000000000;  0.0000000000;  0.0000000000;  0.0000000000;  0.0000000000;  0.0000000000;  0.0000000000;  0.0000000000;  0.0000000000
300.00;  0.0000000000;  0.0000000000;  0.0000000000;  0.0000000000;  0.0000000000;  0.0000000000;  0.0000000000;  0.0000000000;  0.0000000000;  0.0000000000;  0.0000000000;  0.0000000000
301.00;  0.0000000000;  0.0000000000;  0.0000000000;  0.0000000000;  0.0000000000;  0.0000000000;  0.0000000000;  0.0000000000;  0.0000000000;  0.0000000000;  0.0000000000;  0.0000000000
302.00;  0.0000000000;  0.0000000000;  0.0000000000;  0.0000000000;  0.0000000000;  0.0000000000;  0.0000000000;  0.0000000000;  0.0000000000;  0.0000000000;  0.0000000000;  0.0000000000
303.00;  0.0000000000;  0.0000000000;  0.0000000000;  0.0000000000;  0.0000000000;  0.0000000000;  0.0000000000;  0.0000000000;  0.0000000000;  0.0000000000;  0.0000000000;  0.0000000000
304.00;  0.0000000000;  0.0000000000;  0.0000000000;  0.0000000000;  0.0000000000;  0.0000000000;  0.0000000000;  0.0000000000;  0.0000000000;  0.0000000000;  0.0000000000;  0.0000000000
305.00;  0.0000000000;  0.0000000000;  0.0000000000;  0.0000000000;  0.0000000000;  0.0000000000;  0.0000000000;  0.0000000000;  0.0000000000;  0.0000000000;  0.0000000000;  0.0000000000
306.00;  0.0000000000;  0.0000000000;  0.0000000000;  0.0000000000;  0.0000000000;  0.0000000000;  0.0000000000;  0.0000000000;  0.0000000000;  0.0000000000;  0.0000000000;  0.0000000000
307.00;  0.0000000000;  0.0000000000;  0.0000000000;  0.0000000000;  0.0000000000;  0.0000000000;  0.0000000000;  0.0000000000;  0.0000000000;  0.0000000000;  0.0000000000;  0.0000000000
308.00;  0.0000000000;  0.0000000000;  0.0000000000;  0.0000000000;  0.0000000000;  0.0000000000;  0.0000000000;  0.0000000000;  0.0000000000;  0.0000000000;  0.0000000000;  0.0000000000
309.00;  0.0000000000;  0.0000000000;  0.0000000000;  0.0000000000;  0.0000000000;  0.0000000000;  0.0000000000;  0.0000000000;  0.0000000000;  0.0000000000;  0.0000000000;  0.0000000000
310.00;  0.0000000000;  0.0000000000;  0.0000000000;  0.0000000000;  0.0000000000;  0.0000000000;  0.0000000000;  0.0000000000;  0.0000000000;  0.0000000000;  0.0000000000;  0.0000000000
311.00;  0.0000000000;  0.0000000000;  0.0000000000;  0.0000000000;  0.0000000000;  0.0000000000;  0.0000000000;  0.0000000000;  0.0000000000;  0.0000000000;  0.0000000000;  0.0000000000
312.00;  0.0000000000;  0.0000000000;  0.0000000000;  0.0000000000;  0.0000000000;  0.0000000000;  0.0000000000;  0.0000000000;  0.0000000000;  0.0000000000;  0.0000000000;  0.0000000000
313.00;  0.0000000000;  0.0000000000;  0.0000000000;  0.0000000000;  0.0000000000;  0.0000000000;  0.0000000000;  0.0000000000;  0.0000000000;  0.0000000000;  0.0000000000;  0.0000000000
314.00;  0.0000000000;  0.0000000000;  0.0000000000;  0.0000000000;  0.0000000000;  0.0000000000;  0.0000000000;  0.0000000000;  0.0000000000;  0.0000000000;  0.0000000000;  0.0000000000
315.00;  0.0000000000;  0.0000000000;  0.0000000000;  0.0000000000;  0.0000000000;  0.0000000000;  0.0000000000;  0.0000000000;  0.0000000000;  0.0000000000;  0.0000000000;  0.0000000000
316.00;  0.0000000000;  0.0000000000;  0.0000000000;  0.0000000000;  0.0000000000;  0.0000000000;  0.0000000000;  0.0000000000;  0.0000000000;  0.0000000000;  0.0000000000;  0.0000000000
317.00;  0.0000000000;  0.0000000000;  0.0000000000;  0.0000000000;  0.0000000000;  0.0000000000;  0.0000000000;  0.0000000000;  0.0000000000;  0.0000000000;  0.0000000000;  0.0000000000
318.00;  0.0000000000;  0.0000000000;  0.0000000000;  0.0000000000;  0.0000000000;  0.0000000000;  0.0000000000;  0.0000000000;  0.0000000000;  0.0000000000;  0.0000000000;  0.0000000000
319.00;  0.0000000000;  0.0000000000;  0.0000000000;  0.0000000000;  0.0000000000;  0.0000000000;  0.0000000000;  0.0000000000;  0.0000000000;  0.0000000000;  0.0000000000;  0.0000000000
320.00;  0.0000000000;  0.0000000000;  0.0000000000;  0.0000000000;  0.0000000000;  0.0000000000;  0.0000000000;  0.0000000000;  0.0000000000;  0.0000000000;  0.0000000000;  0.0000000000
321.00;  0.0000000000;  0.0000000000;  0.0000000000;  0.0000000000;  0.0000000000;  0.0000000000;  0.0000000000;  0.0000000000;  0.0000000000;  0.0000000000;  0.0000000000;  0.0000000000
322.00;  0.0000000000;  0.0000000000;  0.0000000000;  0.0000000000;  0.0000000000;  0.0000000000;  0.0000000000;  0.0000000000;  0.0000000000;  0.0000000000;  0.0000000000;  0.0000000000
323.00;  0.0000000000;  0.0000000000;  0.0000000000;  0.0000000000;  0.0000000000;  0.0000000000;  0.0000000000;  0.0000000000;  0.0000000000;  0.0000000000;  0.0000000000;  0.0000000000
324.00;  0.0000000000;  0.0000000000;  0.0000000000;  0.0000000000;  0.0000000000;  0.0000000000;  0.0000000000;  0.0000000000;  0.0000000000;  0.0000000000;  0.0000000000;  0.0000000000
325.00;  0.0000000000;  0.0000000000;  0.0000000000;  0.0000000000;  0.0000000000;  0.0000000000;  0.0000000000;  0.0000000000;  0.0000000000;  0.0000000000;  0.0000000000;  0.0000000000
326.00;  0.0000000000;  0.0000000000;  0.0000000000;  0.0000000000;  0.0000000000;  0.0000000000;  0.0000000000;  0.0000000000;  0.0000000000;  0.0000000000;  0.0000000000;  0.0000000000
327.00;  0.0000000000;  0.0000000000;  0.0000000000;  0.0000000000;  0.0000000000;  0.0000000000;  0.0000000000;  0.0000000000;  0.0000000000;  0.0000000000;  0.0000000000;  0.0000000000
328.00;  0.0000000000;  0.0000000000;  0.0000000000;  0.0000000000;  0.0000000000;  0.0000000000;  0.0000000000;  0.0000000000;  0.0000000000;  0.0000000000;  0.0000000000;  0.0000000000
329.00;  0.0000000000;  0.0000000000;  0.0000000000;  0.0000000000;  0.0000000000;  0.0000000000;  0.0000000000;  0.0000000000;  0.0000000000;  0.0000000000;  0.0000000000;  0.0000000000
330.00;  0.0000000000;  0.0000000000;  0.0000000000;  0.0000000000;  0.0000000000;  0.0000000000;  0.0000000000;  0.0000000000;  0.0000000000;  0.0000000000;  0.0000000000;  0.0000000000
331.00;  0.0000000000;  0.0000000000;  0.0000000000;  0.0000000000;  0.0000000000;  0.0000000000;  0.0000000000;  0.0000000000;  0.0000000000;  0.0000000000;  0.0000000000;  0.0000000000
332.00;  0.0000000000;  0.0000000000;  0.0000000000;  0.0000000000;  0.0000000000;  0.0000000000;  0.0000000000;  0.0000000000;  0.0000000000;  0.0000000000;  0.0000000000;  0.0000000000
333.00;  0.0000000000;  0.0000000000;  0.0000000000;  0.0000000000;  0.0000000000;  0.0000000000;  0.0000000000;  0.0000000000;  0.0000000000;  0.0000000000;  0.0000000000;  0.0000000000
334.00;  0.0000000000;  0.0000000000;  0.0000000000;  0.0000000000;  0.0000000000;  0.0000000000;  0.0000000000;  0.0000000000;  0.0000000000;  0.0000000000;  0.0000000000;  0.0000000000
335.00;  0.0000000000;  0.0000000000;  0.0000000000;  0.0000000000;  0.0000000000;  0.0000000000;  0.0000000000;  0.0000000000;  0.0000000000;  0.0000000000;  0.0000000000;  0.0000000000
336.00;  0.0000000000;  0.0000000000;  0.0000000000;  0.0000000000;  0.0000000000;  0.0000000000;  0.0000000000;  0.0000000000;  0.0000000000;  0.0000000000;  0.0000000000;  0.0000000000
337.00;  0.0000000000;  0.0000000000;  0.0000000000;  0.0000000000;  0.0000000000;  0.0000000000;  0.0000000000;  0.0000000000;  0.0000000000;  0.0000000000;  0.0000000000;  0.0000000000
338.00;  0.0000000000;  0.0000000000;  0.0000000000;  0.0000000000;  0.0000000000;  0.0000000000;  0.0000000000;  0.0000000000;  0.0000000000;  0.0000000000;  0.0000000000;  0.0000000000
339.00;  0.0000000000;  0.0000000000;  0.0000000000;  0.0000000000;  0.0000000000;  0.0000000000;  0.0000000000;  0.0000000000;  0.0000000000;  0.0000000000;  0.0000000000;  0.0000000000
340.00;  0.0000000000;  0.0000000000;  0.0000000000;  0.0000000000;  0.0000000000;  0.0000000000;  0.0000000000;  0.0000000000;  0.0000000000;  0.0000000000;  0.0000000000;  0.0000000000
341.00;  0.0000000000;  0.0000000000;  0.0000000000;  0.0000000000;  0.0000000000;  0.0000000000;  0.0000000000;  0.0000000000;  0.0000000000;  0.0000000000;  0.0000000000;  0.0000000000
342.00;  0.0000000000;  0.0000000000;  0.0000000000;  0.0000000000;  0.0000000000;  0.0000000000;  0.0000000000;  0.0000000000;  0.0000000000;  0.0000000000;  0.0000000000;  0.0000000000
343.00;  0.0000000000;  0.0000000000;  0.0000000000;  0.0000000000;  0.0000000000;  0.0000000000;  0.0000000000;  0.0000000000;  0.0000000000;  0.0000000000;  0.0000000000;  0.0000000000
344.00;  0.0000000000;  0.0000000000;  0.0000000000;  0.0000000000;  0.0000000000;  0.0000000000;  0.0000000000;  0.0000000000;  0.0000000000;  0.0000000000;  0.0000000000;  0.0000000000
345.00;  0.0000000000;  0.0000000000;  0.0000000000;  0.0000000000;  0.0000000000;  0.0000000000;  0.0000000000;  0.0000000000;  0.0000000000;  0.0000000000;  0.0000000000;  0.0000000000
346.00;  0.0000000000;  0.0000000000;  0.0000000000;  0.0000000000;  0.0000000000;  0.0000000000;  0.0000000000;  0.0000000000;  0.0000000000;  0.0000000000;  0.0000000000;  0.0000000000
347.00;  0.0000000000;  0.0000000000;  0.0000000000;  0.0000000000;  0.0000000000;  0.0000000000;  0.0000000000;  0.0000000000;  0.0000000000;  0.0000000000;  0.0000000000;  0.0000000000
348.00;  0.0000000000;  0.0000000000;  0.0000000000;  0.0000000000;  0.0000000000;  0.0000000000;  0.0000000000;  0.0000000000;  0.0000000000;  0.0000000000;  0.0000000000;  0.0000000000
349.00;  0.0000000000;  0.0000000000;  0.0000000000;  0.0000000000;  0.0000000000;  0.0000000000;  0.0000000000;  0.0000000000;  0.0000000000;  0.0000000000;  0.0000000000;  0.0000000000
350.00;  0.0000000000;  0.0000000000;  0.0000000000;  0.0000000000;  0.0000000000;  0.0000000000;  0.0000000000;  0.0000000000;  0.0000000000;  0.0000000000;  0.0000000000;  0.0000000000
351.00;  0.0000000000;  0.0000000000;  0.0000000000;  0.0000000000;  0.0000000000;  0.0000000000;  0.0000000000;  0.0000000000;  0.0000000000;  0.0000000000;  0.0000000000;  0.0000000000
352.00;  0.0000000000;  0.0000000000;  0.0000000000;  0.0000000000;  0.0000000000;  0.0000000000;  0.0000000000;  0.0000000000;  0.0000000000;  0.0000000000;  0.0000000000;  0.0000000000
353.00;  0.0000000000;  0.0000000000;  0.0000000000;  0.0000000000;  0.0000000000;  0.0000000000;  0.0000000000;  0.0000000000;  0.0000000000;  0.0000000000;  0.0000000000;  0.0000000000
354.00;  0.0000000000;  0.0000000000;  0.0000000000;  0.0000000000;  0.0000000000;  0.0000000000;  0.0000000000;  0.0000000000;  0.0000000000;  0.0000000000;  0.0000000000;  0.0000000000
355.00;  0.0000000000;  0.0000000000;  0.0000000000;  0.0000000000;  0.0000000000;  0.0000000000;  0.0000000000;  0.0000000000;  0.0000000000;  0.0000000000;  0.0000000000;  0.0000000000
356.00;  0.0000000000;  0.0000000000;  0.0000000000;  0.0000000000;  0.0000000000;  0.0000000000;  0.0000000000;  0.0000000000;  0.0000000000;  0.0000000000;  0.0000000000;  0.0000000000
357.00;  0.0000000000;  0.0000000000;  0.0000000000;  0.0000000000;  0.0000000000;  0.0000000000;  0.0000000000;  0.0000000000;  0.0000000000;  0.0000000000;  0.0000000000;  0.0000000000
358.00;  0.0000000000;  0.0000000000;  0.0000000000;  0.0000000000;  0.0000000000;  0.0000000000;  0.0000000000;  0.0000000000;  0.0000000000;  0.0000000000;  0.0000000000;  0.0000000000
359.00;  0.0000000000;  0.0000000000;  0.0000000000;  0.0000000000;  0.0000000000;  0.0000000000;  0.0000000000;  0.0000000000;  0.0000000000;  0.0000000000;  0.0000000000;  0.0000000000
360.00;  0.0000000000;  0.0000000000;  0.0000000000;  0.0000000000;  0.0000000000;  0.0000000000;  0.0000000000;  0.0000000000;  0.0000000000;  0.0000000000;  0.0000000000;  0.0000000000
361.00;  0.0000000000;  0.0000000000;  0.0000000000;  0.0000000000;  0.0000000000;  0.0000000000;  0.0000000000;  0.0000000000;  0.0000000000;  0.0000000000;  0.0000000000;  0.0000000000
362.00;  0.0000000000;  0.0000000000;  0.0000000000;  0.0000000000;  0.0000000000;  0.0000000000;  0.0000000000;  0.0000000000;  0.0000000000;  0.0000000000;  0.0000000000;  0.0000000000
363.00;  0.0000000000;  0.0000000000;  0.0000000000;  0.0000000000;  0.0000000000;  0.0000000000;  0.0000000000;  0.0000000000;  0.0000000000;  0.0000000000;  0.0000000000;  0.0000000000
364.00;  0.0000000000;  0.0000000000;  0.0000000000;  0.0000000000;  0.0000000000;  0.0000000000;  0.0000000000;  0.0000000000;  0.0000000000;  0.0000000000;  0.0000000000;  0.0000000000
365.00;  0.0000000000;  0.0000000000;  0.0000000000;  0.0000000000;  0.0000000000;  0.0000000000;  0.0000000000;  0.0000000000;  0.0000000000;  0.0000000000;  0.0000000000;  0.0000000000
366.00;  0.0000000000;  0.0000000000;  0.0000000000;  0.0000000000;  0.0000000000;  0.0000000000;  0.0000000000;  0.0000000000;  0.0000000000;  0.0000000000;  0.0000000000;  0.0000000000
367.00;  0.0000000000;  0.0000000000;  0.0000000000;  0.0000000000;  0.0000000000;  0.0000000000;  0.0000000000;  0.0000000000;  0.0000000000;  0.0000000000;  0.0000000000;  0.0000000000
368.00;  0.0000000000;  0.0000000000;  0.0000000000;  0.0000000000;  0.0000000000;  0.0000000000;  0.0000000000;  0.0000000000;  0.0000000000;  0.0000000000;  0.0000000000;  0.0000000000
369.00;  0.0000000000;  0.0000000000;  0.0000000000;  0.0000000000;  0.0000000000;  0.0000000000;  0.0000000000;  0.0000000000;  0.0000000000;  0.0000000000;  0.0000000000;  0.0000000000
370.00;  0.0000000000;  0.0000000000;  0.0000000000;  0.0000000000;  0.0000000000;  0.0000000000;  0.0000000000;  0.0000000000;  0.0000000000;  0.0000000000;  0.0000000000;  0.0000000000
371.00;  0.0000000000;  0.0000000000;  0.0000000000;  0.0000000000;  0.0000000000;  0.0000000000;  0.0000000000;  0.0000000000;  0.0000000000;  0.0000000000;  0.0000000000;  0.0000000000
372.00;  0.0000000000;  0.0000000000;  0.0000000000;  0.0000000000;  0.0000000000;  0.0000000000;  0.0000000000;  0.0000000000;  0.0000000000;  0.0000000000;  0.0000000000;  0.0000000000
373.00;  0.0000000000;  0.0000000000;  0.0000000000;  0.0000000000;  0.0000000000;  0.0000000000;  0.0000000000;  0.0000000000;  0.0000000000;  0.0000000000;  0.0000000000;  0.0000000000
374.00;  0.0000000000;  0.0000000000;  0.0000000000;  0.0000000000;  0.0000000000;  0.0000000000;  0.0000000000;  0.0000000000;  0.0000000000;  0.0000000000;  0.0000000000;  0.0000000000
375.00;  0.0000000000;  0.0000000000;  0.0000000000;  0.0000000000;  0.0000000000;  0.0000000000;  0.0000000000;  0.0000000000;  0.0000000000;  0.0000000000;  0.0000000000;  0.0000000000
376.00;  0.0000000000;  0.0000000000;  0.0000000000;  0.0000000000;  0.0000000000;  0.0000000000;  0.0000000000;  0.0000000000;  0.0000000000;  0.0000000000;  0.0000000000;  0.0000000000
377.00;  0.0000000000;  0.0000000000;  0.0000000000;  0.0000000000;  0.0000000000;  0.0000000000;  0.0000000000;  0.0000000000;  0.0000000000;  0.0000000000;  0.0000000000;  0.0000000000
378.00;  0.0000000000;  0.0000000000;  0.0000000000;  0.0000000000;  0.0000000000;  0.0000000000;  0.0000000000;  0.0000000000;  0.0000000000;  0.0000000000;  0.0000000000;  0.0000000000
379.00;  0.0000000000;  0.0000000000;  0.0000000000;  0.0000000000;  0.0000000000;  0.0000000000;  0.0000000000;  0.0000000000;  0.0000000000;  0.0000000000;  0.0000000000;  0.0000000000
380.00;  0.0000000000;  0.0000000000;  0.0000000000;  0.0000000000;  0.0000000000;  0.0000000000;  0.0000000000;  0.0000000000;  0.0000000000;  0.0000000000;  0.0000000000;  0.0000000000
381.00;  0.0000000000;  0.0000000000;  0.0000000000;  0.0000000000;  0.0000000000;  0.0000000000;  0.0000000000;  0.0000000000;  0.0000000000;  0.0000000000;  0.0000000000;  0.0000000000
382.00;  0.0000000000;  0.0000000000;  0.0000000000;  0.0000000000;  0.0000000000;  0.0000000000;  0.0000000000;  0.0000000000;  0.0000000000;  0.0000000000;  0.0000000000;  0.0000000000
383.00;  0.0000000000;  0.0000000000;  0.0000000000;  0.0000000000;  0.0000000000;  0.0000000000;  0.0000000000;  0.0000000000;  0.0000000000;  0.0000000000;  0.0000000000;  0.0000000000
384.00;  0.0000000000;  0.0000000000;  0.0000000000;  0.0000000000;  0.0000000000;  0.0000000000;  0.0000000000;  0.0000000000;  0.0000000000;  0.0000000000;  0.0000000000;  0.0000000000
385.00;  0.0000000000;  0.0000000000;  0.0000000000;  0.0000000000;  0.0000000000;  0.0000000000;  0.0000000000;  0.0000000000;  0.0000000000;  0.0000000000;  0.0000000000;  0.0000000000
386.00;  0.0000000000;  0.0000000000;  0.0000000000;  0.0000000000;  0.0000000000;  0.0000000000;  0.0000000000;  0.0000000000;  0.0000000000;  0.0000000000;  0.0000000000;  0.0000000000
387.00;  0.0000000000;  0.0000000000;  0.0000000000;  0.0000000000;  0.0000000000;  0.0000000000;  0.0000000000;  0.0000000000;  0.0000000000;  0.0000000000;  0.0000000000;  0.0000000000
388.00;  0.0000000000;  0.0000000000;  0.0000000000;  0.0000000000;  0.0000000000;  0.0000000000;  0.0000000000;  0.0000000000;  0.0000000000;  0.0000000000;  0.0000000000;  0.0000000000
389.00;  0.0000000000;  0.0000000000;  0.0000000000;  0.0000000000;  0.0000000000;  0.0000000000;  0.0000000000;  0.0000000000;  0.0000000000;  0.0000000000;  0.0000000000;  0.0000000000
390.00;  0.0000000000;  0.0000000000;  0.0000000000;  0.0000000000;  0.0000000000;  0.0000000000;  0.0000000000;  0.0000000000;  0.0000000000;  0.0000000000;  0.0000000000;  0.0000000000
391.00;  0.0000000000;  0.0000000000;  0.0000000000;  0.0000000000;  0.0000000000;  0.0000000000;  0.0000000000;  0.0000000000;  0.0000000000;  0.0000000000;  0.0000000000;  0.0000000000
392.00;  0.0000000000;  0.0000000000;  0.0000000000;  0.0000000000;  0.0000000000;  0.0000000000;  0.0000000000;  0.0000000000;  0.0000000000;  0.0000000000;  0.0000000000;  0.0000000000
393.00;  0.0000000000;  0.0000000000;  0.0000000000;  0.0000000000;  0.0000000000;  0.0000000000;  0.0000000000;  0.0000000000;  0.0000000000;  0.0000000000;  0.0000000000;  0.0000000000
394.00;  0.0000000000;  0.0000000000;  0.0000000000;  0.0000000000;  0.0000000000;  0.0000000000;  0.0000000000;  0.0000000000;  0.0000000000;  0.0000000000;  0.0000000000;  0.0000000000
395.00;  0.0000000000;  0.0000000000;  0.0000000000;  0.0000000000;  0.0000000000;  0.0000000000;  0.0000000000;  0.0000000000;  0.0000000000;  0.0000000000;  0.0000000000;  0.0000000000
396.00;  0.0000000000;  0.0000000000;  0.0000000000;  0.0000000000;  0.0000000000;  0.0000000000;  0.0000000000;  0.0000000000;  0.0000000000;  0.0000000000;  0.0000000000;  0.0000000000
397.00;  0.0000000000;  0.0000000000;  0.0000000000;  0.0000000000;  0.0000000000;  0.0000000000;  0.0000000000;  0.0000000000;  0.0000000000;  0.0000000000;  0.0000000000;  0.0000000000
398.00;  0.0000000000;  0.0000000000;  0.0000000000;  0.0000000000;  0.0000000000;  0.0000000000;  0.0000000000;  0.0000000000;  0.0000000000;  0.0000000000;  0.0000000000;  0.0000000000
399.00;  0.0000000000;  0.0000000000;  0.0000000000;  0.0000000000;  0.0000000000;  0.0000000000;  0.0000000000;  0.0000000000;  0.0000000000;  0.0000000000;  0.0000000000;  0.0000000000
400.00;  0.0000000000;  0.0000000000;  0.0000000000;  0.0000000000;  0.0000000000;  0.0000000000;  0.0000000000;  0.0000000000;  0.0000000000;  0.0000000000;  0.0000000000;  0.0000000000
401.00;  0.0000000000;  0.0000000000;  0.0000000000;  0.0000000000;  0.0000000000;  0.0000000000;  0.0000000000;  0.0000000000;  0.0000000000;  0.0000000000;  0.0000000000;  0.0000000000
402.00;  0.0000000000;  0.0000000000;  0.0000000000;  0.0000000000;  0.0000000000;  0.0000000000;  0.0000000000;  0.0000000000;  0.0000000000;  0.0000000000;  0.0000000000;  0.0000000000
403.00;  0.0000000000;  0.0000000000;  0.0000000000;  0.0000000000;  0.0000000000;  0.0000000000;  0.0000000000;  0.0000000000;  0.0000000000;  0.0000000000;  0.0000000000;  0.0000000000
404.00;  0.0000000000;  0.0000000000;  0.0000000000;  0.0000000000;  0.0000000000;  0.0000000000;  0.0000000000;  0.0000000000;  0.0000000000;  0.0000000000;  0.0000000000;  0.0000000000
405.00;  0.0000000000;  0.0000000000;  0.0000000000;  0.0000000000;  0.0000000000;  0.0000000000;  0.0000000000;  0.0000000000;  0.0000000000;  0.0000000000;  0.0000000000;  0.0000000000
406.00;  0.0000000000;  0.0000000000;  0.0000000000;  0.0000000000;  0.0000000000;  0.0000000000;  0.0000000000;  0.0000000000;  0.0000000000;  0.0000000000;  0.0000000000;  0.0000000000
407.00;  0.0000000000;  0.0000000000;  0.0000000000;  0.0000000000;  0.0000000000;  0.0000000000;  0.0000000000;  0.0000000000;  0.0000000000;  0.0000000000;  0.0000000000;  0.0000000000
408.00;  0.0000000000;  0.0000000000;  0.0000000000;  0.0000000000;  0.0000000000;  0.0000000000;  0.0000000000;  0.0000000000;  0.0000000000;  0.0000000000;  0.0000000000;  0.0000000000
409.00;  0.0000000000;  0.0000000000;  0.0000000000;  0.0000000000;  0.0000000000;  0.0000000000;  0.0000000000;  0.0000000000;  0.0000000000;  0.0000000000;  0.0000000000;  0.0000000000
410.00;  0.0000000000;  0.0000000000;  0.0000000000;  0.0000000000;  0.0000000000;  0.0000000000;  0.0000000000;  0.0000000000;  0.0000000000;  0.0000000000;  0.0000000000;  0.0000000000
411.00;  0.0000000000;  0.0000000000;  0.0000000000;  0.0000000000;  0.0000000000;  0.0000000000;  0.0000000000;  0.0000000000;  0.0000000000;  0.0000000000;  0.0000000000;  0.0000000000
412.00;  0.0000000000;  0.0000000000;  0.0000000000;  0.0000000000;  0.0000000000;  0.0000000000;  0.0000000000;  0.0000000000;  0.0000000000;  0.0000000000;  0.0000000000;  0.0000000000
413.00;  0.0000000000;  0.0000000000;  0.0000000000;  0.0000000000;  0.0000000000;  0.0000000000;  0.0000000000;  0.0000000000;  0.0000000000;  0.0000000000;  0.0000000000;  0.0000000000
414.00;  0.0000000000;  0.0000000000;  0.0000000000;  0.0000000000;  0.0000000000;  0.0000000000;  0.0000000000;  0.0000000000;  0.0000000000;  0.0000000000;  0.0000000000;  0.0000000000
415.00;  0.0000000000;  0.0000000000;  0.0000000000;  0.0000000000;  0.0000000000;  0.0000000000;  0.0000000000;  0.0000000000;  0.0000000000;  0.0000000000;  0.0000000000;  0.0000000000
416.00;  0.0000000000;  0.0000000000;  0.0000000000;  0.0000000000;  0.0000000000;  0.0000000000;  0.0000000000;  0.0000000000;  0.0000000000;  0.0000000000;  0.0000000000;  0.0000000000
417.00;  0.0000000000;  0.0000000000;  0.0000000000;  0.0000000000;  0.0000000000;  0.0000000000;  0.0000000000;  0.0000000000;  0.0000000000;  0.0000000000;  0.0000000000;  0.0000000000
418.00;  0.0000000000;  0.0000000000;  0.0000000000;  0.0000000000;  0.0000000000;  0.0000000000;  0.0000000000;  0.0000000000;  0.0000000000;  0.0000000000;  0.0000000000;  0.0000000000
419.00;  0.0000000000;  0.0000000000;  0.0000000000;  0.0000000000;  0.0000000000;  0.0000000000;  0.0000000000;  0.0000000000;  0.0000000000;  0.0000000000;  0.0000000000;  0.0000000000
420.00;  0.0000000000;  0.0000000000;  0.0000000000;  0.0000000000;  0.0000000000;  0.0000000000;  0.0000000000;  0.0000000000;  0.0000000000;  0.0000000000;  0.0000000000;  0.0000000000
421.00;  0.0000000000;  0.0000000000;  0.0000000000;  0.0000000000;  0.0000000000;  0.0000000000;  0.0000000000;  0.0000000000;  0.0000000000;  0.0000000000;  0.0000000000;  0.0000000000
422.00;  0.0000000000;  0.0000000000;  0.0000000000;  0.0000000000;  0.0000000000;  0.0000000000;  0.0000000000;  0.0000000000;  0.0000000000;  0.0000000000;  0.0000000000;  0.0000000000
423.00;  0.0000000000;  0.0000000000;  0.0000000000;  0.0000000000;  0.0000000000;  0.0000000000;  0.0000000000;  0.0000000000;  0.0000000000;  0.0000000000;  0.0000000000;  0.0000000000
424.00;  0.0000000000;  0.0000000000;  0.0000000000;  0.0000000000;  0.0000000000;  0.0000000000;  0.0000000000;  0.0000000000;  0.0000000000;  0.0000000000;  0.0000000000;  0.0000000000
425.00;  0.0000000000;  0.0000000000;  0.0000000000;  0.0000000000;  0.0000000000;  0.0000000000;  0.0000000000;  0.0000000000;  0.0000000000;  0.0000000000;  0.0000000000;  0.0000000000
426.00;  0.0000000000;  0.0000000000;  0.0000000000;  0.0000000000;  0.0000000000;  0.0000000000;  0.0000000000;  0.0000000000;  0.0000000000;  0.0000000000;  0.0000000000;  0.0000000000
427.00;  0.0000000000;  0.0000000000;  0.0000000000;  0.0000000000;  0.0000000000;  0.0000000000;  0.0000000000;  0.0000000000;  0.0000000000;  0.0000000000;  0.0000000000;  0.0000000000
428.00;  0.0000000000;  0.0000000000;  0.0000000000;  0.0000000000;  0.0000000000;  0.0000000000;  0.0000000000;  0.0000000000;  0.0000000000;  0.0000000000;  0.0000000000;  0.0000000000
429.00;  0.0000000000;  0.0000000000;  0.0000000000;  0.0000000000;  0.0000000000;  0.0000000000;  0.0000000000;  0.0000000000;  0.0000000000;  0.0000000000;  0.0000000000;  0.0000000000
430.00;  0.0000000000;  0.0000000000;  0.0000000000;  0.0000000000;  0.0000000000;  0.0000000000;  0.0000000000;  0.0000000000;  0.0000000000;  0.0000000000;  0.0000000000;  0.0000000000
431.00;  0.0000000000;  0.0000000000;  0.0000000000;  0.0000000000;  0.0000000000;  0.0000000000;  0.0000000000;  0.0000000000;  0.0000000000;  0.0000000000;  0.0000000000;  0.0000000000
432.00;  0.0000000000;  0.0000000000;  0.0000000000;  0.0000000000;  0.0000000000;  0.0000000000;  0.0000000000;  0.0000000000;  0.0000000000;  0.0000000000;  0.0000000000;  0.0000000000
433.00;  0.0000000000;  0.0000000000;  0.0000000000;  0.0000000000;  0.0000000000;  0.0000000000;  0.0000000000;  0.0000000000;  0.0000000000;  0.0000000000;  0.0000000000;  0.0000000000
434.00;  0.0000000000;  0.0000000000;  0.0000000000;  0.0000000000;  0.0000000000;  0.0000000000;  0.0000000000;  0.0000000000;  0.0000000000;  0.0000000000;  0.0000000000;  0.0000000000
435.00;  0.0000000000;  0.0000000000;  0.0000000000;  0.0000000000;  0.0000000000;  0.0000000000;  0.0000000000;  0.0000000000;  0.0000000000;  0.0000000000;  0.0000000000;  0.0000000000
436.00;  0.0000000000;  0.0000000000;  0.0000000000;  0.0000000000;  0.0000000000;  0.0000000000;  0.0000000000;  0.0000000000;  0.0000000000;  0.0000000000;  0.0000000000;  0.0000000000
437.00;  0.0000000000;  0.0000000000;  0.0000000000;  0.0000000000;  0.0000000000;  0.0000000000;  0.0000000000;  0.0000000000;  0.0000000000;  0.0000000000;  0.0000000000;  0.0000000000
438.00;  0.0000000000;  0.0000000000;  0.0000000000;  0.0000000000;  0.0000000000;  0.0000000000;  0.0000000000;  0.0000000000;  0.0000000000;  0.0000000000;  0.0000000000;  0.0000000000
439.00;  0.0000000000;  0.0000000000;  0.0000000000;  0.0000000000;  0.0000000000;  0.0000000000;  0.0000000000;  0.0000000000;  0.0000000000;  0.0000000000;  0.0000000000;  0.0000000000
440.00;  0.0000000000;  0.0000000000;  0.0000000000;  0.0000000000;  0.0000000000;  0.0000000000;  0.0000000000;  0.0000000000;  0.0000000000;  0.0000000000;  0.0000000000;  0.0000000000
441.00;  0.0000000000;  0.0000000000;  0.0000000000;  0.0000000000;  0.0000000000;  0.0000000000;  0.0000000000;  0.0000000000;  0.0000000000;  0.0000000000;  0.0000000000;  0.0000000000
442.00;  0.0000000000;  0.0000000000;  0.0000000000;  0.0000000000;  0.0000000000;  0.0000000000;  0.0000000000;  0.0000000000;  0.0000000000;  0.0000000000;  0.0000000000;  0.0000000000
443.00;  0.0000000000;  0.0000000000;  0.0000000000;  0.0000000000;  0.0000000000;  0.0000000000;  0.0000000000;  0.0000000000;  0.0000000000;  0.0000000000;  0.0000000000;  0.0000000000
444.00;  0.0000000000;  0.0000000000;  0.0000000000;  0.0000000000;  0.0000000000;  0.0000000000;  0.0000000000;  0.0000000000;  0.0000000000;  0.0000000000;  0.0000000000;  0.0000000000
445.00;  0.0000000000;  0.0000000000;  0.0000000000;  0.0000000000;  0.0000000000;  0.0000000000;  0.0000000000;  0.0000000000;  0.0000000000;  0.0000000000;  0.0000000000;  0.0000000000
446.00;  0.0000000000;  0.0000000000;  0.0000000000;  0.0000000000;  0.0000000000;  0.0000000000;  0.0000000000;  0.0000000000;  0.0000000000;  0.0000000000;  0.0000000000;  0.0000000000
447.00;  0.0000000000;  0.0000000000;  0.0000000000;  0.0000000000;  0.0000000000;  0.0000000000;  0.0000000000;  0.0000000000;  0.0000000000;  0.0000000000;  0.0000000000;  0.0000000000
448.00;  0.0000000000;  0.0000000000;  0.0000000000;  0.0000000000;  0.0000000000;  0.0000000000;  0.0000000000;  0.0000000000;  0.0000000000;  0.0000000000;  0.0000000000;  0.0000000000
449.00;  0.0000000000;  0.0000000000;  0.0000000000;  0.0000000000;  0.0000000000;  0.0000000000;  0.0000000000;  0.0000000000;  0.0000000000;  0.0000000000;  0.0000000000;  0.0000000000
450.00;  0.0000000000;  0.0000000000;  0.0000000000;  0.0000000000;  0.0000000000;  0.0000000000;  0.0000000000;  0.0000000000;  0.0000000000;  0.0000000000;  0.0000000000;  0.0000000000
451.00;  0.0000000000;  0.0000000000;  0.0000000000;  0.0000000000;  0.0000000000;  0.0000000000;  0.0000000000;  0.0000000000;  0.0000000000;  0.0000000000;  0.0000000000;  0.0000000000
452.00;  0.0000000000;  0.0000000000;  0.0000000000;  0.0000000000;  0.0000000000;  0.0000000000;  0.0000000000;  0.0000000000;  0.0000000000;  0.0000000000;  0.0000000000;  0.0000000000
453.00;  0.0000000000;  0.0000000000;  0.0000000000;  0.0000000000;  0.0000000000;  0.0000000000;  0.0000000000;  0.0000000000;  0.0000000000;  0.0000000000;  0.0000000000;  0.0000000000
454.00;  0.0000000000;  0.0000000000;  0.0000000000;  0.0000000000;  0.0000000000;  0.0000000000;  0.0000000000;  0.0000000000;  0.0000000000;  0.0000000000;  0.0000000000;  0.0000000000
455.00;  0.0000000000;  0.0000000000;  0.0000000000;  0.0000000000;  0.0000000000;  0.0000000000;  0.0000000000;  0.0000000000;  0.0000000000;  0.0000000000;  0.0000000000;  0.0000000000
456.00;  0.0000000000;  0.0000000000;  0.0000000000;  0.0000000000;  0.0000000000;  0.0000000000;  0.0000000000;  0.0000000000;  0.0000000000;  0.0000000000;  0.0000000000;  0.0000000000
457.00;  0.0000000000;  0.0000000000;  0.0000000000;  0.0000000000;  0.0000000000;  0.0000000000;  0.0000000000;  0.0000000000;  0.0000000000;  0.0000000000;  0.0000000000;  0.0000000000
458.00;  0.0000000000;  0.0000000000;  0.0000000000;  0.0000000000;  0.0000000000;  0.0000000000;  0.0000000000;  0.0000000000;  0.0000000000;  0.0000000000;  0.0000000000;  0.0000000000
459.00;  0.0000000000;  0.0000000000;  0.0000000000;  0.0000000000;  0.0000000000;  0.0000000000;  0.0000000000;  0.0000000000;  0.0000000000;  0.0000000000;  0.0000000000;  0.0000000000
460.00;  0.0000000000;  0.0000000000;  0.0000000000;  0.0000000000;  0.0000000000;  0.0000000000;  0.0000000000;  0.0000000000;  0.0000000000;  0.0000000000;  0.0000000000;  0.0000000000
461.00;  0.0000000000;  0.0000000000;  0.0000000000;  0.0000000000;  0.0000000000;  0.0000000000;  0.0000000000;  0.0000000000;  0.0000000000;  0.0000000000;  0.0000000000;  0.0000000000
462.00;  0.0000000000;  0.0000000000;  0.0000000000;  0.0000000000;  0.0000000000;  0.0000000000;  0.0000000000;  0.0000000000;  0.0000000000;  0.0000000000;  0.0000000000;  0.0000000000
463.00;  0.0000000000;  0.0000000000;  0.0000000000;  0.0000000000;  0.0000000000;  0.0000000000;  0.0000000000;  0.0000000000;  0.0000000000;  0.0000000000;  0.0000000000;  0.0000000000
464.00;  0.0000000000;  0.0000000000;  0.0000000000;  0.0000000000;  0.0000000000;  0.0000000000;  0.0000000000;  0.0000000000;  0.0000000000;  0.0000000000;  0.0000000000;  0.0000000000
465.00;  0.0000000000;  0.0000000000;  0.0000000000;  0.0000000000;  0.0000000000;  0.0000000000;  0.0000000000;  0.0000000000;  0.0000000000;  0.0000000000;  0.0000000000;  0.0000000000
466.00;  0.0000000000;  0.0000000000;  0.0000000000;  0.0000000000;  0.0000000000;  0.0000000000;  0.0000000000;  0.0000000000;  0.0000000000;  0.0000000000;  0.0000000000;  0.0000000000
467.00;  0.0000000000;  0.0000000000;  0.0000000000;  0.0000000000;  0.0000000000;  0.0000000000;  0.0000000000;  0.0000000000;  0.0000000000;  0.0000000000;  0.0000000000;  0.0000000000
468.00;  0.0000000000;  0.0000000000;  0.0000000000;  0.0000000000;  0.0000000000;  0.0000000000;  0.0000000000;  0.0000000000;  0.0000000000;  0.0000000000;  0.0000000000;  0.0000000000
469.00;  0.0000000000;  0.0000000000;  0.0000000000;  0.0000000000;  0.0000000000;  0.0000000000;  0.0000000000;  0.0000000000;  0.0000000000;  0.0000000000;  0.0000000000;  0.0000000000
470.00;  0.0000000000;  0.0000000000;  0.0000000000;  0.0000000000;  0.0000000000;  0.0000000000;  0.0000000000;  0.0000000000;  0.0000000000;  0.0000000000;  0.0000000000;  0.0000000000
471.00;  0.0000000000;  0.0000000000;  0.0000000000;  0.0000000000;  0.0000000000;  0.0000000000;  0.0000000000;  0.0000000000;  0.0000000000;  0.0000000000;  0.0000000000;  0.0000000000
472.00;  0.0000000000;  0.0000000000;  0.0000000000;  0.0000000000;  0.0000000000;  0.0000000000;  0.0000000000;  0.0000000000;  0.0000000000;  0.0000000000;  0.0000000000;  0.0000000000
473.00;  0.0000000000;  0.0000000000;  0.0000000000;  0.0000000000;  0.0000000000;  0.0000000000;  0.0000000000;  0.0000000000;  0.0000000000;  0.0000000000;  0.0000000000;  0.0000000000
474.00;  0.0000000000;  0.0000000000;  0.0000000000;  0.0000000000;  0.0000000000;  0.0000000000;  0.0000000000;  0.0000000000;  0.0000000000;  0.0000000000;  0.0000000000;  0.0000000000
475.00;  0.0000000000;  0.0000000000;  0.0000000000;  0.0000000000;  0.0000000000;  0.0000000000;  0.0000000000;  0.0000000000;  0.0000000000;  0.0000000000;  0.0000000000;  0.0000000000
476.00;  0.0000000000;  0.0000000000;  0.0000000000;  0.0000000000;  0.0000000000;  0.0000000000;  0.0000000000;  0.0000000000;  0.0000000000;  0.0000000000;  0.0000000000;  0.0000000000
477.00;  0.0000000000;  0.0000000000;  0.0000000000;  0.0000000000;  0.0000000000;  0.0000000000;  0.0000000000;  0.0000000000;  0.0000000000;  0.0000000000;  0.0000000000;  0.0000000000
478.00;  0.0000000000;  0.0000000000;  0.0000000000;  0.0000000000;  0.0000000000;  0.0000000000;  0.0000000000;  0.0000000000;  0.0000000000;  0.0000000000;  0.0000000000;  0.0000000000
479.00;  0.0000000000;  0.0000000000;  0.0000000000;  0.0000000000;  0.0000000000;  0.0000000000;  0.0000000000;  0.0000000000;  0.0000000000;  0.0000000000;  0.0000000000;  0.0000000000
480.00;  0.0000000000;  0.0000000000;  0.0000000000;  0.0000000000;  0.0000000000;  0.0000000000;  0.0000000000;  0.0000000000;  0.0000000000;  0.0000000000;  0.0000000000;  0.0000000000
481.00;  0.0000000000;  0.0000000000;  0.0000000000;  0.0000000000;  0.0000000000;  0.0000000000;  0.0000000000;  0.0000000000;  0.0000000000;  0.0000000000;  0.0000000000;  0.0000000000
482.00;  0.0000000000;  0.0000000000;  0.0000000000;  0.0000000000;  0.0000000000;  0.0000000000;  0.0000000000;  0.0000000000;  0.0000000000;  0.0000000000;  0.0000000000;  0.0000000000
483.00;  0.0000000000;  0.0000000000;  0.0000000000;  0.0000000000;  0.0000000000;  0.0000000000;  0.0000000000;  0.0000000000;  0.0000000000;  0.0000000000;  0.0000000000;  0.0000000000
484.00;  0.0000000000;  0.0000000000;  0.0000000000;  0.0000000000;  0.0000000000;  0.0000000000;  0.0000000000;  0.0000000000;  0.0000000000;  0.0000000000;  0.0000000000;  0.0000000000
485.00;  0.0000000000;  0.0000000000;  0.0000000000;  0.0000000000;  0.0000000000;  0.0000000000;  0.0000000000;  0.0000000000;  0.0000000000;  0.0000000000;  0.0000000000;  0.0000000000
486.00;  0.0000000000;  0.0000000000;  0.0000000000;  0.0000000000;  0.0000000000;  0.0000000000;  0.0000000000;  0.0000000000;  0.0000000000;  0.0000000000;  0.0000000000;  0.0000000000
487.00;  0.0000000000;  0.0000000000;  0.0000000000;  0.0000000000;  0.0000000000;  0.0000000000;  0.0000000000;  0.0000000000;  0.0000000000;  0.0000000000;  0.0000000000;  0.0000000000
488.00;  0.0000000000;  0.0000000000;  0.0000000000;  0.0000000000;  0.0000000000;  0.0000000000;  0.0000000000;  0.0000000000;  0.0000000000;  0.0000000000;  0.0000000000;  0.0000000000
489.00;  0.0000000000;  0.0000000000;  0.0000000000;  0.0000000000;  0.0000000000;  0.0000000000;  0.0000000000;  0.0000000000;  0.0000000000;  0.0000000000;  0.0000000000;  0.0000000000
490.00;  0.0000000000;  0.0000000000;  0.0000000000;  0.0000000000;  0.0000000000;  0.0000000000;  0.0000000000;  0.0000000000;  0.0000000000;  0.0000000000;  0.0000000000;  0.0000000000
491.00;  0.0000000000;  0.0000000000;  0.0000000000;  0.0000000000;  0.0000000000;  0.0000000000;  0.0000000000;  0.0000000000;  0.0000000000;  0.0000000000;  0.0000000000;  0.0000000000
492.00;  0.0000000000;  0.0000000000;  0.0000000000;  0.0000000000;  0.0000000000;  0.0000000000;  0.0000000000;  0.0000000000;  0.0000000000;  0.0000000000;  0.0000000000;  0.0000000000
493.00;  0.0000000000;  0.0000000000;  0.0000000000;  0.0000000000;  0.0000000000;  0.0000000000;  0.0000000000;  0.0000000000;  0.0000000000;  0.0000000000;  0.0000000000;  0.0000000000
494.00;  0.0000000000;  0.0000000000;  0.0000000000;  0.0000000000;  0.0000000000;  0.0000000000;  0.0000000000;  0.0000000000;  0.0000000000;  0.0000000000;  0.0000000000;  0.0000000000
495.00;  0.0000000000;  0.0000000000;  0.0000000000;  0.0000000000;  0.0000000000;  0.0000000000;  0.0000000000;  0.0000000000;  0.0000000000;  0.0000000000;  0.0000000000;  0.0000000000
496.00;  0.0000000000;  0.0000000000;  0.0000000000;  0.0000000000;  0.0000000000;  0.0000000000;  0.0000000000;  0.0000000000;  0.0000000000;  0.0000000000;  0.0000000000;  0.0000000000
497.00;  0.0000000000;  0.0000000000;  0.0000000000;  0.0000000000;  0.0000000000;  0.0000000000;  0.0000000000;  0.0000000000;  0.0000000000;  0.0000000000;  0.0000000000;  0.0000000000
498.00;  0.0000000000;  0.0000000000;  0.0000000000;  0.0000000000;  0.0000000000;  0.0000000000;  0.0000000000;  0.0000000000;  0.0000000000;  0.0000000000;  0.0000000000;  0.0000000000
499.00;  0.0000000000;  0.0000000000;  0.0000000000;  0.0000000000;  0.0000000000;  0.0000000000;  0.0000000000;  0.0000000000;  0.0000000000;  0.0000000000;  0.0000000000;  0.0000000000
500.00;  0.0000000000;  0.0000000000;  0.0000000000;  0.0000000000;  0.0000000000;  0.0000000000;  0.0000000000;  0.0000000000;  0.0000000000;  0.0000000000;  0.0000000000;  0.0000000000
501.00;  0.0000000000;  0.0000000000;  0.0000000000;  0.0000000000;  0.0000000000;  0.0000000000;  0.0000000000;  0.0000000000;  0.0000000000;  0.0000000000;  0.0000000000;  0.0000000000
502.00;  0.0000000000;  0.0000000000;  0.0000000000;  0.0000000000;  0.0000000000;  0.0000000000;  0.0000000000;  0.0000000000;  0.0000000000;  0.0000000000;  0.0000000000;  0.0000000000
503.00;  0.0000000000;  0.0000000000;  0.0000000000;  0.0000000000;  0.0000000000;  0.0000000000;  0.0000000000;  0.0000000000;  0.0000000000;  0.0000000000;  0.0000000000;  0.0000000000
504.00;  0.0000000000;  0.0000000000;  0.0000000000;  0.0000000000;  0.0000000000;  0.0000000000;  0.0000000000;  0.0000000000;  0.0000000000;  0.0000000000;  0.0000000000;  0.0000000000
505.00;  0.0000000000;  0.0000000000;  0.0000000000;  0.0000000000;  0.0000000000;  0.0000000000;  0.0000000000;  0.0000000000;  0.0000000000;  0.0000000000;  0.0000000000;  0.0000000000
506.00;  0.0000000000;  0.0000000000;  0.0000000000;  0.0000000000;  0.0000000000;  0.0000000000;  0.0000000000;  0.0000000000;  0.0000000000;  0.0000000000;  0.0000000000;  0.0000000000
507.00;  0.0000000000;  0.0000000000;  0.0000000000;  0.0000000000;  0.0000000000;  0.0000000000;  0.0000000000;  0.0000000000;  0.0000000000;  0.0000000000;  0.0000000000;  0.0000000000
508.00;  0.0000000000;  0.0000000000;  0.0000000000;  0.0000000000;  0.0000000000;  0.0000000000;  0.0000000000;  0.0000000000;  0.0000000000;  0.0000000000;  0.0000000000;  0.0000000000
509.00;  0.0000000000;  0.0000000000;  0.0000000000;  0.0000000000;  0.0000000000;  0.0000000000;  0.0000000000;  0.0000000000;  0.0000000000;  0.0000000000;  0.0000000000;  0.0000000000
510.00;  0.0000000000;  0.0000000000;  0.0000000000;  0.0000000000;  0.0000000000;  0.0000000000;  0.0000000000;  0.0000000000;  0.0000000000;  0.0000000000;  0.0000000000;  0.0000000000
511.00;  0.0000000000;  0.0000000000;  0.0000000000;  0.0000000000;  0.0000000000;  0.0000000000;  0.0000000000;  0.0000000000;  0.0000000000;  0.0000000000;  0.0000000000;  0.0000000000
512.00;  0.0000000000;  0.0000000000;  0.0000000000;  0.0000000000;  0.0000000000;  0.0000000000;  0.0000000000;  0.0000000000;  0.0000000000;  0.0000000000;  0.0000000000;  0.0000000000
513.00;  0.0000000000;  0.0000000000;  0.0000000000;  0.0000000000;  0.0000000000;  0.0000000000;  0.0000000000;  0.0000000000;  0.0000000000;  0.0000000000;  0.0000000000;  0.0000000000
514.00;  0.0000000000;  0.0000000000;  0.0000000000;  0.0000000000;  0.0000000000;  0.0000000000;  0.0000000000;  0.0000000000;  0.0000000000;  0.0000000000;  0.0000000000;  0.0000000000
515.00;  0.0000000000;  0.0000000000;  0.0000000000;  0.0000000000;  0.0000000000;  0.0000000000;  0.0000000000;  0.0000000000;  0.0000000000;  0.0000000000;  0.0000000000;  0.0000000000
516.00;  0.0000000000;  0.0000000000;  0.0000000000;  0.0000000000;  0.0000000000;  0.0000000000;  0.0000000000;  0.0000000000;  0.0000000000;  0.0000000000;  0.0000000000;  0.0000000000
517.00;  0.0000000000;  0.0000000000;  0.0000000000;  0.0000000000;  0.0000000000;  0.0000000000;  0.0000000000;  0.0000000000;  0.0000000000;  0.0000000000;  0.0000000000;  0.0000000000
518.00;  0.0000000000;  0.0000000000;  0.0000000000;  0.0000000000;  0.0000000000;  0.0000000000;  0.0000000000;  0.0000000000;  0.0000000000;  0.0000000000;  0.0000000000;  0.0000000000
519.00;  0.0000000000;  0.0000000000;  0.0000000000;  0.0000000000;  0.0000000000;  0.0000000000;  0.0000000000;  0.0000000000;  0.0000000000;  0.0000000000;  0.0000000000;  0.0000000000
520.00;  0.0000000000;  0.0000000000;  0.0000000000;  0.0000000000;  0.0000000000;  0.0000000000;  0.0000000000;  0.0000000000;  0.0000000000;  0.0000000000;  0.0000000000;  0.0000000000
521.00;  0.0000000000;  0.0000000000;  0.0000000000;  0.0000000000;  0.0000000000;  0.0000000000;  0.0000000000;  0.0000000000;  0.0000000000;  0.0000000000;  0.0000000000;  0.0000000000
522.00;  0.0000000000;  0.0000000000;  0.0000000000;  0.0000000000;  0.0000000000;  0.0000000000;  0.0000000000;  0.0000000000;  0.0000000000;  0.0000000000;  0.0000000000;  0.0000000000
523.00;  0.0000000000;  0.0000000000;  0.0000000000;  0.0000000000;  0.0000000000;  0.0000000000;  0.0000000000;  0.0000000000;  0.0000000000;  0.0000000000;  0.0000000000;  0.0000000000
524.00;  0.0000000000;  0.0000000000;  0.0000000000;  0.0000000000;  0.0000000000;  0.0000000000;  0.0000000000;  0.0000000000;  0.0000000000;  0.0000000000;  0.0000000000;  0.0000000000
525.00;  0.0000000000;  0.0000000000;  0.0000000000;  0.0000000000;  0.0000000000;  0.0000000000;  0.0000000000;  0.0000000000;  0.0000000000;  0.0000000000;  0.0000000000;  0.0000000000
526.00;  0.0000000000;  0.0000000000;  0.0000000000;  0.0000000000;  0.0000000000;  0.0000000000;  0.0000000000;  0.0000000000;  0.0000000000;  0.0000000000;  0.0000000000;  0.0000000000
527.00;  0.0000000000;  0.0000000000;  0.0000000000;  0.0000000000;  0.0000000000;  0.0000000000;  0.0000000000;  0.0000000000;  0.0000000000;  0.0000000000;  0.0000000000;  0.0000000000
528.00;  0.0000000000;  0.0000000000;  0.0000000000;  0.0000000000;  0.0000000000;  0.0000000000;  0.0000000000;  0.0000000000;  0.0000000000;  0.0000000000;  0.0000000000;  0.0000000000
529.00;  0.0000000000;  0.0000000000;  0.0000000000;  0.0000000000;  0.0000000000;  0.0000000000;  0.0000000000;  0.0000000000;  0.0000000000;  0.0000000000;  0.0000000000;  0.0000000000
530.00;  0.0000000000;  0.0000000000;  0.0000000000;  0.0000000000;  0.0000000000;  0.0000000000;  0.0000000000;  0.0000000000;  0.0000000000;  0.0000000000;  0.0000000000;  0.0000000000
531.00;  0.0000000000;  0.0000000000;  0.0000000000;  0.0000000000;  0.0000000000;  0.0000000000;  0.0000000000;  0.0000000000;  0.0000000000;  0.0000000000;  0.0000000000;  0.0000000000
532.00;  0.0000000000;  0.0000000000;  0.0000000000;  0.0000000000;  0.0000000000;  0.0000000000;  0.0000000000;  0.0000000000;  0.0000000000;  0.0000000000;  0.0000000000;  0.0000000000
533.00;  0.0000000000;  0.0000000000;  0.0000000000;  0.0000000000;  0.0000000000;  0.0000000000;  0.0000000000;  0.0000000000;  0.0000000000;  0.0000000000;  0.0000000000;  0.0000000000
534.00;  0.0000000000;  0.0000000000;  0.0000000000;  0.0000000000;  0.0000000000;  0.0000000000;  0.0000000000;  0.0000000000;  0.0000000000;  0.0000000000;  0.0000000000;  0.0000000000
535.00;  0.0000000000;  0.0000000000;  0.0000000000;  0.0000000000;  0.0000000000;  0.0000000000;  0.0000000000;  0.0000000000;  0.0000000000;  0.0000000000;  0.0000000000;  0.0000000000
536.00;  0.0000000000;  0.0000000000;  0.0000000000;  0.0000000000;  0.0000000000;  0.0000000000;  0.0000000000;  0.0000000000;  0.0000000000;  0.0000000000;  0.0000000000;  0.0000000000
537.00;  0.0000000000;  0.0000000000;  0.0000000000;  0.0000000000;  0.0000000000;  0.0000000000;  0.0000000000;  0.0000000000;  0.0000000000;  0.0000000000;  0.0000000000;  0.0000000000
538.00;  0.0000000000;  0.0000000000;  0.0000000000;  0.0000000000;  0.0000000000;  0.0000000000;  0.0000000000;  0.0000000000;  0.0000000000;  0.0000000000;  0.0000000000;  0.0000000000
539.00;  0.0000000000;  0.0000000000;  0.0000000000;  0.0000000000;  0.0000000000;  0.0000000000;  0.0000000000;  0.0000000000;  0.0000000000;  0.0000000000;  0.0000000000;  0.0000000000
540.00;  0.0000000000;  0.0000000000;  0.0000000000;  0.0000000000;  0.0000000000;  0.0000000000;  0.0000000000;  0.0000000000;  0.0000000000;  0.0000000000;  0.0000000000;  0.0000000000
541.00;  0.0000000000;  0.0000000000;  0.0000000000;  0.0000000000;  0.0000000000;  0.0000000000;  0.0000000000;  0.0000000000;  0.0000000000;  0.0000000000;  0.0000000000;  0.0000000000
542.00;  0.0000000000;  0.0000000000;  0.0000000000;  0.0000000000;  0.0000000000;  0.0000000000;  0.0000000000;  0.0000000000;  0.0000000000;  0.0000000000;  0.0000000000;  0.0000000000
543.00;  0.0000000000;  0.0000000000;  0.0000000000;  0.0000000000;  0.0000000000;  0.0000000000;  0.0000000000;  0.0000000000;  0.0000000000;  0.0000000000;  0.0000000000;  0.0000000000
544.00;  0.0000000000;  0.0000000000;  0.0000000000;  0.0000000000;  0.0000000000;  0.0000000000;  0.0000000000;  0.0000000000;  0.0000000000;  0.0000000000;  0.0000000000;  0.0000000000
545.00;  0.0000000000;  0.0000000000;  0.0000000000;  0.0000000000;  0.0000000000;  0.0000000000;  0.0000000000;  0.0000000000;  0.0000000000;  0.0000000000;  0.0000000000;  0.0000000000
546.00;  0.0000000000;  0.0000000000;  0.0000000000;  0.0000000000;  0.0000000000;  0.0000000000;  0.0000000000;  0.0000000000;  0.0000000000;  0.0000000000;  0.0000000000;  0.0000000000
547.00;  0.0000000000;  0.0000000000;  0.0000000000;  0.0000000000;  0.0000000000;  0.0000000000;  0.0000000000;  0.0000000000;  0.0000000000;  0.0000000000;  0.0000000000;  0.0000000000
548.00;  0.0000000000;  0.0000000000;  0.0000000000;  0.0000000000;  0.0000000000;  0.0000000000;  0.0000000000;  0.0000000000;  0.0000000000;  0.0000000000;  0.0000000000;  0.0000000000
549.00;  0.0000000000;  0.0000000000;  0.0000000000;  0.0000000000;  0.0000000000;  0.0000000000;  0.0000000000;  0.0000000000;  0.0000000000;  0.0000000000;  0.0000000000;  0.0000000000
550.00;  0.0000000000;  0.0000000000;  0.0000000000;  0.0000000000;  0.0000000000;  0.0000000000;  0.0000000000;  0.0000000000;  0.0000000000;  0.0000000000;  0.0000000000;  0.0000000000
551.00;  0.0000000000;  0.0000000000;  0.0000000000;  0.0000000000;  0.0000000000;  0.0000000000;  0.0000000000;  0.0000000000;  0.0000000000;  0.0000000000;  0.0000000000;  0.0000000000
552.00;  0.0000000000;  0.0000000000;  0.0000000000;  0.0000000000;  0.0000000000;  0.0000000000;  0.0000000000;  0.0000000000;  0.0000000000;  0.0000000000;  0.0000000000;  0.0000000000
553.00;  0.0000000000;  0.0000000000;  0.0000000000;  0.0000000000;  0.0000000000;  0.0000000000;  0.0000000000;  0.0000000000;  0.0000000000;  0.0000000000;  0.0000000000;  0.0000000000
554.00;  0.0000000000;  0.0000000000;  0.0000000000;  0.0000000000;  0.0000000000;  0.0000000000;  0.0000000000;  0.0000000000;  0.0000000000;  0.0000000000;  0.0000000000;  0.0000000000
555.00;  0.0000000000;  0.0000000000;  0.0000000000;  0.0000000000;  0.0000000000;  0.0000000000;  0.0000000000;  0.0000000000;  0.0000000000;  0.0000000000;  0.0000000000;  0.0000000000
556.00;  0.0000000000;  0.0000000000;  0.0000000000;  0.0000000000;  0.0000000000;  0.0000000000;  0.0000000000;  0.0000000000;  0.0000000000;  0.0000000000;  0.0000000000;  0.0000000000
557.00;  0.0000000000;  0.0000000000;  0.0000000000;  0.0000000000;  0.0000000000;  0.0000000000;  0.0000000000;  0.0000000000;  0.0000000000;  0.0000000000;  0.0000000000;  0.0000000000
558.00;  0.0000000000;  0.0000000000;  0.0000000000;  0.0000000000;  0.0000000000;  0.0000000000;  0.0000000000;  0.0000000000;  0.0000000000;  0.0000000000;  0.0000000000;  0.0000000000
559.00;  0.0000000000;  0.0000000000;  0.0000000000;  0.0000000000;  0.0000000000;  0.0000000000;  0.0000000000;  0.0000000000;  0.0000000000;  0.0000000000;  0.0000000000;  0.0000000000
560.00;  0.0000000000;  0.0000000000;  0.0000000000;  0.0000000000;  0.0000000000;  0.0000000000;  0.0000000000;  0.0000000000;  0.0000000000;  0.0000000000;  0.0000000000;  0.0000000000
561.00;  0.0000000000;  0.0000000000;  0.0000000000;  0.0000000000;  0.0000000000;  0.0000000000;  0.0000000000;  0.0000000000;  0.0000000000;  0.0000000000;  0.0000000000;  0.0000000000
562.00;  0.0000000000;  0.0000000000;  0.0000000000;  0.0000000000;  0.0000000000;  0.0000000000;  0.0000000000;  0.0000000000;  0.0000000000;  0.0000000000;  0.0000000000;  0.0000000000
563.00;  0.0000000000;  0.0000000000;  0.0000000000;  0.0000000000;  0.0000000000;  0.0000000000;  0.0000000000;  0.0000000000;  0.0000000000;  0.0000000000;  0.0000000000;  0.0000000000
564.00;  0.0000000000;  0.0000000000;  0.0000000000;  0.0000000000;  0.0000000000;  0.0000000000;  0.0000000000;  0.0000000000;  0.0000000000;  0.0000000000;  0.0000000000;  0.0000000000
565.00;  0.0000000000;  0.0000000000;  0.0000000000;  0.0000000000;  0.0000000000;  0.0000000000;  0.0000000000;  0.0000000000;  0.0000000000;  0.0000000000;  0.0000000000;  0.0000000000
566.00;  0.0000000000;  0.0000000000;  0.0000000000;  0.0000000000;  0.0000000000;  0.0000000000;  0.0000000000;  0.0000000000;  0.0000000000;  0.0000000000;  0.0000000000;  0.0000000000
567.00;  0.0000000000;  0.0000000000;  0.0000000000;  0.0000000000;  0.0000000000;  0.0000000000;  0.0000000000;  0.0000000000;  0.0000000000;  0.0000000000;  0.0000000000;  0.0000000000
568.00;  0.0000000000;  0.0000000000;  0.0000000000;  0.0000000000;  0.0000000000;  0.0000000000;  0.0000000000;  0.0000000000;  0.0000000000;  0.0000000000;  0.0000000000;  0.0000000000
569.00;  0.0000000000;  0.0000000000;  0.0000000000;  0.0000000000;  0.0000000000;  0.0000000000;  0.0000000000;  0.0000000000;  0.0000000000;  0.0000000000;  0.0000000000;  0.0000000000
570.00;  0.0000000000;  0.0000000000;  0.0000000000;  0.0000000000;  0.0000000000;  0.0000000000;  0.0000000000;  0.0000000000;  0.0000000000;  0.0000000000;  0.0000000000;  0.0000000000
571.00;  0.0000000000;  0.0000000000;  0.0000000000;  0.0000000000;  0.0000000000;  0.0000000000;  0.0000000000;  0.0000000000;  0.0000000000;  0.0000000000;  0.0000000000;  0.0000000000
572.00;  0.0000000000;  0.0000000000;  0.0000000000;  0.0000000000;  0.0000000000;  0.0000000000;  0.0000000000;  0.0000000000;  0.0000000000;  0.0000000000;  0.0000000000;  0.0000000000
573.00;  0.0000000000;  0.0000000000;  0.0000000000;  0.0000000000;  0.0000000000;  0.0000000000;  0.0000000000;  0.0000000000;  0.0000000000;  0.0000000000;  0.0000000000;  0.0000000000
574.00;  0.0000000000;  0.0000000000;  0.0000000000;  0.0000000000;  0.0000000000;  0.0000000000;  0.0000000000;  0.0000000000;  0.0000000000;  0.0000000000;  0.0000000000;  0.0000000000
575.00;  0.0000000000;  0.0000000000;  0.0000000000;  0.0000000000;  0.0000000000;  0.0000000000;  0.0000000000;  0.0000000000;  0.0000000000;  0.0000000000;  0.0000000000;  0.0000000000
576.00;  0.0000000000;  0.0000000000;  0.0000000000;  0.0000000000;  0.0000000000;  0.0000000000;  0.0000000000;  0.0000000000;  0.0000000000;  0.0000000000;  0.0000000000;  0.0000000000
577.00;  0.0000000000;  0.0000000000;  0.0000000000;  0.0000000000;  0.0000000000;  0.0000000000;  0.0000000000;  0.0000000000;  0.0000000000;  0.0000000000;  0.0000000000;  0.0000000000
578.00;  0.0000000000;  0.0000000000;  0.0000000000;  0.0000000000;  0.0000000000;  0.0000000000;  0.0000000000;  0.0000000000;  0.0000000000;  0.0000000000;  0.0000000000;  0.0000000000
579.00;  0.0000000000;  0.0000000000;  0.0000000000;  0.0000000000;  0.0000000000;  0.0000000000;  0.0000000000;  0.0000000000;  0.0000000000;  0.0000000000;  0.0000000000;  0.0000000000
580.00;  0.0000000000;  0.0000000000;  0.0000000000;  0.0000000000;  0.0000000000;  0.0000000000;  0.0000000000;  0.0000000000;  0.0000000000;  0.0000000000;  0.0000000000;  0.0000000000
581.00;  0.0000000000;  0.0000000000;  0.0000000000;  0.0000000000;  0.0000000000;  0.0000000000;  0.0000000000;  0.0000000000;  0.0000000000;  0.0000000000;  0.0000000000;  0.0000000000
582.00;  0.0000000000;  0.0000000000;  0.0000000000;  0.0000000000;  0.0000000000;  0.0000000000;  0.0000000000;  0.0000000000;  0.0000000000;  0.0000000000;  0.0000000000;  0.0000000000
583.00;  0.0000000000;  0.0000000000;  0.0000000000;  0.0000000000;  0.0000000000;  0.0000000000;  0.0000000000;  0.0000000000;  0.0000000000;  0.0000000000;  0.0000000000;  0.0000000000
584.00;  0.0000000000;  0.0000000000;  0.0000000000;  0.0000000000;  0.0000000000;  0.0000000000;  0.0000000000;  0.0000000000;  0.0000000000;  0.0000000000;  0.0000000000;  0.0000000000
585.00;  0.0000000000;  0.0000000000;  0.0000000000;  0.0000000000;  0.0000000000;  0.0000000000;  0.0000000000;  0.0000000000;  0.0000000000;  0.0000000000;  0.0000000000;  0.0000000000
586.00;  0.0000000000;  0.0000000000;  0.0000000000;  0.0000000000;  0.0000000000;  0.0000000000;  0.0000000000;  0.0000000000;  0.0000000000;  0.0000000000;  0.0000000000;  0.0000000000
587.00;  0.0000000000;  0.0000000000;  0.0000000000;  0.0000000000;  0.0000000000;  0.0000000000;  0.0000000000;  0.0000000000;  0.0000000000;  0.0000000000;  0.0000000000;  0.0000000000
588.00;  0.0000000000;  0.0000000000;  0.0000000000;  0.0000000000;  0.0000000000;  0.0000000000;  0.0000000000;  0.0000000000;  0.0000000000;  0.0000000000;  0.0000000000;  0.0000000000
589.00;  0.0000000000;  0.0000000000;  0.0000000000;  0.0000000000;  0.0000000000;  0.0000000000;  0.0000000000;  0.0000000000;  0.0000000000;  0.0000000000;  0.0000000000;  0.0000000000
590.00;  0.0000000000;  0.0000000000;  0.0000000000;  0.0000000000;  0.0000000000;  0.0000000000;  0.0000000000;  0.0000000000;  0.0000000000;  0.0000000000;  0.0000000000;  0.0000000000
591.00;  0.0000000000;  0.0000000000;  0.0000000000;  0.0000000000;  0.0000000000;  0.0000000000;  0.0000000000;  0.0000000000;  0.0000000000;  0.0000000000;  0.0000000000;  0.0000000000
592.00;  0.0000000000;  0.0000000000;  0.0000000000;  0.0000000000;  0.0000000000;  0.0000000000;  0.0000000000;  0.0000000000;  0.0000000000;  0.0000000000;  0.0000000000;  0.0000000000
593.00;  0.0000000000;  0.0000000000;  0.0000000000;  0.0000000000;  0.0000000000;  0.0000000000;  0.0000000000;  0.0000000000;  0.0000000000;  0.0000000000;  0.0000000000;  0.0000000000
594.00;  0.0000000000;  0.0000000000;  0.0000000000;  0.0000000000;  0.0000000000;  0.0000000000;  0.0000000000;  0.0000000000;  0.0000000000;  0.0000000000;  0.0000000000;  0.0000000000
595.00;  0.0000000000;  0.0000000000;  0.0000000000;  0.0000000000;  0.0000000000;  0.0000000000;  0.0000000000;  0.0000000000;  0.0000000000;  0.0000000000;  0.0000000000;  0.0000000000
596.00;  0.0000000000;  0.0000000000;  0.0000000000;  0.0000000000;  0.0000000000;  0.0000000000;  0.0000000000;  0.0000000000;  0.0000000000;  0.0000000000;  0.0000000000;  0.0000000000
597.00;  0.0000000000;  0.0000000000;  0.0000000000;  0.0000000000;  0.0000000000;  0.0000000000;  0.0000000000;  0.0000000000;  0.0000000000;  0.0000000000;  0.0000000000;  0.0000000000
598.00;  0.0000000000;  0.0000000000;  0.0000000000;  0.0000000000;  0.0000000000;  0.0000000000;  0.0000000000;  0.0000000000;  0.0000000000;  0.0000000000;  0.0000000000;  0.0000000000
599.00;  0.0000000000;  0.0000000000;  0.0000000000;  0.0000000000;  0.0000000000;  0.0000000000;  0.0000000000;  0.0000000000;  0.0000000000;  0.0000000000;  0.0000000000;  0.0000000000
600.00;  0.0000000000;  0.0000000000;  0.0000000000;  0.0000000000;  0.0000000000;  0.0000000000;  0.0000000000;  0.0000000000;  0.0000000000;  0.0000000000;  0.0000000000;  0.0000000000
601.00;  0.0000000000;  0.0000000000;  0.0000000000;  0.0000000000;  0.0000000000;  0.0000000000;  0.0000000000;  0.0000000000;  0.0000000000;  0.0000000000;  0.0000000000;  0.0000000000
602.00;  0.0000000000;  0.0000000000;  0.0000000000;  0.0000000000;  0.0000000000;  0.0000000000;  0.0000000000;  0.0000000000;  0.0000000000;  0.0000000000;  0.0000000000;  0.0000000000
603.00;  0.0000000000;  0.0000000000;  0.0000000000;  0.0000000000;  0.0000000000;  0.0000000000;  0.0000000000;  0.0000000000;  0.0000000000;  0.0000000000;  0.0000000000;  0.0000000000
604.00;  0.0000000000;  0.0000000000;  0.0000000000;  0.0000000000;  0.0000000000;  0.0000000000;  0.0000000000;  0.0000000000;  0.0000000000;  0.0000000000;  0.0000000000;  0.0000000000
605.00;  0.0000000000;  0.0000000000;  0.0000000000;  0.0000000000;  0.0000000000;  0.0000000000;  0.0000000000;  0.0000000000;  0.0000000000;  0.0000000000;  0.0000000000;  0.0000000000
606.00;  0.0000000000;  0.0000000000;  0.0000000000;  0.0000000000;  0.0000000000;  0.0000000000;  0.0000000000;  0.0000000000;  0.0000000000;  0.0000000000;  0.0000000000;  0.0000000000
607.00;  0.0000000000;  0.0000000000;  0.0000000000;  0.0000000000;  0.0000000000;  0.0000000000;  0.0000000000;  0.0000000000;  0.0000000000;  0.0000000000;  0.0000000000;  0.0000000000
608.00;  0.0000000000;  0.0000000000;  0.0000000000;  0.0000000000;  0.0000000000;  0.0000000000;  0.0000000000;  0.0000000000;  0.0000000000;  0.0000000000;  0.0000000000;  0.0000000000
609.00;  0.0000000000;  0.0000000000;  0.0000000000;  0.0000000000;  0.0000000000;  0.0000000000;  0.0000000000;  0.0000000000;  0.0000000000;  0.0000000000;  0.0000000000;  0.0000000000
610.00;  0.0000000000;  0.0000000000;  0.0000000000;  0.0000000000;  0.0000000000;  0.0000000000;  0.0000000000;  0.0000000000;  0.0000000000;  0.0000000000;  0.0000000000;  0.0000000000
611.00;  0.0000000000;  0.0000000000;  0.0000000000;  0.0000000000;  0.0000000000;  0.0000000000;  0.0000000000;  0.0000000000;  0.0000000000;  0.0000000000;  0.0000000000;  0.0000000000
612.00;  0.0000000000;  0.0000000000;  0.0000000000;  0.0000000000;  0.0000000000;  0.0000000000;  0.0000000000;  0.0000000000;  0.0000000000;  0.0000000000;  0.0000000000;  0.0000000000
613.00;  0.0000000000;  0.0000000000;  0.0000000000;  0.0000000000;  0.0000000000;  0.0000000000;  0.0000000000;  0.0000000000;  0.0000000000;  0.0000000000;  0.0000000000;  0.0000000000
614.00;  0.0000000000;  0.0000000000;  0.0000000000;  0.0000000000;  0.0000000000;  0.0000000000;  0.0000000000;  0.0000000000;  0.0000000000;  0.0000000000;  0.0000000000;  0.0000000000
615.00;  0.0000000000;  0.0000000000;  0.0000000000;  0.0000000000;  0.0000000000;  0.0000000000;  0.0000000000;  0.0000000000;  0.0000000000;  0.0000000000;  0.0000000000;  0.0000000000
616.00;  0.0000000000;  0.0000000000;  0.0000000000;  0.0000000000;  0.0000000000;  0.0000000000;  0.0000000000;  0.0000000000;  0.0000000000;  0.0000000000;  0.0000000000;  0.0000000000
617.00;  0.0000000000;  0.0000000000;  0.0000000000;  0.0000000000;  0.0000000000;  0.0000000000;  0.0000000000;  0.0000000000;  0.0000000000;  0.0000000000;  0.0000000000;  0.0000000000
618.00;  0.0000000000;  0.0000000000;  0.0000000000;  0.0000000000;  0.0000000000;  0.0000000000;  0.0000000000;  0.0000000000;  0.0000000000;  0.0000000000;  0.0000000000;  0.0000000000
619.00;  0.0000000000;  0.0000000000;  0.0000000000;  0.0000000000;  0.0000000000;  0.0000000000;  0.0000000000;  0.0000000000;  0.0000000000;  0.0000000000;  0.0000000000;  0.0000000000
620.00;  0.0000000000;  0.0000000000;  0.0000000000;  0.0000000000;  0.0000000000;  0.0000000000;  0.0000000000;  0.0000000000;  0.0000000000;  0.0000000000;  0.0000000000;  0.0000000000
621.00;  0.0000000000;  0.0000000000;  0.0000000000;  0.0000000000;  0.0000000000;  0.0000000000;  0.0000000000;  0.0000000000;  0.0000000000;  0.0000000000;  0.0000000000;  0.0000000000
622.00;  0.0000000000;  0.0000000000;  0.0000000000;  0.0000000000;  0.0000000000;  0.0000000000;  0.0000000000;  0.0000000000;  0.0000000000;  0.0000000000;  0.0000000000;  0.0000000000
623.00;  0.0000000000;  0.0000000000;  0.0000000000;  0.0000000000;  0.0000000000;  0.0000000000;  0.0000000000;  0.0000000000;  0.0000000000;  0.0000000000;  0.0000000000;  0.0000000000
624.00;  0.0000000000;  0.0000000000;  0.0000000000;  0.0000000000;  0.0000000000;  0.0000000000;  0.0000000000;  0.0000000000;  0.0000000000;  0.0000000000;  0.0000000000;  0.0000000000
625.00;  0.0000000000;  0.0000000000;  0.0000000000;  0.0000000000;  0.0000000000;  0.0000000000;  0.0000000000;  0.0000000000;  0.0000000000;  0.0000000000;  0.0000000000;  0.0000000000
626.00;  0.0000000000;  0.0000000000;  0.0000000000;  0.0000000000;  0.0000000000;  0.0000000000;  0.0000000000;  0.0000000000;  0.0000000000;  0.0000000000;  0.0000000000;  0.0000000000
627.00;  0.0000000000;  0.0000000000;  0.0000000000;  0.0000000000;  0.0000000000;  0.0000000000;  0.0000000000;  0.0000000000;  0.0000000000;  0.0000000000;  0.0000000000;  0.0000000000
628.00;  0.0000000000;  0.0000000000;  0.0000000000;  0.0000000000;  0.0000000000;  0.0000000000;  0.0000000000;  0.0000000000;  0.0000000000;  0.0000000000;  0.0000000000;  0.0000000000
629.00;  0.0000000000;  0.0000000000;  0.0000000000;  0.0000000000;  0.0000000000;  0.0000000000;  0.0000000000;  0.0000000000;  0.0000000000;  0.0000000000;  0.0000000000;  0.0000000000
630.00;  0.0000000000;  0.0000000000;  0.0000000000;  0.0000000000;  0.0000000000;  0.0000000000;  0.0000000000;  0.0000000000;  0.0000000000;  0.0000000000;  0.0000000000;  0.0000000000
631.00;  0.0000000000;  0.0000000000;  0.0000000000;  0.0000000000;  0.0000000000;  0.0000000000;  0.0000000000;  0.0000000000;  0.0000000000;  0.0000000000;  0.0000000000;  0.0000000000
632.00;  0.0000000000;  0.0000000000;  0.0000000000;  0.0000000000;  0.0000000000;  0.0000000000;  0.0000000000;  0.0000000000;  0.0000000000;  0.0000000000;  0.0000000000;  0.0000000000
633.00;  0.0000000000;  0.0000000000;  0.0000000000;  0.0000000000;  0.0000000000;  0.0000000000;  0.0000000000;  0.0000000000;  0.0000000000;  0.0000000000;  0.0000000000;  0.0000000000
634.00;  0.0000000000;  0.0000000000;  0.0000000000;  0.0000000000;  0.0000000000;  0.0000000000;  0.0000000000;  0.0000000000;  0.0000000000;  0.0000000000;  0.0000000000;  0.0000000000
635.00;  0.0000000000;  0.0000000000;  0.0000000000;  0.0000000000;  0.0000000000;  0.0000000000;  0.0000000000;  0.0000000000;  0.0000000000;  0.0000000000;  0.0000000000;  0.0000000000
636.00;  0.0000000000;  0.0000000000;  0.0000000000;  0.0000000000;  0.0000000000;  0.0000000000;  0.0000000000;  0.0000000000;  0.0000000000;  0.0000000000;  0.0000000000;  0.0000000000
637.00;  0.0000000000;  0.0000000000;  0.0000000000;  0.0000000000;  0.0000000000;  0.0000000000;  0.0000000000;  0.0000000000;  0.0000000000;  0.0000000000;  0.0000000000;  0.0000000000
638.00;  0.0000000000;  0.0000000000;  0.0000000000;  0.0000000000;  0.0000000000;  0.0000000000;  0.0000000000;  0.0000000000;  0.0000000000;  0.0000000000;  0.0000000000;  0.0000000000
639.00;  0.0000000000;  0.0000000000;  0.0000000000;  0.0000000000;  0.0000000000;  0.0000000000;  0.0000000000;  0.0000000000;  0.0000000000;  0.0000000000;  0.0000000000;  0.0000000000
640.00;  0.0000000000;  0.0000000000;  0.0000000000;  0.0000000000;  0.0000000000;  0.0000000000;  0.0000000000;  0.0000000000;  0.0000000000;  0.0000000000;  0.0000000000;  0.0000000000
641.00;  0.0000000000;  0.0000000000;  0.0000000000;  0.0000000000;  0.0000000000;  0.0000000000;  0.0000000000;  0.0000000000;  0.0000000000;  0.0000000000;  0.0000000000;  0.0000000000
642.00;  0.0000000000;  0.0000000000;  0.0000000000;  0.0000000000;  0.0000000000;  0.0000000000;  0.0000000000;  0.0000000000;  0.0000000000;  0.0000000000;  0.0000000000;  0.0000000000
643.00;  0.0000000000;  0.0000000000;  0.0000000000;  0.0000000000;  0.0000000000;  0.0000000000;  0.0000000000;  0.0000000000;  0.0000000000;  0.0000000000;  0.0000000000;  0.0000000000
644.00;  0.0000000000;  0.0000000000;  0.0000000000;  0.0000000000;  0.0000000000;  0.0000000000;  0.0000000000;  0.0000000000;  0.0000000000;  0.0000000000;  0.0000000000;  0.0000000000
645.00;  0.0000000000;  0.0000000000;  0.0000000000;  0.0000000000;  0.0000000000;  0.0000000000;  0.0000000000;  0.0000000000;  0.0000000000;  0.0000000000;  0.0000000000;  0.0000000000
646.00;  0.0000000000;  0.0000000000;  0.0000000000;  0.0000000000;  0.0000000000;  0.0000000000;  0.0000000000;  0.0000000000;  0.0000000000;  0.0000000000;  0.0000000000;  0.0000000000
647.00;  0.0000000000;  0.0000000000;  0.0000000000;  0.0000000000;  0.0000000000;  0.0000000000;  0.0000000000;  0.0000000000;  0.0000000000;  0.0000000000;  0.0000000000;  0.0000000000
648.00;  0.0000000000;  0.0000000000;  0.0000000000;  0.0000000000;  0.0000000000;  0.0000000000;  0.0000000000;  0.0000000000;  0.0000000000;  0.0000000000;  0.0000000000;  0.0000000000
649.00;  0.0000000000;  0.0000000000;  0.0000000000;  0.0000000000;  0.0000000000;  0.0000000000;  0.0000000000;  0.0000000000;  0.0000000000;  0.0000000000;  0.0000000000;  0.0000000000
650.00;  0.0000000000;  0.0000000000;  0.0000000000;  0.0000000000;  0.0000000000;  0.0000000000;  0.0000000000;  0.0000000000;  0.0000000000;  0.0000000000;  0.0000000000;  0.0000000000
651.00;  0.0000000000;  0.0000000000;  0.0000000000;  0.0000000000;  0.0000000000;  0.0000000000;  0.0000000000;  0.0000000000;  0.0000000000;  0.0000000000;  0.0000000000;  0.0000000000
652.00;  0.0000000000;  0.0000000000;  0.0000000000;  0.0000000000;  0.0000000000;  0.0000000000;  0.0000000000;  0.0000000000;  0.0000000000;  0.0000000000;  0.0000000000;  0.0000000000
653.00;  0.0000000000;  0.0000000000;  0.0000000000;  0.0000000000;  0.0000000000;  0.0000000000;  0.0000000000;  0.0000000000;  0.0000000000;  0.0000000000;  0.0000000000;  0.0000000000
654.00;  0.0000000000;  0.0000000000;  0.0000000000;  0.0000000000;  0.0000000000;  0.0000000000;  0.0000000000;  0.0000000000;  0.0000000000;  0.0000000000;  0.0000000000;  0.0000000000
655.00;  0.0000000000;  0.0000000000;  0.0000000000;  0.0000000000;  0.0000000000;  0.0000000000;  0.0000000000;  0.0000000000;  0.0000000000;  0.0000000000;  0.0000000000;  0.0000000000
656.00;  0.0000000000;  0.0000000000;  0.0000000000;  0.0000000000;  0.0000000000;  0.0000000000;  0.0000000000;  0.0000000000;  0.0000000000;  0.0000000000;  0.0000000000;  0.0000000000
657.00;  0.0000000000;  0.0000000000;  0.0000000000;  0.0000000000;  0.0000000000;  0.0000000000;  0.0000000000;  0.0000000000;  0.0000000000;  0.0000000000;  0.0000000000;  0.0000000000
658.00;  0.0000000000;  0.0000000000;  0.0000000000;  0.0000000000;  0.0000000000;  0.0000000000;  0.0000000000;  0.0000000000;  0.0000000000;  0.0000000000;  0.0000000000;  0.0000000000
659.00;  0.0000000000;  0.0000000000;  0.0000000000;  0.0000000000;  0.0000000000;  0.0000000000;  0.0000000000;  0.0000000000;  0.0000000000;  0.0000000000;  0.0000000000;  0.0000000000
660.00;  0.0000000000;  0.0000000000;  0.0000000000;  0.0000000000;  0.0000000000;  0.0000000000;  0.0000000000;  0.0000000000;  0.0000000000;  0.0000000000;  0.0000000000;  0.0000000000
661.00;  0.0000000000;  0.0000000000;  0.0000000000;  0.0000000000;  0.0000000000;  0.0000000000;  0.0000000000;  0.0000000000;  0.0000000000;  0.0000000000;  0.0000000000;  0.0000000000
662.00;  0.0000000000;  0.0000000000;  0.0000000000;  0.0000000000;  0.0000000000;  0.0000000000;  0.0000000000;  0.0000000000;  0.0000000000;  0.0000000000;  0.0000000000;  0.0000000000
663.00;  0.0000000000;  0.0000000000;  0.0000000000;  0.0000000000;  0.0000000000;  0.0000000000;  0.0000000000;  0.0000000000;  0.0000000000;  0.0000000000;  0.0000000000;  0.0000000000
664.00;  0.0000000000;  0.0000000000;  0.0000000000;  0.0000000000;  0.0000000000;  0.0000000000;  0.0000000000;  0.0000000000;  0.0000000000;  0.0000000000;  0.0000000000;  0.0000000000
665.00;  0.0000000000;  0.0000000000;  0.0000000000;  0.0000000000;  0.0000000000;  0.0000000000;  0.0000000000;  0.0000000000;  0.0000000000;  0.0000000000;  0.0000000000;  0.0000000000
666.00;  0.0000000000;  0.0000000000;  0.0000000000;  0.0000000000;  0.0000000000;  0.0000000000;  0.0000000000;  0.0000000000;  0.0000000000;  0.0000000000;  0.0000000000;  0.0000000000
667.00;  0.0000000000;  0.0000000000;  0.0000000000;  0.0000000000;  0.0000000000;  0.0000000000;  0.0000000000;  0.0000000000;  0.0000000000;  0.0000000000;  0.0000000000;  0.0000000000
668.00;  0.0000000000;  0.0000000000;  0.0000000000;  0.0000000000;  0.0000000000;  0.0000000000;  0.0000000000;  0.0000000000;  0.0000000000;  0.0000000000;  0.0000000000;  0.0000000000
669.00;  0.0000000000;  0.0000000000;  0.0000000000;  0.0000000000;  0.0000000000;  0.0000000000;  0.0000000000;  0.0000000000;  0.0000000000;  0.0000000000;  0.0000000000;  0.0000000000
670.00;  0.0000000000;  0.0000000000;  0.0000000000;  0.0000000000;  0.0000000000;  0.0000000000;  0.0000000000;  0.0000000000;  0.0000000000;  0.0000000000;  0.0000000000;  0.0000000000
671.00;  0.0000000000;  0.0000000000;  0.0000000000;  0.0000000000;  0.0000000000;  0.0000000000;  0.0000000000;  0.0000000000;  0.0000000000;  0.0000000000;  0.0000000000;  0.0000000000
672.00;  0.0000000000;  0.0000000000;  0.0000000000;  0.0000000000;  0.0000000000;  0.0000000000;  0.0000000000;  0.0000000000;  0.0000000000;  0.0000000000;  0.0000000000;  0.0000000000
673.00;  0.0000000000;  0.0000000000;  0.0000000000;  0.0000000000;  0.0000000000;  0.0000000000;  0.0000000000;  0.0000000000;  0.0000000000;  0.0000000000;  0.0000000000;  0.0000000000
674.00;  0.0000000000;  0.0000000000;  0.0000000000;  0.0000000000;  0.0000000000;  0.0000000000;  0.0000000000;  0.0000000000;  0.0000000000;  0.0000000000;  0.0000000000;  0.0000000000
675.00;  0.0000000000;  0.0000000000;  0.0000000000;  0.0000000000;  0.0000000000;  0.0000000000;  0.0000000000;  0.0000000000;  0.0000000000;  0.0000000000;  0.0000000000;  0.0000000000
676.00;  0.0000000000;  0.0000000000;  0.0000000000;  0.0000000000;  0.0000000000;  0.0000000000;  0.0000000000;  0.0000000000;  0.0000000000;  0.0000000000;  0.0000000000;  0.0000000000
677.00;  0.0000000000;  0.0000000000;  0.0000000000;  0.0000000000;  0.0000000000;  0.0000000000;  0.0000000000;  0.0000000000;  0.0000000000;  0.0000000000;  0.0000000000;  0.0000000000
678.00;  0.0000000000;  0.0000000000;  0.0000000000;  0.0000000000;  0.0000000000;  0.0000000000;  0.0000000000;  0.0000000000;  0.0000000000;  0.0000000000;  0.0000000000;  0.0000000000
679.00;  0.0000000000;  0.0000000000;  0.0000000000;  0.0000000000;  0.0000000000;  0.0000000000;  0.0000000000;  0.0000000000;  0.0000000000;  0.0000000000;  0.0000000000;  0.0000000000
680.00;  0.0000000000;  0.0000000000;  0.0000000000;  0.0000000000;  0.0000000000;  0.0000000000;  0.0000000000;  0.0000000000;  0.0000000000;  0.0000000000;  0.0000000000;  0.0000000000
681.00;  0.0000000000;  0.0000000000;  0.0000000000;  0.0000000000;  0.0000000000;  0.0000000000;  0.0000000000;  0.0000000000;  0.0000000000;  0.0000000000;  0.0000000000;  0.0000000000
682.00;  0.0000000000;  0.0000000000;  0.0000000000;  0.0000000000;  0.0000000000;  0.0000000000;  0.0000000000;  0.0000000000;  0.0000000000;  0.0000000000;  0.0000000000;  0.0000000000
683.00;  0.0000000000;  0.0000000000;  0.0000000000;  0.0000000000;  0.0000000000;  0.0000000000;  0.0000000000;  0.0000000000;  0.0000000000;  0.0000000000;  0.0000000000;  0.0000000000
684.00;  0.0000000000;  0.0000000000;  0.0000000000;  0.0000000000;  0.0000000000;  0.0000000000;  0.0000000000;  0.0000000000;  0.0000000000;  0.0000000000;  0.0000000000;  0.0000000000
685.00;  0.0000000000;  0.0000000000;  0.0000000000;  0.0000000000;  0.0000000000;  0.0000000000;  0.0000000000;  0.0000000000;  0.0000000000;  0.0000000000;  0.0000000000;  0.0000000000
686.00;  0.0000000000;  0.0000000000;  0.0000000000;  0.0000000000;  0.0000000000;  0.0000000000;  0.0000000000;  0.0000000000;  0.0000000000;  0.0000000000;  0.0000000000;  0.0000000000
687.00;  0.0000000000;  0.0000000000;  0.0000000000;  0.0000000000;  0.0000000000;  0.0000000000;  0.0000000000;  0.0000000000;  0.0000000000;  0.0000000000;  0.0000000000;  0.0000000000
688.00;  0.0000000000;  0.0000000000;  0.0000000000;  0.0000000000;  0.0000000000;  0.0000000000;  0.0000000000;  0.0000000000;  0.0000000000;  0.0000000000;  0.0000000000;  0.0000000000
689.00;  0.0000000000;  0.0000000000;  0.0000000000;  0.0000000000;  0.0000000000;  0.0000000000;  0.0000000000;  0.0000000000;  0.0000000000;  0.0000000000;  0.0000000000;  0.0000000000
690.00;  0.0000000000;  0.0000000000;  0.0000000000;  0.0000000000;  0.0000000000;  0.0000000000;  0.0000000000;  0.0000000000;  0.0000000000;  0.0000000000;  0.0000000000;  0.0000000000
691.00;  0.0000000000;  0.0000000000;  0.0000000000;  0.0000000000;  0.0000000000;  0.0000000000;  0.0000000000;  0.0000000000;  0.0000000000;  0.0000000000;  0.0000000000;  0.0000000000
692.00;  0.0000000000;  0.0000000000;  0.0000000000;  0.0000000000;  0.0000000000;  0.0000000000;  0.0000000000;  0.0000000000;  0.0000000000;  0.0000000000;  0.0000000000;  0.0000000000
693.00;  0.0000000000;  0.0000000000;  0.0000000000;  0.0000000000;  0.0000000000;  0.0000000000;  0.0000000000;  0.0000000000;  0.0000000000;  0.0000000000;  0.0000000000;  0.0000000000
694.00;  0.0000000000;  0.0000000000;  0.0000000000;  0.0000000000;  0.0000000000;  0.0000000000;  0.0000000000;  0.0000000000;  0.0000000000;  0.0000000000;  0.0000000000;  0.0000000000
695.00;  0.0000000000;  0.0000000000;  0.0000000000;  0.0000000000;  0.0000000000;  0.0000000000;  0.0000000000;  0.0000000000;  0.0000000000;  0.0000000000;  0.0000000000;  0.0000000000
696.00;  0.0000000000;  0.0000000000;  0.0000000000;  0.0000000000;  0.0000000000;  0.0000000000;  0.0000000000;  0.0000000000;  0.0000000000;  0.0000000000;  0.0000000000;  0.0000000000
697.00;  0.0000000000;  0.0000000000;  0.0000000000;  0.0000000000;  0.0000000000;  0.0000000000;  0.0000000000;  0.0000000000;  0.0000000000;  0.0000000000;  0.0000000000;  0.0000000000
698.00;  0.0000000000;  0.0000000000;  0.0000000000;  0.0000000000;  0.0000000000;  0.0000000000;  0.0000000000;  0.0000000000;  0.0000000000;  0.0000000000;  0.0000000000;  0.0000000000
699.00;  0.0000000000;  0.0000000000;  0.0000000000;  0.0000000000;  0.0000000000;  0.0000000000;  0.0000000000;  0.0000000000;  0.0000000000;  0.0000000000;  0.0000000000;  0.0000000000
700.00;  0.0000000000;  0.0000000000;  0.0000000000;  0.0000000000;  0.0000000000;  0.0000000000;  0.0000000000;  0.0000000000;  0.0000000000;  0.0000000000;  0.0000000000;  0.0000000000
701.00;  0.0000000000;  0.0000000000;  0.0000000000;  0.0000000000;  0.0000000000;  0.0000000000;  0.0000000000;  0.0000000000;  0.0000000000;  0.0000000000;  0.0000000000;  0.0000000000
702.00;  0.0000000000;  0.0000000000;  0.0000000000;  0.0000000000;  0.0000000000;  0.0000000000;  0.0000000000;  0.0000000000;  0.0000000000;  0.0000000000;  0.0000000000;  0.0000000000
703.00;  0.0000000000;  0.0000000000;  0.0000000000;  0.0000000000;  0.0000000000;  0.0000000000;  0.0000000000;  0.0000000000;  0.0000000000;  0.0000000000;  0.0000000000;  0.0000000000
704.00;  0.0000000000;  0.0000000000;  0.0000000000;  0.0000000000;  0.0000000000;  0.0000000000;  0.0000000000;  0.0000000000;  0.0000000000;  0.0000000000;  0.0000000000;  0.0000000000
705.00;  0.0000000000;  0.0000000000;  0.0000000000;  0.0000000000;  0.0000000000;  0.0000000000;  0.0000000000;  0.0000000000;  0.0000000000;  0.0000000000;  0.0000000000;  0.0000000000
706.00;  0.0000000000;  0.0000000000;  0.0000000000;  0.0000000000;  0.0000000000;  0.0000000000;  0.0000000000;  0.0000000000;  0.0000000000;  0.0000000000;  0.0000000000;  0.0000000000
707.00;  0.0000000000;  0.0000000000;  0.0000000000;  0.0000000000;  0.0000000000;  0.0000000000;  0.0000000000;  0.0000000000;  0.0000000000;  0.0000000000;  0.0000000000;  0.0000000000
708.00;  0.0000000000;  0.0000000000;  0.0000000000;  0.0000000000;  0.0000000000;  0.0000000000;  0.0000000000;  0.0000000000;  0.0000000000;  0.0000000000;  0.0000000000;  0.0000000000
709.00;  0.0000000000;  0.0000000000;  0.0000000000;  0.0000000000;  0.0000000000;  0.0000000000;  0.0000000000;  0.0000000000;  0.0000000000;  0.0000000000;  0.0000000000;  0.0000000000
710.00;  0.0000000000;  0.0000000000;  0.0000000000;  0.0000000000;  0.0000000000;  0.0000000000;  0.0000000000;  0.0000000000;  0.0000000000;  0.0000000000;  0.0000000000;  0.0000000000
711.00;  0.0000000000;  0.0000000000;  0.0000000000;  0.0000000000;  0.0000000000;  0.0000000000;  0.0000000000;  0.0000000000;  0.0000000000;  0.0000000000;  0.0000000000;  0.0000000000
712.00;  0.0000000000;  0.0000000000;  0.0000000000;  0.0000000000;  0.0000000000;  0.0000000000;  0.0000000000;  0.0000000000;  0.0000000000;  0.0000000000;  0.0000000000;  0.0000000000
713.00;  0.0000000000;  0.0000000000;  0.0000000000;  0.0000000000;  0.0000000000;  0.0000000000;  0.0000000000;  0.0000000000;  0.0000000000;  0.0000000000;  0.0000000000;  0.0000000000
714.00;  0.0000000000;  0.0000000000;  0.0000000000;  0.0000000000;  0.0000000000;  0.0000000000;  0.0000000000;  0.0000000000;  0.0000000000;  0.0000000000;  0.0000000000;  0.0000000000
715.00;  0.0000000000;  0.0000000000;  0.0000000000;  0.0000000000;  0.0000000000;  0.0000000000;  0.0000000000;  0.0000000000;  0.0000000000;  0.0000000000;  0.0000000000;  0.0000000000
716.00;  0.0000000000;  0.0000000000;  0.0000000000;  0.0000000000;  0.0000000000;  0.0000000000;  0.0000000000;  0.0000000000;  0.0000000000;  0.0000000000;  0.0000000000;  0.0000000000
717.00;  0.0000000000;  0.0000000000;  0.0000000000;  0.0000000000;  0.0000000000;  0.0000000000;  0.0000000000;  0.0000000000;  0.0000000000;  0.0000000000;  0.0000000000;  0.0000000000
718.00;  0.0000000000;  0.0000000000;  0.0000000000;  0.0000000000;  0.0000000000;  0.0000000000;  0.0000000000;  0.0000000000;  0.0000000000;  0.0000000000;  0.0000000000;  0.0000000000
719.00;  0.0000000000;  0.0000000000;  0.0000000000;  0.0000000000;  0.0000000000;  0.0000000000;  0.0000000000;  0.0000000000;  0.0000000000;  0.0000000000;  0.0000000000;  0.0000000000
720.00;  0.0000000000;  0.0000000000;  0.0000000000;  0.0000000000;  0.0000000000;  0.0000000000;  0.0000000000;  0.0000000000;  0.0000000000;  0.0000000000;  0.0000000000;  0.0000000000
721.00;  0.0000000000;  0.0000000000;  0.0000000000;  0.0000000000;  0.0000000000;  0.0000000000;  0.0000000000;  0.0000000000;  0.0000000000;  0.0000000000;  0.0000000000;  0.0000000000
722.00;  0.0000000000;  0.0000000000;  0.0000000000;  0.0000000000;  0.0000000000;  0.0000000000;  0.0000000000;  0.0000000000;  0.0000000000;  0.0000000000;  0.0000000000;  0.0000000000
723.00;  0.0000000000;  0.0000000000;  0.0000000000;  0.0000000000;  0.0000000000;  0.0000000000;  0.0000000000;  0.0000000000;  0.0000000000;  0.0000000000;  0.0000000000;  0.0000000000
724.00;  0.0000000000;  0.0000000000;  0.0000000000;  0.0000000000;  0.0000000000;  0.0000000000;  0.0000000000;  0.0000000000;  0.0000000000;  0.0000000000;  0.0000000000;  0.0000000000
725.00;  0.0000000000;  0.0000000000;  0.0000000000;  0.0000000000;  0.0000000000;  0.0000000000;  0.0000000000;  0.0000000000;  0.0000000000;  0.0000000000;  0.0000000000;  0.0000000000
726.00;  0.0000000000;  0.0000000000;  0.0000000000;  0.0000000000;  0.0000000000;  0.0000000000;  0.0000000000;  0.0000000000;  0.0000000000;  0.0000000000;  0.0000000000;  0.0000000000
727.00;  0.0000000000;  0.0000000000;  0.0000000000;  0.0000000000;  0.0000000000;  0.0000000000;  0.0000000000;  0.0000000000;  0.0000000000;  0.0000000000;  0.0000000000;  0.0000000000
728.00;  0.0000000000;  0.0000000000;  0.0000000000;  0.0000000000;  0.0000000000;  0.0000000000;  0.0000000000;  0.0000000000;  0.0000000000;  0.0000000000;  0.0000000000;  0.0000000000
729.00;  0.0000000000;  0.0000000000;  0.0000000000;  0.0000000000;  0.0000000000;  0.0000000000;  0.0000000000;  0.0000000000;  0.0000000000;  0.0000000000;  0.0000000000;  0.0000000000
730.00;  0.0000000000;  0.0000000000;  0.0000000000;  0.0000000000;  0.0000000000;  0.0000000000;  0.0000000000;  0.0000000000;  0.0000000000;  0.0000000000;  0.0000000000;  0.0000000000
731.00;  0.0000000000;  0.0000000000;  0.0000000000;  0.0000000000;  0.0000000000;  0.0000000000;  0.0000000000;  0.0000000000;  0.0000000000;  0.0000000000;  0.0000000000;  0.0000000000
732.00;  0.0000000000;  0.0000000000;  0.0000000000;  0.0000000000;  0.0000000000;  0.0000000000;  0.0000000000;  0.0000000000;  0.0000000000;  0.0000000000;  0.0000000000;  0.0000000000
733.00;  0.0000000000;  0.0000000000;  0.0000000000;  0.0000000000;  0.0000000000;  0.0000000000;  0.0000000000;  0.0000000000;  0.0000000000;  0.0000000000;  0.0000000000;  0.0000000000
734.00;  0.0000000000;  0.0000000000;  0.0000000000;  0.0000000000;  0.0000000000;  0.0000000000;  0.0000000000;  0.0000000000;  0.0000000000;  0.0000000000;  0.0000000000;  0.0000000000
735.00;  0.0000000000;  0.0000000000;  0.0000000000;  0.0000000000;  0.0000000000;  0.0000000000;  0.0000000000;  0.0000000000;  0.0000000000;  0.0000000000;  0.0000000000;  0.0000000000
736.00;  0.0000000000;  0.0000000000;  0.0000000000;  0.0000000000;  0.0000000000;  0.0000000000;  0.0000000000;  0.0000000000;  0.0000000000;  0.0000000000;  0.0000000000;  0.0000000000
737.00;  0.0000000000;  0.0000000000;  0.0000000000;  0.0000000000;  0.0000000000;  0.0000000000;  0.0000000000;  0.0000000000;  0.0000000000;  0.0000000000;  0.0000000000;  0.0000000000
738.00;  0.0000000000;  0.0000000000;  0.0000000000;  0.0000000000;  0.0000000000;  0.0000000000;  0.0000000000;  0.0000000000;  0.0000000000;  0.0000000000;  0.0000000000;  0.0000000000
739.00;  0.0000000000;  0.0000000000;  0.0000000000;  0.0000000000;  0.0000000000;  0.0000000000;  0.0000000000;  0.0000000000;  0.0000000000;  0.0000000000;  0.0000000000;  0.0000000000
740.00;  0.0000000000;  0.0000000000;  0.0000000000;  0.0000000000;  0.0000000000;  0.0000000000;  0.0000000000;  0.0000000000;  0.0000000000;  0.0000000000;  0.0000000000;  0.0000000000
741.00;  0.0000000000;  0.0000000000;  0.0000000000;  0.0000000000;  0.0000000000;  0.0000000000;  0.0000000000;  0.0000000000;  0.0000000000;  0.0000000000;  0.0000000000;  0.0000000000
742.00;  0.0000000000;  0.0000000000;  0.0000000000;  0.0000000000;  0.0000000000;  0.0000000000;  0.0000000000;  0.0000000000;  0.0000000000;  0.0000000000;  0.0000000000;  0.0000000000
743.00;  0.0000000000;  0.0000000000;  0.0000000000;  0.0000000000;  0.0000000000;  0.0000000000;  0.0000000000;  0.0000000000;  0.0000000000;  0.0000000000;  0.0000000000;  0.0000000000
744.00;  0.0000000000;  0.0000000000;  0.0000000000;  0.0000000000;  0.0000000000;  0.0000000000;  0.0000000000;  0.0000000000;  0.0000000000;  0.0000000000;  0.0000000000;  0.0000000000
745.00;  0.0000000000;  0.0000000000;  0.0000000000;  0.0000000000;  0.0000000000;  0.0000000000;  0.0000000000;  0.0000000000;  0.0000000000;  0.0000000000;  0.0000000000;  0.0000000000
746.00;  0.0000000000;  0.0000000000;  0.0000000000;  0.0000000000;  0.0000000000;  0.0000000000;  0.0000000000;  0.0000000000;  0.0000000000;  0.0000000000;  0.0000000000;  0.0000000000
747.00;  0.0000000000;  0.0000000000;  0.0000000000;  0.0000000000;  0.0000000000;  0.0000000000;  0.0000000000;  0.0000000000;  0.0000000000;  0.0000000000;  0.0000000000;  0.0000000000
748.00;  0.0000000000;  0.0000000000;  0.0000000000;  0.0000000000;  0.0000000000;  0.0000000000;  0.0000000000;  0.0000000000;  0.0000000000;  0.0000000000;  0.0000000000;  0.0000000000
749.00;  0.0000000000;  0.0000000000;  0.0000000000;  0.0000000000;  0.0000000000;  0.0000000000;  0.0000000000;  0.0000000000;  0.0000000000;  0.0000000000;  0.0000000000;  0.0000000000
750.00;  0.0000000000;  0.0000000000;  0.0000000000;  0.0000000000;  0.0000000000;  0.0000000000;  0.0000000000;  0.0000000000;  0.0000000000;  0.0000000000;  0.0000000000;  0.0000000000
751.00;  0.0000000000;  0.0000000000;  0.0000000000;  0.0000000000;  0.0000000000;  0.0000000000;  0.0000000000;  0.0000000000;  0.0000000000;  0.0000000000;  0.0000000000;  0.0000000000
752.00;  0.0000000000;  0.0000000000;  0.0000000000;  0.0000000000;  0.0000000000;  0.0000000000;  0.0000000000;  0.0000000000;  0.0000000000;  0.0000000000;  0.0000000000;  0.0000000000
753.00;  0.0000000000;  0.0000000000;  0.0000000000;  0.0000000000;  0.0000000000;  0.0000000000;  0.0000000000;  0.0000000000;  0.0000000000;  0.0000000000;  0.0000000000;  0.0000000000
754.00;  0.0000000000;  0.0000000000;  0.0000000000;  0.0000000000;  0.0000000000;  0.0000000000;  0.0000000000;  0.0000000000;  0.0000000000;  0.0000000000;  0.0000000000;  0.0000000000
755.00;  0.0000000000;  0.0000000000;  0.0000000000;  0.0000000000;  0.0000000000;  0.0000000000;  0.0000000000;  0.0000000000;  0.0000000000;  0.0000000000;  0.0000000000;  0.0000000000
756.00;  0.0000000000;  0.0000000000;  0.0000000000;  0.0000000000;  0.0000000000;  0.0000000000;  0.0000000000;  0.0000000000;  0.0000000000;  0.0000000000;  0.0000000000;  0.0000000000
757.00;  0.0000000000;  0.0000000000;  0.0000000000;  0.0000000000;  0.0000000000;  0.0000000000;  0.0000000000;  0.0000000000;  0.0000000000;  0.0000000000;  0.0000000000;  0.0000000000
758.00;  0.0000000000;  0.0000000000;  0.0000000000;  0.0000000000;  0.0000000000;  0.0000000000;  0.0000000000;  0.0000000000;  0.0000000000;  0.0000000000;  0.0000000000;  0.0000000000
759.00;  0.0000000000;  0.0000000000;  0.0000000000;  0.0000000000;  0.0000000000;  0.0000000000;  0.0000000000;  0.0000000000;  0.0000000000;  0.0000000000;  0.0000000000;  0.0000000000
760.00;  0.0000000000;  0.0000000000;  0.0000000000;  0.0000000000;  0.0000000000;  0.0000000000;  0.0000000000;  0.0000000000;  0.0000000000;  0.0000000000;  0.0000000000;  0.0000000000
761.00;  0.0000000000;  0.0000000000;  0.0000000000;  0.0000000000;  0.0000000000;  0.0000000000;  0.0000000000;  0.0000000000;  0.0000000000;  0.0000000000;  0.0000000000;  0.0000000000
762.00;  0.0000000000;  0.0000000000;  0.0000000000;  0.0000000000;  0.0000000000;  0.0000000000;  0.0000000000;  0.0000000000;  0.0000000000;  0.0000000000;  0.0000000000;  0.0000000000
763.00;  0.0000000000;  0.0000000000;  0.0000000000;  0.0000000000;  0.0000000000;  0.0000000000;  0.0000000000;  0.0000000000;  0.0000000000;  0.0000000000;  0.0000000000;  0.0000000000
764.00;  0.0000000000;  0.0000000000;  0.0000000000;  0.0000000000;  0.0000000000;  0.0000000000;  0.0000000000;  0.0000000000;  0.0000000000;  0.0000000000;  0.0000000000;  0.0000000000
765.00;  0.0000000000;  0.0000000000;  0.0000000000;  0.0000000000;  0.0000000000;  0.0000000000;  0.0000000000;  0.0000000000;  0.0000000000;  0.0000000000;  0.0000000000;  0.0000000000
766.00;  0.0000000000;  0.0000000000;  0.0000000000;  0.0000000000;  0.0000000000;  0.0000000000;  0.0000000000;  0.0000000000;  0.0000000000;  0.0000000000;  0.0000000000;  0.0000000000
767.00;  0.0000000000;  0.0000000000;  0.0000000000;  0.0000000000;  0.0000000000;  0.0000000000;  0.0000000000;  0.0000000000;  0.0000000000;  0.0000000000;  0.0000000000;  0.0000000000
768.00;  0.0000000000;  0.0000000000;  0.0000000000;  0.0000000000;  0.0000000000;  0.0000000000;  0.0000000000;  0.0000000000;  0.0000000000;  0.0000000000;  0.0000000000;  0.0000000000
769.00;  0.0000000000;  0.0000000000;  0.0000000000;  0.0000000000;  0.0000000000;  0.0000000000;  0.0000000000;  0.0000000000;  0.0000000000;  0.0000000000;  0.0000000000;  0.0000000000
770.00;  0.0000000000;  0.0000000000;  0.0000000000;  0.0000000000;  0.0000000000;  0.0000000000;  0.0000000000;  0.0000000000;  0.0000000000;  0.0000000000;  0.0000000000;  0.0000000000
771.00;  0.0000000000;  0.0000000000;  0.0000000000;  0.0000000000;  0.0000000000;  0.0000000000;  0.0000000000;  0.0000000000;  0.0000000000;  0.0000000000;  0.0000000000;  0.0000000000
772.00;  0.0000000000;  0.0000000000;  0.0000000000;  0.0000000000;  0.0000000000;  0.0000000000;  0.0000000000;  0.0000000000;  0.0000000000;  0.0000000000;  0.0000000000;  0.0000000000
773.00;  0.0000000000;  0.0000000000;  0.0000000000;  0.0000000000;  0.0000000000;  0.0000000000;  0.0000000000;  0.0000000000;  0.0000000000;  0.0000000000;  0.0000000000;  0.0000000000
774.00;  0.0000000000;  0.0000000000;  0.0000000000;  0.0000000000;  0.0000000000;  0.0000000000;  0.0000000000;  0.0000000000;  0.0000000000;  0.0000000000;  0.0000000000;  0.0000000000
775.00;  0.0000000000;  0.0000000000;  0.0000000000;  0.0000000000;  0.0000000000;  0.0000000000;  0.0000000000;  0.0000000000;  0.0000000000;  0.0000000000;  0.0000000000;  0.0000000000
776.00;  0.0000000000;  0.0000000000;  0.0000000000;  0.0000000000;  0.0000000000;  0.0000000000;  0.0000000000;  0.0000000000;  0.0000000000;  0.0000000000;  0.0000000000;  0.0000000000
777.00;  0.0000000000;  0.0000000000;  0.0000000000;  0.0000000000;  0.0000000000;  0.0000000000;  0.0000000000;  0.0000000000;  0.0000000000;  0.0000000000;  0.0000000000;  0.0000000000
778.00;  0.0000000000;  0.0000000000;  0.0000000000;  0.0000000000;  0.0000000000;  0.0000000000;  0.0000000000;  0.0000000000;  0.0000000000;  0.0000000000;  0.0000000000;  0.0000000000
779.00;  0.0000000000;  0.0000000000;  0.0000000000;  0.0000000000;  0.0000000000;  0.0000000000;  0.0000000000;  0.0000000000;  0.0000000000;  0.0000000000;  0.0000000000;  0.0000000000
780.00;  0.0000000000;  0.0000000000;  0.0000000000;  0.0000000000;  0.0000000000;  0.0000000000;  0.0000000000;  0.0000000000;  0.0000000000;  0.0000000000;  0.0000000000;  0.0000000000
781.00;  0.0000000000;  0.0000000000;  0.0000000000;  0.0000000000;  0.0000000000;  0.0000000000;  0.0000000000;  0.0000000000;  0.0000000000;  0.0000000000;  0.0000000000;  0.0000000000
782.00;  0.0000000000;  0.0000000000;  0.0000000000;  0.0000000000;  0.0000000000;  0.0000000000;  0.0000000000;  0.0000000000;  0.0000000000;  0.0000000000;  0.0000000000;  0.0000000000
783.00;  0.0000000000;  0.0000000000;  0.0000000000;  0.0000000000;  0.0000000000;  0.0000000000;  0.0000000000;  0.0000000000;  0.0000000000;  0.0000000000;  0.0000000000;  0.0000000000
784.00;  0.0000000000;  0.0000000000;  0.0000000000;  0.0000000000;  0.0000000000;  0.0000000000;  0.0000000000;  0.0000000000;  0.0000000000;  0.0000000000;  0.0000000000;  0.0000000000
785.00;  0.0000000000;  0.0000000000;  0.0000000000;  0.0000000000;  0.0000000000;  0.0000000000;  0.0000000000;  0.0000000000;  0.0000000000;  0.0000000000;  0.0000000000;  0.0000000000
786.00;  0.0000000000;  0.0000000000;  0.0000000000;  0.0000000000;  0.0000000000;  0.0000000000;  0.0000000000;  0.0000000000;  0.0000000000;  0.0000000000;  0.0000000000;  0.0000000000
787.00;  0.0000000000;  0.0000000000;  0.0000000000;  0.0000000000;  0.0000000000;  0.0000000000;  0.0000000000;  0.0000000000;  0.0000000000;  0.0000000000;  0.0000000000;  0.0000000000
788.00;  0.0000000000;  0.0000000000;  0.0000000000;  0.0000000000;  0.0000000000;  0.0000000000;  0.0000000000;  0.0000000000;  0.0000000000;  0.0000000000;  0.0000000000;  0.0000000000
789.00;  0.0000000000;  0.0000000000;  0.0000000000;  0.0000000000;  0.0000000000;  0.0000000000;  0.0000000000;  0.0000000000;  0.0000000000;  0.0000000000;  0.0000000000;  0.0000000000
790.00;  0.0000000000;  0.0000000000;  0.0000000000;  0.0000000000;  0.0000000000;  0.0000000000;  0.0000000000;  0.0000000000;  0.0000000000;  0.0000000000;  0.0000000000;  0.0000000000
791.00;  0.0000000000;  0.0000000000;  0.0000000000;  0.0000000000;  0.0000000000;  0.0000000000;  0.0000000000;  0.0000000000;  0.0000000000;  0.0000000000;  0.0000000000;  0.0000000000
792.00;  0.0000000000;  0.0000000000;  0.0000000000;  0.0000000000;  0.0000000000;  0.0000000000;  0.0000000000;  0.0000000000;  0.0000000000;  0.0000000000;  0.0000000000;  0.0000000000
793.00;  0.0000000000;  0.0000000000;  0.0000000000;  0.0000000000;  0.0000000000;  0.0000000000;  0.0000000000;  0.0000000000;  0.0000000000;  0.0000000000;  0.0000000000;  0.0000000000
794.00;  0.0000000000;  0.0000000000;  0.0000000000;  0.0000000000;  0.0000000000;  0.0000000000;  0.0000000000;  0.0000000000;  0.0000000000;  0.0000000000;  0.0000000000;  0.0000000000
795.00;  0.0000000000;  0.0000000000;  0.0000000000;  0.0000000000;  0.0000000000;  0.0000000000;  0.0000000000;  0.0000000000;  0.0000000000;  0.0000000000;  0.0000000000;  0.0000000000
796.00;  0.0000000000;  0.0000000000;  0.0000000000;  0.0000000000;  0.0000000000;  0.0000000000;  0.0000000000;  0.0000000000;  0.0000000000;  0.0000000000;  0.0000000000;  0.0000000000
797.00;  0.0000000000;  0.0000000000;  0.0000000000;  0.0000000000;  0.0000000000;  0.0000000000;  0.0000000000;  0.0000000000;  0.0000000000;  0.0000000000;  0.0000000000;  0.0000000000
798.00;  0.0000000000;  0.0000000000;  0.0000000000;  0.0000000000;  0.0000000000;  0.0000000000;  0.0000000000;  0.0000000000;  0.0000000000;  0.0000000000;  0.0000000000;  0.0000000000
799.00;  0.0000000000;  0.0000000000;  0.0000000000;  0.0000000000;  0.0000000000;  0.0000000000;  0.0000000000;  0.0000000000;  0.0000000000;  0.0000000000;  0.0000000000;  0.0000000000
800.00;  0.0000000000;  0.0000000000;  0.0000000000;  0.0000000000;  0.0000000000;  0.0000000000;  0.0000000000;  0.0000000000;  0.0000000000;  0.0000000000;  0.0000000000;  0.0000000000
801.00;  0.0000000000;  0.0000000000;  0.0000000000;  0.0000000000;  0.0000000000;  0.0000000000;  0.0000000000;  0.0000000000;  0.0000000000;  0.0000000000;  0.0000000000;  0.0000000000
802.00;  0.0000000000;  0.0000000000;  0.0000000000;  0.0000000000;  0.0000000000;  0.0000000000;  0.0000000000;  0.0000000000;  0.0000000000;  0.0000000000;  0.0000000000;  0.0000000000
803.00;  0.0000000000;  0.0000000000;  0.0000000000;  0.0000000000;  0.0000000000;  0.0000000000;  0.0000000000;  0.0000000000;  0.0000000000;  0.0000000000;  0.0000000000;  0.0000000000
804.00;  0.0000000000;  0.0000000000;  0.0000000000;  0.0000000000;  0.0000000000;  0.0000000000;  0.0000000000;  0.0000000000;  0.0000000000;  0.0000000000;  0.0000000000;  0.0000000000
805.00;  0.0000000000;  0.0000000000;  0.0000000000;  0.0000000000;  0.0000000000;  0.0000000000;  0.0000000000;  0.0000000000;  0.0000000000;  0.0000000000;  0.0000000000;  0.0000000000
806.00;  0.0000000000;  0.0000000000;  0.0000000000;  0.0000000000;  0.0000000000;  0.0000000000;  0.0000000000;  0.0000000000;  0.0000000000;  0.0000000000;  0.0000000000;  0.0000000000
807.00;  0.0000000000;  0.0000000000;  0.0000000000;  0.0000000000;  0.0000000000;  0.0000000000;  0.0000000000;  0.0000000000;  0.0000000000;  0.0000000000;  0.0000000000;  0.0000000000
808.00;  0.0000000000;  0.0000000000;  0.0000000000;  0.0000000000;  0.0000000000;  0.0000000000;  0.0000000000;  0.0000000000;  0.0000000000;  0.0000000000;  0.0000000000;  0.0000000000
809.00;  0.0000000000;  0.0000000000;  0.0000000000;  0.0000000000;  0.0000000000;  0.0000000000;  0.0000000000;  0.0000000000;  0.0000000000;  0.0000000000;  0.0000000000;  0.0000000000
810.00;  0.0000000000;  0.0000000000;  0.0000000000;  0.0000000000;  0.0000000000;  0.0000000000;  0.0000000000;  0.0000000000;  0.0000000000;  0.0000000000;  0.0000000000;  0.0000000000
811.00;  0.0000000000;  0.0000000000;  0.0000000000;  0.0000000000;  0.0000000000;  0.0000000000;  0.0000000000;  0.0000000000;  0.0000000000;  0.0000000000;  0.0000000000;  0.0000000000
812.00;  0.0000000000;  0.0000000000;  0.0000000000;  0.0000000000;  0.0000000000;  0.0000000000;  0.0000000000;  0.0000000000;  0.0000000000;  0.0000000000;  0.0000000000;  0.0000000000
813.00;  0.0000000000;  0.0000000000;  0.0000000000;  0.0000000000;  0.0000000000;  0.0000000000;  0.0000000000;  0.0000000000;  0.0000000000;  0.0000000000;  0.0000000000;  0.0000000000
814.00;  0.0000000000;  0.0000000000;  0.0000000000;  0.0000000000;  0.0000000000;  0.0000000000;  0.0000000000;  0.0000000000;  0.0000000000;  0.0000000000;  0.0000000000;  0.0000000000
815.00;  0.0000000000;  0.0000000000;  0.0000000000;  0.0000000000;  0.0000000000;  0.0000000000;  0.0000000000;  0.0000000000;  0.0000000000;  0.0000000000;  0.0000000000;  0.0000000000
816.00;  0.0000000000;  0.0000000000;  0.0000000000;  0.0000000000;  0.0000000000;  0.0000000000;  0.0000000000;  0.0000000000;  0.0000000000;  0.0000000000;  0.0000000000;  0.0000000000
817.00;  0.0000000000;  0.0000000000;  0.0000000000;  0.0000000000;  0.0000000000;  0.0000000000;  0.0000000000;  0.0000000000;  0.0000000000;  0.0000000000;  0.0000000000;  0.0000000000
818.00;  0.0000000000;  0.0000000000;  0.0000000000;  0.0000000000;  0.0000000000;  0.0000000000;  0.0000000000;  0.0000000000;  0.0000000000;  0.0000000000;  0.0000000000;  0.0000000000
819.00;  0.0000000000;  0.0000000000;  0.0000000000;  0.0000000000;  0.0000000000;  0.0000000000;  0.0000000000;  0.0000000000;  0.0000000000;  0.0000000000;  0.0000000000;  0.0000000000
820.00;  0.0000000000;  0.0000000000;  0.0000000000;  0.0000000000;  0.0000000000;  0.0000000000;  0.0000000000;  0.0000000000;  0.0000000000;  0.0000000000;  0.0000000000;  0.0000000000
821.00;  0.0000000000;  0.0000000000;  0.0000000000;  0.0000000000;  0.0000000000;  0.0000000000;  0.0000000000;  0.0000000000;  0.0000000000;  0.0000000000;  0.0000000000;  0.0000000000
822.00;  0.0000000000;  0.0000000000;  0.0000000000;  0.0000000000;  0.0000000000;  0.0000000000;  0.0000000000;  0.0000000000;  0.0000000000;  0.0000000000;  0.0000000000;  0.0000000000
823.00;  0.0000000000;  0.0000000000;  0.0000000000;  0.0000000000;  0.0000000000;  0.0000000000;  0.0000000000;  0.0000000000;  0.0000000000;  0.0000000000;  0.0000000000;  0.0000000000
824.00;  0.0000000000;  0.0000000000;  0.0000000000;  0.0000000000;  0.0000000000;  0.0000000000;  0.0000000000;  0.0000000000;  0.0000000000;  0.0000000000;  0.0000000000;  0.0000000000
825.00;  0.0000000000;  0.0000000000;  0.0000000000;  0.0000000000;  0.0000000000;  0.0000000000;  0.0000000000;  0.0000000000;  0.0000000000;  0.0000000000;  0.0000000000;  0.0000000000
826.00;  0.0000000000;  0.0000000000;  0.0000000000;  0.0000000000;  0.0000000000;  0.0000000000;  0.0000000000;  0.0000000000;  0.0000000000;  0.0000000000;  0.0000000000;  0.0000000000
827.00;  0.0000000000;  0.0000000000;  0.0000000000;  0.0000000000;  0.0000000000;  0.0000000000;  0.0000000000;  0.0000000000;  0.0000000000;  0.0000000000;  0.0000000000;  0.0000000000
828.00;  0.0000000000;  0.0000000000;  0.0000000000;  0.0000000000;  0.0000000000;  0.0000000000;  0.0000000000;  0.0000000000;  0.0000000000;  0.0000000000;  0.0000000000;  0.0000000000
829.00;  0.0000000000;  0.0000000000;  0.0000000000;  0.0000000000;  0.0000000000;  0.0000000000;  0.0000000000;  0.0000000000;  0.0000000000;  0.0000000000;  0.0000000000;  0.0000000000
830.00;  0.0000000000;  0.0000000000;  0.0000000000;  0.0000000000;  0.0000000000;  0.0000000000;  0.0000000000;  0.0000000000;  0.0000000000;  0.0000000000;  0.0000000000;  0.0000000000
831.00;  0.0000000000;  0.0000000000;  0.0000000000;  0.0000000000;  0.0000000000;  0.0000000000;  0.0000000000;  0.0000000000;  0.0000000000;  0.0000000000;  0.0000000000;  0.0000000000
832.00;  0.0000000000;  0.0000000000;  0.0000000000;  0.0000000000;  0.0000000000;  0.0000000000;  0.0000000000;  0.0000000000;  0.0000000000;  0.0000000000;  0.0000000000;  0.0000000000
833.00;  0.0000000000;  0.0000000000;  0.0000000000;  0.0000000000;  0.0000000000;  0.0000000000;  0.0000000000;  0.0000000000;  0.0000000000;  0.0000000000;  0.0000000000;  0.0000000000
834.00;  0.0000000000;  0.0000000000;  0.0000000000;  0.0000000000;  0.0000000000;  0.0000000000;  0.0000000000;  0.0000000000;  0.0000000000;  0.0000000000;  0.0000000000;  0.0000000000
835.00;  0.0000000000;  0.0000000000;  0.0000000000;  0.0000000000;  0.0000000000;  0.0000000000;  0.0000000000;  0.0000000000;  0.0000000000;  0.0000000000;  0.0000000000;  0.0000000000
836.00;  0.0000000000;  0.0000000000;  0.0000000000;  0.0000000000;  0.0000000000;  0.0000000000;  0.0000000000;  0.0000000000;  0.0000000000;  0.0000000000;  0.0000000000;  0.0000000000
837.00;  0.0000000000;  0.0000000000;  0.0000000000;  0.0000000000;  0.0000000000;  0.0000000000;  0.0000000000;  0.0000000000;  0.0000000000;  0.0000000000;  0.0000000000;  0.0000000000
838.00;  0.0000000000;  0.0000000000;  0.0000000000;  0.0000000000;  0.0000000000;  0.0000000000;  0.0000000000;  0.0000000000;  0.0000000000;  0.0000000000;  0.0000000000;  0.0000000000
839.00;  0.0000000000;  0.0000000000;  0.0000000000;  0.0000000000;  0.0000000000;  0.0000000000;  0.0000000000;  0.0000000000;  0.0000000000;  0.0000000000;  0.0000000000;  0.0000000000
840.00;  0.0000000000;  0.0000000000;  0.0000000000;  0.0000000000;  0.0000000000;  0.0000000000;  0.0000000000;  0.0000000000;  0.0000000000;  0.0000000000;  0.0000000000;  0.0000000000
841.00;  0.0000000000;  0.0000000000;  0.0000000000;  0.0000000000;  0.0000000000;  0.0000000000;  0.0000000000;  0.0000000000;  0.0000000000;  0.0000000000;  0.0000000000;  0.0000000000
842.00;  0.0000000000;  0.0000000000;  0.0000000000;  0.0000000000;  0.0000000000;  0.0000000000;  0.0000000000;  0.0000000000;  0.0000000000;  0.0000000000;  0.0000000000;  0.0000000000
843.00;  0.0000000000;  0.0000000000;  0.0000000000;  0.0000000000;  0.0000000000;  0.0000000000;  0.0000000000;  0.0000000000;  0.0000000000;  0.0000000000;  0.0000000000;  0.0000000000
844.00;  0.0000000000;  0.0000000000;  0.0000000000;  0.0000000000;  0.0000000000;  0.0000000000;  0.0000000000;  0.0000000000;  0.0000000000;  0.0000000000;  0.0000000000;  0.0000000000
845.00;  0.0000000000;  0.0000000000;  0.0000000000;  0.0000000000;  0.0000000000;  0.0000000000;  0.0000000000;  0.0000000000;  0.0000000000;  0.0000000000;  0.0000000000;  0.0000000000
846.00;  0.0000000000;  0.0000000000;  0.0000000000;  0.0000000000;  0.0000000000;  0.0000000000;  0.0000000000;  0.0000000000;  0.0000000000;  0.0000000000;  0.0000000000;  0.0000000000
847.00;  0.0000000000;  0.0000000000;  0.0000000000;  0.0000000000;  0.0000000000;  0.0000000000;  0.0000000000;  0.0000000000;  0.0000000000;  0.0000000000;  0.0000000000;  0.0000000000
848.00;  0.0000000000;  0.0000000000;  0.0000000000;  0.0000000000;  0.0000000000;  0.0000000000;  0.0000000000;  0.0000000000;  0.0000000000;  0.0000000000;  0.0000000000;  0.0000000000
849.00;  0.0000000000;  0.0000000000;  0.0000000000;  0.0000000000;  0.0000000000;  0.0000000000;  0.0000000000;  0.0000000000;  0.0000000000;  0.0000000000;  0.0000000000;  0.0000000000
850.00;  0.0000000000;  0.0000000000;  0.0000000000;  0.0000000000;  0.0000000000;  0.0000000000;  0.0000000000;  0.0000000000;  0.0000000000;  0.0000000000;  0.0000000000;  0.0000000000
851.00;  0.0000000000;  0.0000000000;  0.0000000000;  0.0000000000;  0.0000000000;  0.0000000000;  0.0000000000;  0.0000000000;  0.0000000000;  0.0000000000;  0.0000000000;  0.0000000000
852.00;  0.0000000000;  0.0000000000;  0.0000000000;  0.0000000000;  0.0000000000;  0.0000000000;  0.0000000000;  0.0000000000;  0.0000000000;  0.0000000000;  0.0000000000;  0.0000000000
853.00;  0.0000000000;  0.0000000000;  0.0000000000;  0.0000000000;  0.0000000000;  0.0000000000;  0.0000000000;  0.0000000000;  0.0000000000;  0.0000000000;  0.0000000000;  0.0000000000
854.00;  0.0000000000;  0.0000000000;  0.0000000000;  0.0000000000;  0.0000000000;  0.0000000000;  0.0000000000;  0.0000000000;  0.0000000000;  0.0000000000;  0.0000000000;  0.0000000000
855.00;  0.0000000000;  0.0000000000;  0.0000000000;  0.0000000000;  0.0000000000;  0.0000000000;  0.0000000000;  0.0000000000;  0.0000000000;  0.0000000000;  0.0000000000;  0.0000000000
856.00;  0.0000000000;  0.0000000000;  0.0000000000;  0.0000000000;  0.0000000000;  0.0000000000;  0.0000000000;  0.0000000000;  0.0000000000;  0.0000000000;  0.0000000000;  0.0000000000
857.00;  0.0000000000;  0.0000000000;  0.0000000000;  0.0000000000;  0.0000000000;  0.0000000000;  0.0000000000;  0.0000000000;  0.0000000000;  0.0000000000;  0.0000000000;  0.0000000000
858.00;  0.0000000000;  0.0000000000;  0.0000000000;  0.0000000000;  0.0000000000;  0.0000000000;  0.0000000000;  0.0000000000;  0.0000000000;  0.0000000000;  0.0000000000;  0.0000000000
859.00;  0.0000000000;  0.0000000000;  0.0000000000;  0.0000000000;  0.0000000000;  0.0000000000;  0.0000000000;  0.0000000000;  0.0000000000;  0.0000000000;  0.0000000000;  0.0000000000
860.00;  0.0000000000;  0.0000000000;  0.0000000000;  0.0000000000;  0.0000000000;  0.0000000000;  0.0000000000;  0.0000000000;  0.0000000000;  0.0000000000;  0.0000000000;  0.0000000000
861.00;  0.0000000000;  0.0000000000;  0.0000000000;  0.0000000000;  0.0000000000;  0.0000000000;  0.0000000000;  0.0000000000;  0.0000000000;  0.0000000000;  0.0000000000;  0.0000000000
862.00;  0.0000000000;  0.0000000000;  0.0000000000;  0.0000000000;  0.0000000000;  0.0000000000;  0.0000000000;  0.0000000000;  0.0000000000;  0.0000000000;  0.0000000000;  0.0000000000
863.00;  0.0000000000;  0.0000000000;  0.0000000000;  0.0000000000;  0.0000000000;  0.0000000000;  0.0000000000;  0.0000000000;  0.0000000000;  0.0000000000;  0.0000000000;  0.0000000000
864.00;  0.0000000000;  0.0000000000;  0.0000000000;  0.0000000000;  0.0000000000;  0.0000000000;  0.0000000000;  0.0000000000;  0.0000000000;  0.0000000000;  0.0000000000;  0.0000000000
865.00;  0.0000000000;  0.0000000000;  0.0000000000;  0.0000000000;  0.0000000000;  0.0000000000;  0.0000000000;  0.0000000000;  0.0000000000;  0.0000000000;  0.0000000000;  0.0000000000
866.00;  0.0000000000;  0.0000000000;  0.0000000000;  0.0000000000;  0.0000000000;  0.0000000000;  0.0000000000;  0.0000000000;  0.0000000000;  0.0000000000;  0.0000000000;  0.0000000000
867.00;  0.0000000000;  0.0000000000;  0.0000000000;  0.0000000000;  0.0000000000;  0.0000000000;  0.0000000000;  0.0000000000;  0.0000000000;  0.0000000000;  0.0000000000;  0.0000000000
868.00;  0.0000000000;  0.0000000000;  0.0000000000;  0.0000000000;  0.0000000000;  0.0000000000;  0.0000000000;  0.0000000000;  0.0000000000;  0.0000000000;  0.0000000000;  0.0000000000
869.00;  0.0000000000;  0.0000000000;  0.0000000000;  0.0000000000;  0.0000000000;  0.0000000000;  0.0000000000;  0.0000000000;  0.0000000000;  0.0000000000;  0.0000000000;  0.0000000000
870.00;  0.0000000000;  0.0000000000;  0.0000000000;  0.0000000000;  0.0000000000;  0.0000000000;  0.0000000000;  0.0000000000;  0.0000000000;  0.0000000000;  0.0000000000;  0.0000000000
871.00;  0.0000000000;  0.0000000000;  0.0000000000;  0.0000000000;  0.0000000000;  0.0000000000;  0.0000000000;  0.0000000000;  0.0000000000;  0.0000000000;  0.0000000000;  0.0000000000
872.00;  0.0000000000;  0.0000000000;  0.0000000000;  0.0000000000;  0.0000000000;  0.0000000000;  0.0000000000;  0.0000000000;  0.0000000000;  0.0000000000;  0.0000000000;  0.0000000000
873.00;  0.0000000000;  0.0000000000;  0.0000000000;  0.0000000000;  0.0000000000;  0.0000000000;  0.0000000000;  0.0000000000;  0.0000000000;  0.0000000000;  0.0000000000;  0.0000000000
874.00;  0.0000000000;  0.0000000000;  0.0000000000;  0.0000000000;  0.0000000000;  0.0000000000;  0.0000000000;  0.0000000000;  0.0000000000;  0.0000000000;  0.0000000000;  0.0000000000
875.00;  0.0000000000;  0.0000000000;  0.0000000000;  0.0000000000;  0.0000000000;  0.0000000000;  0.0000000000;  0.0000000000;  0.0000000000;  0.0000000000;  0.0000000000;  0.0000000000
876.00;  0.0000000000;  0.0000000000;  0.0000000000;  0.0000000000;  0.0000000000;  0.0000000000;  0.0000000000;  0.0000000000;  0.0000000000;  0.0000000000;  0.0000000000;  0.0000000000
877.00;  0.0000000000;  0.0000000000;  0.0000000000;  0.0000000000;  0.0000000000;  0.0000000000;  0.0000000000;  0.0000000000;  0.0000000000;  0.0000000000;  0.0000000000;  0.0000000000
878.00;  0.0000000000;  0.0000000000;  0.0000000000;  0.0000000000;  0.0000000000;  0.0000000000;  0.0000000000;  0.0000000000;  0.0000000000;  0.0000000000;  0.0000000000;  0.0000000000
879.00;  0.0000000000;  0.0000000000;  0.0000000000;  0.0000000000;  0.0000000000;  0.0000000000;  0.0000000000;  0.0000000000;  0.0000000000;  0.0000000000;  0.0000000000;  0.0000000000
880.00;  0.0000000000;  0.0000000000;  0.0000000000;  0.0000000000;  0.0000000000;  0.0000000000;  0.0000000000;  0.0000000000;  0.0000000000;  0.0000000000;  0.0000000000;  0.0000000000
881.00;  0.0000000000;  0.0000000000;  0.0000000000;  0.0000000000;  0.0000000000;  0.0000000000;  0.0000000000;  0.0000000000;  0.0000000000;  0.0000000000;  0.0000000000;  0.0000000000
882.00;  0.0000000000;  0.0000000000;  0.0000000000;  0.0000000000;  0.0000000000;  0.0000000000;  0.0000000000;  0.0000000000;  0.0000000000;  0.0000000000;  0.0000000000;  0.0000000000
883.00;  0.0000000000;  0.0000000000;  0.0000000000;  0.0000000000;  0.0000000000;  0.0000000000;  0.0000000000;  0.0000000000;  0.0000000000;  0.0000000000;  0.0000000000;  0.0000000000
884.00;  0.0000000000;  0.0000000000;  0.0000000000;  0.0000000000;  0.0000000000;  0.0000000000;  0.0000000000;  0.0000000000;  0.0000000000;  0.0000000000;  0.0000000000;  0.0000000000
885.00;  0.0000000000;  0.0000000000;  0.0000000000;  0.0000000000;  0.0000000000;  0.0000000000;  0.0000000000;  0.0000000000;  0.0000000000;  0.0000000000;  0.0000000000;  0.0000000000
886.00;  0.0000000000;  0.0000000000;  0.0000000000;  0.0000000000;  0.0000000000;  0.0000000000;  0.0000000000;  0.0000000000;  0.0000000000;  0.0000000000;  0.0000000000;  0.0000000000
887.00;  0.0000000000;  0.0000000000;  0.0000000000;  0.0000000000;  0.0000000000;  0.0000000000;  0.0000000000;  0.0000000000;  0.0000000000;  0.0000000000;  0.0000000000;  0.0000000000
888.00;  0.0000000000;  0.0000000000;  0.0000000000;  0.0000000000;  0.0000000000;  0.0000000000;  0.0000000000;  0.0000000000;  0.0000000000;  0.0000000000;  0.0000000000;  0.0000000000
889.00;  0.0000000000;  0.0000000000;  0.0000000000;  0.0000000000;  0.0000000000;  0.0000000000;  0.0000000000;  0.0000000000;  0.0000000000;  0.0000000000;  0.0000000000;  0.0000000000
890.00;  0.0000000000;  0.0000000000;  0.0000000000;  0.0000000000;  0.0000000000;  0.0000000000;  0.0000000000;  0.0000000000;  0.0000000000;  0.0000000000;  0.0000000000;  0.0000000000
891.00;  0.0000000000;  0.0000000000;  0.0000000000;  0.0000000000;  0.0000000000;  0.0000000000;  0.0000000000;  0.0000000000;  0.0000000000;  0.0000000000;  0.0000000000;  0.0000000000
892.00;  0.0000000000;  0.0000000000;  0.0000000000;  0.0000000000;  0.0000000000;  0.0000000000;  0.0000000000;  0.0000000000;  0.0000000000;  0.0000000000;  0.0000000000;  0.0000000000
893.00;  0.0000000000;  0.0000000000;  0.0000000000;  0.0000000000;  0.0000000000;  0.0000000000;  0.0000000000;  0.0000000000;  0.0000000000;  0.0000000000;  0.0000000000;  0.0000000000
894.00;  0.0000000000;  0.0000000000;  0.0000000000;  0.0000000000;  0.0000000000;  0.0000000000;  0.0000000000;  0.0000000000;  0.0000000000;  0.0000000000;  0.0000000000;  0.0000000000
895.00;  0.0000000000;  0.0000000000;  0.0000000000;  0.0000000000;  0.0000000000;  0.0000000000;  0.0000000000;  0.0000000000;  0.0000000000;  0.0000000000;  0.0000000000;  0.0000000000
896.00;  0.0000000000;  0.0000000000;  0.0000000000;  0.0000000000;  0.0000000000;  0.0000000000;  0.0000000000;  0.0000000000;  0.0000000000;  0.0000000000;  0.0000000000;  0.0000000000
897.00;  0.0000000000;  0.0000000000;  0.0000000000;  0.0000000000;  0.0000000000;  0.0000000000;  0.0000000000;  0.0000000000;  0.0000000000;  0.0000000000;  0.0000000000;  0.0000000000
898.00;  0.0000000000;  0.0000000000;  0.0000000000;  0.0000000000;  0.0000000000;  0.0000000000;  0.0000000000;  0.0000000000;  0.0000000000;  0.0000000000;  0.0000000000;  0.0000000000
899.00;  0.0000000000;  0.0000000000;  0.0000000000;  0.0000000000;  0.0000000000;  0.0000000000;  0.0000000000;  0.0000000000;  0.0000000000;  0.0000000000;  0.0000000000;  0.0000000000
900.00;  0.0000000000;  0.0000000000;  0.0000000000;  0.0000000000;  0.0000000000;  0.0000000000;  0.0000000000;  0.0000000000;  0.0000000000;  0.0000000000;  0.0000000000;  0.0000000000
901.00;  0.0000000000;  0.0000000000;  0.0000000000;  0.0000000000;  0.0000000000;  0.0000000000;  0.0000000000;  0.0000000000;  0.0000000000;  0.0000000000;  0.0000000000;  0.0000000000
902.00;  0.0000000000;  0.0000000000;  0.0000000000;  0.0000000000;  0.0000000000;  0.0000000000;  0.0000000000;  0.0000000000;  0.0000000000;  0.0000000000;  0.0000000000;  0.0000000000
903.00;  0.0000000000;  0.0000000000;  0.0000000000;  0.0000000000;  0.0000000000;  0.0000000000;  0.0000000000;  0.0000000000;  0.0000000000;  0.0000000000;  0.0000000000;  0.0000000000
904.00;  0.0000000000;  0.0000000000;  0.0000000000;  0.0000000000;  0.0000000000;  0.0000000000;  0.0000000000;  0.0000000000;  0.0000000000;  0.0000000000;  0.0000000000;  0.0000000000
905.00;  0.0000000000;  0.0000000000;  0.0000000000;  0.0000000000;  0.0000000000;  0.0000000000;  0.0000000000;  0.0000000000;  0.0000000000;  0.0000000000;  0.0000000000;  0.0000000000
906.00;  0.0000000000;  0.0000000000;  0.0000000000;  0.0000000000;  0.0000000000;  0.0000000000;  0.0000000000;  0.0000000000;  0.0000000000;  0.0000000000;  0.0000000000;  0.0000000000
907.00;  0.0000000000;  0.0000000000;  0.0000000000;  0.0000000000;  0.0000000000;  0.0000000000;  0.0000000000;  0.0000000000;  0.0000000000;  0.0000000000;  0.0000000000;  0.0000000000
908.00;  0.0000000000;  0.0000000000;  0.0000000000;  0.0000000000;  0.0000000000;  0.0000000000;  0.0000000000;  0.0000000000;  0.0000000000;  0.0000000000;  0.0000000000;  0.0000000000
909.00;  0.0000000000;  0.0000000000;  0.0000000000;  0.0000000000;  0.0000000000;  0.0000000000;  0.0000000000;  0.0000000000;  0.0000000000;  0.0000000000;  0.0000000000;  0.0000000000
910.00;  0.0000000000;  0.0000000000;  0.0000000000;  0.0000000000;  0.0000000000;  0.0000000000;  0.0000000000;  0.0000000000;  0.0000000000;  0.0000000000;  0.0000000000;  0.0000000000
911.00;  0.0000000000;  0.0000000000;  0.0000000000;  0.0000000000;  0.0000000000;  0.0000000000;  0.0000000000;  0.0000000000;  0.0000000000;  0.0000000000;  0.0000000000;  0.0000000000
912.00;  0.0000000000;  0.0000000000;  0.0000000000;  0.0000000000;  0.0000000000;  0.0000000000;  0.0000000000;  0.0000000000;  0.0000000000;  0.0000000000;  0.0000000000;  0.0000000000
913.00;  0.0000000000;  0.0000000000;  0.0000000000;  0.0000000000;  0.0000000000;  0.0000000000;  0.0000000000;  0.0000000000;  0.0000000000;  0.0000000000;  0.0000000000;  0.0000000000
914.00;  0.0000000000;  0.0000000000;  0.0000000000;  0.0000000000;  0.0000000000;  0.0000000000;  0.0000000000;  0.0000000000;  0.0000000000;  0.0000000000;  0.0000000000;  0.0000000000
915.00;  0.0000000000;  0.0000000000;  0.0000000000;  0.0000000000;  0.0000000000;  0.0000000000;  0.0000000000;  0.0000000000;  0.0000000000;  0.0000000000;  0.0000000000;  0.0000000000
916.00;  0.0000000000;  0.0000000000;  0.0000000000;  0.0000000000;  0.0000000000;  0.0000000000;  0.0000000000;  0.0000000000;  0.0000000000;  0.0000000000;  0.0000000000;  0.0000000000
917.00;  0.0000000000;  0.0000000000;  0.0000000000;  0.0000000000;  0.0000000000;  0.0000000000;  0.0000000000;  0.0000000000;  0.0000000000;  0.0000000000;  0.0000000000;  0.0000000000
918.00;  0.0000000000;  0.0000000000;  0.0000000000;  0.0000000000;  0.0000000000;  0.0000000000;  0.0000000000;  0.0000000000;  0.0000000000;  0.0000000000;  0.0000000000;  0.0000000000
919.00;  0.0000000000;  0.0000000000;  0.0000000000;  0.0000000000;  0.0000000000;  0.0000000000;  0.0000000000;  0.0000000000;  0.0000000000;  0.0000000000;  0.0000000000;  0.0000000000
920.00;  0.0000000000;  0.0000000000;  0.0000000000;  0.0000000000;  0.0000000000;  0.0000000000;  0.0000000000;  0.0000000000;  0.0000000000;  0.0000000000;  0.0000000000;  0.0000000000
921.00;  0.0000000000;  0.0000000000;  0.0000000000;  0.0000000000;  0.0000000000;  0.0000000000;  0.0000000000;  0.0000000000;  0.0000000000;  0.0000000000;  0.0000000000;  0.0000000000
922.00;  0.0000000000;  0.0000000000;  0.0000000000;  0.0000000000;  0.0000000000;  0.0000000000;  0.0000000000;  0.0000000000;  0.0000000000;  0.0000000000;  0.0000000000;  0.0000000000
923.00;  0.0000000000;  0.0000000000;  0.0000000000;  0.0000000000;  0.0000000000;  0.0000000000;  0.0000000000;  0.0000000000;  0.0000000000;  0.0000000000;  0.0000000000;  0.0000000000
924.00;  0.0000000000;  0.0000000000;  0.0000000000;  0.0000000000;  0.0000000000;  0.0000000000;  0.0000000000;  0.0000000000;  0.0000000000;  0.0000000000;  0.0000000000;  0.0000000000
925.00;  0.0000000000;  0.0000000000;  0.0000000000;  0.0000000000;  0.0000000000;  0.0000000000;  0.0000000000;  0.0000000000;  0.0000000000;  0.0000000000;  0.0000000000;  0.0000000000
926.00;  0.0000000000;  0.0000000000;  0.0000000000;  0.0000000000;  0.0000000000;  0.0000000000;  0.0000000000;  0.0000000000;  0.0000000000;  0.0000000000;  0.0000000000;  0.0000000000
927.00;  0.0000000000;  0.0000000000;  0.0000000000;  0.0000000000;  0.0000000000;  0.0000000000;  0.0000000000;  0.0000000000;  0.0000000000;  0.0000000000;  0.0000000000;  0.0000000000
928.00;  0.0000000000;  0.0000000000;  0.0000000000;  0.0000000000;  0.0000000000;  0.0000000000;  0.0000000000;  0.0000000000;  0.0000000000;  0.0000000000;  0.0000000000;  0.0000000000
929.00;  0.0000000000;  0.0000000000;  0.0000000000;  0.0000000000;  0.0000000000;  0.0000000000;  0.0000000000;  0.0000000000;  0.0000000000;  0.0000000000;  0.0000000000;  0.0000000000
930.00;  0.0000000000;  0.0000000000;  0.0000000000;  0.0000000000;  0.0000000000;  0.0000000000;  0.0000000000;  0.0000000000;  0.0000000000;  0.0000000000;  0.0000000000;  0.0000000000
931.00;  0.0000000000;  0.0000000000;  0.0000000000;  0.0000000000;  0.0000000000;  0.0000000000;  0.0000000000;  0.0000000000;  0.0000000000;  0.0000000000;  0.0000000000;  0.0000000000
932.00;  0.0000000000;  0.0000000000;  0.0000000000;  0.0000000000;  0.0000000000;  0.0000000000;  0.0000000000;  0.0000000000;  0.0000000000;  0.0000000000;  0.0000000000;  0.0000000000
933.00;  0.0000000000;  0.0000000000;  0.0000000000;  0.0000000000;  0.0000000000;  0.0000000000;  0.0000000000;  0.0000000000;  0.0000000000;  0.0000000000;  0.0000000000;  0.0000000000
934.00;  0.0000000000;  0.0000000000;  0.0000000000;  0.0000000000;  0.0000000000;  0.0000000000;  0.0000000000;  0.0000000000;  0.0000000000;  0.0000000000;  0.0000000000;  0.0000000000
935.00;  0.0000000000;  0.0000000000;  0.0000000000;  0.0000000000;  0.0000000000;  0.0000000000;  0.0000000000;  0.0000000000;  0.0000000000;  0.0000000000;  0.0000000000;  0.0000000000
936.00;  0.0000000000;  0.0000000000;  0.0000000000;  0.0000000000;  0.0000000000;  0.0000000000;  0.0000000000;  0.0000000000;  0.0000000000;  0.0000000000;  0.0000000000;  0.0000000000
937.00;  0.0000000000;  0.0000000000;  0.0000000000;  0.0000000000;  0.0000000000;  0.0000000000;  0.0000000000;  0.0000000000;  0.0000000000;  0.0000000000;  0.0000000000;  0.0000000000
938.00;  0.0000000000;  0.0000000000;  0.0000000000;  0.0000000000;  0.0000000000;  0.0000000000;  0.0000000000;  0.0000000000;  0.0000000000;  0.0000000000;  0.0000000000;  0.0000000000
939.00;  0.0000000000;  0.0000000000;  0.0000000000;  0.0000000000;  0.0000000000;  0.0000000000;  0.0000000000;  0.0000000000;  0.0000000000;  0.0000000000;  0.0000000000;  0.0000000000
940.00;  0.0000000000;  0.0000000000;  0.0000000000;  0.0000000000;  0.0000000000;  0.0000000000;  0.0000000000;  0.0000000000;  0.0000000000;  0.0000000000;  0.0000000000;  0.0000000000
941.00;  0.0000000000;  0.0000000000;  0.0000000000;  0.0000000000;  0.0000000000;  0.0000000000;  0.0000000000;  0.0000000000;  0.0000000000;  0.0000000000;  0.0000000000;  0.0000000000
942.00;  0.0000000000;  0.0000000000;  0.0000000000;  0.0000000000;  0.0000000000;  0.0000000000;  0.0000000000;  0.0000000000;  0.0000000000;  0.0000000000;  0.0000000000;  0.0000000000
943.00;  0.0000000000;  0.0000000000;  0.0000000000;  0.0000000000;  0.0000000000;  0.0000000000;  0.0000000000;  0.0000000000;  0.0000000000;  0.0000000000;  0.0000000000;  0.0000000000
944.00;  0.0000000000;  0.0000000000;  0.0000000000;  0.0000000000;  0.0000000000;  0.0000000000;  0.0000000000;  0.0000000000;  0.0000000000;  0.0000000000;  0.0000000000;  0.0000000000
945.00;  0.0000000000;  0.0000000000;  0.0000000000;  0.0000000000;  0.0000000000;  0.0000000000;  0.0000000000;  0.0000000000;  0.0000000000;  0.0000000000;  0.0000000000;  0.0000000000
946.00;  0.0000000000;  0.0000000000;  0.0000000000;  0.0000000000;  0.0000000000;  0.0000000000;  0.0000000000;  0.0000000000;  0.0000000000;  0.0000000000;  0.0000000000;  0.0000000000
947.00;  0.0000000000;  0.0000000000;  0.0000000000;  0.0000000000;  0.0000000000;  0.0000000000;  0.0000000000;  0.0000000000;  0.0000000000;  0.0000000000;  0.0000000000;  0.0000000000
948.00;  0.0000000000;  0.0000000000;  0.0000000000;  0.0000000000;  0.0000000000;  0.0000000000;  0.0000000000;  0.0000000000;  0.0000000000;  0.0000000000;  0.0000000000;  0.0000000000
949.00;  0.0000000000;  0.0000000000;  0.0000000000;  0.0000000000;  0.0000000000;  0.0000000000;  0.0000000000;  0.0000000000;  0.0000000000;  0.0000000000;  0.0000000000;  0.0000000000
950.00;  0.0000000000;  0.0000000000;  0.0000000000;  0.0000000000;  0.0000000000;  0.0000000000;  0.0000000000;  0.0000000000;  0.0000000000;  0.0000000000;  0.0000000000;  0.0000000000
951.00;  0.0000000000;  0.0000000000;  0.0000000000;  0.0000000000;  0.0000000000;  0.0000000000;  0.0000000000;  0.0000000000;  0.0000000000;  0.0000000000;  0.0000000000;  0.0000000000
952.00;  0.0000000000;  0.0000000000;  0.0000000000;  0.0000000000;  0.0000000000;  0.0000000000;  0.0000000000;  0.0000000000;  0.0000000000;  0.0000000000;  0.0000000000;  0.0000000000
953.00;  0.0000000000;  0.0000000000;  0.0000000000;  0.0000000000;  0.0000000000;  0.0000000000;  0.0000000000;  0.0000000000;  0.0000000000;  0.0000000000;  0.0000000000;  0.0000000000
954.00;  0.0000000000;  0.0000000000;  0.0000000000;  0.0000000000;  0.0000000000;  0.0000000000;  0.0000000000;  0.0000000000;  0.0000000000;  0.0000000000;  0.0000000000;  0.0000000000
955.00;  0.0000000000;  0.0000000000;  0.0000000000;  0.0000000000;  0.0000000000;  0.0000000000;  0.0000000000;  0.0000000000;  0.0000000000;  0.0000000000;  0.0000000000;  0.0000000000
956.00;  0.0000000000;  0.0000000000;  0.0000000000;  0.0000000000;  0.0000000000;  0.0000000000;  0.0000000000;  0.0000000000;  0.0000000000;  0.0000000000;  0.0000000000;  0.0000000000
957.00;  0.0000000000;  0.0000000000;  0.0000000000;  0.0000000000;  0.0000000000;  0.0000000000;  0.0000000000;  0.0000000000;  0.0000000000;  0.0000000000;  0.0000000000;  0.0000000000
958.00;  0.0000000000;  0.0000000000;  0.0000000000;  0.0000000000;  0.0000000000;  0.0000000000;  0.0000000000;  0.0000000000;  0.0000000000;  0.0000000000;  0.0000000000;  0.0000000000
959.00;  0.0000000000;  0.0000000000;  0.0000000000;  0.0000000000;  0.0000000000;  0.0000000000;  0.0000000000;  0.0000000000;  0.0000000000;  0.0000000000;  0.0000000000;  0.0000000000
960.00;  0.0000000000;  0.0000000000;  0.0000000000;  0.0000000000;  0.0000000000;  0.0000000000;  0.0000000000;  0.0000000000;  0.0000000000;  0.0000000000;  0.0000000000;  0.0000000000
961.00;  0.0000000000;  0.0000000000;  0.0000000000;  0.0000000000;  0.0000000000;  0.0000000000;  0.0000000000;  0.0000000000;  0.0000000000;  0.0000000000;  0.0000000000;  0.0000000000
962.00;  0.0000000000;  0.0000000000;  0.0000000000;  0.0000000000;  0.0000000000;  0.0000000000;  0.0000000000;  0.0000000000;  0.0000000000;  0.0000000000;  0.0000000000;  0.0000000000
963.00;  0.0000000000;  0.0000000000;  0.0000000000;  0.0000000000;  0.0000000000;  0.0000000000;  0.0000000000;  0.0000000000;  0.0000000000;  0.0000000000;  0.0000000000;  0.0000000000
964.00;  0.0000000000;  0.0000000000;  0.0000000000;  0.0000000000;  0.0000000000;  0.0000000000;  0.0000000000;  0.0000000000;  0.0000000000;  0.0000000000;  0.0000000000;  0.0000000000
965.00;  0.0000000000;  0.0000000000;  0.0000000000;  0.0000000000;  0.0000000000;  0.0000000000;  0.0000000000;  0.0000000000;  0.0000000000;  0.0000000000;  0.0000000000;  0.0000000000
966.00;  0.0000000000;  0.0000000000;  0.0000000000;  0.0000000000;  0.0000000000;  0.0000000000;  0.0000000000;  0.0000000000;  0.0000000000;  0.0000000000;  0.0000000000;  0.0000000000
967.00;  0.0000000000;  0.0000000000;  0.0000000000;  0.0000000000;  0.0000000000;  0.0000000000;  0.0000000000;  0.0000000000;  0.0000000000;  0.0000000000;  0.0000000000;  0.0000000000
968.00;  0.0000000000;  0.0000000000;  0.0000000000;  0.0000000000;  0.0000000000;  0.0000000000;  0.0000000000;  0.0000000000;  0.0000000000;  0.0000000000;  0.0000000000;  0.0000000000
969.00;  0.0000000000;  0.0000000000;  0.0000000000;  0.0000000000;  0.0000000000;  0.0000000000;  0.0000000000;  0.0000000000;  0.0000000000;  0.0000000000;  0.0000000000;  0.0000000000
970.00;  0.0000000000;  0.0000000000;  0.0000000000;  0.0000000000;  0.0000000000;  0.0000000000;  0.0000000000;  0.0000000000;  0.0000000000;  0.0000000000;  0.0000000000;  0.0000000000
971.00;  0.0000000000;  0.0000000000;  0.0000000000;  0.0000000000;  0.0000000000;  0.0000000000;  0.0000000000;  0.0000000000;  0.0000000000;  0.0000000000;  0.0000000000;  0.0000000000
972.00;  0.0000000000;  0.0000000000;  0.0000000000;  0.0000000000;  0.0000000000;  0.0000000000;  0.0000000000;  0.0000000000;  0.0000000000;  0.0000000000;  0.0000000000;  0.0000000000
973.00;  0.0000000000;  0.0000000000;  0.0000000000;  0.0000000000;  0.0000000000;  0.0000000000;  0.0000000000;  0.0000000000;  0.0000000000;  0.0000000000;  0.0000000000;  0.0000000000
974.00;  0.0000000000;  0.0000000000;  0.0000000000;  0.0000000000;  0.0000000000;  0.0000000000;  0.0000000000;  0.0000000000;  0.0000000000;  0.0000000000;  0.0000000000;  0.0000000000
975.00;  0.0000000000;  0.0000000000;  0.0000000000;  0.0000000000;  0.0000000000;  0.0000000000;  0.0000000000;  0.0000000000;  0.0000000000;  0.0000000000;  0.0000000000;  0.0000000000
976.00;  0.0000000000;  0.0000000000;  0.0000000000;  0.0000000000;  0.0000000000;  0.0000000000;  0.0000000000;  0.0000000000;  0.0000000000;  0.0000000000;  0.0000000000;  0.0000000000
977.00;  0.0000000000;  0.0000000000;  0.0000000000;  0.0000000000;  0.0000000000;  0.0000000000;  0.0000000000;  0.0000000000;  0.0000000000;  0.0000000000;  0.0000000000;  0.0000000000
978.00;  0.0000000000;  0.0000000000;  0.0000000000;  0.0000000000;  0.0000000000;  0.0000000000;  0.0000000000;  0.0000000000;  0.0000000000;  0.0000000000;  0.0000000000;  0.0000000000
979.00;  0.0000000000;  0.0000000000;  0.0000000000;  0.0000000000;  0.0000000000;  0.0000000000;  0.0000000000;  0.0000000000;  0.0000000000;  0.0000000000;  0.0000000000;  0.0000000000
980.00;  0.0000000000;  0.0000000000;  0.0000000000;  0.0000000000;  0.0000000000;  0.0000000000;  0.0000000000;  0.0000000000;  0.0000000000;  0.0000000000;  0.0000000000;  0.0000000000
981.00;  0.0000000000;  0.0000000000;  0.0000000000;  0.0000000000;  0.0000000000;  0.0000000000;  0.0000000000;  0.0000000000;  0.0000000000;  0.0000000000;  0.0000000000;  0.0000000000
982.00;  0.0000000000;  0.0000000000;  0.0000000000;  0.0000000000;  0.0000000000;  0.0000000000;  0.0000000000;  0.0000000000;  0.0000000000;  0.0000000000;  0.0000000000;  0.0000000000
983.00;  0.0000000000;  0.0000000000;  0.0000000000;  0.0000000000;  0.0000000000;  0.0000000000;  0.0000000000;  0.0000000000;  0.0000000000;  0.0000000000;  0.0000000000;  0.0000000000
984.00;  0.0000000000;  0.0000000000;  0.0000000000;  0.0000000000;  0.0000000000;  0.0000000000;  0.0000000000;  0.0000000000;  0.0000000000;  0.0000000000;  0.0000000000;  0.0000000000
985.00;  0.0000000000;  0.0000000000;  0.0000000000;  0.0000000000;  0.0000000000;  0.0000000000;  0.0000000000;  0.0000000000;  0.0000000000;  0.0000000000;  0.0000000000;  0.0000000000
986.00;  0.0000000000;  0.0000000000;  0.0000000000;  0.0000000000;  0.0000000000;  0.0000000000;  0.0000000000;  0.0000000000;  0.0000000000;  0.0000000000;  0.0000000000;  0.0000000000
987.00;  0.0000000000;  0.0000000000;  0.0000000000;  0.0000000000;  0.0000000000;  0.0000000000;  0.0000000000;  0.0000000000;  0.0000000000;  0.0000000000;  0.0000000000;  0.0000000000
988.00;  0.0000000000;  0.0000000000;  0.0000000000;  0.0000000000;  0.0000000000;  0.0000000000;  0.0000000000;  0.0000000000;  0.0000000000;  0.0000000000;  0.0000000000;  0.0000000000
989.00;  0.0000000000;  0.0000000000;  0.0000000000;  0.0000000000;  0.0000000000;  0.0000000000;  0.0000000000;  0.0000000000;  0.0000000000;  0.0000000000;  0.0000000000;  0.0000000000
990.00;  0.0000000000;  0.0000000000;  0.0000000000;  0.0000000000;  0.0000000000;  0.0000000000;  0.0000000000;  0.0000000000;  0.0000000000;  0.0000000000;  0.0000000000;  0.0000000000
991.00;  0.0000000000;  0.0000000000;  0.0000000000;  0.0000000000;  0.0000000000;  0.0000000000;  0.0000000000;  0.0000000000;  0.0000000000;  0.0000000000;  0.0000000000;  0.0000000000
992.00;  0.0000000000;  0.0000000000;  0.0000000000;  0.0000000000;  0.0000000000;  0.0000000000;  0.0000000000;  0.0000000000;  0.0000000000;  0.0000000000;  0.0000000000;  0.0000000000
993.00;  0.0000000000;  0.0000000000;  0.0000000000;  0.0000000000;  0.0000000000;  0.0000000000;  0.0000000000;  0.0000000000;  0.0000000000;  0.0000000000;  0.0000000000;  0.0000000000
994.00;  0.0000000000;  0.0000000000;  0.0000000000;  0.0000000000;  0.0000000000;  0.0000000000;  0.0000000000;  0.0000000000;  0.0000000000;  0.0000000000;  0.0000000000;  0.0000000000
995.00;  0.0000000000;  0.0000000000;  0.0000000000;  0.0000000000;  0.0000000000;  0.0000000000;  0.0000000000;  0.0000000000;  0.0000000000;  0.0000000000;  0.0000000000;  0.0000000000
996.00;  0.0000000000;  0.0000000000;  0.0000000000;  0.0000000000;  0.0000000000;  0.0000000000;  0.0000000000;  0.0000000000;  0.0000000000;  0.0000000000;  0.0000000000;  0.0000000000
997.00;  0.0000000000;  0.0000000000;  0.0000000000;  0.0000000000;  0.0000000000;  0.0000000000;  0.0000000000;  0.0000000000;  0.0000000000;  0.0000000000;  0.0000000000;  0.0000000000
998.00;  0.0000000000;  0.0000000000;  0.0000000000;  0.0000000000;  0.0000000000;  0.0000000000;  0.0000000000;  0.0000000000;  0.0000000000;  0.0000000000;  0.0000000000;  0.0000000000
999.00;  0.0000000000;  0.0000000000;  0.0000000000;  0.0000000000;  0.0000000000;  0.0000000000;  0.0000000000;  0.0000000000;  0.0000000000;  0.0000000000;  0.0000000000;  0.0000000000
1000.00;  0.0000000000;  0.0000000000;  0.0000000000;  0.0000000000;  0.0000000000;  0.0000000000;  0.0000000000;  0.0000000000;  0.0000000000;  0.0000000000;  0.0000000000;  0.0000000000
1001.00;  0.0000000000;  0.0000000000;  0.0000000000;  0.0000000000;  0.0000000000;  0.0000000000;  0.0000000000;  0.0000000000;  0.0000000000;  0.0000000000;  0.0000000000;  0.0000000000
1002.00;  0.0000000000;  0.0000000000;  0.0000000000;  0.0000000000;  0.0000000000;  0.0000000000;  0.0000000000;  0.0000000000;  0.0000000000;  0.0000000000;  0.0000000000;  0.0000000000
1003.00;  0.0000000000;  0.0000000000;  0.0000000000;  0.0000000000;  0.0000000000;  0.0000000000;  0.0000000000;  0.0000000000;  0.0000000000;  0.0000000000;  0.0000000000;  0.0000000000
1004.00;  0.0000000000;  0.0000000000;  0.0000000000;  0.0000000000;  0.0000000000;  0.0000000000;  0.0000000000;  0.0000000000;  0.0000000000;  0.0000000000;  0.0000000000;  0.0000000000
1005.00;  0.0000000000;  0.0000000000;  0.0000000000;  0.0000000000;  0.0000000000;  0.0000000000;  0.0000000000;  0.0000000000;  0.0000000000;  0.0000000000;  0.0000000000;  0.0000000000
1006.00;  0.0000000000;  0.0000000000;  0.0000000000;  0.0000000000;  0.0000000000;  0.0000000000;  0.0000000000;  0.0000000000;  0.0000000000;  0.0000000000;  0.0000000000;  0.0000000000
1007.00;  0.0000000000;  0.0000000000;  0.0000000000;  0.0000000000;  0.0000000000;  0.0000000000;  0.0000000000;  0.0000000000;  0.0000000000;  0.0000000000;  0.0000000000;  0.0000000000
1008.00;  0.0000000000;  0.0000000000;  0.0000000000;  0.0000000000;  0.0000000000;  0.0000000000;  0.0000000000;  0.0000000000;  0.0000000000;  0.0000000000;  0.0000000000;  0.0000000000
1009.00;  0.0000000000;  0.0000000000;  0.0000000000;  0.0000000000;  0.0000000000;  0.0000000000;  0.0000000000;  0.0000000000;  0.0000000000;  0.0000000000;  0.0000000000;  0.0000000000
1010.00;  0.0000000000;  0.0000000000;  0.0000000000;  0.0000000000;  0.0000000000;  0.0000000000;  0.0000000000;  0.0000000000;  0.0000000000;  0.0000000000;  0.0000000000;  0.0000000000
1011.00;  0.0000000000;  0.0000000000;  0.0000000000;  0.0000000000;  0.0000000000;  0.0000000000;  0.0000000000;  0.0000000000;  0.0000000000;  0.0000000000;  0.0000000000;  0.0000000000
1012.00;  0.0000000000;  0.0000000000;  0.0000000000;  0.0000000000;  0.0000000000;  0.0000000000;  0.0000000000;  0.0000000000;  0.0000000000;  0.0000000000;  0.0000000000;  0.0000000000
1013.00;  0.0000000000;  0.0000000000;  0.0000000000;  0.0000000000;  0.0000000000;  0.0000000000;  0.0000000000;  0.0000000000;  0.0000000000;  0.0000000000;  0.0000000000;  0.0000000000
1014.00;  0.0000000000;  0.0000000000;  0.0000000000;  0.0000000000;  0.0000000000;  0.0000000000;  0.0000000000;  0.0000000000;  0.0000000000;  0.0000000000;  0.0000000000;  0.0000000000
1015.00;  0.0000000000;  0.0000000000;  0.0000000000;  0.0000000000;  0.0000000000;  0.0000000000;  0.0000000000;  0.0000000000;  0.0000000000;  0.0000000000;  0.0000000000;  0.0000000000
1016.00;  0.0000000000;  0.0000000000;  0.0000000000;  0.0000000000;  0.0000000000;  0.0000000000;  0.0000000000;  0.0000000000;  0.0000000000;  0.0000000000;  0.0000000000;  0.0000000000
1017.00;  0.0000000000;  0.0000000000;  0.0000000000;  0.0000000000;  0.0000000000;  0.0000000000;  0.0000000000;  0.0000000000;  0.0000000000;  0.0000000000;  0.0000000000;  0.0000000000
1018.00;  0.0000000000;  0.0000000000;  0.0000000000;  0.0000000000;  0.0000000000;  0.0000000000;  0.0000000000;  0.0000000000;  0.0000000000;  0.0000000000;  0.0000000000;  0.0000000000
1019.00;  0.0000000000;  0.0000000000;  0.0000000000;  0.0000000000;  0.0000000000;  0.0000000000;  0.0000000000;  0.0000000000;  0.0000000000;  0.0000000000;  0.0000000000;  0.0000000000
1020.00;  0.0000000000;  0.0000000000;  0.0000000000;  0.0000000000;  0.0000000000;  0.0000000000;  0.0000000000;  0.0000000000;  0.0000000000;  0.0000000000;  0.0000000000;  0.0000000000
1021.00;  0.0000000000;  0.0000000000;  0.0000000000;  0.0000000000;  0.0000000000;  0.0000000000;  0.0000000000;  0.0000000000;  0.0000000000;  0.0000000000;  0.0000000000;  0.0000000000
1022.00;  0.0000000000;  0.0000000000;  0.0000000000;  0.0000000000;  0.0000000000;  0.0000000000;  0.0000000000;  0.0000000000;  0.0000000000;  0.0000000000;  0.0000000000;  0.0000000000
1023.00;  0.0000000000;  0.0000000000;  0.0000000000;  0.0000000000;  0.0000000000;  0.0000000000;  0.0000000000;  0.0000000000;  0.0000000000;  0.0000000000;  0.0000000000;  0.0000000000
1024.00;  0.0000000000;  0.0000000000;  0.0000000000;  0.0000000000;  0.0000000000;  0.0000000000;  0.0000000000;  0.0000000000;  0.0000000000;  0.0000000000;  0.0000000000;  0.0000000000
1025.00;  0.0000000000;  0.0000000000;  0.0000000000;  0.0000000000;  0.0000000000;  0.0000000000;  0.0000000000;  0.0000000000;  0.0000000000;  0.0000000000;  0.0000000000;  0.0000000000
1026.00;  0.0000000000;  0.0000000000;  0.0000000000;  0.0000000000;  0.0000000000;  0.0000000000;  0.0000000000;  0.0000000000;  0.0000000000;  0.0000000000;  0.0000000000;  0.0000000000
1027.00;  0.0000000000;  0.0000000000;  0.0000000000;  0.0000000000;  0.0000000000;  0.0000000000;  0.0000000000;  0.0000000000;  0.0000000000;  0.0000000000;  0.0000000000;  0.0000000000
1028.00;  0.0000000000;  0.0000000000;  0.0000000000;  0.0000000000;  0.0000000000;  0.0000000000;  0.0000000000;  0.0000000000;  0.0000000000;  0.0000000000;  0.0000000000;  0.0000000000
1029.00;  0.0000000000;  0.0000000000;  0.0000000000;  0.0000000000;  0.0000000000;  0.0000000000;  0.0000000000;  0.0000000000;  0.0000000000;  0.0000000000;  0.0000000000;  0.0000000000
1030.00;  0.0000000000;  0.0000000000;  0.0000000000;  0.0000000000;  0.0000000000;  0.0000000000;  0.0000000000;  0.0000000000;  0.0000000000;  0.0000000000;  0.0000000000;  0.0000000000
1031.00;  0.0000000000;  0.0000000000;  0.0000000000;  0.0000000000;  0.0000000000;  0.0000000000;  0.0000000000;  0.0000000000;  0.0000000000;  0.0000000000;  0.0000000000;  0.0000000000
1032.00;  0.0000000000;  0.0000000000;  0.0000000000;  0.0000000000;  0.0000000000;  0.0000000000;  0.0000000000;  0.0000000000;  0.0000000000;  0.0000000000;  0.0000000000;  0.0000000000
1033.00;  0.0000000000;  0.0000000000;  0.0000000000;  0.0000000000;  0.0000000000;  0.0000000000;  0.0000000000;  0.0000000000;  0.0000000000;  0.0000000000;  0.0000000000;  0.0000000000
1034.00;  0.0000000000;  0.0000000000;  0.0000000000;  0.0000000000;  0.0000000000;  0.0000000000;  0.0000000000;  0.0000000000;  0.0000000000;  0.0000000000;  0.0000000000;  0.0000000000
1035.00;  0.0000000000;  0.0000000000;  0.0000000000;  0.0000000000;  0.0000000000;  0.0000000000;  0.0000000000;  0.0000000000;  0.0000000000;  0.0000000000;  0.0000000000;  0.0000000000
1036.00;  0.0000000000;  0.0000000000;  0.0000000000;  0.0000000000;  0.0000000000;  0.0000000000;  0.0000000000;  0.0000000000;  0.0000000000;  0.0000000000;  0.0000000000;  0.0000000000
1037.00;  0.0000000000;  0.0000000000;  0.0000000000;  0.0000000000;  0.0000000000;  0.0000000000;  0.0000000000;  0.0000000000;  0.0000000000;  0.0000000000;  0.0000000000;  0.0000000000
1038.00;  0.0000000000;  0.0000000000;  0.0000000000;  0.0000000000;  0.0000000000;  0.0000000000;  0.0000000000;  0.0000000000;  0.0000000000;  0.0000000000;  0.0000000000;  0.0000000000
1039.00;  0.0000000000;  0.0000000000;  0.0000000000;  0.0000000000;  0.0000000000;  0.0000000000;  0.0000000000;  0.0000000000;  0.0000000000;  0.0000000000;  0.0000000000;  0.0000000000
1040.00;  0.0000000000;  0.0000000000;  0.0000000000;  0.0000000000;  0.0000000000;  0.0000000000;  0.0000000000;  0.0000000000;  0.0000000000;  0.0000000000;  0.0000000000;  0.0000000000
1041.00;  0.0000000000;  0.0000000000;  0.0000000000;  0.0000000000;  0.0000000000;  0.0000000000;  0.0000000000;  0.0000000000;  0.0000000000;  0.0000000000;  0.0000000000;  0.0000000000
1042.00;  0.0000000000;  0.0000000000;  0.0000000000;  0.0000000000;  0.0000000000;  0.0000000000;  0.0000000000;  0.0000000000;  0.0000000000;  0.0000000000;  0.0000000000;  0.0000000000
1043.00;  0.0000000000;  0.0000000000;  0.0000000000;  0.0000000000;  0.0000000000;  0.0000000000;  0.0000000000;  0.0000000000;  0.0000000000;  0.0000000000;  0.0000000000;  0.0000000000
1044.00;  0.0000000000;  0.0000000000;  0.0000000000;  0.0000000000;  0.0000000000;  0.0000000000;  0.0000000000;  0.0000000000;  0.0000000000;  0.0000000000;  0.0000000000;  0.0000000000
1045.00;  0.0000000000;  0.0000000000;  0.0000000000;  0.0000000000;  0.0000000000;  0.0000000000;  0.0000000000;  0.0000000000;  0.0000000000;  0.0000000000;  0.0000000000;  0.0000000000
1046.00;  0.0000000000;  0.0000000000;  0.0000000000;  0.0000000000;  0.0000000000;  0.0000000000;  0.0000000000;  0.0000000000;  0.0000000000;  0.0000000000;  0.0000000000;  0.0000000000
1047.00;  0.0000000000;  0.0000000000;  0.0000000000;  0.0000000000;  0.0000000000;  0.0000000000;  0.0000000000;  0.0000000000;  0.0000000000;  0.0000000000;  0.0000000000;  0.0000000000
1048.00;  0.0000000000;  0.0000000000;  0.0000000000;  0.0000000000;  0.0000000000;  0.0000000000;  0.0000000000;  0.0000000000;  0.0000000000;  0.0000000000;  0.0000000000;  0.0000000000
1049.00;  0.0000000000;  0.0000000000;  0.0000000000;  0.0000000000;  0.0000000000;  0.0000000000;  0.0000000000;  0.0000000000;  0.0000000000;  0.0000000000;  0.0000000000;  0.0000000000
1050.00;  0.0000000000;  0.0000000000;  0.0000000000;  0.0000000000;  0.0000000000;  0.0000000000;  0.0000000000;  0.0000000000;  0.0000000000;  0.0000000000;  0.0000000000;  0.0000000000
1051.00;  0.0000000000;  0.0000000000;  0.0000000000;  0.0000000000;  0.0000000000;  0.0000000000;  0.0000000000;  0.0000000000;  0.0000000000;  0.0000000000;  0.0000000000;  0.0000000000
1052.00;  0.0000000000;  0.0000000000;  0.0000000000;  0.0000000000;  0.0000000000;  0.0000000000;  0.0000000000;  0.0000000000;  0.0000000000;  0.0000000000;  0.0000000000;  0.0000000000
1053.00;  0.0000000000;  0.0000000000;  0.0000000000;  0.0000000000;  0.0000000000;  0.0000000000;  0.0000000000;  0.0000000000;  0.0000000000;  0.0000000000;  0.0000000000;  0.0000000000
1054.00;  0.0000000000;  0.0000000000;  0.0000000000;  0.0000000000;  0.0000000000;  0.0000000000;  0.0000000000;  0.0000000000;  0.0000000000;  0.0000000000;  0.0000000000;  0.0000000000
1055.00;  0.0000000000;  0.0000000000;  0.0000000000;  0.0000000000;  0.0000000000;  0.0000000000;  0.0000000000;  0.0000000000;  0.0000000000;  0.0000000000;  0.0000000000;  0.0000000000
1056.00;  0.0000000000;  0.0000000000;  0.0000000000;  0.0000000000;  0.0000000000;  0.0000000000;  0.0000000000;  0.0000000000;  0.0000000000;  0.0000000000;  0.0000000000;  0.0000000000
1057.00;  0.0000000000;  0.0000000000;  0.0000000000;  0.0000000000;  0.0000000000;  0.0000000000;  0.0000000000;  0.0000000000;  0.0000000000;  0.0000000000;  0.0000000000;  0.0000000000
1058.00;  0.0000000000;  0.0000000000;  0.0000000000;  0.0000000000;  0.0000000000;  0.0000000000;  0.0000000000;  0.0000000000;  0.0000000000;  0.0000000000;  0.0000000000;  0.0000000000
1059.00;  0.0000000000;  0.0000000000;  0.0000000000;  0.0000000000;  0.0000000000;  0.0000000000;  0.0000000000;  0.0000000000;  0.0000000000;  0.0000000000;  0.0000000000;  0.0000000000
1060.00;  0.0000000000;  0.0000000000;  0.0000000000;  0.0000000000;  0.0000000000;  0.0000000000;  0.0000000000;  0.0000000000;  0.0000000000;  0.0000000000;  0.0000000000;  0.0000000000
1061.00;  0.0000000000;  0.0000000000;  0.0000000000;  0.0000000000;  0.0000000000;  0.0000000000;  0.0000000000;  0.0000000000;  0.0000000000;  0.0000000000;  0.0000000000;  0.0000000000
1062.00;  0.0000000000;  0.0000000000;  0.0000000000;  0.0000000000;  0.0000000000;  0.0000000000;  0.0000000000;  0.0000000000;  0.0000000000;  0.0000000000;  0.0000000000;  0.0000000000
1063.00;  0.0000000000;  0.0000000000;  0.0000000000;  0.0000000000;  0.0000000000;  0.0000000000;  0.0000000000;  0.0000000000;  0.0000000000;  0.0000000000;  0.0000000000;  0.0000000000
1064.00;  0.0000000000;  0.0000000000;  0.0000000000;  0.0000000000;  0.0000000000;  0.0000000000;  0.0000000000;  0.0000000000;  0.0000000000;  0.0000000000;  0.0000000000;  0.0000000000
1065.00;  0.0000000000;  0.0000000000;  0.0000000000;  0.0000000000;  0.0000000000;  0.0000000000;  0.0000000000;  0.0000000000;  0.0000000000;  0.0000000000;  0.0000000000;  0.0000000000
1066.00;  0.0000000000;  0.0000000000;  0.0000000000;  0.0000000000;  0.0000000000;  0.0000000000;  0.0000000000;  0.0000000000;  0.0000000000;  0.0000000000;  0.0000000000;  0.0000000000
1067.00;  0.0000000000;  0.0000000000;  0.0000000000;  0.0000000000;  0.0000000000;  0.0000000000;  0.0000000000;  0.0000000000;  0.0000000000;  0.0000000000;  0.0000000000;  0.0000000000
1068.00;  0.0000000000;  0.0000000000;  0.0000000000;  0.0000000000;  0.0000000000;  0.0000000000;  0.0000000000;  0.0000000000;  0.0000000000;  0.0000000000;  0.0000000000;  0.0000000000
1069.00;  0.0000000000;  0.0000000000;  0.0000000000;  0.0000000000;  0.0000000000;  0.0000000000;  0.0000000000;  0.0000000000;  0.0000000000;  0.0000000000;  0.0000000000;  0.0000000000
1070.00;  0.0000000000;  0.0000000000;  0.0000000000;  0.0000000000;  0.0000000000;  0.0000000000;  0.0000000000;  0.0000000000;  0.0000000000;  0.0000000000;  0.0000000000;  0.0000000000
1071.00;  0.0000000000;  0.0000000000;  0.0000000000;  0.0000000000;  0.0000000000;  0.0000000000;  0.0000000000;  0.0000000000;  0.0000000000;  0.0000000000;  0.0000000000;  0.0000000000
1072.00;  0.0000000000;  0.0000000000;  0.0000000000;  0.0000000000;  0.0000000000;  0.0000000000;  0.0000000000;  0.0000000000;  0.0000000000;  0.0000000000;  0.0000000000;  0.0000000000
1073.00;  0.0000000000;  0.0000000000;  0.0000000000;  0.0000000000;  0.0000000000;  0.0000000000;  0.0000000000;  0.0000000000;  0.0000000000;  0.0000000000;  0.0000000000;  0.0000000000
1074.00;  0.0000000000;  0.0000000000;  0.0000000000;  0.0000000000;  0.0000000000;  0.0000000000;  0.0000000000;  0.0000000000;  0.0000000000;  0.0000000000;  0.0000000000;  0.0000000000
1075.00;  0.0000000000;  0.0000000000;  0.0000000000;  0.0000000000;  0.0000000000;  0.0000000000;  0.0000000000;  0.0000000000;  0.0000000000;  0.0000000000;  0.0000000000;  0.0000000000
1076.00;  0.0000000000;  0.0000000000;  0.0000000000;  0.0000000000;  0.0000000000;  0.0000000000;  0.0000000000;  0.0000000000;  0.0000000000;  0.0000000000;  0.0000000000;  0.0000000000
1077.00;  0.0000000000;  0.0000000000;  0.0000000000;  0.0000000000;  0.0000000000;  0.0000000000;  0.0000000000;  0.0000000000;  0.0000000000;  0.0000000000;  0.0000000000;  0.0000000000
1078.00;  0.0000000000;  0.0000000000;  0.0000000000;  0.0000000000;  0.0000000000;  0.0000000000;  0.0000000000;  0.0000000000;  0.0000000000;  0.0000000000;  0.0000000000;  0.0000000000
1079.00;  0.0000000000;  0.0000000000;  0.0000000000;  0.0000000000;  0.0000000000;  0.0000000000;  0.0000000000;  0.0000000000;  0.0000000000;  0.0000000000;  0.0000000000;  0.0000000000
1080.00;  0.0000000000;  0.0000000000;  0.0000000000;  0.0000000000;  0.0000000000;  0.0000000000;  0.0000000000;  0.0000000000;  0.0000000000;  0.0000000000;  0.0000000000;  0.0000000000
1081.00;  0.0000000000;  0.0000000000;  0.0000000000;  0.0000000000;  0.0000000000;  0.0000000000;  0.0000000000;  0.0000000000;  0.0000000000;  0.0000000000;  0.0000000000;  0.0000000000
1082.00;  0.0000000000;  0.0000000000;  0.0000000000;  0.0000000000;  0.0000000000;  0.0000000000;  0.0000000000;  0.0000000000;  0.0000000000;  0.0000000000;  0.0000000000;  0.0000000000
1083.00;  0.0000000000;  0.0000000000;  0.0000000000;  0.0000000000;  0.0000000000;  0.0000000000;  0.0000000000;  0.0000000000;  0.0000000000;  0.0000000000;  0.0000000000;  0.0000000000
1084.00;  0.0000000000;  0.0000000000;  0.0000000000;  0.0000000000;  0.0000000000;  0.0000000000;  0.0000000000;  0.0000000000;  0.0000000000;  0.0000000000;  0.0000000000;  0.0000000000
1085.00;  0.0000000000;  0.0000000000;  0.0000000000;  0.0000000000;  0.0000000000;  0.0000000000;  0.0000000000;  0.0000000000;  0.0000000000;  0.0000000000;  0.0000000000;  0.0000000000
1086.00;  0.0000000000;  0.0000000000;  0.0000000000;  0.0000000000;  0.0000000000;  0.0000000000;  0.0000000000;  0.0000000000;  0.0000000000;  0.0000000000;  0.0000000000;  0.0000000000
1087.00;  0.0000000000;  0.0000000000;  0.0000000000;  0.0000000000;  0.0000000000;  0.0000000000;  0.0000000000;  0.0000000000;  0.0000000000;  0.0000000000;  0.0000000000;  0.0000000000
1088.00;  0.0000000000;  0.0000000000;  0.0000000000;  0.0000000000;  0.0000000000;  0.0000000000;  0.0000000000;  0.0000000000;  0.0000000000;  0.0000000000;  0.0000000000;  0.0000000000
1089.00;  0.0000000000;  0.0000000000;  0.0000000000;  0.0000000000;  0.0000000000;  0.0000000000;  0.0000000000;  0.0000000000;  0.0000000000;  0.0000000000;  0.0000000000;  0.0000000000
1090.00;  0.0000000000;  0.0000000000;  0.0000000000;  0.0000000000;  0.0000000000;  0.0000000000;  0.0000000000;  0.0000000000;  0.0000000000;  0.0000000000;  0.0000000000;  0.0000000000
1091.00;  0.0000000000;  0.0000000000;  0.0000000000;  0.0000000000;  0.0000000000;  0.0000000000;  0.0000000000;  0.0000000000;  0.0000000000;  0.0000000000;  0.0000000000;  0.0000000000
1092.00;  0.0000000000;  0.0000000000;  0.0000000000;  0.0000000000;  0.0000000000;  0.0000000000;  0.0000000000;  0.0000000000;  0.0000000000;  0.0000000000;  0.0000000000;  0.0000000000
1093.00;  0.0000000000;  0.0000000000;  0.0000000000;  0.0000000000;  0.0000000000;  0.0000000000;  0.0000000000;  0.0000000000;  0.0000000000;  0.0000000000;  0.0000000000;  0.0000000000
1094.00;  0.0000000000;  0.0000000000;  0.0000000000;  0.0000000000;  0.0000000000;  0.0000000000;  0.0000000000;  0.0000000000;  0.0000000000;  0.0000000000;  0.0000000000;  0.0000000000
1095.00;  0.0000000000;  0.0000000000;  0.0000000000;  0.0000000000;  0.0000000000;  0.0000000000;  0.0000000000;  0.0000000000;  0.0000000000;  0.0000000000;  0.0000000000;  0.0000000000
1096.00;  0.0000000000;  0.0000000000;  0.0000000000;  0.0000000000;  0.0000000000;  0.0000000000;  0.0000000000;  0.0000000000;  0.0000000000;  0.0000000000;  0.0000000000;  0.0000000000
1097.00;  0.0000000000;  0.0000000000;  0.0000000000;  0.0000000000;  0.0000000000;  0.0000000000;  0.0000000000;  0.0000000000;  0.0000000000;  0.0000000000;  0.0000000000;  0.0000000000
1098.00;  0.0000000000;  0.0000000000;  0.0000000000;  0.0000000000;  0.0000000000;  0.0000000000;  0.0000000000;  0.0000000000;  0.0000000000;  0.0000000000;  0.0000000000;  0.0000000000
1099.00;  0.0000000000;  0.0000000000;  0.0000000000;  0.0000000000;  0.0000000000;  0.0000000000;  0.0000000000;  0.0000000000;  0.0000000000;  0.0000000000;  0.0000000000;  0.0000000000
1100.00;  0.0000000000;  0.0000000000;  0.0000000000;  0.0000000000;  0.0000000000;  0.0000000000;  0.0000000000;  0.0000000000;  0.0000000000;  0.0000000000;  0.0000000000;  0.0000000000
1101.00;  0.0000000000;  0.0000000000;  0.0000000000;  0.0000000000;  0.0000000000;  0.0000000000;  0.0000000000;  0.0000000000;  0.0000000000;  0.0000000000;  0.0000000000;  0.0000000000
1102.00;  0.0000000000;  0.0000000000;  0.0000000000;  0.0000000000;  0.0000000000;  0.0000000000;  0.0000000000;  0.0000000000;  0.0000000000;  0.0000000000;  0.0000000000;  0.0000000000
1103.00;  0.0000000000;  0.0000000000;  0.0000000000;  0.0000000000;  0.0000000000;  0.0000000000;  0.0000000000;  0.0000000000;  0.0000000000;  0.0000000000;  0.0000000000;  0.0000000000
1104.00;  0.0000000000;  0.0000000000;  0.0000000000;  0.0000000000;  0.0000000000;  0.0000000000;  0.0000000000;  0.0000000000;  0.0000000000;  0.0000000000;  0.0000000000;  0.0000000000
1105.00;  0.0000000000;  0.0000000000;  0.0000000000;  0.0000000000;  0.0000000000;  0.0000000000;  0.0000000000;  0.0000000000;  0.0000000000;  0.0000000000;  0.0000000000;  0.0000000000
1106.00;  0.0000000000;  0.0000000000;  0.0000000000;  0.0000000000;  0.0000000000;  0.0000000000;  0.0000000000;  0.0000000000;  0.0000000000;  0.0000000000;  0.0000000000;  0.0000000000
1107.00;  0.0000000000;  0.0000000000;  0.0000000000;  0.0000000000;  0.0000000000;  0.0000000000;  0.0000000000;  0.0000000000;  0.0000000000;  0.0000000000;  0.0000000000;  0.0000000000
1108.00;  0.0000000000;  0.0000000000;  0.0000000000;  0.0000000000;  0.0000000000;  0.0000000000;  0.0000000000;  0.0000000000;  0.0000000000;  0.0000000000;  0.0000000000;  0.0000000000
1109.00;  0.0000000000;  0.0000000000;  0.0000000000;  0.0000000000;  0.0000000000;  0.0000000000;  0.0000000000;  0.0000000000;  0.0000000000;  0.0000000000;  0.0000000000;  0.0000000000
1110.00;  0.0000000000;  0.0000000000;  0.0000000000;  0.0000000000;  0.0000000000;  0.0000000000;  0.0000000000;  0.0000000000;  0.0000000000;  0.0000000000;  0.0000000000;  0.0000000000
1111.00;  0.0000000000;  0.0000000000;  0.0000000000;  0.0000000000;  0.0000000000;  0.0000000000;  0.0000000000;  0.0000000000;  0.0000000000;  0.0000000000;  0.0000000000;  0.0000000000
1112.00;  0.0000000000;  0.0000000000;  0.0000000000;  0.0000000000;  0.0000000000;  0.0000000000;  0.0000000000;  0.0000000000;  0.0000000000;  0.0000000000;  0.0000000000;  0.0000000000
1113.00;  0.0000000000;  0.0000000000;  0.0000000000;  0.0000000000;  0.0000000000;  0.0000000000;  0.0000000000;  0.0000000000;  0.0000000000;  0.0000000000;  0.0000000000;  0.0000000000
1114.00;  0.0000000000;  0.0000000000;  0.0000000000;  0.0000000000;  0.0000000000;  0.0000000000;  0.0000000000;  0.0000000000;  0.0000000000;  0.0000000000;  0.0000000000;  0.0000000000
1115.00;  0.0000000000;  0.0000000000;  0.0000000000;  0.0000000000;  0.0000000000;  0.0000000000;  0.0000000000;  0.0000000000;  0.0000000000;  0.0000000000;  0.0000000000;  0.0000000000
1116.00;  0.0000000000;  0.0000000000;  0.0000000000;  0.0000000000;  0.0000000000;  0.0000000000;  0.0000000000;  0.0000000000;  0.0000000000;  0.0000000000;  0.0000000000;  0.0000000000
1117.00;  0.0000000000;  0.0000000000;  0.0000000000;  0.0000000000;  0.0000000000;  0.0000000000;  0.0000000000;  0.0000000000;  0.0000000000;  0.0000000000;  0.0000000000;  0.0000000000
1118.00;  0.0000000000;  0.0000000000;  0.0000000000;  0.0000000000;  0.0000000000;  0.0000000000;  0.0000000000;  0.0000000000;  0.0000000000;  0.0000000000;  0.0000000000;  0.0000000000
1119.00;  0.0000000000;  0.0000000000;  0.0000000000;  0.0000000000;  0.0000000000;  0.0000000000;  0.0000000000;  0.0000000000;  0.0000000000;  0.0000000000;  0.0000000000;  0.0000000000
1120.00;  0.0000000000;  0.0000000000;  0.0000000000;  0.0000000000;  0.0000000000;  0.0000000000;  0.0000000000;  0.0000000000;  0.0000000000;  0.0000000000;  0.0000000000;  0.0000000000
1121.00;  0.0000000000;  0.0000000000;  0.0000000000;  0.0000000000;  0.0000000000;  0.0000000000;  0.0000000000;  0.0000000000;  0.0000000000;  0.0000000000;  0.0000000000;  0.0000000000
1122.00;  0.0000000000;  0.0000000000;  0.0000000000;  0.0000000000;  0.0000000000;  0.0000000000;  0.0000000000;  0.0000000000;  0.0000000000;  0.0000000000;  0.0000000000;  0.0000000000
1123.00;  0.0000000000;  0.0000000000;  0.0000000000;  0.0000000000;  0.0000000000;  0.0000000000;  0.0000000000;  0.0000000000;  0.0000000000;  0.0000000000;  0.0000000000;  0.0000000000
1124.00;  0.0000000000;  0.0000000000;  0.0000000000;  0.0000000000;  0.0000000000;  0.0000000000;  0.0000000000;  0.0000000000;  0.0000000000;  0.0000000000;  0.0000000000;  0.0000000000
1125.00;  0.0000000000;  0.0000000000;  0.0000000000;  0.0000000000;  0.0000000000;  0.0000000000;  0.0000000000;  0.0000000000;  0.0000000000;  0.0000000000;  0.0000000000;  0.0000000000
1126.00;  0.0000000000;  0.0000000000;  0.0000000000;  0.0000000000;  0.0000000000;  0.0000000000;  0.0000000000;  0.0000000000;  0.0000000000;  0.0000000000;  0.0000000000;  0.0000000000
1127.00;  0.0000000000;  0.0000000000;  0.0000000000;  0.0000000000;  0.0000000000;  0.0000000000;  0.0000000000;  0.0000000000;  0.0000000000;  0.0000000000;  0.0000000000;  0.0000000000
1128.00;  0.0000000000;  0.0000000000;  0.0000000000;  0.0000000000;  0.0000000000;  0.0000000000;  0.0000000000;  0.0000000000;  0.0000000000;  0.0000000000;  0.0000000000;  0.0000000000
1129.00;  0.0000000000;  0.0000000000;  0.0000000000;  0.0000000000;  0.0000000000;  0.0000000000;  0.0000000000;  0.0000000000;  0.0000000000;  0.0000000000;  0.0000000000;  0.0000000000
1130.00;  0.0000000000;  0.0000000000;  0.0000000000;  0.0000000000;  0.0000000000;  0.0000000000;  0.0000000000;  0.0000000000;  0.0000000000;  0.0000000000;  0.0000000000;  0.0000000000
1131.00;  0.0000000000;  0.0000000000;  0.0000000000;  0.0000000000;  0.0000000000;  0.0000000000;  0.0000000000;  0.0000000000;  0.0000000000;  0.0000000000;  0.0000000000;  0.0000000000
1132.00;  0.0000000000;  0.0000000000;  0.0000000000;  0.0000000000;  0.0000000000;  0.0000000000;  0.0000000000;  0.0000000000;  0.0000000000;  0.0000000000;  0.0000000000;  0.0000000000
1133.00;  0.0000000000;  0.0000000000;  0.0000000000;  0.0000000000;  0.0000000000;  0.0000000000;  0.0000000000;  0.0000000000;  0.0000000000;  0.0000000000;  0.0000000000;  0.0000000000
1134.00;  0.0000000000;  0.0000000000;  0.0000000000;  0.0000000000;  0.0000000000;  0.0000000000;  0.0000000000;  0.0000000000;  0.0000000000;  0.0000000000;  0.0000000000;  0.0000000000
1135.00;  0.0000000000;  0.0000000000;  0.0000000000;  0.0000000000;  0.0000000000;  0.0000000000;  0.0000000000;  0.0000000000;  0.0000000000;  0.0000000000;  0.0000000000;  0.0000000000
1136.00;  0.0000000000;  0.0000000000;  0.0000000000;  0.0000000000;  0.0000000000;  0.0000000000;  0.0000000000;  0.0000000000;  0.0000000000;  0.0000000000;  0.0000000000;  0.0000000000
1137.00;  0.0000000000;  0.0000000000;  0.0000000000;  0.0000000000;  0.0000000000;  0.0000000000;  0.0000000000;  0.0000000000;  0.0000000000;  0.0000000000;  0.0000000000;  0.0000000000
1138.00;  0.0000000000;  0.0000000000;  0.0000000000;  0.0000000000;  0.0000000000;  0.0000000000;  0.0000000000;  0.0000000000;  0.0000000000;  0.0000000000;  0.0000000000;  0.0000000000
1139.00;  0.0000000000;  0.0000000000;  0.0000000000;  0.0000000000;  0.0000000000;  0.0000000000;  0.0000000000;  0.0000000000;  0.0000000000;  0.0000000000;  0.0000000000;  0.0000000000
1140.00;  0.0000000000;  0.0000000000;  0.0000000000;  0.0000000000;  0.0000000000;  0.0000000000;  0.0000000000;  0.0000000000;  0.0000000000;  0.0000000000;  0.0000000000;  0.0000000000
1141.00;  0.0000000000;  0.0000000000;  0.0000000000;  0.0000000000;  0.0000000000;  0.0000000000;  0.0000000000;  0.0000000000;  0.0000000000;  0.0000000000;  0.0000000000;  0.0000000000
1142.00;  0.0000000000;  0.0000000000;  0.0000000000;  0.0000000000;  0.0000000000;  0.0000000000;  0.0000000000;  0.0000000000;  0.0000000000;  0.0000000000;  0.0000000000;  0.0000000000
1143.00;  0.0000000000;  0.0000000000;  0.0000000000;  0.0000000000;  0.0000000000;  0.0000000000;  0.0000000000;  0.0000000000;  0.0000000000;  0.0000000000;  0.0000000000;  0.0000000000
1144.00;  0.0000000000;  0.0000000000;  0.0000000000;  0.0000000000;  0.0000000000;  0.0000000000;  0.0000000000;  0.0000000000;  0.0000000000;  0.0000000000;  0.0000000000;  0.0000000000
1145.00;  0.0000000000;  0.0000000000;  0.0000000000;  0.0000000000;  0.0000000000;  0.0000000000;  0.0000000000;  0.0000000000;  0.0000000000;  0.0000000000;  0.0000000000;  0.0000000000
1146.00;  0.0000000000;  0.0000000000;  0.0000000000;  0.0000000000;  0.0000000000;  0.0000000000;  0.0000000000;  0.0000000000;  0.0000000000;  0.0000000000;  0.0000000000;  0.0000000000
1147.00;  0.0000000000;  0.0000000000;  0.0000000000;  0.0000000000;  0.0000000000;  0.0000000000;  0.0000000000;  0.0000000000;  0.0000000000;  0.0000000000;  0.0000000000;  0.0000000000
1148.00;  0.0000000000;  0.0000000000;  0.0000000000;  0.0000000000;  0.0000000000;  0.0000000000;  0.0000000000;  0.0000000000;  0.0000000000;  0.0000000000;  0.0000000000;  0.0000000000
1149.00;  0.0000000000;  0.0000000000;  0.0000000000;  0.0000000000;  0.0000000000;  0.0000000000;  0.0000000000;  0.0000000000;  0.0000000000;  0.0000000000;  0.0000000000;  0.0000000000
1150.00;  0.0000000000;  0.0000000000;  0.0000000000;  0.0000000000;  0.0000000000;  0.0000000000;  0.0000000000;  0.0000000000;  0.0000000000;  0.0000000000;  0.0000000000;  0.0000000000
1151.00;  0.0000000000;  0.0000000000;  0.0000000000;  0.0000000000;  0.0000000000;  0.0000000000;  0.0000000000;  0.0000000000;  0.0000000000;  0.0000000000;  0.0000000000;  0.0000000000
1152.00;  0.0000000000;  0.0000000000;  0.0000000000;  0.0000000000;  0.0000000000;  0.0000000000;  0.0000000000;  0.0000000000;  0.0000000000;  0.0000000000;  0.0000000000;  0.0000000000
1153.00;  0.0000000000;  0.0000000000;  0.0000000000;  0.0000000000;  0.0000000000;  0.0000000000;  0.0000000000;  0.0000000000;  0.0000000000;  0.0000000000;  0.0000000000;  0.0000000000
1154.00;  0.0000000000;  0.0000000000;  0.0000000000;  0.0000000000;  0.0000000000;  0.0000000000;  0.0000000000;  0.0000000000;  0.0000000000;  0.0000000000;  0.0000000000;  0.0000000000
1155.00;  0.0000000000;  0.0000000000;  0.0000000000;  0.0000000000;  0.0000000000;  0.0000000000;  0.0000000000;  0.0000000000;  0.0000000000;  0.0000000000;  0.0000000000;  0.0000000000
1156.00;  0.0000000000;  0.0000000000;  0.0000000000;  0.0000000000;  0.0000000000;  0.0000000000;  0.0000000000;  0.0000000000;  0.0000000000;  0.0000000000;  0.0000000000;  0.0000000000
1157.00;  0.0000000000;  0.0000000000;  0.0000000000;  0.0000000000;  0.0000000000;  0.0000000000;  0.0000000000;  0.0000000000;  0.0000000000;  0.0000000000;  0.0000000000;  0.0000000000
1158.00;  0.0000000000;  0.0000000000;  0.0000000000;  0.0000000000;  0.0000000000;  0.0000000000;  0.0000000000;  0.0000000000;  0.0000000000;  0.0000000000;  0.0000000000;  0.0000000000
1159.00;  0.0000000000;  0.0000000000;  0.0000000000;  0.0000000000;  0.0000000000;  0.0000000000;  0.0000000000;  0.0000000000;  0.0000000000;  0.0000000000;  0.0000000000;  0.0000000000
1160.00;  0.0000000000;  0.0000000000;  0.0000000000;  0.0000000000;  0.0000000000;  0.0000000000;  0.0000000000;  0.0000000000;  0.0000000000;  0.0000000000;  0.0000000000;  0.0000000000
1161.00;  0.0000000000;  0.0000000000;  0.0000000000;  0.0000000000;  0.0000000000;  0.0000000000;  0.0000000000;  0.0000000000;  0.0000000000;  0.0000000000;  0.0000000000;  0.0000000000
1162.00;  0.0000000000;  0.0000000000;  0.0000000000;  0.0000000000;  0.0000000000;  0.0000000000;  0.0000000000;  0.0000000000;  0.0000000000;  0.0000000000;  0.0000000000;  0.0000000000
1163.00;  0.0000000000;  0.0000000000;  0.0000000000;  0.0000000000;  0.0000000000;  0.0000000000;  0.0000000000;  0.0000000000;  0.0000000000;  0.0000000000;  0.0000000000;  0.0000000000
1164.00;  0.0000000000;  0.0000000000;  0.0000000000;  0.0000000000;  0.0000000000;  0.0000000000;  0.0000000000;  0.0000000000;  0.0000000000;  0.0000000000;  0.0000000000;  0.0000000000
1165.00;  0.0000000000;  0.0000000000;  0.0000000000;  0.0000000000;  0.0000000000;  0.0000000000;  0.0000000000;  0.0000000000;  0.0000000000;  0.0000000000;  0.0000000000;  0.0000000000
1166.00;  0.0000000000;  0.0000000000;  0.0000000000;  0.0000000000;  0.0000000000;  0.0000000000;  0.0000000000;  0.0000000000;  0.0000000000;  0.0000000000;  0.0000000000;  0.0000000000
1167.00;  0.0000000000;  0.0000000000;  0.0000000000;  0.0000000000;  0.0000000000;  0.0000000000;  0.0000000000;  0.0000000000;  0.0000000000;  0.0000000000;  0.0000000000;  0.0000000000
1168.00;  0.0000000000;  0.0000000000;  0.0000000000;  0.0000000000;  0.0000000000;  0.0000000000;  0.0000000000;  0.0000000000;  0.0000000000;  0.0000000000;  0.0000000000;  0.0000000000
1169.00;  0.0000000000;  0.0000000000;  0.0000000000;  0.0000000000;  0.0000000000;  0.0000000000;  0.0000000000;  0.0000000000;  0.0000000000;  0.0000000000;  0.0000000000;  0.0000000000
1170.00;  0.0000000000;  0.0000000000;  0.0000000000;  0.0000000000;  0.0000000000;  0.0000000000;  0.0000000000;  0.0000000000;  0.0000000000;  0.0000000000;  0.0000000000;  0.0000000000
1171.00;  0.0000000000;  0.0000000000;  0.0000000000;  0.0000000000;  0.0000000000;  0.0000000000;  0.0000000000;  0.0000000000;  0.0000000000;  0.0000000000;  0.0000000000;  0.0000000000
1172.00;  0.0000000000;  0.0000000000;  0.0000000000;  0.0000000000;  0.0000000000;  0.0000000000;  0.0000000000;  0.0000000000;  0.0000000000;  0.0000000000;  0.0000000000;  0.0000000000
1173.00;  0.0000000000;  0.0000000000;  0.0000000000;  0.0000000000;  0.0000000000;  0.0000000000;  0.0000000000;  0.0000000000;  0.0000000000;  0.0000000000;  0.0000000000;  0.0000000000
1174.00;  0.0000000000;  0.0000000000;  0.0000000000;  0.0000000000;  0.0000000000;  0.0000000000;  0.0000000000;  0.0000000000;  0.0000000000;  0.0000000000;  0.0000000000;  0.0000000000
1175.00;  0.0000000000;  0.0000000000;  0.0000000000;  0.0000000000;  0.0000000000;  0.0000000000;  0.0000000000;  0.0000000000;  0.0000000000;  0.0000000000;  0.0000000000;  0.0000000000
1176.00;  0.0000000000;  0.0000000000;  0.0000000000;  0.0000000000;  0.0000000000;  0.0000000000;  0.0000000000;  0.0000000000;  0.0000000000;  0.0000000000;  0.0000000000;  0.0000000000
1177.00;  0.0000000000;  0.0000000000;  0.0000000000;  0.0000000000;  0.0000000000;  0.0000000000;  0.0000000000;  0.0000000000;  0.0000000000;  0.0000000000;  0.0000000000;  0.0000000000
1178.00;  0.0000000000;  0.0000000000;  0.0000000000;  0.0000000000;  0.0000000000;  0.0000000000;  0.0000000000;  0.0000000000;  0.0000000000;  0.0000000000;  0.0000000000;  0.0000000000
1179.00;  0.0000000000;  0.0000000000;  0.0000000000;  0.0000000000;  0.0000000000;  0.0000000000;  0.0000000000;  0.0000000000;  0.0000000000;  0.0000000000;  0.0000000000;  0.0000000000
1180.00;  0.0000000000;  0.0000000000;  0.0000000000;  0.0000000000;  0.0000000000;  0.0000000000;  0.0000000000;  0.0000000000;  0.0000000000;  0.0000000000;  0.0000000000;  0.0000000000
1181.00;  0.0000000000;  0.0000000000;  0.0000000000;  0.0000000000;  0.0000000000;  0.0000000000;  0.0000000000;  0.0000000000;  0.0000000000;  0.0000000000;  0.0000000000;  0.0000000000
1182.00;  0.0000000000;  0.0000000000;  0.0000000000;  0.0000000000;  0.0000000000;  0.0000000000;  0.0000000000;  0.0000000000;  0.0000000000;  0.0000000000;  0.0000000000;  0.0000000000
1183.00;  0.0000000000;  0.0000000000;  0.0000000000;  0.0000000000;  0.0000000000;  0.0000000000;  0.0000000000;  0.0000000000;  0.0000000000;  0.0000000000;  0.0000000000;  0.0000000000
1184.00;  0.0000000000;  0.0000000000;  0.0000000000;  0.0000000000;  0.0000000000;  0.0000000000;  0.0000000000;  0.0000000000;  0.0000000000;  0.0000000000;  0.0000000000;  0.0000000000
1185.00;  0.0000000000;  0.0000000000;  0.0000000000;  0.0000000000;  0.0000000000;  0.0000000000;  0.0000000000;  0.0000000000;  0.0000000000;  0.0000000000;  0.0000000000;  0.0000000000
1186.00;  0.0000000000;  0.0000000000;  0.0000000000;  0.0000000000;  0.0000000000;  0.0000000000;  0.0000000000;  0.0000000000;  0.0000000000;  0.0000000000;  0.0000000000;  0.0000000000
1187.00;  0.0000000000;  0.0000000000;  0.0000000000;  0.0000000000;  0.0000000000;  0.0000000000;  0.0000000000;  0.0000000000;  0.0000000000;  0.0000000000;  0.0000000000;  0.0000000000
1188.00;  0.0000000000;  0.0000000000;  0.0000000000;  0.0000000000;  0.0000000000;  0.0000000000;  0.0000000000;  0.0000000000;  0.0000000000;  0.0000000000;  0.0000000000;  0.0000000000
1189.00;  0.0000000000;  0.0000000000;  0.0000000000;  0.0000000000;  0.0000000000;  0.0000000000;  0.0000000000;  0.0000000000;  0.0000000000;  0.0000000000;  0.0000000000;  0.0000000000
1190.00;  0.0000000000;  0.0000000000;  0.0000000000;  0.0000000000;  0.0000000000;  0.0000000000;  0.0000000000;  0.0000000000;  0.0000000000;  0.0000000000;  0.0000000000;  0.0000000000
1191.00;  0.0000000000;  0.0000000000;  0.0000000000;  0.0000000000;  0.0000000000;  0.0000000000;  0.0000000000;  0.0000000000;  0.0000000000;  0.0000000000;  0.0000000000;  0.0000000000
1192.00;  0.0000000000;  0.0000000000;  0.0000000000;  0.0000000000;  0.0000000000;  0.0000000000;  0.0000000000;  0.0000000000;  0.0000000000;  0.0000000000;  0.0000000000;  0.0000000000
1193.00;  0.0000000000;  0.0000000000;  0.0000000000;  0.0000000000;  0.0000000000;  0.0000000000;  0.0000000000;  0.0000000000;  0.0000000000;  0.0000000000;  0.0000000000;  0.0000000000
1194.00;  0.0000000000;  0.0000000000;  0.0000000000;  0.0000000000;  0.0000000000;  0.0000000000;  0.0000000000;  0.0000000000;  0.0000000000;  0.0000000000;  0.0000000000;  0.0000000000
1195.00;  0.0000000000;  0.0000000000;  0.0000000000;  0.0000000000;  0.0000000000;  0.0000000000;  0.0000000000;  0.0000000000;  0.0000000000;  0.0000000000;  0.0000000000;  0.0000000000
1196.00;  0.0000000000;  0.0000000000;  0.0000000000;  0.0000000000;  0.0000000000;  0.0000000000;  0.0000000000;  0.0000000000;  0.0000000000;  0.0000000000;  0.0000000000;  0.0000000000
1197.00;  0.0000000000;  0.0000000000;  0.0000000000;  0.0000000000;  0.0000000000;  0.0000000000;  0.0000000000;  0.0000000000;  0.0000000000;  0.0000000000;  0.0000000000;  0.0000000000
1198.00;  0.0000000000;  0.0000000000;  0.0000000000;  0.0000000000;  0.0000000000;  0.0000000000;  0.0000000000;  0.0000000000;  0.0000000000;  0.0000000000;  0.0000000000;  0.0000000000
1199.00;  0.0000000000;  0.0000000000;  0.0000000000;  0.0000000000;  0.0000000000;  0.0000000000;  0.0000000000;  0.0000000000;  0.0000000000;  0.0000000000;  0.0000000000;  0.0000000000
1200.00;  0.0000000000;  0.0000000000;  0.0000000000;  0.0000000000;  0.0000000000;  0.0000000000;  0.0000000000;  0.0000000000;  0.0000000000;  0.0000000000;  0.0000000000;  0.0000000000
1201.00;  0.0000000000;  0.0000000000;  0.0000000000;  0.0000000000;  0.0000000000;  0.0000000000;  0.0000000000;  0.0000000000;  0.0000000000;  0.0000000000;  0.0000000000;  0.0000000000
1202.00;  0.0000000000;  0.0000000000;  0.0000000000;  0.0000000000;  0.0000000000;  0.0000000000;  0.0000000000;  0.0000000000;  0.0000000000;  0.0000000000;  0.0000000000;  0.0000000000
1203.00;  0.0000000000;  0.0000000000;  0.0000000000;  0.0000000000;  0.0000000000;  0.0000000000;  0.0000000000;  0.0000000000;  0.0000000000;  0.0000000000;  0.0000000000;  0.0000000000
1204.00;  0.0000000000;  0.0000000000;  0.0000000000;  0.0000000000;  0.0000000000;  0.0000000000;  0.0000000000;  0.0000000000;  0.0000000000;  0.0000000000;  0.0000000000;  0.0000000000
1205.00;  0.0000000000;  0.0000000000;  0.0000000000;  0.0000000000;  0.0000000000;  0.0000000000;  0.0000000000;  0.0000000000;  0.0000000000;  0.0000000000;  0.0000000000;  0.0000000000
1206.00;  0.0000000000;  0.0000000000;  0.0000000000;  0.0000000000;  0.0000000000;  0.0000000000;  0.0000000000;  0.0000000000;  0.0000000000;  0.0000000000;  0.0000000000;  0.0000000000
1207.00;  0.0000000000;  0.0000000000;  0.0000000000;  0.0000000000;  0.0000000000;  0.0000000000;  0.0000000000;  0.0000000000;  0.0000000000;  0.0000000000;  0.0000000000;  0.0000000000
1208.00;  0.0000000000;  0.0000000000;  0.0000000000;  0.0000000000;  0.0000000000;  0.0000000000;  0.0000000000;  0.0000000000;  0.0000000000;  0.0000000000;  0.0000000000;  0.0000000000
1209.00;  0.0000000000;  0.0000000000;  0.0000000000;  0.0000000000;  0.0000000000;  0.0000000000;  0.0000000000;  0.0000000000;  0.0000000000;  0.0000000000;  0.0000000000;  0.0000000000
1210.00;  0.0000000000;  0.0000000000;  0.0000000000;  0.0000000000;  0.0000000000;  0.0000000000;  0.0000000000;  0.0000000000;  0.0000000000;  0.0000000000;  0.0000000000;  0.0000000000
1211.00;  0.0000000000;  0.0000000000;  0.0000000000;  0.0000000000;  0.0000000000;  0.0000000000;  0.0000000000;  0.0000000000;  0.0000000000;  0.0000000000;  0.0000000000;  0.0000000000
1212.00;  0.0000000000;  0.0000000000;  0.0000000000;  0.0000000000;  0.0000000000;  0.0000000000;  0.0000000000;  0.0000000000;  0.0000000000;  0.0000000000;  0.0000000000;  0.0000000000
1213.00;  0.0000000000;  0.0000000000;  0.0000000000;  0.0000000000;  0.0000000000;  0.0000000000;  0.0000000000;  0.0000000000;  0.0000000000;  0.0000000000;  0.0000000000;  0.0000000000
1214.00;  0.0000000000;  0.0000000000;  0.0000000000;  0.0000000000;  0.0000000000;  0.0000000000;  0.0000000000;  0.0000000000;  0.0000000000;  0.0000000000;  0.0000000000;  0.0000000000
1215.00;  0.0000000000;  0.0000000000;  0.0000000000;  0.0000000000;  0.0000000000;  0.0000000000;  0.0000000000;  0.0000000000;  0.0000000000;  0.0000000000;  0.0000000000;  0.0000000000
1216.00;  0.0000000000;  0.0000000000;  0.0000000000;  0.0000000000;  0.0000000000;  0.0000000000;  0.0000000000;  0.0000000000;  0.0000000000;  0.0000000000;  0.0000000000;  0.0000000000
1217.00;  0.0000000000;  0.0000000000;  0.0000000000;  0.0000000000;  0.0000000000;  0.0000000000;  0.0000000000;  0.0000000000;  0.0000000000;  0.0000000000;  0.0000000000;  0.0000000000
1218.00;  0.0000000000;  0.0000000000;  0.0000000000;  0.0000000000;  0.0000000000;  0.0000000000;  0.0000000000;  0.0000000000;  0.0000000000;  0.0000000000;  0.0000000000;  0.0000000000
1219.00;  0.0000000000;  0.0000000000;  0.0000000000;  0.0000000000;  0.0000000000;  0.0000000000;  0.0000000000;  0.0000000000;  0.0000000000;  0.0000000000;  0.0000000000;  0.0000000000
1220.00;  0.0000000000;  0.0000000000;  0.0000000000;  0.0000000000;  0.0000000000;  0.0000000000;  0.0000000000;  0.0000000000;  0.0000000000;  0.0000000000;  0.0000000000;  0.0000000000
1221.00;  0.0000000000;  0.0000000000;  0.0000000000;  0.0000000000;  0.0000000000;  0.0000000000;  0.0000000000;  0.0000000000;  0.0000000000;  0.0000000000;  0.0000000000;  0.0000000000
1222.00;  0.0000000000;  0.0000000000;  0.0000000000;  0.0000000000;  0.0000000000;  0.0000000000;  0.0000000000;  0.0000000000;  0.0000000000;  0.0000000000;  0.0000000000;  0.0000000000
1223.00;  0.0000000000;  0.0000000000;  0.0000000000;  0.0000000000;  0.0000000000;  0.0000000000;  0.0000000000;  0.0000000000;  0.0000000000;  0.0000000000;  0.0000000000;  0.0000000000
1224.00;  0.0000000000;  0.0000000000;  0.0000000000;  0.0000000000;  0.0000000000;  0.0000000000;  0.0000000000;  0.0000000000;  0.0000000000;  0.0000000000;  0.0000000000;  0.0000000000
1225.00;  0.0000000000;  0.0000000000;  0.0000000000;  0.0000000000;  0.0000000000;  0.0000000000;  0.0000000000;  0.0000000000;  0.0000000000;  0.0000000000;  0.0000000000;  0.0000000000
1226.00;  0.0000000000;  0.0000000000;  0.0000000000;  0.0000000000;  0.0000000000;  0.0000000000;  0.0000000000;  0.0000000000;  0.0000000000;  0.0000000000;  0.0000000000;  0.0000000000
1227.00;  0.0000000000;  0.0000000000;  0.0000000000;  0.0000000000;  0.0000000000;  0.0000000000;  0.0000000000;  0.0000000000;  0.0000000000;  0.0000000000;  0.0000000000;  0.0000000000
1228.00;  0.0000000000;  0.0000000000;  0.0000000000;  0.0000000000;  0.0000000000;  0.0000000000;  0.0000000000;  0.0000000000;  0.0000000000;  0.0000000000;  0.0000000000;  0.0000000000
1229.00;  0.0000000000;  0.0000000000;  0.0000000000;  0.0000000000;  0.0000000000;  0.0000000000;  0.0000000000;  0.0000000000;  0.0000000000;  0.0000000000;  0.0000000000;  0.0000000000
1230.00;  0.0000000000;  0.0000000000;  0.0000000000;  0.0000000000;  0.0000000000;  0.0000000000;  0.0000000000;  0.0000000000;  0.0000000000;  0.0000000000;  0.0000000000;  0.0000000000
1231.00;  0.0000000000;  0.0000000000;  0.0000000000;  0.0000000000;  0.0000000000;  0.0000000000;  0.0000000000;  0.0000000000;  0.0000000000;  0.0000000000;  0.0000000000;  0.0000000000
1232.00;  0.0000000000;  0.0000000000;  0.0000000000;  0.0000000000;  0.0000000000;  0.0000000000;  0.0000000000;  0.0000000000;  0.0000000000;  0.0000000000;  0.0000000000;  0.0000000000
1233.00;  0.0000000000;  0.0000000000;  0.0000000000;  0.0000000000;  0.0000000000;  0.0000000000;  0.0000000000;  0.0000000000;  0.0000000000;  0.0000000000;  0.0000000000;  0.0000000000
1234.00;  0.0000000000;  0.0000000000;  0.0000000000;  0.0000000000;  0.0000000000;  0.0000000000;  0.0000000000;  0.0000000000;  0.0000000000;  0.0000000000;  0.0000000000;  0.0000000000
1235.00;  0.0000000000;  0.0000000000;  0.0000000000;  0.0000000000;  0.0000000000;  0.0000000000;  0.0000000000;  0.0000000000;  0.0000000000;  0.0000000000;  0.0000000000;  0.0000000000
1236.00;  0.0000000000;  0.0000000000;  0.0000000000;  0.0000000000;  0.0000000000;  0.0000000000;  0.0000000000;  0.0000000000;  0.0000000000;  0.0000000000;  0.0000000000;  0.0000000000
1237.00;  0.0000000000;  0.0000000000;  0.0000000000;  0.0000000000;  0.0000000000;  0.0000000000;  0.0000000000;  0.0000000000;  0.0000000000;  0.0000000000;  0.0000000000;  0.0000000000
1238.00;  0.0000000000;  0.0000000000;  0.0000000000;  0.0000000000;  0.0000000000;  0.0000000000;  0.0000000000;  0.0000000000;  0.0000000000;  0.0000000000;  0.0000000000;  0.0000000000
1239.00;  0.0000000000;  0.0000000000;  0.0000000000;  0.0000000000;  0.0000000000;  0.0000000000;  0.0000000000;  0.0000000000;  0.0000000000;  0.0000000000;  0.0000000000;  0.0000000000
1240.00;  0.0000000000;  0.0000000000;  0.0000000000;  0.0000000000;  0.0000000000;  0.0000000000;  0.0000000000;  0.0000000000;  0.0000000000;  0.0000000000;  0.0000000000;  0.0000000000
1241.00;  0.0000000000;  0.0000000000;  0.0000000000;  0.0000000000;  0.0000000000;  0.0000000000;  0.0000000000;  0.0000000000;  0.0000000000;  0.0000000000;  0.0000000000;  0.0000000000
1242.00;  0.0000000000;  0.0000000000;  0.0000000000;  0.0000000000;  0.0000000000;  0.0000000000;  0.0000000000;  0.0000000000;  0.0000000000;  0.0000000000;  0.0000000000;  0.0000000000
1243.00;  0.0000000000;  0.0000000000;  0.0000000000;  0.0000000000;  0.0000000000;  0.0000000000;  0.0000000000;  0.0000000000;  0.0000000000;  0.0000000000;  0.0000000000;  0.0000000000
1244.00;  0.0000000000;  0.0000000000;  0.0000000000;  0.0000000000;  0.0000000000;  0.0000000000;  0.0000000000;  0.0000000000;  0.0000000000;  0.0000000000;  0.0000000000;  0.0000000000
1245.00;  0.0000000000;  0.0000000000;  0.0000000000;  0.0000000000;  0.0000000000;  0.0000000000;  0.0000000000;  0.0000000000;  0.0000000000;  0.0000000000;  0.0000000000;  0.0000000000
1246.00;  0.0000000000;  0.0000000000;  0.0000000000;  0.0000000000;  0.0000000000;  0.0000000000;  0.0000000000;  0.0000000000;  0.0000000000;  0.0000000000;  0.0000000000;  0.0000000000
1247.00;  0.0000000000;  0.0000000000;  0.0000000000;  0.0000000000;  0.0000000000;  0.0000000000;  0.0000000000;  0.0000000000;  0.0000000000;  0.0000000000;  0.0000000000;  0.0000000000
1248.00;  0.0000000000;  0.0000000000;  0.0000000000;  0.0000000000;  0.0000000000;  0.0000000000;  0.0000000000;  0.0000000000;  0.0000000000;  0.0000000000;  0.0000000000;  0.0000000000
1249.00;  0.0000000000;  0.0000000000;  0.0000000000;  0.0000000000;  0.0000000000;  0.0000000000;  0.0000000000;  0.0000000000;  0.0000000000;  0.0000000000;  0.0000000000;  0.0000000000
1250.00;  0.0000000000;  0.0000000000;  0.0000000000;  0.0000000000;  0.0000000000;  0.0000000000;  0.0000000000;  0.0000000000;  0.0000000000;  0.0000000000;  0.0000000000;  0.0000000000
1251.00;  0.0000000000;  0.0000000000;  0.0000000000;  0.0000000000;  0.0000000000;  0.0000000000;  0.0000000000;  0.0000000000;  0.0000000000;  0.0000000000;  0.0000000000;  0.0000000000
1252.00;  0.0000000000;  0.0000000000;  0.0000000000;  0.0000000000;  0.0000000000;  0.0000000000;  0.0000000000;  0.0000000000;  0.0000000000;  0.0000000000;  0.0000000000;  0.0000000000
1253.00;  0.0000000000;  0.0000000000;  0.0000000000;  0.0000000000;  0.0000000000;  0.0000000000;  0.0000000000;  0.0000000000;  0.0000000000;  0.0000000000;  0.0000000000;  0.0000000000
1254.00;  0.0000000000;  0.0000000000;  0.0000000000;  0.0000000000;  0.0000000000;  0.0000000000;  0.0000000000;  0.0000000000;  0.0000000000;  0.0000000000;  0.0000000000;  0.0000000000
1255.00;  0.0000000000;  0.0000000000;  0.0000000000;  0.0000000000;  0.0000000000;  0.0000000000;  0.0000000000;  0.0000000000;  0.0000000000;  0.0000000000;  0.0000000000;  0.0000000000
1256.00;  0.0000000000;  0.0000000000;  0.0000000000;  0.0000000000;  0.0000000000;  0.0000000000;  0.0000000000;  0.0000000000;  0.0000000000;  0.0000000000;  0.0000000000;  0.0000000000
1257.00;  0.0000000000;  0.0000000000;  0.0000000000;  0.0000000000;  0.0000000000;  0.0000000000;  0.0000000000;  0.0000000000;  0.0000000000;  0.0000000000;  0.0000000000;  0.0000000000
1258.00;  0.0000000000;  0.0000000000;  0.0000000000;  0.0000000000;  0.0000000000;  0.0000000000;  0.0000000000;  0.0000000000;  0.0000000000;  0.0000000000;  0.0000000000;  0.0000000000
1259.00;  0.0000000000;  0.0000000000;  0.0000000000;  0.0000000000;  0.0000000000;  0.0000000000;  0.0000000000;  0.0000000000;  0.0000000000;  0.0000000000;  0.0000000000;  0.0000000000
1260.00;  0.0000000000;  0.0000000000;  0.0000000000;  0.0000000000;  0.0000000000;  0.0000000000;  0.0000000000;  0.0000000000;  0.0000000000;  0.0000000000;  0.0000000000;  0.0000000000
1261.00;  0.0000000000;  0.0000000000;  0.0000000000;  0.0000000000;  0.0000000000;  0.0000000000;  0.0000000000;  0.0000000000;  0.0000000000;  0.0000000000;  0.0000000000;  0.0000000000
1262.00;  0.0000000000;  0.0000000000;  0.0000000000;  0.0000000000;  0.0000000000;  0.0000000000;  0.0000000000;  0.0000000000;  0.0000000000;  0.0000000000;  0.0000000000;  0.0000000000
1263.00;  0.0000000000;  0.0000000000;  0.0000000000;  0.0000000000;  0.0000000000;  0.0000000000;  0.0000000000;  0.0000000000;  0.0000000000;  0.0000000000;  0.0000000000;  0.0000000000
1264.00;  0.0000000000;  0.0000000000;  0.0000000000;  0.0000000000;  0.0000000000;  0.0000000000;  0.0000000000;  0.0000000000;  0.0000000000;  0.0000000000;  0.0000000000;  0.0000000000
1265.00;  0.0000000000;  0.0000000000;  0.0000000000;  0.0000000000;  0.0000000000;  0.0000000000;  0.0000000000;  0.0000000000;  0.0000000000;  0.0000000000;  0.0000000000;  0.0000000000
1266.00;  0.0000000000;  0.0000000000;  0.0000000000;  0.0000000000;  0.0000000000;  0.0000000000;  0.0000000000;  0.0000000000;  0.0000000000;  0.0000000000;  0.0000000000;  0.0000000000
1267.00;  0.0000000000;  0.0000000000;  0.0000000000;  0.0000000000;  0.0000000000;  0.0000000000;  0.0000000000;  0.0000000000;  0.0000000000;  0.0000000000;  0.0000000000;  0.0000000000
1268.00;  0.0000000000;  0.0000000000;  0.0000000000;  0.0000000000;  0.0000000000;  0.0000000000;  0.0000000000;  0.0000000000;  0.0000000000;  0.0000000000;  0.0000000000;  0.0000000000
1269.00;  0.0000000000;  0.0000000000;  0.0000000000;  0.0000000000;  0.0000000000;  0.0000000000;  0.0000000000;  0.0000000000;  0.0000000000;  0.0000000000;  0.0000000000;  0.0000000000
1270.00;  0.0000000000;  0.0000000000;  0.0000000000;  0.0000000000;  0.0000000000;  0.0000000000;  0.0000000000;  0.0000000000;  0.0000000000;  0.0000000000;  0.0000000000;  0.0000000000
1271.00;  0.0000000000;  0.0000000000;  0.0000000000;  0.0000000000;  0.0000000000;  0.0000000000;  0.0000000000;  0.0000000000;  0.0000000000;  0.0000000000;  0.0000000000;  0.0000000000
1272.00;  0.0000000000;  0.0000000000;  0.0000000000;  0.0000000000;  0.0000000000;  0.0000000000;  0.0000000000;  0.0000000000;  0.0000000000;  0.0000000000;  0.0000000000;  0.0000000000
1273.00;  0.0000000000;  0.0000000000;  0.0000000000;  0.0000000000;  0.0000000000;  0.0000000000;  0.0000000000;  0.0000000000;  0.0000000000;  0.0000000000;  0.0000000000;  0.0000000000
1274.00;  0.0000000000;  0.0000000000;  0.0000000000;  0.0000000000;  0.0000000000;  0.0000000000;  0.0000000000;  0.0000000000;  0.0000000000;  0.0000000000;  0.0000000000;  0.0000000000
1275.00;  0.0000000000;  0.0000000000;  0.0000000000;  0.0000000000;  0.0000000000;  0.0000000000;  0.0000000000;  0.0000000000;  0.0000000000;  0.0000000000;  0.0000000000;  0.0000000000
1276.00;  0.0000000000;  0.0000000000;  0.0000000000;  0.0000000000;  0.0000000000;  0.0000000000;  0.0000000000;  0.0000000000;  0.0000000000;  0.0000000000;  0.0000000000;  0.0000000000
1277.00;  0.0000000000;  0.0000000000;  0.0000000000;  0.0000000000;  0.0000000000;  0.0000000000;  0.0000000000;  0.0000000000;  0.0000000000;  0.0000000000;  0.0000000000;  0.0000000000
1278.00;  0.0000000000;  0.0000000000;  0.0000000000;  0.0000000000;  0.0000000000;  0.0000000000;  0.0000000000;  0.0000000000;  0.0000000000;  0.0000000000;  0.0000000000;  0.0000000000
1279.00;  0.0000000000;  0.0000000000;  0.0000000000;  0.0000000000;  0.0000000000;  0.0000000000;  0.0000000000;  0.0000000000;  0.0000000000;  0.0000000000;  0.0000000000;  0.0000000000
1280.00;  0.0000000000;  0.0000000000;  0.0000000000;  0.0000000000;  0.0000000000;  0.0000000000;  0.0000000000;  0.0000000000;  0.0000000000;  0.0000000000;  0.0000000000;  0.0000000000
1281.00;  0.0000000000;  0.0000000000;  0.0000000000;  0.0000000000;  0.0000000000;  0.0000000000;  0.0000000000;  0.0000000000;  0.0000000000;  0.0000000000;  0.0000000000;  0.0000000000
1282.00;  0.0000000000;  0.0000000000;  0.0000000000;  0.0000000000;  0.0000000000;  0.0000000000;  0.0000000000;  0.0000000000;  0.0000000000;  0.0000000000;  0.0000000000;  0.0000000000
1283.00;  0.0000000000;  0.0000000000;  0.0000000000;  0.0000000000;  0.0000000000;  0.0000000000;  0.0000000000;  0.0000000000;  0.0000000000;  0.0000000000;  0.0000000000;  0.0000000000
1284.00;  0.0000000000;  0.0000000000;  0.0000000000;  0.0000000000;  0.0000000000;  0.0000000000;  0.0000000000;  0.0000000000;  0.0000000000;  0.0000000000;  0.0000000000;  0.0000000000
1285.00;  0.0000000000;  0.0000000000;  0.0000000000;  0.0000000000;  0.0000000000;  0.0000000000;  0.0000000000;  0.0000000000;  0.0000000000;  0.0000000000;  0.0000000000;  0.0000000000
1286.00;  0.0000000000;  0.0000000000;  0.0000000000;  0.0000000000;  0.0000000000;  0.0000000000;  0.0000000000;  0.0000000000;  0.0000000000;  0.0000000000;  0.0000000000;  0.0000000000
1287.00;  0.0000000000;  0.0000000000;  0.0000000000;  0.0000000000;  0.0000000000;  0.0000000000;  0.0000000000;  0.0000000000;  0.0000000000;  0.0000000000;  0.0000000000;  0.0000000000
1288.00;  0.0000000000;  0.0000000000;  0.0000000000;  0.0000000000;  0.0000000000;  0.0000000000;  0.0000000000;  0.0000000000;  0.0000000000;  0.0000000000;  0.0000000000;  0.0000000000
1289.00;  0.0000000000;  0.0000000000;  0.0000000000;  0.0000000000;  0.0000000000;  0.0000000000;  0.0000000000;  0.0000000000;  0.0000000000;  0.0000000000;  0.0000000000;  0.0000000000
1290.00;  0.0000000000;  0.0000000000;  0.0000000000;  0.0000000000;  0.0000000000;  0.0000000000;  0.0000000000;  0.0000000000;  0.0000000000;  0.0000000000;  0.0000000000;  0.0000000000
1291.00;  0.0000000000;  0.0000000000;  0.0000000000;  0.0000000000;  0.0000000000;  0.0000000000;  0.0000000000;  0.0000000000;  0.0000000000;  0.0000000000;  0.0000000000;  0.0000000000
1292.00;  0.0000000000;  0.0000000000;  0.0000000000;  0.0000000000;  0.0000000000;  0.0000000000;  0.0000000000;  0.0000000000;  0.0000000000;  0.0000000000;  0.0000000000;  0.0000000000
1293.00;  0.0000000000;  0.0000000000;  0.0000000000;  0.0000000000;  0.0000000000;  0.0000000000;  0.0000000000;  0.0000000000;  0.0000000000;  0.0000000000;  0.0000000000;  0.0000000000
1294.00;  0.0000000000;  0.0000000000;  0.0000000000;  0.0000000000;  0.0000000000;  0.0000000000;  0.0000000000;  0.0000000000;  0.0000000000;  0.0000000000;  0.0000000000;  0.0000000000
1295.00;  0.0000000000;  0.0000000000;  0.0000000000;  0.0000000000;  0.0000000000;  0.0000000000;  0.0000000000;  0.0000000000;  0.0000000000;  0.0000000000;  0.0000000000;  0.0000000000
1296.00;  0.0000000000;  0.0000000000;  0.0000000000;  0.0000000000;  0.0000000000;  0.0000000000;  0.0000000000;  0.0000000000;  0.0000000000;  0.0000000000;  0.0000000000;  0.0000000000
1297.00;  0.0000000000;  0.0000000000;  0.0000000000;  0.0000000000;  0.0000000000;  0.0000000000;  0.0000000000;  0.0000000000;  0.0000000000;  0.0000000000;  0.0000000000;  0.0000000000
1298.00;  0.0000000000;  0.0000000000;  0.0000000000;  0.0000000000;  0.0000000000;  0.0000000000;  0.0000000000;  0.0000000000;  0.0000000000;  0.0000000000;  0.0000000000;  0.0000000000
1299.00;  0.0000000000;  0.0000000000;  0.0000000000;  0.0000000000;  0.0000000000;  0.0000000000;  0.0000000000;  0.0000000000;  0.0000000000;  0.0000000000;  0.0000000000;  0.0000000000
1300.00;  0.0000000000;  0.0000000000;  0.0000000000;  0.0000000000;  0.0000000000;  0.0000000000;  0.0000000000;  0.0000000000;  0.0000000000;  0.0000000000;  0.0000000000;  0.0000000000
1301.00;  0.0000000000;  0.0000000000;  0.0000000000;  0.0000000000;  0.0000000000;  0.0000000000;  0.0000000000;  0.0000000000;  0.0000000000;  0.0000000000;  0.0000000000;  0.0000000000
1302.00;  0.0000000000;  0.0000000000;  0.0000000000;  0.0000000000;  0.0000000000;  0.0000000000;  0.0000000000;  0.0000000000;  0.0000000000;  0.0000000000;  0.0000000000;  0.0000000000
1303.00;  0.0000000000;  0.0000000000;  0.0000000000;  0.0000000000;  0.0000000000;  0.0000000000;  0.0000000000;  0.0000000000;  0.0000000000;  0.0000000000;  0.0000000000;  0.0000000000
1304.00;  0.0000000000;  0.0000000000;  0.0000000000;  0.0000000000;  0.0000000000;  0.0000000000;  0.0000000000;  0.0000000000;  0.0000000000;  0.0000000000;  0.0000000000;  0.0000000000
1305.00;  0.0000000000;  0.0000000000;  0.0000000000;  0.0000000000;  0.0000000000;  0.0000000000;  0.0000000000;  0.0000000000;  0.0000000000;  0.0000000000;  0.0000000000;  0.0000000000
1306.00;  0.0000000000;  0.0000000000;  0.0000000000;  0.0000000000;  0.0000000000;  0.0000000000;  0.0000000000;  0.0000000000;  0.0000000000;  0.0000000000;  0.0000000000;  0.0000000000
1307.00;  0.0000000000;  0.0000000000;  0.0000000000;  0.0000000000;  0.0000000000;  0.0000000000;  0.0000000000;  0.0000000000;  0.0000000000;  0.0000000000;  0.0000000000;  0.0000000000
1308.00;  0.0000000000;  0.0000000000;  0.0000000000;  0.0000000000;  0.0000000000;  0.0000000000;  0.0000000000;  0.0000000000;  0.0000000000;  0.0000000000;  0.0000000000;  0.0000000000
1309.00;  0.0000000000;  0.0000000000;  0.0000000000;  0.0000000000;  0.0000000000;  0.0000000000;  0.0000000000;  0.0000000000;  0.0000000000;  0.0000000000;  0.0000000000;  0.0000000000
1310.00;  0.0000000000;  0.0000000000;  0.0000000000;  0.0000000000;  0.0000000000;  0.0000000000;  0.0000000000;  0.0000000000;  0.0000000000;  0.0000000000;  0.0000000000;  0.0000000000
1311.00;  0.0000000000;  0.0000000000;  0.0000000000;  0.0000000000;  0.0000000000;  0.0000000000;  0.0000000000;  0.0000000000;  0.0000000000;  0.0000000000;  0.0000000000;  0.0000000000
1312.00;  0.0000000000;  0.0000000000;  0.0000000000;  0.0000000000;  0.0000000000;  0.0000000000;  0.0000000000;  0.0000000000;  0.0000000000;  0.0000000000;  0.0000000000;  0.0000000000
1313.00;  0.0000000000;  0.0000000000;  0.0000000000;  0.0000000000;  0.0000000000;  0.0000000000;  0.0000000000;  0.0000000000;  0.0000000000;  0.0000000000;  0.0000000000;  0.0000000000
1314.00;  0.0000000000;  0.0000000000;  0.0000000000;  0.0000000000;  0.0000000000;  0.0000000000;  0.0000000000;  0.0000000000;  0.0000000000;  0.0000000000;  0.0000000000;  0.0000000000
1315.00;  0.0000000000;  0.0000000000;  0.0000000000;  0.0000000000;  0.0000000000;  0.0000000000;  0.0000000000;  0.0000000000;  0.0000000000;  0.0000000000;  0.0000000000;  0.0000000000
1316.00;  0.0000000000;  0.0000000000;  0.0000000000;  0.0000000000;  0.0000000000;  0.0000000000;  0.0000000000;  0.0000000000;  0.0000000000;  0.0000000000;  0.0000000000;  0.0000000000
1317.00;  0.0000000000;  0.0000000000;  0.0000000000;  0.0000000000;  0.0000000000;  0.0000000000;  0.0000000000;  0.0000000000;  0.0000000000;  0.0000000000;  0.0000000000;  0.0000000000
1318.00;  0.0000000000;  0.0000000000;  0.0000000000;  0.0000000000;  0.0000000000;  0.0000000000;  0.0000000000;  0.0000000000;  0.0000000000;  0.0000000000;  0.0000000000;  0.0000000000
1319.00;  0.0000000000;  0.0000000000;  0.0000000000;  0.0000000000;  0.0000000000;  0.0000000000;  0.0000000000;  0.0000000000;  0.0000000000;  0.0000000000;  0.0000000000;  0.0000000000
1320.00;  0.0000000000;  0.0000000000;  0.0000000000;  0.0000000000;  0.0000000000;  0.0000000000;  0.0000000000;  0.0000000000;  0.0000000000;  0.0000000000;  0.0000000000;  0.0000000000
1321.00;  0.0000000000;  0.0000000000;  0.0000000000;  0.0000000000;  0.0000000000;  0.0000000000;  0.0000000000;  0.0000000000;  0.0000000000;  0.0000000000;  0.0000000000;  0.0000000000
1322.00;  0.0000000000;  0.0000000000;  0.0000000000;  0.0000000000;  0.0000000000;  0.0000000000;  0.0000000000;  0.0000000000;  0.0000000000;  0.0000000000;  0.0000000000;  0.0000000000
1323.00;  0.0000000000;  0.0000000000;  0.0000000000;  0.0000000000;  0.0000000000;  0.0000000000;  0.0000000000;  0.0000000000;  0.0000000000;  0.0000000000;  0.0000000000;  0.0000000000
1324.00;  0.0000000000;  0.0000000000;  0.0000000000;  0.0000000000;  0.0000000000;  0.0000000000;  0.0000000000;  0.0000000000;  0.0000000000;  0.0000000000;  0.0000000000;  0.0000000000
1325.00;  0.0000000000;  0.0000000000;  0.0000000000;  0.0000000000;  0.0000000000;  0.0000000000;  0.0000000000;  0.0000000000;  0.0000000000;  0.0000000000;  0.0000000000;  0.0000000000
1326.00;  0.0000000000;  0.0000000000;  0.0000000000;  0.0000000000;  0.0000000000;  0.0000000000;  0.0000000000;  0.0000000000;  0.0000000000;  0.0000000000;  0.0000000000;  0.0000000000
1327.00;  0.0000000000;  0.0000000000;  0.0000000000;  0.0000000000;  0.0000000000;  0.0000000000;  0.0000000000;  0.0000000000;  0.0000000000;  0.0000000000;  0.0000000000;  0.0000000000
1328.00;  0.0000000000;  0.0000000000;  0.0000000000;  0.0000000000;  0.0000000000;  0.0000000000;  0.0000000000;  0.0000000000;  0.0000000000;  0.0000000000;  0.0000000000;  0.0000000000
1329.00;  0.0000000000;  0.0000000000;  0.0000000000;  0.0000000000;  0.0000000000;  0.0000000000;  0.0000000000;  0.0000000000;  0.0000000000;  0.0000000000;  0.0000000000;  0.0000000000
1330.00;  0.0000000000;  0.0000000000;  0.0000000000;  0.0000000000;  0.0000000000;  0.0000000000;  0.0000000000;  0.0000000000;  0.0000000000;  0.0000000000;  0.0000000000;  0.0000000000
1331.00;  0.0000000000;  0.0000000000;  0.0000000000;  0.0000000000;  0.0000000000;  0.0000000000;  0.0000000000;  0.0000000000;  0.0000000000;  0.0000000000;  0.0000000000;  0.0000000000
1332.00;  0.0000000000;  0.0000000000;  0.0000000000;  0.0000000000;  0.0000000000;  0.0000000000;  0.0000000000;  0.0000000000;  0.0000000000;  0.0000000000;  0.0000000000;  0.0000000000
1333.00;  0.0000000000;  0.0000000000;  0.0000000000;  0.0000000000;  0.0000000000;  0.0000000000;  0.0000000000;  0.0000000000;  0.0000000000;  0.0000000000;  0.0000000000;  0.0000000000
1334.00;  0.0000000000;  0.0000000000;  0.0000000000;  0.0000000000;  0.0000000000;  0.0000000000;  0.0000000000;  0.0000000000;  0.0000000000;  0.0000000000;  0.0000000000;  0.0000000000
1335.00;  0.0000000000;  0.0000000000;  0.0000000000;  0.0000000000;  0.0000000000;  0.0000000000;  0.0000000000;  0.0000000000;  0.0000000000;  0.0000000000;  0.0000000000;  0.0000000000
1336.00;  0.0000000000;  0.0000000000;  0.0000000000;  0.0000000000;  0.0000000000;  0.0000000000;  0.0000000000;  0.0000000000;  0.0000000000;  0.0000000000;  0.0000000000;  0.0000000000
1337.00;  0.0000000000;  0.0000000000;  0.0000000000;  0.0000000000;  0.0000000000;  0.0000000000;  0.0000000000;  0.0000000000;  0.0000000000;  0.0000000000;  0.0000000000;  0.0000000000
1338.00;  0.0000000000;  0.0000000000;  0.0000000000;  0.0000000000;  0.0000000000;  0.0000000000;  0.0000000000;  0.0000000000;  0.0000000000;  0.0000000000;  0.0000000000;  0.0000000000
1339.00;  0.0000000000;  0.0000000000;  0.0000000000;  0.0000000000;  0.0000000000;  0.0000000000;  0.0000000000;  0.0000000000;  0.0000000000;  0.0000000000;  0.0000000000;  0.0000000000
1340.00;  0.0000000000;  0.0000000000;  0.0000000000;  0.0000000000;  0.0000000000;  0.0000000000;  0.0000000000;  0.0000000000;  0.0000000000;  0.0000000000;  0.0000000000;  0.0000000000
1341.00;  0.0000000000;  0.0000000000;  0.0000000000;  0.0000000000;  0.0000000000;  0.0000000000;  0.0000000000;  0.0000000000;  0.0000000000;  0.0000000000;  0.0000000000;  0.0000000000
1342.00;  0.0000000000;  0.0000000000;  0.0000000000;  0.0000000000;  0.0000000000;  0.0000000000;  0.0000000000;  0.0000000000;  0.0000000000;  0.0000000000;  0.0000000000;  0.0000000000
1343.00;  0.0000000000;  0.0000000000;  0.0000000000;  0.0000000000;  0.0000000000;  0.0000000000;  0.0000000000;  0.0000000000;  0.0000000000;  0.0000000000;  0.0000000000;  0.0000000000
1344.00;  0.0000000000;  0.0000000000;  0.0000000000;  0.0000000000;  0.0000000000;  0.0000000000;  0.0000000000;  0.0000000000;  0.0000000000;  0.0000000000;  0.0000000000;  0.0000000000
1345.00;  0.0000000000;  0.0000000000;  0.0000000000;  0.0000000000;  0.0000000000;  0.0000000000;  0.0000000000;  0.0000000000;  0.0000000000;  0.0000000000;  0.0000000000;  0.0000000000
1346.00;  0.0000000000;  0.0000000000;  0.0000000000;  0.0000000000;  0.0000000000;  0.0000000000;  0.0000000000;  0.0000000000;  0.0000000000;  0.0000000000;  0.0000000000;  0.0000000000
1347.00;  0.0000000000;  0.0000000000;  0.0000000000;  0.0000000000;  0.0000000000;  0.0000000000;  0.0000000000;  0.0000000000;  0.0000000000;  0.0000000000;  0.0000000000;  0.0000000000
1348.00;  0.0000000000;  0.0000000000;  0.0000000000;  0.0000000000;  0.0000000000;  0.0000000000;  0.0000000000;  0.0000000000;  0.0000000000;  0.0000000000;  0.0000000000;  0.0000000000
1349.00;  0.0000000000;  0.0000000000;  0.0000000000;  0.0000000000;  0.0000000000;  0.0000000000;  0.0000000000;  0.0000000000;  0.0000000000;  0.0000000000;  0.0000000000;  0.0000000000
1350.00;  0.0000000000;  0.0000000000;  0.0000000000;  0.0000000000;  0.0000000000;  0.0000000000;  0.0000000000;  0.0000000000;  0.0000000000;  0.0000000000;  0.0000000000;  0.0000000000
1351.00;  0.0000000000;  0.0000000000;  0.0000000000;  0.0000000000;  0.0000000000;  0.0000000000;  0.0000000000;  0.0000000000;  0.0000000000;  0.0000000000;  0.0000000000;  0.0000000000
1352.00;  0.0000000000;  0.0000000000;  0.0000000000;  0.0000000000;  0.0000000000;  0.0000000000;  0.0000000000;  0.0000000000;  0.0000000000;  0.0000000000;  0.0000000000;  0.0000000000
1353.00;  0.0000000000;  0.0000000000;  0.0000000000;  0.0000000000;  0.0000000000;  0.0000000000;  0.0000000000;  0.0000000000;  0.0000000000;  0.0000000000;  0.0000000000;  0.0000000000
1354.00;  0.0000000000;  0.0000000000;  0.0000000000;  0.0000000000;  0.0000000000;  0.0000000000;  0.0000000000;  0.0000000000;  0.0000000000;  0.0000000000;  0.0000000000;  0.0000000000
1355.00;  0.0000000000;  0.0000000000;  0.0000000000;  0.0000000000;  0.0000000000;  0.0000000000;  0.0000000000;  0.0000000000;  0.0000000000;  0.0000000000;  0.0000000000;  0.0000000000
1356.00;  0.0000000000;  0.0000000000;  0.0000000000;  0.0000000000;  0.0000000000;  0.0000000000;  0.0000000000;  0.0000000000;  0.0000000000;  0.0000000000;  0.0000000000;  0.0000000000
1357.00;  0.0000000000;  0.0000000000;  0.0000000000;  0.0000000000;  0.0000000000;  0.0000000000;  0.0000000000;  0.0000000000;  0.0000000000;  0.0000000000;  0.0000000000;  0.0000000000
1358.00;  0.0000000000;  0.0000000000;  0.0000000000;  0.0000000000;  0.0000000000;  0.0000000000;  0.0000000000;  0.0000000000;  0.0000000000;  0.0000000000;  0.0000000000;  0.0000000000
1359.00;  0.0000000000;  0.0000000000;  0.0000000000;  0.0000000000;  0.0000000000;  0.0000000000;  0.0000000000;  0.0000000000;  0.0000000000;  0.0000000000;  0.0000000000;  0.0000000000
1360.00;  0.0000000000;  0.0000000000;  0.0000000000;  0.0000000000;  0.0000000000;  0.0000000000;  0.0000000000;  0.0000000000;  0.0000000000;  0.0000000000;  0.0000000000;  0.0000000000
1361.00;  0.0000000000;  0.0000000000;  0.0000000000;  0.0000000000;  0.0000000000;  0.0000000000;  0.0000000000;  0.0000000000;  0.0000000000;  0.0000000000;  0.0000000000;  0.0000000000
1362.00;  0.0000000000;  0.0000000000;  0.0000000000;  0.0000000000;  0.0000000000;  0.0000000000;  0.0000000000;  0.0000000000;  0.0000000000;  0.0000000000;  0.0000000000;  0.0000000000
1363.00;  0.0000000000;  0.0000000000;  0.0000000000;  0.0000000000;  0.0000000000;  0.0000000000;  0.0000000000;  0.0000000000;  0.0000000000;  0.0000000000;  0.0000000000;  0.0000000000
1364.00;  0.0000000000;  0.0000000000;  0.0000000000;  0.0000000000;  0.0000000000;  0.0000000000;  0.0000000000;  0.0000000000;  0.0000000000;  0.0000000000;  0.0000000000;  0.0000000000
1365.00;  0.0000000000;  0.0000000000;  0.0000000000;  0.0000000000;  0.0000000000;  0.0000000000;  0.0000000000;  0.0000000000;  0.0000000000;  0.0000000000;  0.0000000000;  0.0000000000
1366.00;  0.0000000000;  0.0000000000;  0.0000000000;  0.0000000000;  0.0000000000;  0.0000000000;  0.0000000000;  0.0000000000;  0.0000000000;  0.0000000000;  0.0000000000;  0.0000000000
1367.00;  0.0000000000;  0.0000000000;  0.0000000000;  0.0000000000;  0.0000000000;  0.0000000000;  0.0000000000;  0.0000000000;  0.0000000000;  0.0000000000;  0.0000000000;  0.0000000000
1368.00;  0.0000000000;  0.0000000000;  0.0000000000;  0.0000000000;  0.0000000000;  0.0000000000;  0.0000000000;  0.0000000000;  0.0000000000;  0.0000000000;  0.0000000000;  0.0000000000
1369.00;  0.0000000000;  0.0000000000;  0.0000000000;  0.0000000000;  0.0000000000;  0.0000000000;  0.0000000000;  0.0000000000;  0.0000000000;  0.0000000000;  0.0000000000;  0.0000000000
1370.00;  0.0000000000;  0.0000000000;  0.0000000000;  0.0000000000;  0.0000000000;  0.0000000000;  0.0000000000;  0.0000000000;  0.0000000000;  0.0000000000;  0.0000000000;  0.0000000000
1371.00;  0.0000000000;  0.0000000000;  0.0000000000;  0.0000000000;  0.0000000000;  0.0000000000;  0.0000000000;  0.0000000000;  0.0000000000;  0.0000000000;  0.0000000000;  0.0000000000
1372.00;  0.0000000000;  0.0000000000;  0.0000000000;  0.0000000000;  0.0000000000;  0.0000000000;  0.0000000000;  0.0000000000;  0.0000000000;  0.0000000000;  0.0000000000;  0.0000000000
1373.00;  0.0000000000;  0.0000000000;  0.0000000000;  0.0000000000;  0.0000000000;  0.0000000000;  0.0000000000;  0.0000000000;  0.0000000000;  0.0000000000;  0.0000000000;  0.0000000000
1374.00;  0.0000000000;  0.0000000000;  0.0000000000;  0.0000000000;  0.0000000000;  0.0000000000;  0.0000000000;  0.0000000000;  0.0000000000;  0.0000000000;  0.0000000000;  0.0000000000
1375.00;  0.0000000000;  0.0000000000;  0.0000000000;  0.0000000000;  0.0000000000;  0.0000000000;  0.0000000000;  0.0000000000;  0.0000000000;  0.0000000000;  0.0000000000;  0.0000000000
1376.00;  0.0000000000;  0.0000000000;  0.0000000000;  0.0000000000;  0.0000000000;  0.0000000000;  0.0000000000;  0.0000000000;  0.0000000000;  0.0000000000;  0.0000000000;  0.0000000000
1377.00;  0.0000000000;  0.0000000000;  0.0000000000;  0.0000000000;  0.0000000000;  0.0000000000;  0.0000000000;  0.0000000000;  0.0000000000;  0.0000000000;  0.0000000000;  0.0000000000
1378.00;  0.0000000000;  0.0000000000;  0.0000000000;  0.0000000000;  0.0000000000;  0.0000000000;  0.0000000000;  0.0000000000;  0.0000000000;  0.0000000000;  0.0000000000;  0.0000000000
1379.00;  0.0000000000;  0.0000000000;  0.0000000000;  0.0000000000;  0.0000000000;  0.0000000000;  0.0000000000;  0.0000000000;  0.0000000000;  0.0000000000;  0.0000000000;  0.0000000000
1380.00;  0.0000000000;  0.0000000000;  0.0000000000;  0.0000000000;  0.0000000000;  0.0000000000;  0.0000000000;  0.0000000000;  0.0000000000;  0.0000000000;  0.0000000000;  0.0000000000
1381.00;  0.0000000000;  0.0000000000;  0.0000000000;  0.0000000000;  0.0000000000;  0.0000000000;  0.0000000000;  0.0000000000;  0.0000000000;  0.0000000000;  0.0000000000;  0.0000000000
1382.00;  0.0000000000;  0.0000000000;  0.0000000000;  0.0000000000;  0.0000000000;  0.0000000000;  0.0000000000;  0.0000000000;  0.0000000000;  0.0000000000;  0.0000000000;  0.0000000000
1383.00;  0.0000000000;  0.0000000000;  0.0000000000;  0.0000000000;  0.0000000000;  0.0000000000;  0.0000000000;  0.0000000000;  0.0000000000;  0.0000000000;  0.0000000000;  0.0000000000
1384.00;  0.0000000000;  0.0000000000;  0.0000000000;  0.0000000000;  0.0000000000;  0.0000000000;  0.0000000000;  0.0000000000;  0.0000000000;  0.0000000000;  0.0000000000;  0.0000000000
1385.00;  0.0000000000;  0.0000000000;  0.0000000000;  0.0000000000;  0.0000000000;  0.0000000000;  0.0000000000;  0.0000000000;  0.0000000000;  0.0000000000;  0.0000000000;  0.0000000000
1386.00;  0.0000000000;  0.0000000000;  0.0000000000;  0.0000000000;  0.0000000000;  0.0000000000;  0.0000000000;  0.0000000000;  0.0000000000;  0.0000000000;  0.0000000000;  0.0000000000
1387.00;  0.0000000000;  0.0000000000;  0.0000000000;  0.0000000000;  0.0000000000;  0.0000000000;  0.0000000000;  0.0000000000;  0.0000000000;  0.0000000000;  0.0000000000;  0.0000000000
1388.00;  0.0000000000;  0.0000000000;  0.0000000000;  0.0000000000;  0.0000000000;  0.0000000000;  0.0000000000;  0.0000000000;  0.0000000000;  0.0000000000;  0.0000000000;  0.0000000000
1389.00;  0.0000000000;  0.0000000000;  0.0000000000;  0.0000000000;  0.0000000000;  0.0000000000;  0.0000000000;  0.0000000000;  0.0000000000;  0.0000000000;  0.0000000000;  0.0000000000
1390.00;  0.0000000000;  0.0000000000;  0.0000000000;  0.0000000000;  0.0000000000;  0.0000000000;  0.0000000000;  0.0000000000;  0.0000000000;  0.0000000000;  0.0000000000;  0.0000000000
1391.00;  0.0000000000;  0.0000000000;  0.0000000000;  0.0000000000;  0.0000000000;  0.0000000000;  0.0000000000;  0.0000000000;  0.0000000000;  0.0000000000;  0.0000000000;  0.0000000000
1392.00;  0.0000000000;  0.0000000000;  0.0000000000;  0.0000000000;  0.0000000000;  0.0000000000;  0.0000000000;  0.0000000000;  0.0000000000;  0.0000000000;  0.0000000000;  0.0000000000
1393.00;  0.0000000000;  0.0000000000;  0.0000000000;  0.0000000000;  0.0000000000;  0.0000000000;  0.0000000000;  0.0000000000;  0.0000000000;  0.0000000000;  0.0000000000;  0.0000000000
1394.00;  0.0000000000;  0.0000000000;  0.0000000000;  0.0000000000;  0.0000000000;  0.0000000000;  0.0000000000;  0.0000000000;  0.0000000000;  0.0000000000;  0.0000000000;  0.0000000000
1395.00;  0.0000000000;  0.0000000000;  0.0000000000;  0.0000000000;  0.0000000000;  0.0000000000;  0.0000000000;  0.0000000000;  0.0000000000;  0.0000000000;  0.0000000000;  0.0000000000
1396.00;  0.0000000000;  0.0000000000;  0.0000000000;  0.0000000000;  0.0000000000;  0.0000000000;  0.0000000000;  0.0000000000;  0.0000000000;  0.0000000000;  0.0000000000;  0.0000000000
1397.00;  0.0000000000;  0.0000000000;  0.0000000000;  0.0000000000;  0.0000000000;  0.0000000000;  0.0000000000;  0.0000000000;  0.0000000000;  0.0000000000;  0.0000000000;  0.0000000000
1398.00;  0.0000000000;  0.0000000000;  0.0000000000;  0.0000000000;  0.0000000000;  0.0000000000;  0.0000000000;  0.0000000000;  0.0000000000;  0.0000000000;  0.0000000000;  0.0000000000
1399.00;  0.0000000000;  0.0000000000;  0.0000000000;  0.0000000000;  0.0000000000;  0.0000000000;  0.0000000000;  0.0000000000;  0.0000000000;  0.0000000000;  0.0000000000;  0.0000000000
1400.00;  0.0000000000;  0.0000000000;  0.0000000000;  0.0000000000;  0.0000000000;  0.0000000000;  0.0000000000;  0.0000000000;  0.0000000000;  0.0000000000;  0.0000000000;  0.0000000000
1401.00;  0.0000000000;  0.0000000000;  0.0000000000;  0.0000000000;  0.0000000000;  0.0000000000;  0.0000000000;  0.0000000000;  0.0000000000;  0.0000000000;  0.0000000000;  0.0000000000
1402.00;  0.0000000000;  0.0000000000;  0.0000000000;  0.0000000000;  0.0000000000;  0.0000000000;  0.0000000000;  0.0000000000;  0.0000000000;  0.0000000000;  0.0000000000;  0.0000000000
1403.00;  0.0000000000;  0.0000000000;  0.0000000000;  0.0000000000;  0.0000000000;  0.0000000000;  0.0000000000;  0.0000000000;  0.0000000000;  0.0000000000;  0.0000000000;  0.0000000000
1404.00;  0.0000000000;  0.0000000000;  0.0000000000;  0.0000000000;  0.0000000000;  0.0000000000;  0.0000000000;  0.0000000000;  0.0000000000;  0.0000000000;  0.0000000000;  0.0000000000
1405.00;  0.0000000000;  0.0000000000;  0.0000000000;  0.0000000000;  0.0000000000;  0.0000000000;  0.0000000000;  0.0000000000;  0.0000000000;  0.0000000000;  0.0000000000;  0.0000000000
1406.00;  0.0000000000;  0.0000000000;  0.0000000000;  0.0000000000;  0.0000000000;  0.0000000000;  0.0000000000;  0.0000000000;  0.0000000000;  0.0000000000;  0.0000000000;  0.0000000000
1407.00;  0.0000000000;  0.0000000000;  0.0000000000;  0.0000000000;  0.0000000000;  0.0000000000;  0.0000000000;  0.0000000000;  0.0000000000;  0.0000000000;  0.0000000000;  0.0000000000
1408.00;  0.0000000000;  0.0000000000;  0.0000000000;  0.0000000000;  0.0000000000;  0.0000000000;  0.0000000000;  0.0000000000;  0.0000000000;  0.0000000000;  0.0000000000;  0.0000000000
1409.00;  0.0000000000;  0.0000000000;  0.0000000000;  0.0000000000;  0.0000000000;  0.0000000000;  0.0000000000;  0.0000000000;  0.0000000000;  0.0000000000;  0.0000000000;  0.0000000000
1410.00;  0.0000000000;  0.0000000000;  0.0000000000;  0.0000000000;  0.0000000000;  0.0000000000;  0.0000000000;  0.0000000000;  0.0000000000;  0.0000000000;  0.0000000000;  0.0000000000
1411.00;  0.0000000000;  0.0000000000;  0.0000000000;  0.0000000000;  0.0000000000;  0.0000000000;  0.0000000000;  0.0000000000;  0.0000000000;  0.0000000000;  0.0000000000;  0.0000000000
1412.00;  0.0000000000;  0.0000000000;  0.0000000000;  0.0000000000;  0.0000000000;  0.0000000000;  0.0000000000;  0.0000000000;  0.0000000000;  0.0000000000;  0.0000000000;  0.0000000000
1413.00;  0.0000000000;  0.0000000000;  0.0000000000;  0.0000000000;  0.0000000000;  0.0000000000;  0.0000000000;  0.0000000000;  0.0000000000;  0.0000000000;  0.0000000000;  0.0000000000
1414.00;  0.0000000000;  0.0000000000;  0.0000000000;  0.0000000000;  0.0000000000;  0.0000000000;  0.0000000000;  0.0000000000;  0.0000000000;  0.0000000000;  0.0000000000;  0.0000000000
1415.00;  0.0000000000;  0.0000000000;  0.0000000000;  0.0000000000;  0.0000000000;  0.0000000000;  0.0000000000;  0.0000000000;  0.0000000000;  0.0000000000;  0.0000000000;  0.0000000000
1416.00;  0.0000000000;  0.0000000000;  0.0000000000;  0.0000000000;  0.0000000000;  0.0000000000;  0.0000000000;  0.0000000000;  0.0000000000;  0.0000000000;  0.0000000000;  0.0000000000
1417.00;  0.0000000000;  0.0000000000;  0.0000000000;  0.0000000000;  0.0000000000;  0.0000000000;  0.0000000000;  0.0000000000;  0.0000000000;  0.0000000000;  0.0000000000;  0.0000000000
1418.00;  0.0000000000;  0.0000000000;  0.0000000000;  0.0000000000;  0.0000000000;  0.0000000000;  0.0000000000;  0.0000000000;  0.0000000000;  0.0000000000;  0.0000000000;  0.0000000000
1419.00;  0.0000000000;  0.0000000000;  0.0000000000;  0.0000000000;  0.0000000000;  0.0000000000;  0.0000000000;  0.0000000000;  0.0000000000;  0.0000000000;  0.0000000000;  0.0000000000
1420.00;  0.0000000000;  0.0000000000;  0.0000000000;  0.0000000000;  0.0000000000;  0.0000000000;  0.0000000000;  0.0000000000;  0.0000000000;  0.0000000000;  0.0000000000;  0.0000000000
1421.00;  0.0000000000;  0.0000000000;  0.0000000000;  0.0000000000;  0.0000000000;  0.0000000000;  0.0000000000;  0.0000000000;  0.0000000000;  0.0000000000;  0.0000000000;  0.0000000000
1422.00;  0.0000000000;  0.0000000000;  0.0000000000;  0.0000000000;  0.0000000000;  0.0000000000;  0.0000000000;  0.0000000000;  0.0000000000;  0.0000000000;  0.0000000000;  0.0000000000
1423.00;  0.0000000000;  0.0000000000;  0.0000000000;  0.0000000000;  0.0000000000;  0.0000000000;  0.0000000000;  0.0000000000;  0.0000000000;  0.0000000000;  0.0000000000;  0.0000000000
1424.00;  0.0000000000;  0.0000000000;  0.0000000000;  0.0000000000;  0.0000000000;  0.0000000000;  0.0000000000;  0.0000000000;  0.0000000000;  0.0000000000;  0.0000000000;  0.0000000000
1425.00;  0.0000000000;  0.0000000000;  0.0000000000;  0.0000000000;  0.0000000000;  0.0000000000;  0.0000000000;  0.0000000000;  0.0000000000;  0.0000000000;  0.0000000000;  0.0000000000
1426.00;  0.0000000000;  0.0000000000;  0.0000000000;  0.0000000000;  0.0000000000;  0.0000000000;  0.0000000000;  0.0000000000;  0.0000000000;  0.0000000000;  0.0000000000;  0.0000000000
1427.00;  0.0000000000;  0.0000000000;  0.0000000000;  0.0000000000;  0.0000000000;  0.0000000000;  0.0000000000;  0.0000000000;  0.0000000000;  0.0000000000;  0.0000000000;  0.0000000000
1428.00;  0.0000000000;  0.0000000000;  0.0000000000;  0.0000000000;  0.0000000000;  0.0000000000;  0.0000000000;  0.0000000000;  0.0000000000;  0.0000000000;  0.0000000000;  0.0000000000
1429.00;  0.0000000000;  0.0000000000;  0.0000000000;  0.0000000000;  0.0000000000;  0.0000000000;  0.0000000000;  0.0000000000;  0.0000000000;  0.0000000000;  0.0000000000;  0.0000000000
1430.00;  0.0000000000;  0.0000000000;  0.0000000000;  0.0000000000;  0.0000000000;  0.0000000000;  0.0000000000;  0.0000000000;  0.0000000000;  0.0000000000;  0.0000000000;  0.0000000000
1431.00;  0.0000000000;  0.0000000000;  0.0000000000;  0.0000000000;  0.0000000000;  0.0000000000;  0.0000000000;  0.0000000000;  0.0000000000;  0.0000000000;  0.0000000000;  0.0000000000
1432.00;  0.0000000000;  0.0000000000;  0.0000000000;  0.0000000000;  0.0000000000;  0.0000000000;  0.0000000000;  0.0000000000;  0.0000000000;  0.0000000000;  0.0000000000;  0.0000000000
1433.00;  0.0000000000;  0.0000000000;  0.0000000000;  0.0000000000;  0.0000000000;  0.0000000000;  0.0000000000;  0.0000000000;  0.0000000000;  0.0000000000;  0.0000000000;  0.0000000000
1434.00;  0.0000000000;  0.0000000000;  0.0000000000;  0.0000000000;  0.0000000000;  0.0000000000;  0.0000000000;  0.0000000000;  0.0000000000;  0.0000000000;  0.0000000000;  0.0000000000
1435.00;  0.0000000000;  0.0000000000;  0.0000000000;  0.0000000000;  0.0000000000;  0.0000000000;  0.0000000000;  0.0000000000;  0.0000000000;  0.0000000000;  0.0000000000;  0.0000000000
1436.00;  0.0000000000;  0.0000000000;  0.0000000000;  0.0000000000;  0.0000000000;  0.0000000000;  0.0000000000;  0.0000000000;  0.0000000000;  0.0000000000;  0.0000000000;  0.0000000000
1437.00;  0.0000000000;  0.0000000000;  0.0000000000;  0.0000000000;  0.0000000000;  0.0000000000;  0.0000000000;  0.0000000000;  0.0000000000;  0.0000000000;  0.0000000000;  0.0000000000
1438.00;  0.0000000000;  0.0000000000;  0.0000000000;  0.0000000000;  0.0000000000;  0.0000000000;  0.0000000000;  0.0000000000;  0.0000000000;  0.0000000000;  0.0000000000;  0.0000000000
1439.00;  0.0000000000;  0.0000000000;  0.0000000000;  0.0000000000;  0.0000000000;  0.0000000000;  0.0000000000;  0.0000000000;  0.0000000000;  0.0000000000;  0.0000000000;  0.0000000000
1440.00;  0.0000000000;  0.0000000000;  0.0000000000;  0.0000000000;  0.0000000000;  0.0000000000;  0.0000000000;  0.0000000000;  0.0000000000;  0.0000000000;  0.0000000000;  0.0000000000
1441.00;  0.0000000000;  0.0000000000;  0.0000000000;  0.0000000000;  0.0000000000;  0.0000000000;  0.0000000000;  0.0000000000;  0.0000000000;  0.0000000000;  0.0000000000;  0.0000000000
1442.00;  0.0000000000;  0.0000000000;  0.0000000000;  0.0000000000;  0.0000000000;  0.0000000000;  0.0000000000;  0.0000000000;  0.0000000000;  0.0000000000;  0.0000000000;  0.0000000000
1443.00;  0.0000000000;  0.0000000000;  0.0000000000;  0.0000000000;  0.0000000000;  0.0000000000;  0.0000000000;  0.0000000000;  0.0000000000;  0.0000000000;  0.0000000000;  0.0000000000
1444.00;  0.0000000000;  0.0000000000;  0.0000000000;  0.0000000000;  0.0000000000;  0.0000000000;  0.0000000000;  0.0000000000;  0.0000000000;  0.0000000000;  0.0000000000;  0.0000000000
1445.00;  0.0000000000;  0.0000000000;  0.0000000000;  0.0000000000;  0.0000000000;  0.0000000000;  0.0000000000;  0.0000000000;  0.0000000000;  0.0000000000;  0.0000000000;  0.0000000000
1446.00;  0.0000000000;  0.0000000000;  0.0000000000;  0.0000000000;  0.0000000000;  0.0000000000;  0.0000000000;  0.0000000000;  0.0000000000;  0.0000000000;  0.0000000000;  0.0000000000
1447.00;  0.0000000000;  0.0000000000;  0.0000000000;  0.0000000000;  0.0000000000;  0.0000000000;  0.0000000000;  0.0000000000;  0.0000000000;  0.0000000000;  0.0000000000;  0.0000000000
1448.00;  0.0000000000;  0.0000000000;  0.0000000000;  0.0000000000;  0.0000000000;  0.0000000000;  0.0000000000;  0.0000000000;  0.0000000000;  0.0000000000;  0.0000000000;  0.0000000000
1449.00;  0.0000000000;  0.0000000000;  0.0000000000;  0.0000000000;  0.0000000000;  0.0000000000;  0.0000000000;  0.0000000000;  0.0000000000;  0.0000000000;  0.0000000000;  0.0000000000
1450.00;  0.0000000000;  0.0000000000;  0.0000000000;  0.0000000000;  0.0000000000;  0.0000000000;  0.0000000000;  0.0000000000;  0.0000000000;  0.0000000000;  0.0000000000;  0.0000000000
1451.00;  0.0000000000;  0.0000000000;  0.0000000000;  0.0000000000;  0.0000000000;  0.0000000000;  0.0000000000;  0.0000000000;  0.0000000000;  0.0000000000;  0.0000000000;  0.0000000000
1452.00;  0.0000000000;  0.0000000000;  0.0000000000;  0.0000000000;  0.0000000000;  0.0000000000;  0.0000000000;  0.0000000000;  0.0000000000;  0.0000000000;  0.0000000000;  0.0000000000
1453.00;  0.0000000000;  0.0000000000;  0.0000000000;  0.0000000000;  0.0000000000;  0.0000000000;  0.0000000000;  0.0000000000;  0.0000000000;  0.0000000000;  0.0000000000;  0.0000000000
1454.00;  0.0000000000;  0.0000000000;  0.0000000000;  0.0000000000;  0.0000000000;  0.0000000000;  0.0000000000;  0.0000000000;  0.0000000000;  0.0000000000;  0.0000000000;  0.0000000000
1455.00;  0.0000000000;  0.0000000000;  0.0000000000;  0.0000000000;  0.0000000000;  0.0000000000;  0.0000000000;  0.0000000000;  0.0000000000;  0.0000000000;  0.0000000000;  0.0000000000
1456.00;  0.0000000000;  0.0000000000;  0.0000000000;  0.0000000000;  0.0000000000;  0.0000000000;  0.0000000000;  0.0000000000;  0.0000000000;  0.0000000000;  0.0000000000;  0.0000000000
1457.00;  0.0000000000;  0.0000000000;  0.0000000000;  0.0000000000;  0.0000000000;  0.0000000000;  0.0000000000;  0.0000000000;  0.0000000000;  0.0000000000;  0.0000000000;  0.0000000000
1458.00;  0.0000000000;  0.0000000000;  0.0000000000;  0.0000000000;  0.0000000000;  0.0000000000;  0.0000000000;  0.0000000000;  0.0000000000;  0.0000000000;  0.0000000000;  0.0000000000
1459.00;  0.0000000000;  0.0000000000;  0.0000000000;  0.0000000000;  0.0000000000;  0.0000000000;  0.0000000000;  0.0000000000;  0.0000000000;  0.0000000000;  0.0000000000;  0.0000000000
1460.00;  0.0000000000;  0.0000000000;  0.0000000000;  0.0000000000;  0.0000000000;  0.0000000000;  0.0000000000;  0.0000000000;  0.0000000000;  0.0000000000;  0.0000000000;  0.0000000000
1461.00;  0.0000000000;  0.0000000000;  0.0000000000;  0.0000000000;  0.0000000000;  0.0000000000;  0.0000000000;  0.0000000000;  0.0000000000;  0.0000000000;  0.0000000000;  0.0000000000
1462.00;  0.0000000000;  0.0000000000;  0.0000000000;  0.0000000000;  0.0000000000;  0.0000000000;  0.0000000000;  0.0000000000;  0.0000000000;  0.0000000000;  0.0000000000;  0.0000000000
1463.00;  0.0000000000;  0.0000000000;  0.0000000000;  0.0000000000;  0.0000000000;  0.0000000000;  0.0000000000;  0.0000000000;  0.0000000000;  0.0000000000;  0.0000000000;  0.0000000000
1464.00;  0.0000000000;  0.0000000000;  0.0000000000;  0.0000000000;  0.0000000000;  0.0000000000;  0.0000000000;  0.0000000000;  0.0000000000;  0.0000000000;  0.0000000000;  0.0000000000
1465.00;  0.0000000000;  0.0000000000;  0.0000000000;  0.0000000000;  0.0000000000;  0.0000000000;  0.0000000000;  0.0000000000;  0.0000000000;  0.0000000000;  0.0000000000;  0.0000000000
1466.00;  0.0000000000;  0.0000000000;  0.0000000000;  0.0000000000;  0.0000000000;  0.0000000000;  0.0000000000;  0.0000000000;  0.0000000000;  0.0000000000;  0.0000000000;  0.0000000000
1467.00;  0.0000000000;  0.0000000000;  0.0000000000;  0.0000000000;  0.0000000000;  0.0000000000;  0.0000000000;  0.0000000000;  0.0000000000;  0.0000000000;  0.0000000000;  0.0000000000
1468.00;  0.0000000000;  0.0000000000;  0.0000000000;  0.0000000000;  0.0000000000;  0.0000000000;  0.0000000000;  0.0000000000;  0.0000000000;  0.0000000000;  0.0000000000;  0.0000000000
1469.00;  0.0000000000;  0.0000000000;  0.0000000000;  0.0000000000;  0.0000000000;  0.0000000000;  0.0000000000;  0.0000000000;  0.0000000000;  0.0000000000;  0.0000000000;  0.0000000000
1470.00;  0.0000000000;  0.0000000000;  0.0000000000;  0.0000000000;  0.0000000000;  0.0000000000;  0.0000000000;  0.0000000000;  0.0000000000;  0.0000000000;  0.0000000000;  0.0000000000
1471.00;  0.0000000000;  0.0000000000;  0.0000000000;  0.0000000000;  0.0000000000;  0.0000000000;  0.0000000000;  0.0000000000;  0.0000000000;  0.0000000000;  0.0000000000;  0.0000000000
1472.00;  0.0000000000;  0.0000000000;  0.0000000000;  0.0000000000;  0.0000000000;  0.0000000000;  0.0000000000;  0.0000000000;  0.0000000000;  0.0000000000;  0.0000000000;  0.0000000000
1473.00;  0.0000000000;  0.0000000000;  0.0000000000;  0.0000000000;  0.0000000000;  0.0000000000;  0.0000000000;  0.0000000000;  0.0000000000;  0.0000000000;  0.0000000000;  0.0000000000
1474.00;  0.0000000000;  0.0000000000;  0.0000000000;  0.0000000000;  0.0000000000;  0.0000000000;  0.0000000000;  0.0000000000;  0.0000000000;  0.0000000000;  0.0000000000;  0.0000000000
1475.00;  0.0000000000;  0.0000000000;  0.0000000000;  0.0000000000;  0.0000000000;  0.0000000000;  0.0000000000;  0.0000000000;  0.0000000000;  0.0000000000;  0.0000000000;  0.0000000000
1476.00;  0.0000000000;  0.0000000000;  0.0000000000;  0.0000000000;  0.0000000000;  0.0000000000;  0.0000000000;  0.0000000000;  0.0000000000;  0.0000000000;  0.0000000000;  0.0000000000
1477.00;  0.0000000000;  0.0000000000;  0.0000000000;  0.0000000000;  0.0000000000;  0.0000000000;  0.0000000000;  0.0000000000;  0.0000000000;  0.0000000000;  0.0000000000;  0.0000000000
1478.00;  0.0000000000;  0.0000000000;  0.0000000000;  0.0000000000;  0.0000000000;  0.0000000000;  0.0000000000;  0.0000000000;  0.0000000000;  0.0000000000;  0.0000000000;  0.0000000000
1479.00;  0.0000000000;  0.0000000000;  0.0000000000;  0.0000000000;  0.0000000000;  0.0000000000;  0.0000000000;  0.0000000000;  0.0000000000;  0.0000000000;  0.0000000000;  0.0000000000
1480.00;  0.0000000000;  0.0000000000;  0.0000000000;  0.0000000000;  0.0000000000;  0.0000000000;  0.0000000000;  0.0000000000;  0.0000000000;  0.0000000000;  0.0000000000;  0.0000000000
1481.00;  0.0000000000;  0.0000000000;  0.0000000000;  0.0000000000;  0.0000000000;  0.0000000000;  0.0000000000;  0.0000000000;  0.0000000000;  0.0000000000;  0.0000000000;  0.0000000000
1482.00;  0.0000000000;  0.0000000000;  0.0000000000;  0.0000000000;  0.0000000000;  0.0000000000;  0.0000000000;  0.0000000000;  0.0000000000;  0.0000000000;  0.0000000000;  0.0000000000
1483.00;  0.0000000000;  0.0000000000;  0.0000000000;  0.0000000000;  0.0000000000;  0.0000000000;  0.0000000000;  0.0000000000;  0.0000000000;  0.0000000000;  0.0000000000;  0.0000000000
1484.00;  0.0000000000;  0.0000000000;  0.0000000000;  0.0000000000;  0.0000000000;  0.0000000000;  0.0000000000;  0.0000000000;  0.0000000000;  0.0000000000;  0.0000000000;  0.0000000000
1485.00;  0.0000000000;  0.0000000000;  0.0000000000;  0.0000000000;  0.0000000000;  0.0000000000;  0.0000000000;  0.0000000000;  0.0000000000;  0.0000000000;  0.0000000000;  0.0000000000
1486.00;  0.0000000000;  0.0000000000;  0.0000000000;  0.0000000000;  0.0000000000;  0.0000000000;  0.0000000000;  0.0000000000;  0.0000000000;  0.0000000000;  0.0000000000;  0.0000000000
1487.00;  0.0000000000;  0.0000000000;  0.0000000000;  0.0000000000;  0.0000000000;  0.0000000000;  0.0000000000;  0.0000000000;  0.0000000000;  0.0000000000;  0.0000000000;  0.0000000000
1488.00;  0.0000000000;  0.0000000000;  0.0000000000;  0.0000000000;  0.0000000000;  0.0000000000;  0.0000000000;  0.0000000000;  0.0000000000;  0.0000000000;  0.0000000000;  0.0000000000
1489.00;  0.0000000000;  0.0000000000;  0.0000000000;  0.0000000000;  0.0000000000;  0.0000000000;  0.0000000000;  0.0000000000;  0.0000000000;  0.0000000000;  0.0000000000;  0.0000000000
1490.00;  0.0000000000;  0.0000000000;  0.0000000000;  0.0000000000;  0.0000000000;  0.0000000000;  0.0000000000;  0.0000000000;  0.0000000000;  0.0000000000;  0.0000000000;  0.0000000000
1491.00;  0.0000000000;  0.0000000000;  0.0000000000;  0.0000000000;  0.0000000000;  0.0000000000;  0.0000000000;  0.0000000000;  0.0000000000;  0.0000000000;  0.0000000000;  0.0000000000
1492.00;  0.0000000000;  0.0000000000;  0.0000000000;  0.0000000000;  0.0000000000;  0.0000000000;  0.0000000000;  0.0000000000;  0.0000000000;  0.0000000000;  0.0000000000;  0.0000000000
1493.00;  0.0000000000;  0.0000000000;  0.0000000000;  0.0000000000;  0.0000000000;  0.0000000000;  0.0000000000;  0.0000000000;  0.0000000000;  0.0000000000;  0.0000000000;  0.0000000000
1494.00;  0.0000000000;  0.0000000000;  0.0000000000;  0.0000000000;  0.0000000000;  0.0000000000;  0.0000000000;  0.0000000000;  0.0000000000;  0.0000000000;  0.0000000000;  0.0000000000
1495.00;  0.0000000000;  0.0000000000;  0.0000000000;  0.0000000000;  0.0000000000;  0.0000000000;  0.0000000000;  0.0000000000;  0.0000000000;  0.0000000000;  0.0000000000;  0.0000000000
1496.00;  0.0000000000;  0.0000000000;  0.0000000000;  0.0000000000;  0.0000000000;  0.0000000000;  0.0000000000;  0.0000000000;  0.0000000000;  0.0000000000;  0.0000000000;  0.0000000000
1497.00;  0.0000000000;  0.0000000000;  0.0000000000;  0.0000000000;  0.0000000000;  0.0000000000;  0.0000000000;  0.0000000000;  0.0000000000;  0.0000000000;  0.0000000000;  0.0000000000
1498.00;  0.0000000000;  0.0000000000;  0.0000000000;  0.0000000000;  0.0000000000;  0.0000000000;  0.0000000000;  0.0000000000;  0.0000000000;  0.0000000000;  0.0000000000;  0.0000000000
1499.00;  0.0000000000;  0.0000000000;  0.0000000000;  0.0000000000;  0.0000000000;  0.0000000000;  0.0000000000;  0.0000000000;  0.0000000000;  0.0000000000;  0.0000000000;  0.0000000000
1500.00;  0.0000000000;  0.0000000000;  0.0000000000;  0.0000000000;  0.0000000000;  0.0000000000;  0.0000000000;  0.0000000000;  0.0000000000;  0.0000000000;  0.0000000000;  0.0000000000
1501.00;  0.0000000000;  0.0000000000;  0.0000000000;  0.0000000000;  0.0000000000;  0.0000000000;  0.0000000000;  0.0000000000;  0.0000000000;  0.0000000000;  0.0000000000;  0.0000000000
1502.00;  0.0000000000;  0.0000000000;  0.0000000000;  0.0000000000;  0.0000000000;  0.0000000000;  0.0000000000;  0.0000000000;  0.0000000000;  0.0000000000;  0.0000000000;  0.0000000000
1503.00;  0.0000000000;  0.0000000000;  0.0000000000;  0.0000000000;  0.0000000000;  0.0000000000;  0.0000000000;  0.0000000000;  0.0000000000;  0.0000000000;  0.0000000000;  0.0000000000
1504.00;  0.0000000000;  0.0000000000;  0.0000000000;  0.0000000000;  0.0000000000;  0.0000000000;  0.0000000000;  0.0000000000;  0.0000000000;  0.0000000000;  0.0000000000;  0.0000000000
1505.00;  0.0000000000;  0.0000000000;  0.0000000000;  0.0000000000;  0.0000000000;  0.0000000000;  0.0000000000;  0.0000000000;  0.0000000000;  0.0000000000;  0.0000000000;  0.0000000000
1506.00;  0.0000000000;  0.0000000000;  0.0000000000;  0.0000000000;  0.0000000000;  0.0000000000;  0.0000000000;  0.0000000000;  0.0000000000;  0.0000000000;  0.0000000000;  0.0000000000
1507.00;  0.0000000000;  0.0000000000;  0.0000000000;  0.0000000000;  0.0000000000;  0.0000000000;  0.0000000000;  0.0000000000;  0.0000000000;  0.0000000000;  0.0000000000;  0.0000000000
1508.00;  0.0000000000;  0.0000000000;  0.0000000000;  0.0000000000;  0.0000000000;  0.0000000000;  0.0000000000;  0.0000000000;  0.0000000000;  0.0000000000;  0.0000000000;  0.0000000000
1509.00;  0.0000000000;  0.0000000000;  0.0000000000;  0.0000000000;  0.0000000000;  0.0000000000;  0.0000000000;  0.0000000000;  0.0000000000;  0.0000000000;  0.0000000000;  0.0000000000
1510.00;  0.0000000000;  0.0000000000;  0.0000000000;  0.0000000000;  0.0000000000;  0.0000000000;  0.0000000000;  0.0000000000;  0.0000000000;  0.0000000000;  0.0000000000;  0.0000000000
1511.00;  0.0000000000;  0.0000000000;  0.0000000000;  0.0000000000;  0.0000000000;  0.0000000000;  0.0000000000;  0.0000000000;  0.0000000000;  0.0000000000;  0.0000000000;  0.0000000000
1512.00;  0.0000000000;  0.0000000000;  0.0000000000;  0.0000000000;  0.0000000000;  0.0000000000;  0.0000000000;  0.0000000000;  0.0000000000;  0.0000000000;  0.0000000000;  0.0000000000
1513.00;  0.0000000000;  0.0000000000;  0.0000000000;  0.0000000000;  0.0000000000;  0.0000000000;  0.0000000000;  0.0000000000;  0.0000000000;  0.0000000000;  0.0000000000;  0.0000000000
1514.00;  0.0000000000;  0.0000000000;  0.0000000000;  0.0000000000;  0.0000000000;  0.0000000000;  0.0000000000;  0.0000000000;  0.0000000000;  0.0000000000;  0.0000000000;  0.0000000000
1515.00;  0.0000000000;  0.0000000000;  0.0000000000;  0.0000000000;  0.0000000000;  0.0000000000;  0.0000000000;  0.0000000000;  0.0000000000;  0.0000000000;  0.0000000000;  0.0000000000
1516.00;  0.0000000000;  0.0000000000;  0.0000000000;  0.0000000000;  0.0000000000;  0.0000000000;  0.0000000000;  0.0000000000;  0.0000000000;  0.0000000000;  0.0000000000;  0.0000000000
1517.00;  0.0000000000;  0.0000000000;  0.0000000000;  0.0000000000;  0.0000000000;  0.0000000000;  0.0000000000;  0.0000000000;  0.0000000000;  0.0000000000;  0.0000000000;  0.0000000000
1518.00;  0.0000000000;  0.0000000000;  0.0000000000;  0.0000000000;  0.0000000000;  0.0000000000;  0.0000000000;  0.0000000000;  0.0000000000;  0.0000000000;  0.0000000000;  0.0000000000
1519.00;  0.0000000000;  0.0000000000;  0.0000000000;  0.0000000000;  0.0000000000;  0.0000000000;  0.0000000000;  0.0000000000;  0.0000000000;  0.0000000000;  0.0000000000;  0.0000000000
1520.00;  0.0000000000;  0.0000000000;  0.0000000000;  0.0000000000;  0.0000000000;  0.0000000000;  0.0000000000;  0.0000000000;  0.0000000000;  0.0000000000;  0.0000000000;  0.0000000000
1521.00;  0.0000000000;  0.0000000000;  0.0000000000;  0.0000000000;  0.0000000000;  0.0000000000;  0.0000000000;  0.0000000000;  0.0000000000;  0.0000000000;  0.0000000000;  0.0000000000
1522.00;  0.0000000000;  0.0000000000;  0.0000000000;  0.0000000000;  0.0000000000;  0.0000000000;  0.0000000000;  0.0000000000;  0.0000000000;  0.0000000000;  0.0000000000;  0.0000000000
1523.00;  0.0000000000;  0.0000000000;  0.0000000000;  0.0000000000;  0.0000000000;  0.0000000000;  0.0000000000;  0.0000000000;  0.0000000000;  0.0000000000;  0.0000000000;  0.0000000000
1524.00;  0.0000000000;  0.0000000000;  0.0000000000;  0.0000000000;  0.0000000000;  0.0000000000;  0.0000000000;  0.0000000000;  0.0000000000;  0.0000000000;  0.0000000000;  0.0000000000
1525.00;  0.0000000000;  0.0000000000;  0.0000000000;  0.0000000000;  0.0000000000;  0.0000000000;  0.0000000000;  0.0000000000;  0.0000000000;  0.0000000000;  0.0000000000;  0.0000000000
1526.00;  0.0000000000;  0.0000000000;  0.0000000000;  0.0000000000;  0.0000000000;  0.0000000000;  0.0000000000;  0.0000000000;  0.0000000000;  0.0000000000;  0.0000000000;  0.0000000000
1527.00;  0.0000000000;  0.0000000000;  0.0000000000;  0.0000000000;  0.0000000000;  0.0000000000;  0.0000000000;  0.0000000000;  0.0000000000;  0.0000000000;  0.0000000000;  0.0000000000
1528.00;  0.0000000000;  0.0000000000;  0.0000000000;  0.0000000000;  0.0000000000;  0.0000000000;  0.0000000000;  0.0000000000;  0.0000000000;  0.0000000000;  0.0000000000;  0.0000000000
1529.00;  0.0000000000;  0.0000000000;  0.0000000000;  0.0000000000;  0.0000000000;  0.0000000000;  0.0000000000;  0.0000000000;  0.0000000000;  0.0000000000;  0.0000000000;  0.0000000000
1530.00;  0.0000000000;  0.0000000000;  0.0000000000;  0.0000000000;  0.0000000000;  0.0000000000;  0.0000000000;  0.0000000000;  0.0000000000;  0.0000000000;  0.0000000000;  0.0000000000
1531.00;  0.0000000000;  0.0000000000;  0.0000000000;  0.0000000000;  0.0000000000;  0.0000000000;  0.0000000000;  0.0000000000;  0.0000000000;  0.0000000000;  0.0000000000;  0.0000000000
1532.00;  0.0000000000;  0.0000000000;  0.0000000000;  0.0000000000;  0.0000000000;  0.0000000000;  0.0000000000;  0.0000000000;  0.0000000000;  0.0000000000;  0.0000000000;  0.0000000000
1533.00;  0.0000000000;  0.0000000000;  0.0000000000;  0.0000000000;  0.0000000000;  0.0000000000;  0.0000000000;  0.0000000000;  0.0000000000;  0.0000000000;  0.0000000000;  0.0000000000
1534.00;  0.0000000000;  0.0000000000;  0.0000000000;  0.0000000000;  0.0000000000;  0.0000000000;  0.0000000000;  0.0000000000;  0.0000000000;  0.0000000000;  0.0000000000;  0.0000000000
1535.00;  0.0000000000;  0.0000000000;  0.0000000000;  0.0000000000;  0.0000000000;  0.0000000000;  0.0000000000;  0.0000000000;  0.0000000000;  0.0000000000;  0.0000000000;  0.0000000000
1536.00;  0.0000000000;  0.0000000000;  0.0000000000;  0.0000000000;  0.0000000000;  0.0000000000;  0.0000000000;  0.0000000000;  0.0000000000;  0.0000000000;  0.0000000000;  0.0000000000
1537.00;  0.0000000000;  0.0000000000;  0.0000000000;  0.0000000000;  0.0000000000;  0.0000000000;  0.0000000000;  0.0000000000;  0.0000000000;  0.0000000000;  0.0000000000;  0.0000000000
1538.00;  0.0000000000;  0.0000000000;  0.0000000000;  0.0000000000;  0.0000000000;  0.0000000000;  0.0000000000;  0.0000000000;  0.0000000000;  0.0000000000;  0.0000000000;  0.0000000000
1539.00;  0.0000000000;  0.0000000000;  0.0000000000;  0.0000000000;  0.0000000000;  0.0000000000;  0.0000000000;  0.0000000000;  0.0000000000;  0.0000000000;  0.0000000000;  0.0000000000
1540.00;  0.0000000000;  0.0000000000;  0.0000000000;  0.0000000000;  0.0000000000;  0.0000000000;  0.0000000000;  0.0000000000;  0.0000000000;  0.0000000000;  0.0000000000;  0.0000000000
1541.00;  0.0000000000;  0.0000000000;  0.0000000000;  0.0000000000;  0.0000000000;  0.0000000000;  0.0000000000;  0.0000000000;  0.0000000000;  0.0000000000;  0.0000000000;  0.0000000000
1542.00;  0.0000000000;  0.0000000000;  0.0000000000;  0.0000000000;  0.0000000000;  0.0000000000;  0.0000000000;  0.0000000000;  0.0000000000;  0.0000000000;  0.0000000000;  0.0000000000
1543.00;  0.0000000000;  0.0000000000;  0.0000000000;  0.0000000000;  0.0000000000;  0.0000000000;  0.0000000000;  0.0000000000;  0.0000000000;  0.0000000000;  0.0000000000;  0.0000000000
1544.00;  0.0000000000;  0.0000000000;  0.0000000000;  0.0000000000;  0.0000000000;  0.0000000000;  0.0000000000;  0.0000000000;  0.0000000000;  0.0000000000;  0.0000000000;  0.0000000000
1545.00;  0.0000000000;  0.0000000000;  0.0000000000;  0.0000000000;  0.0000000000;  0.0000000000;  0.0000000000;  0.0000000000;  0.0000000000;  0.0000000000;  0.0000000000;  0.0000000000
1546.00;  0.0000000000;  0.0000000000;  0.0000000000;  0.0000000000;  0.0000000000;  0.0000000000;  0.0000000000;  0.0000000000;  0.0000000000;  0.0000000000;  0.0000000000;  0.0000000000
1547.00;  0.0000000000;  0.0000000000;  0.0000000000;  0.0000000000;  0.0000000000;  0.0000000000;  0.0000000000;  0.0000000000;  0.0000000000;  0.0000000000;  0.0000000000;  0.0000000000
1548.00;  0.0000000000;  0.0000000000;  0.0000000000;  0.0000000000;  0.0000000000;  0.0000000000;  0.0000000000;  0.0000000000;  0.0000000000;  0.0000000000;  0.0000000000;  0.0000000000
1549.00;  0.0000000000;  0.0000000000;  0.0000000000;  0.0000000000;  0.0000000000;  0.0000000000;  0.0000000000;  0.0000000000;  0.0000000000;  0.0000000000;  0.0000000000;  0.0000000000
1550.00;  0.0000000000;  0.0000000000;  0.0000000000;  0.0000000000;  0.0000000000;  0.0000000000;  0.0000000000;  0.0000000000;  0.0000000000;  0.0000000000;  0.0000000000;  0.0000000000
1551.00;  0.0000000000;  0.0000000000;  0.0000000000;  0.0000000000;  0.0000000000;  0.0000000000;  0.0000000000;  0.0000000000;  0.0000000000;  0.0000000000;  0.0000000000;  0.0000000000
1552.00;  0.0000000000;  0.0000000000;  0.0000000000;  0.0000000000;  0.0000000000;  0.0000000000;  0.0000000000;  0.0000000000;  0.0000000000;  0.0000000000;  0.0000000000;  0.0000000000
1553.00;  0.0000000000;  0.0000000000;  0.0000000000;  0.0000000000;  0.0000000000;  0.0000000000;  0.0000000000;  0.0000000000;  0.0000000000;  0.0000000000;  0.0000000000;  0.0000000000
1554.00;  0.0000000000;  0.0000000000;  0.0000000000;  0.0000000000;  0.0000000000;  0.0000000000;  0.0000000000;  0.0000000000;  0.0000000000;  0.0000000000;  0.0000000000;  0.0000000000
1555.00;  0.0000000000;  0.0000000000;  0.0000000000;  0.0000000000;  0.0000000000;  0.0000000000;  0.0000000000;  0.0000000000;  0.0000000000;  0.0000000000;  0.0000000000;  0.0000000000
1556.00;  0.0000000000;  0.0000000000;  0.0000000000;  0.0000000000;  0.0000000000;  0.0000000000;  0.0000000000;  0.0000000000;  0.0000000000;  0.0000000000;  0.0000000000;  0.0000000000
1557.00;  0.0000000000;  0.0000000000;  0.0000000000;  0.0000000000;  0.0000000000;  0.0000000000;  0.0000000000;  0.0000000000;  0.0000000000;  0.0000000000;  0.0000000000;  0.0000000000
1558.00;  0.0000000000;  0.0000000000;  0.0000000000;  0.0000000000;  0.0000000000;  0.0000000000;  0.0000000000;  0.0000000000;  0.0000000000;  0.0000000000;  0.0000000000;  0.0000000000
1559.00;  0.0000000000;  0.0000000000;  0.0000000000;  0.0000000000;  0.0000000000;  0.0000000000;  0.0000000000;  0.0000000000;  0.0000000000;  0.0000000000;  0.0000000000;  0.0000000000
1560.00;  0.0000000000;  0.0000000000;  0.0000000000;  0.0000000000;  0.0000000000;  0.0000000000;  0.0000000000;  0.0000000000;  0.0000000000;  0.0000000000;  0.0000000000;  0.0000000000
1561.00;  0.0000000000;  0.0000000000;  0.0000000000;  0.0000000000;  0.0000000000;  0.0000000000;  0.0000000000;  0.0000000000;  0.0000000000;  0.0000000000;  0.0000000000;  0.0000000000
1562.00;  0.0000000000;  0.0000000000;  0.0000000000;  0.0000000000;  0.0000000000;  0.0000000000;  0.0000000000;  0.0000000000;  0.0000000000;  0.0000000000;  0.0000000000;  0.0000000000
1563.00;  0.0000000000;  0.0000000000;  0.0000000000;  0.0000000000;  0.0000000000;  0.0000000000;  0.0000000000;  0.0000000000;  0.0000000000;  0.0000000000;  0.0000000000;  0.0000000000
1564.00;  0.0000000000;  0.0000000000;  0.0000000000;  0.0000000000;  0.0000000000;  0.0000000000;  0.0000000000;  0.0000000000;  0.0000000000;  0.0000000000;  0.0000000000;  0.0000000000
1565.00;  0.0000000000;  0.0000000000;  0.0000000000;  0.0000000000;  0.0000000000;  0.0000000000;  0.0000000000;  0.0000000000;  0.0000000000;  0.0000000000;  0.0000000000;  0.0000000000
1566.00;  0.0000000000;  0.0000000000;  0.0000000000;  0.0000000000;  0.0000000000;  0.0000000000;  0.0000000000;  0.0000000000;  0.0000000000;  0.0000000000;  0.0000000000;  0.0000000000
1567.00;  0.0000000000;  0.0000000000;  0.0000000000;  0.0000000000;  0.0000000000;  0.0000000000;  0.0000000000;  0.0000000000;  0.0000000000;  0.0000000000;  0.0000000000;  0.0000000000
1568.00;  0.0000000000;  0.0000000000;  0.0000000000;  0.0000000000;  0.0000000000;  0.0000000000;  0.0000000000;  0.0000000000;  0.0000000000;  0.0000000000;  0.0000000000;  0.0000000000
1569.00;  0.0000000000;  0.0000000000;  0.0000000000;  0.0000000000;  0.0000000000;  0.0000000000;  0.0000000000;  0.0000000000;  0.0000000000;  0.0000000000;  0.0000000000;  0.0000000000
1570.00;  0.0000000000;  0.0000000000;  0.0000000000;  0.0000000000;  0.0000000000;  0.0000000000;  0.0000000000;  0.0000000000;  0.0000000000;  0.0000000000;  0.0000000000;  0.0000000000
1571.00;  0.0000000000;  0.0000000000;  0.0000000000;  0.0000000000;  0.0000000000;  0.0000000000;  0.0000000000;  0.0000000000;  0.0000000000;  0.0000000000;  0.0000000000;  0.0000000000
1572.00;  0.0000000000;  0.0000000000;  0.0000000000;  0.0000000000;  0.0000000000;  0.0000000000;  0.0000000000;  0.0000000000;  0.0000000000;  0.0000000000;  0.0000000000;  0.0000000000
1573.00;  0.0000000000;  0.0000000000;  0.0000000000;  0.0000000000;  0.0000000000;  0.0000000000;  0.0000000000;  0.0000000000;  0.0000000000;  0.0000000000;  0.0000000000;  0.0000000000
1574.00;  0.0000000000;  0.0000000000;  0.0000000000;  0.0000000000;  0.0000000000;  0.0000000000;  0.0000000000;  0.0000000000;  0.0000000000;  0.0000000000;  0.0000000000;  0.0000000000
1575.00;  0.0000000000;  0.0000000000;  0.0000000000;  0.0000000000;  0.0000000000;  0.0000000000;  0.0000000000;  0.0000000000;  0.0000000000;  0.0000000000;  0.0000000000;  0.0000000000
1576.00;  0.0000000000;  0.0000000000;  0.0000000000;  0.0000000000;  0.0000000000;  0.0000000000;  0.0000000000;  0.0000000000;  0.0000000000;  0.0000000000;  0.0000000000;  0.0000000000
1577.00;  0.0000000000;  0.0000000000;  0.0000000000;  0.0000000000;  0.0000000000;  0.0000000000;  0.0000000000;  0.0000000000;  0.0000000000;  0.0000000000;  0.0000000000;  0.0000000000
1578.00;  0.0000000000;  0.0000000000;  0.0000000000;  0.0000000000;  0.0000000000;  0.0000000000;  0.0000000000;  0.0000000000;  0.0000000000;  0.0000000000;  0.0000000000;  0.0000000000
1579.00;  0.0000000000;  0.0000000000;  0.0000000000;  0.0000000000;  0.0000000000;  0.0000000000;  0.0000000000;  0.0000000000;  0.0000000000;  0.0000000000;  0.0000000000;  0.0000000000
1580.00;  0.0000000000;  0.0000000000;  0.0000000000;  0.0000000000;  0.0000000000;  0.0000000000;  0.0000000000;  0.0000000000;  0.0000000000;  0.0000000000;  0.0000000000;  0.0000000000
1581.00;  0.0000000000;  0.0000000000;  0.0000000000;  0.0000000000;  0.0000000000;  0.0000000000;  0.0000000000;  0.0000000000;  0.0000000000;  0.0000000000;  0.0000000000;  0.0000000000
1582.00;  0.0000000000;  0.0000000000;  0.0000000000;  0.0000000000;  0.0000000000;  0.0000000000;  0.0000000000;  0.0000000000;  0.0000000000;  0.0000000000;  0.0000000000;  0.0000000000
1583.00;  0.0000000000;  0.0000000000;  0.0000000000;  0.0000000000;  0.0000000000;  0.0000000000;  0.0000000000;  0.0000000000;  0.0000000000;  0.0000000000;  0.0000000000;  0.0000000000
1584.00;  0.0000000000;  0.0000000000;  0.0000000000;  0.0000000000;  0.0000000000;  0.0000000000;  0.0000000000;  0.0000000000;  0.0000000000;  0.0000000000;  0.0000000000;  0.0000000000
1585.00;  0.0000000000;  0.0000000000;  0.0000000000;  0.0000000000;  0.0000000000;  0.0000000000;  0.0000000000;  0.0000000000;  0.0000000000;  0.0000000000;  0.0000000000;  0.0000000000
1586.00;  0.0000000000;  0.0000000000;  0.0000000000;  0.0000000000;  0.0000000000;  0.0000000000;  0.0000000000;  0.0000000000;  0.0000000000;  0.0000000000;  0.0000000000;  0.0000000000
1587.00;  0.0000000000;  0.0000000000;  0.0000000000;  0.0000000000;  0.0000000000;  0.0000000000;  0.0000000000;  0.0000000000;  0.0000000000;  0.0000000000;  0.0000000000;  0.0000000000
1588.00;  0.0000000000;  0.0000000000;  0.0000000000;  0.0000000000;  0.0000000000;  0.0000000000;  0.0000000000;  0.0000000000;  0.0000000000;  0.0000000000;  0.0000000000;  0.0000000000
1589.00;  0.0000000000;  0.0000000000;  0.0000000000;  0.0000000000;  0.0000000000;  0.0000000000;  0.0000000000;  0.0000000000;  0.0000000000;  0.0000000000;  0.0000000000;  0.0000000000
1590.00;  0.0000000000;  0.0000000000;  0.0000000000;  0.0000000000;  0.0000000000;  0.0000000000;  0.0000000000;  0.0000000000;  0.0000000000;  0.0000000000;  0.0000000000;  0.0000000000
1591.00;  0.0000000000;  0.0000000000;  0.0000000000;  0.0000000000;  0.0000000000;  0.0000000000;  0.0000000000;  0.0000000000;  0.0000000000;  0.0000000000;  0.0000000000;  0.0000000000
1592.00;  0.0000000000;  0.0000000000;  0.0000000000;  0.0000000000;  0.0000000000;  0.0000000000;  0.0000000000;  0.0000000000;  0.0000000000;  0.0000000000;  0.0000000000;  0.0000000000
1593.00;  0.0000000000;  0.0000000000;  0.0000000000;  0.0000000000;  0.0000000000;  0.0000000000;  0.0000000000;  0.0000000000;  0.0000000000;  0.0000000000;  0.0000000000;  0.0000000000
1594.00;  0.0000000000;  0.0000000000;  0.0000000000;  0.0000000000;  0.0000000000;  0.0000000000;  0.0000000000;  0.0000000000;  0.0000000000;  0.0000000000;  0.0000000000;  0.0000000000
1595.00;  0.0000000000;  0.0000000000;  0.0000000000;  0.0000000000;  0.0000000000;  0.0000000000;  0.0000000000;  0.0000000000;  0.0000000000;  0.0000000000;  0.0000000000;  0.0000000000
1596.00;  0.0000000000;  0.0000000000;  0.0000000000;  0.0000000000;  0.0000000000;  0.0000000000;  0.0000000000;  0.0000000000;  0.0000000000;  0.0000000000;  0.0000000000;  0.0000000000
1597.00;  0.0000000000;  0.0000000000;  0.0000000000;  0.0000000000;  0.0000000000;  0.0000000000;  0.0000000000;  0.0000000000;  0.0000000000;  0.0000000000;  0.0000000000;  0.0000000000
1598.00;  0.0000000000;  0.0000000000;  0.0000000000;  0.0000000000;  0.0000000000;  0.0000000000;  0.0000000000;  0.0000000000;  0.0000000000;  0.0000000000;  0.0000000000;  0.0000000000
1599.00;  0.0000000000;  0.0000000000;  0.0000000000;  0.0000000000;  0.0000000000;  0.0000000000;  0.0000000000;  0.0000000000;  0.0000000000;  0.0000000000;  0.0000000000;  0.0000000000
1600.00;  0.0000000000;  0.0000000000;  0.0000000000;  0.0000000000;  0.0000000000;  0.0000000000;  0.0000000000;  0.0000000000;  0.0000000000;  0.0000000000;  0.0000000000;  0.0000000000
1601.00;  0.0000000000;  0.0000000000;  0.0000000000;  0.0000000000;  0.0000000000;  0.0000000000;  0.0000000000;  0.0000000000;  0.0000000000;  0.0000000000;  0.0000000000;  0.0000000000
1602.00;  0.0000000000;  0.0000000000;  0.0000000000;  0.0000000000;  0.0000000000;  0.0000000000;  0.0000000000;  0.0000000000;  0.0000000000;  0.0000000000;  0.0000000000;  0.0000000000
1603.00;  0.0000000000;  0.0000000000;  0.0000000000;  0.0000000000;  0.0000000000;  0.0000000000;  0.0000000000;  0.0000000000;  0.0000000000;  0.0000000000;  0.0000000000;  0.0000000000
1604.00;  0.0000000000;  0.0000000000;  0.0000000000;  0.0000000000;  0.0000000000;  0.0000000000;  0.0000000000;  0.0000000000;  0.0000000000;  0.0000000000;  0.0000000000;  0.0000000000
1605.00;  0.0000000000;  0.0000000000;  0.0000000000;  0.0000000000;  0.0000000000;  0.0000000000;  0.0000000000;  0.0000000000;  0.0000000000;  0.0000000000;  0.0000000000;  0.0000000000
1606.00;  0.0000000000;  0.0000000000;  0.0000000000;  0.0000000000;  0.0000000000;  0.0000000000;  0.0000000000;  0.0000000000;  0.0000000000;  0.0000000000;  0.0000000000;  0.0000000000
1607.00;  0.0000000000;  0.0000000000;  0.0000000000;  0.0000000000;  0.0000000000;  0.0000000000;  0.0000000000;  0.0000000000;  0.0000000000;  0.0000000000;  0.0000000000;  0.0000000000
1608.00;  0.0000000000;  0.0000000000;  0.0000000000;  0.0000000000;  0.0000000000;  0.0000000000;  0.0000000000;  0.0000000000;  0.0000000000;  0.0000000000;  0.0000000000;  0.0000000000
1609.00;  0.0000000000;  0.0000000000;  0.0000000000;  0.0000000000;  0.0000000000;  0.0000000000;  0.0000000000;  0.0000000000;  0.0000000000;  0.0000000000;  0.0000000000;  0.0000000000
1610.00;  0.0000000000;  0.0000000000;  0.0000000000;  0.0000000000;  0.0000000000;  0.0000000000;  0.0000000000;  0.0000000000;  0.0000000000;  0.0000000000;  0.0000000000;  0.0000000000
1611.00;  0.0000000000;  0.0000000000;  0.0000000000;  0.0000000000;  0.0000000000;  0.0000000000;  0.0000000000;  0.0000000000;  0.0000000000;  0.0000000000;  0.0000000000;  0.0000000000
1612.00;  0.0000000000;  0.0000000000;  0.0000000000;  0.0000000000;  0.0000000000;  0.0000000000;  0.0000000000;  0.0000000000;  0.0000000000;  0.0000000000;  0.0000000000;  0.0000000000
1613.00;  0.0000000000;  0.0000000000;  0.0000000000;  0.0000000000;  0.0000000000;  0.0000000000;  0.0000000000;  0.0000000000;  0.0000000000;  0.0000000000;  0.0000000000;  0.0000000000
1614.00;  0.0000000000;  0.0000000000;  0.0000000000;  0.0000000000;  0.0000000000;  0.0000000000;  0.0000000000;  0.0000000000;  0.0000000000;  0.0000000000;  0.0000000000;  0.0000000000
1615.00;  0.0000000000;  0.0000000000;  0.0000000000;  0.0000000000;  0.0000000000;  0.0000000000;  0.0000000000;  0.0000000000;  0.0000000000;  0.0000000000;  0.0000000000;  0.0000000000
1616.00;  0.0000000000;  0.0000000000;  0.0000000000;  0.0000000000;  0.0000000000;  0.0000000000;  0.0000000000;  0.0000000000;  0.0000000000;  0.0000000000;  0.0000000000;  0.0000000000
1617.00;  0.0000000000;  0.0000000000;  0.0000000000;  0.0000000000;  0.0000000000;  0.0000000000;  0.0000000000;  0.0000000000;  0.0000000000;  0.0000000000;  0.0000000000;  0.0000000000
1618.00;  0.0000000000;  0.0000000000;  0.0000000000;  0.0000000000;  0.0000000000;  0.0000000000;  0.0000000000;  0.0000000000;  0.0000000000;  0.0000000000;  0.0000000000;  0.0000000000
1619.00;  0.0000000000;  0.0000000000;  0.0000000000;  0.0000000000;  0.0000000000;  0.0000000000;  0.0000000000;  0.0000000000;  0.0000000000;  0.0000000000;  0.0000000000;  0.0000000000
1620.00;  0.0000000000;  0.0000000000;  0.0000000000;  0.0000000000;  0.0000000000;  0.0000000000;  0.0000000000;  0.0000000000;  0.0000000000;  0.0000000000;  0.0000000000;  0.0000000000
1621.00;  0.0000000000;  0.0000000000;  0.0000000000;  0.0000000000;  0.0000000000;  0.0000000000;  0.0000000000;  0.0000000000;  0.0000000000;  0.0000000000;  0.0000000000;  0.0000000000
1622.00;  0.0000000000;  0.0000000000;  0.0000000000;  0.0000000000;  0.0000000000;  0.0000000000;  0.0000000000;  0.0000000000;  0.0000000000;  0.0000000000;  0.0000000000;  0.0000000000
1623.00;  0.0000000000;  0.0000000000;  0.0000000000;  0.0000000000;  0.0000000000;  0.0000000000;  0.0000000000;  0.0000000000;  0.0000000000;  0.0000000000;  0.0000000000;  0.0000000000
1624.00;  0.0000000000;  0.0000000000;  0.0000000000;  0.0000000000;  0.0000000000;  0.0000000000;  0.0000000000;  0.0000000000;  0.0000000000;  0.0000000000;  0.0000000000;  0.0000000000
1625.00;  0.0000000000;  0.0000000000;  0.0000000000;  0.0000000000;  0.0000000000;  0.0000000000;  0.0000000000;  0.0000000000;  0.0000000000;  0.0000000000;  0.0000000000;  0.0000000000
1626.00;  0.0000000000;  0.0000000000;  0.0000000000;  0.0000000000;  0.0000000000;  0.0000000000;  0.0000000000;  0.0000000000;  0.0000000000;  0.0000000000;  0.0000000000;  0.0000000000
1627.00;  0.0000000000;  0.0000000000;  0.0000000000;  0.0000000000;  0.0000000000;  0.0000000000;  0.0000000000;  0.0000000000;  0.0000000000;  0.0000000000;  0.0000000000;  0.0000000000
1628.00;  0.0000000000;  0.0000000000;  0.0000000000;  0.0000000000;  0.0000000000;  0.0000000000;  0.0000000000;  0.0000000000;  0.0000000000;  0.0000000000;  0.0000000000;  0.0000000000
1629.00;  0.0000000000;  0.0000000000;  0.0000000000;  0.0000000000;  0.0000000000;  0.0000000000;  0.0000000000;  0.0000000000;  0.0000000000;  0.0000000000;  0.0000000000;  0.0000000000
1630.00;  0.0000000000;  0.0000000000;  0.0000000000;  0.0000000000;  0.0000000000;  0.0000000000;  0.0000000000;  0.0000000000;  0.0000000000;  0.0000000000;  0.0000000000;  0.0000000000
1631.00;  0.0000000000;  0.0000000000;  0.0000000000;  0.0000000000;  0.0000000000;  0.0000000000;  0.0000000000;  0.0000000000;  0.0000000000;  0.0000000000;  0.0000000000;  0.0000000000
1632.00;  0.0000000000;  0.0000000000;  0.0000000000;  0.0000000000;  0.0000000000;  0.0000000000;  0.0000000000;  0.0000000000;  0.0000000000;  0.0000000000;  0.0000000000;  0.0000000000
1633.00;  0.0000000000;  0.0000000000;  0.0000000000;  0.0000000000;  0.0000000000;  0.0000000000;  0.0000000000;  0.0000000000;  0.0000000000;  0.0000000000;  0.0000000000;  0.0000000000
1634.00;  0.0000000000;  0.0000000000;  0.0000000000;  0.0000000000;  0.0000000000;  0.0000000000;  0.0000000000;  0.0000000000;  0.0000000000;  0.0000000000;  0.0000000000;  0.0000000000
1635.00;  0.0000000000;  0.0000000000;  0.0000000000;  0.0000000000;  0.0000000000;  0.0000000000;  0.0000000000;  0.0000000000;  0.0000000000;  0.0000000000;  0.0000000000;  0.0000000000
1636.00;  0.0000000000;  0.0000000000;  0.0000000000;  0.0000000000;  0.0000000000;  0.0000000000;  0.0000000000;  0.0000000000;  0.0000000000;  0.0000000000;  0.0000000000;  0.0000000000
1637.00;  0.0000000000;  0.0000000000;  0.0000000000;  0.0000000000;  0.0000000000;  0.0000000000;  0.0000000000;  0.0000000000;  0.0000000000;  0.0000000000;  0.0000000000;  0.0000000000
1638.00;  0.0000000000;  0.0000000000;  0.0000000000;  0.0000000000;  0.0000000000;  0.0000000000;  0.0000000000;  0.0000000000;  0.0000000000;  0.0000000000;  0.0000000000;  0.0000000000
1639.00;  0.0000000000;  0.0000000000;  0.0000000000;  0.0000000000;  0.0000000000;  0.0000000000;  0.0000000000;  0.0000000000;  0.0000000000;  0.0000000000;  0.0000000000;  0.0000000000
1640.00;  0.0000000000;  0.0000000000;  0.0000000000;  0.0000000000;  0.0000000000;  0.0000000000;  0.0000000000;  0.0000000000;  0.0000000000;  0.0000000000;  0.0000000000;  0.0000000000
1641.00;  0.0000000000;  0.0000000000;  0.0000000000;  0.0000000000;  0.0000000000;  0.0000000000;  0.0000000000;  0.0000000000;  0.0000000000;  0.0000000000;  0.0000000000;  0.0000000000
1642.00;  0.0000000000;  0.0000000000;  0.0000000000;  0.0000000000;  0.0000000000;  0.0000000000;  0.0000000000;  0.0000000000;  0.0000000000;  0.0000000000;  0.0000000000;  0.0000000000
1643.00;  0.0000000000;  0.0000000000;  0.0000000000;  0.0000000000;  0.0000000000;  0.0000000000;  0.0000000000;  0.0000000000;  0.0000000000;  0.0000000000;  0.0000000000;  0.0000000000
1644.00;  0.0000000000;  0.0000000000;  0.0000000000;  0.0000000000;  0.0000000000;  0.0000000000;  0.0000000000;  0.0000000000;  0.0000000000;  0.0000000000;  0.0000000000;  0.0000000000
1645.00;  0.0000000000;  0.0000000000;  0.0000000000;  0.0000000000;  0.0000000000;  0.0000000000;  0.0000000000;  0.0000000000;  0.0000000000;  0.0000000000;  0.0000000000;  0.0000000000
1646.00;  0.0000000000;  0.0000000000;  0.0000000000;  0.0000000000;  0.0000000000;  0.0000000000;  0.0000000000;  0.0000000000;  0.0000000000;  0.0000000000;  0.0000000000;  0.0000000000
1647.00;  0.0000000000;  0.0000000000;  0.0000000000;  0.0000000000;  0.0000000000;  0.0000000000;  0.0000000000;  0.0000000000;  0.0000000000;  0.0000000000;  0.0000000000;  0.0000000000
1648.00;  0.0000000000;  0.0000000000;  0.0000000000;  0.0000000000;  0.0000000000;  0.0000000000;  0.0000000000;  0.0000000000;  0.0000000000;  0.0000000000;  0.0000000000;  0.0000000000
1649.00;  0.0000000000;  0.0000000000;  0.0000000000;  0.0000000000;  0.0000000000;  0.0000000000;  0.0000000000;  0.0000000000;  0.0000000000;  0.0000000000;  0.0000000000;  0.0000000000
1650.00;  0.0000000000;  0.0000000000;  0.0000000000;  0.0000000000;  0.0000000000;  0.0000000000;  0.0000000000;  0.0000000000;  0.0000000000;  0.0000000000;  0.0000000000;  0.0000000000
1651.00;  0.0000000000;  0.0000000000;  0.0000000000;  0.0000000000;  0.0000000000;  0.0000000000;  0.0000000000;  0.0000000000;  0.0000000000;  0.0000000000;  0.0000000000;  0.0000000000
1652.00;  0.0000000000;  0.0000000000;  0.0000000000;  0.0000000000;  0.0000000000;  0.0000000000;  0.0000000000;  0.0000000000;  0.0000000000;  0.0000000000;  0.0000000000;  0.0000000000
1653.00;  0.0000000000;  0.0000000000;  0.0000000000;  0.0000000000;  0.0000000000;  0.0000000000;  0.0000000000;  0.0000000000;  0.0000000000;  0.0000000000;  0.0000000000;  0.0000000000
1654.00;  0.0000000000;  0.0000000000;  0.0000000000;  0.0000000000;  0.0000000000;  0.0000000000;  0.0000000000;  0.0000000000;  0.0000000000;  0.0000000000;  0.0000000000;  0.0000000000
1655.00;  0.0000000000;  0.0000000000;  0.0000000000;  0.0000000000;  0.0000000000;  0.0000000000;  0.0000000000;  0.0000000000;  0.0000000000;  0.0000000000;  0.0000000000;  0.0000000000
1656.00;  0.0000000000;  0.0000000000;  0.0000000000;  0.0000000000;  0.0000000000;  0.0000000000;  0.0000000000;  0.0000000000;  0.0000000000;  0.0000000000;  0.0000000000;  0.0000000000
1657.00;  0.0000000000;  0.0000000000;  0.0000000000;  0.0000000000;  0.0000000000;  0.0000000000;  0.0000000000;  0.0000000000;  0.0000000000;  0.0000000000;  0.0000000000;  0.0000000000
1658.00;  0.0000000000;  0.0000000000;  0.0000000000;  0.0000000000;  0.0000000000;  0.0000000000;  0.0000000000;  0.0000000000;  0.0000000000;  0.0000000000;  0.0000000000;  0.0000000000
1659.00;  0.0000000000;  0.0000000000;  0.0000000000;  0.0000000000;  0.0000000000;  0.0000000000;  0.0000000000;  0.0000000000;  0.0000000000;  0.0000000000;  0.0000000000;  0.0000000000
1660.00;  0.0000000000;  0.0000000000;  0.0000000000;  0.0000000000;  0.0000000000;  0.0000000000;  0.0000000000;  0.0000000000;  0.0000000000;  0.0000000000;  0.0000000000;  0.0000000000
1661.00;  0.0000000000;  0.0000000000;  0.0000000000;  0.0000000000;  0.0000000000;  0.0000000000;  0.0000000000;  0.0000000000;  0.0000000000;  0.0000000000;  0.0000000000;  0.0000000000
1662.00;  0.0000000000;  0.0000000000;  0.0000000000;  0.0000000000;  0.0000000000;  0.0000000000;  0.0000000000;  0.0000000000;  0.0000000000;  0.0000000000;  0.0000000000;  0.0000000000
1663.00;  0.0000000000;  0.0000000000;  0.0000000000;  0.0000000000;  0.0000000000;  0.0000000000;  0.0000000000;  0.0000000000;  0.0000000000;  0.0000000000;  0.0000000000;  0.0000000000
1664.00;  0.0000000000;  0.0000000000;  0.0000000000;  0.0000000000;  0.0000000000;  0.0000000000;  0.0000000000;  0.0000000000;  0.0000000000;  0.0000000000;  0.0000000000;  0.0000000000
1665.00;  0.0000000000;  0.0000000000;  0.0000000000;  0.0000000000;  0.0000000000;  0.0000000000;  0.0000000000;  0.0000000000;  0.0000000000;  0.0000000000;  0.0000000000;  0.0000000000
1666.00;  0.0000000000;  0.0000000000;  0.0000000000;  0.0000000000;  0.0000000000;  0.0000000000;  0.0000000000;  0.0000000000;  0.0000000000;  0.0000000000;  0.0000000000;  0.0000000000
1667.00;  0.0000000000;  0.0000000000;  0.0000000000;  0.0000000000;  0.0000000000;  0.0000000000;  0.0000000000;  0.0000000000;  0.0000000000;  0.0000000000;  0.0000000000;  0.0000000000
1668.00;  0.0000000000;  0.0000000000;  0.0000000000;  0.0000000000;  0.0000000000;  0.0000000000;  0.0000000000;  0.0000000000;  0.0000000000;  0.0000000000;  0.0000000000;  0.0000000000
1669.00;  0.0000000000;  0.0000000000;  0.0000000000;  0.0000000000;  0.0000000000;  0.0000000000;  0.0000000000;  0.0000000000;  0.0000000000;  0.0000000000;  0.0000000000;  0.0000000000
1670.00;  0.0000000000;  0.0000000000;  0.0000000000;  0.0000000000;  0.0000000000;  0.0000000000;  0.0000000000;  0.0000000000;  0.0000000000;  0.0000000000;  0.0000000000;  0.0000000000
1671.00;  0.0000000000;  0.0000000000;  0.0000000000;  0.0000000000;  0.0000000000;  0.0000000000;  0.0000000000;  0.0000000000;  0.0000000000;  0.0000000000;  0.0000000000;  0.0000000000
1672.00;  0.0000000000;  0.0000000000;  0.0000000000;  0.0000000000;  0.0000000000;  0.0000000000;  0.0000000000;  0.0000000000;  0.0000000000;  0.0000000000;  0.0000000000;  0.0000000000
1673.00;  0.0000000000;  0.0000000000;  0.0000000000;  0.0000000000;  0.0000000000;  0.0000000000;  0.0000000000;  0.0000000000;  0.0000000000;  0.0000000000;  0.0000000000;  0.0000000000
1674.00;  0.0000000000;  0.0000000000;  0.0000000000;  0.0000000000;  0.0000000000;  0.0000000000;  0.0000000000;  0.0000000000;  0.0000000000;  0.0000000000;  0.0000000000;  0.0000000000
1675.00;  0.0000000000;  0.0000000000;  0.0000000000;  0.0000000000;  0.0000000000;  0.0000000000;  0.0000000000;  0.0000000000;  0.0000000000;  0.0000000000;  0.0000000000;  0.0000000000
1676.00;  0.0000000000;  0.0000000000;  0.0000000000;  0.0000000000;  0.0000000000;  0.0000000000;  0.0000000000;  0.0000000000;  0.0000000000;  0.0000000000;  0.0000000000;  0.0000000000
1677.00;  0.0000000000;  0.0000000000;  0.0000000000;  0.0000000000;  0.0000000000;  0.0000000000;  0.0000000000;  0.0000000000;  0.0000000000;  0.0000000000;  0.0000000000;  0.0000000000
1678.00;  0.0000000000;  0.0000000000;  0.0000000000;  0.0000000000;  0.0000000000;  0.0000000000;  0.0000000000;  0.0000000000;  0.0000000000;  0.0000000000;  0.0000000000;  0.0000000000
1679.00;  0.0000000000;  0.0000000000;  0.0000000000;  0.0000000000;  0.0000000000;  0.0000000000;  0.0000000000;  0.0000000000;  0.0000000000;  0.0000000000;  0.0000000000;  0.0000000000
1680.00;  0.0000000000;  0.0000000000;  0.0000000000;  0.0000000000;  0.0000000000;  0.0000000000;  0.0000000000;  0.0000000000;  0.0000000000;  0.0000000000;  0.0000000000;  0.0000000000
1681.00;  0.0000000000;  0.0000000000;  0.0000000000;  0.0000000000;  0.0000000000;  0.0000000000;  0.0000000000;  0.0000000000;  0.0000000000;  0.0000000000;  0.0000000000;  0.0000000000
1682.00;  0.0000000000;  0.0000000000;  0.0000000000;  0.0000000000;  0.0000000000;  0.0000000000;  0.0000000000;  0.0000000000;  0.0000000000;  0.0000000000;  0.0000000000;  0.0000000000
1683.00;  0.0000000000;  0.0000000000;  0.0000000000;  0.0000000000;  0.0000000000;  0.0000000000;  0.0000000000;  0.0000000000;  0.0000000000;  0.0000000000;  0.0000000000;  0.0000000000
1684.00;  0.0000000000;  0.0000000000;  0.0000000000;  0.0000000000;  0.0000000000;  0.0000000000;  0.0000000000;  0.0000000000;  0.0000000000;  0.0000000000;  0.0000000000;  0.0000000000
1685.00;  0.0000000000;  0.0000000000;  0.0000000000;  0.0000000000;  0.0000000000;  0.0000000000;  0.0000000000;  0.0000000000;  0.0000000000;  0.0000000000;  0.0000000000;  0.0000000000
1686.00;  0.0000000000;  0.0000000000;  0.0000000000;  0.0000000000;  0.0000000000;  0.0000000000;  0.0000000000;  0.0000000000;  0.0000000000;  0.0000000000;  0.0000000000;  0.0000000000
1687.00;  0.0000000000;  0.0000000000;  0.0000000000;  0.0000000000;  0.0000000000;  0.0000000000;  0.0000000000;  0.0000000000;  0.0000000000;  0.0000000000;  0.0000000000;  0.0000000000
1688.00;  0.0000000000;  0.0000000000;  0.0000000000;  0.0000000000;  0.0000000000;  0.0000000000;  0.0000000000;  0.0000000000;  0.0000000000;  0.0000000000;  0.0000000000;  0.0000000000
1689.00;  0.0000000000;  0.0000000000;  0.0000000000;  0.0000000000;  0.0000000000;  0.0000000000;  0.0000000000;  0.0000000000;  0.0000000000;  0.0000000000;  0.0000000000;  0.0000000000
1690.00;  0.0000000000;  0.0000000000;  0.0000000000;  0.0000000000;  0.0000000000;  0.0000000000;  0.0000000000;  0.0000000000;  0.0000000000;  0.0000000000;  0.0000000000;  0.0000000000
1691.00;  0.0000000000;  0.0000000000;  0.0000000000;  0.0000000000;  0.0000000000;  0.0000000000;  0.0000000000;  0.0000000000;  0.0000000000;  0.0000000000;  0.0000000000;  0.0000000000
1692.00;  0.0000000000;  0.0000000000;  0.0000000000;  0.0000000000;  0.0000000000;  0.0000000000;  0.0000000000;  0.0000000000;  0.0000000000;  0.0000000000;  0.0000000000;  0.0000000000
1693.00;  0.0000000000;  0.0000000000;  0.0000000000;  0.0000000000;  0.0000000000;  0.0000000000;  0.0000000000;  0.0000000000;  0.0000000000;  0.0000000000;  0.0000000000;  0.0000000000
1694.00;  0.0000000000;  0.0000000000;  0.0000000000;  0.0000000000;  0.0000000000;  0.0000000000;  0.0000000000;  0.0000000000;  0.0000000000;  0.0000000000;  0.0000000000;  0.0000000000
1695.00;  0.0000000000;  0.0000000000;  0.0000000000;  0.0000000000;  0.0000000000;  0.0000000000;  0.0000000000;  0.0000000000;  0.0000000000;  0.0000000000;  0.0000000000;  0.0000000000
1696.00;  0.0000000000;  0.0000000000;  0.0000000000;  0.0000000000;  0.0000000000;  0.0000000000;  0.0000000000;  0.0000000000;  0.0000000000;  0.0000000000;  0.0000000000;  0.0000000000
1697.00;  0.0000000000;  0.0000000000;  0.0000000000;  0.0000000000;  0.0000000000;  0.0000000000;  0.0000000000;  0.0000000000;  0.0000000000;  0.0000000000;  0.0000000000;  0.0000000000
1698.00;  0.0000000000;  0.0000000000;  0.0000000000;  0.0000000000;  0.0000000000;  0.0000000000;  0.0000000000;  0.0000000000;  0.0000000000;  0.0000000000;  0.0000000000;  0.0000000000
1699.00;  0.0000000000;  0.0000000000;  0.0000000000;  0.0000000000;  0.0000000000;  0.0000000000;  0.0000000000;  0.0000000000;  0.0000000000;  0.0000000000;  0.0000000000;  0.0000000000
1700.00;  0.0000000000;  0.0000000000;  0.0000000000;  0.0000000000;  0.0000000000;  0.0000000000;  0.0000000000;  0.0000000000;  0.0000000000;  0.0000000000;  0.0000000000;  0.0000000000
1701.00;  0.0000000000;  0.0000000000;  0.0000000000;  0.0000000000;  0.0000000000;  0.0000000000;  0.0000000000;  0.0000000000;  0.0000000000;  0.0000000000;  0.0000000000;  0.0000000000
1702.00;  0.0000000000;  0.0000000000;  0.0000000000;  0.0000000000;  0.0000000000;  0.0000000000;  0.0000000000;  0.0000000000;  0.0000000000;  0.0000000000;  0.0000000000;  0.0000000000
1703.00;  0.0000000000;  0.0000000000;  0.0000000000;  0.0000000000;  0.0000000000;  0.0000000000;  0.0000000000;  0.0000000000;  0.0000000000;  0.0000000000;  0.0000000000;  0.0000000000
1704.00;  0.0000000000;  0.0000000000;  0.0000000000;  0.0000000000;  0.0000000000;  0.0000000000;  0.0000000000;  0.0000000000;  0.0000000000;  0.0000000000;  0.0000000000;  0.0000000000
1705.00;  0.0000000000;  0.0000000000;  0.0000000000;  0.0000000000;  0.0000000000;  0.0000000000;  0.0000000000;  0.0000000000;  0.0000000000;  0.0000000000;  0.0000000000;  0.0000000000
1706.00;  0.0000000000;  0.0000000000;  0.0000000000;  0.0000000000;  0.0000000000;  0.0000000000;  0.0000000000;  0.0000000000;  0.0000000000;  0.0000000000;  0.0000000000;  0.0000000000
1707.00;  0.0000000000;  0.0000000000;  0.0000000000;  0.0000000000;  0.0000000000;  0.0000000000;  0.0000000000;  0.0000000000;  0.0000000000;  0.0000000000;  0.0000000000;  0.0000000000
1708.00;  0.0000000000;  0.0000000000;  0.0000000000;  0.0000000000;  0.0000000000;  0.0000000000;  0.0000000000;  0.0000000000;  0.0000000000;  0.0000000000;  0.0000000000;  0.0000000000
1709.00;  0.0000000000;  0.0000000000;  0.0000000000;  0.0000000000;  0.0000000000;  0.0000000000;  0.0000000000;  0.0000000000;  0.0000000000;  0.0000000000;  0.0000000000;  0.0000000000
1710.00;  0.0000000000;  0.0000000000;  0.0000000000;  0.0000000000;  0.0000000000;  0.0000000000;  0.0000000000;  0.0000000000;  0.0000000000;  0.0000000000;  0.0000000000;  0.0000000000
1711.00;  0.0000000000;  0.0000000000;  0.0000000000;  0.0000000000;  0.0000000000;  0.0000000000;  0.0000000000;  0.0000000000;  0.0000000000;  0.0000000000;  0.0000000000;  0.0000000000
1712.00;  0.0000000000;  0.0000000000;  0.0000000000;  0.0000000000;  0.0000000000;  0.0000000000;  0.0000000000;  0.0000000000;  0.0000000000;  0.0000000000;  0.0000000000;  0.0000000000
1713.00;  0.0000000000;  0.0000000000;  0.0000000000;  0.0000000000;  0.0000000000;  0.0000000000;  0.0000000000;  0.0000000000;  0.0000000000;  0.0000000000;  0.0000000000;  0.0000000000
1714.00;  0.0000000000;  0.0000000000;  0.0000000000;  0.0000000000;  0.0000000000;  0.0000000000;  0.0000000000;  0.0000000000;  0.0000000000;  0.0000000000;  0.0000000000;  0.0000000000
1715.00;  0.0000000000;  0.0000000000;  0.0000000000;  0.0000000000;  0.0000000000;  0.0000000000;  0.0000000000;  0.0000000000;  0.0000000000;  0.0000000000;  0.0000000000;  0.0000000000
1716.00;  0.0000000000;  0.0000000000;  0.0000000000;  0.0000000000;  0.0000000000;  0.0000000000;  0.0000000000;  0.0000000000;  0.0000000000;  0.0000000000;  0.0000000000;  0.0000000000
1717.00;  0.0000000000;  0.0000000000;  0.0000000000;  0.0000000000;  0.0000000000;  0.0000000000;  0.0000000000;  0.0000000000;  0.0000000000;  0.0000000000;  0.0000000000;  0.0000000000
1718.00;  0.0000000000;  0.0000000000;  0.0000000000;  0.0000000000;  0.0000000000;  0.0000000000;  0.0000000000;  0.0000000000;  0.0000000000;  0.0000000000;  0.0000000000;  0.0000000000
1719.00;  0.0000000000;  0.0000000000;  0.0000000000;  0.0000000000;  0.0000000000;  0.0000000000;  0.0000000000;  0.0000000000;  0.0000000000;  0.0000000000;  0.0000000000;  0.0000000000
1720.00;  0.0000000000;  0.0000000000;  0.0000000000;  0.0000000000;  0.0000000000;  0.0000000000;  0.0000000000;  0.0000000000;  0.0000000000;  0.0000000000;  0.0000000000;  0.0000000000
1721.00;  0.0000000000;  0.0000000000;  0.0000000000;  0.0000000000;  0.0000000000;  0.0000000000;  0.0000000000;  0.0000000000;  0.0000000000;  0.0000000000;  0.0000000000;  0.0000000000
1722.00;  0.0000000000;  0.0000000000;  0.0000000000;  0.0000000000;  0.0000000000;  0.0000000000;  0.0000000000;  0.0000000000;  0.0000000000;  0.0000000000;  0.0000000000;  0.0000000000
1723.00;  0.0000000000;  0.0000000000;  0.0000000000;  0.0000000000;  0.0000000000;  0.0000000000;  0.0000000000;  0.0000000000;  0.0000000000;  0.0000000000;  0.0000000000;  0.0000000000
1724.00;  0.0000000000;  0.0000000000;  0.0000000000;  0.0000000000;  0.0000000000;  0.0000000000;  0.0000000000;  0.0000000000;  0.0000000000;  0.0000000000;  0.0000000000;  0.0000000000
1725.00;  0.0000000000;  0.0000000000;  0.0000000000;  0.0000000000;  0.0000000000;  0.0000000000;  0.0000000000;  0.0000000000;  0.0000000000;  0.0000000000;  0.0000000000;  0.0000000000
1726.00;  0.0000000000;  0.0000000000;  0.0000000000;  0.0000000000;  0.0000000000;  0.0000000000;  0.0000000000;  0.0000000000;  0.0000000000;  0.0000000000;  0.0000000000;  0.0000000000
1727.00;  0.0000000000;  0.0000000000;  0.0000000000;  0.0000000000;  0.0000000000;  0.0000000000;  0.0000000000;  0.0000000000;  0.0000000000;  0.0000000000;  0.0000000000;  0.0000000000
1728.00;  0.0000000000;  0.0000000000;  0.0000000000;  0.0000000000;  0.0000000000;  0.0000000000;  0.0000000000;  0.0000000000;  0.0000000000;  0.0000000000;  0.0000000000;  0.0000000000
1729.00;  0.0000000000;  0.0000000000;  0.0000000000;  0.0000000000;  0.0000000000;  0.0000000000;  0.0000000000;  0.0000000000;  0.0000000000;  0.0000000000;  0.0000000000;  0.0000000000
1730.00;  0.0000000000;  0.0000000000;  0.0000000000;  0.0000000000;  0.0000000000;  0.0000000000;  0.0000000000;  0.0000000000;  0.0000000000;  0.0000000000;  0.0000000000;  0.0000000000
1731.00;  0.0000000000;  0.0000000000;  0.0000000000;  0.0000000000;  0.0000000000;  0.0000000000;  0.0000000000;  0.0000000000;  0.0000000000;  0.0000000000;  0.0000000000;  0.0000000000
1732.00;  0.0000000000;  0.0000000000;  0.0000000000;  0.0000000000;  0.0000000000;  0.0000000000;  0.0000000000;  0.0000000000;  0.0000000000;  0.0000000000;  0.0000000000;  0.0000000000
1733.00;  0.0000000000;  0.0000000000;  0.0000000000;  0.0000000000;  0.0000000000;  0.0000000000;  0.0000000000;  0.0000000000;  0.0000000000;  0.0000000000;  0.0000000000;  0.0000000000
1734.00;  0.0000000000;  0.0000000000;  0.0000000000;  0.0000000000;  0.0000000000;  0.0000000000;  0.0000000000;  0.0000000000;  0.0000000000;  0.0000000000;  0.0000000000;  0.0000000000
1735.00;  0.0000000000;  0.0000000000;  0.0000000000;  0.0000000000;  0.0000000000;  0.0000000000;  0.0000000000;  0.0000000000;  0.0000000000;  0.0000000000;  0.0000000000;  0.0000000000
1736.00;  0.0000000000;  0.0000000000;  0.0000000000;  0.0000000000;  0.0000000000;  0.0000000000;  0.0000000000;  0.0000000000;  0.0000000000;  0.0000000000;  0.0000000000;  0.0000000000
1737.00;  0.0000000000;  0.0000000000;  0.0000000000;  0.0000000000;  0.0000000000;  0.0000000000;  0.0000000000;  0.0000000000;  0.0000000000;  0.0000000000;  0.0000000000;  0.0000000000
1738.00;  0.0000000000;  0.0000000000;  0.0000000000;  0.0000000000;  0.0000000000;  0.0000000000;  0.0000000000;  0.0000000000;  0.0000000000;  0.0000000000;  0.0000000000;  0.0000000000
1739.00;  0.0000000000;  0.0000000000;  0.0000000000;  0.0000000000;  0.0000000000;  0.0000000000;  0.0000000000;  0.0000000000;  0.0000000000;  0.0000000000;  0.0000000000;  0.0000000000
1740.00;  0.0000000000;  0.0000000000;  0.0000000000;  0.0000000000;  0.0000000000;  0.0000000000;  0.0000000000;  0.0000000000;  0.0000000000;  0.0000000000;  0.0000000000;  0.0000000000
1741.00;  0.0000000000;  0.0000000000;  0.0000000000;  0.0000000000;  0.0000000000;  0.0000000000;  0.0000000000;  0.0000000000;  0.0000000000;  0.0000000000;  0.0000000000;  0.0000000000
1742.00;  0.0000000000;  0.0000000000;  0.0000000000;  0.0000000000;  0.0000000000;  0.0000000000;  0.0000000000;  0.0000000000;  0.0000000000;  0.0000000000;  0.0000000000;  0.0000000000
1743.00;  0.0000000000;  0.0000000000;  0.0000000000;  0.0000000000;  0.0000000000;  0.0000000000;  0.0000000000;  0.0000000000;  0.0000000000;  0.0000000000;  0.0000000000;  0.0000000000
1744.00;  0.0000000000;  0.0000000000;  0.0000000000;  0.0000000000;  0.0000000000;  0.0000000000;  0.0000000000;  0.0000000000;  0.0000000000;  0.0000000000;  0.0000000000;  0.0000000000
1745.00;  0.0000000000;  0.0000000000;  0.0000000000;  0.0000000000;  0.0000000000;  0.0000000000;  0.0000000000;  0.0000000000;  0.0000000000;  0.0000000000;  0.0000000000;  0.0000000000
1746.00;  0.0000000000;  0.0000000000;  0.0000000000;  0.0000000000;  0.0000000000;  0.0000000000;  0.0000000000;  0.0000000000;  0.0000000000;  0.0000000000;  0.0000000000;  0.0000000000
1747.00;  0.0000000000;  0.0000000000;  0.0000000000;  0.0000000000;  0.0000000000;  0.0000000000;  0.0000000000;  0.0000000000;  0.0000000000;  0.0000000000;  0.0000000000;  0.0000000000
1748.00;  0.0000000000;  0.0000000000;  0.0000000000;  0.0000000000;  0.0000000000;  0.0000000000;  0.0000000000;  0.0000000000;  0.0000000000;  0.0000000000;  0.0000000000;  0.0000000000
1749.00;  0.0000000000;  0.0000000000;  0.0000000000;  0.0000000000;  0.0000000000;  0.0000000000;  0.0000000000;  0.0000000000;  0.0000000000;  0.0000000000;  0.0000000000;  0.0000000000
1750.00;  0.0000000000;  0.0000000000;  0.0000000000;  0.0000000000;  0.0000000000;  0.0000000000;  0.0000000000;  0.0000000000;  0.0000000000;  0.0000000000;  0.0000000000;  0.0000000000
1751.00;  0.0000000000;  0.0000000000;  0.0000000000;  0.0000000000;  0.0000000000;  0.0000000000;  0.0000000000;  0.0000000000;  0.0000000000;  0.0000000000;  0.0000000000;  0.0000000000
1752.00;  0.0000000000;  0.0000000000;  0.0000000000;  0.0000000000;  0.0000000000;  0.0000000000;  0.0000000000;  0.0000000000;  0.0000000000;  0.0000000000;  0.0000000000;  0.0000000000
1753.00;  0.0000000000;  0.0000000000;  0.0000000000;  0.0000000000;  0.0000000000;  0.0000000000;  0.0000000000;  0.0000000000;  0.0000000000;  0.0000000000;  0.0000000000;  0.0000000000
1754.00;  0.0000000000;  0.0000000000;  0.0000000000;  0.0000000000;  0.0000000000;  0.0000000000;  0.0000000000;  0.0000000000;  0.0000000000;  0.0000000000;  0.0000000000;  0.0000000000
1755.00;  0.0000000000;  0.0000000000;  0.0000000000;  0.0000000000;  0.0000000000;  0.0000000000;  0.0000000000;  0.0000000000;  0.0000000000;  0.0000000000;  0.0000000000;  0.0000000000
1756.00;  0.0000000000;  0.0000000000;  0.0000000000;  0.0000000000;  0.0000000000;  0.0000000000;  0.0000000000;  0.0000000000;  0.0000000000;  0.0000000000;  0.0000000000;  0.0000000000
1757.00;  0.0000000000;  0.0000000000;  0.0000000000;  0.0000000000;  0.0000000000;  0.0000000000;  0.0000000000;  0.0000000000;  0.0000000000;  0.0000000000;  0.0000000000;  0.0000000000
1758.00;  0.0000000000;  0.0000000000;  0.0000000000;  0.0000000000;  0.0000000000;  0.0000000000;  0.0000000000;  0.0000000000;  0.0000000000;  0.0000000000;  0.0000000000;  0.0000000000
1759.00;  0.0000000000;  0.0000000000;  0.0000000000;  0.0000000000;  0.0000000000;  0.0000000000;  0.0000000000;  0.0000000000;  0.0000000000;  0.0000000000;  0.0000000000;  0.0000000000
1760.00;  0.0000000000;  0.0000000000;  0.0000000000;  0.0000000000;  0.0000000000;  0.0000000000;  0.0000000000;  0.0000000000;  0.0000000000;  0.0000000000;  0.0000000000;  0.0000000000
1761.00;  0.0000000000;  0.0000000000;  0.0000000000;  0.0000000000;  0.0000000000;  0.0000000000;  0.0000000000;  0.0000000000;  0.0000000000;  0.0000000000;  0.0000000000;  0.0000000000
1762.00;  0.0000000000;  0.0000000000;  0.0000000000;  0.0000000000;  0.0000000000;  0.0000000000;  0.0000000000;  0.0000000000;  0.0000000000;  0.0000000000;  0.0000000000;  0.0000000000
1763.00;  0.0000000000;  0.0000000000;  0.0000000000;  0.0000000000;  0.0000000000;  0.0000000000;  0.0000000000;  0.0000000000;  0.0000000000;  0.0000000000;  0.0000000000;  0.0000000000
1764.00;  0.0000000000;  0.0000000000;  0.0000000000;  0.0000000000;  0.0000000000;  0.0000000000;  0.0000000000;  0.0000000000;  0.0000000000;  0.0000000000;  0.0000000000;  0.0000000000
1765.00;  0.0000000000;  0.0000000000;  0.0000000000;  0.0000000000;  0.0000000000;  0.0000000000;  0.0000000000;  0.0000000000;  0.0000000000;  0.0000000000;  0.0000000000;  0.0000000000
1766.00;  0.0000000000;  0.0000000000;  0.0000000000;  0.0000000000;  0.0000000000;  0.0000000000;  0.0000000000;  0.0000000000;  0.0000000000;  0.0000000000;  0.0000000000;  0.0000000000
1767.00;  0.0000000000;  0.0000000000;  0.0000000000;  0.0000000000;  0.0000000000;  0.0000000000;  0.0000000000;  0.0000000000;  0.0000000000;  0.0000000000;  0.0000000000;  0.0000000000
1768.00;  0.0000000000;  0.0000000000;  0.0000000000;  0.0000000000;  0.0000000000;  0.0000000000;  0.0000000000;  0.0000000000;  0.0000000000;  0.0000000000;  0.0000000000;  0.0000000000
1769.00;  0.0000000000;  0.0000000000;  0.0000000000;  0.0000000000;  0.0000000000;  0.0000000000;  0.0000000000;  0.0000000000;  0.0000000000;  0.0000000000;  0.0000000000;  0.0000000000
1770.00;  0.0000000000;  0.0000000000;  0.0000000000;  0.0000000000;  0.0000000000;  0.0000000000;  0.0000000000;  0.0000000000;  0.0000000000;  0.0000000000;  0.0000000000;  0.0000000000
1771.00;  0.0000000000;  0.0000000000;  0.0000000000;  0.0000000000;  0.0000000000;  0.0000000000;  0.0000000000;  0.0000000000;  0.0000000000;  0.0000000000;  0.0000000000;  0.0000000000
1772.00;  0.0000000000;  0.0000000000;  0.0000000000;  0.0000000000;  0.0000000000;  0.0000000000;  0.0000000000;  0.0000000000;  0.0000000000;  0.0000000000;  0.0000000000;  0.0000000000
1773.00;  0.0000000000;  0.0000000000;  0.0000000000;  0.0000000000;  0.0000000000;  0.0000000000;  0.0000000000;  0.0000000000;  0.0000000000;  0.0000000000;  0.0000000000;  0.0000000000
1774.00;  0.0000000000;  0.0000000000;  0.0000000000;  0.0000000000;  0.0000000000;  0.0000000000;  0.0000000000;  0.0000000000;  0.0000000000;  0.0000000000;  0.0000000000;  0.0000000000
1775.00;  0.0000000000;  0.0000000000;  0.0000000000;  0.0000000000;  0.0000000000;  0.0000000000;  0.0000000000;  0.0000000000;  0.0000000000;  0.0000000000;  0.0000000000;  0.0000000000
1776.00;  0.0000000000;  0.0000000000;  0.0000000000;  0.0000000000;  0.0000000000;  0.0000000000;  0.0000000000;  0.0000000000;  0.0000000000;  0.0000000000;  0.0000000000;  0.0000000000
1777.00;  0.0000000000;  0.0000000000;  0.0000000000;  0.0000000000;  0.0000000000;  0.0000000000;  0.0000000000;  0.0000000000;  0.0000000000;  0.0000000000;  0.0000000000;  0.0000000000
1778.00;  0.0000000000;  0.0000000000;  0.0000000000;  0.0000000000;  0.0000000000;  0.0000000000;  0.0000000000;  0.0000000000;  0.0000000000;  0.0000000000;  0.0000000000;  0.0000000000
1779.00;  0.0000000000;  0.0000000000;  0.0000000000;  0.0000000000;  0.0000000000;  0.0000000000;  0.0000000000;  0.0000000000;  0.0000000000;  0.0000000000;  0.0000000000;  0.0000000000
1780.00;  0.0000000000;  0.0000000000;  0.0000000000;  0.0000000000;  0.0000000000;  0.0000000000;  0.0000000000;  0.0000000000;  0.0000000000;  0.0000000000;  0.0000000000;  0.0000000000
1781.00;  0.0000000000;  0.0000000000;  0.0000000000;  0.0000000000;  0.0000000000;  0.0000000000;  0.0000000000;  0.0000000000;  0.0000000000;  0.0000000000;  0.0000000000;  0.0000000000
1782.00;  0.0000000000;  0.0000000000;  0.0000000000;  0.0000000000;  0.0000000000;  0.0000000000;  0.0000000000;  0.0000000000;  0.0000000000;  0.0000000000;  0.0000000000;  0.0000000000
1783.00;  0.0000000000;  0.0000000000;  0.0000000000;  0.0000000000;  0.0000000000;  0.0000000000;  0.0000000000;  0.0000000000;  0.0000000000;  0.0000000000;  0.0000000000;  0.0000000000
1784.00;  0.0000000000;  0.0000000000;  0.0000000000;  0.0000000000;  0.0000000000;  0.0000000000;  0.0000000000;  0.0000000000;  0.0000000000;  0.0000000000;  0.0000000000;  0.0000000000
1785.00;  0.0000000000;  0.0000000000;  0.0000000000;  0.0000000000;  0.0000000000;  0.0000000000;  0.0000000000;  0.0000000000;  0.0000000000;  0.0000000000;  0.0000000000;  0.0000000000
1786.00;  0.0000000000;  0.0000000000;  0.0000000000;  0.0000000000;  0.0000000000;  0.0000000000;  0.0000000000;  0.0000000000;  0.0000000000;  0.0000000000;  0.0000000000;  0.0000000000
1787.00;  0.0000000000;  0.0000000000;  0.0000000000;  0.0000000000;  0.0000000000;  0.0000000000;  0.0000000000;  0.0000000000;  0.0000000000;  0.0000000000;  0.0000000000;  0.0000000000
1788.00;  0.0000000000;  0.0000000000;  0.0000000000;  0.0000000000;  0.0000000000;  0.0000000000;  0.0000000000;  0.0000000000;  0.0000000000;  0.0000000000;  0.0000000000;  0.0000000000
1789.00;  0.0000000000;  0.0000000000;  0.0000000000;  0.0000000000;  0.0000000000;  0.0000000000;  0.0000000000;  0.0000000000;  0.0000000000;  0.0000000000;  0.0000000000;  0.0000000000
1790.00;  0.0000000000;  0.0000000000;  0.0000000000;  0.0000000000;  0.0000000000;  0.0000000000;  0.0000000000;  0.0000000000;  0.0000000000;  0.0000000000;  0.0000000000;  0.0000000000
1791.00;  0.0000000000;  0.0000000000;  0.0000000000;  0.0000000000;  0.0000000000;  0.0000000000;  0.0000000000;  0.0000000000;  0.0000000000;  0.0000000000;  0.0000000000;  0.0000000000
1792.00;  0.0000000000;  0.0000000000;  0.0000000000;  0.0000000000;  0.0000000000;  0.0000000000;  0.0000000000;  0.0000000000;  0.0000000000;  0.0000000000;  0.0000000000;  0.0000000000
1793.00;  0.0000000000;  0.0000000000;  0.0000000000;  0.0000000000;  0.0000000000;  0.0000000000;  0.0000000000;  0.0000000000;  0.0000000000;  0.0000000000;  0.0000000000;  0.0000000000
1794.00;  0.0000000000;  0.0000000000;  0.0000000000;  0.0000000000;  0.0000000000;  0.0000000000;  0.0000000000;  0.0000000000;  0.0000000000;  0.0000000000;  0.0000000000;  0.0000000000
1795.00;  0.0000000000;  0.0000000000;  0.0000000000;  0.0000000000;  0.0000000000;  0.0000000000;  0.0000000000;  0.0000000000;  0.0000000000;  0.0000000000;  0.0000000000;  0.0000000000
1796.00;  0.0000000000;  0.0000000000;  0.0000000000;  0.0000000000;  0.0000000000;  0.0000000000;  0.0000000000;  0.0000000000;  0.0000000000;  0.0000000000;  0.0000000000;  0.0000000000
1797.00;  0.0000000000;  0.0000000000;  0.0000000000;  0.0000000000;  0.0000000000;  0.0000000000;  0.0000000000;  0.0000000000;  0.0000000000;  0.0000000000;  0.0000000000;  0.0000000000
1798.00;  0.0000000000;  0.0000000000;  0.0000000000;  0.0000000000;  0.0000000000;  0.0000000000;  0.0000000000;  0.0000000000;  0.0000000000;  0.0000000000;  0.0000000000;  0.0000000000
1799.00;  0.0000000000;  0.0000000000;  0.0000000000;  0.0000000000;  0.0000000000;  0.0000000000;  0.0000000000;  0.0000000000;  0.0000000000;  0.0000000000;  0.0000000000;  0.0000000000
1800.00;  0.0000000000;  0.0000000000;  0.0000000000;  0.0000000000;  0.0000000000;  0.0000000000;  0.0000000000;  0.0000000000;  0.0000000000;  0.0000000000;  0.0000000000;  0.0000000000
1801.00;  0.0000000000;  0.0000000000;  0.0000000000;  0.0000000000;  0.0000000000;  0.0000000000;  0.0000000000;  0.0000000000;  0.0000000000;  0.0000000000;  0.0000000000;  0.0000000000
1802.00;  0.0000000000;  0.0000000000;  0.0000000000;  0.0000000000;  0.0000000000;  0.0000000000;  0.0000000000;  0.0000000000;  0.0000000000;  0.0000000000;  0.0000000000;  0.0000000000
1803.00;  0.0000000000;  0.0000000000;  0.0000000000;  0.0000000000;  0.0000000000;  0.0000000000;  0.0000000000;  0.0000000000;  0.0000000000;  0.0000000000;  0.0000000000;  0.0000000000
1804.00;  0.0000000000;  0.0000000000;  0.0000000000;  0.0000000000;  0.0000000000;  0.0000000000;  0.0000000000;  0.0000000000;  0.0000000000;  0.0000000000;  0.0000000000;  0.0000000000
1805.00;  0.0000000000;  0.0000000000;  0.0000000000;  0.0000000000;  0.0000000000;  0.0000000000;  0.0000000000;  0.0000000000;  0.0000000000;  0.0000000000;  0.0000000000;  0.0000000000
1806.00;  0.0000000000;  0.0000000000;  0.0000000000;  0.0000000000;  0.0000000000;  0.0000000000;  0.0000000000;  0.0000000000;  0.0000000000;  0.0000000000;  0.0000000000;  0.0000000000
1807.00;  0.0000000000;  0.0000000000;  0.0000000000;  0.0000000000;  0.0000000000;  0.0000000000;  0.0000000000;  0.0000000000;  0.0000000000;  0.0000000000;  0.0000000000;  0.0000000000
1808.00;  0.0000000000;  0.0000000000;  0.0000000000;  0.0000000000;  0.0000000000;  0.0000000000;  0.0000000000;  0.0000000000;  0.0000000000;  0.0000000000;  0.0000000000;  0.0000000000
1809.00;  0.0000000000;  0.0000000000;  0.0000000000;  0.0000000000;  0.0000000000;  0.0000000000;  0.0000000000;  0.0000000000;  0.0000000000;  0.0000000000;  0.0000000000;  0.0000000000
1810.00;  0.0000000000;  0.0000000000;  0.0000000000;  0.0000000000;  0.0000000000;  0.0000000000;  0.0000000000;  0.0000000000;  0.0000000000;  0.0000000000;  0.0000000000;  0.0000000000
1811.00;  0.0000000000;  0.0000000000;  0.0000000000;  0.0000000000;  0.0000000000;  0.0000000000;  0.0000000000;  0.0000000000;  0.0000000000;  0.0000000000;  0.0000000000;  0.0000000000
1812.00;  0.0000000000;  0.0000000000;  0.0000000000;  0.0000000000;  0.0000000000;  0.0000000000;  0.0000000000;  0.0000000000;  0.0000000000;  0.0000000000;  0.0000000000;  0.0000000000
1813.00;  0.0000000000;  0.0000000000;  0.0000000000;  0.0000000000;  0.0000000000;  0.0000000000;  0.0000000000;  0.0000000000;  0.0000000000;  0.0000000000;  0.0000000000;  0.0000000000
1814.00;  0.0000000000;  0.0000000000;  0.0000000000;  0.0000000000;  0.0000000000;  0.0000000000;  0.0000000000;  0.0000000000;  0.0000000000;  0.0000000000;  0.0000000000;  0.0000000000
1815.00;  0.0000000000;  0.0000000000;  0.0000000000;  0.0000000000;  0.0000000000;  0.0000000000;  0.0000000000;  0.0000000000;  0.0000000000;  0.0000000000;  0.0000000000;  0.0000000000
1816.00;  0.0000000000;  0.0000000000;  0.0000000000;  0.0000000000;  0.0000000000;  0.0000000000;  0.0000000000;  0.0000000000;  0.0000000000;  0.0000000000;  0.0000000000;  0.0000000000
1817.00;  0.0000000000;  0.0000000000;  0.0000000000;  0.0000000000;  0.0000000000;  0.0000000000;  0.0000000000;  0.0000000000;  0.0000000000;  0.0000000000;  0.0000000000;  0.0000000000
1818.00;  0.0000000000;  0.0000000000;  0.0000000000;  0.0000000000;  0.0000000000;  0.0000000000;  0.0000000000;  0.0000000000;  0.0000000000;  0.0000000000;  0.0000000000;  0.0000000000
1819.00;  0.0000000000;  0.0000000000;  0.0000000000;  0.0000000000;  0.0000000000;  0.0000000000;  0.0000000000;  0.0000000000;  0.0000000000;  0.0000000000;  0.0000000000;  0.0000000000
1820.00;  0.0000000000;  0.0000000000;  0.0000000000;  0.0000000000;  0.0000000000;  0.0000000000;  0.0000000000;  0.0000000000;  0.0000000000;  0.0000000000;  0.0000000000;  0.0000000000
1821.00;  0.0000000000;  0.0000000000;  0.0000000000;  0.0000000000;  0.0000000000;  0.0000000000;  0.0000000000;  0.0000000000;  0.0000000000;  0.0000000000;  0.0000000000;  0.0000000000
1822.00;  0.0000000000;  0.0000000000;  0.0000000000;  0.0000000000;  0.0000000000;  0.0000000000;  0.0000000000;  0.0000000000;  0.0000000000;  0.0000000000;  0.0000000000;  0.0000000000
1823.00;  0.0000000000;  0.0000000000;  0.0000000000;  0.0000000000;  0.0000000000;  0.0000000000;  0.0000000000;  0.0000000000;  0.0000000000;  0.0000000000;  0.0000000000;  0.0000000000
1824.00;  0.0000000000;  0.0000000000;  0.0000000000;  0.0000000000;  0.0000000000;  0.0000000000;  0.0000000000;  0.0000000000;  0.0000000000;  0.0000000000;  0.0000000000;  0.0000000000
1825.00;  0.0000000000;  0.0000000000;  0.0000000000;  0.0000000000;  0.0000000000;  0.0000000000;  0.0000000000;  0.0000000000;  0.0000000000;  0.0000000000;  0.0000000000;  0.0000000000
1826.00;  0.0000000000;  0.0000000000;  0.0000000000;  0.0000000000;  0.0000000000;  0.0000000000;  0.0000000000;  0.0000000000;  0.0000000000;  0.0000000000;  0.0000000000;  0.0000000000
1827.00;  0.0000000000;  0.0000000000;  0.0000000000;  0.0000000000;  0.0000000000;  0.0000000000;  0.0000000000;  0.0000000000;  0.0000000000;  0.0000000000;  0.0000000000;  0.0000000000
1828.00;  0.0000000000;  0.0000000000;  0.0000000000;  0.0000000000;  0.0000000000;  0.0000000000;  0.0000000000;  0.0000000000;  0.0000000000;  0.0000000000;  0.0000000000;  0.0000000000
1829.00;  0.0000000000;  0.0000000000;  0.0000000000;  0.0000000000;  0.0000000000;  0.0000000000;  0.0000000000;  0.0000000000;  0.0000000000;  0.0000000000;  0.0000000000;  0.0000000000
1830.00;  0.0000000000;  0.0000000000;  0.0000000000;  0.0000000000;  0.0000000000;  0.0000000000;  0.0000000000;  0.0000000000;  0.0000000000;  0.0000000000;  0.0000000000;  0.0000000000
1831.00;  0.0000000000;  0.0000000000;  0.0000000000;  0.0000000000;  0.0000000000;  0.0000000000;  0.0000000000;  0.0000000000;  0.0000000000;  0.0000000000;  0.0000000000;  0.0000000000
1832.00;  0.0000000000;  0.0000000000;  0.0000000000;  0.0000000000;  0.0000000000;  0.0000000000;  0.0000000000;  0.0000000000;  0.0000000000;  0.0000000000;  0.0000000000;  0.0000000000
1833.00;  0.0000000000;  0.0000000000;  0.0000000000;  0.0000000000;  0.0000000000;  0.0000000000;  0.0000000000;  0.0000000000;  0.0000000000;  0.0000000000;  0.0000000000;  0.0000000000
1834.00;  0.0000000000;  0.0000000000;  0.0000000000;  0.0000000000;  0.0000000000;  0.0000000000;  0.0000000000;  0.0000000000;  0.0000000000;  0.0000000000;  0.0000000000;  0.0000000000
1835.00;  0.0000000000;  0.0000000000;  0.0000000000;  0.0000000000;  0.0000000000;  0.0000000000;  0.0000000000;  0.0000000000;  0.0000000000;  0.0000000000;  0.0000000000;  0.0000000000
1836.00;  0.0000000000;  0.0000000000;  0.0000000000;  0.0000000000;  0.0000000000;  0.0000000000;  0.0000000000;  0.0000000000;  0.0000000000;  0.0000000000;  0.0000000000;  0.0000000000
1837.00;  0.0000000000;  0.0000000000;  0.0000000000;  0.0000000000;  0.0000000000;  0.0000000000;  0.0000000000;  0.0000000000;  0.0000000000;  0.0000000000;  0.0000000000;  0.0000000000
1838.00;  0.0000000000;  0.0000000000;  0.0000000000;  0.0000000000;  0.0000000000;  0.0000000000;  0.0000000000;  0.0000000000;  0.0000000000;  0.0000000000;  0.0000000000;  0.0000000000
1839.00;  0.0000000000;  0.0000000000;  0.0000000000;  0.0000000000;  0.0000000000;  0.0000000000;  0.0000000000;  0.0000000000;  0.0000000000;  0.0000000000;  0.0000000000;  0.0000000000
1840.00;  0.0000000000;  0.0000000000;  0.0000000000;  0.0000000000;  0.0000000000;  0.0000000000;  0.0000000000;  0.0000000000;  0.0000000000;  0.0000000000;  0.0000000000;  0.0000000000
1841.00;  0.0000000000;  0.0000000000;  0.0000000000;  0.0000000000;  0.0000000000;  0.0000000000;  0.0000000000;  0.0000000000;  0.0000000000;  0.0000000000;  0.0000000000;  0.0000000000
1842.00;  0.0000000000;  0.0000000000;  0.0000000000;  0.0000000000;  0.0000000000;  0.0000000000;  0.0000000000;  0.0000000000;  0.0000000000;  0.0000000000;  0.0000000000;  0.0000000000
1843.00;  0.0000000000;  0.0000000000;  0.0000000000;  0.0000000000;  0.0000000000;  0.0000000000;  0.0000000000;  0.0000000000;  0.0000000000;  0.0000000000;  0.0000000000;  0.0000000000
1844.00;  0.0000000000;  0.0000000000;  0.0000000000;  0.0000000000;  0.0000000000;  0.0000000000;  0.0000000000;  0.0000000000;  0.0000000000;  0.0000000000;  0.0000000000;  0.0000000000
1845.00;  0.0000000000;  0.0000000000;  0.0000000000;  0.0000000000;  0.0000000000;  0.0000000000;  0.0000000000;  0.0000000000;  0.0000000000;  0.0000000000;  0.0000000000;  0.0000000000
1846.00;  0.0000000000;  0.0000000000;  0.0000000000;  0.0000000000;  0.0000000000;  0.0000000000;  0.0000000000;  0.0000000000;  0.0000000000;  0.0000000000;  0.0000000000;  0.0000000000
1847.00;  0.0000000000;  0.0000000000;  0.0000000000;  0.0000000000;  0.0000000000;  0.0000000000;  0.0000000000;  0.0000000000;  0.0000000000;  0.0000000000;  0.0000000000;  0.0000000000
1848.00;  0.0000000000;  0.0000000000;  0.0000000000;  0.0000000000;  0.0000000000;  0.0000000000;  0.0000000000;  0.0000000000;  0.0000000000;  0.0000000000;  0.0000000000;  0.0000000000
1849.00;  0.0000000000;  0.0000000000;  0.0000000000;  0.0000000000;  0.0000000000;  0.0000000000;  0.0000000000;  0.0000000000;  0.0000000000;  0.0000000000;  0.0000000000;  0.0000000000
1850.00;  0.0000000000;  0.0000000000;  0.0000000000;  0.0000000000;  0.0000000000;  0.0000000000;  0.0000000000;  0.0000000000;  0.0000000000;  0.0000000000;  0.0000000000;  0.0000000000
1851.00;  0.0000000000;  0.0000000000;  0.0000000000;  0.0000000000;  0.0000000000;  0.0000000000;  0.0000000000;  0.0000000000;  0.0000000000;  0.0000000000;  0.0000000000;  0.0000000000
1852.00;  0.0000000000;  0.0000000000;  0.0000000000;  0.0000000000;  0.0000000000;  0.0000000000;  0.0000000000;  0.0000000000;  0.0000000000;  0.0000000000;  0.0000000000;  0.0000000000
1853.00;  0.0000000000;  0.0000000000;  0.0000000000;  0.0000000000;  0.0000000000;  0.0000000000;  0.0000000000;  0.0000000000;  0.0000000000;  0.0000000000;  0.0000000000;  0.0000000000
1854.00;  0.0000000000;  0.0000000000;  0.0000000000;  0.0000000000;  0.0000000000;  0.0000000000;  0.0000000000;  0.0000000000;  0.0000000000;  0.0000000000;  0.0000000000;  0.0000000000
1855.00;  0.0000000000;  0.0000000000;  0.0000000000;  0.0000000000;  0.0000000000;  0.0000000000;  0.0000000000;  0.0000000000;  0.0000000000;  0.0000000000;  0.0000000000;  0.0000000000
1856.00;  0.0000000000;  0.0000000000;  0.0000000000;  0.0000000000;  0.0000000000;  0.0000000000;  0.0000000000;  0.0000000000;  0.0000000000;  0.0000000000;  0.0000000000;  0.0000000000
1857.00;  0.0000000000;  0.0000000000;  0.0000000000;  0.0000000000;  0.0000000000;  0.0000000000;  0.0000000000;  0.0000000000;  0.0000000000;  0.0000000000;  0.0000000000;  0.0000000000
1858.00;  0.0000000000;  0.0000000000;  0.0000000000;  0.0000000000;  0.0000000000;  0.0000000000;  0.0000000000;  0.0000000000;  0.0000000000;  0.0000000000;  0.0000000000;  0.0000000000
1859.00;  0.0000000000;  0.0000000000;  0.0000000000;  0.0000000000;  0.0000000000;  0.0000000000;  0.0000000000;  0.0000000000;  0.0000000000;  0.0000000000;  0.0000000000;  0.0000000000
1860.00;  0.0000000000;  0.0000000000;  0.0000000000;  0.0000000000;  0.0000000000;  0.0000000000;  0.0000000000;  0.0000000000;  0.0000000000;  0.0000000000;  0.0000000000;  0.0000000000
1861.00;  0.0000000000;  0.0000000000;  0.0000000000;  0.0000000000;  0.0000000000;  0.0000000000;  0.0000000000;  0.0000000000;  0.0000000000;  0.0000000000;  0.0000000000;  0.0000000000
1862.00;  0.0000000000;  0.0000000000;  0.0000000000;  0.0000000000;  0.0000000000;  0.0000000000;  0.0000000000;  0.0000000000;  0.0000000000;  0.0000000000;  0.0000000000;  0.0000000000
1863.00;  0.0000000000;  0.0000000000;  0.0000000000;  0.0000000000;  0.0000000000;  0.0000000000;  0.0000000000;  0.0000000000;  0.0000000000;  0.0000000000;  0.0000000000;  0.0000000000
1864.00;  0.0000000000;  0.0000000000;  0.0000000000;  0.0000000000;  0.0000000000;  0.0000000000;  0.0000000000;  0.0000000000;  0.0000000000;  0.0000000000;  0.0000000000;  0.0000000000
1865.00;  0.0000000000;  0.0000000000;  0.0000000000;  0.0000000000;  0.0000000000;  0.0000000000;  0.0000000000;  0.0000000000;  0.0000000000;  0.0000000000;  0.0000000000;  0.0000000000
1866.00;  0.0000000000;  0.0000000000;  0.0000000000;  0.0000000000;  0.0000000000;  0.0000000000;  0.0000000000;  0.0000000000;  0.0000000000;  0.0000000000;  0.0000000000;  0.0000000000
1867.00;  0.0000000000;  0.0000000000;  0.0000000000;  0.0000000000;  0.0000000000;  0.0000000000;  0.0000000000;  0.0000000000;  0.0000000000;  0.0000000000;  0.0000000000;  0.0000000000
1868.00;  0.0000000000;  0.0000000000;  0.0000000000;  0.0000000000;  0.0000000000;  0.0000000000;  0.0000000000;  0.0000000000;  0.0000000000;  0.0000000000;  0.0000000000;  0.0000000000
1869.00;  0.0000000000;  0.0000000000;  0.0000000000;  0.0000000000;  0.0000000000;  0.0000000000;  0.0000000000;  0.0000000000;  0.0000000000;  0.0000000000;  0.0000000000;  0.0000000000
1870.00;  0.0000000000;  0.0000000000;  0.0000000000;  0.0000000000;  0.0000000000;  0.0000000000;  0.0000000000;  0.0000000000;  0.0000000000;  0.0000000000;  0.0000000000;  0.0000000000
1871.00;  0.0000000000;  0.0000000000;  0.0000000000;  0.0000000000;  0.0000000000;  0.0000000000;  0.0000000000;  0.0000000000;  0.0000000000;  0.0000000000;  0.0000000000;  0.0000000000
1872.00;  0.0000000000;  0.0000000000;  0.0000000000;  0.0000000000;  0.0000000000;  0.0000000000;  0.0000000000;  0.0000000000;  0.0000000000;  0.0000000000;  0.0000000000;  0.0000000000
1873.00;  0.0000000000;  0.0000000000;  0.0000000000;  0.0000000000;  0.0000000000;  0.0000000000;  0.0000000000;  0.0000000000;  0.0000000000;  0.0000000000;  0.0000000000;  0.0000000000
1874.00;  0.0000000000;  0.0000000000;  0.0000000000;  0.0000000000;  0.0000000000;  0.0000000000;  0.0000000000;  0.0000000000;  0.0000000000;  0.0000000000;  0.0000000000;  0.0000000000
1875.00;  0.0000000000;  0.0000000000;  0.0000000000;  0.0000000000;  0.0000000000;  0.0000000000;  0.0000000000;  0.0000000000;  0.0000000000;  0.0000000000;  0.0000000000;  0.0000000000
1876.00;  0.0000000000;  0.0000000000;  0.0000000000;  0.0000000000;  0.0000000000;  0.0000000000;  0.0000000000;  0.0000000000;  0.0000000000;  0.0000000000;  0.0000000000;  0.0000000000
1877.00;  0.0000000000;  0.0000000000;  0.0000000000;  0.0000000000;  0.0000000000;  0.0000000000;  0.0000000000;  0.0000000000;  0.0000000000;  0.0000000000;  0.0000000000;  0.0000000000
1878.00;  0.0000000000;  0.0000000000;  0.0000000000;  0.0000000000;  0.0000000000;  0.0000000000;  0.0000000000;  0.0000000000;  0.0000000000;  0.0000000000;  0.0000000000;  0.0000000000
1879.00;  0.0000000000;  0.0000000000;  0.0000000000;  0.0000000000;  0.0000000000;  0.0000000000;  0.0000000000;  0.0000000000;  0.0000000000;  0.0000000000;  0.0000000000;  0.0000000000
1880.00;  0.0000000000;  0.0000000000;  0.0000000000;  0.0000000000;  0.0000000000;  0.0000000000;  0.0000000000;  0.0000000000;  0.0000000000;  0.0000000000;  0.0000000000;  0.0000000000
1881.00;  0.0000000000;  0.0000000000;  0.0000000000;  0.0000000000;  0.0000000000;  0.0000000000;  0.0000000000;  0.0000000000;  0.0000000000;  0.0000000000;  0.0000000000;  0.0000000000
1882.00;  0.0000000000;  0.0000000000;  0.0000000000;  0.0000000000;  0.0000000000;  0.0000000000;  0.0000000000;  0.0000000000;  0.0000000000;  0.0000000000;  0.0000000000;  0.0000000000
1883.00;  0.0000000000;  0.0000000000;  0.0000000000;  0.0000000000;  0.0000000000;  0.0000000000;  0.0000000000;  0.0000000000;  0.0000000000;  0.0000000000;  0.0000000000;  0.0000000000
1884.00;  0.0000000000;  0.0000000000;  0.0000000000;  0.0000000000;  0.0000000000;  0.0000000000;  0.0000000000;  0.0000000000;  0.0000000000;  0.0000000000;  0.0000000000;  0.0000000000
1885.00;  0.0000000000;  0.0000000000;  0.0000000000;  0.0000000000;  0.0000000000;  0.0000000000;  0.0000000000;  0.0000000000;  0.0000000000;  0.0000000000;  0.0000000000;  0.0000000000
1886.00;  0.0000000000;  0.0000000000;  0.0000000000;  0.0000000000;  0.0000000000;  0.0000000000;  0.0000000000;  0.0000000000;  0.0000000000;  0.0000000000;  0.0000000000;  0.0000000000
1887.00;  0.0000000000;  0.0000000000;  0.0000000000;  0.0000000000;  0.0000000000;  0.0000000000;  0.0000000000;  0.0000000000;  0.0000000000;  0.0000000000;  0.0000000000;  0.0000000000
1888.00;  0.0000000000;  0.0000000000;  0.0000000000;  0.0000000000;  0.0000000000;  0.0000000000;  0.0000000000;  0.0000000000;  0.0000000000;  0.0000000000;  0.0000000000;  0.0000000000
1889.00;  0.0000000000;  0.0000000000;  0.0000000000;  0.0000000000;  0.0000000000;  0.0000000000;  0.0000000000;  0.0000000000;  0.0000000000;  0.0000000000;  0.0000000000;  0.0000000000
1890.00;  0.0000000000;  0.0000000000;  0.0000000000;  0.0000000000;  0.0000000000;  0.0000000000;  0.0000000000;  0.0000000000;  0.0000000000;  0.0000000000;  0.0000000000;  0.0000000000
1891.00;  0.0000000000;  0.0000000000;  0.0000000000;  0.0000000000;  0.0000000000;  0.0000000000;  0.0000000000;  0.0000000000;  0.0000000000;  0.0000000000;  0.0000000000;  0.0000000000
1892.00;  0.0000000000;  0.0000000000;  0.0000000000;  0.0000000000;  0.0000000000;  0.0000000000;  0.0000000000;  0.0000000000;  0.0000000000;  0.0000000000;  0.0000000000;  0.0000000000
1893.00;  0.0000000000;  0.0000000000;  0.0000000000;  0.0000000000;  0.0000000000;  0.0000000000;  0.0000000000;  0.0000000000;  0.0000000000;  0.0000000000;  0.0000000000;  0.0000000000
1894.00;  0.0000000000;  0.0000000000;  0.0000000000;  0.0000000000;  0.0000000000;  0.0000000000;  0.0000000000;  0.0000000000;  0.0000000000;  0.0000000000;  0.0000000000;  0.0000000000
1895.00;  0.0000000000;  0.0000000000;  0.0000000000;  0.0000000000;  0.0000000000;  0.0000000000;  0.0000000000;  0.0000000000;  0.0000000000;  0.0000000000;  0.0000000000;  0.0000000000
1896.00;  0.0000000000;  0.0000000000;  0.0000000000;  0.0000000000;  0.0000000000;  0.0000000000;  0.0000000000;  0.0000000000;  0.0000000000;  0.0000000000;  0.0000000000;  0.0000000000
1897.00;  0.0000000000;  0.0000000000;  0.0000000000;  0.0000000000;  0.0000000000;  0.0000000000;  0.0000000000;  0.0000000000;  0.0000000000;  0.0000000000;  0.0000000000;  0.0000000000
1898.00;  0.0000000000;  0.0000000000;  0.0000000000;  0.0000000000;  0.0000000000;  0.0000000000;  0.0000000000;  0.0000000000;  0.0000000000;  0.0000000000;  0.0000000000;  0.0000000000
1899.00;  0.0000000000;  0.0000000000;  0.0000000000;  0.0000000000;  0.0000000000;  0.0000000000;  0.0000000000;  0.0000000000;  0.0000000000;  0.0000000000;  0.0000000000;  0.0000000000
1900.00;  0.0000000000;  0.0000000000;  0.0000000000;  0.0000000000;  0.0000000000;  0.0000000000;  0.0000000000;  0.0000000000;  0.0000000000;  0.0000000000;  0.0000000000;  0.0000000000
1901.00;  0.0000000000;  0.0000000000;  0.0000000000;  0.0000000000;  0.0000000000;  0.0000000000;  0.0000000000;  0.0000000000;  0.0000000000;  0.0000000000;  0.0000000000;  0.0000000000
1902.00;  0.0000000000;  0.0000000000;  0.0000000000;  0.0000000000;  0.0000000000;  0.0000000000;  0.0000000000;  0.0000000000;  0.0000000000;  0.0000000000;  0.0000000000;  0.0000000000
1903.00;  0.0000000000;  0.0000000000;  0.0000000000;  0.0000000000;  0.0000000000;  0.0000000000;  0.0000000000;  0.0000000000;  0.0000000000;  0.0000000000;  0.0000000000;  0.0000000000
1904.00;  0.0000000000;  0.0000000000;  0.0000000000;  0.0000000000;  0.0000000000;  0.0000000000;  0.0000000000;  0.0000000000;  0.0000000000;  0.0000000000;  0.0000000000;  0.0000000000
1905.00;  0.0000000000;  0.0000000000;  0.0000000000;  0.0000000000;  0.0000000000;  0.0000000000;  0.0000000000;  0.0000000000;  0.0000000000;  0.0000000000;  0.0000000000;  0.0000000000
1906.00;  0.0000000000;  0.0000000000;  0.0000000000;  0.0000000000;  0.0000000000;  0.0000000000;  0.0000000000;  0.0000000000;  0.0000000000;  0.0000000000;  0.0000000000;  0.0000000000
1907.00;  0.0000000000;  0.0000000000;  0.0000000000;  0.0000000000;  0.0000000000;  0.0000000000;  0.0000000000;  0.0000000000;  0.0000000000;  0.0000000000;  0.0000000000;  0.0000000000
1908.00;  0.0000000000;  0.0000000000;  0.0000000000;  0.0000000000;  0.0000000000;  0.0000000000;  0.0000000000;  0.0000000000;  0.0000000000;  0.0000000000;  0.0000000000;  0.0000000000
1909.00;  0.0000000000;  0.0000000000;  0.0000000000;  0.0000000000;  0.0000000000;  0.0000000000;  0.0000000000;  0.0000000000;  0.0000000000;  0.0000000000;  0.0000000000;  0.0000000000
1910.00;  0.0000000000;  0.0000000000;  0.0000000000;  0.0000000000;  0.0000000000;  0.0000000000;  0.0000000000;  0.0000000000;  0.0000000000;  0.0000000000;  0.0000000000;  0.0000000000
1911.00;  0.0000000000;  0.0000000000;  0.0000000000;  0.0000000000;  0.0000000000;  0.0000000000;  0.0000000000;  0.0000000000;  0.0000000000;  0.0000000000;  0.0000000000;  0.0000000000
1912.00;  0.0000000000;  0.0000000000;  0.0000000000;  0.0000000000;  0.0000000000;  0.0000000000;  0.0000000000;  0.0000000000;  0.0000000000;  0.0000000000;  0.0000000000;  0.0000000000
1913.00;  0.0000000000;  0.0000000000;  0.0000000000;  0.0000000000;  0.0000000000;  0.0000000000;  0.0000000000;  0.0000000000;  0.0000000000;  0.0000000000;  0.0000000000;  0.0000000000
1914.00;  0.0000000000;  0.0000000000;  0.0000000000;  0.0000000000;  0.0000000000;  0.0000000000;  0.0000000000;  0.0000000000;  0.0000000000;  0.0000000000;  0.0000000000;  0.0000000000
1915.00;  0.0000000000;  0.0000000000;  0.0000000000;  0.0000000000;  0.0000000000;  0.0000000000;  0.0000000000;  0.0000000000;  0.0000000000;  0.0000000000;  0.0000000000;  0.0000000000
1916.00;  0.0000000000;  0.0000000000;  0.0000000000;  0.0000000000;  0.0000000000;  0.0000000000;  0.0000000000;  0.0000000000;  0.0000000000;  0.0000000000;  0.0000000000;  0.0000000000
1917.00;  0.0000000000;  0.0000000000;  0.0000000000;  0.0000000000;  0.0000000000;  0.0000000000;  0.0000000000;  0.0000000000;  0.0000000000;  0.0000000000;  0.0000000000;  0.0000000000
1918.00;  0.0000000000;  0.0000000000;  0.0000000000;  0.0000000000;  0.0000000000;  0.0000000000;  0.0000000000;  0.0000000000;  0.0000000000;  0.0000000000;  0.0000000000;  0.0000000000
1919.00;  0.0000000000;  0.0000000000;  0.0000000000;  0.0000000000;  0.0000000000;  0.0000000000;  0.0000000000;  0.0000000000;  0.0000000000;  0.0000000000;  0.0000000000;  0.0000000000
1920.00;  0.0000000000;  0.0000000000;  0.0000000000;  0.0000000000;  0.0000000000;  0.0000000000;  0.0000000000;  0.0000000000;  0.0000000000;  0.0000000000;  0.0000000000;  0.0000000000
1921.00;  0.0000000000;  0.0000000000;  0.0000000000;  0.0000000000;  0.0000000000;  0.0000000000;  0.0000000000;  0.0000000000;  0.0000000000;  0.0000000000;  0.0000000000;  0.0000000000
1922.00;  0.0000000000;  0.0000000000;  0.0000000000;  0.0000000000;  0.0000000000;  0.0000000000;  0.0000000000;  0.0000000000;  0.0000000000;  0.0000000000;  0.0000000000;  0.0000000000
1923.00;  0.0000000000;  0.0000000000;  0.0000000000;  0.0000000000;  0.0000000000;  0.0000000000;  0.0000000000;  0.0000000000;  0.0000000000;  0.0000000000;  0.0000000000;  0.0000000000
1924.00;  0.0000000000;  0.0000000000;  0.0000000000;  0.0000000000;  0.0000000000;  0.0000000000;  0.0000000000;  0.0000000000;  0.0000000000;  0.0000000000;  0.0000000000;  0.0000000000
1925.00;  0.0000000000;  0.0000000000;  0.0000000000;  0.0000000000;  0.0000000000;  0.0000000000;  0.0000000000;  0.0000000000;  0.0000000000;  0.0000000000;  0.0000000000;  0.0000000000
1926.00;  0.0000000000;  0.0000000000;  0.0000000000;  0.0000000000;  0.0000000000;  0.0000000000;  0.0000000000;  0.0000000000;  0.0000000000;  0.0000000000;  0.0000000000;  0.0000000000
1927.00;  0.0000000000;  0.0000000000;  0.0000000000;  0.0000000000;  0.0000000000;  0.0000000000;  0.0000000000;  0.0000000000;  0.0000000000;  0.0000000000;  0.0000000000;  0.0000000000
1928.00;  0.0000000000;  0.0000000000;  0.0000000000;  0.0000000000;  0.0000000000;  0.0000000000;  0.0000000000;  0.0000000000;  0.0000000000;  0.0000000000;  0.0000000000;  0.0000000000
1929.00;  0.0000000000;  0.0000000000;  0.0000000000;  0.0000000000;  0.0000000000;  0.0000000000;  0.0000000000;  0.0000000000;  0.0000000000;  0.0000000000;  0.0000000000;  0.0000000000
1930.00;  0.0000000000;  0.0000000000;  0.0000000000;  0.0000000000;  0.0000000000;  0.0000000000;  0.0000000000;  0.0000000000;  0.0000000000;  0.0000000000;  0.0000000000;  0.0000000000
1931.00;  0.0000000000;  0.0000000000;  0.0000000000;  0.0000000000;  0.0000000000;  0.0000000000;  0.0000000000;  0.0000000000;  0.0000000000;  0.0000000000;  0.0000000000;  0.0000000000
1932.00;  0.0000000000;  0.0000000000;  0.0000000000;  0.0000000000;  0.0000000000;  0.0000000000;  0.0000000000;  0.0000000000;  0.0000000000;  0.0000000000;  0.0000000000;  0.0000000000
1933.00;  0.0000000000;  0.0000000000;  0.0000000000;  0.0000000000;  0.0000000000;  0.0000000000;  0.0000000000;  0.0000000000;  0.0000000000;  0.0000000000;  0.0000000000;  0.0000000000
1934.00;  0.0000000000;  0.0000000000;  0.0000000000;  0.0000000000;  0.0000000000;  0.0000000000;  0.0000000000;  0.0000000000;  0.0000000000;  0.0000000000;  0.0000000000;  0.0000000000
1935.00;  0.0000000000;  0.0000000000;  0.0000000000;  0.0000000000;  0.0000000000;  0.0000000000;  0.0000000000;  0.0000000000;  0.0000000000;  0.0000000000;  0.0000000000;  0.0000000000
1936.00;  0.0000000000;  0.0000000000;  0.0000000000;  0.0000000000;  0.0000000000;  0.0000000000;  0.0000000000;  0.0000000000;  0.0000000000;  0.0000000000;  0.0000000000;  0.0000000000
1937.00;  0.0000000000;  0.0000000000;  0.0000000000;  0.0000000000;  0.0000000000;  0.0000000000;  0.0000000000;  0.0000000000;  0.0000000000;  0.0000000000;  0.0000000000;  0.0000000000
1938.00;  0.0000000000;  0.0000000000;  0.0000000000;  0.0000000000;  0.0000000000;  0.0000000000;  0.0000000000;  0.0000000000;  0.0000000000;  0.0000000000;  0.0000000000;  0.0000000000
1939.00;  0.0000000000;  0.0000000000;  0.0000000000;  0.0000000000;  0.0000000000;  0.0000000000;  0.0000000000;  0.0000000000;  0.0000000000;  0.0000000000;  0.0000000000;  0.0000000000
1940.00;  0.0000000000;  0.0000000000;  0.0000000000;  0.0000000000;  0.0000000000;  0.0000000000;  0.0000000000;  0.0000000000;  0.0000000000;  0.0000000000;  0.0000000000;  0.0000000000
1941.00;  0.0000000000;  0.0000000000;  0.0000000000;  0.0000000000;  0.0000000000;  0.0000000000;  0.0000000000;  0.0000000000;  0.0000000000;  0.0000000000;  0.0000000000;  0.0000000000
1942.00;  0.0000000000;  0.0000000000;  0.0000000000;  0.0000000000;  0.0000000000;  0.0000000000;  0.0000000000;  0.0000000000;  0.0000000000;  0.0000000000;  0.0000000000;  0.0000000000
1943.00;  0.0000000000;  0.0000000000;  0.0000000000;  0.0000000000;  0.0000000000;  0.0000000000;  0.0000000000;  0.0000000000;  0.0000000000;  0.0000000000;  0.0000000000;  0.0000000000
1944.00;  0.0000000000;  0.0000000000;  0.0000000000;  0.0000000000;  0.0000000000;  0.0000000000;  0.0000000000;  0.0000000000;  0.0000000000;  0.0000000000;  0.0000000000;  0.0000000000
1945.00;  0.0000000000;  0.0000000000;  0.0000000000;  0.0000000000;  0.0000000000;  0.0000000000;  0.0000000000;  0.0000000000;  0.0000000000;  0.0000000000;  0.0000000000;  0.0000000000
1946.00;  0.0000000000;  0.0000000000;  0.0000000000;  0.0000000000;  0.0000000000;  0.0000000000;  0.0000000000;  0.0000000000;  0.0000000000;  0.0000000000;  0.0000000000;  0.0000000000
1947.00;  0.0000000000;  0.0000000000;  0.0000000000;  0.0000000000;  0.0000000000;  0.0000000000;  0.0000000000;  0.0000000000;  0.0000000000;  0.0000000000;  0.0000000000;  0.0000000000
1948.00;  0.0000000000;  0.0000000000;  0.0000000000;  0.0000000000;  0.0000000000;  0.0000000000;  0.0000000000;  0.0000000000;  0.0000000000;  0.0000000000;  0.0000000000;  0.0000000000
1949.00;  0.0000000000;  0.0000000000;  0.0000000000;  0.0000000000;  0.0000000000;  0.0000000000;  0.0000000000;  0.0000000000;  0.0000000000;  0.0000000000;  0.0000000000;  0.0000000000
1950.00;  0.0000000000;  0.0000000000;  0.0000000000;  0.0000000000;  0.0000000000;  0.0000000000;  0.0000000000;  0.0000000000;  0.0000000000;  0.0000000000;  0.0000000000;  0.0000000000
1951.00;  0.0000000000;  0.0000000000;  0.0000000000;  0.0000000000;  0.0000000000;  0.0000000000;  0.0000000000;  0.0000000000;  0.0000000000;  0.0000000000;  0.0000000000;  0.0000000000
1952.00;  0.0000000000;  0.0000000000;  0.0000000000;  0.0000000000;  0.0000000000;  0.0000000000;  0.0000000000;  0.0000000000;  0.0000000000;  0.0000000000;  0.0000000000;  0.0000000000
1953.00;  0.0000000000;  0.0000000000;  0.0000000000;  0.0000000000;  0.0000000000;  0.0000000000;  0.0000000000;  0.0000000000;  0.0000000000;  0.0000000000;  0.0000000000;  0.0000000000
1954.00;  0.0000000000;  0.0000000000;  0.0000000000;  0.0000000000;  0.0000000000;  0.0000000000;  0.0000000000;  0.0000000000;  0.0000000000;  0.0000000000;  0.0000000000;  0.0000000000
1955.00;  0.0000000000;  0.0000000000;  0.0000000000;  0.0000000000;  0.0000000000;  0.0000000000;  0.0000000000;  0.0000000000;  0.0000000000;  0.0000000000;  0.0000000000;  0.0000000000
1956.00;  0.0000000000;  0.0000000000;  0.0000000000;  0.0000000000;  0.0000000000;  0.0000000000;  0.0000000000;  0.0000000000;  0.0000000000;  0.0000000000;  0.0000000000;  0.0000000000
1957.00;  0.0000000000;  0.0000000000;  0.0000000000;  0.0000000000;  0.0000000000;  0.0000000000;  0.0000000000;  0.0000000000;  0.0000000000;  0.0000000000;  0.0000000000;  0.0000000000
1958.00;  0.0000000000;  0.0000000000;  0.0000000000;  0.0000000000;  0.0000000000;  0.0000000000;  0.0000000000;  0.0000000000;  0.0000000000;  0.0000000000;  0.0000000000;  0.0000000000
1959.00;  0.0000000000;  0.0000000000;  0.0000000000;  0.0000000000;  0.0000000000;  0.0000000000;  0.0000000000;  0.0000000000;  0.0000000000;  0.0000000000;  0.0000000000;  0.0000000000
1960.00;  0.0000000000;  0.0000000000;  0.0000000000;  0.0000000000;  0.0000000000;  0.0000000000;  0.0000000000;  0.0000000000;  0.0000000000;  0.0000000000;  0.0000000000;  0.0000000000
1961.00;  0.0000000000;  0.0000000000;  0.0000000000;  0.0000000000;  0.0000000000;  0.0000000000;  0.0000000000;  0.0000000000;  0.0000000000;  0.0000000000;  0.0000000000;  0.0000000000
1962.00;  0.0000000000;  0.0000000000;  0.0000000000;  0.0000000000;  0.0000000000;  0.0000000000;  0.0000000000;  0.0000000000;  0.0000000000;  0.0000000000;  0.0000000000;  0.0000000000
1963.00;  0.0000000000;  0.0000000000;  0.0000000000;  0.0000000000;  0.0000000000;  0.0000000000;  0.0000000000;  0.0000000000;  0.0000000000;  0.0000000000;  0.0000000000;  0.0000000000
1964.00;  0.0000000000;  0.0000000000;  0.0000000000;  0.0000000000;  0.0000000000;  0.0000000000;  0.0000000000;  0.0000000000;  0.0000000000;  0.0000000000;  0.0000000000;  0.0000000000
1965.00;  0.0000000000;  0.0000000000;  0.0000000000;  0.0000000000;  0.0000000000;  0.0000000000;  0.0000000000;  0.0000000000;  0.0000000000;  0.0000000000;  0.0000000000;  0.0000000000
1966.00;  0.0000000000;  0.0000000000;  0.0000000000;  0.0000000000;  0.0000000000;  0.0000000000;  0.0000000000;  0.0000000000;  0.0000000000;  0.0000000000;  0.0000000000;  0.0000000000
1967.00;  0.0000000000;  0.0000000000;  0.0000000000;  0.0000000000;  0.0000000000;  0.0000000000;  0.0000000000;  0.0000000000;  0.0000000000;  0.0000000000;  0.0000000000;  0.0000000000
1968.00;  0.0000000000;  0.0000000000;  0.0000000000;  0.0000000000;  0.0000000000;  0.0000000000;  0.0000000000;  0.0000000000;  0.0000000000;  0.0000000000;  0.0000000000;  0.0000000000
1969.00;  0.0000000000;  0.0000000000;  0.0000000000;  0.0000000000;  0.0000000000;  0.0000000000;  0.0000000000;  0.0000000000;  0.0000000000;  0.0000000000;  0.0000000000;  0.0000000000
1970.00;  0.0000000000;  0.0000000000;  0.0000000000;  0.0000000000;  0.0000000000;  0.0000000000;  0.0000000000;  0.0000000000;  0.0000000000;  0.0000000000;  0.0000000000;  0.0000000000
1971.00;  0.0000000000;  0.0000000000;  0.0000000000;  0.0000000000;  0.0000000000;  0.0000000000;  0.0000000000;  0.0000000000;  0.0000000000;  0.0000000000;  0.0000000000;  0.0000000000
1972.00;  0.0000000000;  0.0000000000;  0.0000000000;  0.0000000000;  0.0000000000;  0.0000000000;  0.0000000000;  0.0000000000;  0.0000000000;  0.0000000000;  0.0000000000;  0.0000000000
1973.00;  0.0000000000;  0.0000000000;  0.0000000000;  0.0000000000;  0.0000000000;  0.0000000000;  0.0000000000;  0.0000000000;  0.0000000000;  0.0000000000;  0.0000000000;  0.0000000000
1974.00;  0.0000000000;  0.0000000000;  0.0000000000;  0.0000000000;  0.0000000000;  0.0000000000;  0.0000000000;  0.0000000000;  0.0000000000;  0.0000000000;  0.0000000000;  0.0000000000
1975.00;  0.0000000000;  0.0000000000;  0.0000000000;  0.0000000000;  0.0000000000;  0.0000000000;  0.0000000000;  0.0000000000;  0.0000000000;  0.0000000000;  0.0000000000;  0.0000000000
1976.00;  0.0000000000;  0.0000000000;  0.0000000000;  0.0000000000;  0.0000000000;  0.0000000000;  0.0000000000;  0.0000000000;  0.0000000000;  0.0000000000;  0.0000000000;  0.0000000000
1977.00;  0.0000000000;  0.0000000000;  0.0000000000;  0.0000000000;  0.0000000000;  0.0000000000;  0.0000000000;  0.0000000000;  0.0000000000;  0.0000000000;  0.0000000000;  0.0000000000
1978.00;  0.0000000000;  0.0000000000;  0.0000000000;  0.0000000000;  0.0000000000;  0.0000000000;  0.0000000000;  0.0000000000;  0.0000000000;  0.0000000000;  0.0000000000;  0.0000000000
1979.00;  0.0000000000;  0.0000000000;  0.0000000000;  0.0000000000;  0.0000000000;  0.0000000000;  0.0000000000;  0.0000000000;  0.0000000000;  0.0000000000;  0.0000000000;  0.0000000000
1980.00;  0.0000000000;  0.0000000000;  0.0000000000;  0.0000000000;  0.0000000000;  0.0000000000;  0.0000000000;  0.0000000000;  0.0000000000;  0.0000000000;  0.0000000000;  0.0000000000
1981.00;  0.0000000000;  0.0000000000;  0.0000000000;  0.0000000000;  0.0000000000;  0.0000000000;  0.0000000000;  0.0000000000;  0.0000000000;  0.0000000000;  0.0000000000;  0.0000000000
1982.00;  0.0000000000;  0.0000000000;  0.0000000000;  0.0000000000;  0.0000000000;  0.0000000000;  0.0000000000;  0.0000000000;  0.0000000000;  0.0000000000;  0.0000000000;  0.0000000000
1983.00;  0.0000000000;  0.0000000000;  0.0000000000;  0.0000000000;  0.0000000000;  0.0000000000;  0.0000000000;  0.0000000000;  0.0000000000;  0.0000000000;  0.0000000000;  0.0000000000
1984.00;  0.0000000000;  0.0000000000;  0.0000000000;  0.0000000000;  0.0000000000;  0.0000000000;  0.0000000000;  0.0000000000;  0.0000000000;  0.0000000000;  0.0000000000;  0.0000000000
1985.00;  0.0000000000;  0.0000000000;  0.0000000000;  0.0000000000;  0.0000000000;  0.0000000000;  0.0000000000;  0.0000000000;  0.0000000000;  0.0000000000;  0.0000000000;  0.0000000000
1986.00;  0.0000000000;  0.0000000000;  0.0000000000;  0.0000000000;  0.0000000000;  0.0000000000;  0.0000000000;  0.0000000000;  0.0000000000;  0.0000000000;  0.0000000000;  0.0000000000
1987.00;  0.0000000000;  0.0000000000;  0.0000000000;  0.0000000000;  0.0000000000;  0.0000000000;  0.0000000000;  0.0000000000;  0.0000000000;  0.0000000000;  0.0000000000;  0.0000000000
1988.00;  0.0000000000;  0.0000000000;  0.0000000000;  0.0000000000;  0.0000000000;  0.0000000000;  0.0000000000;  0.0000000000;  0.0000000000;  0.0000000000;  0.0000000000;  0.0000000000
1989.00;  0.0000000000;  0.0000000000;  0.0000000000;  0.0000000000;  0.0000000000;  0.0000000000;  0.0000000000;  0.0000000000;  0.0000000000;  0.0000000000;  0.0000000000;  0.0000000000
1990.00;  0.0000000000;  0.0000000000;  0.0000000000;  0.0000000000;  0.0000000000;  0.0000000000;  0.0000000000;  0.0000000000;  0.0000000000;  0.0000000000;  0.0000000000;  0.0000000000
1991.00;  0.0000000000;  0.0000000000;  0.0000000000;  0.0000000000;  0.0000000000;  0.0000000000;  0.0000000000;  0.0000000000;  0.0000000000;  0.0000000000;  0.0000000000;  0.0000000000
1992.00;  0.0000000000;  0.0000000000;  0.0000000000;  0.0000000000;  0.0000000000;  0.0000000000;  0.0000000000;  0.0000000000;  0.0000000000;  0.0000000000;  0.0000000000;  0.0000000000
1993.00;  0.0000000000;  0.0000000000;  0.0000000000;  0.0000000000;  0.0000000000;  0.0000000000;  0.0000000000;  0.0000000000;  0.0000000000;  0.0000000000;  0.0000000000;  0.0000000000
1994.00;  0.0000000000;  0.0000000000;  0.0000000000;  0.0000000000;  0.0000000000;  0.0000000000;  0.0000000000;  0.0000000000;  0.0000000000;  0.0000000000;  0.0000000000;  0.0000000000
1995.00;  0.0000000000;  0.0000000000;  0.0000000000;  0.0000000000;  0.0000000000;  0.0000000000;  0.0000000000;  0.0000000000;  0.0000000000;  0.0000000000;  0.0000000000;  0.0000000000
1996.00;  0.0000000000;  0.0000000000;  0.0000000000;  0.0000000000;  0.0000000000;  0.0000000000;  0.0000000000;  0.0000000000;  0.0000000000;  0.0000000000;  0.0000000000;  0.0000000000
1997.00;  0.0000000000;  0.0000000000;  0.0000000000;  0.0000000000;  0.0000000000;  0.0000000000;  0.0000000000;  0.0000000000;  0.0000000000;  0.0000000000;  0.0000000000;  0.0000000000
1998.00;  0.0000000000;  0.0000000000;  0.0000000000;  0.0000000000;  0.0000000000;  0.0000000000;  0.0000000000;  0.0000000000;  0.0000000000;  0.0000000000;  0.0000000000;  0.0000000000
1999.00;  0.0000000000;  0.0000000000;  0.0000000000;  0.0000000000;  0.0000000000;  0.0000000000;  0.0000000000;  0.0000000000;  0.0000000000;  0.0000000000;  0.0000000000;  0.0000000000
2000.00;  0.0000000000;  0.0000000000;  0.0000000000;  0.0000000000;  0.0000000000;  0.0000000000;  0.0000000000;  0.0000000000;  0.0000000000;  0.0000000000;  0.0000000000;  0.0000000000
