*************************************************
******************* ORCA 6.1.1 ******************
*************************************************
$Calculation_Status
   &GeometryIndex 1
   &version [&Type "String"] "6.1.1"
   &progName [&Type "String"] "LeanSCF"
   &Status [&Type "String"] "NORMAL TERMINATION"
$End
$Geometry
   &GeometryIndex 1
   &NAtoms [&Type "Integer"] 159
   &NCorelessECP [&Type "Integer"] 0
   &NGhostAtoms [&Type "Integer"] 0
   &CartesianCoordinates [&Type "Coordinates", &Dim(159,4), &Units "Bohr"] 
              Si     6.663531114600   64.178812893476   14.949921195362
              Si     6.485651968060   58.328895803411   14.903271421807
              O      4.289528214043   65.874919663449   15.958569329715
              O      3.866692488130   57.076852238339   15.965732277523
              O      6.532388396180   61.246530755555   15.916001596368
              O      6.772585566607   64.108946842395   11.835941385849
              O      6.530110288060   58.468576989092   11.795044651708
              Si    11.570758426431   49.470042772534   14.799047166730
              Si    16.559828593649   46.396449436492   14.809141347009
              O      8.920494158413   48.356143745371   15.920702137384
              O     14.030711138017   47.873886416669   15.781583188475
              O     16.389061147146   43.508441081149   15.896457184955
              O     11.624283737752   49.404395277002   11.689794638251
              O     16.485346201385   46.460222361105   11.696237977101
              Si    11.443714467184   55.299083714930   14.618324546664
              Si    11.690993898206   67.150682540530   14.982895202162
              Si    16.934826958386   64.121813198124   15.586281597948
              Si    16.655628083226   58.130228745282   14.109327547438
              O      9.002956356560   56.785607285235   15.817426058848
              O      9.177510077666   65.625087927103   15.948347963144
              O     14.211957688644   65.760325652968   15.823983532035
              O     14.028270127032   56.825146328260   15.145359023989
              O     11.702780226838   52.414394766870   15.699510250782
              O     16.739832514580   61.055245513665   14.834863789029
              O     10.734794495855   55.127340312949   11.589439883899
              O     11.455004649270   67.351675391134   11.856491784550
              O     17.368635507976   65.077699396616   12.448576856665
              O     16.662849875789   57.712313054187   11.042662675041
              Si    11.805248955357   72.985646530520   14.873803742001
              Si    16.999722703093   75.687147558414   14.853094212045
              O      9.445213834187   74.790251160457   15.733071581844
              O     14.353911024241   74.454468448967   15.861100434050
              O     11.624869810049   70.108883564180   15.950992082454
              O     17.471174734137   78.578389981275   15.828441418776
              O     12.059341144097   72.801004582939   11.773510460974
              O     16.966624396162   75.516276733930   11.745458904887
              Si    21.661346539732   49.216485989646   14.570795161604
              Si    26.727827776303   46.370677453835   14.797307290909
              O     19.128870108387   47.867048501481   15.696584745500
              O     24.245241023334   47.955103226163   15.708402235746
              O     26.312794073487   43.484920047428   15.804650246865
              O     21.562396458236   48.612221558180   11.520821375076
              O     26.834990047319   46.483544703654   11.687939812370
              Si    21.726619962064   55.221919441588   14.344136823231
              Si    22.163929140399   66.860273490805   14.827614905445
              Si    27.056933013198   63.862672189083   14.535527659572
              Si    26.813793752473   58.065155441943   14.465945611654
              O     19.123462685046   56.573304561655   15.187120584061
              O     19.856637566414   65.424563029752   16.218675643554
              O     24.842609174149   65.587607242561   15.784473534454
              O     24.306273729651   56.567716797391   15.441712659245
              O     21.671138411619   52.227046995634   15.132467967914
              O     27.044007687289   60.943687872858   15.564489516016
              O     21.887350456776   55.438283885456   11.247340792799
              O     22.037574121884   66.396324743100   11.772134820090
              O     26.569265387063   63.703139167333   11.475620577058
              O     26.602195961545   58.268436960911   11.375449721305
              Si    22.088902409729   72.862098105630   14.793951985329
              Si    27.173248088304   75.691703882814   14.866065034436
              O     19.464377534386   74.099690926426   15.839629965629
              O     24.599377655477   74.323524612757   15.884868670367
              O     22.243729220486   69.887410731593   15.479405751699
              O     27.512272654163   78.587144633749   15.881601123621
              O     22.208252481205   73.353242410715   11.720522519517
              O     27.159039277930   75.533642895855   11.759404071994
              Si    31.869621967002   49.148112283006   14.899405679631
              O     29.334534505551   47.660442147748   15.837977043998
              O     34.308326317603   47.611499681000   16.001489550747
              O     31.794476047127   49.158462219768   11.790079308302
              Si    31.937227041778   54.956029543095   14.684690617656
              Si    32.314602462780   66.771425333750   14.582921907618
              Si    37.252033300623   63.720316569672   14.781202410006
              Si    36.943506591600   57.885351459806   14.816680291581
              O     29.297047214138   56.408640955990   15.247885265650
              O     29.800744690044   65.120098834080   15.144675492820
              O     34.780788204039   65.312811699582   15.730803891769
              O     34.312766719335   56.583316707096   15.764369886771
              O     31.831325957284   52.093640286564   15.854942707882
              O     37.203086787167   60.803733164693   15.788599451638
              O     32.374089403463   54.540076051573   11.630575007412
              O     32.862526902842   66.973672302925   11.526777453211
              O     37.118217002663   63.572573903125   11.673815997927
              O     36.859342101337   57.966579308189   11.703112980714
              Si    32.120981453114   72.581312379294   14.762060335558
              O     29.697430375714   74.172670090609   15.816510778519
              O     34.835749030433   73.663602087160   15.751256322824
              O     32.031394387237   69.635845386804   15.688800968181
              O     31.953575234087   72.587402275755   11.655283424415
              O     39.188716343910   56.037006802378   15.836183103037
              O     39.916345883918   64.916902947770   15.774802221764
              H      7.699987207475   47.218156476659   15.186956410753
              H      2.665286661952   55.939701290528   15.187255099416
              H      2.665286770457   66.155504126087   15.187255090642
              H      7.699986715324   74.877049380497   15.186956339917
              H     16.909611194489   41.901378863338   15.190188769914
              H     16.909611282482   80.193826805431   15.190188711554
              H     26.981059394364   41.901282816782   15.190151892937
              H     26.981059467231   80.193922772565   15.190151924613
              H     35.830259257464   47.009257749855   15.186606028203
              H     35.830258726337   75.085947223121   15.186606124640
              H     40.864793113548   55.730707014142   15.186941684006
              H     40.864793284701   66.364498541154   15.186941695396
              H     25.009226747692   64.575334445965   11.003925490259
              H     20.279389879791   65.817613414126   11.434233785302
              H     15.887678108434   64.870394682057   11.426739759004
              H     18.265780025182   57.109208345632   10.417262398568
              H     23.404878722746   56.277510519623   10.662998421120
              H     26.606744007915   60.010432694866   10.793117844421
              H     25.564242155270   74.894848107577   11.108775600353
              H     20.603104504529   73.833715387986   10.992151293954
              H     15.475651269525   74.653088445678   11.119168609188
              H     11.867187982744   71.073517040848   11.180201286662
              H     10.063515839054   66.372004192977   11.189531546869
              H      6.738744249867   62.402069877811   11.174555667803
              H      7.816485123033   57.373557339397   11.075258915006
              H     11.279223935360   53.599941801320   10.760934447513
              H     13.074257021149   48.501202577545   11.035218153692
              H     18.056112104219   47.063991279316   10.971611937851
              H     23.169951574887   48.134336675009   10.801832709492
              H     28.345325498928   47.309601189362   11.066293372412
              H     32.068765440662   50.833508872569   11.091159786189
              H     33.635940554565   55.653190508564   10.916922129820
              H     36.929037754370   59.674444078770   11.045852233972
              H     35.839026682501   64.679150385837   10.966356151434
              H     32.471274285313   68.605066620150   10.805975938142
              H     30.470035389603   73.463558112237   11.034021002277
              N     25.394258304050   55.091312965353   21.340722927614
              C     27.494865557736   53.630487232050   21.760601582123
              N     29.723995337650   54.913303619689   21.795206267917
              C     30.090476371058   57.533682969479   21.632114702075
              C     27.761387314897   58.905199391450   21.302854611812
              C     25.548212322624   57.665978111125   21.143023754815
              O     27.371549141825   51.343530850270   22.098436983523
              O     32.207981797311   58.394135345454   21.777309773824
              C     23.009507590375   53.717313488131   21.019333390370
              C     21.824767231882   52.773171261319   23.475197725731
              C     19.045048947372   52.579384981261   22.703314280064
              C     18.752047129336   54.739667699432   20.820307532832
              O     18.604948292264   50.263380011655   21.492142770836
              O     21.255875660369   55.340067658752   19.951181873721
              C     17.539149898614   57.066888073319   21.942171961274
              O     17.386011165955   58.979079391180   20.089257319452
              P     18.086496093494   61.845147669505   20.802994593806
              O     17.618275625679   62.359493475946   23.479401459725
              O     21.015702185513   62.048373533196   20.068154512618
              O     16.667357831067   63.431958048301   18.832590126468
              H     31.284527490623   53.849579661097   22.065229564413
              H     27.834611723771   60.934332534637   21.128608012388
              H     23.773043820421   58.629516264205   20.813121417317
              H     23.425642098545   52.106436787719   19.784958983962
              H     17.781742141769   52.815816749676   24.331312530548
              H     17.662193357798   54.090682619198   19.193798113849
              H     19.754351384063   49.074081682602   22.272648801688
              H     15.626901151219   56.575258445881   22.564422156616
              H     18.587865171378   57.733243980769   23.595475417945
              H     21.206038894255   63.280017007597   18.716334637984
              O     22.734818192262   50.430598980224   24.293084306813
              H     22.052773574216   54.232299863932   24.934436773815
              H     24.467018575947   50.284249114034   23.678268819625
$End
$SCF_Mulliken_Population_Analysis
   &GeometryIndex 1
   &NAtoms [&Type "Integer"] 159
   &ATNO [&Type "ArrayOfIntegers", &Dim (159,1)] 
                                                         0

0                                                       14
1                                                       14
2                                                        8
3                                                        8
4                                                        8
5                                                        8
6                                                        8
7                                                       14
8                                                       14
9                                                        8
10                                                       8
11                                                       8
12                                                       8
13                                                       8
14                                                      14
15                                                      14
16                                                      14
17                                                      14
18                                                       8
19                                                       8
20                                                       8
21                                                       8
22                                                       8
23                                                       8
24                                                       8
25                                                       8
26                                                       8
27                                                       8
28                                                      14
29                                                      14
30                                                       8
31                                                       8
32                                                       8
33                                                       8
34                                                       8
35                                                       8
36                                                      14
37                                                      14
38                                                       8
39                                                       8
40                                                       8
41                                                       8
42                                                       8
43                                                      14
44                                                      14
45                                                      14
46                                                      14
47                                                       8
48                                                       8
49                                                       8
50                                                       8
51                                                       8
52                                                       8
53                                                       8
54                                                       8
55                                                       8
56                                                       8
57                                                      14
58                                                      14
59                                                       8
60                                                       8
61                                                       8
62                                                       8
63                                                       8
64                                                       8
65                                                      14
66                                                       8
67                                                       8
68                                                       8
69                                                      14
70                                                      14
71                                                      14
72                                                      14
73                                                       8
74                                                       8
75                                                       8
76                                                       8
77                                                       8
78                                                       8
79                                                       8
80                                                       8
81                                                       8
82                                                       8
83                                                      14
84                                                       8
85                                                       8
86                                                       8
87                                                       8
88                                                       8
89                                                       8
90                                                       1
91                                                       1
92                                                       1
93                                                       1
94                                                       1
95                                                       1
96                                                       1
97                                                       1
98                                                       1
99                                                       1
100                                                      1
101                                                      1
102                                                      1
103                                                      1
104                                                      1
105                                                      1
106                                                      1
107                                                      1
108                                                      1
109                                                      1
110                                                      1
111                                                      1
112                                                      1
113                                                      1
114                                                      1
115                                                      1
116                                                      1
117                                                      1
118                                                      1
119                                                      1
120                                                      1
121                                                      1
122                                                      1
123                                                      1
124                                                      1
125                                                      1
126                                                      7
127                                                      6
128                                                      7
129                                                      6
130                                                      6
131                                                      6
132                                                      8
133                                                      8
134                                                      6
135                                                      6
136                                                      6
137                                                      6
138                                                      8
139                                                      8
140                                                      6
141                                                      8
142                                                     15
143                                                      8
144                                                      8
145                                                      8
146                                                      1
147                                                      1
148                                                      1
149                                                      1
150                                                      1
151                                                      1
152                                                      1
153                                                      1
154                                                      1
155                                                      1
156                                                      8
157                                                      1
158                                                      1
   &AtomicCharges [&Type "ArrayOfDoubles", &Dim (159,1)] 
                                                         0

0                                      7.1169847532802955e-01
1                                      7.1452558785574993e-01
2                                     -5.8237591278785494e-01
3                                     -5.8608707732134491e-01
4                                     -3.2754724439764260e-01
5                                     -5.7671733413828896e-01
6                                     -5.7658544338684692e-01
7                                      7.0804382903447838e-01
8                                      6.9801390735163338e-01
9                                     -5.8519782333489090e-01
10                                    -3.2307010459790853e-01
11                                    -5.8498449088030036e-01
12                                    -5.6990282983560370e-01
13                                    -5.7618158439238876e-01
14                                     6.8781401582479162e-01
15                                     6.2422408588583700e-01
16                                     7.1707630501135888e-01
17                                     4.9546434838755715e-01
18                                    -3.4252488736716913e-01
19                                    -3.2955271523612062e-01
20                                    -2.3324478466498988e-01
21                                    -2.6983965012722777e-01
22                                    -3.2592873122818311e-01
23                                    -1.6687521124109139e-01
24                                    -5.7940275694242516e-01
25                                    -5.9298899760038459e-01
26                                    -7.2948148205687602e-01
27                                    -5.6370892476959256e-01
28                                     7.1979001558297639e-01
29                                     7.1920754221301486e-01
30                                    -5.8451072630506395e-01
31                                    -3.3327553015373823e-01
32                                    -3.4085236451342027e-01
33                                    -5.8547072733659533e-01
34                                    -5.7930730893587068e-01
35                                    -5.7342840325837763e-01
36                                     6.4903754994097973e-01
37                                     7.0261600828904136e-01
38                                    -3.0338780900329354e-01
39                                    -3.1827544926504459e-01
40                                    -5.8109148274500910e-01
41                                    -5.8090938581044327e-01
42                                    -5.7438180362440860e-01
43                                     6.2127894168289366e-01
44                                     6.8037316675333592e-01
45                                     6.4796290159588921e-01
46                                     6.1720037487625667e-01
47                                    -2.4278544783157230e-01
48                                    -4.4093129519278484e-01
49                                    -3.4480788270279739e-01
50                                    -2.6398784340640979e-01
51                                    -2.1885206011498859e-01
52                                    -2.9642009758606314e-01
53                                    -6.0297235919978753e-01
54                                    -5.9279175152575547e-01
55                                    -5.7906748234094430e-01
56                                    -5.8735290201192214e-01
57                                     6.7821595447857064e-01
58                                     7.1830628893380855e-01
59                                    -3.3135034894564619e-01
60                                    -3.4059333047370899e-01
61                                    -2.6574802183660218e-01
62                                    -5.8362492925540721e-01
63                                    -5.7524355287527662e-01
64                                    -5.7592047303421978e-01
65                                     7.0192338303379564e-01
66                                    -3.1807495047457124e-01
67                                    -5.8382012771425273e-01
68                                    -5.7407707647908168e-01
69                                     6.5888323837357632e-01
70                                     6.7391701831061823e-01
71                                     7.1096267425624582e-01
72                                     6.9639127624428454e-01
73                                    -2.1764542783439111e-01
74                                    -2.4930475904176319e-01
75                                    -3.3298370054392556e-01
76                                    -3.0536078115788179e-01
77                                    -3.2606522761919088e-01
78                                    -3.2276359534182930e-01
79                                    -5.8303612732031951e-01
80                                    -5.7428393871506600e-01
81                                    -5.7688499771354884e-01
82                                    -5.7544545016073023e-01
83                                     7.1582776658982539e-01
84                                    -3.2763563976475574e-01
85                                    -5.8051015987066812e-01
86                                    -3.3215434879680927e-01
87                                    -5.7318689245615495e-01
88                                    -5.7841620138952443e-01
89                                    -5.7654616133871706e-01
90                                     3.8455122971501954e-01
91                                     3.8677131444763257e-01
92                                     3.8172890799355264e-01
93                                     3.8546733774477049e-01
94                                     3.8745007852397484e-01
95                                     3.8510212788017273e-01
96                                     3.8421081128841372e-01
97                                     3.8678344834997147e-01
98                                     3.8815134896946935e-01
99                                     3.8385269748398521e-01
100                                    3.8453302317576710e-01
101                                    3.8535427694223223e-01
102                                    3.7024568326669094e-01
103                                    3.6824016503120749e-01
104                                    3.3031090407111641e-01
105                                    3.5060901695792501e-01
106                                    3.5614163487819517e-01
107                                    3.6286016945620037e-01
108                                    3.6870878108139471e-01
109                                    3.6455640458142291e-01
110                                    3.6458298138788414e-01
111                                    3.6636194385218901e-01
112                                    3.6228850962558434e-01
113                                    3.6404551954635478e-01
114                                    3.6898576324580357e-01
115                                    3.6193007973597746e-01
116                                    3.6252949667115297e-01
117                                    3.6471697285681226e-01
118                                    3.6065950490976495e-01
119                                    3.6333626716925782e-01
120                                    3.6671714310793480e-01
121                                    3.6210804115401785e-01
122                                    3.6396238371219036e-01
123                                    3.6801962679913669e-01
124                                    3.6460590256472347e-01
125                                    3.6436617172701991e-01
126                                    8.3066601589028899e-02
127                                    3.5915954306713527e-01
128                                   -1.9170614733477276e-01
129                                    2.4121631533737897e-01
130                                   -2.1856913819904733e-01
131                                   -1.2387492183383308e-01
132                                   -4.9477480587015066e-01
133                                   -4.2125238916382735e-01
134                                   -2.1932147133760793e-02
135                                    2.7730420811256984e-02
136                                    1.6072348622639687e-01
137                                    1.0193365971009261e-01
138                                   -4.9293539862807556e-01
139                                   -3.2802756959005741e-01
140                                   -1.2492283634785206e-01
141                                   -2.9992325332699998e-01
142                                    7.8681736722046836e-01
143                                   -6.1365456777408767e-01
144                                   -4.9998004132162421e-01
145                                   -4.0633562273877644e-01
146                                    2.7766205660426868e-01
147                                    1.6254464745564623e-01
148                                    2.4292390303542200e-01
149                                    1.5441009214958057e-01
150                                    1.2812285250627742e-01
151                                    1.0479911767612260e-01
152                                    3.4145120944491292e-01
153                                    1.4352530729048829e-01
154                                    1.3265978910540088e-01
155                                    3.6276859396904826e-01
156                                   -5.0580093760204647e-01
157                                    1.0983493111885179e-01
158                                    3.5647387613199710e-01
   &Method [&Type "String"] "SCF"
   &Level [&Type "String"] "Relaxed density"
   &Mult [&Type "Integer"] 1
   &State [&Type "Integer"] -1
   &Irrep [&Type "Integer"] 0
$End
$SCF_Loewdin_Population_Analysis
   &GeometryIndex 1
   &NAtoms [&Type "Integer"] 159
   &ATNO [&Type "ArrayOfIntegers", &Dim (159,1)] 
                                                         0

0                                                       14
1                                                       14
2                                                        8
3                                                        8
4                                                        8
5                                                        8
6                                                        8
7                                                       14
8                                                       14
9                                                        8
10                                                       8
11                                                       8
12                                                       8
13                                                       8
14                                                      14
15                                                      14
16                                                      14
17                                                      14
18                                                       8
19                                                       8
20                                                       8
21                                                       8
22                                                       8
23                                                       8
24                                                       8
25                                                       8
26                                                       8
27                                                       8
28                                                      14
29                                                      14
30                                                       8
31                                                       8
32                                                       8
33                                                       8
34                                                       8
35                                                       8
36                                                      14
37                                                      14
38                                                       8
39                                                       8
40                                                       8
41                                                       8
42                                                       8
43                                                      14
44                                                      14
45                                                      14
46                                                      14
47                                                       8
48                                                       8
49                                                       8
50                                                       8
51                                                       8
52                                                       8
53                                                       8
54                                                       8
55                                                       8
56                                                       8
57                                                      14
58                                                      14
59                                                       8
60                                                       8
61                                                       8
62                                                       8
63                                                       8
64                                                       8
65                                                      14
66                                                       8
67                                                       8
68                                                       8
69                                                      14
70                                                      14
71                                                      14
72                                                      14
73                                                       8
74                                                       8
75                                                       8
76                                                       8
77                                                       8
78                                                       8
79                                                       8
80                                                       8
81                                                       8
82                                                       8
83                                                      14
84                                                       8
85                                                       8
86                                                       8
87                                                       8
88                                                       8
89                                                       8
90                                                       1
91                                                       1
92                                                       1
93                                                       1
94                                                       1
95                                                       1
96                                                       1
97                                                       1
98                                                       1
99                                                       1
100                                                      1
101                                                      1
102                                                      1
103                                                      1
104                                                      1
105                                                      1
106                                                      1
107                                                      1
108                                                      1
109                                                      1
110                                                      1
111                                                      1
112                                                      1
113                                                      1
114                                                      1
115                                                      1
116                                                      1
117                                                      1
118                                                      1
119                                                      1
120                                                      1
121                                                      1
122                                                      1
123                                                      1
124                                                      1
125                                                      1
126                                                      7
127                                                      6
128                                                      7
129                                                      6
130                                                      6
131                                                      6
132                                                      8
133                                                      8
134                                                      6
135                                                      6
136                                                      6
137                                                      6
138                                                      8
139                                                      8
140                                                      6
141                                                      8
142                                                     15
143                                                      8
144                                                      8
145                                                      8
146                                                      1
147                                                      1
148                                                      1
149                                                      1
150                                                      1
151                                                      1
152                                                      1
153                                                      1
154                                                      1
155                                                      1
156                                                      8
157                                                      1
158                                                      1
   &AtomicCharges [&Type "ArrayOfDoubles", &Dim (159,1)] 
                                                         0

0                                     -2.9377332356845720e-01
1                                     -2.8264231029975662e-01
2                                     -8.9886898672586923e-02
3                                     -9.4016137580283043e-02
4                                      8.3007355738185851e-02
5                                     -1.0888772154081039e-01
6                                     -1.0843032943304998e-01
7                                     -2.8727695893237026e-01
8                                     -2.8356078740349488e-01
9                                     -8.9475418806141960e-02
10                                     8.3892175267587632e-02
11                                    -9.3594254622164641e-02
12                                    -1.0630034444291780e-01
13                                    -1.0844775743081136e-01
14                                    -2.5676595030086169e-01
15                                    -2.8137556130903718e-01
16                                    -4.1623008010525986e-01
17                                    -2.9661777957295321e-01
18                                     7.9274116644765691e-02
19                                     9.1595062688802464e-02
20                                     9.7136741793748982e-02
21                                     1.0203335012399162e-01
22                                     8.7830567095395828e-02
23                                     1.0659830355300315e-01
24                                    -9.2865845848905337e-02
25                                    -1.1289404908184686e-01
26                                    -1.6901864906754938e-01
27                                    -1.0273783779231493e-01
28                                    -2.8320710792570480e-01
29                                    -2.8243810269140823e-01
30                                    -9.3349588987763354e-02
31                                     7.8821532727537225e-02
32                                     7.7424233964337397e-02
33                                    -8.8475245216944387e-02
34                                    -1.1090658884166693e-01
35                                    -1.0752161257449444e-01
36                                    -2.6440050890698785e-01
37                                    -2.8891711766588912e-01
38                                     8.9334933285607043e-02
39                                     8.7927469519812895e-02
40                                    -8.7637484862138848e-02
41                                    -9.4933132792119679e-02
42                                    -1.0694971456345215e-01
43                                    -2.6626587176012961e-01
44                                    -2.8158660964231430e-01
45                                    -2.5825928998019521e-01
46                                    -2.5654870417037223e-01
47                                     1.0132015986547760e-01
48                                     2.9891510440981151e-02
49                                     8.2983968411144637e-02
50                                     9.2720275632073523e-02
51                                     1.0975612289994796e-01
52                                     9.1951869679927078e-02
53                                    -9.9489248460020718e-02
54                                    -1.1691362684993578e-01
55                                    -9.8456295839847385e-02
56                                    -9.4618948858277818e-02
57                                    -2.5078340558569856e-01
58                                    -2.8274883102877624e-01
59                                     8.6488035692204868e-02
60                                     7.9118830934122641e-02
61                                     1.0554387343769456e-01
62                                    -9.0158655706337854e-02
63                                    -9.5255009222386278e-02
64                                    -1.0739226051139994e-01
65                                    -2.8392168100397974e-01
66                                     8.4355156363740136e-02
67                                    -9.1228395020948483e-02
68                                    -1.0655435061601892e-01
69                                    -2.5684815933644245e-01
70                                    -2.5618512741082711e-01
71                                    -2.8294326749164256e-01
72                                    -2.8508875073640816e-01
73                                     1.1244543523946238e-01
74                                     1.1397845769338311e-01
75                                     8.4505896959970350e-02
76                                     9.4409502110823773e-02
77                                     8.1565930435458789e-02
78                                     8.6351333439260713e-02
79                                    -9.3897831036212409e-02
80                                    -9.4044989708178761e-02
81                                    -1.0651443483671486e-01
82                                    -1.0744072672621385e-01
83                                    -2.8627213905935811e-01
84                                     8.2489762942365097e-02
85                                    -8.7334361437363839e-02
86                                     8.8918448992557408e-02
87                                    -1.0614939783481780e-01
88                                    -8.4623269800806256e-02
89                                    -8.8382752334730696e-02
90                                     2.0551847206664375e-01
91                                     2.0788736580285716e-01
92                                     2.0324677902948751e-01
93                                     2.0788271542140624e-01
94                                     2.0930303917227111e-01
95                                     2.0629908530698815e-01
96                                     2.0658343282048808e-01
97                                     2.0805138604178608e-01
98                                     2.0918974244540933e-01
99                                     2.0616001914482018e-01
100                                    2.0630414164288791e-01
101                                    2.0787365389234624e-01
102                                    1.8793886861150499e-01
103                                    1.8024143584740593e-01
104                                    1.6314176269161307e-01
105                                    1.8106452204760115e-01
106                                    1.8266021190025727e-01
107                                    1.8694686491994550e-01
108                                    1.8653080046686066e-01
109                                    1.8892801765920009e-01
110                                    1.8740198046699241e-01
111                                    1.8576098755312320e-01
112                                    1.8476341877490399e-01
113                                    1.8688925987842797e-01
114                                    1.8591927454273316e-01
115                                    1.8920116821847832e-01
116                                    1.8701867894111335e-01
117                                    1.8655800540884560e-01
118                                    1.8783711838538852e-01
119                                    1.8669449168143215e-01
120                                    1.8626536815856831e-01
121                                    1.8903760132997971e-01
122                                    1.8692309105036176e-01
123                                    1.8619884373595996e-01
124                                    1.8944927457784888e-01
125                                    1.8753798596813187e-01
126                                    2.8212910561139815e-01
127                                   -4.7249688598927619e-01
128                                    2.3418106030366825e-01
129                                   -4.3900964941934983e-01
130                                   -1.5269900776059053e-01
131                                   -1.2938226874329484e-01
132                                    2.7506369722418711e-02
133                                    4.0869752985765118e-02
134                                   -3.1101587879452985e-01
135                                   -3.1957936807888565e-01
136                                   -3.1105557067046075e-01
137                                   -2.7388382381525034e-01
138                                   -7.9210630023318629e-04
139                                    2.5463281614001865e-01
140                                   -3.1175752229907161e-01
141                                    8.9807626751611913e-02
142                                    4.0294832906365485e-02
143                                   -3.1524260516935776e-01
144                                   -1.3066346616943925e-01
145                                    2.6823097472323809e-03
146                                    2.2219024760875639e-01
147                                    1.6480984129747489e-01
148                                    1.6441634572918118e-01
149                                    1.5830929269240190e-01
150                                    1.5168787524656813e-01
151                                    1.5806464017036592e-01
152                                    1.8266310609796554e-01
153                                    1.4386003188949381e-01
154                                    1.3867742443152731e-01
155                                    1.7512691123585356e-01
156                                   -7.2908249135537062e-03
157                                    1.5777626889537510e-01
158                                    1.7574443232780312e-01
   &Method [&Type "String"] "SCF"
   &Level [&Type "String"] "Relaxed density"
   &Mult [&Type "Integer"] 1
   &State [&Type "Integer"] -1
   &Irrep [&Type "Integer"] 0
$End
$SCF_Mayer_Population_Analysis
   &GeometryIndex 1
   &NAtoms [&Type "Integer"] 159 "Total number of atoms"
   &NBondOrdersPrint [&Type "Integer"] 168 "The number of bond orders larger than threshold"
   &bondThresh [&Type "Double"]       1.0000000000000001e-01  "The threshold for printing"
   &components [&Type "ArrayOfIntegers", &Dim (168,4)] "The indices and atomic numbers of the bonding atoms"
                                                         0                           1                           2                           3

0                                                        0                          14                           2                           8
1                                                        0                          14                           4                           8
2                                                        0                          14                           5                           8
3                                                        0                          14                          19                           8
4                                                        1                          14                           3                           8
5                                                        1                          14                           4                           8
6                                                        1                          14                           6                           8
7                                                        1                          14                          18                           8
8                                                        2                           8                          92                           1
9                                                        3                           8                          91                           1
10                                                       5                           8                         113                           1
11                                                       6                           8                         114                           1
12                                                       7                          14                           9                           8
13                                                       7                          14                          10                           8
14                                                       7                          14                          12                           8
15                                                       7                          14                          22                           8
16                                                       8                          14                          10                           8
17                                                       8                          14                          11                           8
18                                                       8                          14                          13                           8
19                                                       8                          14                          38                           8
20                                                       9                           8                          90                           1
21                                                      11                           8                          94                           1
22                                                      12                           8                         116                           1
23                                                      13                           8                         117                           1
24                                                      14                          14                          18                           8
25                                                      14                          14                          21                           8
26                                                      14                          14                          22                           8
27                                                      14                          14                          24                           8
28                                                      15                          14                          19                           8
29                                                      15                          14                          20                           8
30                                                      15                          14                          25                           8
31                                                      15                          14                          32                           8
32                                                      16                          14                          20                           8
33                                                      16                          14                          23                           8
34                                                      16                          14                          26                           8
35                                                      16                          14                          48                           8
36                                                      16                          14                         145                           8
37                                                      17                          14                          21                           8
38                                                      17                          14                          23                           8
39                                                      17                          14                          27                           8
40                                                      17                          14                          47                           8
41                                                      24                           8                         115                           1
42                                                      25                           8                         112                           1
43                                                      26                           8                         103                           1
44                                                      26                           8                         104                           1
45                                                      27                           8                         105                           1
46                                                      28                          14                          30                           8
47                                                      28                          14                          31                           8
48                                                      28                          14                          32                           8
49                                                      28                          14                          34                           8
50                                                      29                          14                          31                           8
51                                                      29                          14                          33                           8
52                                                      29                          14                          35                           8
53                                                      29                          14                          59                           8
54                                                      30                           8                          93                           1
55                                                      33                           8                          95                           1
56                                                      34                           8                         111                           1
57                                                      35                           8                         110                           1
58                                                      36                          14                          38                           8
59                                                      36                          14                          39                           8
60                                                      36                          14                          41                           8
61                                                      36                          14                          51                           8
62                                                      37                          14                          39                           8
63                                                      37                          14                          40                           8
64                                                      37                          14                          42                           8
65                                                      37                          14                          66                           8
66                                                      40                           8                          96                           1
67                                                      41                           8                         118                           1
68                                                      42                           8                         119                           1
69                                                      43                          14                          47                           8
70                                                      43                          14                          50                           8
71                                                      43                          14                          51                           8
72                                                      43                          14                          53                           8
73                                                      44                          14                          48                           8
74                                                      44                          14                          49                           8
75                                                      44                          14                          54                           8
76                                                      44                          14                          61                           8
77                                                      45                          14                          49                           8
78                                                      45                          14                          52                           8
79                                                      45                          14                          55                           8
80                                                      45                          14                          74                           8
81                                                      46                          14                          50                           8
82                                                      46                          14                          52                           8
83                                                      46                          14                          56                           8
84                                                      46                          14                          73                           8
85                                                      53                           8                         106                           1
86                                                      54                           8                         103                           1
87                                                      55                           8                         102                           1
88                                                      56                           8                         107                           1
89                                                      57                          14                          59                           8
90                                                      57                          14                          60                           8
91                                                      57                          14                          61                           8
92                                                      57                          14                          63                           8
93                                                      58                          14                          60                           8
94                                                      58                          14                          62                           8
95                                                      58                          14                          64                           8
96                                                      58                          14                          84                           8
97                                                      62                           8                          97                           1
98                                                      63                           8                         109                           1
99                                                      64                           8                         108                           1
100                                                     65                          14                          66                           8
101                                                     65                          14                          67                           8
102                                                     65                          14                          68                           8
103                                                     65                          14                          77                           8
104                                                     67                           8                          98                           1
105                                                     68                           8                         120                           1
106                                                     69                          14                          73                           8
107                                                     69                          14                          76                           8
108                                                     69                          14                          77                           8
109                                                     69                          14                          79                           8
110                                                     70                          14                          74                           8
111                                                     70                          14                          75                           8
112                                                     70                          14                          80                           8
113                                                     70                          14                          86                           8
114                                                     71                          14                          75                           8
115                                                     71                          14                          78                           8
116                                                     71                          14                          81                           8
117                                                     71                          14                          89                           8
118                                                     72                          14                          76                           8
119                                                     72                          14                          78                           8
120                                                     72                          14                          82                           8
121                                                     72                          14                          88                           8
122                                                     79                           8                         121                           1
123                                                     80                           8                         124                           1
124                                                     81                           8                         123                           1
125                                                     82                           8                         122                           1
126                                                     83                          14                          84                           8
127                                                     83                          14                          85                           8
128                                                     83                          14                          86                           8
129                                                     83                          14                          87                           8
130                                                     85                           8                          99                           1
131                                                     87                           8                         125                           1
132                                                     88                           8                         100                           1
133                                                     89                           8                         101                           1
134                                                    126                           7                         127                           6
135                                                    126                           7                         131                           6
136                                                    126                           7                         134                           6
137                                                    127                           6                         128                           7
138                                                    127                           6                         132                           8
139                                                    128                           7                         129                           6
140                                                    128                           7                         146                           1
141                                                    129                           6                         130                           6
142                                                    129                           6                         133                           8
143                                                    130                           6                         131                           6
144                                                    130                           6                         147                           1
145                                                    131                           6                         148                           1
146                                                    134                           6                         135                           6
147                                                    134                           6                         139                           8
148                                                    134                           6                         149                           1
149                                                    135                           6                         136                           6
150                                                    135                           6                         156                           8
151                                                    135                           6                         157                           1
152                                                    136                           6                         137                           6
153                                                    136                           6                         138                           8
154                                                    136                           6                         150                           1
155                                                    137                           6                         139                           8
156                                                    137                           6                         140                           6
157                                                    137                           6                         151                           1
158                                                    138                           8                         152                           1
159                                                    140                           6                         141                           8
160                                                    140                           6                         153                           1
161                                                    140                           6                         154                           1
162                                                    141                           8                         142                          15
163                                                    142                          15                         143                           8
164                                                    142                          15                         144                           8
165                                                    142                          15                         145                           8
166                                                    144                           8                         155                           1
167                                                    156                           8                         158                           1
   &BondOrders [&Type "ArrayOfDoubles", &Dim (168,1)] "The bond orders"
                                                         0

0                                      1.2877587537834376e+00
1                                      1.1556943104297355e+00
2                                      1.1479128381592372e+00
3                                      1.1804810801734744e+00
4                                      1.2831934695080771e+00
5                                      1.1587431576822909e+00
6                                      1.1575263508455380e+00
7                                      1.1571681929027862e+00
8                                      8.3589827296824692e-01
9                                      8.3095561735110623e-01
10                                     8.2612166296596656e-01
11                                     8.1585159841487764e-01
12                                     1.2873568743985273e+00
13                                     1.1536922084967207e+00
14                                     1.1708937031023141e+00
15                                     1.1597459428940171e+00
16                                     1.1596111605354333e+00
17                                     1.2922273214589761e+00
18                                     1.1564686752371753e+00
19                                     1.1530795765099051e+00
20                                     8.3324439411376849e-01
21                                     8.2972355475890680e-01
22                                     8.2865343825307358e-01
23                                     8.2375779177874708e-01
24                                     1.1658768018675472e+00
25                                     1.2298558002994808e+00
26                                     1.1639418420592114e+00
27                                     1.1467440627449390e+00
28                                     1.1574486068098742e+00
29                                     1.3218023443915063e+00
30                                     1.1291707245773210e+00
31                                     1.1396954379032000e+00
32                                     1.0021723092040313e+00
33                                     1.0139968498400513e+00
34                                     8.9062948706244782e-01
35                                     8.9837080175659545e-01
36                                     9.0649964235470626e-01
37                                     1.1079950407198076e+00
38                                     1.2837440980183317e+00
39                                     1.2877102173600212e+00
40                                     1.1228269444747208e+00
41                                     8.3493966709452216e-01
42                                     8.2976902868645841e-01
43                                     1.4092280969976112e-01
44                                     8.7122131458702268e-01
45                                     8.3768009894227247e-01
46                                     1.2881801113515816e+00
47                                     1.1452563879740638e+00
48                                     1.1735550123402638e+00
49                                     1.1469092761414259e+00
50                                     1.1635528584031680e+00
51                                     1.2883449642798483e+00
52                                     1.1582833873923597e+00
53                                     1.1455797338509344e+00
54                                     8.3105977982698032e-01
55                                     8.3204251567855081e-01
56                                     8.1847991941724840e-01
57                                     8.2345090905154783e-01
58                                     1.1664169403514968e+00
59                                     1.1531720622978561e+00
60                                     1.1768831219064917e+00
61                                     1.1952679002819038e+00
62                                     1.1626660390361827e+00
63                                     1.2983286096935649e+00
64                                     1.1612542332866549e+00
65                                     1.1500383339609963e+00
66                                     8.3277559520666466e-01
67                                     8.3178358805182206e-01
68                                     8.2625925227434105e-01
69                                     1.2062012452314574e+00
70                                     1.1347063076736781e+00
71                                     1.1412396573777464e+00
72                                     1.1763410387669881e+00
73                                     1.1965914183333413e+00
74                                     1.1248321301970525e+00
75                                     1.2046540444072096e+00
76                                     1.1542161235272523e+00
77                                     1.1871576784121185e+00
78                                     1.1687370391432474e+00
79                                     1.1762361417245819e+00
80                                     1.1714530042485225e+00
81                                     1.1796458693462395e+00
82                                     1.1561938786159973e+00
83                                     1.1795047152311484e+00
84                                     1.1573935259965578e+00
85                                     8.2613218092739737e-01
86                                     7.5183960587893939e-01
87                                     7.9743331480442037e-01
88                                     8.1557353485635165e-01
89                                     1.1835788941340573e+00
90                                     1.1596401506895369e+00
91                                     1.2195083613350086e+00
92                                     1.1497763069769129e+00
93                                     1.1599776104366610e+00
94                                     1.2882270616066189e+00
95                                     1.1560026496190352e+00
96                                     1.1513816380639843e+00
97                                     8.3070419375696580e-01
98                                     8.2798511962223909e-01
99                                     8.1607735663338010e-01
100                                    1.1584742519116606e+00
101                                    1.2907248787653840e+00
102                                    1.1623306139887948e+00
103                                    1.1519792267280151e+00
104                                    8.2987612161305979e-01
105                                    8.1784737391030193e-01
106                                    1.1820085261024231e+00
107                                    1.1751546249997600e+00
108                                    1.1524741815168333e+00
109                                    1.1710187698037309e+00
110                                    1.2038559560497408e+00
111                                    1.1717634299435857e+00
112                                    1.1615271954474564e+00
113                                    1.1816169058135741e+00
114                                    1.1505416653067753e+00
115                                    1.1606879176532865e+00
116                                    1.1513652380919051e+00
117                                    1.2980694051436794e+00
118                                    1.1555318245697379e+00
119                                    1.1564661818707154e+00
120                                    1.1581805131864835e+00
121                                    1.3007829125851611e+00
122                                    8.2836217364189269e-01
123                                    8.2898348412420009e-01
124                                    8.1949907774224984e-01
125                                    8.2502893524035859e-01
126                                    1.1606868175622844e+00
127                                    1.2932510378993063e+00
128                                    1.1493865930863547e+00
129                                    1.1589029749547948e+00
130                                    8.3306170306586380e-01
131                                    8.2519765993759253e-01
132                                    8.3282620166280308e-01
133                                    8.3157642787445651e-01
134                                    1.1583154002430660e+00
135                                    1.1705561319497031e+00
136                                    8.7188459384104755e-01
137                                    1.2464487709492642e+00
138                                    1.7603952540326908e+00
139                                    1.0845794081356526e+00
140                                    8.6393918992161467e-01
141                                    1.1212154909867345e+00
142                                    2.0029970181879757e+00
143                                    1.6458705828936617e+00
144                                    9.5116204753051581e-01
145                                    9.1083630826488537e-01
146                                    9.5948068426958799e-01
147                                    9.8553995918053094e-01
148                                    9.4667445264858741e-01
149                                    1.0107362852925790e+00
150                                    1.0970780004246015e+00
151                                    9.5345284416027032e-01
152                                    9.2441264529255274e-01
153                                    1.0650804593132508e+00
154                                    9.4434614469127032e-01
155                                    8.7654621342107453e-01
156                                    1.0044514529628961e+00
157                                    9.4286518614997716e-01
158                                    8.3973971644859480e-01
159                                    9.1899038591335469e-01
160                                    9.5379716315632213e-01
161                                    9.4419997479001827e-01
162                                    1.1151064348012927e+00
163                                    2.0223494374494448e+00
164                                    1.1483653060971186e+00
165                                    1.3887822273565555e+00
166                                    8.0494335866171252e-01
167                                    8.1277604191968489e-01
   &ATNO [&Type "ArrayOfIntegers", &Dim (159,1)] "Atomic number of the elements"
                                                         0

0                                                       14
1                                                       14
2                                                        8
3                                                        8
4                                                        8
5                                                        8
6                                                        8
7                                                       14
8                                                       14
9                                                        8
10                                                       8
11                                                       8
12                                                       8
13                                                       8
14                                                      14
15                                                      14
16                                                      14
17                                                      14
18                                                       8
19                                                       8
20                                                       8
21                                                       8
22                                                       8
23                                                       8
24                                                       8
25                                                       8
26                                                       8
27                                                       8
28                                                      14
29                                                      14
30                                                       8
31                                                       8
32                                                       8
33                                                       8
34                                                       8
35                                                       8
36                                                      14
37                                                      14
38                                                       8
39                                                       8
40                                                       8
41                                                       8
42                                                       8
43                                                      14
44                                                      14
45                                                      14
46                                                      14
47                                                       8
48                                                       8
49                                                       8
50                                                       8
51                                                       8
52                                                       8
53                                                       8
54                                                       8
55                                                       8
56                                                       8
57                                                      14
58                                                      14
59                                                       8
60                                                       8
61                                                       8
62                                                       8
63                                                       8
64                                                       8
65                                                      14
66                                                       8
67                                                       8
68                                                       8
69                                                      14
70                                                      14
71                                                      14
72                                                      14
73                                                       8
74                                                       8
75                                                       8
76                                                       8
77                                                       8
78                                                       8
79                                                       8
80                                                       8
81                                                       8
82                                                       8
83                                                      14
84                                                       8
85                                                       8
86                                                       8
87                                                       8
88                                                       8
89                                                       8
90                                                       1
91                                                       1
92                                                       1
93                                                       1
94                                                       1
95                                                       1
96                                                       1
97                                                       1
98                                                       1
99                                                       1
100                                                      1
101                                                      1
102                                                      1
103                                                      1
104                                                      1
105                                                      1
106                                                      1
107                                                      1
108                                                      1
109                                                      1
110                                                      1
111                                                      1
112                                                      1
113                                                      1
114                                                      1
115                                                      1
116                                                      1
117                                                      1
118                                                      1
119                                                      1
120                                                      1
121                                                      1
122                                                      1
123                                                      1
124                                                      1
125                                                      1
126                                                      7
127                                                      6
128                                                      7
129                                                      6
130                                                      6
131                                                      6
132                                                      8
133                                                      8
134                                                      6
135                                                      6
136                                                      6
137                                                      6
138                                                      8
139                                                      8
140                                                      6
141                                                      8
142                                                     15
143                                                      8
144                                                      8
145                                                      8
146                                                      1
147                                                      1
148                                                      1
149                                                      1
150                                                      1
151                                                      1
152                                                      1
153                                                      1
154                                                      1
155                                                      1
156                                                      8
157                                                      1
158                                                      1
   &NA [&Type "ArrayOfDoubles", &Dim (159,1)] "Mulliken gross atomic population"
                                                         0

0                                      1.3288301524671988e+01
1                                      1.3285474412144273e+01
2                                      8.5823759127878514e+00
3                                      8.5860870773213414e+00
4                                      8.3275472443976390e+00
5                                      8.5767173341382961e+00
6                                      8.5765854433868522e+00
7                                      1.3291956170965523e+01
8                                      1.3301986092648379e+01
9                                      8.5851978233348820e+00
10                                     8.3230701045979103e+00
11                                     8.5849844908803004e+00
12                                     8.5699028298356019e+00
13                                     8.5761815843923994e+00
14                                     1.3312185984175169e+01
15                                     1.3375775914114163e+01
16                                     1.3282923694988662e+01
17                                     1.3504535651612422e+01
18                                     8.3425248873671638e+00
19                                     8.3295527152361277e+00
20                                     8.2332447846649739e+00
21                                     8.2698396501272100e+00
22                                     8.3259287312281707e+00
23                                     8.1668752112410719e+00
24                                     8.5794027569424234e+00
25                                     8.5929889976003722e+00
26                                     8.7294814820568742e+00
27                                     8.5637089247695997e+00
28                                     1.3280209984417006e+01
29                                     1.3280792457787001e+01
30                                     8.5845107263050693e+00
31                                     8.3332755301537418e+00
32                                     8.3408523645134096e+00
33                                     8.5854707273365918e+00
34                                     8.5793073089358778e+00
35                                     8.5734284032583741e+00
36                                     1.3350962450059040e+01
37                                     1.3297383991710960e+01
38                                     8.3033878090032864e+00
39                                     8.3182754492650393e+00
40                                     8.5810914827450073e+00
41                                     8.5809093858104344e+00
42                                     8.5743818036244157e+00
43                                     1.3378721058317092e+01
44                                     1.3319626833246648e+01
45                                     1.3352037098404118e+01
46                                     1.3382799625123752e+01
47                                     8.2427854478315759e+00
48                                     8.4409312951927866e+00
49                                     8.3448078827027885e+00
50                                     8.2639878434064133e+00
51                                     8.2188520601149975e+00
52                                     8.2964200975860489e+00
53                                     8.6029723591998000e+00
54                                     8.5927917515257519e+00
55                                     8.5790674823409390e+00
56                                     8.5873529020119328e+00
57                                     1.3321784045521431e+01
58                                     1.3281693711066172e+01
59                                     8.3313503489456444e+00
60                                     8.3405933304737125e+00
61                                     8.2657480218366111e+00
62                                     8.5836249292554072e+00
63                                     8.5752435528752748e+00
64                                     8.5759204730342198e+00
65                                     1.3298076616966215e+01
66                                     8.3180749504745659e+00
67                                     8.5838201277142527e+00
68                                     8.5740770764790906e+00
69                                     1.3341116761626379e+01
70                                     1.3326082981689380e+01
71                                     1.3289037325743751e+01
72                                     1.3303608723755723e+01
73                                     8.2176454278343982e+00
74                                     8.2493047590417703e+00
75                                     8.3329837005439273e+00
76                                     8.3053607811578924e+00
77                                     8.3260652276191909e+00
78                                     8.3227635953418257e+00
79                                     8.5830361273203231e+00
80                                     8.5742839387150642e+00
81                                     8.5768849977135435e+00
82                                     8.5754454501607320e+00
83                                     1.3284172233410160e+01
84                                     8.3276356397647611e+00
85                                     8.5805101598706575e+00
86                                     8.3321543487968093e+00
87                                     8.5731868924561461e+00
88                                     8.5784162013895227e+00
89                                     8.5765461613387188e+00
90                                     6.1544877028498002e-01
91                                     6.1322868555236731e-01
92                                     6.1827109200644736e-01
93                                     6.1453266225522951e-01
94                                     6.1254992147602549e-01
95                                     6.1489787211982749e-01
96                                     6.1578918871158628e-01
97                                     6.1321655165002853e-01
98                                     6.1184865103053021e-01
99                                     6.1614730251601457e-01
100                                    6.1546697682423279e-01
101                                    6.1464572305776721e-01
102                                    6.2975431673330884e-01
103                                    6.3175983496879251e-01
104                                    6.6968909592888393e-01
105                                    6.4939098304207521e-01
106                                    6.4385836512180428e-01
107                                    6.3713983054379952e-01
108                                    6.3129121891860540e-01
109                                    6.3544359541857731e-01
110                                    6.3541701861211564e-01
111                                    6.3363805614781121e-01
112                                    6.3771149037441499e-01
113                                    6.3595448045364511e-01
114                                    6.3101423675419654e-01
115                                    6.3806992026402254e-01
116                                    6.3747050332884747e-01
117                                    6.3528302714318763e-01
118                                    6.3934049509023483e-01
119                                    6.3666373283074207e-01
120                                    6.3328285689206498e-01
121                                    6.3789195884598171e-01
122                                    6.3603761628780975e-01
123                                    6.3198037320086364e-01
124                                    6.3539409743527697e-01
125                                    6.3563382827297998e-01
126                                    6.9169333984109844e+00
127                                    5.6408404569328692e+00
128                                    7.1917061473347719e+00
129                                    5.7587836846626246e+00
130                                    6.2185691381990651e+00
131                                    6.1238749218338384e+00
132                                    8.4947748058701436e+00
133                                    8.4212523891638256e+00
134                                    6.0219321471337697e+00
135                                    5.9722695791887466e+00
136                                    5.8392765137735987e+00
137                                    5.8980663402899074e+00
138                                    8.4929353986280738e+00
139                                    8.3280275695900698e+00
140                                    6.1249228363478538e+00
141                                    8.2999232533269982e+00
142                                    1.4213182632779542e+01
143                                    8.6136545677740877e+00
144                                    8.4999800413216384e+00
145                                    8.4063356227387906e+00
146                                    7.2233794339573065e-01
147                                    8.3745535254435366e-01
148                                    7.5707609696457812e-01
149                                    8.4558990785041943e-01
150                                    8.7187714749372291e-01
151                                    8.9520088232387740e-01
152                                    6.5854879055508675e-01
153                                    8.5647469270951182e-01
154                                    8.6734021089459945e-01
155                                    6.3723140603095141e-01
156                                    8.5058009376020429e+00
157                                    8.9016506888114832e-01
158                                    6.4352612386800279e-01
   &ZA [&Type "ArrayOfDoubles", &Dim (159,1)] "Total nuclear charge"
                                                         0

0                                      1.4000000000000000e+01
1                                      1.4000000000000000e+01
2                                      8.0000000000000000e+00
3                                      8.0000000000000000e+00
4                                      8.0000000000000000e+00
5                                      8.0000000000000000e+00
6                                      8.0000000000000000e+00
7                                      1.4000000000000000e+01
8                                      1.4000000000000000e+01
9                                      8.0000000000000000e+00
10                                     8.0000000000000000e+00
11                                     8.0000000000000000e+00
12                                     8.0000000000000000e+00
13                                     8.0000000000000000e+00
14                                     1.4000000000000000e+01
15                                     1.4000000000000000e+01
16                                     1.4000000000000000e+01
17                                     1.4000000000000000e+01
18                                     8.0000000000000000e+00
19                                     8.0000000000000000e+00
20                                     8.0000000000000000e+00
21                                     8.0000000000000000e+00
22                                     8.0000000000000000e+00
23                                     8.0000000000000000e+00
24                                     8.0000000000000000e+00
25                                     8.0000000000000000e+00
26                                     8.0000000000000000e+00
27                                     8.0000000000000000e+00
28                                     1.4000000000000000e+01
29                                     1.4000000000000000e+01
30                                     8.0000000000000000e+00
31                                     8.0000000000000000e+00
32                                     8.0000000000000000e+00
33                                     8.0000000000000000e+00
34                                     8.0000000000000000e+00
35                                     8.0000000000000000e+00
36                                     1.4000000000000000e+01
37                                     1.4000000000000000e+01
38                                     8.0000000000000000e+00
39                                     8.0000000000000000e+00
40                                     8.0000000000000000e+00
41                                     8.0000000000000000e+00
42                                     8.0000000000000000e+00
43                                     1.4000000000000000e+01
44                                     1.4000000000000000e+01
45                                     1.4000000000000000e+01
46                                     1.4000000000000000e+01
47                                     8.0000000000000000e+00
48                                     8.0000000000000000e+00
49                                     8.0000000000000000e+00
50                                     8.0000000000000000e+00
51                                     8.0000000000000000e+00
52                                     8.0000000000000000e+00
53                                     8.0000000000000000e+00
54                                     8.0000000000000000e+00
55                                     8.0000000000000000e+00
56                                     8.0000000000000000e+00
57                                     1.4000000000000000e+01
58                                     1.4000000000000000e+01
59                                     8.0000000000000000e+00
60                                     8.0000000000000000e+00
61                                     8.0000000000000000e+00
62                                     8.0000000000000000e+00
63                                     8.0000000000000000e+00
64                                     8.0000000000000000e+00
65                                     1.4000000000000000e+01
66                                     8.0000000000000000e+00
67                                     8.0000000000000000e+00
68                                     8.0000000000000000e+00
69                                     1.4000000000000000e+01
70                                     1.4000000000000000e+01
71                                     1.4000000000000000e+01
72                                     1.4000000000000000e+01
73                                     8.0000000000000000e+00
74                                     8.0000000000000000e+00
75                                     8.0000000000000000e+00
76                                     8.0000000000000000e+00
77                                     8.0000000000000000e+00
78                                     8.0000000000000000e+00
79                                     8.0000000000000000e+00
80                                     8.0000000000000000e+00
81                                     8.0000000000000000e+00
82                                     8.0000000000000000e+00
83                                     1.4000000000000000e+01
84                                     8.0000000000000000e+00
85                                     8.0000000000000000e+00
86                                     8.0000000000000000e+00
87                                     8.0000000000000000e+00
88                                     8.0000000000000000e+00
89                                     8.0000000000000000e+00
90                                     1.0000000000000000e+00
91                                     1.0000000000000000e+00
92                                     1.0000000000000000e+00
93                                     1.0000000000000000e+00
94                                     1.0000000000000000e+00
95                                     1.0000000000000000e+00
96                                     1.0000000000000000e+00
97                                     1.0000000000000000e+00
98                                     1.0000000000000000e+00
99                                     1.0000000000000000e+00
100                                    1.0000000000000000e+00
101                                    1.0000000000000000e+00
102                                    1.0000000000000000e+00
103                                    1.0000000000000000e+00
104                                    1.0000000000000000e+00
105                                    1.0000000000000000e+00
106                                    1.0000000000000000e+00
107                                    1.0000000000000000e+00
108                                    1.0000000000000000e+00
109                                    1.0000000000000000e+00
110                                    1.0000000000000000e+00
111                                    1.0000000000000000e+00
112                                    1.0000000000000000e+00
113                                    1.0000000000000000e+00
114                                    1.0000000000000000e+00
115                                    1.0000000000000000e+00
116                                    1.0000000000000000e+00
117                                    1.0000000000000000e+00
118                                    1.0000000000000000e+00
119                                    1.0000000000000000e+00
120                                    1.0000000000000000e+00
121                                    1.0000000000000000e+00
122                                    1.0000000000000000e+00
123                                    1.0000000000000000e+00
124                                    1.0000000000000000e+00
125                                    1.0000000000000000e+00
126                                    7.0000000000000000e+00
127                                    6.0000000000000000e+00
128                                    7.0000000000000000e+00
129                                    6.0000000000000000e+00
130                                    6.0000000000000000e+00
131                                    6.0000000000000000e+00
132                                    8.0000000000000000e+00
133                                    8.0000000000000000e+00
134                                    6.0000000000000000e+00
135                                    6.0000000000000000e+00
136                                    6.0000000000000000e+00
137                                    6.0000000000000000e+00
138                                    8.0000000000000000e+00
139                                    8.0000000000000000e+00
140                                    6.0000000000000000e+00
141                                    8.0000000000000000e+00
142                                    1.5000000000000000e+01
143                                    8.0000000000000000e+00
144                                    8.0000000000000000e+00
145                                    8.0000000000000000e+00
146                                    1.0000000000000000e+00
147                                    1.0000000000000000e+00
148                                    1.0000000000000000e+00
149                                    1.0000000000000000e+00
150                                    1.0000000000000000e+00
151                                    1.0000000000000000e+00
152                                    1.0000000000000000e+00
153                                    1.0000000000000000e+00
154                                    1.0000000000000000e+00
155                                    1.0000000000000000e+00
156                                    8.0000000000000000e+00
157                                    1.0000000000000000e+00
158                                    1.0000000000000000e+00
   &QA [&Type "ArrayOfDoubles", &Dim (159,1)] "Mulliken gross atomic charge"
                                                         0

0                                      7.1169847532801178e-01
1                                      7.1452558785572684e-01
2                                     -5.8237591278785139e-01
3                                     -5.8608707732134135e-01
4                                     -3.2754724439763905e-01
5                                     -5.7671733413829607e-01
6                                     -5.7658544338685225e-01
7                                      7.0804382903447660e-01
8                                      6.9801390735162094e-01
9                                     -5.8519782333488202e-01
10                                    -3.2307010459791030e-01
11                                    -5.8498449088030036e-01
12                                    -5.6990282983560192e-01
13                                    -5.7618158439239942e-01
14                                     6.8781401582483070e-01
15                                     6.2422408588583700e-01
16                                     7.1707630501133757e-01
17                                     4.9546434838757847e-01
18                                    -3.4252488736716380e-01
19                                    -3.2955271523612772e-01
20                                    -2.3324478466497389e-01
21                                    -2.6983965012721001e-01
22                                    -3.2592873122817068e-01
23                                    -1.6687521124107185e-01
24                                    -5.7940275694242338e-01
25                                    -5.9298899760037216e-01
26                                    -7.2948148205687424e-01
27                                    -5.6370892476959966e-01
28                                     7.1979001558299416e-01
29                                     7.1920754221299887e-01
30                                    -5.8451072630506928e-01
31                                    -3.3327553015374178e-01
32                                    -3.4085236451340961e-01
33                                    -5.8547072733659178e-01
34                                    -5.7930730893587778e-01
35                                    -5.7342840325837408e-01
36                                     6.4903754994096019e-01
37                                     7.0261600828903958e-01
38                                    -3.0338780900328643e-01
39                                    -3.1827544926503926e-01
40                                    -5.8109148274500733e-01
41                                    -5.8090938581043439e-01
42                                    -5.7438180362441571e-01
43                                     6.2127894168290787e-01
44                                     6.8037316675335191e-01
45                                     6.4796290159588210e-01
46                                     6.1720037487624779e-01
47                                    -2.4278544783157585e-01
48                                    -4.4093129519278662e-01
49                                    -3.4480788270278850e-01
50                                    -2.6398784340641335e-01
51                                    -2.1885206011499747e-01
52                                    -2.9642009758604893e-01
53                                    -6.0297235919979997e-01
54                                    -5.9279175152575192e-01
55                                    -5.7906748234093897e-01
56                                    -5.8735290201193280e-01
57                                     6.7821595447856886e-01
58                                     7.1830628893382809e-01
59                                    -3.3135034894564441e-01
60                                    -3.4059333047371254e-01
61                                    -2.6574802183661106e-01
62                                    -5.8362492925540721e-01
63                                    -5.7524355287527484e-01
64                                    -5.7592047303421978e-01
65                                     7.0192338303378499e-01
66                                    -3.1807495047456591e-01
67                                    -5.8382012771425273e-01
68                                    -5.7407707647909056e-01
69                                     6.5888323837362073e-01
70                                     6.7391701831062001e-01
71                                     7.1096267425624937e-01
72                                     6.9639127624427744e-01
73                                    -2.1764542783439822e-01
74                                    -2.4930475904177030e-01
75                                    -3.3298370054392734e-01
76                                    -3.0536078115789245e-01
77                                    -3.2606522761919088e-01
78                                    -3.2276359534182575e-01
79                                    -5.8303612732032306e-01
80                                    -5.7428393871506422e-01
81                                    -5.7688499771354351e-01
82                                    -5.7544545016073201e-01
83                                     7.1582776658983960e-01
84                                    -3.2763563976476107e-01
85                                    -5.8051015987065746e-01
86                                    -3.3215434879680927e-01
87                                    -5.7318689245614607e-01
88                                    -5.7841620138952266e-01
89                                    -5.7654616133871883e-01
90                                     3.8455122971501998e-01
91                                     3.8677131444763269e-01
92                                     3.8172890799355264e-01
93                                     3.8546733774477049e-01
94                                     3.8745007852397451e-01
95                                     3.8510212788017251e-01
96                                     3.8421081128841372e-01
97                                     3.8678344834997147e-01
98                                     3.8815134896946979e-01
99                                     3.8385269748398543e-01
100                                    3.8453302317576721e-01
101                                    3.8535427694223279e-01
102                                    3.7024568326669116e-01
103                                    3.6824016503120749e-01
104                                    3.3031090407111607e-01
105                                    3.5060901695792479e-01
106                                    3.5614163487819572e-01
107                                    3.6286016945620048e-01
108                                    3.6870878108139460e-01
109                                    3.6455640458142269e-01
110                                    3.6458298138788436e-01
111                                    3.6636194385218879e-01
112                                    3.6228850962558501e-01
113                                    3.6404551954635489e-01
114                                    3.6898576324580346e-01
115                                    3.6193007973597746e-01
116                                    3.6252949667115253e-01
117                                    3.6471697285681237e-01
118                                    3.6065950490976517e-01
119                                    3.6333626716925793e-01
120                                    3.6671714310793502e-01
121                                    3.6210804115401829e-01
122                                    3.6396238371219025e-01
123                                    3.6801962679913636e-01
124                                    3.6460590256472303e-01
125                                    3.6436617172702002e-01
126                                    8.3066601589015576e-02
127                                    3.5915954306713083e-01
128                                   -1.9170614733477187e-01
129                                    2.4121631533737542e-01
130                                   -2.1856913819906509e-01
131                                   -1.2387492183383841e-01
132                                   -4.9477480587014355e-01
133                                   -4.2125238916382557e-01
134                                   -2.1932147133769675e-02
135                                    2.7730420811253431e-02
136                                    1.6072348622640131e-01
137                                    1.0193365971009261e-01
138                                   -4.9293539862807378e-01
139                                   -3.2802756959006985e-01
140                                   -1.2492283634785384e-01
141                                   -2.9992325332699821e-01
142                                    7.8681736722045770e-01
143                                   -6.1365456777408767e-01
144                                   -4.9998004132163842e-01
145                                   -4.0633562273879065e-01
146                                    2.7766205660426935e-01
147                                    1.6254464745564634e-01
148                                    2.4292390303542188e-01
149                                    1.5441009214958057e-01
150                                    1.2812285250627709e-01
151                                    1.0479911767612260e-01
152                                    3.4145120944491325e-01
153                                    1.4352530729048818e-01
154                                    1.3265978910540055e-01
155                                    3.6276859396904859e-01
156                                   -5.0580093760204292e-01
157                                    1.0983493111885168e-01
158                                    3.5647387613199721e-01
   &VA [&Type "ArrayOfDoubles", &Dim (159,1)] "Mayer's total valence"
                                                         0

0                                      4.9601253488078321e+00
1                                      4.9523206978345282e+00
2                                      2.0695236781827582e+00
3                                      2.0608605393355006e+00
4                                      2.2698004147720683e+00
5                                      1.9974544995678905e+00
6                                      1.9955414476583755e+00
7                                      4.9665537942702898e+00
8                                      4.9634873419591372e+00
9                                      2.0681925284193081e+00
10                                     2.2746782941496022e+00
11                                     2.0654272526436301e+00
12                                     2.0074283856204929e+00
13                                     1.9999921937010807e+00
14                                     4.8897862330923800e+00
15                                     4.9796499617197192e+00
16                                     4.9725305415149048e+00
17                                     5.0497063390059136e+00
18                                     2.2880158178051415e+00
19                                     2.3017791453107979e+00
20                                     2.2700743384768600e+00
21                                     2.3209254974863915e+00
22                                     2.2960049626536501e+00
23                                     2.2054951171146362e+00
24                                     2.0283180019147267e+00
25                                     1.9987530886212248e+00
26                                     1.9211675291089758e+00
27                                     2.0641495963536354e+00
28                                     4.9425769636899517e+00
29                                     4.9512055770479027e+00
30                                     2.0643059221848699e+00
31                                     2.2675949821029207e+00
32                                     2.2710804971206953e+00
33                                     2.0696213820871687e+00
34                                     1.9915619642744460e+00
35                                     2.0005566215681689e+00
36                                     4.9029050066648345e+00
37                                     4.9696215861989650e+00
38                                     2.3004698070735117e+00
39                                     2.2987400014585813e+00
40                                     2.0771545999765539e+00
41                                     2.0403591998283108e+00
42                                     2.0021682397672294e+00
43                                     4.9343777178149946e+00
44                                     4.9203620859289998e+00
45                                     4.9344558405973871e+00
46                                     4.9076610601141546e+00
47                                     2.3113196338202036e+00
48                                     2.1506712476103811e+00
49                                     2.3114050409439253e+00
50                                     2.3143116238460735e+00
51                                     2.3343684427680298e+00
52                                     2.3221006422411703e+00
53                                     2.0493505692761715e+00
54                                     1.9950255120445330e+00
55                                     2.0278303149861472e+00
56                                     2.0508145628634029e+00
57                                     4.9097945970132155e+00
58                                     4.9484302358238477e+00
59                                     2.2957765669637347e+00
60                                     2.2823199015493314e+00
61                                     2.3470993693015512e+00
62                                     2.0663492566083512e+00
63                                     2.0205609785708756e+00
64                                     1.9967799987507817e+00
65                                     4.9644738319279789e+00
66                                     2.2675206840769162e+00
67                                     2.0667704479946298e+00
68                                     2.0030378961276156e+00
69                                     4.8847628821901878e+00
70                                     4.9219970219627651e+00
71                                     4.9525886289019923e+00
72                                     4.9729797797826425e+00
73                                     2.3394606790886670e+00
74                                     2.3470533877752633e+00
75                                     2.2810180521472736e+00
76                                     2.3116934622227463e+00
77                                     2.2912509697078685e+00
78                                     2.2778310302082510e+00
79                                     2.0459431846170659e+00
80                                     2.0276086821614108e+00
81                                     1.9963080027096094e+00
82                                     2.0020100722040475e+00
83                                     4.9551400992745602e+00
84                                     2.2666699725296979e+00
85                                     2.0749152362125347e+00
86                                     2.3009725167138804e+00
87                                     2.0010959468468759e+00
88                                     2.0794294116583565e+00
89                                     2.0737623588722993e+00
90                                     8.7024819288821409e-01
91                                     8.6808565965519369e-01
92                                     8.7239159761591523e-01
93                                     8.6883525889864177e-01
94                                     8.6775849354381640e-01
95                                     8.6953385989131027e-01
96                                     8.7035056935377852e-01
97                                     8.6806457652103708e-01
98                                     8.6756625437424340e-01
99                                     8.7033194461234920e-01
100                                    8.7017747842227311e-01
101                                    8.6892277125067829e-01
102                                    9.1272565929157612e-01
103                                    9.3525315421227062e-01
104                                    9.2939528471681176e-01
105                                    9.1967099946173569e-01
106                                    9.2271405984001542e-01
107                                    9.1735516619762703e-01
108                                    9.0649499407507350e-01
109                                    9.0922138753112691e-01
110                                    9.0822118088266013e-01
111                                    9.0861393247969025e-01
112                                    9.1067569861255027e-01
113                                    9.0822575574674469e-01
114                                    9.0683568473689324e-01
115                                    9.1021143890127953e-01
116                                    9.0877961488591041e-01
117                                    9.1046271798829559e-01
118                                    9.1430827937354875e-01
119                                    9.0909034726107285e-01
120                                    9.1019972262423243e-01
121                                    9.1459856575339693e-01
122                                    9.0894305469536996e-01
123                                    9.0613647241141182e-01
124                                    9.0889989062791754e-01
125                                    9.0803853423629333e-01
126                                    3.2484652668111167e+00
127                                    4.3046066165487957e+00
128                                    3.2184592564952990e+00
129                                    4.3798235027740384e+00
130                                    3.7412559363195084e+00
131                                    4.0037969119197312e+00
132                                    2.0061301621133190e+00
133                                    2.1023505586506337e+00
134                                    3.9176716427012126e+00
135                                    4.2023785381559104e+00
136                                    3.9923880242109577e+00
137                                    3.8278854681615035e+00
138                                    1.9894040926962226e+00
139                                    1.9890372820743103e+00
140                                    3.9596805581771584e+00
141                                    2.0416097144604510e+00
142                                    5.8326930352884965e+00
143                                    2.0255636873751257e+00
144                                    1.9741481671049481e+00
145                                    2.2426214402411411e+00
146                                    9.5062604770877979e-01
147                                    9.7888212517741791e-01
148                                    9.2465247678032159e-01
149                                    9.6765808839704126e-01
150                                    9.7076869832438972e-01
151                                    1.0066094467665039e+00
152                                    9.2263680115516078e-01
153                                    9.6320104267850204e-01
154                                    9.9429839458945302e-01
155                                    9.2050498690529581e-01
156                                    1.9239613113369902e+00
157                                    9.8658282645990669e-01
158                                    9.2509340140335161e-01
   &BVA [&Type "ArrayOfDoubles", &Dim (159,1)] "Mayer's bonded valence"
                                                         0

0                                      4.9601253488078410e+00
1                                      4.9523206978345620e+00
2                                      2.0695236781826907e+00
3                                      2.0608605393355077e+00
4                                      2.2698004147721180e+00
5                                      1.9974544995678656e+00
6                                      1.9955414476583915e+00
7                                      4.9665537942702898e+00
8                                      4.9634873419591372e+00
9                                      2.0681925284193348e+00
10                                     2.2746782941495916e+00
11                                     2.0654272526436621e+00
12                                     2.0074283856205035e+00
13                                     1.9999921937010825e+00
14                                     4.8897862330924209e+00
15                                     4.9796499617197334e+00
16                                     4.9725305415149528e+00
17                                     5.0497063390060468e+00
18                                     2.2880158178051220e+00
19                                     2.3017791453107783e+00
20                                     2.2700743384768876e+00
21                                     2.3209254974864493e+00
22                                     2.2960049626536154e+00
23                                     2.2054951171147339e+00
24                                     2.0283180019146485e+00
25                                     1.9987530886213030e+00
26                                     1.9211675291090451e+00
27                                     2.0641495963536869e+00
28                                     4.9425769636900156e+00
29                                     4.9512055770479151e+00
30                                     2.0643059221848574e+00
31                                     2.2675949821029118e+00
32                                     2.2710804971207317e+00
33                                     2.0696213820871669e+00
34                                     1.9915619642744034e+00
35                                     2.0005566215682222e+00
36                                     4.9029050066648665e+00
37                                     4.9696215861990094e+00
38                                     2.3004698070735641e+00
39                                     2.2987400014586168e+00
40                                     2.0771545999765664e+00
41                                     2.0403591998283304e+00
42                                     2.0021682397672844e+00
43                                     4.9343777178150958e+00
44                                     4.9203620859290460e+00
45                                     4.9344558405974208e+00
46                                     4.9076610601141812e+00
47                                     2.3113196338201645e+00
48                                     2.1506712476104362e+00
49                                     2.3114050409439351e+00
50                                     2.3143116238461072e+00
51                                     2.3343684427680973e+00
52                                     2.3221006422411978e+00
53                                     2.0493505692761396e+00
54                                     1.9950255120445277e+00
55                                     2.0278303149861561e+00
56                                     2.0508145628634153e+00
57                                     4.9097945970132475e+00
58                                     4.9484302358237819e+00
59                                     2.2957765669638075e+00
60                                     2.2823199015493802e+00
61                                     2.3470993693016000e+00
62                                     2.0663492566083708e+00
63                                     2.0205609785708880e+00
64                                     1.9967799987507355e+00
65                                     4.9644738319280748e+00
66                                     2.2675206840769775e+00
67                                     2.0667704479946174e+00
68                                     2.0030378961275943e+00
69                                     4.8847628821902482e+00
70                                     4.9219970219626799e+00
71                                     4.9525886289020349e+00
72                                     4.9729797797826372e+00
73                                     2.3394606790887451e+00
74                                     2.3470533877752864e+00
75                                     2.2810180521472496e+00
76                                     2.3116934622227605e+00
77                                     2.2912509697079244e+00
78                                     2.2778310302082367e+00
79                                     2.0459431846170144e+00
80                                     2.0276086821614125e+00
81                                     1.9963080027097053e+00
82                                     2.0020100722040439e+00
83                                     4.9551400992746402e+00
84                                     2.2666699725297565e+00
85                                     2.0749152362125329e+00
86                                     2.3009725167138946e+00
87                                     2.0010959468469203e+00
88                                     2.0794294116583742e+00
89                                     2.0737623588722620e+00
90                                     8.7024819288821809e-01
91                                     8.6808565965519646e-01
92                                     8.7239159761590768e-01
93                                     8.6883525889863999e-01
94                                     8.6775849354381696e-01
95                                     8.6953385989130361e-01
96                                     8.7035056935377486e-01
97                                     8.6806457652103919e-01
98                                     8.6756625437424384e-01
99                                     8.7033194461234320e-01
100                                    8.7017747842227045e-01
101                                    8.6892277125067874e-01
102                                    9.1272565929157956e-01
103                                    9.3525315421227118e-01
104                                    9.2939528471681432e-01
105                                    9.1967099946173980e-01
106                                    9.2271405984001431e-01
107                                    9.1735516619762691e-01
108                                    9.0649499407506795e-01
109                                    9.0922138753112480e-01
110                                    9.0822118088266035e-01
111                                    9.0861393247969291e-01
112                                    9.1067569861254671e-01
113                                    9.0822575574674125e-01
114                                    9.0683568473688958e-01
115                                    9.1021143890127465e-01
116                                    9.0877961488591186e-01
117                                    9.1046271798829903e-01
118                                    9.1430827937354286e-01
119                                    9.0909034726107507e-01
120                                    9.1019972262422710e-01
121                                    9.1459856575339760e-01
122                                    9.0894305469536885e-01
123                                    9.0613647241141326e-01
124                                    9.0889989062791254e-01
125                                    9.0803853423629466e-01
126                                    3.2484652668111114e+00
127                                    4.3046066165487886e+00
128                                    3.2184592564952812e+00
129                                    4.3798235027740198e+00
130                                    3.7412559363194848e+00
131                                    4.0037969119197445e+00
132                                    2.0061301621132444e+00
133                                    2.1023505586506586e+00
134                                    3.9176716427012521e+00
135                                    4.2023785381559531e+00
136                                    3.9923880242110550e+00
137                                    3.8278854681615742e+00
138                                    1.9894040926962333e+00
139                                    1.9890372820743512e+00
140                                    3.9596805581772485e+00
141                                    2.0416097144604821e+00
142                                    5.8326930352885036e+00
143                                    2.0255636873751683e+00
144                                    1.9741481671049854e+00
145                                    2.2426214402411375e+00
146                                    9.5062604770877690e-01
147                                    9.7888212517740569e-01
148                                    9.2465247678032347e-01
149                                    9.6765808839705603e-01
150                                    9.7076869832438706e-01
151                                    1.0066094467664961e+00
152                                    9.2263680115515778e-01
153                                    9.6320104267851103e-01
154                                    9.9429839458946223e-01
155                                    9.2050498690530003e-01
156                                    1.9239613113370346e+00
157                                    9.8658282645990858e-01
158                                    9.2509340140335183e-01
   &FA [&Type "ArrayOfDoubles", &Dim (159,1)] "Mayer's free valence"
                                                         0

0                                      0.0000000000000000e+00
1                                      0.0000000000000000e+00
2                                      0.0000000000000000e+00
3                                      0.0000000000000000e+00
4                                      0.0000000000000000e+00
5                                      0.0000000000000000e+00
6                                      0.0000000000000000e+00
7                                      0.0000000000000000e+00
8                                      0.0000000000000000e+00
9                                      0.0000000000000000e+00
10                                     0.0000000000000000e+00
11                                     0.0000000000000000e+00
12                                     0.0000000000000000e+00
13                                     0.0000000000000000e+00
14                                     0.0000000000000000e+00
15                                     0.0000000000000000e+00
16                                     0.0000000000000000e+00
17                                     0.0000000000000000e+00
18                                     0.0000000000000000e+00
19                                     0.0000000000000000e+00
20                                     0.0000000000000000e+00
21                                     0.0000000000000000e+00
22                                     0.0000000000000000e+00
23                                     0.0000000000000000e+00
24                                     0.0000000000000000e+00
25                                     0.0000000000000000e+00
26                                     0.0000000000000000e+00
27                                     0.0000000000000000e+00
28                                     0.0000000000000000e+00
29                                     0.0000000000000000e+00
30                                     0.0000000000000000e+00
31                                     0.0000000000000000e+00
32                                     0.0000000000000000e+00
33                                     0.0000000000000000e+00
34                                     0.0000000000000000e+00
35                                     0.0000000000000000e+00
36                                     0.0000000000000000e+00
37                                     0.0000000000000000e+00
38                                     0.0000000000000000e+00
39                                     0.0000000000000000e+00
40                                     0.0000000000000000e+00
41                                     0.0000000000000000e+00
42                                     0.0000000000000000e+00
43                                     0.0000000000000000e+00
44                                     0.0000000000000000e+00
45                                     0.0000000000000000e+00
46                                     0.0000000000000000e+00
47                                     0.0000000000000000e+00
48                                     0.0000000000000000e+00
49                                     0.0000000000000000e+00
50                                     0.0000000000000000e+00
51                                     0.0000000000000000e+00
52                                     0.0000000000000000e+00
53                                     0.0000000000000000e+00
54                                     0.0000000000000000e+00
55                                     0.0000000000000000e+00
56                                     0.0000000000000000e+00
57                                     0.0000000000000000e+00
58                                     0.0000000000000000e+00
59                                     0.0000000000000000e+00
60                                     0.0000000000000000e+00
61                                     0.0000000000000000e+00
62                                     0.0000000000000000e+00
63                                     0.0000000000000000e+00
64                                     0.0000000000000000e+00
65                                     0.0000000000000000e+00
66                                     0.0000000000000000e+00
67                                     0.0000000000000000e+00
68                                     0.0000000000000000e+00
69                                     0.0000000000000000e+00
70                                     0.0000000000000000e+00
71                                     0.0000000000000000e+00
72                                     0.0000000000000000e+00
73                                     0.0000000000000000e+00
74                                     0.0000000000000000e+00
75                                     0.0000000000000000e+00
76                                     0.0000000000000000e+00
77                                     0.0000000000000000e+00
78                                     0.0000000000000000e+00
79                                     0.0000000000000000e+00
80                                     0.0000000000000000e+00
81                                     0.0000000000000000e+00
82                                     0.0000000000000000e+00
83                                     0.0000000000000000e+00
84                                     0.0000000000000000e+00
85                                     0.0000000000000000e+00
86                                     0.0000000000000000e+00
87                                     0.0000000000000000e+00
88                                     0.0000000000000000e+00
89                                     0.0000000000000000e+00
90                                     0.0000000000000000e+00
91                                     0.0000000000000000e+00
92                                     0.0000000000000000e+00
93                                     0.0000000000000000e+00
94                                     0.0000000000000000e+00
95                                     0.0000000000000000e+00
96                                     0.0000000000000000e+00
97                                     0.0000000000000000e+00
98                                     0.0000000000000000e+00
99                                     0.0000000000000000e+00
100                                    0.0000000000000000e+00
101                                    0.0000000000000000e+00
102                                    0.0000000000000000e+00
103                                    0.0000000000000000e+00
104                                    0.0000000000000000e+00
105                                    0.0000000000000000e+00
106                                    0.0000000000000000e+00
107                                    0.0000000000000000e+00
108                                    0.0000000000000000e+00
109                                    0.0000000000000000e+00
110                                    0.0000000000000000e+00
111                                    0.0000000000000000e+00
112                                    0.0000000000000000e+00
113                                    0.0000000000000000e+00
114                                    0.0000000000000000e+00
115                                    0.0000000000000000e+00
116                                    0.0000000000000000e+00
117                                    0.0000000000000000e+00
118                                    0.0000000000000000e+00
119                                    0.0000000000000000e+00
120                                    0.0000000000000000e+00
121                                    0.0000000000000000e+00
122                                    0.0000000000000000e+00
123                                    0.0000000000000000e+00
124                                    0.0000000000000000e+00
125                                    0.0000000000000000e+00
126                                    0.0000000000000000e+00
127                                    0.0000000000000000e+00
128                                    0.0000000000000000e+00
129                                    0.0000000000000000e+00
130                                    0.0000000000000000e+00
131                                    0.0000000000000000e+00
132                                    0.0000000000000000e+00
133                                    0.0000000000000000e+00
134                                    0.0000000000000000e+00
135                                    0.0000000000000000e+00
136                                    0.0000000000000000e+00
137                                    0.0000000000000000e+00
138                                    0.0000000000000000e+00
139                                    0.0000000000000000e+00
140                                    0.0000000000000000e+00
141                                    0.0000000000000000e+00
142                                    0.0000000000000000e+00
143                                    0.0000000000000000e+00
144                                    0.0000000000000000e+00
145                                    0.0000000000000000e+00
146                                    0.0000000000000000e+00
147                                    0.0000000000000000e+00
148                                    0.0000000000000000e+00
149                                    0.0000000000000000e+00
150                                    0.0000000000000000e+00
151                                    0.0000000000000000e+00
152                                    0.0000000000000000e+00
153                                    0.0000000000000000e+00
154                                    0.0000000000000000e+00
155                                    0.0000000000000000e+00
156                                    0.0000000000000000e+00
157                                    0.0000000000000000e+00
158                                    0.0000000000000000e+00
   &Method [&Type "String"] "SCF"
   &Level [&Type "String"] "Relaxed density"
   &Mult [&Type "Integer"] 1
   &State [&Type "Integer"] -1
   &Irrep [&Type "Integer"] 0
$End
$SCF_Energy
   &GeometryIndex 1
   &Method [&Type "String"] "SCF"
   &totalEnergy [&Type "ArrayOfDoubles", &Dim (1,1)] "Total energy of each state"
                                                         0

0                                     -1.3411780514838947e+04
   &Mult [&Type "ArrayOfIntegers", &Dim (1,1)] "Multiplicity of each state"
                                                         0

0                                                        1
$End
$DFT_Energy
   &GeometryIndex 1
   &nAlphaEl [&Type "Integer"] 534
   &nBetaEl [&Type "Integer"] 534
   &nTotalEl [&Type "Integer"] 1068
   &finalEn [&Type "Double"]      -1.3411780514838947e+04  "No Van der Waals correction"
   &eExchange [&Type "Double"]      -9.0695331099190207e+02
   &eCorr [&Type "Double"]      -3.8259324802456874e+01
   &eXC [&Type "Double"]      -9.4521263579435890e+02
   &eCNL [&Type "Double"]       0.0000000000000000e+00
$End
$Solvation_Details
   &GeometryIndex 1
   &Solvent [&Type "String"] "WATER"
   &Epsilon [&Type "Double"]       8.0150999999999996e+01
   &Refrac [&Type "Double"]       1.3328000000000000e+00
   &RSolv [&Type "Double"]       1.3000000000000000e+00
   &SurfaceType [&Type "String"] "GAUSSIAN VDW"
   &CPCMDielEnergy [&Type "Double"]      -2.2063832799999999e-01
   &NPoints [&Type "Integer"] 13227
   &SurfaceArea [&Type "Double"]       4.9586848449010004e+03
$End
$SCF_Timings
   &GeometryIndex 1
   &TOTAL [&Type "Double"]       1.7307374589999999e+03
   &PREP [&Type "Double"]       1.1469488999999999e+01
   &FOCK [&Type "Double"]       1.5028986270000003e+03
   &DENS [&Type "Double"]       1.4514816000000337e+01
   &ETOT [&Type "Double"]       4.6731779999996093e+00
   &POP [&Type "Double"]       6.3323169999998754e+00
   &TRAFO [&Type "Double"]       1.8324787000000015e+01
   &DIIS [&Type "Double"]       9.0992544000000095e+01
   &SOSCF [&Type "Double"]       3.9863180999999827e+01
   &XC [&Type "Double"]       7.6342116999999860e+01
   &FOCKSTART [&Type "Double"]       2.1397619999999513e+00
   &SOLV [&Type "Double"]       2.4629281400000036e+02
   &SOLV_INIT [&Type "Double"]       9.3167770000000001e+00
   &INT_PREP [&Type "Double"]       4.9999999873762135e-06
   &INT_BF [&Type "Double"]       1.1033429999986481e+01
   &INT_DENS [&Type "Double"]       2.4152523000008813e+01
   &INT_DENSIO [&Type "Double"]       1.8569115687400058e+07
   &INT_FUNC [&Type "Double"]       4.7460899999452977e-01
   &INT_POT [&Type "Double"]       1.3488597000008753e+01
   &INT_POTIO [&Type "Double"]       1.0383400000597476e-01
   &INT_SUM [&Type "Double"]       4.6922999999964077e-02
   &SPLITRIJ [&Type "Double"]       1.9999684200000024e+02
   &COSX [&Type "Double"]       1.0305126259999997e+03
$End
$VdW_Correction
   &GeometryIndex 1
   &vdW [&Type "Double"]      -2.7187604742579852e-01
$End
$Single_Point_Data
   &GeometryIndex 1
   &FinalEnergy [&Type "Double"]      -1.3412052390886372e+04  "Final single point energy"
   &Converged [&Type "Boolean"] true
$End
