*************************************************
******************* ORCA 6.1.1 ******************
*************************************************
$Calculation_Status
   &GeometryIndex 21
   &version [&Type "String"] "6.1.1"
   &progName [&Type "String"] "LeanSCF"
   &Status [&Type "String"] "NORMAL TERMINATION"
$End
$Geometry
   &GeometryIndex 1
   &NAtoms [&Type "Integer"] 35
   &NCorelessECP [&Type "Integer"] 0
   &NGhostAtoms [&Type "Integer"] 0
   &CartesianCoordinates [&Type "Coordinates", &Dim(35,4), &Units "Bohr"] 
              P      7.185305679009   -2.724040222047    0.104690827819
              O      0.709970108514    1.830010788089   -2.098162926493
              O      0.873242446485    7.307193014647   -0.657057776764
              O     -2.991247497384    5.498347159257    2.233656290295
              O      5.377782631913   -0.440306189204   -1.025176427652
              O     -6.969121009288    1.913347710595   -1.069962937026
              O      8.029068397805   -4.152295234065   -2.253498414701
              O      5.447891471482   -4.242057225426    1.834546130811
              O      9.322774909087   -1.354366720181    1.471907685711
              N     -3.037356815052    0.110926924061   -0.511548864452
              N     -6.904681348121   -2.283923005457   -0.188972613392
              N     -6.825879768337   -6.583238932741    0.717906958277
              C      1.375909598108    5.129283645302    0.853022376852
              C     -1.066939375212    3.793814186460    1.512536797591
              C      2.696639193106    3.185322371338   -0.806913059184
              C     -1.671273792840    2.415825889605   -0.931823956637
              C      4.253962500070    1.282746099706    0.688427230588
              C     -1.688659273272   -2.073407514138    0.011338356804
              C     -5.713020048071    0.006236096242   -0.613405103071
              C     -2.799440294791   -4.293079831042    0.427267078880
              C     -5.604738740597   -4.326339010999    0.301411318360
              H      2.464958769087    5.741743885306    2.497840003817
              H     -0.741906480177    2.474974317597    3.077796954318
              H      3.869592204431    4.063289133157   -2.270694922520
              H     -2.752008168830    3.615235066805   -2.230632728481
              H      3.117481203130    0.238861383328    2.060179431201
              H      5.753838132563    2.268427251159    1.718705918801
              H      0.082581032052    6.778069697149   -2.227420194053
              H     -4.532319159597    4.524760255061    2.463446988180
              H      0.346197827734   -1.981944769257    0.080313360692
              H     -1.758768112841   -6.004982735762    0.833936142899
              H     -5.870056289800   -8.200655530765    1.101521363463
              H     -8.738282615865   -6.693976884189    0.649687844842
              H     10.338899548558   -0.437018065731    0.252902048503
              H     -8.646649795631   -2.106326543391   -0.791833044636
$End
$SCF_Mulliken_Population_Analysis
   &GeometryIndex 1
   &NAtoms [&Type "Integer"] 35
   &ATNO [&Type "ArrayOfIntegers", &Dim (35,1)] 
                                                         0

0                                                       15
1                                                        8
2                                                        8
3                                                        8
4                                                        8
5                                                        8
6                                                        8
7                                                        8
8                                                        8
9                                                        7
10                                                       7
11                                                       7
12                                                       6
13                                                       6
14                                                       6
15                                                       6
16                                                       6
17                                                       6
18                                                       6
19                                                       6
20                                                       6
21                                                       1
22                                                       1
23                                                       1
24                                                       1
25                                                       1
26                                                       1
27                                                       1
28                                                       1
29                                                       1
30                                                       1
31                                                       1
32                                                       1
33                                                       1
34                                                       1
   &AtomicCharges [&Type "ArrayOfDoubles", &Dim (35,1)] 
                                                         0

0                                      7.9457449483666309e-01
1                                     -3.1763944547603984e-01
2                                     -4.7764956091902455e-01
3                                     -4.6542224849516423e-01
4                                     -3.7802731194463668e-01
5                                     -4.1051315525125176e-01
6                                     -7.4467807947044129e-01
7                                     -7.4175599849803042e-01
8                                     -4.6374307047865670e-01
9                                      8.7702702345144878e-02
10                                    -1.4349065070903855e-01
11                                    -3.6559717617353549e-01
12                                     1.0786225879340527e-01
13                                    -2.1311070157262080e-02
14                                     1.1872833987899423e-01
15                                    -3.8065186988295530e-02
16                                    -1.5562248989537064e-01
17                                    -3.4620572201895072e-02
18                                     3.0043424696497123e-01
19                                    -2.3601299292009870e-01
20                                     2.9251874147482937e-01
21                                     1.5371568795481982e-01
22                                     1.4284794231277664e-01
23                                     1.1895810594173573e-01
24                                     1.6301326340129962e-01
25                                     1.2455316830949770e-01
26                                     1.4109624750551197e-01
27                                     3.5162426510011913e-01
28                                     3.5493888566746179e-01
29                                     1.8277281154623148e-01
30                                     2.1302276865419922e-01
31                                     3.2600470967361339e-01
32                                     3.1909786474131918e-01
33                                     3.8931984910373518e-01
34                                     3.1136265537228436e-01
   &Method [&Type "String"] "SCF"
   &Level [&Type "String"] "Relaxed density"
   &Mult [&Type "Integer"] 1
   &State [&Type "Integer"] -1
   &Irrep [&Type "Integer"] 0
$End
$SCF_Loewdin_Population_Analysis
   &GeometryIndex 1
   &NAtoms [&Type "Integer"] 35
   &ATNO [&Type "ArrayOfIntegers", &Dim (35,1)] 
                                                         0

0                                                       15
1                                                        8
2                                                        8
3                                                        8
4                                                        8
5                                                        8
6                                                        8
7                                                        8
8                                                        8
9                                                        7
10                                                       7
11                                                       7
12                                                       6
13                                                       6
14                                                       6
15                                                       6
16                                                       6
17                                                       6
18                                                       6
19                                                       6
20                                                       6
21                                                       1
22                                                       1
23                                                       1
24                                                       1
25                                                       1
26                                                       1
27                                                       1
28                                                       1
29                                                       1
30                                                       1
31                                                       1
32                                                       1
33                                                       1
34                                                       1
   &AtomicCharges [&Type "ArrayOfDoubles", &Dim (35,1)] 
                                                         0

0                                     -9.2910002680740789e-02
1                                      1.9472559572144466e-01
2                                     -1.8358161931864458e-02
3                                     -7.3016246982806621e-03
4                                      1.1788088019306642e-02
5                                      4.2735102681931814e-02
6                                     -4.5891449457013955e-01
7                                     -4.4767893409815152e-01
8                                     -8.0626107110509437e-02
9                                      2.7848565937093994e-01
10                                     2.8744591978610234e-01
11                                     9.4899242438298614e-02
12                                    -2.8968215208087500e-01
13                                    -3.2145971012099039e-01
14                                    -2.8362036956561187e-01
15                                    -2.9006594012348419e-01
16                                    -3.3515045114691144e-01
17                                    -1.0040755220106057e-01
18                                    -3.9001238212135370e-01
19                                    -1.1358287756979202e-01
20                                    -1.9456177833208343e-01
21                                     1.6384121945236574e-01
22                                     1.6251765775662508e-01
23                                     1.5835392707756080e-01
24                                     1.6368757467917683e-01
25                                     1.2500758052701244e-01
26                                     1.3304062958912199e-01
27                                     1.9379803038843002e-01
28                                     1.9518559029222349e-01
29                                     1.7394664822472028e-01
30                                     1.7792438389950094e-01
31                                     2.1103737078064622e-01
32                                     2.0608607304445770e-01
33                                     2.1380017582911404e-01
34                                     2.3602606879280363e-01
   &Method [&Type "String"] "SCF"
   &Level [&Type "String"] "Relaxed density"
   &Mult [&Type "Integer"] 1
   &State [&Type "Integer"] -1
   &Irrep [&Type "Integer"] 0
$End
$SCF_Mayer_Population_Analysis
   &GeometryIndex 1
   &NAtoms [&Type "Integer"] 35 "Total number of atoms"
   &NBondOrdersPrint [&Type "Integer"] 36 "The number of bond orders larger than threshold"
   &bondThresh [&Type "Double"]       1.0000000000000001e-01  "The threshold for printing"
   &components [&Type "ArrayOfIntegers", &Dim (36,4)] "The indices and atomic numbers of the bonding atoms"
                                                         0                           1                           2                           3

0                                                        0                          15                           4                           8
1                                                        0                          15                           6                           8
2                                                        0                          15                           7                           8
3                                                        0                          15                           8                           8
4                                                        1                           8                          14                           6
5                                                        1                           8                          15                           6
6                                                        2                           8                          12                           6
7                                                        2                           8                          27                           1
8                                                        3                           8                          13                           6
9                                                        3                           8                          28                           1
10                                                       4                           8                          16                           6
11                                                       5                           8                          18                           6
12                                                       8                           8                          33                           1
13                                                       9                           7                          15                           6
14                                                       9                           7                          17                           6
15                                                       9                           7                          18                           6
16                                                      10                           7                          18                           6
17                                                      10                           7                          20                           6
18                                                      10                           7                          34                           1
19                                                      11                           7                          20                           6
20                                                      11                           7                          31                           1
21                                                      11                           7                          32                           1
22                                                      12                           6                          13                           6
23                                                      12                           6                          14                           6
24                                                      12                           6                          21                           1
25                                                      13                           6                          15                           6
26                                                      13                           6                          22                           1
27                                                      14                           6                          16                           6
28                                                      14                           6                          23                           1
29                                                      15                           6                          24                           1
30                                                      16                           6                          25                           1
31                                                      16                           6                          26                           1
32                                                      17                           6                          19                           6
33                                                      17                           6                          29                           1
34                                                      19                           6                          20                           6
35                                                      19                           6                          30                           1
   &BondOrders [&Type "ArrayOfDoubles", &Dim (36,1)] "The bond orders"
                                                         0

0                                      1.0022943555736297e+00
1                                      1.8656828314220535e+00
2                                      1.7957030771135520e+00
3                                      1.2109890683062343e+00
4                                      9.6666502328132387e-01
5                                      1.0201897659505001e+00
6                                      9.8583308235595390e-01
7                                      8.6022581763164563e-01
8                                      1.1014130436658742e+00
9                                      8.6100178892215817e-01
10                                     9.2746836688129286e-01
11                                     1.9543569385722688e+00
12                                     8.2216503821491338e-01
13                                     8.8046679181951903e-01
14                                     1.1516614602252191e+00
15                                     1.1323403087448398e+00
16                                     1.1361049553079050e+00
17                                     1.3263059497484087e+00
18                                     8.5213795205834386e-01
19                                     1.4406737853111833e+00
20                                     8.6482966430920116e-01
21                                     8.6677668868722946e-01
22                                     9.6363974153512078e-01
23                                     9.9642781916665957e-01
24                                     9.2245075809641619e-01
25                                     9.7652789979445020e-01
26                                     9.6766994274309059e-01
27                                     9.8442282960253402e-01
28                                     9.2968457345114386e-01
29                                     9.2967260493818149e-01
30                                     9.5554630277132435e-01
31                                     9.4885165424067519e-01
32                                     1.7080221486542297e+00
33                                     9.2381804465744721e-01
34                                     1.1429618548077274e+00
35                                     9.2727570539661730e-01
   &ATNO [&Type "ArrayOfIntegers", &Dim (35,1)] "Atomic number of the elements"
                                                         0

0                                                       15
1                                                        8
2                                                        8
3                                                        8
4                                                        8
5                                                        8
6                                                        8
7                                                        8
8                                                        8
9                                                        7
10                                                       7
11                                                       7
12                                                       6
13                                                       6
14                                                       6
15                                                       6
16                                                       6
17                                                       6
18                                                       6
19                                                       6
20                                                       6
21                                                       1
22                                                       1
23                                                       1
24                                                       1
25                                                       1
26                                                       1
27                                                       1
28                                                       1
29                                                       1
30                                                       1
31                                                       1
32                                                       1
33                                                       1
34                                                       1
   &NA [&Type "ArrayOfDoubles", &Dim (35,1)] "Mulliken gross atomic population"
                                                         0

0                                      1.4205425505163316e+01
1                                      8.3176394454760469e+00
2                                      8.4776495609190299e+00
3                                      8.4654222484951713e+00
4                                      8.3780273119446314e+00
5                                      8.4105131552512642e+00
6                                      8.7446780794704395e+00
7                                      8.7417559984980233e+00
8                                      8.4637430704786567e+00
9                                      6.9122972976548533e+00
10                                     7.1434906507090243e+00
11                                     7.3655971761735417e+00
12                                     5.8921377412065965e+00
13                                     6.0213110701572630e+00
14                                     5.8812716601210155e+00
15                                     6.0380651869882982e+00
16                                     6.1556224898953662e+00
17                                     6.0346205722018924e+00
18                                     5.6995657530350270e+00
19                                     6.2360129929200987e+00
20                                     5.7074812585251724e+00
21                                     8.4628431204518073e-01
22                                     8.5715205768722358e-01
23                                     8.8104189405826383e-01
24                                     8.3698673659870049e-01
25                                     8.7544683169050264e-01
26                                     8.5890375249448825e-01
27                                     6.4837573489988076e-01
28                                     6.4506111433253888e-01
29                                     8.1722718845376841e-01
30                                     7.8697723134580067e-01
31                                     6.7399529032638694e-01
32                                     6.8090213525868093e-01
33                                     6.1068015089626482e-01
34                                     6.8863734462771586e-01
   &ZA [&Type "ArrayOfDoubles", &Dim (35,1)] "Total nuclear charge"
                                                         0

0                                      1.5000000000000000e+01
1                                      8.0000000000000000e+00
2                                      8.0000000000000000e+00
3                                      8.0000000000000000e+00
4                                      8.0000000000000000e+00
5                                      8.0000000000000000e+00
6                                      8.0000000000000000e+00
7                                      8.0000000000000000e+00
8                                      8.0000000000000000e+00
9                                      7.0000000000000000e+00
10                                     7.0000000000000000e+00
11                                     7.0000000000000000e+00
12                                     6.0000000000000000e+00
13                                     6.0000000000000000e+00
14                                     6.0000000000000000e+00
15                                     6.0000000000000000e+00
16                                     6.0000000000000000e+00
17                                     6.0000000000000000e+00
18                                     6.0000000000000000e+00
19                                     6.0000000000000000e+00
20                                     6.0000000000000000e+00
21                                     1.0000000000000000e+00
22                                     1.0000000000000000e+00
23                                     1.0000000000000000e+00
24                                     1.0000000000000000e+00
25                                     1.0000000000000000e+00
26                                     1.0000000000000000e+00
27                                     1.0000000000000000e+00
28                                     1.0000000000000000e+00
29                                     1.0000000000000000e+00
30                                     1.0000000000000000e+00
31                                     1.0000000000000000e+00
32                                     1.0000000000000000e+00
33                                     1.0000000000000000e+00
34                                     1.0000000000000000e+00
   &QA [&Type "ArrayOfDoubles", &Dim (35,1)] "Mulliken gross atomic charge"
                                                         0

0                                      7.9457449483668441e-01
1                                     -3.1763944547604694e-01
2                                     -4.7764956091902988e-01
3                                     -4.6542224849517133e-01
4                                     -3.7802731194463135e-01
5                                     -4.1051315525126419e-01
6                                     -7.4467807947043951e-01
7                                     -7.4175599849802332e-01
8                                     -4.6374307047865670e-01
9                                      8.7702702345146655e-02
10                                    -1.4349065070902434e-01
11                                    -3.6559717617354170e-01
12                                     1.0786225879340350e-01
13                                    -2.1311070157262968e-02
14                                     1.1872833987898446e-01
15                                    -3.8065186988298194e-02
16                                    -1.5562248989536620e-01
17                                    -3.4620572201892408e-02
18                                     3.0043424696497301e-01
19                                    -2.3601299292009870e-01
20                                     2.9251874147482759e-01
21                                     1.5371568795481927e-01
22                                     1.4284794231277642e-01
23                                     1.1895810594173617e-01
24                                     1.6301326340129951e-01
25                                     1.2455316830949736e-01
26                                     1.4109624750551175e-01
27                                     3.5162426510011924e-01
28                                     3.5493888566746112e-01
29                                     1.8277281154623159e-01
30                                     2.1302276865419933e-01
31                                     3.2600470967361306e-01
32                                     3.1909786474131907e-01
33                                     3.8931984910373518e-01
34                                     3.1136265537228414e-01
   &VA [&Type "ArrayOfDoubles", &Dim (35,1)] "Mayer's total valence"
                                                         0

0                                      5.9490638911476186e+00
1                                      2.0245907995369832e+00
2                                      1.9826980256323452e+00
3                                      1.9624522066284182e+00
4                                      1.9396326906937400e+00
5                                      2.1042992338877342e+00
6                                      1.8160963321996473e+00
7                                      1.8064607610336196e+00
8                                      2.0222227490488223e+00
9                                      3.2195232612996998e+00
10                                     3.4247354449079674e+00
11                                     3.3132204796885691e+00
12                                     3.9459068692764738e+00
13                                     4.1326737273590810e+00
14                                     3.9948908944674599e+00
15                                     4.0655519982474848e+00
16                                     3.9030557667805317e+00
17                                     4.0722823341949610e+00
18                                     4.3873246162160395e+00
19                                     3.8955296433392883e+00
20                                     4.1116145617767446e+00
21                                     9.7486268629764650e-01
22                                     9.7032077919511173e-01
23                                     9.8767683575153253e-01
24                                     9.7825143098193368e-01
25                                     9.9723668045460645e-01
26                                     9.7872602320077484e-01
27                                     8.9800564076879541e-01
28                                     8.9333403271673828e-01
29                                     9.9515616554472131e-01
30                                     9.5623454886822146e-01
31                                     9.0142883782892280e-01
32                                     9.0666170942567681e-01
33                                     8.6849799959035945e-01
34                                     9.2480259404073117e-01
   &BVA [&Type "ArrayOfDoubles", &Dim (35,1)] "Mayer's bonded valence"
                                                         0

0                                      5.9490638911476488e+00
1                                      2.0245907995369725e+00
2                                      1.9826980256323203e+00
3                                      1.9624522066284094e+00
4                                      1.9396326906938697e+00
5                                      2.1042992338877875e+00
6                                      1.8160963321996935e+00
7                                      1.8064607610335699e+00
8                                      2.0222227490488365e+00
9                                      3.2195232612995870e+00
10                                     3.4247354449081797e+00
11                                     3.3132204796885887e+00
12                                     3.9459068692763966e+00
13                                     4.1326737273589726e+00
14                                     3.9948908944674786e+00
15                                     4.0655519982474981e+00
16                                     3.9030557667805144e+00
17                                     4.0722823341948731e+00
18                                     4.3873246162160333e+00
19                                     3.8955296433393634e+00
20                                     4.1116145617768609e+00
21                                     9.7486268629761763e-01
22                                     9.7032077919509796e-01
23                                     9.8767683575154963e-01
24                                     9.7825143098194123e-01
25                                     9.9723668045458436e-01
26                                     9.7872602320077284e-01
27                                     8.9800564076878553e-01
28                                     8.9333403271673961e-01
29                                     9.9515616554472508e-01
30                                     9.5623454886822112e-01
31                                     9.0142883782892946e-01
32                                     9.0666170942568480e-01
33                                     8.6849799959036234e-01
34                                     9.2480259404074761e-01
   &FA [&Type "ArrayOfDoubles", &Dim (35,1)] "Mayer's free valence"
                                                         0

0                                      0.0000000000000000e+00
1                                      0.0000000000000000e+00
2                                      0.0000000000000000e+00
3                                      0.0000000000000000e+00
4                                      0.0000000000000000e+00
5                                      0.0000000000000000e+00
6                                      0.0000000000000000e+00
7                                      0.0000000000000000e+00
8                                      0.0000000000000000e+00
9                                      0.0000000000000000e+00
10                                     0.0000000000000000e+00
11                                     0.0000000000000000e+00
12                                     0.0000000000000000e+00
13                                     0.0000000000000000e+00
14                                     0.0000000000000000e+00
15                                     0.0000000000000000e+00
16                                     0.0000000000000000e+00
17                                     0.0000000000000000e+00
18                                     0.0000000000000000e+00
19                                     0.0000000000000000e+00
20                                     0.0000000000000000e+00
21                                     0.0000000000000000e+00
22                                     0.0000000000000000e+00
23                                     0.0000000000000000e+00
24                                     0.0000000000000000e+00
25                                     0.0000000000000000e+00
26                                     0.0000000000000000e+00
27                                     0.0000000000000000e+00
28                                     0.0000000000000000e+00
29                                     0.0000000000000000e+00
30                                     0.0000000000000000e+00
31                                     0.0000000000000000e+00
32                                     0.0000000000000000e+00
33                                     0.0000000000000000e+00
34                                     0.0000000000000000e+00
   &Method [&Type "String"] "SCF"
   &Level [&Type "String"] "Relaxed density"
   &Mult [&Type "Integer"] 1
   &State [&Type "Integer"] -1
   &Irrep [&Type "Integer"] 0
$End
$SCF_Energy
   &GeometryIndex 1
   &Method [&Type "String"] "SCF"
   &totalEnergy [&Type "ArrayOfDoubles", &Dim (1,1)] "Total energy of each state"
                                                         0

0                                     -1.4580633449754446e+03
   &Mult [&Type "ArrayOfIntegers", &Dim (1,1)] "Multiplicity of each state"
                                                         0

0                                                        1
$End
$DFT_Energy
   &GeometryIndex 1
   &nAlphaEl [&Type "Integer"] 83
   &nBetaEl [&Type "Integer"] 83
   &nTotalEl [&Type "Integer"] 167
   &finalEn [&Type "Double"]      -1.4580633449754446e+03  "No Van der Waals correction"
   &eExchange [&Type "Double"]      -1.2000548764588723e+02
   &eCorr [&Type "Double"]      -5.8274501918553714e+00
   &eXC [&Type "Double"]      -1.2583293783774261e+02
   &eCNL [&Type "Double"]       0.0000000000000000e+00
$End
$Solvation_Details
   &GeometryIndex 1
   &Solvent [&Type "String"] "WATER"
   &Epsilon [&Type "Double"]       8.0150999999999996e+01
   &Refrac [&Type "Double"]       1.3328000000000000e+00
   &RSolv [&Type "Double"]       1.3000000000000000e+00
   &SurfaceType [&Type "String"] "GAUSSIAN VDW"
   &CPCMDielEnergy [&Type "Double"]      -1.5253470399999999e-01
   &NPoints [&Type "Integer"] 2866
   &SurfaceArea [&Type "Double"]       1.1448021202150001e+03
$End
$SCF_Timings
   &GeometryIndex 1
   &TOTAL [&Type "Double"]       9.4599884000000003e+01
   &PREP [&Type "Double"]       6.9306199999999996e-01
   &FOCK [&Type "Double"]       8.7046095000000008e+01
   &DENS [&Type "Double"]       2.4180200000000696e-01
   &ETOT [&Type "Double"]       1.2512000000001322e-01
   &POP [&Type "Double"]       2.0310200000000123e-01
   &TRAFO [&Type "Double"]       4.5580500000000512e-01
   &DIIS [&Type "Double"]       1.4222859999999979e+00
   &SOSCF [&Type "Double"]       9.2290599999998335e-01
   &XC [&Type "Double"]       9.9756229999999828e+00
   &FOCKSTART [&Type "Double"]       4.1600000000005077e-02
   &SOLV [&Type "Double"]       8.7499340000000032e+00
   &SOLV_INIT [&Type "Double"]       2.1057900000000002e-01
   &INT_PREP [&Type "Double"]       5.9999999919568836e-06
   &INT_BF [&Type "Double"]       1.6241059999999941e+00
   &INT_DENS [&Type "Double"]       2.6040489999998542e+00
   &INT_DENSIO [&Type "Double"]       1.9277922041000024e+05
   &INT_FUNC [&Type "Double"]       9.7537000000013307e-02
   &INT_POT [&Type "Double"]       2.1496579999999064e+00
   &INT_POTIO [&Type "Double"]       2.1689999999841447e-02
   &INT_SUM [&Type "Double"]       2.2539999999953153e-03
   &SPLITRIJ [&Type "Double"]       6.7853190000000021e+00
   &COSX [&Type "Double"]       6.5543835000000016e+01
$End
$VdW_Correction
   &GeometryIndex 1
   &vdW [&Type "Double"]      -3.9067517620231480e-02
$End
$Single_Point_Data
   &GeometryIndex 1
   &FinalEnergy [&Type "Double"]      -1.4581024124930648e+03  "Final single point energy"
   &Converged [&Type "Boolean"] true
$End
$SCF_Nuc_Gradient
   &GeometryIndex 1
   &NAtoms [&Type "Integer"] 35
   &gradNorm [&Type "Double"]       2.3677050495123786e-01
   &grad [&Type "ArrayOfDoubles", &Dim (105,1)] 
                                                         0

0                                      9.2103649126469331e-02
1                                      7.0849247437390891e-02
2                                      5.9056019697523908e-02
3                                      1.8993809702216376e-02
4                                     -9.0039045940566425e-03
5                                     -8.8772666124624332e-03
6                                      1.3807351264068961e-04
7                                     -5.1687878799855608e-04
8                                     -3.3623526636723080e-03
9                                      1.8693541270837935e-03
10                                     6.7961012837978851e-03
11                                     2.0597721138798353e-03
12                                    -9.5232829154000623e-03
13                                    -1.2749280814734177e-03
14                                    -7.8586166254243856e-04
15                                    -1.6702837455196136e-02
16                                     2.8231998588828119e-02
17                                    -6.4924956483157848e-03
18                                    -3.0441115940615690e-03
19                                    -2.3334377998845770e-02
20                                    -2.5876951194179175e-02
21                                    -3.1545737550470306e-02
22                                    -2.1909346622654396e-02
23                                     1.8307765458868802e-04
24                                    -4.0665663141743330e-02
25                                    -2.5754778197925307e-02
26                                    -2.5265399956398982e-02
27                                     2.2124140618267479e-02
28                                     4.8401927283967194e-02
29                                    -4.7673025335124809e-03
30                                    -4.7334047784803900e-02
31                                    -4.0426807689349920e-02
32                                     6.4810916820183546e-03
33                                    -1.6268627551284054e-02
34                                    -4.5733186613894909e-02
35                                     9.5332729134440120e-03
36                                     2.1259475674149024e-03
37                                    -1.1563769502873432e-02
38                                     2.1984175668935908e-02
39                                     8.6545123447659359e-03
40                                    -9.8205441486934070e-03
41                                    -1.1612527987983153e-02
42                                    -5.6738727017633670e-03
43                                     2.0759510002102365e-02
44                                    -1.0831782396128729e-02
45                                    -1.7930018506056512e-02
46                                    -5.9770172569877170e-03
47                                     1.4454228039489737e-02
48                                    -1.0575223301893836e-02
49                                    -1.6281333206476091e-03
50                                     5.5487988134938363e-03
51                                     3.4119999343625849e-03
52                                    -1.5365932290191842e-02
53                                     2.0453283827547406e-03
54                                    -1.4359222558685103e-02
55                                    -5.3597521322693790e-02
56                                     1.0386427680708953e-02
57                                     5.5225534963218963e-02
58                                     4.4912277987875347e-04
59                                    -1.2272565498842769e-04
60                                    -2.0773485517396967e-02
61                                     1.0287774351204643e-01
62                                    -2.0808120927567349e-02
63                                     1.0877567955624736e-03
64                                     9.5101517463189026e-04
65                                     3.0517818377219235e-03
66                                    -2.4040076965572300e-03
67                                     4.5027293942054899e-03
68                                     4.5409142433145448e-03
69                                     1.3289016637135929e-03
70                                    -8.1418266121732253e-04
71                                    -4.5405151626446314e-03
72                                     4.2993541406461874e-03
73                                     3.3657702344857734e-03
74                                    -5.1125681234951799e-03
75                                     2.7317267520172630e-03
76                                    -1.9618317774366982e-03
77                                    -1.6579260147834823e-03
78                                     1.9218716972559946e-03
79                                    -3.5492250030548316e-03
80                                    -1.8955848934454284e-03
81                                    -4.0841809469673671e-03
82                                    -3.3515388067160271e-03
83                                    -7.1654097258157410e-03
84                                    -6.6418495960707900e-03
85                                    -5.7823476764477964e-03
86                                    -6.8406796822327728e-04
87                                    -1.0576119989071479e-03
88                                    -7.7205948869809634e-03
89                                     2.7952325512154343e-03
90                                     3.0606038729340196e-03
91                                    -1.3689244127921777e-03
92                                     8.0042820798951732e-05
93                                    -1.4177767322248729e-03
94                                    -8.7322417854979999e-03
95                                     2.1894259251680303e-03
96                                    -4.6435531666385822e-03
97                                    -2.0702043565176400e-03
98                                     2.7327504849407536e-04
99                                    -2.9500530819767555e-03
100                                   -6.3659058336405932e-05
101                                   -5.7473319044667017e-03
102                                    3.8517926933895955e-02
103                                    1.4136711215320889e-02
104                                    9.4332594043408516e-04
   &Method [&Type "String"] "SCF"
   &Level [&Type "String"] "Relaxed density"
   &Mult [&Type "Integer"] 1
   &State [&Type "Integer"] 0
   &Irrep [&Type "Integer"] 0
$End
$Geometry
   &GeometryIndex 2
   &NAtoms [&Type "Integer"] 35
   &NCorelessECP [&Type "Integer"] 0
   &NGhostAtoms [&Type "Integer"] 0
   &CartesianCoordinates [&Type "Coordinates", &Dim(35,4), &Units "Bohr"] 
              P      7.085593867077   -2.733770583916    0.144140857612
              O      0.657170481072    1.827149139279   -2.087453942708
              O      0.884993871617    7.380174621182   -0.669415854547
              O     -2.929453138304    5.509239474213    2.296358447731
              O      5.321641073047   -0.449996299638   -1.021403774302
              O     -6.859654660922    1.901375316187   -1.012170771192
              O      7.945243923284   -4.213161953148   -2.143168502910
              O      5.475720177526   -4.148166271856    2.034994334677
              O      9.289073103437   -1.319213323037    1.466130620971
              N     -3.028148794493    0.029206109570   -0.490026759766
              N     -6.832455062299   -2.301500556044   -0.202519275169
              N     -6.815675242437   -6.558720697114    0.648642895771
              C      1.388435488277    5.170406000633    0.781305189161
              C     -1.032908620784    3.808804068954    1.523163741126
              C      2.680348183826    3.178301577880   -0.841124531655
              C     -1.681306805298    2.382233644261   -0.900674183971
              C      4.264429648067    1.332805733154    0.668056078230
              C     -1.722835907278   -2.157392462708   -0.006666353935
              C     -5.638989092942   -0.000099654168   -0.599739296362
              C     -2.867741757124   -4.385987494964    0.385405165819
              C     -5.577676054991   -4.416260431278    0.269553851487
              H      2.507522134880    5.776555407768    2.397857861138
              H     -0.636615366726    2.479862176402    3.062599662428
              H      3.830043717954    4.030753300843   -2.325549544561
              H     -2.825484102942    3.552192930709   -2.159817195410
              H      3.134404567733    0.348449739920    2.094096461021
              H      5.775668694309    2.359363070029    1.646746253384
              H      0.069772794853    6.904542670578   -2.225430666277
              H     -4.449406191257    4.552548076341    2.600818393040
              H      0.315127937138   -2.054113085396    0.042201253379
              H     -1.848961804000   -6.108712349711    0.768570516061
              H     -5.887552044761   -8.180637475719    1.005718605165
              H     -8.720240317684   -6.618798610956    0.577962458145
              H     10.327363528565   -0.445295235034    0.239848832911
              H     -8.663701160991   -2.151680112748   -0.753072686849
$End
$SCF_Energy
   &GeometryIndex 2
   &Method [&Type "String"] "SCF"
   &totalEnergy [&Type "ArrayOfDoubles", &Dim (1,1)] "Total energy of each state"
                                                         0

0                                     -1.4580918952770064e+03
   &Mult [&Type "ArrayOfIntegers", &Dim (1,1)] "Multiplicity of each state"
                                                         0

0                                                        1
$End
$DFT_Energy
   &GeometryIndex 2
   &nAlphaEl [&Type "Integer"] 83
   &nBetaEl [&Type "Integer"] 83
   &nTotalEl [&Type "Integer"] 167
   &finalEn [&Type "Double"]      -1.4580918952770064e+03  "No Van der Waals correction"
   &eExchange [&Type "Double"]      -1.2006785295805597e+02
   &eCorr [&Type "Double"]      -5.8330770523259545e+00
   &eXC [&Type "Double"]      -1.2590093001038193e+02
   &eCNL [&Type "Double"]       0.0000000000000000e+00
$End
$Solvation_Details
   &GeometryIndex 2
   &Solvent [&Type "String"] "WATER"
   &Epsilon [&Type "Double"]       8.0150999999999996e+01
   &Refrac [&Type "Double"]       1.3328000000000000e+00
   &RSolv [&Type "Double"]       1.3000000000000000e+00
   &SurfaceType [&Type "String"] "GAUSSIAN VDW"
   &CPCMDielEnergy [&Type "Double"]      -1.5054504299999999e-01
   &NPoints [&Type "Integer"] 2870
   &SurfaceArea [&Type "Double"]       1.1454184425980000e+03
$End
$SCF_Timings
   &GeometryIndex 2
   &TOTAL [&Type "Double"]       8.9069141000000002e+01
   &PREP [&Type "Double"]       7.5007699999999999e-01
   &FOCK [&Type "Double"]       8.2149353000000005e+01
   &DENS [&Type "Double"]       2.3424200000000894e-01
   &ETOT [&Type "Double"]       1.3884799999999053e-01
   &POP [&Type "Double"]       9.9999999747524271e-07
   &TRAFO [&Type "Double"]       4.9773799999999468e-01
   &DIIS [&Type "Double"]       1.6947479999999953e+00
   &SOSCF [&Type "Double"]       9.4891699999999091e-01
   &XC [&Type "Double"]       9.8607270000000096e+00
   &FOCKSTART [&Type "Double"]       4.4080000000004893e-02
   &SOLV [&Type "Double"]       8.3118669999999852e+00
   &SOLV_INIT [&Type "Double"]       2.5204799999999999e-01
   &INT_PREP [&Type "Double"]       5.0000000051397819e-06
   &INT_BF [&Type "Double"]       1.5054199999996953e+00
   &INT_DENS [&Type "Double"]       2.4037260000002174e+00
   &INT_DENSIO [&Type "Double"]       1.9300443050400025e+05
   &INT_FUNC [&Type "Double"]       9.3080000000194119e-02
   &INT_POT [&Type "Double"]       1.6532270000005358e+00
   &INT_POTIO [&Type "Double"]       2.1591999999817091e-02
   &INT_SUM [&Type "Double"]       2.1119999999914540e-03
   &SPLITRIJ [&Type "Double"]       6.6009750000000134e+00
   &COSX [&Type "Double"]       6.0395086999999997e+01
$End
$VdW_Correction
   &GeometryIndex 2
   &vdW [&Type "Double"]      -3.9077556550660267e-02
$End
$Single_Point_Data
   &GeometryIndex 2
   &FinalEnergy [&Type "Double"]      -1.4581309728335571e+03  "Final single point energy"
   &Converged [&Type "Boolean"] true
$End
$SCF_Nuc_Gradient
   &GeometryIndex 2
   &NAtoms [&Type "Integer"] 35
   &gradNorm [&Type "Double"]       1.2898579804011046e-01
   &grad [&Type "ArrayOfDoubles", &Dim (105,1)] 
                                                         0

0                                      5.8961084788076767e-02
1                                      4.8199153866625759e-02
2                                      3.5792436858068370e-02
3                                      8.6490788837548863e-03
4                                     -5.2146438031573416e-03
5                                     -5.2751478180539484e-03
6                                     -2.7237979062178959e-03
7                                      2.4954367589435744e-03
8                                     -7.4671418995152549e-03
9                                     -3.0340988914854773e-03
10                                     2.8780056732719160e-03
11                                     2.9987088116563494e-03
12                                    -8.1180250774110473e-03
13                                     1.0536229000573259e-03
14                                    -1.7547687142353270e-03
15                                    -1.3463247336109015e-03
16                                     6.7563178893446287e-03
17                                    -1.0189151804954346e-03
18                                    -6.4286932912620688e-04
19                                    -1.6558189869801412e-02
20                                    -1.5519617373766994e-02
21                                    -2.0056943755949602e-02
22                                    -1.6097185437525609e-02
23                                     2.4752177217905744e-03
24                                    -2.7130774243129381e-02
25                                    -1.7967204181099213e-02
26                                    -1.6865385149746670e-02
27                                     2.4846833217469885e-03
28                                     2.6505532901508602e-02
29                                    -4.4877986992991250e-03
30                                    -1.1386352515984860e-02
31                                    -3.0465373270482789e-02
32                                     1.3582905769110512e-02
33                                     1.1677537396596388e-03
34                                    -1.4345458717541823e-02
35                                     3.8720335629122324e-03
36                                     3.3819840461730383e-03
37                                    -7.5400993431147386e-03
38                                     1.5194650247752822e-02
39                                     8.7859412239806069e-03
40                                    -7.2463616957743017e-03
41                                    -7.7665744210999050e-03
42                                    -7.4138291293596701e-04
43                                     1.1336148442767081e-02
44                                    -6.0364652769282212e-03
45                                    -1.5355295899430270e-02
46                                    -3.4808583060827640e-03
47                                     8.9321362360566051e-03
48                                    -5.2597337895430073e-03
49                                     4.4069704251124836e-04
50                                     2.0845759079541801e-03
51                                    -1.8193722823110073e-03
52                                    -5.6356062375893445e-03
53                                     8.2536769528579311e-05
54                                    -2.1860646299689734e-03
55                                    -1.9694998583245905e-02
56                                     2.7897818834432347e-03
57                                     2.2262859825498086e-02
58                                    -6.5186274378049450e-03
59                                     2.3633913296050888e-04
60                                    -8.7785882374933257e-03
61                                     4.4868087023020323e-02
62                                    -8.6789044960451697e-03
63                                    -5.0074658530684229e-05
64                                     1.1524287241946581e-03
65                                    -4.0281791939168640e-04
66                                    -2.2167843889620872e-03
67                                     2.8262559570027012e-03
68                                     2.7172088984935678e-03
69                                    -1.5703366315070335e-04
70                                    -1.2599795627660255e-03
71                                    -9.6962014502647719e-04
72                                     3.9025418117776657e-03
73                                     1.7335448441769766e-03
74                                    -2.4732450267768054e-03
75                                     9.5691225302232952e-04
76                                    -1.5956975873104410e-03
77                                    -9.3050342531773443e-04
78                                     1.4877683941262475e-03
79                                    -1.6602155983474977e-03
80                                    -6.0978828057338069e-05
81                                     1.2909546482286046e-04
82                                    -4.7612211261706351e-04
83                                     1.8716975589398000e-04
84                                    -1.9414905874323354e-04
85                                    -1.2332826263406502e-03
86                                    -1.3209017182646381e-03
87                                    -2.6693848316878779e-04
88                                    -5.2279663100438844e-03
89                                     1.6828198069508262e-03
90                                    -8.0695842458848501e-04
91                                    -4.1178413131300458e-04
92                                    -1.4924101575236257e-04
93                                    -2.0980423061431200e-03
94                                    -6.6749613817014401e-04
95                                     3.7490720676325502e-04
96                                     1.6940417172212421e-05
97                                     5.4340997473462170e-04
98                                    -1.1674381058374741e-04
99                                    -1.5081461853381963e-03
100                                    4.4181016285117059e-04
101                                   -3.5352620769554133e-03
102                                    3.6911071978708372e-03
103                                    1.2066698843094172e-02
104                                   -8.1733955701079851e-03
   &Method [&Type "String"] "SCF"
   &Level [&Type "String"] "Relaxed density"
   &Mult [&Type "Integer"] 1
   &State [&Type "Integer"] 0
   &Irrep [&Type "Integer"] 0
$End
$Geometry
   &GeometryIndex 3
   &NAtoms [&Type "Integer"] 35
   &NCorelessECP [&Type "Integer"] 0
   &NGhostAtoms [&Type "Integer"] 0
   &CartesianCoordinates [&Type "Coordinates", &Dim(35,4), &Units "Bohr"] 
              P      6.932623005747   -2.779755789253    0.172443572194
              O      0.619498623554    1.852888295215   -2.094951677520
              O      0.916195082461    7.438346706532   -0.646439615136
              O     -2.895603414181    5.534421240576    2.317619709434
              O      5.249718749545   -0.472467943329   -1.016455508723
              O     -6.817160839864    1.896991454717   -0.950540660470
              O      7.791069531479   -4.291488898869   -2.052015280980
              O      5.453005738232   -4.048910389291    2.216606725335
              O      9.225208091688   -1.350816079652    1.467369548433
              N     -3.003578209429   -0.013460937633   -0.492938959345
              N     -6.741913790280   -2.313169009082   -0.201775098797
              N     -6.782114836690   -6.567052228882    0.604319055785
              C      1.390356029087    5.200228485826    0.731435174403
              C     -1.028433049532    3.835336292341    1.513827565042
              C      2.665415903582    3.176077101401   -0.863703765562
              C     -1.681181559177    2.383655213494   -0.905891683312
              C      4.255939158724    1.360257752049    0.653082266734
              C     -1.708423450420   -2.177586517575   -0.046968617038
              C     -5.585831621102    0.010386321621   -0.586205270667
              C     -2.861055256649   -4.421002288664    0.334873547588
              C     -5.514129167949   -4.493795112488    0.246562406688
              H      2.525084016612    5.774652551726    2.347915039738
              H     -0.583462904984    2.480748202278    3.018418666787
              H      3.809264442934    4.017335001549   -2.357556568328
              H     -2.898218336107    3.519011488838   -2.124531616108
              H      3.121366876024    0.433898114537    2.116867926481
              H      5.777501700574    2.408147902332    1.590623558247
              H      0.077256983460    7.025676684932   -2.206317794226
              H     -4.412133315039    4.598321366228    2.677588450535
              H      0.329364453080   -2.026498576086   -0.032624672524
              H     -1.820665770578   -6.135966865071    0.693143341297
              H     -5.870160262840   -8.204274486895    0.932470887194
              H     -8.687053332895   -6.593660956419    0.544329950787
              H     10.303517848083   -0.532653037686    0.245912247865
              H     -8.617520049721   -2.243364598847   -0.630554712193
$End
$SCF_Energy
   &GeometryIndex 3
   &Method [&Type "String"] "SCF"
   &totalEnergy [&Type "ArrayOfDoubles", &Dim (1,1)] "Total energy of each state"
                                                         0

0                                     -1.4581030228821410e+03
   &Mult [&Type "ArrayOfIntegers", &Dim (1,1)] "Multiplicity of each state"
                                                         0

0                                                        1
$End
$DFT_Energy
   &GeometryIndex 3
   &nAlphaEl [&Type "Integer"] 83
   &nBetaEl [&Type "Integer"] 83
   &nTotalEl [&Type "Integer"] 167
   &finalEn [&Type "Double"]      -1.4581030228821410e+03  "No Van der Waals correction"
   &eExchange [&Type "Double"]      -1.2011209670929098e+02
   &eCorr [&Type "Double"]      -5.8373351747844895e+00
   &eXC [&Type "Double"]      -1.2594943188407547e+02
   &eCNL [&Type "Double"]       0.0000000000000000e+00
$End
$Solvation_Details
   &GeometryIndex 3
   &Solvent [&Type "String"] "WATER"
   &Epsilon [&Type "Double"]       8.0150999999999996e+01
   &Refrac [&Type "Double"]       1.3328000000000000e+00
   &RSolv [&Type "Double"]       1.3000000000000000e+00
   &SurfaceType [&Type "String"] "GAUSSIAN VDW"
   &CPCMDielEnergy [&Type "Double"]      -1.4670091299999999e-01
   &NPoints [&Type "Integer"] 2861
   &SurfaceArea [&Type "Double"]       1.1429052541280000e+03
$End
$SCF_Timings
   &GeometryIndex 3
   &TOTAL [&Type "Double"]       9.3301620999999997e+01
   &PREP [&Type "Double"]       7.6845900000000000e-01
   &FOCK [&Type "Double"]       8.5004402999999996e+01
   &DENS [&Type "Double"]       2.6337200000000394e-01
   &ETOT [&Type "Double"]       1.4158799999999339e-01
   &POP [&Type "Double"]       9.9999999747524271e-07
   &TRAFO [&Type "Double"]       6.7431999999999981e-01
   &DIIS [&Type "Double"]       1.6908230000000053e+00
   &SOSCF [&Type "Double"]       1.6646919999999952e+00
   &XC [&Type "Double"]       9.3962239999999984e+00
   &FOCKSTART [&Type "Double"]       4.9238999999991151e-02
   &SOLV [&Type "Double"]       8.6378620000000037e+00
   &SOLV_INIT [&Type "Double"]       2.5993499999999997e-01
   &INT_PREP [&Type "Double"]       6.0000000061677383e-06
   &INT_BF [&Type "Double"]       1.7350009999999347e+00
   &INT_DENS [&Type "Double"]       2.7137919999999287e+00
   &INT_DENSIO [&Type "Double"]       1.9752313777700032e+05
   &INT_FUNC [&Type "Double"]       1.0147999999969670e-01
   &INT_POT [&Type "Double"]       1.8783110000000089e+00
   &INT_POTIO [&Type "Double"]       2.2945000000063942e-02
   &INT_SUM [&Type "Double"]       2.0619999999880179e-03
   &SPLITRIJ [&Type "Double"]       6.9124689999999980e+00
   &COSX [&Type "Double"]       6.3475517000000004e+01
$End
$VdW_Correction
   &GeometryIndex 3
   &vdW [&Type "Double"]      -3.9201214127886755e-02
$End
$Single_Point_Data
   &GeometryIndex 3
   &FinalEnergy [&Type "Double"]      -1.4581422240962688e+03  "Final single point energy"
   &Converged [&Type "Boolean"] true
$End
$SCF_Nuc_Gradient
   &GeometryIndex 3
   &NAtoms [&Type "Integer"] 35
   &gradNorm [&Type "Double"]       4.9802321886630155e-02
   &grad [&Type "ArrayOfDoubles", &Dim (105,1)] 
                                                         0

0                                      2.2771968559627799e-02
1                                      1.8619612972127841e-02
2                                      1.3890914554739118e-02
3                                      2.4904002351534762e-04
4                                     -2.0622029358063586e-03
5                                     -1.5043890475994830e-04
6                                     -1.6737660236833128e-03
7                                      2.2409940666628836e-03
8                                     -2.8951067611575993e-03
9                                     -2.5295652306028403e-03
10                                     1.3105099058952896e-03
11                                     2.7592134437688333e-03
12                                    -4.7405020457255212e-03
13                                     1.5398747195586825e-03
14                                    -1.7931701521176477e-03
15                                     3.3418125814434437e-03
16                                    -4.0223622658923323e-03
17                                     1.1911405557345840e-03
18                                     1.7138172838323376e-04
19                                    -5.7207088625113398e-03
20                                    -2.7744255991327816e-03
21                                    -4.8924257136166273e-03
22                                    -5.5999340538675840e-03
23                                     6.2554272036782218e-05
24                                    -1.3341685152698103e-02
25                                    -9.4845483417387404e-03
26                                    -9.1137497132176264e-03
27                                    -5.4477824340530018e-03
28                                     3.9616544749481331e-03
29                                    -2.3985408723471995e-03
30                                    -3.0488042612708858e-04
31                                    -1.2109333261817666e-02
32                                     1.0246096323125221e-02
33                                     1.0058213754661760e-02
34                                     8.4644982742884938e-03
35                                    -1.7823997969930764e-04
36                                     1.3068499015906072e-03
37                                    -3.3913119869761494e-03
38                                     4.7793637415576070e-03
39                                     5.4327890015831984e-03
40                                    -3.5444148289590230e-03
41                                    -3.9560706402794899e-03
42                                     1.1586445327462403e-03
43                                     2.2376375212024555e-03
44                                    -9.3877154507214207e-04
45                                    -7.3567399976155086e-03
46                                    -1.3001031137304493e-03
47                                     3.1715041164601006e-03
48                                    -2.6409703095678084e-04
49                                     1.3815257011468760e-03
50                                    -7.9181949197798838e-05
51                                    -2.5284390398744921e-03
52                                     2.9829342448690621e-03
53                                    -1.0320173374276076e-03
54                                     6.4313640070116553e-03
55                                     4.4534427080212477e-03
56                                    -1.8718950560121165e-03
57                                    -4.1058402943351287e-03
58                                    -3.3517710200597511e-03
59                                    -7.8275797903418188e-04
60                                     5.5471829676854046e-05
61                                    -3.3623418146813823e-03
62                                    -2.0331239123041802e-04
63                                    -2.5545251839959997e-04
64                                     1.6312773024807963e-03
65                                    -1.6039100666918071e-03
66                                    -1.1940408123050363e-03
67                                     7.6995771315052283e-04
68                                     8.5197435658096107e-04
69                                    -4.7194550970442779e-04
70                                    -8.1857615745673602e-04
71                                     1.2038993399313610e-04
72                                     1.9521532650433960e-03
73                                     7.6474981489437095e-04
74                                    -1.9895095982082363e-04
75                                    -8.2710809410421640e-04
76                                    -8.9115405009019719e-04
77                                    -7.2176213652784364e-04
78                                     3.2149902131221658e-04
79                                    -3.0046984132174831e-04
80                                     7.5614861081255863e-04
81                                     8.1557905383930647e-04
82                                    -4.3324734331380912e-04
83                                     1.2069505493454437e-03
84                                     9.5152252117880227e-04
85                                     1.9619229179468074e-04
86                                    -1.3274745378140823e-03
87                                     2.8043788504331980e-04
88                                    -1.6657736315362076e-03
89                                     6.8840141674464579e-04
90                                    -2.1757318199945061e-03
91                                    -4.6417892536459830e-04
92                                    -6.6732208601897661e-05
93                                    -4.1585750836254157e-04
94                                     7.7666799619615376e-04
95                                    -1.2801293796749470e-05
96                                     2.1053109354119993e-04
97                                     1.1526156157299012e-03
98                                    -1.9455993180304390e-04
99                                    -6.0728612755448440e-04
100                                    5.0379744627327327e-04
101                                   -5.2224433462305501e-04
102                                   -2.3761130257079852e-03
103                                    5.5344897118067777e-03
104                                   -6.9085375168239250e-03
   &Method [&Type "String"] "SCF"
   &Level [&Type "String"] "Relaxed density"
   &Mult [&Type "Integer"] 1
   &State [&Type "Integer"] 0
   &Irrep [&Type "Integer"] 0
$End
$Geometry
   &GeometryIndex 4
   &NAtoms [&Type "Integer"] 35
   &NCorelessECP [&Type "Integer"] 0
   &NGhostAtoms [&Type "Integer"] 0
   &CartesianCoordinates [&Type "Coordinates", &Dim(35,4), &Units "Bohr"] 
              P      6.709647425234   -2.854905155737    0.212512508705
              O      0.628673853681    1.924319143009   -2.122643270456
              O      0.953561854053    7.519787498584   -0.593294101750
              O     -2.922975826698    5.583025939468    2.264045833311
              O      5.166791757586   -0.475388323701   -0.995214650667
              O     -6.823974497947    1.866595422678   -0.876417535339
              O      7.457285064455   -4.439270853478   -1.984124786308
              O      5.251251586942   -3.950651753145    2.351844093691
              O      9.130189575485   -1.517798711964    1.454351612557
              N     -2.961302964424   -0.016895502088   -0.513999154030
              N     -6.661115279229   -2.350600408979   -0.179638674555
              N     -6.688085178301   -6.629271152747    0.588439834521
              C      1.380249196677    5.250498589271    0.728664663151
              C     -1.055657808328    3.887101212507    1.482959507245
              C      2.666418511201    3.230856870831   -0.865358375517
              C     -1.670873443305    2.414226006772   -0.940425783298
              C      4.255443593408    1.415844210721    0.654574826474
              C     -1.634194441633   -2.160348939905   -0.103244631067
              C     -5.556512844239   -0.006578913130   -0.562049432141
              C     -2.754869334574   -4.423248693913    0.279938668681
              C     -5.413146221297   -4.544207081639    0.232168144748
              H      2.500882989391    5.772832033699    2.375447745127
              H     -0.608678524751    2.527176099897    2.982896543846
              H      3.819080691883    4.085440235104   -2.346706822300
              H     -2.934960341962    3.511434679119   -2.148080164430
              H      3.134209553423    0.552025721324    2.165402337172
              H      5.816246231618    2.456387361831    1.530936612156
              H      0.118997806377    7.168070613004   -2.172035144869
              H     -4.435279577980    4.652504459548    2.658711808823
              H      0.399379960607   -1.961835465293   -0.135879274409
              H     -1.669173678217   -6.118532337208    0.606131885565
              H     -5.765209392270   -8.268042385454    0.882265101548
              H     -8.593017695643   -6.664221745051    0.553315770999
              H     10.257762525435   -0.812925102934    0.209629886330
              H     -8.563298059228   -2.342947110535   -0.459187443875
$End
$SCF_Energy
   &GeometryIndex 4
   &Method [&Type "String"] "SCF"
   &totalEnergy [&Type "ArrayOfDoubles", &Dim (1,1)] "Total energy of each state"
                                                         0

0                                     -1.4581057629531740e+03
   &Mult [&Type "ArrayOfIntegers", &Dim (1,1)] "Multiplicity of each state"
                                                         0

0                                                        1
$End
$DFT_Energy
   &GeometryIndex 4
   &nAlphaEl [&Type "Integer"] 83
   &nBetaEl [&Type "Integer"] 83
   &nTotalEl [&Type "Integer"] 167
   &finalEn [&Type "Double"]      -1.4581057629531740e+03  "No Van der Waals correction"
   &eExchange [&Type "Double"]      -1.2010478741957654e+02
   &eCorr [&Type "Double"]      -5.8365869438713602e+00
   &eXC [&Type "Double"]      -1.2594137436344789e+02
   &eCNL [&Type "Double"]       0.0000000000000000e+00
$End
$Solvation_Details
   &GeometryIndex 4
   &Solvent [&Type "String"] "WATER"
   &Epsilon [&Type "Double"]       8.0150999999999996e+01
   &Refrac [&Type "Double"]       1.3328000000000000e+00
   &RSolv [&Type "Double"]       1.3000000000000000e+00
   &SurfaceType [&Type "String"] "GAUSSIAN VDW"
   &CPCMDielEnergy [&Type "Double"]      -1.4214250700000000e-01
   &NPoints [&Type "Integer"] 2866
   &SurfaceArea [&Type "Double"]       1.1395403794280001e+03
$End
$SCF_Timings
   &GeometryIndex 4
   &TOTAL [&Type "Double"]       8.8255435000000006e+01
   &PREP [&Type "Double"]       6.8559799999999993e-01
   &FOCK [&Type "Double"]       8.0938004999999990e+01
   &DENS [&Type "Double"]       3.5754600000001346e-01
   &ETOT [&Type "Double"]       1.2948799999999139e-01
   &POP [&Type "Double"]       9.9999999747524271e-07
   &TRAFO [&Type "Double"]       4.7977200000000764e-01
   &DIIS [&Type "Double"]       1.4272359999999953e+00
   &SOSCF [&Type "Double"]       1.0931859999999922e+00
   &XC [&Type "Double"]       9.8145460000000018e+00
   &FOCKSTART [&Type "Double"]       4.0219999999999145e-02
   &SOLV [&Type "Double"]       7.9892900000000004e+00
   &SOLV_INIT [&Type "Double"]       1.9739600000000007e-01
   &SOLV_FINAL [&Type "Double"]       9.9999999747524271e-07
   &INT_PREP [&Type "Double"]       2.0000000020559128e-06
   &INT_BF [&Type "Double"]       1.6794919999999625e+00
   &INT_DENS [&Type "Double"]       2.9081180000001687e+00
   &INT_DENSIO [&Type "Double"]       1.6860175761000020e+05
   &INT_FUNC [&Type "Double"]       9.4106999999665319e-02
   &INT_POT [&Type "Double"]       1.9922830000000058e+00
   &INT_POTIO [&Type "Double"]       2.2883999999878668e-02
   &INT_SUM [&Type "Double"]       2.3949999999910432e-03
   &SPLITRIJ [&Type "Double"]       6.3077519999999874e+00
   &COSX [&Type "Double"]       6.0414279000000001e+01
$End
$VdW_Correction
   &GeometryIndex 4
   &vdW [&Type "Double"]      -3.9354962742142049e-02
$End
$Single_Point_Data
   &GeometryIndex 4
   &FinalEnergy [&Type "Double"]      -1.4581451179159162e+03  "Final single point energy"
   &Converged [&Type "Boolean"] true
$End
$SCF_Nuc_Gradient
   &GeometryIndex 4
   &NAtoms [&Type "Integer"] 35
   &gradNorm [&Type "Double"]       2.2533271606397166e-02
   &grad [&Type "ArrayOfDoubles", &Dim (105,1)] 
                                                         0

0                                      7.2294502928098277e-03
1                                      4.3479573336990323e-03
2                                      4.9080683413946138e-03
3                                     -8.2666262269930567e-04
4                                     -9.4410760693184237e-04
5                                      9.8798234774310351e-04
6                                     -7.6865239794392075e-04
7                                      1.1963149277515847e-03
8                                     -4.0367899602619623e-04
9                                     -9.2160975099348159e-04
10                                     3.8532161962211793e-04
11                                     2.0963079653474352e-03
12                                    -2.1984658929657549e-03
13                                     7.3297266861530920e-04
14                                    -1.2885075866107610e-03
15                                     6.6197149040864742e-04
16                                    -2.9747644976785511e-03
17                                     8.8640274115305516e-04
18                                    -1.3398526554402108e-04
19                                    -4.3494905263214182e-04
20                                     1.7115069948753863e-03
21                                     1.2378230037319964e-03
22                                    -4.7931695192764216e-04
23                                    -1.5987982076505157e-03
24                                    -7.0830930120648564e-03
25                                    -4.7353986899907295e-03
26                                    -4.7709796020781476e-03
27                                    -1.9341226222492429e-03
28                                    -2.7621630280023112e-03
29                                    -9.9467856378214893e-04
30                                     1.1035725598896495e-03
31                                    -1.5379993988965917e-03
32                                     6.3824572118454364e-03
33                                     2.5651185912784757e-03
34                                     2.7384092113688081e-03
35                                     5.6862765780367496e-04
36                                    -2.6986119761964603e-05
37                                    -1.2803720227415004e-03
38                                     2.2638766511098103e-04
39                                     1.9943549646351138e-03
40                                    -9.1477087188549791e-04
41                                    -1.5799708766776614e-03
42                                     1.1431975449633126e-03
43                                    -7.3832694226110343e-04
44                                     9.2353753742015871e-04
45                                    -1.9721347403098503e-03
46                                    -3.3841754383927823e-04
47                                     5.7633482735674796e-04
48                                     1.7512336031394432e-03
49                                     1.3098260261247151e-03
50                                    -2.5508739850383305e-04
51                                    -1.3171917693202229e-04
52                                     2.8005893401743111e-03
53                                    -2.3015677419953675e-04
54                                     3.7304115961745627e-03
55                                     6.9831181788969710e-03
56                                    -2.7495097503853370e-03
57                                    -2.7035909677984226e-03
58                                     1.1169872363123727e-03
59                                    -9.3059935129394917e-04
60                                     1.5519990706822021e-03
61                                    -7.8410421139657339e-03
62                                    -1.6315953686128702e-04
63                                     3.4578212163808867e-05
64                                     1.3294680612673977e-03
65                                    -1.1075204715050577e-03
66                                    -3.8195311357725652e-04
67                                     4.9282516855387367e-05
68                                     4.7909554393488533e-05
69                                    -1.5296566969027919e-04
70                                    -3.6521880334100456e-04
71                                     1.2097358482473033e-04
72                                     3.7497426824148402e-04
73                                     4.0708542931880583e-04
74                                     6.9373356893153446e-04
75                                    -1.0285980798195394e-03
76                                    -4.4697696954534838e-04
77                                    -7.4465499039138010e-04
78                                    -1.0207243810301161e-04
79                                    -1.6627534591782565e-04
80                                     6.9647814753785926e-04
81                                     6.0077958029081439e-04
82                                    -1.9606029273628030e-04
83                                     5.4973334511325053e-04
84                                     4.0768501462114509e-04
85                                     3.8790359830426853e-04
86                                    -8.8478933233687924e-04
87                                    -1.7887634266699684e-04
88                                    -2.8987511192311773e-05
89                                     1.4331510220056095e-04
90                                    -1.2552522743205688e-03
91                                    -4.9931897472187581e-04
92                                     4.4770249829793036e-05
93                                    -2.0826567330484275e-04
94                                     3.5647142349534136e-04
95                                    -1.3001112399518380e-04
96                                     1.8690900762967247e-04
97                                     5.0032309646039078e-04
98                                     2.8707599643332697e-05
99                                     4.8767132239773781e-05
100                                    6.4387029380984933e-04
101                                    5.7995110163412027e-04
102                                   -2.6138198312197092e-03
103                                    1.3985656919833927e-03
104                                   -4.3410829803353949e-03
   &Method [&Type "String"] "SCF"
   &Level [&Type "String"] "Relaxed density"
   &Mult [&Type "Integer"] 1
   &State [&Type "Integer"] 0
   &Irrep [&Type "Integer"] 0
$End
$Geometry
   &GeometryIndex 5
   &NAtoms [&Type "Integer"] 35
   &NCorelessECP [&Type "Integer"] 0
   &NGhostAtoms [&Type "Integer"] 0
   &CartesianCoordinates [&Type "Coordinates", &Dim(35,4), &Units "Bohr"] 
              P      6.316862711631   -2.977767961200    0.241682479479
              O      0.643089794774    2.053400472508   -2.189869631308
              O      0.988248352903    7.630774123701   -0.539050292557
              O     -2.973403929830    5.657761861386    2.164594904892
              O      5.031784511143   -0.468673496893   -0.987194311670
              O     -6.804581208183    1.818239296198   -0.710334880698
              O      6.973531247559   -4.603584911178   -1.948098310087
              O      4.737427744551   -3.918139589991    2.364305250985
              O      8.839907317013   -1.855618369423    1.553936054903
              N     -2.882162371150    0.006818483778   -0.551107797839
              N     -6.512791072985   -2.405965002399   -0.095596783369
              N     -6.436654906407   -6.699056342055    0.604362622295
              C      1.364512850653    5.329075332121    0.728803306417
              C     -1.092548126120    3.967338683858    1.427823206640
              C      2.663303111437    3.329134482631   -0.880247104146
              C     -1.659160915799    2.478584772422   -1.001157647068
              C      4.216580034422    1.481509525499    0.643705099057
              C     -1.490906604564   -2.110130053475   -0.216684163743
              C     -5.486896662245   -0.036201280350   -0.482037810809
              C     -2.543509989980   -4.401666664959    0.184725968859
              C     -5.204647615678   -4.580097276755    0.237254162974
              H      2.461085756378    5.786709659022    2.413709712139
              H     -0.662281410920    2.609509148403    2.935202081470
              H      3.843340943150    4.202654881249   -2.330457501092
              H     -2.973397985800    3.526867059254   -2.201637557103
              H      3.096966723791    0.685474265976    2.191543376529
              H      5.828786834685    2.482450989933    1.469829017751
              H      0.157176355051    7.338661990138   -2.133745804857
              H     -4.478173023183    4.724502222861    2.587927119798
              H      0.533973287699   -1.855936273581   -0.339540366271
              H     -1.395229752697   -6.068599052345    0.442741407704
              H     -5.470501556610   -8.323651232417    0.838641440720
              H     -8.340628153218   -6.775457167699    0.630293282909
              H     10.070101342003   -1.288405442256    0.337143796918
              H     -8.425456566045   -2.460060673494   -0.175526190183
$End
$SCF_Energy
   &GeometryIndex 5
   &Method [&Type "String"] "SCF"
   &totalEnergy [&Type "ArrayOfDoubles", &Dim (1,1)] "Total energy of each state"
                                                         0

0                                     -1.4581066982413399e+03
   &Mult [&Type "ArrayOfIntegers", &Dim (1,1)] "Multiplicity of each state"
                                                         0

0                                                        1
$End
$DFT_Energy
   &GeometryIndex 5
   &nAlphaEl [&Type "Integer"] 84
   &nBetaEl [&Type "Integer"] 84
   &nTotalEl [&Type "Integer"] 167
   &finalEn [&Type "Double"]      -1.4581066982413399e+03  "No Van der Waals correction"
   &eExchange [&Type "Double"]      -1.2009931995353503e+02
   &eCorr [&Type "Double"]      -5.8368520199738221e+00
   &eXC [&Type "Double"]      -1.2593617197350885e+02
   &eCNL [&Type "Double"]       0.0000000000000000e+00
$End
$Solvation_Details
   &GeometryIndex 5
   &Solvent [&Type "String"] "WATER"
   &Epsilon [&Type "Double"]       8.0150999999999996e+01
   &Refrac [&Type "Double"]       1.3328000000000000e+00
   &RSolv [&Type "Double"]       1.3000000000000000e+00
   &SurfaceType [&Type "String"] "GAUSSIAN VDW"
   &CPCMDielEnergy [&Type "Double"]      -1.3499674900000000e-01
   &NPoints [&Type "Integer"] 2838
   &SurfaceArea [&Type "Double"]       1.1283553779920001e+03
$End
$SCF_Timings
   &GeometryIndex 5
   &TOTAL [&Type "Double"]       8.0960723999999999e+01
   &PREP [&Type "Double"]       7.3897000000000002e-01
   &FOCK [&Type "Double"]       7.4183690000000013e+01
   &DENS [&Type "Double"]       1.8535399999999669e-01
   &ETOT [&Type "Double"]       1.0569000000000628e-01
   &POP [&Type "Double"]       1.0000000116860974e-06
   &TRAFO [&Type "Double"]       2.9462800000000300e-01
   &DIIS [&Type "Double"]       1.2504489999999997e+00
   &SOSCF [&Type "Double"]       9.3967499999999404e-01
   &XC [&Type "Double"]       8.3405100000000019e+00
   &FOCKSTART [&Type "Double"]       3.6630000000004159e-02
   &SOLV [&Type "Double"]       7.2024610000000049e+00
   &SOLV_INIT [&Type "Double"]       2.4494100000000002e-01
   &INT_PREP [&Type "Double"]       3.0000000030838692e-06
   &INT_BF [&Type "Double"]       1.4364260000001856e+00
   &INT_DENS [&Type "Double"]       2.2041009999999552e+00
   &INT_DENSIO [&Type "Double"]       1.4133217186000024e+05
   &INT_FUNC [&Type "Double"]       8.2987000000061428e-02
   &INT_POT [&Type "Double"]       1.7691379999998578e+00
   &INT_POTIO [&Type "Double"]       1.7770999999900283e-02
   &INT_SUM [&Type "Double"]       8.4599999999923625e-04
   &SPLITRIJ [&Type "Double"]       5.6859479999999998e+00
   &COSX [&Type "Double"]       5.6650084999999997e+01
$End
$VdW_Correction
   &GeometryIndex 5
   &vdW [&Type "Double"]      -3.9854596339371579e-02
$End
$Single_Point_Data
   &GeometryIndex 5
   &FinalEnergy [&Type "Double"]      -1.4581465528376793e+03  "Final single point energy"
   &Converged [&Type "Boolean"] true
$End
$SCF_Nuc_Gradient
   &GeometryIndex 5
   &NAtoms [&Type "Integer"] 35
   &gradNorm [&Type "Double"]       1.2520695804654940e-02
   &grad [&Type "ArrayOfDoubles", &Dim (105,1)] 
                                                         0

0                                     -1.9853738101357423e-03
1                                     -1.5632168546824462e-03
2                                      5.3483355579374975e-04
3                                     -1.0579357863906759e-04
4                                     -1.7185150974229953e-03
5                                      1.3246157354048502e-03
6                                     -1.7285371694944067e-04
7                                      3.3296256799582725e-05
8                                      8.1820553209227943e-04
9                                      5.9764764777663505e-04
10                                    -6.7700388301176508e-04
11                                     1.0230964073065258e-03
12                                    -6.4312170565488042e-04
13                                    -4.5202004741550156e-04
14                                    -6.7642407882733627e-04
15                                    -8.4892588996929655e-04
16                                    -1.3200511606182434e-03
17                                     2.0709403836938623e-04
18                                    -1.5015368004716987e-04
19                                     1.6492589776141019e-03
20                                     2.0224274029907313e-03
21                                     3.2592701908007852e-03
22                                     1.1093712968291514e-03
23                                    -1.3019129588010636e-03
24                                    -1.8894403498916697e-03
25                                    -1.1277109722439660e-03
26                                    -1.8905677033332626e-03
27                                     9.4225747642885042e-04
28                                    -2.3755093734471838e-03
29                                    -6.6053533035019443e-04
30                                    -3.2971639636490165e-04
31                                     2.7874910302649273e-03
32                                     3.0272614728657945e-03
33                                    -1.3456528174777976e-03
34                                    -1.1525532041805524e-04
35                                     7.0964211825635026e-04
36                                    -6.1837213741500305e-04
37                                     2.7588453865492601e-05
38                                    -1.4106720648003632e-03
39                                    -4.1303947202448040e-04
40                                     7.6092888124506294e-04
41                                    -3.8803226173270741e-04
42                                     2.7206386532736761e-04
43                                    -9.4800799292022288e-04
44                                     1.3195233998921719e-03
45                                     1.4479225104069159e-03
46                                     8.4022519337666722e-04
47                                    -4.9432731800095611e-04
48                                     1.6334568095099575e-03
49                                     4.3067648523188799e-04
50                                    -1.4182641104728910e-04
51                                     9.0755961038740181e-04
52                                     7.3776611906571155e-05
53                                     8.2747530976623658e-04
54                                    -4.8005739140537056e-04
55                                     4.1656811721502603e-03
56                                    -1.7882366693098605e-03
57                                     1.3418469121907186e-05
58                                     2.8127665244828274e-03
59                                    -7.2026106216969022e-04
60                                     5.4882005978673361e-04
61                                    -5.3803337054190159e-03
62                                    -4.9061658207179000e-04
63                                     1.9376748481171407e-04
64                                     5.6078165609339771e-04
65                                    -1.8244245912210164e-04
66                                     4.3695964009226077e-04
67                                    -2.7298351169051925e-04
68                                    -2.3177379144445341e-04
69                                     1.8779814618805350e-04
70                                     9.3775834580128573e-05
71                                    -1.1855531044155309e-04
72                                    -8.4095009243507417e-04
73                                     1.4369555720678478e-04
74                                     8.7458636424808439e-04
75                                    -8.8025929138447405e-04
76                                    -1.3583000854428814e-04
77                                    -6.9161762836220391e-04
78                                    -2.0411327053696372e-04
79                                    -9.7218047080619029e-05
80                                     3.9812481795247347e-04
81                                     2.3548841202103990e-04
82                                     1.2108873208998940e-04
83                                    -4.0389434352081923e-04
84                                    -2.7492671904350539e-04
85                                     2.7781884921910415e-04
86                                    -2.6110789822032983e-04
87                                    -1.2429840667615473e-04
88                                     8.8402401508063918e-04
89                                    -2.5401042583227801e-04
90                                    -2.2001401796914902e-04
91                                    -3.8299524374516263e-04
92                                     5.5184104135549290e-05
93                                     1.9289806396781894e-04
94                                    -1.2265287969629915e-04
95                                    -1.9025647383576360e-04
96                                     9.6853377272103372e-05
97                                     4.4346985182336260e-04
98                                     9.3879531358738192e-05
99                                     3.9786753249645274e-04
100                                    5.9726705081337875e-04
101                                    9.7551382814260214e-04
102                                    1.6301337554740358e-04
103                                   -1.1236783100562313e-03
104                                   -1.9143928441474178e-03
   &Method [&Type "String"] "SCF"
   &Level [&Type "String"] "Relaxed density"
   &Mult [&Type "Integer"] 1
   &State [&Type "Integer"] 0
   &Irrep [&Type "Integer"] 0
$End
$Geometry
   &GeometryIndex 6
   &NAtoms [&Type "Integer"] 35
   &NCorelessECP [&Type "Integer"] 0
   &NGhostAtoms [&Type "Integer"] 0
   &CartesianCoordinates [&Type "Coordinates", &Dim(35,4), &Units "Bohr"] 
              P      5.870382133343   -3.084597727723    0.208052855645
              O      0.666489298444    2.203001377754   -2.290350875772
              O      1.015856787213    7.740210670572   -0.491046197797
              O     -3.025918661534    5.728600160236    2.028315016215
              O      4.954716456652   -0.422151536913   -1.019620364230
              O     -6.720194092082    1.782639235945   -0.407434814295
              O      6.622714769860   -4.665511388259   -1.983556579836
              O      3.985033918580   -3.942212803067    2.105586596769
              O      8.336145358849   -2.253592323412    1.850541663062
              N     -2.778515144220    0.023395277717   -0.606489368246
              N     -6.330044837265   -2.453939742590    0.065967612876
              N     -6.140653956916   -6.760977622621    0.670180448635
              C      1.352248792712    5.406012838415    0.718539535557
              C     -1.124329306672    4.041796663763    1.352135830751
              C      2.667708754478    3.440437641180   -0.919092432752
              C     -1.637345440604    2.537500293450   -1.082189799306
              C      4.184698970263    1.553158639485    0.603952683906
              C     -1.331630893289   -2.075937845765   -0.404991630946
              C     -5.373023424641   -0.067277213006   -0.336159837663
              C     -2.315085876774   -4.390812534334    0.032466172043
              C     -4.966820998501   -4.607586555481    0.265857187185
              H      2.422083169324    5.797243123253    2.438696925487
              H     -0.724479302986    2.692725965577    2.875500042629
              H      3.875005914065    4.342410102920   -2.328830735437
              H     -2.999866517504    3.532224670163   -2.275586969026
              H      3.058426374804    0.790749839155    2.163129306291
              H      5.824392750040    2.516863036381    1.419103436695
              H      0.175811407913    7.503963918409   -2.090993996417
              H     -4.522736802549    4.789758291397    2.471591036030
              H      0.675318387900   -1.785007051085   -0.667651591952
              H     -1.115823468740   -6.035350788566    0.179037758646
              H     -5.129098779470   -8.368438373202    0.815700161133
              H     -8.037771143269   -6.883169901805    0.810373861174
              H      9.749284007206   -1.802132273320    0.794415116650
              H     -8.229231537200   -2.543539604154    0.250790085936
$End
$SCF_Energy
   &GeometryIndex 6
   &Method [&Type "String"] "SCF"
   &totalEnergy [&Type "ArrayOfDoubles", &Dim (1,1)] "Total energy of each state"
                                                         0

0                                     -1.4581066951647779e+03
   &Mult [&Type "ArrayOfIntegers", &Dim (1,1)] "Multiplicity of each state"
                                                         0

0                                                        1
$End
$DFT_Energy
   &GeometryIndex 6
   &nAlphaEl [&Type "Integer"] 84
   &nBetaEl [&Type "Integer"] 84
   &nTotalEl [&Type "Integer"] 168
   &finalEn [&Type "Double"]      -1.4581066951647779e+03  "No Van der Waals correction"
   &eExchange [&Type "Double"]      -1.2009560026597931e+02
   &eCorr [&Type "Double"]      -5.8381250264024178e+00
   &eXC [&Type "Double"]      -1.2593372529238174e+02
   &eCNL [&Type "Double"]       0.0000000000000000e+00
$End
$Solvation_Details
   &GeometryIndex 6
   &Solvent [&Type "String"] "WATER"
   &Epsilon [&Type "Double"]       8.0150999999999996e+01
   &Refrac [&Type "Double"]       1.3328000000000000e+00
   &RSolv [&Type "Double"]       1.3000000000000000e+00
   &SurfaceType [&Type "String"] "GAUSSIAN VDW"
   &CPCMDielEnergy [&Type "Double"]      -1.2554453500000001e-01
   &NPoints [&Type "Integer"] 2801
   &SurfaceArea [&Type "Double"]       1.1065704643040001e+03
$End
$SCF_Timings
   &GeometryIndex 6
   &TOTAL [&Type "Double"]       8.5834428000000003e+01
   &PREP [&Type "Double"]       7.1375299999999997e-01
   &FOCK [&Type "Double"]       7.7399598999999995e+01
   &DENS [&Type "Double"]       2.0132300000000214e-01
   &ETOT [&Type "Double"]       1.1263799999998980e-01
   &TRAFO [&Type "Double"]       5.1547700000001129e-01
   &DIIS [&Type "Double"]       2.0184140000000035e+00
   &SOSCF [&Type "Double"]       9.7809600000001140e-01
   &XC [&Type "Double"]       8.3662220000000076e+00
   &FOCKSTART [&Type "Double"]       3.7420000000006892e-02
   &SOLV [&Type "Double"]       7.4219689999999972e+00
   &SOLV_INIT [&Type "Double"]       2.1560099999999999e-01
   &INT_PREP [&Type "Double"]       4.0000000058881824e-06
   &INT_BF [&Type "Double"]       1.6303200000000544e+00
   &INT_DENS [&Type "Double"]       2.5312979999999801e+00
   &INT_DENSIO [&Type "Double"]       1.4782397576500021e+05
   &INT_FUNC [&Type "Double"]       9.1380999999971735e-02
   &INT_POT [&Type "Double"]       2.1238870000000531e+00
   &INT_POTIO [&Type "Double"]       1.9596999999903275e-02
   &INT_SUM [&Type "Double"]       2.0759999999988565e-03
   &SPLITRIJ [&Type "Double"]       5.8081079999999945e+00
   &COSX [&Type "Double"]       6.0243776999999980e+01
$End
$VdW_Correction
   &GeometryIndex 6
   &vdW [&Type "Double"]      -4.0592668858005110e-02
$End
$Single_Point_Data
   &GeometryIndex 6
   &FinalEnergy [&Type "Double"]      -1.4581472878336358e+03  "Final single point energy"
   &Converged [&Type "Boolean"] true
$End
$SCF_Nuc_Gradient
   &GeometryIndex 6
   &NAtoms [&Type "Integer"] 35
   &gradNorm [&Type "Double"]       1.5730806523656500e-02
   &grad [&Type "ArrayOfDoubles", &Dim (105,1)] 
                                                         0

0                                     -7.5495967290751887e-03
1                                     -3.1987944053048769e-03
2                                     -3.6656432390926156e-03
3                                      7.7707795961709806e-04
4                                     -1.9981276766208667e-03
5                                      7.6497161346852373e-04
6                                      4.3611080985634878e-05
7                                     -1.0506863373784157e-03
8                                      1.0684813405060379e-03
9                                      1.0700553153467202e-03
10                                    -1.9876569919221863e-03
11                                    -2.8371419734659264e-04
12                                    -6.5620489776391407e-04
13                                    -1.9640835401182424e-03
14                                     4.4062740118876558e-05
15                                    -6.2458133689197886e-04
16                                    -1.3049996620167912e-04
17                                     6.8626496096453295e-05
18                                     3.8325940422151867e-04
19                                     2.0756906623392176e-03
20                                     8.8067979387124813e-04
21                                     1.9113491462151634e-03
22                                     1.8611401610551786e-03
23                                     8.6151728197522974e-05
24                                     2.7631962998983578e-03
25                                     8.6638766278079697e-04
26                                     1.2140675186216687e-03
27                                     1.8782401963288098e-03
28                                     4.7764770163728439e-04
29                                    -4.1528356458520673e-04
30                                    -8.6789322240356161e-04
31                                     4.2329627883201069e-03
32                                     5.5949301607578414e-04
33                                    -2.7715916160771241e-03
34                                    -2.2974862813100643e-03
35                                     8.7876520612652925e-04
36                                    -5.2802625129348961e-04
37                                     9.3868037353182277e-04
38                                    -1.4955654282437700e-03
39                                    -1.4916420261792622e-03
40                                     1.6192208875110959e-03
41                                     6.8403621390867529e-05
42                                    -1.7958044908193357e-04
43                                     4.1229165601671541e-04
44                                     2.9604509837103727e-04
45                                     2.9765636394171882e-03
46                                     1.5736543177207844e-03
47                                    -6.4167207366236313e-04
48                                     1.1706117600368885e-03
49                                    -2.0072841896394541e-04
50                                     1.0904179625446470e-04
51                                     7.7918039008295810e-04
52                                    -3.0441750779126118e-03
53                                     2.1821103195731844e-03
54                                    -3.7381728973685945e-03
55                                    -2.7374423689491138e-05
56                                    -1.5550919004574443e-03
57                                     2.7220611216168984e-03
58                                     2.7901509009537655e-03
59                                    -2.2922341760672405e-04
60                                    -1.4799154676136917e-03
61                                    -3.2056202935536204e-04
62                                    -4.5076675921494098e-04
63                                     1.3588523192135932e-04
64                                    -2.9655950595204247e-04
65                                     5.1332331361516020e-04
66                                     9.6343135538263592e-04
67                                    -2.7949384446545114e-04
68                                    -2.0503897891607835e-04
69                                     3.0107307705237729e-04
70                                     4.6661295828899572e-04
71                                    -8.9641146949212162e-05
72                                    -1.3797519483325761e-03
73                                    -1.3727115086251124e-04
74                                     8.1325102070352957e-04
75                                    -8.2100553521494905e-06
76                                     1.9377558349800535e-04
77                                    -3.7233303562621766e-04
78                                    -2.2527585071281862e-04
79                                    -9.4822484812674755e-05
80                                     3.7671885907766486e-04
81                                     1.0417414199911517e-05
82                                     3.2072816928571614e-04
83                                    -8.4533696873396482e-04
84                                    -5.6902778163593127e-04
85                                     4.0912712198323928e-04
86                                     5.8477966986093582e-04
87                                     8.8503737354513425e-04
88                                     1.1998729946788918e-03
89                                    -9.0753585630741062e-04
90                                     4.3841663873149213e-04
91                                    -3.8450637225054198e-04
92                                    -1.6615287923103024e-04
93                                     4.9032646030658811e-04
94                                    -3.2357912739300755e-04
95                                    -1.3556163040688349e-04
96                                    -1.3372620066840114e-04
97                                    -1.8412910496896559e-04
98                                     5.9838612824260256e-05
99                                     3.2336386438607738e-04
100                                    4.4381536184241017e-04
101                                    1.0226472154561202e-03
102                                    2.1800389593547810e-03
103                                   -1.9612225374018707e-03
104                                   -1.3289790258529184e-04
   &Method [&Type "String"] "SCF"
   &Level [&Type "String"] "Relaxed density"
   &Mult [&Type "Integer"] 1
   &State [&Type "Integer"] 0
   &Irrep [&Type "Integer"] 0
$End
$Geometry
   &GeometryIndex 7
   &NAtoms [&Type "Integer"] 35
   &NCorelessECP [&Type "Integer"] 0
   &NGhostAtoms [&Type "Integer"] 0
   &CartesianCoordinates [&Type "Coordinates", &Dim(35,4), &Units "Bohr"] 
              P      6.134672597931   -3.016326997601    0.209935240663
              O      0.675306453723    2.140935645083   -2.284133491384
              O      1.021483920446    7.691994116095   -0.477779664354
              O     -3.058275211836    5.714458196323    1.949013276367
              O      5.126130078322   -0.378549478362   -1.004820682198
              O     -6.694581852980    1.845440984190   -0.270978272870
              O      6.972905878302   -4.546910539095   -1.989786239710
              O      4.247607427326   -3.970218495118    2.063991820519
              O      8.545229434486   -2.111317571034    1.893412232201
              N     -2.817530832562   -0.012410877422   -0.617798338530
              N     -6.412892675172   -2.408442050638    0.125444867053
              N     -6.309078840974   -6.722648088322    0.668594371752
              C      1.337968288993    5.352420123712    0.728740108766
              C     -1.155381420005    4.004885578268    1.330144519060
              C      2.667071234491    3.396636467032   -0.910634380070
              C     -1.642442258574    2.485142776860   -1.099502868074
              C      4.229706743015    1.544934305117    0.618026821281
              C     -1.419019911820   -2.149305312418   -0.473015323656
              C     -5.400358734500   -0.045002853294   -0.264224016371
              C     -2.448923845912   -4.443455576085   -0.031269851288
              C     -5.097086764238   -4.591345479112    0.264341750987
              H      2.391853650946    5.733408574196    2.460427731359
              H     -0.798632844281    2.670744319977    2.876474175335
              H      3.858653867180    4.314303946999   -2.322455371963
              H     -2.977021883946    3.482406551674   -2.321222672943
              H      3.117727890826    0.725224703481    2.158905065464
              H      5.814647294554    2.570061471477    1.466015515961
              H      0.177123803242    7.462646058524   -2.075800087840
              H     -4.566943865297    4.786623476686    2.374942567820
              H      0.587449532273   -1.912162356940   -0.773709942550
              H     -1.287433451222   -6.116660805112    0.075463677926
              H     -5.331942020832   -8.353412525578    0.777026054697
              H     -8.204981849382   -6.805130108557    0.849716315214
              H      9.955690589558   -1.617736547490    0.851588480470
              H     -8.304953354653   -2.440775173049    0.390864750547
$End
$SCF_Energy
   &GeometryIndex 7
   &Method [&Type "String"] "SCF"
   &totalEnergy [&Type "ArrayOfDoubles", &Dim (1,1)] "Total energy of each state"
                                                         0

0                                     -1.4581076997863499e+03
   &Mult [&Type "ArrayOfIntegers", &Dim (1,1)] "Multiplicity of each state"
                                                         0

0                                                        1
$End
$DFT_Energy
   &GeometryIndex 7
   &nAlphaEl [&Type "Integer"] 84
   &nBetaEl [&Type "Integer"] 84
   &nTotalEl [&Type "Integer"] 168
   &finalEn [&Type "Double"]      -1.4581076997863499e+03  "No Van der Waals correction"
   &eExchange [&Type "Double"]      -1.2009220393143389e+02
   &eCorr [&Type "Double"]      -5.8363974341852458e+00
   &eXC [&Type "Double"]      -1.2592860136561913e+02
   &eCNL [&Type "Double"]       0.0000000000000000e+00
$End
$Solvation_Details
   &GeometryIndex 7
   &Solvent [&Type "String"] "WATER"
   &Epsilon [&Type "Double"]       8.0150999999999996e+01
   &Refrac [&Type "Double"]       1.3328000000000000e+00
   &RSolv [&Type "Double"]       1.3000000000000000e+00
   &SurfaceType [&Type "String"] "GAUSSIAN VDW"
   &CPCMDielEnergy [&Type "Double"]      -1.2980703199999999e-01
   &NPoints [&Type "Integer"] 2845
   &SurfaceArea [&Type "Double"]       1.1158753978390000e+03
$End
$SCF_Timings
   &GeometryIndex 7
   &TOTAL [&Type "Double"]       8.4069401999999997e+01
   &PREP [&Type "Double"]       7.3485899999999993e-01
   &FOCK [&Type "Double"]       7.6322222999999994e+01
   &DENS [&Type "Double"]       1.9259399999999971e-01
   &ETOT [&Type "Double"]       1.0699100000000961e-01
   &POP [&Type "Double"]       9.9999999747524271e-07
   &TRAFO [&Type "Double"]       4.9169000000000374e-01
   &DIIS [&Type "Double"]       1.1552869999999995e+00
   &SOSCF [&Type "Double"]       1.1128340000000030e+00
   &XC [&Type "Double"]       8.8097610000000053e+00
   &FOCKSTART [&Type "Double"]       3.5620999999999348e-02
   &SOLV [&Type "Double"]       7.2081669999999907e+00
   &SOLV_INIT [&Type "Double"]       2.3207500000000003e-01
   &SOLV_FINAL [&Type "Double"]       9.9999999747524271e-07
   &INT_PREP [&Type "Double"]       5.0000000033634251e-06
   &INT_BF [&Type "Double"]       1.2351619999999741e+00
   &INT_DENS [&Type "Double"]       2.0954330000000052e+00
   &INT_DENSIO [&Type "Double"]       1.4271649202600014e+05
   &INT_FUNC [&Type "Double"]       7.5559000000321674e-02
   &INT_POT [&Type "Double"]       1.4569170000001090e+00
   &INT_POTIO [&Type "Double"]       1.8589999999848672e-02
   &INT_SUM [&Type "Double"]       1.3790000000089009e-03
   &SPLITRIJ [&Type "Double"]       5.8137920000000012e+00
   &COSX [&Type "Double"]       5.8857802000000000e+01
$End
$VdW_Correction
   &GeometryIndex 7
   &vdW [&Type "Double"]      -4.0110817213341012e-02
$End
$Single_Point_Data
   &GeometryIndex 7
   &FinalEnergy [&Type "Double"]      -1.4581478106035634e+03  "Final single point energy"
   &Converged [&Type "Boolean"] true
$End
$SCF_Nuc_Gradient
   &GeometryIndex 7
   &NAtoms [&Type "Integer"] 35
   &gradNorm [&Type "Double"]       1.1507150675927318e-02
   &grad [&Type "ArrayOfDoubles", &Dim (105,1)] 
                                                         0

0                                     -3.2763021857232857e-03
1                                     -2.9431192366691176e-03
2                                     -2.4490230575027311e-03
3                                      9.5016991657743315e-04
4                                      1.0248441685310876e-04
5                                     -1.0725114451748091e-03
6                                     -2.1036133868724969e-04
7                                     -1.3730603885029899e-03
8                                      5.8628080761586362e-04
9                                      2.8277508249594939e-04
10                                    -2.1551116167755455e-03
11                                    -9.7931999515655892e-04
12                                     1.8024985343069677e-04
13                                    -1.5554308851500834e-03
14                                    -3.3685426366273464e-05
15                                    -1.7718462566416044e-04
16                                     5.2632150101890969e-04
17                                    -3.7816974947995865e-04
18                                     2.5764913169958140e-05
19                                     1.0800840830544512e-03
20                                    -2.4419188464943714e-04
21                                     4.7502149175933080e-04
22                                     1.2497321273646817e-03
23                                     4.6122828414209608e-04
24                                     2.8703560717102195e-03
25                                     9.7273049988581524e-04
26                                     1.6751487609238250e-03
27                                    -3.8177453245682920e-04
28                                     2.0349768994465524e-03
29                                    -4.9522653380892575e-04
30                                    -8.9170125327821172e-04
31                                     2.1554094124502333e-03
32                                     1.6765736120184668e-04
33                                    -2.0625368258115461e-03
34                                    -2.0132881506642651e-03
35                                     6.2436302741662199e-04
36                                    -5.7609911635123019e-05
37                                     5.3877744003221731e-04
38                                    -3.7084548878753417e-04
39                                    -7.9728039030801576e-04
40                                     1.0894071108542435e-03
41                                     1.0093033290439632e-05
42                                    -5.3544125994469359e-04
43                                     1.7827553667764536e-03
44                                    -1.0475168794800045e-03
45                                     1.5296918144583796e-03
46                                     1.7996001445627527e-04
47                                     2.3282419258851875e-04
48                                     9.3411401088574694e-04
49                                    -7.5673947870286511e-05
50                                     7.9888169652006589e-04
51                                     5.1776984011496908e-04
52                                    -2.9477188927764051e-03
53                                     1.4869688036700610e-03
54                                    -2.8694453866944377e-03
55                                    -1.6934078644331410e-03
56                                    -2.9720128602261768e-04
57                                     2.0019190186286195e-03
58                                     8.6018539264342913e-04
59                                    -1.1267272489362163e-04
60                                    -8.1837382861316122e-04
61                                     2.7657154691127094e-03
62                                    -7.7886530316972913e-04
63                                     1.2008699877558215e-04
64                                    -3.8213441172723700e-04
65                                     5.2008741809674887e-04
66                                     5.6319443144527007e-04
67                                     1.5850839152860161e-04
68                                    -1.2367951502687403e-05
69                                     4.6496344746983087e-05
70                                     3.4480396204979332e-04
71                                     7.0250783089934396e-05
72                                    -8.3105482290559253e-04
73                                    -2.2964074081674717e-04
74                                     5.4146745121147932e-04
75                                     6.4723373121672312e-04
76                                     4.6980345174669634e-04
77                                     3.4780740491182174e-04
78                                    -1.5838435542829717e-04
79                                    -6.6857858574079308e-04
80                                     2.2287890930225784e-04
81                                     1.2064733026517614e-04
82                                     1.9908764786903411e-04
83                                    -6.1573714918871454e-04
84                                    -2.7819113919026598e-04
85                                     5.9038748116523347e-04
86                                     1.0032912339940320e-03
87                                    -7.1332220130861947e-04
88                                     8.9375933501828887e-05
89                                    -6.0797940639652800e-04
90                                     5.0447328147434185e-04
91                                     2.5571960094919282e-04
92                                     3.5121973670806482e-05
93                                     1.5474060729916389e-04
94                                    -1.1050775165089732e-04
95                                    -4.9560752126225490e-05
96                                    -2.2693366179868288e-04
97                                    -2.2711267819394427e-04
98                                    -9.4958935871863561e-05
99                                     3.1847711534397098e-04
100                                    3.6627272367613530e-04
101                                    6.4311258125030640e-04
102                                    2.0427158297262132e-03
103                                   -1.4377137199756231e-03
104                                    2.1237023494877398e-04
   &Method [&Type "String"] "SCF"
   &Level [&Type "String"] "Relaxed density"
   &Mult [&Type "Integer"] 1
   &State [&Type "Integer"] 0
   &Irrep [&Type "Integer"] 0
$End
$Geometry
   &GeometryIndex 8
   &NAtoms [&Type "Integer"] 35
   &NCorelessECP [&Type "Integer"] 0
   &NGhostAtoms [&Type "Integer"] 0
   &CartesianCoordinates [&Type "Coordinates", &Dim(35,4), &Units "Bohr"] 
              P      6.103536803424   -3.040436440489    0.177338486902
              O      0.664233226008    2.165586602052   -2.306805949929
              O      1.070339486736    7.705543651774   -0.472770545493
              O     -3.086720669022    5.808650618281    1.825782821048
              O      5.160553540981   -0.356886514614   -0.995479313544
              O     -6.639832207759    1.852404013262   -0.033813969053
              O      7.039901261310   -4.506708802873   -2.029498053818
              O      4.117183391653   -4.055414667339    1.894060821488
              O      8.432467217558   -2.211718088514    2.002520008380
              N     -2.800949476178   -0.002219580152   -0.632322023032
              N     -6.357308961903   -2.412100895358    0.242332248340
              N     -6.218612167853   -6.731765579886    0.700097918062
              C      1.329027618370    5.354370576240    0.730453839716
              C     -1.198859286730    4.051895528724    1.285878031900
              C      2.651965540099    3.386611644299   -0.900250547452
              C     -1.657920364022    2.504543268020   -1.133615168287
              C      4.174576078271    1.513138872717    0.636908698500
              C     -1.396430121457   -2.136537837406   -0.582377223145
              C     -5.354855346309   -0.042948994445   -0.138508421650
              C     -2.405511882072   -4.439758529796   -0.130116006177
              C     -5.033732745940   -4.592040165046    0.281836086062
              H      2.362125551268    5.713296347880    2.477761268891
              H     -0.912415108323    2.736024068947    2.861745257970
              H      3.872665920974    4.296432184067   -2.291073917956
              H     -2.987073372075    3.479263825837   -2.378480695770
              H      3.018025572348    0.645634211479    2.119135663672
              H      5.715650778322    2.539490279274    1.562934071675
              H      0.217148237286    7.496215485700   -2.067704372674
              H     -4.627491294120    4.906912936659    2.187902968024
              H      0.598381381669   -1.896348140795   -0.948736575033
              H     -1.240348279486   -6.112436913547   -0.094323109682
              H     -5.234609017527   -8.360733515710    0.742264219381
              H     -8.103264225329   -6.822563660728    0.969438490499
              H      9.895958885085   -1.719482967231    1.034983821612
              H     -8.234058897830   -2.435456360816    0.618439310213
$End
$SCF_Energy
   &GeometryIndex 8
   &Method [&Type "String"] "SCF"
   &totalEnergy [&Type "ArrayOfDoubles", &Dim (1,1)] "Total energy of each state"
                                                         0

0                                     -1.4581081417944611e+03
   &Mult [&Type "ArrayOfIntegers", &Dim (1,1)] "Multiplicity of each state"
                                                         0

0                                                        1
$End
$DFT_Energy
   &GeometryIndex 8
   &nAlphaEl [&Type "Integer"] 84
   &nBetaEl [&Type "Integer"] 84
   &nTotalEl [&Type "Integer"] 167
   &finalEn [&Type "Double"]      -1.4581081417944611e+03  "No Van der Waals correction"
   &eExchange [&Type "Double"]      -1.2009568781728845e+02
   &eCorr [&Type "Double"]      -5.8372134372861559e+00
   &eXC [&Type "Double"]      -1.2593290125457460e+02
   &eCNL [&Type "Double"]       0.0000000000000000e+00
$End
$Solvation_Details
   &GeometryIndex 8
   &Solvent [&Type "String"] "WATER"
   &Epsilon [&Type "Double"]       8.0150999999999996e+01
   &Refrac [&Type "Double"]       1.3328000000000000e+00
   &RSolv [&Type "Double"]       1.3000000000000000e+00
   &SurfaceType [&Type "String"] "GAUSSIAN VDW"
   &CPCMDielEnergy [&Type "Double"]      -1.2812330599999999e-01
   &NPoints [&Type "Integer"] 2811
   &SurfaceArea [&Type "Double"]       1.1101212178420001e+03
$End
$SCF_Timings
   &GeometryIndex 8
   &TOTAL [&Type "Double"]       7.1307694000000012e+01
   &PREP [&Type "Double"]       7.3229400000000000e-01
   &FOCK [&Type "Double"]       6.3273387000000000e+01
   &DENS [&Type "Double"]       1.7441300000000126e-01
   &ETOT [&Type "Double"]       8.4014999999995510e-02
   &POP [&Type "Double"]       9.9999999747524271e-07
   &TRAFO [&Type "Double"]       4.2994899999999880e-01
   &DIIS [&Type "Double"]       1.5301330000000029e+00
   &SOSCF [&Type "Double"]       8.5702500000000370e-01
   &XC [&Type "Double"]       6.4375439999999990e+00
   &FOCKSTART [&Type "Double"]       3.6739999999993223e-02
   &SOLV [&Type "Double"]       6.3087949999999946e+00
   &SOLV_INIT [&Type "Double"]       2.3331699999999994e-01
   &INT_PREP [&Type "Double"]       9.9999999747524271e-07
   &INT_BF [&Type "Double"]       1.2766459999998592e+00
   &INT_DENS [&Type "Double"]       1.8751580000000239e+00
   &INT_DENSIO [&Type "Double"]       9.5351639195000142e+04
   &INT_FUNC [&Type "Double"]       7.7418000000125886e-02
   &INT_POT [&Type "Double"]       1.5762269999998857e+00
   &INT_POTIO [&Type "Double"]       1.4456000000118152e-02
   &INT_SUM [&Type "Double"]       9.5000000000489138e-04
   &SPLITRIJ [&Type "Double"]       4.8306740000000001e+00
   &COSX [&Type "Double"]       5.0361522000000008e+01
$End
$VdW_Correction
   &GeometryIndex 8
   &vdW [&Type "Double"]      -4.0229072723013459e-02
$End
$Single_Point_Data
   &GeometryIndex 8
   &FinalEnergy [&Type "Double"]      -1.4581483708671840e+03  "Final single point energy"
   &Converged [&Type "Boolean"] true
$End
$SCF_Nuc_Gradient
   &GeometryIndex 8
   &NAtoms [&Type "Integer"] 35
   &gradNorm [&Type "Double"]       7.9689431501775380e-03
   &grad [&Type "ArrayOfDoubles", &Dim (105,1)] 
                                                         0

0                                     -6.0318022306184551e-04
1                                     -5.5367289257522169e-04
2                                     -1.5155478636026060e-03
3                                      3.2463352941001914e-04
4                                     -7.6331905062213500e-04
5                                     -8.0685677147280600e-04
6                                     -6.2794828538299840e-04
7                                     -6.0006075583229749e-04
8                                     -1.4329150553546446e-04
9                                     -8.3475694586588006e-04
10                                    -1.8558845563472304e-03
11                                    -1.0348203300081197e-03
12                                     3.2756901833838658e-04
13                                    -5.0689210859690436e-04
14                                     3.2253324070862082e-05
15                                     2.2607771213983753e-04
16                                    -1.1817630586163572e-04
17                                    -7.1630184745754861e-04
18                                    -6.5727262463089120e-05
19                                    -1.6464806979651263e-04
20                                    -8.0800986345467803e-04
21                                    -1.0840766473041604e-03
22                                    -1.3553907315422238e-04
23                                     4.6162244153841094e-04
24                                     2.3999772865010622e-03
25                                     4.3905317117374246e-04
26                                     1.9827164959050113e-03
27                                    -3.2400473705881884e-04
28                                     2.5899973035055355e-03
29                                    -1.2102378000382371e-03
30                                     1.9207367303486554e-04
31                                    -3.1055912385551132e-04
32                                    -5.1463019464262621e-04
33                                    -1.5719536079321925e-04
34                                    -3.7512112752946904e-04
35                                     3.7534881893492704e-05
36                                     2.6556700267865621e-04
37                                    -1.7630701618381211e-05
38                                     6.7246133227192586e-04
39                                     5.5681293715387388e-04
40                                     1.4968493023387243e-04
41                                    -2.3940463724776608e-04
42                                    -6.3518007124564561e-04
43                                     1.4361163952439613e-03
44                                    -1.1229263052550380e-03
45                                     4.2889251310440754e-04
46                                     8.9027566110629525e-05
47                                     7.3558640845265266e-04
48                                    -5.7960910558269214e-05
49                                    -4.7656130721252448e-04
50                                    -9.1341421659904697e-05
51                                    -3.3308866240071094e-04
52                                    -9.3304917539072444e-04
53                                     8.4154087455645373e-04
54                                    -1.6236681021551452e-03
55                                    -1.3844738382999967e-03
56                                     4.1445352290449912e-04
57                                     9.2752152892753952e-04
58                                    -9.7993104892164047e-04
59                                     2.0773462036873512e-04
60                                    -8.2752297906619099e-04
61                                     3.2175420243406314e-03
62                                    -2.8425638110574655e-04
63                                    -5.0497168218478265e-05
64                                    -3.3350328384685972e-04
65                                     2.4304994958637130e-04
66                                     2.5336402615425076e-04
67                                     1.9459067634854463e-04
68                                     9.1620716849985723e-06
69                                    -2.0298516611436175e-04
70                                     2.2550839386586117e-04
71                                     1.5014810092997853e-04
72                                    -1.9602158452951087e-04
73                                    -7.9214238084982696e-05
74                                     2.9592080825225579e-04
75                                     3.4721099878728381e-04
76                                     4.6475221730829980e-04
77                                     5.5774020135452163e-04
78                                     2.6412672205185846e-06
79                                    -3.5759101920832556e-04
80                                     7.0876942387153519e-06
81                                     3.4678633231109002e-04
82                                     9.7478201306916900e-05
83                                    -1.4420932220404604e-04
84                                     4.0749770438868913e-04
85                                     1.1883919021616462e-03
86                                     1.4120967468424989e-03
87                                    -3.1546428232178298e-04
88                                    -2.5029753517353447e-05
89                                    -8.0394694988726416e-05
90                                     2.9918622489682339e-04
91                                     3.4261855329862701e-04
92                                    -1.0214038901104771e-05
93                                     8.1418515774018152e-05
94                                     8.6625831225673367e-05
95                                     7.5422972176903633e-05
96                                    -7.2997265042066547e-05
97                                    -3.2850225379353804e-04
98                                    -2.1969282667646921e-04
99                                     1.0258669513138683e-04
100                                    1.8706357732571047e-04
101                                    1.6162212359185763e-04
102                                    5.2245863710672041e-04
103                                   -4.0909103858404383e-04
104                                    6.4398123829023744e-04
   &Method [&Type "String"] "SCF"
   &Level [&Type "String"] "Relaxed density"
   &Mult [&Type "Integer"] 1
   &State [&Type "Integer"] 0
   &Irrep [&Type "Integer"] 0
$End
$Geometry
   &GeometryIndex 9
   &NAtoms [&Type "Integer"] 35
   &NCorelessECP [&Type "Integer"] 0
   &NGhostAtoms [&Type "Integer"] 0
   &CartesianCoordinates [&Type "Coordinates", &Dim(35,4), &Units "Bohr"] 
              P      6.029607423363   -3.072319404374    0.192731853326
              O      0.673349989621    2.225086900829   -2.344446723471
              O      1.166184002217    7.737966023989   -0.441232818178
              O     -3.173456032016    5.998641468873    1.489333889630
              O      5.184547616249   -0.319144854387   -0.901468183710
              O     -6.362416898725    1.868619669387    0.636632994904
              O      7.049983123836   -4.470057342024   -2.025983001709
              O      3.934513886919   -4.144558726699    1.743376157043
              O      8.275663256233   -2.375069045277    2.153016254554
              N     -2.736571771429   -0.001980995500   -0.677163463454
              N     -6.182364308739   -2.412490757077    0.555274072931
              N     -6.050051139314   -6.744349912602    0.758608976419
              C      1.287115541437    5.365240038184    0.753350599294
              C     -1.313683890019    4.151973392522    1.169804787768
              C      2.624687024829    3.372528658639   -0.837002279775
              C     -1.670884163783    2.530700026173   -1.221798578311
              C      4.037364829983    1.454199067435    0.728840516099
              C     -1.369586276762   -2.141866967287   -0.909571208500
              C     -5.171530591321   -0.043164687573    0.193607230386
              C     -2.356696632346   -4.458111474429   -0.444845575701
              C     -4.901442272130   -4.601875637680    0.302368275841
              H      2.247563916147    5.685002064157    2.545648355028
              H     -1.209760507552    2.887298459460    2.808427170317
              H      3.926660267369    4.263491528850   -2.163505375598
              H     -2.982209354817    3.442720948259   -2.530644988274
              H      2.782812632271    0.505129730306    2.078165869559
              H      5.486987354520    2.469391803773    1.807560819367
              H      0.301829681144    7.575074460893   -2.033588314971
              H     -4.777625793916    5.136277023724    1.589044965640
              H      0.576325270074   -1.915293031695   -1.485113478811
              H     -1.227388469281   -6.143736302131   -0.630950778116
              H     -5.100066617381   -8.384177738253    0.593016258607
              H     -7.876069225749   -6.825699527229    1.296065426817
              H      9.795908401188   -1.931870007376    1.249697024924
              H     -7.985553204692   -2.403118393393    1.218681409764
$End
$SCF_Energy
   &GeometryIndex 9
   &Method [&Type "String"] "SCF"
   &totalEnergy [&Type "ArrayOfDoubles", &Dim (1,1)] "Total energy of each state"
                                                         0

0                                     -1.4581085670657367e+03
   &Mult [&Type "ArrayOfIntegers", &Dim (1,1)] "Multiplicity of each state"
                                                         0

0                                                        1
$End
$DFT_Energy
   &GeometryIndex 9
   &nAlphaEl [&Type "Integer"] 84
   &nBetaEl [&Type "Integer"] 84
   &nTotalEl [&Type "Integer"] 168
   &finalEn [&Type "Double"]      -1.4581085670657367e+03  "No Van der Waals correction"
   &eExchange [&Type "Double"]      -1.2010576312062267e+02
   &eCorr [&Type "Double"]      -5.8396086215617702e+00
   &eXC [&Type "Double"]      -1.2594537174218443e+02
   &eCNL [&Type "Double"]       0.0000000000000000e+00
$End
$Solvation_Details
   &GeometryIndex 9
   &Solvent [&Type "String"] "WATER"
   &Epsilon [&Type "Double"]       8.0150999999999996e+01
   &Refrac [&Type "Double"]       1.3328000000000000e+00
   &RSolv [&Type "Double"]       1.3000000000000000e+00
   &SurfaceType [&Type "String"] "GAUSSIAN VDW"
   &CPCMDielEnergy [&Type "Double"]      -1.2588616399999999e-01
   &NPoints [&Type "Integer"] 2807
   &SurfaceArea [&Type "Double"]       1.1042692552950000e+03
$End
$SCF_Timings
   &GeometryIndex 9
   &TOTAL [&Type "Double"]       8.5801490000000001e+01
   &PREP [&Type "Double"]       7.3414899999999994e-01
   &FOCK [&Type "Double"]       7.7780855000000031e+01
   &DENS [&Type "Double"]       2.0546499999997536e-01
   &ETOT [&Type "Double"]       1.1542099999999245e-01
   &TRAFO [&Type "Double"]       6.0525999999999414e-01
   &DIIS [&Type "Double"]       1.8736619999999959e+00
   &SOSCF [&Type "Double"]       1.0059490000000082e+00
   &XC [&Type "Double"]       8.7928260000000069e+00
   &FOCKSTART [&Type "Double"]       3.9620000000015421e-02
   &SOLV [&Type "Double"]       7.4304230000000118e+00
   &SOLV_INIT [&Type "Double"]       2.3238299999999995e-01
   &SOLV_FINAL [&Type "Double"]       9.9999999747524271e-07
   &INT_PREP [&Type "Double"]       4.0000000076645392e-06
   &INT_BF [&Type "Double"]       1.7157170000003212e+00
   &INT_DENS [&Type "Double"]       2.7709539999996267e+00
   &INT_DENSIO [&Type "Double"]       1.4804688515000016e+05
   &INT_FUNC [&Type "Double"]       9.2674999999966090e-02
   &INT_POT [&Type "Double"]       2.1954380000002480e+00
   &INT_POTIO [&Type "Double"]       2.1339999999829828e-02
   &INT_SUM [&Type "Double"]       2.8200000000389025e-04
   &SPLITRIJ [&Type "Double"]       5.9300070000000051e+00
   &COSX [&Type "Double"]       5.9645147999999999e+01
$End
$VdW_Correction
   &GeometryIndex 9
   &vdW [&Type "Double"]      -4.0443681004290272e-02
$End
$Single_Point_Data
   &GeometryIndex 9
   &FinalEnergy [&Type "Double"]      -1.4581490107467409e+03  "Final single point energy"
   &Converged [&Type "Boolean"] true
$End
$SCF_Nuc_Gradient
   &GeometryIndex 9
   &NAtoms [&Type "Integer"] 35
   &gradNorm [&Type "Double"]       1.7637903540896824e-02
   &grad [&Type "ArrayOfDoubles", &Dim (105,1)] 
                                                         0

0                                      4.9297506645818350e-03
1                                      3.2388939076554452e-03
2                                      1.2404962769911759e-03
3                                     -8.1869284925645844e-04
4                                     -2.1274603746045040e-03
5                                      4.6531279009784891e-04
6                                     -1.3629415031557498e-03
7                                      1.5291641466354177e-03
8                                     -1.2158548097323970e-03
9                                     -3.4095480874766723e-03
10                                    -2.0469616323953448e-03
11                                    -9.1067293780609706e-04
12                                     2.4460301765706269e-04
13                                     2.5075334130205255e-03
14                                     4.8817228490039395e-04
15                                     3.4013645002269137e-03
16                                     1.6660161288694497e-04
17                                     8.2703363564761204e-04
18                                    -4.4046102704780178e-04
19                                    -2.4578010705720230e-03
20                                    -1.3119125443900410e-03
21                                    -3.1380819212300732e-03
22                                    -2.0787609753860460e-03
23                                     3.3540492012621597e-04
24                                     8.9203809977758604e-05
25                                    -4.6827594336322693e-04
26                                     1.0487117519637078e-03
27                                    -1.3414344671577449e-03
28                                     1.3573716852651103e-03
29                                    -1.9210689465479355e-03
30                                     1.9997361897913712e-03
31                                    -5.3142809179926465e-03
32                                    -2.3339780931027269e-03
33                                     3.4258523014374016e-03
34                                     3.0019301948122357e-03
35                                    -1.5161843331740485e-03
36                                     7.0042096849924640e-04
37                                    -9.5854131957436614e-04
38                                     2.6445053536032158e-03
39                                     3.9291418954588240e-03
40                                    -2.1538820498080693e-03
41                                    -7.6068077733713077e-04
42                                    -5.2713470343106932e-04
43                                    -8.0971978672668855e-04
44                                    -2.5303604541663551e-04
45                                    -2.6867054840215136e-03
46                                    -1.5787070422549907e-04
47                                     1.3224079525907004e-03
48                                    -1.6925533464158934e-03
49                                    -5.8274240063485865e-04
50                                    -2.5016931524532307e-03
51                                    -1.1283671980856363e-03
52                                     4.6054419515102647e-03
53                                     8.6424675114950451e-04
54                                     1.5421521489268485e-03
55                                     6.0874657248493605e-04
56                                    -1.3000897052178962e-03
57                                    -2.0841408390638904e-03
58                                    -4.5706425675321729e-03
59                                     1.0730841896130626e-03
60                                     1.8069754448686432e-05
61                                     1.9099924562963372e-03
62                                     6.5221638044360875e-04
63                                    -3.3746054865255518e-04
64                                     2.0019082233441106e-04
65                                    -5.7304239604333024e-04
66                                    -8.4329674524232542e-04
67                                    -2.0075484966340255e-04
68                                    -2.8852949938048254e-04
69                                    -4.6816878360232943e-04
70                                    -1.3404570811049348e-04
71                                     2.2415216607890993e-04
72                                     1.1480993531011474e-03
73                                     4.4959271680924278e-04
74                                     6.7762543795085533e-05
75                                    -3.7598541076245900e-04
76                                     2.1107207238877165e-04
77                                     1.0024799740031244e-03
78                                     3.8109214082199499e-04
79                                     5.9440073179580269e-04
80                                    -4.6210901191032444e-04
81                                     7.5453269468635264e-04
82                                    -2.2170207392654972e-04
83                                     7.2304556464111659e-04
84                                     7.6462475065598983e-04
85                                     2.9225517687820105e-03
86                                     7.3612741435640221e-04
87                                     3.3537151109569918e-04
88                                    -1.2770659337657047e-03
89                                     7.3678745803495461e-04
90                                    -1.6586387524580241e-04
91                                     4.2333751003369397e-04
92                                    -4.6497406245143250e-05
93                                    -4.1857640746072465e-04
94                                     5.1235814974553355e-04
95                                     2.5612804946661055e-04
96                                     5.8959245440612254e-05
97                                    -2.2000029482149773e-05
98                                    -1.2164907449730610e-04
99                                    -3.0049728473889462e-04
100                                   -8.1222431795564625e-05
101                                   -9.7685969671128356e-04
102                                   -2.1830644961259760e-03
103                                    1.4245510955158956e-03
104                                    1.7857829786406538e-03
   &Method [&Type "String"] "SCF"
   &Level [&Type "String"] "Relaxed density"
   &Mult [&Type "Integer"] 1
   &State [&Type "Integer"] 0
   &Irrep [&Type "Integer"] 0
$End
$Geometry
   &GeometryIndex 10
   &NAtoms [&Type "Integer"] 35
   &NCorelessECP [&Type "Integer"] 0
   &NGhostAtoms [&Type "Integer"] 0
   &CartesianCoordinates [&Type "Coordinates", &Dim(35,4), &Units "Bohr"] 
              P      5.999514332340   -3.087926724870    0.188849922393
              O      0.662109908109    2.238735444408   -2.334032649468
              O      1.178519527023    7.744784278723   -0.467482571743
              O     -3.139288651614    6.003421344861    1.562916640598
              O      5.124134002987   -0.353494280540   -0.922636464487
              O     -6.465341535142    1.842838419241    0.474007985368
              O      6.997107538737   -4.499937719707   -2.028427426311
              O      3.946069607451   -4.152784292933    1.793726485949
              O      8.270599926854   -2.347861781867    2.101801228877
              N     -2.740147672039    0.008229539786   -0.638082565409
              N     -6.202474174273   -2.429395904178    0.498517733391
              N     -6.042550280469   -6.762455785963    0.749176280203
              C      1.311759249432    5.382790937363    0.742973229042
              C     -1.281958789888    4.166442857861    1.201801098329
              C      2.631474658485    3.376722936341   -0.842573975711
              C     -1.672263888873    2.544280833847   -1.187224874445
              C      4.031804561344    1.444207910768    0.719256708618
              C     -1.353600854022   -2.124307855500   -0.834479260611
              C     -5.211364293989   -0.050137002573    0.141450236278
              C     -2.332737462854   -4.445054614365   -0.381013290446
              C     -4.896052774825   -4.613725870729    0.303978538255
              H      2.294307552942    5.717399502536    2.521635258103
              H     -1.140945658089    2.898739221362    2.835752601062
              H      3.934845221715    4.252954410475   -2.178817537412
              H     -3.001966699350    3.458561828444   -2.477151162020
              H      2.772771670397    0.515431174809    2.076272377013
              H      5.506903442621    2.434209816898    1.785614191802
              H      0.298440138870    7.571651434892   -2.051286299180
              H     -4.737092732356    5.126586231284    1.673931818714
              H      0.599857966911   -1.879179895645   -1.377305614526
              H     -1.186949846949   -6.123682719700   -0.535704495072
              H     -5.077513973533   -8.397459739976    0.616428475427
              H     -7.880838887017   -6.851175087276    1.241590699620
              H      9.772787202106   -1.889243344942    1.177240087108
              H     -8.036171265612   -2.439709042670    1.065234730331
$End
$SCF_Energy
   &GeometryIndex 10
   &Method [&Type "String"] "SCF"
   &totalEnergy [&Type "ArrayOfDoubles", &Dim (1,1)] "Total energy of each state"
                                                         0

0                                     -1.4581089582530544e+03
   &Mult [&Type "ArrayOfIntegers", &Dim (1,1)] "Multiplicity of each state"
                                                         0

0                                                        1
$End
$DFT_Energy
   &GeometryIndex 10
   &nAlphaEl [&Type "Integer"] 84
   &nBetaEl [&Type "Integer"] 84
   &nTotalEl [&Type "Integer"] 168
   &finalEn [&Type "Double"]      -1.4581089582530544e+03  "No Van der Waals correction"
   &eExchange [&Type "Double"]      -1.2010193253049714e+02
   &eCorr [&Type "Double"]      -5.8389954288941812e+00
   &eXC [&Type "Double"]      -1.2594092795939132e+02
   &eCNL [&Type "Double"]       0.0000000000000000e+00
$End
$Solvation_Details
   &GeometryIndex 10
   &Solvent [&Type "String"] "WATER"
   &Epsilon [&Type "Double"]       8.0150999999999996e+01
   &Refrac [&Type "Double"]       1.3328000000000000e+00
   &RSolv [&Type "Double"]       1.3000000000000000e+00
   &SurfaceType [&Type "String"] "GAUSSIAN VDW"
   &CPCMDielEnergy [&Type "Double"]      -1.2540264100000001e-01
   &NPoints [&Type "Integer"] 2805
   &SurfaceArea [&Type "Double"]       1.1036276119869999e+03
$End
$SCF_Timings
   &GeometryIndex 10
   &TOTAL [&Type "Double"]       8.4407970000000006e+01
   &PREP [&Type "Double"]       7.2642699999999993e-01
   &FOCK [&Type "Double"]       7.6305779000000001e+01
   &DENS [&Type "Double"]       2.1260000000000900e-01
   &ETOT [&Type "Double"]       1.1727200000000337e-01
   &POP [&Type "Double"]       9.9999999747524271e-07
   &TRAFO [&Type "Double"]       5.8849099999999765e-01
   &DIIS [&Type "Double"]       2.1043000000000021e+00
   &SOSCF [&Type "Double"]       1.0147349999999875e+00
   &XC [&Type "Double"]       8.3671470000000081e+00
   &FOCKSTART [&Type "Double"]       3.8881999999997086e-02
   &SOLV [&Type "Double"]       7.4003819999999898e+00
   &SOLV_INIT [&Type "Double"]       2.2201400000000004e-01
   &INT_PREP [&Type "Double"]       5.9999999919568836e-06
   &INT_BF [&Type "Double"]       1.5865359999999988e+00
   &INT_DENS [&Type "Double"]       2.6190939999998797e+00
   &INT_DENSIO [&Type "Double"]       1.4649361273900018e+05
   &INT_FUNC [&Type "Double"]       8.8610999999923834e-02
   &INT_POT [&Type "Double"]       1.7711020000003046e+00
   &INT_POTIO [&Type "Double"]       2.0552999999878807e-02
   &INT_SUM [&Type "Double"]       6.6000000000521197e-04
   &SPLITRIJ [&Type "Double"]       6.3384510000000054e+00
   &COSX [&Type "Double"]       5.8115651000000014e+01
$End
$VdW_Correction
   &GeometryIndex 10
   &vdW [&Type "Double"]      -4.0472134745057259e-02
$End
$Single_Point_Data
   &GeometryIndex 10
   &FinalEnergy [&Type "Double"]      -1.4581494303877994e+03  "Final single point energy"
   &Converged [&Type "Boolean"] true
$End
$SCF_Nuc_Gradient
   &GeometryIndex 10
   &NAtoms [&Type "Integer"] 35
   &gradNorm [&Type "Double"]       1.0597484333316505e-02
   &grad [&Type "ArrayOfDoubles", &Dim (105,1)] 
                                                         0

0                                      2.5223803087963646e-03
1                                      2.3620625583259179e-03
2                                      6.5953668337420137e-04
3                                      6.1234521194830719e-05
4                                     -1.8454062421044432e-03
5                                      8.9005419959474800e-04
6                                     -5.9930019059679148e-04
7                                      1.2234571432433125e-03
8                                     -5.2263004018018053e-04
9                                     -3.9018073339336737e-04
10                                    -1.7269441335994635e-04
11                                    -4.8030142919523689e-04
12                                     3.5076910031933841e-04
13                                     1.6315743302328922e-03
14                                     5.1164224535063573e-04
15                                     3.8403895056844157e-04
16                                    -1.4758826852585671e-03
17                                    -8.0736242591735406e-04
18                                    -1.9554757763455067e-04
19                                    -1.3922892442206781e-03
20                                    -3.0965388266818725e-04
21                                    -1.5647586659669626e-03
22                                    -1.3973772217506098e-03
23                                     6.7906932264644588e-05
24                                    -4.2415475506429081e-04
25                                    -5.4780723045287606e-04
26                                     2.1007556009937497e-04
27                                    -5.1827397684168120e-04
28                                     2.3964534232524026e-04
29                                    -2.3832371068364892e-03
30                                     8.1124018304132848e-04
31                                    -2.9038280396163226e-03
32                                    -2.0219723070693230e-03
33                                     1.8633142648828594e-03
34                                     1.8761110912866230e-03
35                                    -9.5224144775227823e-04
36                                     3.0191928487797586e-04
37                                    -5.3162953573422352e-04
38                                     1.3082569745674999e-03
39                                     1.5335531268621870e-03
40                                    -5.9809454460982151e-04
41                                    -4.1844170745318292e-04
42                                    -2.7679864252796630e-04
43                                    -7.4462310803338457e-04
44                                    -7.9797467499641343e-05
45                                    -1.9560413350692457e-03
46                                    -5.1189530798773452e-05
47                                     9.7057985686680088e-04
48                                    -9.9559265805305151e-04
49                                    -6.3828164513067814e-04
50                                    -1.6256260712755187e-03
51                                    -4.6952991381344505e-04
52                                     3.2512425183324101e-03
53                                     2.6808901953316204e-04
54                                     1.6296354796461879e-03
55                                     1.3804784714108354e-03
56                                     1.8608978213479923e-03
57                                    -1.3794478093596936e-03
58                                    -2.4592092547492000e-03
59                                     7.0271737270054008e-04
60                                     3.1529979257932639e-04
61                                     4.1594256895873872e-05
62                                     6.7270703198822005e-04
63                                    -1.1025769513666465e-04
64                                     2.6965022994352372e-04
65                                    -4.7325985355832489e-04
66                                    -6.1652212683943055e-04
67                                    -1.8097518893975639e-04
68                                    -2.2556102606992960e-04
69                                    -1.8066633152512388e-04
70                                     8.5430309902117477e-05
71                                     1.0577964630018548e-04
72                                     5.2453451827993048e-04
73                                     5.5967029409351588e-04
74                                     1.3208227287940484e-04
75                                    -2.1754634902862189e-04
76                                     1.5385174473404872e-04
77                                     2.8523395867495059e-04
78                                     2.0823873703536524e-04
79                                     5.8186617878570770e-04
80                                    -2.7070403700674226e-04
81                                     4.7375331562942927e-04
82                                    -2.0467049294655871e-04
83                                     3.0635558014012779e-04
84                                     6.9171821973796645e-04
85                                     9.5821098111922550e-04
86                                     6.8553700468105042e-04
87                                     3.7063530645616011e-04
88                                    -7.1557338535079452e-04
89                                     5.7209091806122441e-04
90                                    -2.2798810280791961e-04
91                                     9.6018303321643181e-05
92                                    -8.4332028749740820e-05
93                                    -1.8104145611025875e-04
94                                     1.8803363792371206e-04
95                                     1.7110286782443174e-04
96                                     1.2914396083182564e-04
97                                    -5.2181320472287902e-05
98                                    -1.3321900128728800e-04
99                                    -2.4830365218920288e-04
100                                   -5.2749786997242405e-05
101                                   -6.3961386837984462e-04
102                                   -1.6194571346664357e-03
103                                    1.0655655101617833e-03
104                                    1.0473077583668124e-03
   &Method [&Type "String"] "SCF"
   &Level [&Type "String"] "Relaxed density"
   &Mult [&Type "Integer"] 1
   &State [&Type "Integer"] 0
   &Irrep [&Type "Integer"] 0
$End
$Geometry
   &GeometryIndex 11
   &NAtoms [&Type "Integer"] 35
   &NCorelessECP [&Type "Integer"] 0
   &NGhostAtoms [&Type "Integer"] 0
   &CartesianCoordinates [&Type "Coordinates", &Dim(35,4), &Units "Bohr"] 
              P      5.952677727973   -3.111570451009    0.194338253544
              O      0.672846532556    2.290586383054   -2.364139915885
              O      1.202024295451    7.760082615642   -0.459816159665
              O     -3.155250529856    6.011478719192    1.533648757314
              O      5.077326734794   -0.377097975478   -0.911199899954
              O     -6.425577565042    1.844629913847    0.541075236899
              O      6.998010515253   -4.493754138985   -2.017446525353
              O      3.892032114849   -4.198647064776    1.769743412336
              O      8.190729130122   -2.360793407933    2.144148876563
              N     -2.715194491821    0.014864379542   -0.651991180515
              N     -6.150619093886   -2.424621868477    0.560548493233
              N     -5.992713762096   -6.762590262984    0.800800836228
              C      1.312399853096    5.396522326640    0.743704154711
              C     -1.288500444852    4.184681723578    1.183645234305
              C      2.635884663074    3.387055678978   -0.832693325988
              C     -1.661472793245    2.561148560800   -1.210293532361
              C      3.985335154380    1.418329492706    0.735470235839
              C     -1.345014809997   -2.120328825910   -0.927357072199
              C     -5.174880024820   -0.045647892576    0.172929779676
              C     -2.316211513513   -4.441010715197   -0.463969823784
              C     -4.854980152784   -4.613933912655    0.315874954709
              H      2.283931859425    5.719350168140    2.532013934865
              H     -1.152082557596    2.916164940628    2.817833480341
              H      3.972219372237    4.256798273994   -2.140993089928
              H     -3.009159554069    3.459548519148   -2.493971967282
              H      2.690786116315    0.487830657835    2.055648627966
              H      5.453911118863    2.372743266398    1.840963891192
              H      0.305595150445    7.604060156014   -2.037275743000
              H     -4.748018461308    5.113839789254    1.586907956032
              H      0.585837540637   -1.867843269323   -1.543251045511
              H     -1.180706604654   -6.121238663152   -0.674704235418
              H     -5.038073564515   -8.400556877063    0.625828002282
              H     -7.810324195427   -6.846126540334    1.365569976291
              H      9.706513976179   -1.890761063519    1.248830796470
              H     -7.965534668742   -2.442736175549    1.175516765687
$End
$SCF_Energy
   &GeometryIndex 11
   &Method [&Type "String"] "SCF"
   &totalEnergy [&Type "ArrayOfDoubles", &Dim (1,1)] "Total energy of each state"
                                                         0

0                                     -1.4581092340437838e+03
   &Mult [&Type "ArrayOfIntegers", &Dim (1,1)] "Multiplicity of each state"
                                                         0

0                                                        1
$End
$DFT_Energy
   &GeometryIndex 11
   &nAlphaEl [&Type "Integer"] 84
   &nBetaEl [&Type "Integer"] 84
   &nTotalEl [&Type "Integer"] 168
   &finalEn [&Type "Double"]      -1.4581092340437838e+03  "No Van der Waals correction"
   &eExchange [&Type "Double"]      -1.2009912392584830e+02
   &eCorr [&Type "Double"]      -5.8389637341079297e+00
   &eXC [&Type "Double"]      -1.2593808765995624e+02
   &eCNL [&Type "Double"]       0.0000000000000000e+00
$End
$Solvation_Details
   &GeometryIndex 11
   &Solvent [&Type "String"] "WATER"
   &Epsilon [&Type "Double"]       8.0150999999999996e+01
   &Refrac [&Type "Double"]       1.3328000000000000e+00
   &RSolv [&Type "Double"]       1.3000000000000000e+00
   &SurfaceType [&Type "String"] "GAUSSIAN VDW"
   &CPCMDielEnergy [&Type "Double"]      -1.2487777999999999e-01
   &NPoints [&Type "Integer"] 2795
   &SurfaceArea [&Type "Double"]       1.1021477185140000e+03
$End
$SCF_Timings
   &GeometryIndex 11
   &TOTAL [&Type "Double"]       8.4913396000000006e+01
   &PREP [&Type "Double"]       7.1588799999999997e-01
   &FOCK [&Type "Double"]       7.6603617999999997e+01
   &DENS [&Type "Double"]       2.2631499999999960e-01
   &ETOT [&Type "Double"]       1.2780100000000338e-01
   &POP [&Type "Double"]       9.9999999747524271e-07
   &TRAFO [&Type "Double"]       6.3827999999999641e-01
   &DIIS [&Type "Double"]       1.9773589999999981e+00
   &SOSCF [&Type "Double"]       1.4890820000000051e+00
   &XC [&Type "Double"]       8.2722729999999878e+00
   &FOCKSTART [&Type "Double"]       3.9118000000004205e-02
   &SOLV [&Type "Double"]       7.9339010000000005e+00
   &SOLV_INIT [&Type "Double"]       2.1027300000000010e-01
   &SOLV_FINAL [&Type "Double"]       9.9999999747524271e-07
   &INT_PREP [&Type "Double"]       9.9999999747524271e-07
   &INT_BF [&Type "Double"]       2.0485140000002282e+00
   &INT_DENS [&Type "Double"]       3.1647840000001217e+00
   &INT_DENSIO [&Type "Double"]       1.5843175625700032e+05
   &INT_FUNC [&Type "Double"]       1.1703400000013531e-01
   &INT_POT [&Type "Double"]       2.2037979999998996e+00
   &INT_POTIO [&Type "Double"]       2.3032999999792025e-02
   &INT_SUM [&Type "Double"]       1.2330000000151387e-03
   &SPLITRIJ [&Type "Double"]       6.0510219999999961e+00
   &COSX [&Type "Double"]       5.7960998000000004e+01
$End
$VdW_Correction
   &GeometryIndex 11
   &vdW [&Type "Double"]      -4.0555750298437734e-02
$End
$Single_Point_Data
   &GeometryIndex 11
   &FinalEnergy [&Type "Double"]      -1.4581497897940822e+03  "Final single point energy"
   &Converged [&Type "Boolean"] true
$End
$SCF_Nuc_Gradient
   &GeometryIndex 11
   &NAtoms [&Type "Integer"] 35
   &gradNorm [&Type "Double"]       4.7333464543738504e-03
   &grad [&Type "ArrayOfDoubles", &Dim (105,1)] 
                                                         0

0                                      5.4863139379870605e-04
1                                      8.5840658505400538e-04
2                                     -8.4074854123018658e-05
3                                      8.1007955378866597e-04
4                                     -8.8522198423829801e-04
5                                      7.0525516233074076e-04
6                                     -8.2419225988667881e-06
7                                      7.1410456880004853e-04
8                                      2.4841484090373073e-04
9                                      4.1894524106554084e-04
10                                     6.5508551805207739e-05
11                                    -1.8532606916157345e-04
12                                     6.6565850427982478e-04
13                                     4.3604351473734753e-04
14                                     5.8800840412818675e-04
15                                    -1.5737716555215889e-04
16                                    -1.0604469632279055e-03
17                                    -5.5699369934524769e-05
18                                    -1.2865948243956043e-04
19                                    -3.5590657484995314e-04
20                                     3.8807636268603138e-04
21                                    -4.2639126741281783e-04
22                                    -5.6075574950734109e-04
23                                    -1.8513284361933841e-04
24                                    -4.8483382779408566e-04
25                                    -2.7574699159540193e-04
26                                    -1.0505133248081055e-04
27                                     2.3719690010936829e-04
28                                    -4.4527274111640151e-04
29                                    -1.2526373048490334e-03
30                                    -3.1459530476932944e-04
31                                    -8.0881481395384197e-04
32                                    -1.2787429972698442e-03
33                                     2.1421461540914433e-04
34                                     1.9196325165221474e-04
35                                    -2.9458943363463330e-04
36                                     1.1405806286956017e-04
37                                    -1.5988514656294561e-06
38                                    -2.7355635971395046e-04
39                                     2.3665034491344533e-04
40                                     2.1545947839454440e-04
41                                     4.6386107241877528e-06
42                                    -5.7517746754151805e-04
43                                    -2.5384139408362070e-04
44                                    -3.2948274246584908e-04
45                                    -7.6205189981361763e-04
46                                    -2.5523665130255106e-04
47                                     5.9239148177286113e-04
48                                    -2.7935846684800183e-04
49                                    -5.8003942643522987e-04
50                                    -3.3383938347359462e-04
51                                     2.0533045490507041e-04
52                                     1.6040379316216492e-03
53                                     9.8871934413893967e-05
54                                    -5.4452480492292004e-05
55                                     1.5004754094514500e-03
56                                     2.7868144773062132e-04
57                                    -6.7060208784289606e-05
58                                    -3.9280220520870938e-04
59                                     3.1531916429527313e-04
60                                     3.2037217165794808e-04
61                                    -5.9351799264417617e-04
62                                     7.3419301093159369e-04
63                                     6.5986976148109272e-05
64                                     1.7586639252774804e-04
65                                    -1.6792353830993065e-04
66                                    -3.8592212732966078e-04
67                                    -1.7421619483868153e-04
68                                    -1.8731194469414502e-04
69                                     1.4988381554242180e-05
70                                     3.0904373396789314e-04
71                                     6.2737422099833485e-05
72                                    -1.8396609377086621e-04
73                                     4.0045857474382460e-04
74                                     2.6811517402531210e-04
75                                     1.0122108000343175e-05
76                                     8.7797941725562833e-05
77                                    -1.3592337751790637e-04
78                                     3.8578169876531647e-05
79                                     4.3927861386918105e-04
80                                    -1.5519414743981005e-04
81                                     1.9253429750550635e-04
82                                    -1.2275452209517925e-04
83                                    -6.8404642911263917e-05
84                                     2.1088528248756243e-04
85                                     1.4303052478415970e-05
86                                     3.8011425265584316e-04
87                                     1.5522814303330643e-04
88                                    -5.5167870381048667e-04
89                                     1.9945553526817662e-04
90                                    -1.0166481217459229e-04
91                                    -7.0885258194101187e-05
92                                    -7.3818795953856960e-05
93                                    -1.0538275535439083e-04
94                                    -7.3460907826306877e-05
95                                     6.0968747808438487e-05
96                                     9.0998646909642864e-05
97                                    -4.7106821369284862e-07
98                                    -4.7204707198688381e-05
99                                    -1.8870597880130439e-04
100                                   -5.4173533970629341e-05
101                                   -3.8293039164986225e-04
102                                   -3.2661799609357424e-04
103                                    5.0409496462796471e-04
104                                    6.7160268854761398e-04
   &Method [&Type "String"] "SCF"
   &Level [&Type "String"] "Relaxed density"
   &Mult [&Type "Integer"] 1
   &State [&Type "Integer"] 0
   &Irrep [&Type "Integer"] 0
$End
$Geometry
   &GeometryIndex 12
   &NAtoms [&Type "Integer"] 35
   &NCorelessECP [&Type "Integer"] 0
   &NGhostAtoms [&Type "Integer"] 0
   &CartesianCoordinates [&Type "Coordinates", &Dim(35,4), &Units "Bohr"] 
              P      5.953582220048   -3.133845559099    0.243603074405
              O      0.673499181109    2.333349500508   -2.386499708561
              O      1.244292735749    7.756850004778   -0.463828071952
              O     -3.172382573910    6.051209098525    1.470428440544
              O      5.000085091566   -0.432305448360   -0.875697203448
              O     -6.360560488207    1.853680790601    0.673996953274
              O      6.998870001473   -4.508346200560   -1.972236573694
              O      3.950621942178   -4.250445462874    1.867765921549
              O      8.203244102882   -2.305929619373    2.145381766005
              N     -2.691945317231    0.024064016711   -0.649248377173
              N     -6.090897080425   -2.414277758323    0.656987627278
              N     -5.952091510112   -6.758148283973    0.824180769538
              C      1.311714314228    5.398806022212    0.749116368848
              C     -1.307172244741    4.215335497979    1.160452931599
              C      2.630500994989    3.370041841264   -0.805033151018
              C     -1.658973947823    2.578239933153   -1.230682266339
              C      3.903896308623    1.358868414207    0.774013217898
              C     -1.356154866103   -2.113961799890   -1.043788463351
              C     -5.121134874669   -0.036666824277    0.258999157929
              C     -2.325517799729   -4.435286160362   -0.586646877137
              C     -4.824081065818   -4.609668578358    0.314603227064
              H      2.266435642932    5.714761555503    2.548349828875
              H     -1.197827089169    2.957937033752    2.805929657122
              H      4.013260541216    4.215404843442   -2.080301909133
              H     -3.017931433158    3.451940832848   -2.519549872872
              H      2.561894339523    0.428796526566    2.045960776831
              H      5.361699195701    2.268675320448    1.929014800302
              H      0.321461947923    7.616476869099   -2.027866830896
              H     -4.764970604670    5.146607350725    1.421869803804
              H      0.542171558666   -1.851928423868   -1.752821594651
              H     -1.216400802396   -6.120165404346   -0.885140122558
              H     -5.018831476356   -8.399246099033    0.574707268743
              H     -7.736875033513   -6.837173885786    1.486038978892
              H      9.697971986709   -1.818725181550    1.224904222706
              H     -7.887706830054   -2.434468301822    1.318974369218
$End
$SCF_Energy
   &GeometryIndex 12
   &Method [&Type "String"] "SCF"
   &totalEnergy [&Type "ArrayOfDoubles", &Dim (1,1)] "Total energy of each state"
                                                         0

0                                     -1.4581094150898812e+03
   &Mult [&Type "ArrayOfIntegers", &Dim (1,1)] "Multiplicity of each state"
                                                         0

0                                                        1
$End
$DFT_Energy
   &GeometryIndex 12
   &nAlphaEl [&Type "Integer"] 84
   &nBetaEl [&Type "Integer"] 84
   &nTotalEl [&Type "Integer"] 168
   &finalEn [&Type "Double"]      -1.4581094150898812e+03  "No Van der Waals correction"
   &eExchange [&Type "Double"]      -1.2009977384180584e+02
   &eCorr [&Type "Double"]      -5.8392526102999129e+00
   &eXC [&Type "Double"]      -1.2593902645210575e+02
   &eCNL [&Type "Double"]       0.0000000000000000e+00
$End
$Solvation_Details
   &GeometryIndex 12
   &Solvent [&Type "String"] "WATER"
   &Epsilon [&Type "Double"]       8.0150999999999996e+01
   &Refrac [&Type "Double"]       1.3328000000000000e+00
   &RSolv [&Type "Double"]       1.3000000000000000e+00
   &SurfaceType [&Type "String"] "GAUSSIAN VDW"
   &CPCMDielEnergy [&Type "Double"]      -1.2589932600000001e-01
   &NPoints [&Type "Integer"] 2802
   &SurfaceArea [&Type "Double"]       1.1035496676339999e+03
$End
$SCF_Timings
   &GeometryIndex 12
   &TOTAL [&Type "Double"]       8.5199854999999999e+01
   &PREP [&Type "Double"]       1.0499790000000000e+00
   &FOCK [&Type "Double"]       7.7329229999999995e+01
   &DENS [&Type "Double"]       2.0767200000001651e-01
   &ETOT [&Type "Double"]       1.0876699999999673e-01
   &TRAFO [&Type "Double"]       5.0539899999999705e-01
   &DIIS [&Type "Double"]       2.4120079999999984e+00
   &SOSCF [&Type "Double"]       1.0750229999999945e+00
   &XC [&Type "Double"]       8.2361629999999888e+00
   &FOCKSTART [&Type "Double"]       4.0076000000000001e-02
   &SOLV [&Type "Double"]       7.3380140000000118e+00
   &SOLV_INIT [&Type "Double"]       3.7951999999999997e-01
   &INT_PREP [&Type "Double"]       2.9999999924257281e-06
   &INT_BF [&Type "Double"]       1.7203939999999083e+00
   &INT_DENS [&Type "Double"]       2.7443719999998581e+00
   &INT_DENSIO [&Type "Double"]       1.5382797871900018e+05
   &INT_FUNC [&Type "Double"]       9.8222999999959981e-02
   &INT_POT [&Type "Double"]       2.2000270000003059e+00
   &INT_POTIO [&Type "Double"]       2.0533999999988950e-02
   &INT_SUM [&Type "Double"]       1.5179999999883620e-03
   &SPLITRIJ [&Type "Double"]       5.9356640000000054e+00
   &COSX [&Type "Double"]       5.9227113000000003e+01
$End
$VdW_Correction
   &GeometryIndex 12
   &vdW [&Type "Double"]      -4.0569040125786583e-02
$End
$Single_Point_Data
   &GeometryIndex 12
   &FinalEnergy [&Type "Double"]      -1.4581499841300069e+03  "Final single point energy"
   &Converged [&Type "Boolean"] true
$End
$SCF_Nuc_Gradient
   &GeometryIndex 12
   &NAtoms [&Type "Integer"] 35
   &gradNorm [&Type "Double"]       5.0880703127267968e-03
   &grad [&Type "ArrayOfDoubles", &Dim (105,1)] 
                                                         0

0                                     -2.3192886563577937e-04
1                                      8.7416324979814426e-05
2                                      3.5235458062450218e-04
3                                      5.7964066413022323e-04
4                                     -3.2571202845086431e-04
5                                      5.7845511111072876e-04
6                                      1.9095426857924127e-04
7                                      1.8368536950556590e-04
8                                      6.5441153728833983e-04
9                                      6.5020323371553631e-04
10                                     7.8951833068163779e-04
11                                     6.5003851307241086e-04
12                                     8.7195513110791814e-04
13                                    -9.2754572725039947e-05
14                                     5.2902574124514211e-04
15                                    -8.1927991851464283e-04
16                                    -3.4384671440727279e-04
17                                    -4.2293276116496891e-05
18                                     1.2996269401547656e-05
19                                     3.3305463348568107e-04
20                                     6.7758749450824284e-04
21                                     7.0555986182828465e-04
22                                     3.7552854435803681e-05
23                                    -5.7336545635331077e-04
24                                    -1.0819053864107521e-03
25                                    -3.2250074614843214e-04
26                                    -7.8461894282971540e-04
27                                     3.2424280718169386e-04
28                                    -1.1081402302569490e-03
29                                    -7.8794855188983929e-04
30                                    -7.8962324786694261e-04
31                                     5.7015798781460438e-04
32                                    -9.5099062520882674e-04
33                                    -3.6273192144721013e-04
34                                    -2.8926486757299935e-04
35                                     1.3560597340071682e-04
36                                    -6.4235731492597869e-05
37                                     1.5543098241907694e-04
38                                    -1.1780148899741406e-03
39                                    -5.1795635428122943e-04
40                                     4.9795000695745787e-04
41                                     1.4724491867833896e-04
42                                    -7.7171783748831361e-04
43                                    -2.9606788540309943e-04
44                                    -1.8661229957296182e-04
45                                     2.4859398909329080e-04
46                                    -2.0638171487121724e-04
47                                    -7.5793662057487850e-05
48                                     9.2716390399070559e-05
49                                    -2.0776116760284398e-04
50                                     5.7621092122262505e-04
51                                     2.3390599359959818e-04
52                                     6.4494022992149860e-04
53                                     7.4625459039409306e-05
54                                     5.9401328682433144e-04
55                                     1.0819712398359136e-03
56                                     1.3944891494523496e-03
57                                    -3.3418835526807366e-04
58                                     9.5759006918858360e-04
59                                     1.6460906838098091e-05
60                                     7.4920678268985464e-04
61                                    -1.7076323382394069e-03
62                                     3.9552416821274169e-05
63                                     1.4903327606176922e-04
64                                     1.4553390921868427e-04
65                                    -2.5211152943054759e-05
66                                    -6.6776664007099371e-05
67                                    -1.5186697574856302e-04
68                                    -4.5343351633816943e-05
69                                     5.4361888321649289e-05
70                                     2.4106409996269359e-04
71                                     2.6884491801869447e-05
72                                    -3.7575946040359993e-04
73                                     1.8040721192771796e-04
74                                     2.8787148536695321e-04
75                                    -6.5706686627256121e-05
76                                    -1.0304812393327986e-04
77                                    -3.7410285409125612e-04
78                                     1.8843990175332781e-05
79                                     2.3701847770236432e-04
80                                    -2.0001444109537478e-04
81                                     3.2477430917441806e-05
82                                    -6.5662824348825362e-05
83                                    -2.1010505306356784e-04
84                                    -7.8313496741076462e-05
85                                    -7.7470701775356199e-04
86                                    -6.8539137659979208e-04
87                                     2.7983954925326780e-05
88                                    -2.9762777930215608e-04
89                                    -8.2617078706828841e-05
90                                    -9.3386254579692224e-05
91                                    -6.2322324637734843e-05
92                                     7.4494942805342933e-05
93                                    -4.3374669438536453e-05
94                                    -1.5309603501846797e-04
95                                    -3.1237510987199208e-05
96                                     8.9597334125944756e-05
97                                     1.3432536190049424e-04
98                                     6.7751664797970480e-05
99                                    -1.4118333040338233e-04
100                                   -1.0552693904844460e-04
101                                   -1.6886615699721595e-04
102                                    2.1178159770428865e-04
103                                    3.3630321924199948e-04
104                                    1.1946137661955169e-04
   &Method [&Type "String"] "SCF"
   &Level [&Type "String"] "Relaxed density"
   &Mult [&Type "Integer"] 1
   &State [&Type "Integer"] 0
   &Irrep [&Type "Integer"] 0
$End
$Geometry
   &GeometryIndex 13
   &NAtoms [&Type "Integer"] 35
   &NCorelessECP [&Type "Integer"] 0
   &NGhostAtoms [&Type "Integer"] 0
   &CartesianCoordinates [&Type "Coordinates", &Dim(35,4), &Units "Bohr"] 
              P      5.947071164497   -3.146559267544    0.324392704017
              O      0.676653468368    2.347507100601   -2.386832994722
              O      1.243388911375    7.746628147235   -0.470799773389
              O     -3.176402934029    6.037047191204    1.497352946958
              O      4.899828593465   -0.501344521977   -0.844402296373
              O     -6.378010993204    1.860691524751    0.612836414877
              O      6.846057266839   -4.609506863241   -1.899076431849
              O      4.070398570259   -4.193473659468    2.133958281939
              O      8.315813243380   -2.223566581484    2.028878737495
              N     -2.689602528629    0.033425699728   -0.652620107351
              N     -6.091539709720   -2.407642110126    0.633384783344
              N     -5.945002159546   -6.750969206559    0.809936005909
              C      1.313758349032    5.397742134799    0.756911794520
              C     -1.302690367866    4.211625334284    1.169826040795
              C      2.632776958275    3.361788407489   -0.787172122597
              C     -1.654095928093    2.586893998464   -1.230112313653
              C      3.873396418531    1.335772514205    0.800665414432
              C     -1.353144110283   -2.103971314588   -1.055445188761
              C     -5.132864543282   -0.029983765448    0.215601445546
              C     -2.322093349586   -4.425592638355   -0.608900158974
              C     -4.822049952214   -4.601291456148    0.293236972479
              H      2.266594756798    5.720808809212    2.556366936177
              H     -1.177760413294    2.948606014999    2.810153671412
              H      4.032969106438    4.192219764638   -2.052501602740
              H     -3.013524912955    3.461305755478   -2.517183935620
              H      2.524835516013    0.450125462838    2.097505674297
              H      5.368017998373    2.215345625036    1.930563005569
              H      0.308889375896    7.600058250590   -2.027278559739
              H     -4.765794506224    5.126382638742    1.461790215818
              H      0.544144723180   -1.829837425872   -1.765035930098
              H     -1.212836368049   -6.110308471414   -0.910132933044
              H     -5.006435136941   -8.389373024936    0.562314956331
              H     -7.730407071732   -6.833654288352    1.470638695968
              H      9.742452422699   -1.760527291109    0.995232094367
              H     -7.899044790343   -2.435916027204    1.261885696302
$End
$SCF_Energy
   &GeometryIndex 13
   &Method [&Type "String"] "SCF"
   &totalEnergy [&Type "ArrayOfDoubles", &Dim (1,1)] "Total energy of each state"
                                                         0

0                                     -1.4581096199442766e+03
   &Mult [&Type "ArrayOfIntegers", &Dim (1,1)] "Multiplicity of each state"
                                                         0

0                                                        1
$End
$DFT_Energy
   &GeometryIndex 13
   &nAlphaEl [&Type "Integer"] 84
   &nBetaEl [&Type "Integer"] 84
   &nTotalEl [&Type "Integer"] 168
   &finalEn [&Type "Double"]      -1.4581096199442766e+03  "No Van der Waals correction"
   &eExchange [&Type "Double"]      -1.2010016362083383e+02
   &eCorr [&Type "Double"]      -5.8392764886610422e+00
   &eXC [&Type "Double"]      -1.2593944010949487e+02
   &eCNL [&Type "Double"]       0.0000000000000000e+00
$End
$Solvation_Details
   &GeometryIndex 13
   &Solvent [&Type "String"] "WATER"
   &Epsilon [&Type "Double"]       8.0150999999999996e+01
   &Refrac [&Type "Double"]       1.3328000000000000e+00
   &RSolv [&Type "Double"]       1.3000000000000000e+00
   &SurfaceType [&Type "String"] "GAUSSIAN VDW"
   &CPCMDielEnergy [&Type "Double"]      -1.2679274700000001e-01
   &NPoints [&Type "Integer"] 2818
   &SurfaceArea [&Type "Double"]       1.1074780260580001e+03
$End
$SCF_Timings
   &GeometryIndex 13
   &TOTAL [&Type "Double"]       7.7984620000000007e+01
   &PREP [&Type "Double"]       7.7060799999999996e-01
   &FOCK [&Type "Double"]       7.1644643000000016e+01
   &DENS [&Type "Double"]       1.7685800000000995e-01
   &ETOT [&Type "Double"]       1.0898500000000233e-01
   &POP [&Type "Double"]       9.9999999747524271e-07
   &TRAFO [&Type "Double"]       4.8828600000000577e-01
   &DIIS [&Type "Double"]       1.0915569999999963e+00
   &SOSCF [&Type "Double"]       7.9200200000000720e-01
   &XC [&Type "Double"]       7.7658220000000071e+00
   &FOCKSTART [&Type "Double"]       3.3665000000007828e-02
   &SOLV [&Type "Double"]       7.2334120000000013e+00
   &SOLV_INIT [&Type "Double"]       2.5636099999999995e-01
   &INT_PREP [&Type "Double"]       2.9999999977547986e-06
   &INT_BF [&Type "Double"]       1.4339039999999272e+00
   &INT_DENS [&Type "Double"]       2.2566949999999935e+00
   &INT_DENSIO [&Type "Double"]       1.3404240786500019e+05
   &INT_FUNC [&Type "Double"]       8.0630999999931063e-02
   &INT_POT [&Type "Double"]       1.4677809999999880e+00
   &INT_POTIO [&Type "Double"]       1.8213000000139701e-02
   &INT_SUM [&Type "Double"]       9.9499999999963507e-04
   &SPLITRIJ [&Type "Double"]       5.6828469999999998e+00
   &COSX [&Type "Double"]       5.4350758000000013e+01
$End
$VdW_Correction
   &GeometryIndex 13
   &vdW [&Type "Double"]      -4.0567381759445624e-02
$End
$Single_Point_Data
   &GeometryIndex 13
   &FinalEnergy [&Type "Double"]      -1.4581501873260361e+03  "Final single point energy"
   &Converged [&Type "Boolean"] true
$End
$SCF_Nuc_Gradient
   &GeometryIndex 13
   &NAtoms [&Type "Integer"] 35
   &gradNorm [&Type "Double"]       5.2500597631778131e-03
   &grad [&Type "ArrayOfDoubles", &Dim (105,1)] 
                                                         0

0                                     -1.2093691707049648e-03
1                                     -6.6448324436625531e-04
2                                      5.2394286205101066e-04
3                                     -5.2846024211344465e-05
4                                     -1.4984255821736200e-04
5                                      1.1646277246534794e-04
6                                      1.1557803521965843e-04
7                                     -4.2510563251602540e-04
8                                      5.6934217487776030e-04
9                                     -3.5704109935646533e-05
10                                     6.3357382807299723e-04
11                                     5.3670449660787628e-04
12                                     7.9458216196565644e-04
13                                    -5.7879673190108793e-04
14                                     3.2473868664941613e-04
15                                    -4.3361384451047778e-04
16                                     5.0674550208599855e-05
17                                     4.2903029305670445e-04
18                                     3.1941884033253091e-04
19                                     8.0143098027379237e-04
20                                     2.8923565800646506e-04
21                                     8.9713343214655155e-04
22                                     5.3132334895659376e-04
23                                    -6.8890973448521595e-04
24                                    -8.7042825575161544e-04
25                                    -8.4777973326026851e-05
26                                    -8.0953887416971161e-04
27                                     4.2196628775188435e-04
28                                    -2.5723371601352261e-04
29                                     8.5773574741174338e-04
30                                    -3.7431607825451650e-04
31                                     1.1364088632451761e-03
32                                     5.0906453780738960e-04
33                                    -5.4320577387036682e-04
34                                    -5.7144086370454646e-04
35                                     3.9427055351530586e-04
36                                    -8.5657856493202950e-05
37                                     1.9993038191846812e-04
38                                    -1.2832095840750691e-03
39                                    -4.7664449246450518e-04
40                                     4.8214578939756534e-04
41                                     1.6608503882133287e-04
42                                    -7.5990460050218741e-04
43                                    -1.0011704953513824e-04
44                                     7.1891649089689773e-05
45                                     1.1372046707187930e-03
46                                    -9.6216298702479785e-05
47                                    -5.4002306078911586e-04
48                                     5.9529744541350865e-04
49                                     3.0433542208958852e-04
50                                     8.7883520764146621e-04
51                                     2.7983697436553519e-04
52                                    -7.8752013043521601e-04
53                                     3.5445891461282090e-04
54                                    -6.5811961868670991e-04
55                                     4.1239799445598306e-04
56                                    -1.2098306117955347e-03
57                                     7.7578467489688475e-06
58                                     1.6034164981045861e-03
59                                    -5.5719945833559504e-04
60                                     3.9690515682647929e-04
61                                    -1.3216183497280871e-03
62                                    -2.1224059954990518e-04
63                                     1.4130957840916488e-04
64                                    -5.3113045583818246e-05
65                                     1.2124117049064505e-04
66                                     4.4621802927521286e-04
67                                     7.4067509772323076e-06
68                                     2.0401962172774015e-04
69                                     7.8436873918205765e-05
70                                     2.6264888063236411e-05
71                                     1.9682883934130812e-05
72                                    -3.5693437414984234e-04
73                                    -1.5139743915922906e-04
74                                     2.0543480551141820e-04
75                                    -1.4180808346144126e-04
76                                    -2.2103595474163266e-04
77                                    -3.0446234806538828e-04
78                                     3.2453089696437339e-05
79                                    -1.6164238367436158e-04
80                                    -2.3210062560418055e-04
81                                    -1.8091276167884222e-05
82                                     5.8953107425578920e-05
83                                    -2.1442832526858817e-04
84                                    -2.1896030352256253e-04
85                                    -7.4670504253827375e-04
86                                    -3.3871561580954562e-04
87                                    -1.2167038719521569e-04
88                                     4.4471847666432138e-05
89                                    -1.9990160863637700e-04
90                                     2.9616459628950777e-05
91                                    -2.6579208933745187e-05
92                                     1.8356341998289002e-04
93                                     6.5402006996826033e-05
94                                    -7.1455442089621990e-05
95                                    -7.1676209286158875e-05
96                                    -2.0401984291159968e-05
97                                     1.0525540690915196e-04
98                                     1.0401287954666213e-04
99                                     5.4660938232175649e-05
100                                   -9.7215917867410410e-06
101                                    1.8131074168698544e-04
102                                    5.6389834295035872e-04
103                                    8.0813024057659673e-05
104                                   -3.7882745229653669e-04
   &Method [&Type "String"] "SCF"
   &Level [&Type "String"] "Relaxed density"
   &Mult [&Type "Integer"] 1
   &State [&Type "Integer"] 0
   &Irrep [&Type "Integer"] 0
$End
$Geometry
   &GeometryIndex 14
   &NAtoms [&Type "Integer"] 35
   &NCorelessECP [&Type "Integer"] 0
   &NGhostAtoms [&Type "Integer"] 0
   &CartesianCoordinates [&Type "Coordinates", &Dim(35,4), &Units "Bohr"] 
              P      5.849409646074   -3.180840471458    0.584460406524
              O      0.692868242532    2.405570498123   -2.382394860525
              O      1.260645456276    7.743274824672   -0.481188616883
              O     -3.198107858250    6.068500264109    1.476761194337
              O      4.600038208917   -0.672682868214   -0.688898997164
              O     -6.366380258033    1.847774158310    0.575323161974
              O      6.233018367787   -4.953627463817   -1.562521433954
              O      4.391137435819   -3.899563872809    2.876130815958
              O      8.536774681809   -2.133279870292    1.614801274528
              N     -2.660491941705    0.058532609576   -0.670451274393
              N     -6.027390151798   -2.420397800333    0.624375806914
              N     -5.842135968808   -6.762179383171    0.744683799705
              C      1.305682522584    5.415812154203    0.785469442737
              C     -1.320791554852    4.241609379155    1.166451063171
              C      2.632066472814    3.355438199935   -0.718382069142
              C     -1.645004360237    2.622216677541   -1.242565479939
              C      3.763929751997    1.297331633984    0.911443575016
              C     -1.318715927565   -2.065394819895   -1.136314120247
              C     -5.104619673851   -0.034396735103    0.185589624708
              C     -2.262805033584   -4.398391221049   -0.709769592101
              C     -4.748472625064   -4.596790024601    0.233993093578
              H      2.231741443622    5.752635898106    2.596589578801
              H     -1.208079378316    2.983471455143    2.810927845372
              H      4.090283503269    4.140248705993   -1.944869671515
              H     -2.997779266728    3.480782975330   -2.545501642273
              H      2.397016970823    0.551828817912    2.275941432867
              H      5.350344603573    2.096349365385    1.972796564513
              H      0.305600685303    7.587948155402   -2.023616676563
              H     -4.788732526846    5.161540761813    1.449023679404
              H      0.561961666765   -1.749221634242   -1.876620301310
              H     -1.151994215775   -6.073624125559   -1.058448831309
              H     -4.888246017795   -8.385698373470    0.461515356462
              H     -7.619123198190   -6.873537476736    1.425066973909
              H      9.723511402807   -1.851104311459    0.262189720369
              H     -7.843414037947   -2.479679622016    1.223947296110
$End
$SCF_Energy
   &GeometryIndex 14
   &Method [&Type "String"] "SCF"
   &totalEnergy [&Type "ArrayOfDoubles", &Dim (1,1)] "Total energy of each state"
                                                         0

0                                     -1.4581094152160952e+03
   &Mult [&Type "ArrayOfIntegers", &Dim (1,1)] "Multiplicity of each state"
                                                         0

0                                                        1
$End
$DFT_Energy
   &GeometryIndex 14
   &nAlphaEl [&Type "Integer"] 84
   &nBetaEl [&Type "Integer"] 84
   &nTotalEl [&Type "Integer"] 168
   &finalEn [&Type "Double"]      -1.4581094152160952e+03  "No Van der Waals correction"
   &eExchange [&Type "Double"]      -1.2010100128616747e+02
   &eCorr [&Type "Double"]      -5.8396063686212614e+00
   &eXC [&Type "Double"]      -1.2594060765478874e+02
   &eCNL [&Type "Double"]       0.0000000000000000e+00
$End
$Solvation_Details
   &GeometryIndex 14
   &Solvent [&Type "String"] "WATER"
   &Epsilon [&Type "Double"]       8.0150999999999996e+01
   &Refrac [&Type "Double"]       1.3328000000000000e+00
   &RSolv [&Type "Double"]       1.3000000000000000e+00
   &SurfaceType [&Type "String"] "GAUSSIAN VDW"
   &CPCMDielEnergy [&Type "Double"]      -1.2677408000000001e-01
   &NPoints [&Type "Integer"] 2801
   &SurfaceArea [&Type "Double"]       1.1152051250110001e+03
$End
$SCF_Timings
   &GeometryIndex 14
   &TOTAL [&Type "Double"]       9.5823616999999999e+01
   &PREP [&Type "Double"]       7.2935400000000006e-01
   &FOCK [&Type "Double"]       8.8113021999999987e+01
   &DENS [&Type "Double"]       2.3478799999999467e-01
   &ETOT [&Type "Double"]       1.3683099999997772e-01
   &POP [&Type "Double"]       1.0000000116860974e-06
   &TRAFO [&Type "Double"]       4.8314899999999561e-01
   &DIIS [&Type "Double"]       1.5553939999999997e+00
   &SOSCF [&Type "Double"]       1.5774359999999916e+00
   &XC [&Type "Double"]       9.8871539999999989e+00
   &FOCKSTART [&Type "Double"]       4.4693999999997347e-02
   &SOLV [&Type "Double"]       8.7654009999999971e+00
   &SOLV_INIT [&Type "Double"]       2.2028599999999998e-01
   &SOLV_FINAL [&Type "Double"]       9.9999999747524271e-07
   &INT_PREP [&Type "Double"]       5.9999999937332404e-06
   &INT_BF [&Type "Double"]       1.9205560000000137e+00
   &INT_DENS [&Type "Double"]       3.1498659999998786e+00
   &INT_DENSIO [&Type "Double"]       1.9917557307100028e+05
   &INT_FUNC [&Type "Double"]       1.0421200000007858e-01
   &INT_POT [&Type "Double"]       2.0828870000004240e+00
   &INT_POTIO [&Type "Double"]       2.4052999999801372e-02
   &INT_SUM [&Type "Double"]       2.1540000000150883e-03
   &SPLITRIJ [&Type "Double"]       6.7125840000000094e+00
   &COSX [&Type "Double"]       6.6058823000000004e+01
$End
$VdW_Correction
   &GeometryIndex 14
   &vdW [&Type "Double"]      -4.0665681322628190e-02
$End
$Single_Point_Data
   &GeometryIndex 14
   &FinalEnergy [&Type "Double"]      -1.4581500808974179e+03  "Final single point energy"
   &Converged [&Type "Boolean"] true
$End
$SCF_Nuc_Gradient
   &GeometryIndex 14
   &NAtoms [&Type "Integer"] 35
   &gradNorm [&Type "Double"]       9.1239217666134707e-03
   &grad [&Type "ArrayOfDoubles", &Dim (105,1)] 
                                                         0

0                                     -1.2691146033494286e-03
1                                     -6.8231714992381294e-04
2                                      9.8195893733317723e-04
3                                     -1.6227447846014912e-03
4                                      5.3953787091231740e-05
5                                     -7.4780288110993024e-04
6                                     -1.9541698845194211e-04
7                                     -1.2912704048194947e-03
8                                     -1.7281557551896589e-04
9                                     -1.0268599381635178e-03
10                                     2.4238058462306312e-04
11                                     5.7293053507833291e-04
12                                    -2.6802546460727542e-04
13                                    -9.7615075809938346e-04
14                                    -3.5225788280452810e-05
15                                     1.3572301856770637e-04
16                                     9.7490308112327634e-04
17                                     3.6950264713503345e-04
18                                    -1.7749057521182897e-04
19                                     5.5436122212779171e-04
20                                    -6.8510920174521953e-04
21                                     8.8010420694858440e-04
22                                     7.8933971593805538e-04
23                                    -2.7314858778057277e-04
24                                    -1.6188503325830576e-04
25                                     1.9099942297490469e-04
26                                    -3.6921060092283506e-04
27                                     7.8099556424708486e-05
28                                     1.4648235792267740e-03
29                                     2.4562774892715761e-03
30                                     7.4357889598244660e-04
31                                     1.3552383084080050e-03
32                                     2.2514529185541469e-03
33                                    -1.0340059950129460e-04
34                                    -3.6005395158314506e-04
35                                     4.2328408022099950e-04
36                                    -8.8035316164945915e-05
37                                     2.1918431651879856e-04
38                                    -5.7152372208409553e-04
39                                     4.6824695014362547e-05
40                                     1.6392165601689503e-04
41                                     3.4704438473609294e-06
42                                    -5.0817365565313584e-04
43                                     1.7786820197294637e-04
44                                     1.0490833305386779e-03
45                                     2.0503906481281189e-03
46                                     5.8191509755782858e-04
47                                    -1.0910496186085571e-03
48                                     1.0163940113161710e-03
49                                     1.5000641585183176e-03
50                                     7.4132108840254524e-04
51                                    -4.2352918969218597e-05
52                                    -3.0690401001764456e-03
53                                     7.6013768837485791e-04
54                                    -1.3553871564554306e-03
55                                    -2.2999756547847482e-03
56                                    -3.0156932389488441e-03
57                                     6.5426215712421302e-04
58                                     1.8411901204740367e-03
59                                    -1.3259448981789714e-03
60                                    -9.0454469595686871e-04
61                                     4.3370972354657840e-04
62                                    -5.1681625156339709e-04
63                                     6.8795027920849519e-05
64                                    -4.0952752487920951e-04
65                                     2.3320316860021164e-04
66                                     1.2134455703486265e-03
67                                     3.9689563951000547e-04
68                                     5.6729966370593749e-04
69                                     1.1076654858704394e-04
70                                    -4.8315372087623230e-04
71                                    -3.1840377626071980e-06
72                                    -3.5112642859782753e-05
73                                    -6.5441556562364058e-04
74                                    -1.6719017227655696e-04
75                                    -1.9588659137956271e-04
76                                    -6.1120238146852109e-04
77                                    -3.4740593212943105e-05
78                                     1.8572224501356985e-04
79                                    -9.7264742969706405e-04
80                                    -2.7716585829093264e-04
81                                    -1.6872711266010804e-05
82                                     2.9429584636675741e-04
83                                    -2.9617867236841311e-05
84                                    -3.7029405384255483e-04
85                                    -3.4776219224681747e-04
86                                    -1.2591710547218591e-04
87                                    -2.1993532520476095e-04
88                                     9.9790737663308748e-04
89                                    -6.8172251539294810e-04
90                                     2.0830978186832592e-04
91                                    -5.4888772007570156e-05
92                                     3.0953310906569855e-04
93                                     2.0037092060185729e-04
94                                     1.4820880068509525e-04
95                                    -1.0556239538686832e-04
96                                    -2.4717664898244829e-04
97                                    -3.8909901017298603e-05
98                                     1.3894423390865913e-04
99                                     6.0401385716671459e-04
100                                    1.9558069797870155e-04
101                                    4.6662045983360604e-04
102                                    6.1190851754841481e-04
103                                   -3.2542578398378610e-04
104                                   -1.0955788834615405e-03
   &Method [&Type "String"] "SCF"
   &Level [&Type "String"] "Relaxed density"
   &Mult [&Type "Integer"] 1
   &State [&Type "Integer"] 0
   &Irrep [&Type "Integer"] 0
$End
$Geometry
   &GeometryIndex 15
   &NAtoms [&Type "Integer"] 35
   &NCorelessECP [&Type "Integer"] 0
   &NGhostAtoms [&Type "Integer"] 0
   &CartesianCoordinates [&Type "Coordinates", &Dim(35,4), &Units "Bohr"] 
              P      5.876352390942   -3.169831083730    0.483171706519
              O      0.683510880208    2.382880114329   -2.390040256764
              O      1.253500385432    7.751203196041   -0.459171086195
              O     -3.186818270690    6.070258298855    1.461121113326
              O      4.742717411835   -0.593150994437   -0.762078471386
              O     -6.356310344442    1.847923841860    0.627592602380
              O      6.458735770105   -4.831912535424   -1.707385186831
              O      4.211616978941   -4.009155045729    2.587370513959
              O      8.458685202343   -2.189875216582    1.809141314962
              N     -2.676033509233    0.045155293349   -0.674950747061
              N     -6.048384914438   -2.422236924546    0.638664815748
              N     -5.880202412896   -6.763732016512    0.760433258266
              C      1.303911535078    5.405403984374    0.776774511580
              C     -1.323171468413    4.230279380320    1.157302422852
              C      2.630093995160    3.365282424736   -0.756368004530
              C     -1.655347880179    2.607101053830   -1.246290830791
              C      3.819509154355    1.325010489716    0.852422244619
              C     -1.333713082563   -2.083818311451   -1.111028703956
              C     -5.108270988399   -0.038281395113    0.217829353900
              C     -2.282741472423   -4.414352112556   -0.667069860156
              C     -4.773626420434   -4.602615414326    0.259486561710
              H      2.236418933405    5.724971056605    2.587069909988
              H     -1.225124841561    2.971698119340    2.801753278920
              H      4.057159183646    4.179531844576   -2.000947817145
              H     -3.006769080317    3.473686792005   -2.546084731648
              H      2.467952805963    0.522664007828    2.199386128291
              H      5.367557747308    2.171745365986    1.935130936000
              H      0.311393564797    7.608468563950   -2.010723457560
              H     -4.783796353297    5.176296605273    1.456079918932
              H      0.555539908560   -1.788769667519   -1.834320877593
              H     -1.171060607840   -6.091812100330   -0.998871774750
              H     -4.932428035767   -8.392360741799    0.487341448254
              H     -7.662783849602   -6.867289241314    1.426048917414
              H      9.758047824938   -1.850501527321    0.578383265504
              H     -7.852373073093   -2.469409643815    1.278765722884
$End
$SCF_Energy
   &GeometryIndex 15
   &Method [&Type "String"] "SCF"
   &totalEnergy [&Type "ArrayOfDoubles", &Dim (1,1)] "Total energy of each state"
                                                         0

0                                     -1.4581097858237379e+03
   &Mult [&Type "ArrayOfIntegers", &Dim (1,1)] "Multiplicity of each state"
                                                         0

0                                                        1
$End
$DFT_Energy
   &GeometryIndex 15
   &nAlphaEl [&Type "Integer"] 84
   &nBetaEl [&Type "Integer"] 84
   &nTotalEl [&Type "Integer"] 167
   &finalEn [&Type "Double"]      -1.4581097858237379e+03  "No Van der Waals correction"
   &eExchange [&Type "Double"]      -1.2009899862563292e+02
   &eCorr [&Type "Double"]      -5.8391344910863374e+00
   &eXC [&Type "Double"]      -1.2593813311671926e+02
   &eCNL [&Type "Double"]       0.0000000000000000e+00
$End
$Solvation_Details
   &GeometryIndex 15
   &Solvent [&Type "String"] "WATER"
   &Epsilon [&Type "Double"]       8.0150999999999996e+01
   &Refrac [&Type "Double"]       1.3328000000000000e+00
   &RSolv [&Type "Double"]       1.3000000000000000e+00
   &SurfaceType [&Type "String"] "GAUSSIAN VDW"
   &CPCMDielEnergy [&Type "Double"]      -1.2667520900000001e-01
   &NPoints [&Type "Integer"] 2805
   &SurfaceArea [&Type "Double"]       1.1119215194040000e+03
$End
$SCF_Timings
   &GeometryIndex 15
   &TOTAL [&Type "Double"]       8.6271778999999995e+01
   &PREP [&Type "Double"]       7.6426700000000003e-01
   &FOCK [&Type "Double"]       7.9643676000000028e+01
   &DENS [&Type "Double"]       1.8673499999999876e-01
   &ETOT [&Type "Double"]       1.1483399999998589e-01
   &TRAFO [&Type "Double"]       4.7598399999999152e-01
   &DIIS [&Type "Double"]       1.3064069999999965e+00
   &SOSCF [&Type "Double"]       7.8047799999999867e-01
   &XC [&Type "Double"]       9.0414300000000143e+00
   &FOCKSTART [&Type "Double"]       3.8639000000005863e-02
   &SOLV [&Type "Double"]       7.5888050000000273e+00
   &SOLV_INIT [&Type "Double"]       2.4913900000000000e-01
   &SOLV_FINAL [&Type "Double"]       9.9999999747524271e-07
   &INT_PREP [&Type "Double"]       2.0000000020559128e-06
   &INT_BF [&Type "Double"]       1.3083589999995446e+00
   &INT_DENS [&Type "Double"]       2.1721640000003752e+00
   &INT_DENSIO [&Type "Double"]       1.6601266864600021e+05
   &INT_FUNC [&Type "Double"]       8.0975999999905568e-02
   &INT_POT [&Type "Double"]       1.4469420000002042e+00
   &INT_POTIO [&Type "Double"]       1.8680000000221852e-02
   &INT_SUM [&Type "Double"]       1.8820000000054904e-03
   &SPLITRIJ [&Type "Double"]       6.1998509999999847e+00
   &COSX [&Type "Double"]       6.0240461000000018e+01
$End
$VdW_Correction
   &GeometryIndex 15
   &vdW [&Type "Double"]      -4.0610346637184373e-02
$End
$Single_Point_Data
   &GeometryIndex 15
   &FinalEnergy [&Type "Double"]      -1.4581503961703750e+03  "Final single point energy"
   &Converged [&Type "Boolean"] true
$End
$SCF_Nuc_Gradient
   &GeometryIndex 15
   &NAtoms [&Type "Integer"] 35
   &gradNorm [&Type "Double"]       3.8430578104377351e-03
   &grad [&Type "ArrayOfDoubles", &Dim (105,1)] 
                                                         0

0                                     -6.1938012555384022e-05
1                                      4.6929618042011257e-05
2                                      2.4979179797399203e-04
3                                     -5.2821285101448882e-04
4                                     -8.2992890253647813e-06
5                                     -3.0527213499045272e-04
6                                     -1.7967700470797790e-04
7                                     -5.9124466648294652e-04
8                                     -1.8796704565921191e-04
9                                     -5.7112371551950507e-04
10                                    -1.5842421106616856e-04
11                                     3.4855696494437069e-04
12                                     3.3342400596489549e-04
13                                    -5.7929642116294564e-04
14                                     6.8990286081915646e-05
15                                     1.0623984328404643e-04
16                                     6.9588172867995316e-04
17                                     5.0825273207793468e-05
18                                    -2.7676120120857632e-04
19                                    -1.3055931757106930e-04
20                                    -5.5764119328701822e-04
21                                    -4.0144511689281103e-06
22                                     2.5580865245522293e-04
23                                    -8.0736556684261711e-06
24                                     8.7353419669866731e-05
25                                     2.0848066908206434e-04
26                                    -1.0317544162750965e-04
27                                    -3.8678989850383087e-04
28                                     1.0006180898964718e-03
29                                     9.4222733834379874e-04
30                                     2.8431955388692043e-04
31                                     4.4755898933634573e-04
32                                     7.3568911740201539e-04
33                                    -7.9371283550104684e-05
34                                    -1.7640801795618029e-04
35                                     1.4908736714904216e-04
36                                    -1.0010032544308145e-04
37                                     1.2767328614937581e-04
38                                     6.6002137022815765e-06
39                                     8.2280418608324712e-05
40                                     8.7409055793778658e-05
41                                    -1.8311218362223323e-04
42                                    -1.9696762842787637e-04
43                                     3.3171835699528744e-04
44                                     3.6542223689312015e-04
45                                     6.3771277553480719e-04
46                                     2.3045896137972966e-04
47                                    -3.8910877690738162e-04
48                                     2.1366812771224543e-04
49                                     6.7603740139685748e-04
50                                     3.2673076435198726e-04
51                                     1.8788887855847021e-04
52                                    -1.3431575064008384e-03
53                                    -2.9767018056314976e-05
54                                    -4.0995874437943546e-04
55                                    -1.5330093889646271e-03
56                                    -8.7423365991368791e-04
57                                     8.6811829919515061e-05
58                                     3.2280059789057102e-04
59                                    -4.7645254417197607e-04
60                                    -1.9429988311366731e-04
61                                     6.7822096043390124e-04
62                                    -2.2321063195787768e-04
63                                     2.5816700176001635e-05
64                                    -1.9746866273285876e-04
65                                     8.2504327745822867e-05
66                                     5.7195029544298680e-04
67                                     2.3087480155981443e-04
68                                     1.9882260189676702e-04
69                                     1.2812371998639478e-04
70                                    -2.3721619619836111e-04
71                                     3.6756364822576308e-05
72                                    -7.5972849963020319e-06
73                                    -2.0355668456105465e-04
74                                    -9.9305489916101664e-05
75                                    -3.3298354462164121e-05
76                                    -1.6583715865527547e-04
77                                     9.2439583804713326e-05
78                                     1.3212161421414029e-04
79                                    -4.4615881683139239e-04
80                                    -2.0022834800114637e-04
81                                     5.0975567383639006e-05
82                                     1.4986827624091919e-04
83                                     1.3759256284742372e-05
84                                    -1.2744613115165822e-04
85                                     6.4884273777017439e-05
86                                    -1.1082942265598659e-04
87                                    -2.6092417533623506e-04
88                                     1.8102888442363387e-04
89                                     2.9955686654737864e-05
90                                     1.6973914815215327e-04
91                                     8.1821343415706667e-05
92                                     2.0288546963753576e-04
93                                     6.0717020699936883e-05
94                                     1.1690279374873287e-04
95                                    -3.8866923921723481e-05
96                                    -1.3084955738103021e-04
97                                    -2.2750771178362811e-05
98                                     1.8834716705908159e-05
99                                     2.0041792118081993e-04
100                                    4.3458576932390828e-05
101                                    2.2521425967198392e-04
102                                    1.8976964295355789e-04
103                                   -1.8504818120759292e-04
104                                   -3.5784916199178179e-04
   &Method [&Type "String"] "SCF"
   &Level [&Type "String"] "Relaxed density"
   &Mult [&Type "Integer"] 1
   &State [&Type "Integer"] 0
   &Irrep [&Type "Integer"] 0
$End
$Geometry
   &GeometryIndex 16
   &NAtoms [&Type "Integer"] 35
   &NCorelessECP [&Type "Integer"] 0
   &NGhostAtoms [&Type "Integer"] 0
   &CartesianCoordinates [&Type "Coordinates", &Dim(35,4), &Units "Bohr"] 
              P      5.865498443301   -3.180269151543    0.432709547025
              O      0.673349263702    2.391852430727   -2.409669380731
              O      1.276605268063    7.756128293954   -0.446881723258
              O     -3.174923857132    6.098053464574    1.429456401853
              O      4.781855917261   -0.573131716300   -0.794458933015
              O     -6.325401383086    1.844224924657    0.713798837326
              O      6.605997401927   -4.762912489783   -1.768010017381
              O      4.086061920108   -4.109447108483    2.400819403378
              O      8.350395920306   -2.221227409683    1.946567388510
              N     -2.676553761071    0.047179999198   -0.688372617329
              N     -6.022851782925   -2.424736663851    0.685967800105
              N     -5.852692082722   -6.766933172303    0.794299718881
              C      1.307855940020    5.399177600308    0.770001897058
              C     -1.328829196416    4.239837654503    1.140819046053
              C      2.623317565184    3.361242689551   -0.774738810233
              C     -1.664038293750    2.613277908769   -1.260440445586
              C      3.806156858034    1.312485986773    0.825693123861
              C     -1.341930333594   -2.079081804691   -1.150886279863
              C     -5.087194662834   -0.038290022383    0.262063719177
              C     -2.282978088467   -4.412076215917   -0.694220453922
              C     -4.754688143624   -4.605107914647    0.278845224677
              H      2.240269599391    5.701903420915    2.582956373409
              H     -1.254814769324    2.982120374445    2.787125519687
              H      4.051877540341    4.179903970134   -2.015092800048
              H     -3.019731351724    3.479558009861   -2.556286462535
              H      2.439794283372    0.480783299446    2.138826244358
              H      5.323151076803    2.167041771096    1.946876818933
              H      0.334693179008    7.631120884281   -2.000317358022
              H     -4.778252322724    5.214936295470    1.419709487746
              H      0.534739638335   -1.786475256586   -1.907583383309
              H     -1.179155313747   -6.088359591682   -1.056192725061
              H     -4.911937493262   -8.396316012496    0.501268108843
              H     -7.620703122096   -6.870218272560    1.496720432935
              H      9.716565381303   -1.834901816141    0.805075529707
              H     -7.807762170533   -2.470887899146    1.379488906407
$End
$SCF_Energy
   &GeometryIndex 16
   &Method [&Type "String"] "SCF"
   &totalEnergy [&Type "ArrayOfDoubles", &Dim (1,1)] "Total energy of each state"
                                                         0

0                                     -1.4581097918553594e+03
   &Mult [&Type "ArrayOfIntegers", &Dim (1,1)] "Multiplicity of each state"
                                                         0

0                                                        1
$End
$DFT_Energy
   &GeometryIndex 16
   &nAlphaEl [&Type "Integer"] 84
   &nBetaEl [&Type "Integer"] 84
   &nTotalEl [&Type "Integer"] 168
   &finalEn [&Type "Double"]      -1.4581097918553594e+03  "No Van der Waals correction"
   &eExchange [&Type "Double"]      -1.2009886726467511e+02
   &eCorr [&Type "Double"]      -5.8392245871762878e+00
   &eXC [&Type "Double"]      -1.2593809185185140e+02
   &eCNL [&Type "Double"]       0.0000000000000000e+00
$End
$Solvation_Details
   &GeometryIndex 16
   &Solvent [&Type "String"] "WATER"
   &Epsilon [&Type "Double"]       8.0150999999999996e+01
   &Refrac [&Type "Double"]       1.3328000000000000e+00
   &RSolv [&Type "Double"]       1.3000000000000000e+00
   &SurfaceType [&Type "String"] "GAUSSIAN VDW"
   &CPCMDielEnergy [&Type "Double"]      -1.2621318200000001e-01
   &NPoints [&Type "Integer"] 2819
   &SurfaceArea [&Type "Double"]       1.1094723905490000e+03
$End
$SCF_Timings
   &GeometryIndex 16
   &TOTAL [&Type "Double"]       8.5081386000000009e+01
   &PREP [&Type "Double"]       7.5145799999999996e-01
   &FOCK [&Type "Double"]       7.7550202999999982e+01
   &DENS [&Type "Double"]       2.2339100000000656e-01
   &ETOT [&Type "Double"]       1.2484700000001681e-01
   &TRAFO [&Type "Double"]       5.9289099999999451e-01
   &DIIS [&Type "Double"]       2.1642830000000028e+00
   &SOSCF [&Type "Double"]       1.1634519999999924e+00
   &XC [&Type "Double"]       8.7117600000000035e+00
   &FOCKSTART [&Type "Double"]       3.9090999999990661e-02
   &SOLV [&Type "Double"]       7.8598869999999703e+00
   &SOLV_INIT [&Type "Double"]       2.4130499999999999e-01
   &SOLV_FINAL [&Type "Double"]       9.9999999747524271e-07
   &INT_PREP [&Type "Double"]       3.9999999934536845e-06
   &INT_BF [&Type "Double"]       1.8279879999999533e+00
   &INT_DENS [&Type "Double"]       2.9838830000000822e+00
   &INT_DENSIO [&Type "Double"]       1.6550902584100023e+05
   &INT_FUNC [&Type "Double"]       9.8978000000135680e-02
   &INT_POT [&Type "Double"]       2.0348050000000413e+00
   &INT_POTIO [&Type "Double"]       2.1933999999715681e-02
   &INT_SUM [&Type "Double"]       1.7490000000091044e-03
   &SPLITRIJ [&Type "Double"]       6.0270779999999951e+00
   &COSX [&Type "Double"]       5.8054020000000023e+01
$End
$VdW_Correction
   &GeometryIndex 16
   &vdW [&Type "Double"]      -4.0647389618922197e-02
$End
$Single_Point_Data
   &GeometryIndex 16
   &FinalEnergy [&Type "Double"]      -1.4581504392449783e+03  "Final single point energy"
   &Converged [&Type "Boolean"] true
$End
$SCF_Nuc_Gradient
   &GeometryIndex 16
   &NAtoms [&Type "Integer"] 35
   &gradNorm [&Type "Double"]       1.6828936227060601e-03
   &grad [&Type "ArrayOfDoubles", &Dim (105,1)] 
                                                         0

0                                     -5.1143556560693138e-04
1                                     -2.7304486492673219e-04
2                                     -2.3151899681506536e-04
3                                     -3.8323508051023762e-05
4                                     -1.6724769352737171e-04
5                                      1.6833538226428547e-04
6                                      1.9818423283604408e-05
7                                     -6.0073946985625013e-05
8                                      1.2213850321301428e-05
9                                      3.2150260152033949e-04
10                                     8.9055014545864615e-05
11                                     4.8925992043900369e-04
12                                     3.3948979029908518e-04
13                                    -2.1726603854086649e-04
14                                     1.5673457289571308e-04
15                                    -6.9973486979379323e-05
16                                     2.5237184117116694e-04
17                                     3.4414406581882658e-04
18                                     2.6891579047746316e-04
19                                     1.0273614911665070e-04
20                                    -7.6707077938574454e-05
21                                    -4.1624825429250429e-05
22                                     1.4161360391214567e-04
23                                     2.4599706919567059e-05
24                                    -3.0808267700279974e-05
25                                     1.3600237955212939e-05
26                                    -9.5087495488701629e-05
27                                    -9.9543293232515098e-05
28                                    -1.4284473444276056e-04
29                                    -4.1911385959456017e-05
30                                    -1.2296093326514288e-05
31                                     3.5349476233501108e-04
32                                     1.0698923321190132e-04
33                                    -1.2183026575294568e-04
34                                     3.3925970500981633e-05
35                                     3.8387507594518613e-05
36                                    -1.0191684702724003e-04
37                                     1.1265142514861707e-04
38                                    -1.8471010745091799e-04
39                                    -2.4507613894326591e-04
40                                     1.4135649385956081e-04
41                                    -2.1231509819331102e-04
42                                    -1.7997428249389509e-04
43                                     5.8515050955404858e-05
44                                     1.3502454384833938e-04
45                                     1.4938859881509265e-04
46                                     2.3007522572511055e-04
47                                     3.7936562646609639e-05
48                                    -2.2865684059639218e-04
49                                     1.0023468682299496e-04
50                                     3.1950642180261080e-05
51                                     1.1386522048050646e-04
52                                     6.2615080535489921e-05
53                                     1.7984097212606071e-04
54                                     3.5313807551833135e-05
55                                    -5.5375380889196939e-04
56                                    -5.0558166021282133e-04
57                                    -3.1893648107122455e-05
58                                    -6.4814649949037685e-06
59                                     9.5522910530227074e-05
60                                     1.1310563342873287e-04
61                                    -1.1881990613029993e-04
62                                    -9.8481964901209112e-06
63                                     3.2540635720624156e-05
64                                    -1.0737452371731141e-06
65                                    -1.2441485645537346e-05
66                                     1.7233463310688607e-04
67                                    -6.3953093780546645e-06
68                                     1.6356711113912469e-05
69                                     6.1221239194646947e-05
70                                     1.2086471045300170e-05
71                                     2.8539885441667800e-05
72                                    -8.1960310959665523e-05
73                                    -1.8599454378229990e-05
74                                     1.2996113268489513e-05
75                                     1.2379300682598170e-04
76                                     3.0288245701203685e-05
77                                    -2.3750604361021089e-05
78                                     6.6371815465851114e-05
79                                    -4.6378055802936513e-06
80                                    -7.0235221181885193e-05
81                                     1.5249573653246652e-07
82                                     2.5766843918954775e-05
83                                    -3.5660189174050035e-05
84                                    -9.5477302617710656e-05
85                                    -1.3550649939367149e-04
86                                    -4.3103208117941760e-04
87                                     8.9244178250379939e-07
88                                     1.1584029262007235e-06
89                                    -3.4198059679397505e-05
90                                     5.1439501511707949e-05
91                                     2.4925278965586304e-05
92                                    -4.2484051165273104e-07
93                                    -1.5025866000028570e-05
94                                    -1.0314558169913132e-05
95                                    -3.2010224573202564e-05
96                                     2.5717519496115191e-05
97                                     3.7176417714888217e-05
98                                     3.5762449774665402e-05
99                                     3.2157198852404375e-05
100                                    5.7104740017573642e-06
101                                    1.1402323016975447e-04
102                                   -2.2203849324625079e-05
103                                   -1.1329782318815571e-04
104                                   -3.1185529590852543e-05
   &Method [&Type "String"] "SCF"
   &Level [&Type "String"] "Relaxed density"
   &Mult [&Type "Integer"] 1
   &State [&Type "Integer"] 0
   &Irrep [&Type "Integer"] 0
$End
$Geometry
   &GeometryIndex 17
   &NAtoms [&Type "Integer"] 35
   &NCorelessECP [&Type "Integer"] 0
   &NGhostAtoms [&Type "Integer"] 0
   &CartesianCoordinates [&Type "Coordinates", &Dim(35,4), &Units "Bohr"] 
              P      5.862657602109   -3.180872924118    0.473823293692
              O      0.676440594311    2.397064699756   -2.410565004672
              O      1.281289942120    7.754571832361   -0.442172673474
              O     -3.177672151611    6.103373389150    1.418882007377
              O      4.747836962356   -0.595262403092   -0.772181707821
              O     -6.322348221278    1.844055710953    0.710517544172
              O      6.528214481662   -4.810839627858   -1.716398037107
              O      4.142856134369   -4.063334802465    2.515383532996
              O      8.397200346323   -2.200226829612    1.889153293549
              N     -2.674525686108    0.048981890008   -0.694596798255
              N     -6.016647317527   -2.425302266495    0.685779312228
              N     -5.845257060749   -6.767897443667    0.784381689657
              C      1.306089309300    5.397667601097    0.775137151925
              C     -1.333664820341    4.241798608741    1.137126174802
              C      2.623156529759    3.358419156789   -0.766665971733
              C     -1.663290283374    2.615711241677   -1.265314588686
              C      3.791423215902    1.306480129713    0.840228793746
              C     -1.342027431558   -2.076691309629   -1.167104255480
              C     -5.083110712818   -0.037959025863    0.260721050394
              C     -2.281479843244   -4.410572563696   -0.711912052352
              C     -4.749974125340   -4.604441080550    0.269828720145
              H      2.232898572707    5.698663045204    2.591229553499
              H     -1.267724034049    2.985208895252    2.784437099825
              H      4.058970589251    4.172856445149   -2.001155238047
              H     -3.016450380379    3.480937164266   -2.564251487914
              H      2.421222820430    0.491913986136    2.160250136948
              H      5.316713550499    2.154149292902    1.955504355547
              H      0.338718822863    7.631570684055   -1.995286349872
              H     -4.781824802371    5.222681824176    1.426482008915
              H      0.532492389187   -1.781323999795   -1.928719564481
              H     -1.180341824090   -6.086630784963   -1.083199537447
              H     -4.903682262242   -8.395876129565    0.486276638507
              H     -7.611770388059   -6.874214537137    1.490138602267
              H      9.727675227201   -1.840926779113    0.697724948475
              H     -7.800318677781   -2.473276629299    1.382455498312
$End
$SCF_Energy
   &GeometryIndex 17
   &Method [&Type "String"] "SCF"
   &totalEnergy [&Type "ArrayOfDoubles", &Dim (1,1)] "Total energy of each state"
                                                         0

0                                     -1.4581098487732756e+03
   &Mult [&Type "ArrayOfIntegers", &Dim (1,1)] "Multiplicity of each state"
                                                         0

0                                                        1
$End
$DFT_Energy
   &GeometryIndex 17
   &nAlphaEl [&Type "Integer"] 84
   &nBetaEl [&Type "Integer"] 84
   &nTotalEl [&Type "Integer"] 167
   &finalEn [&Type "Double"]      -1.4581098487732756e+03  "No Van der Waals correction"
   &eExchange [&Type "Double"]      -1.2009867924110273e+02
   &eCorr [&Type "Double"]      -5.8391724394031392e+00
   &eXC [&Type "Double"]      -1.2593785168050587e+02
   &eCNL [&Type "Double"]       0.0000000000000000e+00
$End
$Solvation_Details
   &GeometryIndex 17
   &Solvent [&Type "String"] "WATER"
   &Epsilon [&Type "Double"]       8.0150999999999996e+01
   &Refrac [&Type "Double"]       1.3328000000000000e+00
   &RSolv [&Type "Double"]       1.3000000000000000e+00
   &SurfaceType [&Type "String"] "GAUSSIAN VDW"
   &CPCMDielEnergy [&Type "Double"]      -1.2644519200000001e-01
   &NPoints [&Type "Integer"] 2821
   &SurfaceArea [&Type "Double"]       1.1109281178890001e+03
$End
$SCF_Timings
   &GeometryIndex 17
   &TOTAL [&Type "Double"]       7.0254589999999993e+01
   &PREP [&Type "Double"]       7.4985700000000000e-01
   &FOCK [&Type "Double"]       6.3434061999999990e+01
   &DENS [&Type "Double"]       1.5672500000000866e-01
   &ETOT [&Type "Double"]       8.6127000000010057e-02
   &TRAFO [&Type "Double"]       3.2259100000000807e-01
   &DIIS [&Type "Double"]       1.3253930000000000e+00
   &SOSCF [&Type "Double"]       6.4165199999998634e-01
   &XC [&Type "Double"]       6.6148879999999934e+00
   &FOCKSTART [&Type "Double"]       3.3404999999992357e-02
   &SOLV [&Type "Double"]       6.0390440000000147e+00
   &SOLV_INIT [&Type "Double"]       2.3433999999999999e-01
   &INT_PREP [&Type "Double"]       2.0000000091613401e-06
   &INT_BF [&Type "Double"]       1.0775989999998501e+00
   &INT_DENS [&Type "Double"]       1.6612729999999019e+00
   &INT_DENSIO [&Type "Double"]       9.5448680069000198e+04
   &INT_FUNC [&Type "Double"]       6.3794000000175544e-02
   &INT_POT [&Type "Double"]       1.2497699999999394e+00
   &INT_POTIO [&Type "Double"]       1.3871000000046152e-02
   &INT_SUM [&Type "Double"]       1.1460000000038661e-03
   &SPLITRIJ [&Type "Double"]       4.8060590000000039e+00
   &COSX [&Type "Double"]       5.0025269000000009e+01
$End
$VdW_Correction
   &GeometryIndex 17
   &vdW [&Type "Double"]      -4.0634349508870259e-02
$End
$Single_Point_Data
   &GeometryIndex 17
   &FinalEnergy [&Type "Double"]      -1.4581504831227844e+03  "Final single point energy"
   &Converged [&Type "Boolean"] true
$End
$SCF_Nuc_Gradient
   &GeometryIndex 17
   &NAtoms [&Type "Integer"] 35
   &gradNorm [&Type "Double"]       1.2028435171908553e-03
   &grad [&Type "ArrayOfDoubles", &Dim (105,1)] 
                                                         0

0                                     -2.0946078903937503e-04
1                                     -6.3330664386309808e-05
2                                     -1.2355559093542832e-04
3                                     -6.9362353030223359e-05
4                                     -9.0891932678776910e-05
5                                      3.8415805825000075e-05
6                                      1.2651469672709617e-05
7                                     -8.3463446770025201e-05
8                                     -8.1632450018060882e-05
9                                      9.7972649472769473e-05
10                                    -8.7610949856828672e-05
11                                     3.6047262189852386e-04
12                                     1.9000135540502006e-04
13                                    -9.0812582807782378e-05
14                                     5.6924814556112989e-05
15                                    -3.5006589132764569e-06
16                                     2.9453221662645681e-04
17                                     6.5617968523399575e-05
18                                     3.0277948376985174e-05
19                                    -2.1078586546446481e-05
20                                    -1.0237065449697759e-04
21                                    -1.2527602037824701e-05
22                                     1.6400977359181426e-05
23                                     9.7041134563130734e-05
24                                     1.0455874835051422e-04
25                                     5.7713824323077335e-05
26                                    -1.7790953535548613e-05
27                                    -2.0088655226535021e-04
28                                     7.3992371489849373e-05
29                                    -7.9324041811281462e-05
30                                    -1.4209171919810797e-06
31                                     2.6977690830771452e-04
32                                     1.0656245753841524e-04
33                                    -8.8122359576354349e-05
34                                    -1.3595072772659407e-05
35                                     3.3294974392881339e-05
36                                    -6.6233424117857547e-05
37                                     6.2427763228658866e-05
38                                     2.5548247924921200e-06
39                                    -1.1858163464712083e-04
40                                     2.7367151052365153e-05
41                                    -2.3022820803697251e-04
42                                    -2.8036898639988378e-05
43                                     6.6960624876136101e-05
44                                     1.0679830498572025e-04
45                                     8.8293124102880346e-05
46                                     2.0607826491157944e-04
47                                     7.4707127146642825e-05
48                                    -2.3002753041060991e-04
49                                     1.2562458822092348e-04
50                                    -4.9643140782680705e-05
51                                     4.9115268090502129e-05
52                                    -1.0387226952766524e-04
53                                     1.4013171999045649e-04
54                                     1.2288927600908792e-04
55                                    -5.8229246205796208e-04
56                                    -9.1711486504901120e-05
57                                    -1.3694407826382365e-04
58                                    -1.6323152199676359e-04
59                                    -1.2781439115538526e-05
60                                     5.0320192588798078e-05
61                                     1.7997308471695176e-04
62                                    -6.8884896999625076e-05
63                                     8.1525803510803428e-06
64                                    -1.0815434544283651e-05
65                                    -4.6824181280978670e-06
66                                     1.7035275061065721e-04
67                                     2.2794249300435329e-05
68                                     3.9537067547474502e-05
69                                     4.6257370800253798e-05
70                                    -2.4764865544504568e-05
71                                     1.3360637084382191e-05
72                                    -2.6431372790905504e-05
73                                    -4.9744591874573471e-05
74                                    -2.2678306234249183e-05
75                                     1.1362551110646781e-04
76                                     3.0554930292518024e-06
77                                     5.5529348925270069e-05
78                                     5.5880997472145910e-05
79                                    -3.5461735020097756e-05
80                                    -5.3115714239123542e-05
81                                    -9.0687012942765858e-06
82                                     2.5561500330327334e-05
83                                    -4.3344410934230610e-07
84                                    -5.9613235890286498e-05
85                                     7.5808431259677834e-06
86                                    -2.7833876030230255e-04
87                                     1.6878623893517046e-05
88                                     5.4804413036086899e-05
89                                    -3.6366175860970125e-05
90                                     5.3396766349533374e-05
91                                     4.4315436788168228e-05
92                                     7.1890827859169445e-06
93                                    -8.1657030166771405e-07
94                                     4.7177322789927084e-06
95                                    -8.7250166321234793e-06
96                                     1.4269136841703830e-05
97                                     6.6629803843078054e-06
98                                     1.3227019740357861e-05
99                                     6.7057350112515888e-05
100                                    3.8642095990316993e-06
101                                    9.6138459628476697e-05
102                                   -3.0916494714736299e-05
103                                   -1.3323848944475565e-04
104                                   -4.5240670156997916e-05
   &Method [&Type "String"] "SCF"
   &Level [&Type "String"] "Relaxed density"
   &Mult [&Type "Integer"] 1
   &State [&Type "Integer"] 0
   &Irrep [&Type "Integer"] 0
$End
$Geometry
   &GeometryIndex 18
   &NAtoms [&Type "Integer"] 35
   &NCorelessECP [&Type "Integer"] 0
   &NGhostAtoms [&Type "Integer"] 0
   &CartesianCoordinates [&Type "Coordinates", &Dim(35,4), &Units "Bohr"] 
              P      5.844309243829   -3.189699003850    0.489713974419
              O      0.677717009664    2.410653039461   -2.418340484396
              O      1.294355750139    7.757070931931   -0.427525290343
              O     -3.180268756316    6.119944065972    1.394950945964
              O      4.720697857647   -0.610671087245   -0.763073787166
              O     -6.314394869196    1.841349856145    0.718466861703
              O      6.482273141416   -4.837464852534   -1.695285719499
              O      4.145251038206   -4.053536653283    2.556535023942
              O      8.396883228233   -2.203981328562    1.868984635983
              N     -2.670234933930    0.054067611910   -0.706642081580
              N     -5.998479444097   -2.427304438175    0.695178189342
              N     -5.816440387383   -6.769793369771    0.793585965610
              C      1.303989485891    5.395715188934    0.781596268495
              C     -1.342852809998    4.249702604418    1.127299903896
              C      2.620447397892    3.356698237465   -0.761272698587
              C     -1.664530121429    2.623239113407   -1.276494766738
              C      3.769026071756    1.294820949628    0.847043848501
              C     -1.337831119199   -2.068960612597   -1.190706876557
              C     -5.072954210531   -0.037470572423    0.263339389643
              C     -2.269232688081   -4.404875361803   -0.729043026988
              C     -4.730083002872   -4.603751557114    0.270930392671
              H      2.222922404885    5.687262278769    2.603191291166
              H     -1.294790965392    2.994675782581    2.776155677074
              H      4.066003134089    4.168823267573   -1.985686362462
              H     -3.016824310147    3.486122027943   -2.577716223335
              H      2.387732338686    0.486927720070    2.159761645395
              H      5.293117246145    2.132867012786    1.971382709760
              H      0.355114262303    7.643533151260   -1.983365329022
              H     -4.786727222003    5.244358101869    1.419659147087
              H      0.531527856289   -1.769976790273   -1.963074633333
              H     -1.168580021763   -6.079004790778   -1.110375956865
              H     -4.872416017803   -8.395470191666    0.490842823650
              H     -7.578173902453   -6.880511097086    1.510570558290
              H      9.713346323085   -1.856519740204    0.658545060169
              H     -7.776151940133   -2.478383034289    1.406807063755
$End
$SCF_Energy
   &GeometryIndex 18
   &Method [&Type "String"] "SCF"
   &totalEnergy [&Type "ArrayOfDoubles", &Dim (1,1)] "Total energy of each state"
                                                         0

0                                     -1.4581098231857627e+03
   &Mult [&Type "ArrayOfIntegers", &Dim (1,1)] "Multiplicity of each state"
                                                         0

0                                                        1
$End
$DFT_Energy
   &GeometryIndex 18
   &nAlphaEl [&Type "Integer"] 84
   &nBetaEl [&Type "Integer"] 84
   &nTotalEl [&Type "Integer"] 167
   &finalEn [&Type "Double"]      -1.4581098231857627e+03  "No Van der Waals correction"
   &eExchange [&Type "Double"]      -1.2009855196213462e+02
   &eCorr [&Type "Double"]      -5.8392072301614188e+00
   &eXC [&Type "Double"]      -1.2593775919229604e+02
   &eCNL [&Type "Double"]       0.0000000000000000e+00
$End
$Solvation_Details
   &GeometryIndex 18
   &Solvent [&Type "String"] "WATER"
   &Epsilon [&Type "Double"]       8.0150999999999996e+01
   &Refrac [&Type "Double"]       1.3328000000000000e+00
   &RSolv [&Type "Double"]       1.3000000000000000e+00
   &SurfaceType [&Type "String"] "GAUSSIAN VDW"
   &CPCMDielEnergy [&Type "Double"]      -1.2618983300000000e-01
   &NPoints [&Type "Integer"] 2821
   &SurfaceArea [&Type "Double"]       1.1108697448089999e+03
$End
$SCF_Timings
   &GeometryIndex 18
   &TOTAL [&Type "Double"]       8.2803729000000004e+01
   &PREP [&Type "Double"]       6.9101299999999999e-01
   &FOCK [&Type "Double"]       7.5987534000000011e+01
   &DENS [&Type "Double"]       2.0525700000000313e-01
   &ETOT [&Type "Double"]       1.2480600000000841e-01
   &POP [&Type "Double"]       9.9999999747524271e-07
   &TRAFO [&Type "Double"]       4.6958300000000008e-01
   &DIIS [&Type "Double"]       7.4937299999999851e-01
   &SOSCF [&Type "Double"]       1.4324420000000089e+00
   &XC [&Type "Double"]       8.4629360000000045e+00
   &FOCKSTART [&Type "Double"]       3.9947999999988215e-02
   &SOLV [&Type "Double"]       7.1306100000000061e+00
   &SOLV_INIT [&Type "Double"]       1.9604899999999997e-01
   &INT_PREP [&Type "Double"]       1.6000000002236447e-05
   &INT_BF [&Type "Double"]       1.7145910000003042e+00
   &INT_DENS [&Type "Double"]       2.7387129999999011e+00
   &INT_DENSIO [&Type "Double"]       1.4752401703900017e+05
   &INT_FUNC [&Type "Double"]       9.2115999999835552e-02
   &INT_POT [&Type "Double"]       1.6151809999998559e+00
   &INT_POTIO [&Type "Double"]       2.1180000000436294e-02
   &INT_SUM [&Type "Double"]       6.4199999998493240e-04
   &SPLITRIJ [&Type "Double"]       5.6871750000000016e+00
   &COSX [&Type "Double"]       5.8187480000000008e+01
$End
$VdW_Correction
   &GeometryIndex 18
   &vdW [&Type "Double"]      -4.0665640014843379e-02
$End
$Single_Point_Data
   &GeometryIndex 18
   &FinalEnergy [&Type "Double"]      -1.4581504888257775e+03  "Final single point energy"
   &Converged [&Type "Boolean"] true
$End
$SCF_Nuc_Gradient
   &GeometryIndex 18
   &NAtoms [&Type "Integer"] 35
   &gradNorm [&Type "Double"]       9.0646333495124224e-04
   &grad [&Type "ArrayOfDoubles", &Dim (105,1)] 
                                                         0

0                                     -7.7152737052641287e-05
1                                      6.5429318699565693e-05
2                                     -1.8051488700048961e-04
3                                      6.6996023151820312e-05
4                                     -6.9802924931404437e-05
5                                     -5.9291314067960927e-06
6                                      3.4265296379257560e-05
7                                     -1.9242774063587685e-05
8                                     -7.3914358722793099e-05
9                                      1.0599378438000566e-04
10                                    -8.5049208797671554e-05
11                                     2.6525137746584459e-04
12                                     4.0332768751996163e-05
13                                     8.0819720134077302e-06
14                                     1.4401160182806452e-05
15                                     9.7792423760765818e-07
16                                     1.5335788802436082e-04
17                                    -1.7304439518884960e-05
18                                    -5.4614274763976087e-05
19                                    -4.9481184629416013e-05
20                                    -6.2249915599353151e-06
21                                    -7.4646866504268121e-05
22                                    -8.3653966828873546e-05
23                                     1.1160841742759514e-04
24                                     1.8470292801728205e-04
25                                     5.7434780965194416e-05
26                                     5.9591283998249111e-05
27                                    -1.2740886191362746e-04
28                                     3.1827035032874963e-05
29                                    -1.7495496803597953e-04
30                                    -7.0581352909721012e-05
31                                     1.6840974732062387e-04
32                                     4.2829104408930672e-05
33                                    -2.1416556898004938e-05
34                                    -2.6417975426148369e-05
35                                    -1.2207007371218890e-05
36                                    -2.7326392546518947e-05
37                                    -8.7204786267010281e-06
38                                     5.4722512835183318e-05
39                                    -1.0925130992414769e-04
40                                     1.7822531540799514e-05
41                                    -2.0999094795990644e-04
42                                     6.4209564049806368e-05
43                                     3.3637372883148231e-05
44                                     1.9317977962272502e-05
45                                     1.8567437485979803e-05
46                                     1.5696299835868085e-04
47                                     1.9467957198806370e-04
48                                    -1.9609792300172426e-04
49                                    -1.6825056370565295e-05
50                                    -1.3404207669184923e-04
51                                     6.1182614073828582e-05
52                                    -2.2831259726729068e-05
53                                     3.3524759342618135e-06
54                                     1.3859800727309324e-04
55                                    -3.2481503560022161e-04
56                                     8.0345223557667703e-05
57                                    -7.9589559478863330e-05
58                                    -1.9711582584760296e-04
59                                     5.4020847309207648e-05
60                                     2.2762950778754091e-05
61                                     1.9068031279865388e-04
62                                    -4.4283056449060293e-05
63                                    -9.4692786139329097e-06
64                                     3.7099535057767913e-05
65                                    -7.3069225709188577e-06
66                                     9.0282349286674901e-05
67                                     2.6477963772061138e-06
68                                     1.4802383153766647e-05
69                                     1.0904076069555171e-06
70                                    -4.6666037678680980e-06
71                                    -4.8048468112924913e-06
72                                    -2.5670568266368657e-05
73                                    -2.7099968843171440e-05
74                                    -2.2234168112576287e-05
75                                     8.1977728410554507e-05
76                                    -1.1345346873253564e-06
77                                     7.0747631152646523e-05
78                                     1.7537704582472449e-05
79                                     2.7915185382802391e-05
80                                    -1.3781152630778156e-05
81                                    -3.3806004758231069e-05
82                                     3.3549003818843205e-06
83                                     1.6428789653589722e-05
84                                    -5.8637724100241194e-05
85                                     3.0858590820693078e-05
86                                    -1.8707114717094980e-04
87                                    -1.4802507087047372e-05
88                                     4.1117713929392946e-05
89                                     2.7810119831561306e-05
90                                     2.2324794565285649e-05
91                                     3.1900361508947062e-05
92                                    -1.2956505829475652e-05
93                                    -1.2883029265955251e-05
94                                    -1.7968723613955853e-06
95                                     2.2189132156477863e-05
96                                     3.1238323608786850e-06
97                                    -1.3123701526823601e-05
98                                     1.1245111514608289e-05
99                                     5.1130145828411365e-05
100                                   -1.3188713263635498e-05
101                                    4.0432913990737629e-05
102                                   -1.2701355186286794e-05
103                                   -9.3571912194034652e-05
104                                    3.7445762494086200e-06
   &Method [&Type "String"] "SCF"
   &Level [&Type "String"] "Relaxed density"
   &Mult [&Type "Integer"] 1
   &State [&Type "Integer"] 0
   &Irrep [&Type "Integer"] 0
$End
$Geometry
   &GeometryIndex 19
   &NAtoms [&Type "Integer"] 35
   &NCorelessECP [&Type "Integer"] 0
   &NGhostAtoms [&Type "Integer"] 0
   &CartesianCoordinates [&Type "Coordinates", &Dim(35,4), &Units "Bohr"] 
              P      5.833814881957   -3.197873689231    0.495445612673
              O      0.677895818944    2.421971893561   -2.426049171296
              O      1.310429909167    7.758134973033   -0.411365500251
              O     -3.182363002629    6.137628239364    1.367878045328
              O      4.701581104956   -0.623121220914   -0.759028945699
              O     -6.307948811223    1.839721671651    0.727139365648
              O      6.466245787184   -4.849834268236   -1.687870376207
              O      4.144333371936   -4.058997249855    2.570995394671
              O      8.390250498316   -2.204180334989    1.861269244675
              N     -2.667333556117    0.058711078959   -0.716671282594
              N     -5.982901101505   -2.428152136575    0.705678594156
              N     -5.791691636550   -6.770421388156    0.807191995571
              C      1.302387732629    5.391697225638    0.787945711009
              C     -1.352335840306    4.257685124615    1.116717446223
              C      2.617141298843    3.352666226205   -0.756463744396
              C     -1.666529972624    2.629530326747   -1.287698665138
              C      3.747578703549    1.280415590821    0.851547149126
              C     -1.336027677191   -2.062323818861   -1.211671630812
              C     -5.064780266649   -0.036147834034    0.266554656991
              C     -2.260498225488   -4.399654165503   -0.743526390206
              C     -4.713434843121   -4.602726146489    0.274968056506
              H      2.213448810081    5.671860173770    2.615252852692
              H     -1.323935256593    3.005418130796    2.767855181507
              H      4.072013099698    4.162821214625   -1.971025656430
              H     -3.018025062704    3.489812676184   -2.591232285597
              H      2.353951728647    0.473663419519    2.151979750236
              H      5.266594477812    2.109258289203    1.989517964142
              H      0.378039925789    7.655257785770   -1.972075915414
              H     -4.790908412214    5.267273819618    1.412675405608
              H      0.527971562324   -1.761152218532   -1.996041763865
              H     -1.160923804046   -6.072437307762   -1.133976757862
              H     -4.846403929102   -8.394483837022    0.499701664912
              H     -7.548420678739   -6.884019042669    1.535897233742
              H      9.699183615513   -1.856569994451    0.642703246771
              H     -7.754653183116   -2.480976746331    1.431721653219
$End
$SCF_Energy
   &GeometryIndex 19
   &Method [&Type "String"] "SCF"
   &totalEnergy [&Type "ArrayOfDoubles", &Dim (1,1)] "Total energy of each state"
                                                         0

0                                     -1.4581098064104481e+03
   &Mult [&Type "ArrayOfIntegers", &Dim (1,1)] "Multiplicity of each state"
                                                         0

0                                                        1
$End
$DFT_Energy
   &GeometryIndex 19
   &nAlphaEl [&Type "Integer"] 84
   &nBetaEl [&Type "Integer"] 84
   &nTotalEl [&Type "Integer"] 167
   &finalEn [&Type "Double"]      -1.4581098064104481e+03  "No Van der Waals correction"
   &eExchange [&Type "Double"]      -1.2009858286744254e+02
   &eCorr [&Type "Double"]      -5.8392384295504671e+00
   &eXC [&Type "Double"]      -1.2593782129699301e+02
   &eCNL [&Type "Double"]       0.0000000000000000e+00
$End
$Solvation_Details
   &GeometryIndex 19
   &Solvent [&Type "String"] "WATER"
   &Epsilon [&Type "Double"]       8.0150999999999996e+01
   &Refrac [&Type "Double"]       1.3328000000000000e+00
   &RSolv [&Type "Double"]       1.3000000000000000e+00
   &SurfaceType [&Type "String"] "GAUSSIAN VDW"
   &CPCMDielEnergy [&Type "Double"]      -1.2602240200000001e-01
   &NPoints [&Type "Integer"] 2815
   &SurfaceArea [&Type "Double"]       1.1108223454530000e+03
$End
$SCF_Timings
   &GeometryIndex 19
   &TOTAL [&Type "Double"]       7.5707824000000002e+01
   &PREP [&Type "Double"]       7.3323099999999997e-01
   &FOCK [&Type "Double"]       6.9353923000000009e+01
   &DENS [&Type "Double"]       1.9020999999999333e-01
   &ETOT [&Type "Double"]       1.0909700000000555e-01
   &POP [&Type "Double"]       9.9999999747524271e-07
   &TRAFO [&Type "Double"]       4.8948300000001055e-01
   &DIIS [&Type "Double"]       5.4982599999999948e-01
   &SOSCF [&Type "Double"]       1.5149299999999943e+00
   &XC [&Type "Double"]       7.1472439999999953e+00
   &FOCKSTART [&Type "Double"]       4.0310999999995545e-02
   &SOLV [&Type "Double"]       6.3267160000000047e+00
   &SOLV_INIT [&Type "Double"]       2.0711300000000005e-01
   &INT_PREP [&Type "Double"]       2.0000000020559128e-06
   &INT_BF [&Type "Double"]       1.6320660000000533e+00
   &INT_DENS [&Type "Double"]       2.5307760000000528e+00
   &INT_DENSIO [&Type "Double"]       1.1236855512000021e+05
   &INT_FUNC [&Type "Double"]       8.6072999999968758e-02
   &INT_POT [&Type "Double"]       1.7173359999998343e+00
   &INT_POTIO [&Type "Double"]       1.8900000000165562e-02
   &INT_SUM [&Type "Double"]       9.1200000000313253e-04
   &SPLITRIJ [&Type "Double"]       4.8427910000000010e+00
   &COSX [&Type "Double"]       5.4218746000000010e+01
$End
$VdW_Correction
   &GeometryIndex 19
   &vdW [&Type "Double"]      -4.0689180947103852e-02
$End
$Single_Point_Data
   &GeometryIndex 19
   &FinalEnergy [&Type "Double"]      -1.4581504955913952e+03  "Final single point energy"
   &Converged [&Type "Boolean"] true
$End
$SCF_Nuc_Gradient
   &GeometryIndex 19
   &NAtoms [&Type "Integer"] 35
   &gradNorm [&Type "Double"]       6.0456732145514459e-04
   &grad [&Type "ArrayOfDoubles", &Dim (105,1)] 
                                                         0

0                                     -2.8582554528403859e-05
1                                      3.0980601966199115e-05
2                                     -1.3451646588166660e-04
3                                      1.1807919580034044e-04
4                                     -3.8178672783610275e-05
5                                     -2.1274820585824605e-05
6                                      6.2880358575786476e-05
7                                      3.4383153268025034e-05
8                                     -4.6328204497150368e-05
9                                      9.4317478806812434e-05
10                                    -4.5461880741563885e-05
11                                     1.2421793913639585e-04
12                                    -3.7968782536105942e-05
13                                     6.2029415109589577e-05
14                                     1.5116635380431817e-06
15                                    -1.6198336408467092e-05
16                                    -1.2496321628944923e-05
17                                    -2.5088402568638744e-05
18                                    -4.7265802362478110e-05
19                                    -2.0015107963281155e-05
20                                     5.8229783012568413e-05
21                                    -4.8810176453012238e-05
22                                    -7.0210397449292357e-05
23                                     5.8021374571904180e-05
24                                     1.3282230522544458e-04
25                                     5.3706977334712201e-05
26                                     5.8109805874253582e-05
27                                    -1.1273956206655860e-06
28                                    -4.8116750370719592e-05
29                                    -1.7802984384647879e-04
30                                    -1.1155994636572947e-04
31                                     5.7606858584682440e-05
32                                    -3.8651374534237161e-05
33                                     8.6433369244511124e-06
34                                    -5.5091729650998751e-06
35                                    -3.9921068543391170e-05
36                                     1.7307260089521862e-05
37                                    -6.6580240559935473e-05
38                                     5.7754599319565170e-05
39                                    -8.1601936602091436e-05
40                                     1.1743140148609229e-05
41                                    -1.2534893526897008e-04
42                                     9.2788264025191853e-05
43                                    -1.0292841622711263e-06
44                                    -6.1735253406565213e-05
45                                    -5.4862313461887771e-05
46                                     4.9439392079164056e-05
47                                     1.8377965582866117e-04
48                                    -9.6162910008335239e-05
49                                    -1.3313838338863793e-04
50                                    -9.5599394044973386e-05
51                                     3.7058699905445961e-05
52                                     5.1991188718596235e-05
53                                    -2.6284760919894186e-05
54                                     7.8489328467654985e-05
55                                     2.9982694257050786e-05
56                                     1.1000249277466598e-04
57                                    -4.0357595491271074e-05
58                                    -8.0733507620825190e-05
59                                     7.9196580456713340e-05
60                                     3.5948638813208944e-05
61                                     3.3844025336135015e-05
62                                     2.5581281948493515e-05
63                                    -1.4983276926947494e-05
64                                     6.7631912797903930e-05
65                                    -7.3869067225798178e-06
66                                     1.9508172307390270e-06
67                                    -1.1754392784132012e-05
68                                    -7.4688741045622815e-06
69                                    -2.9652211720064325e-05
70                                     3.0925917887610245e-05
71                                    -1.8553515346384162e-05
72                                    -2.3395856705185094e-05
73                                    -3.0946470929101336e-07
74                                    -2.9412720219587889e-06
75                                     4.0897767141896121e-05
76                                    -4.4633481491874079e-07
77                                     3.3599853719324904e-05
78                                    -2.2288174916983107e-05
79                                     7.9099937496135298e-05
80                                     2.2650781564693073e-05
81                                    -5.2308587455006313e-05
82                                    -7.4826925792310060e-06
83                                     1.9496549254069585e-05
84                                    -2.3283007701244563e-05
85                                     1.7373952464258367e-05
86                                    -8.3216315778521073e-05
87                                     7.2838013141554491e-06
88                                     1.4754053194437029e-05
89                                     2.3628540321962097e-05
90                                    -1.1974479281491808e-05
91                                     1.7638058295246393e-06
92                                    -2.7408701060634328e-05
93                                    -1.1467883019962059e-05
94                                    -1.6200345117190103e-05
95                                     3.4411073075533031e-05
96                                     4.8266805451896980e-06
97                                    -1.5685142396390154e-05
98                                     1.2233712608984784e-05
99                                     3.8020633519567255e-06
100                                   -2.9977921386275644e-05
101                                   -8.0324314375424068e-06
102                                    1.6755201997029398e-05
103                                   -2.3930987607758153e-05
104                                    4.5360856688612905e-05
   &Method [&Type "String"] "SCF"
   &Level [&Type "String"] "Relaxed density"
   &Mult [&Type "Integer"] 1
   &State [&Type "Integer"] 0
   &Irrep [&Type "Integer"] 0
$End
$Geometry
   &GeometryIndex 20
   &NAtoms [&Type "Integer"] 35
   &NCorelessECP [&Type "Integer"] 0
   &NGhostAtoms [&Type "Integer"] 0
   &CartesianCoordinates [&Type "Coordinates", &Dim(35,4), &Units "Bohr"] 
              P      5.836631867563   -3.198840765287    0.491015972023
              O      0.677627747656    2.422564271319   -2.427030781767
              O      1.314936589928    7.757655489590   -0.406907706865
              O     -3.183159079179    6.141565822665    1.360232992766
              O      4.701406461181   -0.624171177674   -0.760872631965
              O     -6.308360450016    1.840045664948    0.726790259353
              O      6.477616558878   -4.844973054075   -1.694209914620
              O      4.144788011294   -4.067534001890    2.561301144963
              O      8.387617788263   -2.201581264595    1.863853307461
              N     -2.667503699425    0.059116815541   -0.717026236540
              N     -5.982185554006   -2.427741958124    0.707171887715
              N     -5.790307678011   -6.769830571673    0.811641392738
              C      1.302060485609    5.389836095630    0.789525328734
              C     -1.354649401355    4.259231848246    1.114292593744
              C      2.616296071550    3.350806597722   -0.755345374146
              C     -1.667150459907    2.629698407041   -1.289723431328
              C      3.744640058069    1.276461956099    0.851546432409
              C     -1.336636437416   -2.062048975036   -1.212701555000
              C     -5.064836031671   -0.035582520427    0.266631524988
              C     -2.260486551116   -4.399245483160   -0.743215298255
              C     -4.712705121440   -4.602396169504    0.277163395905
              H      2.211314407659    5.666491445457    2.618265465708
              H     -1.331216116565    3.008484193449    2.766583251343
              H      4.072632505876    4.160845662808   -1.968237770162
              H     -3.018315406555    3.489120777006   -2.594062493139
              H      2.348474094825    0.467517565977    2.147940937690
              H      5.261708925722    2.103302727897    1.993403959057
              H      0.387710767707    7.657066853330   -1.970845074144
              H     -4.791861167719    5.272147837605    1.413394210789
              H      0.526720884224   -1.761351803141   -1.998725650540
              H     -1.160907749822   -6.072113398323   -1.133363069051
              H     -4.845307727412   -8.393987112312    0.503820779027
              H     -7.546660180311   -6.883042876918    1.541345764850
              H      9.697363623255   -1.846989709502    0.648157351568
              H     -7.753550969903   -2.480072730221    1.434127174330
$End
$SCF_Energy
   &GeometryIndex 20
   &Method [&Type "String"] "SCF"
   &totalEnergy [&Type "ArrayOfDoubles", &Dim (1,1)] "Total energy of each state"
                                                         0

0                                     -1.4581098140979782e+03
   &Mult [&Type "ArrayOfIntegers", &Dim (1,1)] "Multiplicity of each state"
                                                         0

0                                                        1
$End
$DFT_Energy
   &GeometryIndex 20
   &nAlphaEl [&Type "Integer"] 84
   &nBetaEl [&Type "Integer"] 84
   &nTotalEl [&Type "Integer"] 167
   &finalEn [&Type "Double"]      -1.4581098140979782e+03  "No Van der Waals correction"
   &eExchange [&Type "Double"]      -1.2009863863736533e+02
   &eCorr [&Type "Double"]      -5.8392339114352838e+00
   &eXC [&Type "Double"]      -1.2593787254880061e+02
   &eCNL [&Type "Double"]       0.0000000000000000e+00
$End
$Solvation_Details
   &GeometryIndex 20
   &Solvent [&Type "String"] "WATER"
   &Epsilon [&Type "Double"]       8.0150999999999996e+01
   &Refrac [&Type "Double"]       1.3328000000000000e+00
   &RSolv [&Type "Double"]       1.3000000000000000e+00
   &SurfaceType [&Type "String"] "GAUSSIAN VDW"
   &CPCMDielEnergy [&Type "Double"]      -1.2605019300000000e-01
   &NPoints [&Type "Integer"] 2813
   &SurfaceArea [&Type "Double"]       1.1108480898580001e+03
$End
$SCF_Timings
   &GeometryIndex 20
   &TOTAL [&Type "Double"]       6.7111695000000012e+01
   &PREP [&Type "Double"]       7.5166699999999997e-01
   &FOCK [&Type "Double"]       6.1756699999999995e+01
   &DENS [&Type "Double"]       1.2922799999999768e-01
   &ETOT [&Type "Double"]       8.3654000000006334e-02
   &TRAFO [&Type "Double"]       3.2612199999999802e-01
   &DIIS [&Type "Double"]       2.8567999999999927e-01
   &SOSCF [&Type "Double"]       9.0282200000000046e-01
   &XC [&Type "Double"]       6.5118049999999901e+00
   &FOCKSTART [&Type "Double"]       3.0837999999990484e-02
   &SOLV [&Type "Double"]       4.9918699999999969e+00
   &SOLV_INIT [&Type "Double"]       2.3026400000000002e-01
   &INT_PREP [&Type "Double"]       5.9999999955095973e-06
   &INT_BF [&Type "Double"]       1.0107339999999319e+00
   &INT_DENS [&Type "Double"]       1.7166769999999225e+00
   &INT_DENSIO [&Type "Double"]       9.0970855829000153e+04
   &INT_FUNC [&Type "Double"]       5.7462999999891906e-02
   &INT_POT [&Type "Double"]       1.2376210000000221e+00
   &INT_POTIO [&Type "Double"]       1.2703999999958526e-02
   &INT_SUM [&Type "Double"]       7.5900000000039824e-04
   &SPLITRIJ [&Type "Double"]       4.1007799999999968e+00
   &COSX [&Type "Double"]       4.9336797999999995e+01
$End
$VdW_Correction
   &GeometryIndex 20
   &vdW [&Type "Double"]      -4.0688208662298476e-02
$End
$Single_Point_Data
   &GeometryIndex 20
   &FinalEnergy [&Type "Double"]      -1.4581505023066404e+03  "Final single point energy"
   &Converged [&Type "Boolean"] true
$End
$SCF_Nuc_Gradient
   &GeometryIndex 20
   &NAtoms [&Type "Integer"] 35
   &gradNorm [&Type "Double"]       3.8181410957495698e-04
   &grad [&Type "ArrayOfDoubles", &Dim (105,1)] 
                                                         0

0                                     -2.9080054609012204e-05
1                                     -3.3996321155305208e-05
2                                     -5.8829353335152846e-05
3                                      7.1807117877429794e-05
4                                     -1.9155438551303185e-05
5                                     -1.9198056079295560e-05
6                                      5.5815756398502244e-05
7                                      2.4610466963295556e-05
8                                     -4.0390562090637853e-05
9                                      3.8783299759183022e-05
10                                    -2.5759256346686102e-05
11                                     4.3070124700405959e-05
12                                    -2.9056761983753399e-05
13                                     4.9829325844708285e-05
14                                     9.4124757132295277e-06
15                                    -1.8309559153587354e-05
16                                    -4.1083841595488624e-05
17                                    -2.0263619712924605e-05
18                                    -1.2374136486674800e-05
19                                     4.0115051916677139e-06
20                                     4.3786147747739042e-05
21                                    -8.4644788118102882e-06
22                                    -1.4547357486986392e-05
23                                     9.1675947253914947e-06
24                                     5.0581419038178894e-05
25                                     4.3245383322494430e-05
26                                     2.9357379181106168e-05
27                                     1.7681439590742682e-05
28                                    -3.2578285842863023e-05
29                                    -1.0071715816785618e-04
30                                    -7.8567531642568736e-05
31                                     9.0841106433034349e-06
32                                    -6.0731626502072380e-05
33                                     4.2954116270821227e-06
34                                    -2.3512071714726227e-06
35                                    -2.5742592666257961e-05
36                                     1.8276733236454652e-05
37                                    -6.3014471446283938e-05
38                                     4.3017155678408138e-05
39                                    -1.8800641502883389e-05
40                                     9.5433575156782355e-06
41                                    -6.1810655546033126e-05
42                                     6.6604134039902307e-05
43                                    -5.3693267970668607e-06
44                                    -6.3034856434141196e-05
45                                    -4.8058170246054145e-05
46                                    -1.3511926437037911e-05
47                                     9.0048104820668735e-05
48                                    -2.0659954016735314e-05
49                                    -1.0942842268028255e-04
50                                    -2.9526588030694871e-05
51                                     2.7295509736069532e-05
52                                     3.0970314661862006e-05
53                                    -2.2680024224157043e-05
54                                     2.6144723214888014e-05
55                                     1.0706281072457455e-04
56                                     8.8319162375606158e-05
57                                     4.9923853683606447e-06
58                                     1.0468478531798844e-05
59                                     4.9396516838452962e-05
60                                     1.8556437522370049e-05
61                                    -2.9242611205140579e-05
62                                     3.9942088258967603e-05
63                                    -1.0828814803256521e-05
64                                     4.9290854840226963e-05
65                                    -2.9574709778748564e-06
66                                    -1.2449785814252850e-05
67                                    -4.0764285670185903e-06
68                                    -5.8582762966105336e-06
69                                    -2.7115093926448623e-05
70                                     2.7451609227989622e-05
71                                    -1.4261595140623135e-05
72                                    -1.2583176916854902e-05
73                                     6.6512777873090664e-06
74                                     5.3629441984110468e-06
75                                     1.6866636324484055e-05
76                                     3.5369379445903781e-06
77                                     5.2369658705393534e-06
78                                    -2.4817231541249203e-05
79                                     5.9999253173376678e-05
80                                     1.5921481806949059e-05
81                                    -4.6922488157087624e-05
82                                     1.4290347019141694e-06
83                                     1.8802444568360763e-05
84                                    -1.0596699079523279e-05
85                                     9.5470879080057939e-06
86                                    -2.7768013309118641e-05
87                                    -9.6814206974161305e-08
88                                    -3.8711983703660361e-06
89                                     1.4041060896374054e-05
90                                    -1.3541213957590765e-05
91                                    -9.1268157906379847e-06
92                                    -1.5313158972714787e-05
93                                    -9.8056963909546593e-06
94                                    -9.6422346852943102e-06
95                                     2.7298224123513634e-05
96                                    -3.5166845760000657e-07
97                                    -7.3146608489459646e-06
98                                     1.4251817248787371e-05
99                                    -1.1431095607307640e-05
100                                   -2.8420044424344156e-05
101                                   -2.1942567978833065e-05
102                                    2.6210017651217654e-05
103                                    5.7580794887544854e-06
104                                    4.4594484457079684e-05
   &Method [&Type "String"] "SCF"
   &Level [&Type "String"] "Relaxed density"
   &Mult [&Type "Integer"] 1
   &State [&Type "Integer"] 0
   &Irrep [&Type "Integer"] 0
$End
$Geometry
   &GeometryIndex 21
   &NAtoms [&Type "Integer"] 35
   &NCorelessECP [&Type "Integer"] 0
   &NGhostAtoms [&Type "Integer"] 0
   &CartesianCoordinates [&Type "Coordinates", &Dim(35,4), &Units "Bohr"] 
              P      5.842378488415   -3.198239346558    0.485096271203
              O      0.677080555937    2.420911813929   -2.426114532134
              O      1.317163939746    7.756814602154   -0.405399192196
              O     -3.183653927455    6.143345549254    1.356601903686
              O      4.704129916044   -0.623326349071   -0.763390642713
              O     -6.310131842180    1.840529373794    0.725397429427
              O      6.493096996986   -4.837174735948   -1.702722801480
              O      4.147295243298   -4.076270742722    2.548672607183
              O      8.386943793792   -2.198052947761    1.867031801077
              N     -2.668367697712    0.058658590258   -0.714858112963
              N     -5.984601164654   -2.427336922451    0.706982202977
              N     -5.793703862220   -6.769248983444    0.813574606062
              C      1.301886276584    5.388685223126    0.790180758648
              C     -1.355671365010    4.259878978860    1.113764285723
              C      2.615784530518    3.349302446806   -0.754459154923
              C     -1.667679725157    2.628732891770   -1.289425455352
              C      3.745126161501    1.274536045395    0.851186041366
              C     -1.337774281160   -2.063005562814   -1.209351955938
              C     -5.066732720644   -0.035424602754    0.266244273541
              C     -2.262386215234   -4.399868269141   -0.740143710487
              C     -4.715340783393   -4.602349393204    0.278655191954
              H      2.210565193684    5.663750976167    2.619429876229
              H     -1.334189309575    3.010579939517    2.767143526214
              H      4.072185120777    4.159198832197   -1.967421335872
              H     -3.018572694295    3.487438943893   -2.594457486766
              H      2.348545386769    0.463029771351    2.145607101473
              H      5.261409417287    2.100484959144    1.994540219834
              H      0.396406595397    7.655952000723   -1.973146503079
              H     -4.792237625630    5.274115573437    1.414757254839
              H      0.526002177168   -1.763096080229   -1.994708127227
              H     -1.162522849710   -6.073039308638   -1.128142652919
              H     -4.849288092429   -8.393761613658    0.505854214773
              H     -7.550607385115   -6.881595945021    1.542091938057
              H      9.698304246753   -1.834835715995    0.655613791286
              H     -7.757095431656   -2.478863531899    1.431254508138
$End
$SCF_Mulliken_Population_Analysis
   &GeometryIndex 21
   &NAtoms [&Type "Integer"] 35
   &ATNO [&Type "ArrayOfIntegers", &Dim (35,1)] 
                                                         0

0                                                       15
1                                                        8
2                                                        8
3                                                        8
4                                                        8
5                                                        8
6                                                        8
7                                                        8
8                                                        8
9                                                        7
10                                                       7
11                                                       7
12                                                       6
13                                                       6
14                                                       6
15                                                       6
16                                                       6
17                                                       6
18                                                       6
19                                                       6
20                                                       6
21                                                       1
22                                                       1
23                                                       1
24                                                       1
25                                                       1
26                                                       1
27                                                       1
28                                                       1
29                                                       1
30                                                       1
31                                                       1
32                                                       1
33                                                       1
34                                                       1
   &AtomicCharges [&Type "ArrayOfDoubles", &Dim (35,1)] 
                                                         0

0                                      8.0519236960538620e-01
1                                     -3.1113156978616807e-01
2                                     -4.7984507956548761e-01
3                                     -4.6543079179653546e-01
4                                     -3.5617543615809844e-01
5                                     -4.4320171668960207e-01
6                                     -7.0420347633392844e-01
7                                     -6.9747297348215298e-01
8                                     -5.4645944739378294e-01
9                                      5.8554451419830400e-02
10                                    -1.8175547866396613e-01
11                                    -3.3189777322019598e-01
12                                     1.0376461075698629e-01
13                                    -5.8797532140927977e-02
14                                     1.6980609182030193e-01
15                                     5.0950843877544116e-03
16                                    -1.7761274397079241e-01
17                                    -1.6501758940833611e-02
18                                     3.4804554896362294e-01
19                                    -2.5585095421588111e-01
20                                     2.8923413404000797e-01
21                                     1.3916291744446385e-01
22                                     1.3831924398914963e-01
23                                     1.1803577795530462e-01
24                                     1.6300450004118128e-01
25                                     1.3593072121693572e-01
26                                     1.3912095483784370e-01
27                                     3.4881932112365721e-01
28                                     3.5698387137152887e-01
29                                     1.9544748183532268e-01
30                                     1.9976391637796231e-01
31                                     3.2170712793631329e-01
32                                     3.1901680173238267e-01
33                                     3.6315630816288524e-01
34                                     3.0817549733966065e-01
   &Method [&Type "String"] "SCF"
   &Level [&Type "String"] "Relaxed density"
   &Mult [&Type "Integer"] 1
   &State [&Type "Integer"] -1
   &Irrep [&Type "Integer"] 0
$End
$SCF_Loewdin_Population_Analysis
   &GeometryIndex 21
   &NAtoms [&Type "Integer"] 35
   &ATNO [&Type "ArrayOfIntegers", &Dim (35,1)] 
                                                         0

0                                                       15
1                                                        8
2                                                        8
3                                                        8
4                                                        8
5                                                        8
6                                                        8
7                                                        8
8                                                        8
9                                                        7
10                                                       7
11                                                       7
12                                                       6
13                                                       6
14                                                       6
15                                                       6
16                                                       6
17                                                       6
18                                                       6
19                                                       6
20                                                       6
21                                                       1
22                                                       1
23                                                       1
24                                                       1
25                                                       1
26                                                       1
27                                                       1
28                                                       1
29                                                       1
30                                                       1
31                                                       1
32                                                       1
33                                                       1
34                                                       1
   &AtomicCharges [&Type "ArrayOfDoubles", &Dim (35,1)] 
                                                         0

0                                     -9.5157880789322746e-02
1                                      2.3132838251530696e-01
2                                      2.8856129445831158e-04
3                                     -4.4148886471262472e-04
4                                      3.6091894608103026e-02
5                                      6.3750837182015019e-02
6                                     -4.0335883509578174e-01
7                                     -3.9116351591568410e-01
8                                     -1.7633117322039737e-01
9                                      2.8789631697146678e-01
10                                     2.7523950407373743e-01
11                                     1.3591235217050723e-01
12                                    -3.0889275197117261e-01
13                                    -3.2870985587543711e-01
14                                    -2.8399890449309595e-01
15                                    -2.8422021935914099e-01
16                                    -3.3121826407797084e-01
17                                    -9.3559638882832807e-02
18                                    -4.4526777944025930e-01
19                                    -1.2700567050418687e-01
20                                    -2.5302143631292484e-01
21                                     1.6310001280716635e-01
22                                     1.5926929283965385e-01
23                                     1.5927233779148486e-01
24                                     1.6253795798333315e-01
25                                     1.3226711061184915e-01
26                                     1.3960314788066353e-01
27                                     1.9200251045111394e-01
28                                     1.8153211003128478e-01
29                                     1.7286954195574500e-01
30                                     1.7707937331450507e-01
31                                     2.1554938352307296e-01
32                                     2.1071149325140215e-01
33                                     1.8313369358353482e-01
34                                     2.4291159996259049e-01
   &Method [&Type "String"] "SCF"
   &Level [&Type "String"] "Relaxed density"
   &Mult [&Type "Integer"] 1
   &State [&Type "Integer"] -1
   &Irrep [&Type "Integer"] 0
$End
$SCF_Mayer_Population_Analysis
   &GeometryIndex 21
   &NAtoms [&Type "Integer"] 35 "Total number of atoms"
   &NBondOrdersPrint [&Type "Integer"] 36 "The number of bond orders larger than threshold"
   &bondThresh [&Type "Double"]       1.0000000000000001e-01  "The threshold for printing"
   &components [&Type "ArrayOfIntegers", &Dim (36,4)] "The indices and atomic numbers of the bonding atoms"
                                                         0                           1                           2                           3

0                                                        0                          15                           4                           8
1                                                        0                          15                           6                           8
2                                                        0                          15                           7                           8
3                                                        0                          15                           8                           8
4                                                        1                           8                          14                           6
5                                                        1                           8                          15                           6
6                                                        2                           8                          12                           6
7                                                        2                           8                          27                           1
8                                                        3                           8                          13                           6
9                                                        3                           8                          28                           1
10                                                       4                           8                          16                           6
11                                                       5                           8                          18                           6
12                                                       8                           8                          33                           1
13                                                       9                           7                          15                           6
14                                                       9                           7                          17                           6
15                                                       9                           7                          18                           6
16                                                      10                           7                          18                           6
17                                                      10                           7                          20                           6
18                                                      10                           7                          34                           1
19                                                      11                           7                          20                           6
20                                                      11                           7                          31                           1
21                                                      11                           7                          32                           1
22                                                      12                           6                          13                           6
23                                                      12                           6                          14                           6
24                                                      12                           6                          21                           1
25                                                      13                           6                          15                           6
26                                                      13                           6                          22                           1
27                                                      14                           6                          16                           6
28                                                      14                           6                          23                           1
29                                                      15                           6                          24                           1
30                                                      16                           6                          25                           1
31                                                      16                           6                          26                           1
32                                                      17                           6                          19                           6
33                                                      17                           6                          29                           1
34                                                      19                           6                          20                           6
35                                                      19                           6                          30                           1
   &BondOrders [&Type "ArrayOfDoubles", &Dim (36,1)] "The bond orders"
                                                         0

0                                      1.0104614388194189e+00
1                                      1.8910364405440054e+00
2                                      1.8352412217752825e+00
3                                      1.1199901807750938e+00
4                                      9.2140805838170481e-01
5                                      1.0502098145739924e+00
6                                      1.0202351972508943e+00
7                                      8.6310457135198337e-01
8                                      1.1468584797283337e+00
9                                      8.4134657306523186e-01
10                                     9.4900580550474711e-01
11                                     1.8476193437614261e+00
12                                     8.4865877851670690e-01
13                                     8.8364583896231486e-01
14                                     1.2291853229087553e+00
15                                     1.1557028393527029e+00
16                                     1.1818650896350738e+00
17                                     1.2452082683481769e+00
18                                     8.5160438470560917e-01
19                                     1.4788876287072998e+00
20                                     8.6521744741381601e-01
21                                     8.6423507228479091e-01
22                                     9.7139244015323845e-01
23                                     9.8032188312564306e-01
24                                     9.3294301266982071e-01
25                                     9.2320844597419405e-01
26                                     9.8944107096706901e-01
27                                     9.7867217889720770e-01
28                                     9.3384748104983839e-01
29                                     9.3708037429647717e-01
30                                     9.3795205253184366e-01
31                                     9.4356498976931025e-01
32                                     1.6079632653381926e+00
33                                     9.1575100938995813e-01
34                                     1.2187587706310601e+00
35                                     9.3821939750995509e-01
   &ATNO [&Type "ArrayOfIntegers", &Dim (35,1)] "Atomic number of the elements"
                                                         0

0                                                       15
1                                                        8
2                                                        8
3                                                        8
4                                                        8
5                                                        8
6                                                        8
7                                                        8
8                                                        8
9                                                        7
10                                                       7
11                                                       7
12                                                       6
13                                                       6
14                                                       6
15                                                       6
16                                                       6
17                                                       6
18                                                       6
19                                                       6
20                                                       6
21                                                       1
22                                                       1
23                                                       1
24                                                       1
25                                                       1
26                                                       1
27                                                       1
28                                                       1
29                                                       1
30                                                       1
31                                                       1
32                                                       1
33                                                       1
34                                                       1
   &NA [&Type "ArrayOfDoubles", &Dim (35,1)] "Mulliken gross atomic population"
                                                         0

0                                      1.4194807630394624e+01
1                                      8.3111315697861592e+00
2                                      8.4798450795654787e+00
3                                      8.4654307917965337e+00
4                                      8.3561754361581020e+00
5                                      8.4432017166896056e+00
6                                      8.7042034763339160e+00
7                                      8.6974729734821548e+00
8                                      8.5464594473937900e+00
9                                      6.9414455485801589e+00
10                                     7.1817554786639679e+00
11                                     7.3318977732201995e+00
12                                     5.8962353892430128e+00
13                                     6.0587975321409218e+00
14                                     5.8301939081796945e+00
15                                     5.9949049156122509e+00
16                                     6.1776127439707942e+00
17                                     6.0165017589408265e+00
18                                     5.6519544510363700e+00
19                                     6.2558509542158838e+00
20                                     5.7107658659599867e+00
21                                     8.6083708255553626e-01
22                                     8.6168075601085048e-01
23                                     8.8196422204469505e-01
24                                     8.3699549995881906e-01
25                                     8.6406927878306405e-01
26                                     8.6087904516215630e-01
27                                     6.5118067887634334e-01
28                                     6.4301612862847124e-01
29                                     8.0455251816467810e-01
30                                     8.0023608362203746e-01
31                                     6.7829287206368671e-01
32                                     6.8098319826761711e-01
33                                     6.3684369183711453e-01
34                                     6.9182450266033890e-01
   &ZA [&Type "ArrayOfDoubles", &Dim (35,1)] "Total nuclear charge"
                                                         0

0                                      1.5000000000000000e+01
1                                      8.0000000000000000e+00
2                                      8.0000000000000000e+00
3                                      8.0000000000000000e+00
4                                      8.0000000000000000e+00
5                                      8.0000000000000000e+00
6                                      8.0000000000000000e+00
7                                      8.0000000000000000e+00
8                                      8.0000000000000000e+00
9                                      7.0000000000000000e+00
10                                     7.0000000000000000e+00
11                                     7.0000000000000000e+00
12                                     6.0000000000000000e+00
13                                     6.0000000000000000e+00
14                                     6.0000000000000000e+00
15                                     6.0000000000000000e+00
16                                     6.0000000000000000e+00
17                                     6.0000000000000000e+00
18                                     6.0000000000000000e+00
19                                     6.0000000000000000e+00
20                                     6.0000000000000000e+00
21                                     1.0000000000000000e+00
22                                     1.0000000000000000e+00
23                                     1.0000000000000000e+00
24                                     1.0000000000000000e+00
25                                     1.0000000000000000e+00
26                                     1.0000000000000000e+00
27                                     1.0000000000000000e+00
28                                     1.0000000000000000e+00
29                                     1.0000000000000000e+00
30                                     1.0000000000000000e+00
31                                     1.0000000000000000e+00
32                                     1.0000000000000000e+00
33                                     1.0000000000000000e+00
34                                     1.0000000000000000e+00
   &QA [&Type "ArrayOfDoubles", &Dim (35,1)] "Mulliken gross atomic charge"
                                                         0

0                                      8.0519236960537555e-01
1                                     -3.1113156978615919e-01
2                                     -4.7984507956547873e-01
3                                     -4.6543079179653368e-01
4                                     -3.5617543615810199e-01
5                                     -4.4320171668960562e-01
6                                     -7.0420347633391600e-01
7                                     -6.9747297348215476e-01
8                                     -5.4645944739379004e-01
9                                      5.8554451419841058e-02
10                                    -1.8175547866396791e-01
11                                    -3.3189777322019953e-01
12                                     1.0376461075698717e-01
13                                    -5.8797532140921760e-02
14                                     1.6980609182030548e-01
15                                     5.0950843877490826e-03
16                                    -1.7761274397079418e-01
17                                    -1.6501758940826505e-02
18                                     3.4804554896363005e-01
19                                    -2.5585095421588377e-01
20                                     2.8923413404001330e-01
21                                     1.3916291744446374e-01
22                                     1.3831924398914952e-01
23                                     1.1803577795530495e-01
24                                     1.6300450004118094e-01
25                                     1.3593072121693595e-01
26                                     1.3912095483784370e-01
27                                     3.4881932112365666e-01
28                                     3.5698387137152876e-01
29                                     1.9544748183532190e-01
30                                     1.9976391637796254e-01
31                                     3.2170712793631329e-01
32                                     3.1901680173238289e-01
33                                     3.6315630816288547e-01
34                                     3.0817549733966110e-01
   &VA [&Type "ArrayOfDoubles", &Dim (35,1)] "Mayer's total valence"
                                                         0

0                                      5.9294108905517930e+00
1                                      2.0515431935648323e+00
2                                      1.9835840495922668e+00
3                                      1.9616313985122140e+00
4                                      1.9662488654762722e+00
5                                      2.0592878357307605e+00
6                                      1.8695798540064335e+00
7                                      1.8634121367281526e+00
8                                      1.9517301943077996e+00
9                                      3.3297745527069429e+00
10                                     3.3950702868414524e+00
11                                     3.3453796720550049e+00
12                                     3.9912170250538130e+00
13                                     4.1367746076693415e+00
14                                     3.9009514450757434e+00
15                                     3.9969039464064249e+00
16                                     3.9726371454978908e+00
17                                     4.0006973242117683e+00
18                                     4.3405895463833115e+00
19                                     3.9092331393100839e+00
20                                     4.1545076115146715e+00
21                                     9.7296017098623677e-01
22                                     9.6938049700030771e-01
23                                     9.8678537390497545e-01
24                                     9.7502561413988653e-01
25                                     9.8900575687579029e-01
26                                     9.7418392285493605e-01
27                                     8.9954143250518637e-01
28                                     9.0326524601600977e-01
29                                     9.9513133333646253e-01
30                                     9.6544124151634725e-01
31                                     9.0428244683231984e-01
32                                     9.0705506230469812e-01
33                                     8.9080231244582497e-01
34                                     9.2194257875604668e-01
   &BVA [&Type "ArrayOfDoubles", &Dim (35,1)] "Mayer's bonded valence"
                                                         0

0                                      5.9294108905517646e+00
1                                      2.0515431935647932e+00
2                                      1.9835840495922490e+00
3                                      1.9616313985122460e+00
4                                      1.9662488654763095e+00
5                                      2.0592878357307294e+00
6                                      1.8695798540064654e+00
7                                      1.8634121367281793e+00
8                                      1.9517301943078138e+00
9                                      3.3297745527068585e+00
10                                     3.3950702868414844e+00
11                                     3.3453796720550297e+00
12                                     3.9912170250538450e+00
13                                     4.1367746076692464e+00
14                                     3.9009514450756595e+00
15                                     3.9969039464062552e+00
16                                     3.9726371454978513e+00
17                                     4.0006973242118029e+00
18                                     4.3405895463833151e+00
19                                     3.9092331393101478e+00
20                                     4.1545076115146813e+00
21                                     9.7296017098624688e-01
22                                     9.6938049700026119e-01
23                                     9.8678537390495558e-01
24                                     9.7502561413987532e-01
25                                     9.8900575687579717e-01
26                                     9.7418392285493949e-01
27                                     8.9954143250518492e-01
28                                     9.0326524601600977e-01
29                                     9.9513133333648640e-01
30                                     9.6544124151636468e-01
31                                     9.0428244683233538e-01
32                                     9.0705506230470201e-01
33                                     8.9080231244583430e-01
34                                     9.2194257875604801e-01
   &FA [&Type "ArrayOfDoubles", &Dim (35,1)] "Mayer's free valence"
                                                         0

0                                      0.0000000000000000e+00
1                                      0.0000000000000000e+00
2                                      0.0000000000000000e+00
3                                      0.0000000000000000e+00
4                                      0.0000000000000000e+00
5                                      0.0000000000000000e+00
6                                      0.0000000000000000e+00
7                                      0.0000000000000000e+00
8                                      0.0000000000000000e+00
9                                      0.0000000000000000e+00
10                                     0.0000000000000000e+00
11                                     0.0000000000000000e+00
12                                     0.0000000000000000e+00
13                                     0.0000000000000000e+00
14                                     0.0000000000000000e+00
15                                     0.0000000000000000e+00
16                                     0.0000000000000000e+00
17                                     0.0000000000000000e+00
18                                     0.0000000000000000e+00
19                                     0.0000000000000000e+00
20                                     0.0000000000000000e+00
21                                     0.0000000000000000e+00
22                                     0.0000000000000000e+00
23                                     0.0000000000000000e+00
24                                     0.0000000000000000e+00
25                                     0.0000000000000000e+00
26                                     0.0000000000000000e+00
27                                     0.0000000000000000e+00
28                                     0.0000000000000000e+00
29                                     0.0000000000000000e+00
30                                     0.0000000000000000e+00
31                                     0.0000000000000000e+00
32                                     0.0000000000000000e+00
33                                     0.0000000000000000e+00
34                                     0.0000000000000000e+00
   &Method [&Type "String"] "SCF"
   &Level [&Type "String"] "Relaxed density"
   &Mult [&Type "Integer"] 1
   &State [&Type "Integer"] -1
   &Irrep [&Type "Integer"] 0
$End
$SCF_Energy
   &GeometryIndex 21
   &Method [&Type "String"] "SCF"
   &totalEnergy [&Type "ArrayOfDoubles", &Dim (1,1)] "Total energy of each state"
                                                         0

0                                     -1.4581098216007153e+03
   &Mult [&Type "ArrayOfIntegers", &Dim (1,1)] "Multiplicity of each state"
                                                         0

0                                                        1
$End
$DFT_Energy
   &GeometryIndex 21
   &nAlphaEl [&Type "Integer"] 84
   &nBetaEl [&Type "Integer"] 84
   &nTotalEl [&Type "Integer"] 167
   &finalEn [&Type "Double"]      -1.4581098216007153e+03  "No Van der Waals correction"
   &eExchange [&Type "Double"]      -1.2009872089868576e+02
   &eCorr [&Type "Double"]      -5.8392205545060509e+00
   &eXC [&Type "Double"]      -1.2593794145319181e+02
   &eCNL [&Type "Double"]       0.0000000000000000e+00
$End
$Solvation_Details
   &GeometryIndex 21
   &Solvent [&Type "String"] "WATER"
   &Epsilon [&Type "Double"]       8.0150999999999996e+01
   &Refrac [&Type "Double"]       1.3328000000000000e+00
   &RSolv [&Type "Double"]       1.3000000000000000e+00
   &SurfaceType [&Type "String"] "GAUSSIAN VDW"
   &CPCMDielEnergy [&Type "Double"]      -1.2613586500000001e-01
   &NPoints [&Type "Integer"] 2815
   &SurfaceArea [&Type "Double"]       1.1109581877430001e+03
$End
$SCF_Timings
   &GeometryIndex 21
   &TOTAL [&Type "Double"]       6.4690525999999991e+01
   &PREP [&Type "Double"]       7.3055700000000001e-01
   &FOCK [&Type "Double"]       5.8836940999999989e+01
   &DENS [&Type "Double"]       1.3641199999999287e-01
   &ETOT [&Type "Double"]       8.7720999999993055e-02
   &POP [&Type "Double"]       2.2685799999999290e-01
   &TRAFO [&Type "Double"]       3.1043799999999067e-01
   &DIIS [&Type "Double"]       3.3385799999999932e-01
   &SOSCF [&Type "Double"]       1.3550119999999968e+00
   &XC [&Type "Double"]       5.8457530000000091e+00
   &FOCKSTART [&Type "Double"]       3.0373999999986134e-02
   &SOLV [&Type "Double"]       4.9434710000000095e+00
   &SOLV_INIT [&Type "Double"]       2.1964999999999996e-01
   &INT_PREP [&Type "Double"]       2.0000000056086265e-06
   &INT_BF [&Type "Double"]       1.3432360000001005e+00
   &INT_DENS [&Type "Double"]       2.1081719999999713e+00
   &INT_DENSIO [&Type "Double"]       8.7846163695000156e+04
   &INT_FUNC [&Type "Double"]       7.0912999999910298e-02
   &INT_POT [&Type "Double"]       1.4366829999997606e+00
   &INT_POTIO [&Type "Double"]       1.5262000000133114e-02
   &INT_SUM [&Type "Double"]       7.3299999999498766e-04
   &SPLITRIJ [&Type "Double"]       3.8949530000000014e+00
   &COSX [&Type "Double"]       4.7423408000000002e+01
$End
$VdW_Correction
   &GeometryIndex 21
   &vdW [&Type "Double"]      -4.0681240173853522e-02
$End
$Single_Point_Data
   &GeometryIndex 21
   &FinalEnergy [&Type "Double"]      -1.4581505028408892e+03  "Final single point energy"
   &Converged [&Type "Boolean"] true
$End
$SCF_Dipole_Moment
   &GeometryIndex 21
   &dipoleMagnitude [&Type "Double", &Units "a.u."]       8.8360931070635278e+00
   &dipoleElecContrib [&Type "ArrayOfDoubles", &Dim (3,1)] "Electronic contribution"
                                                         0

0                                     -5.6501094558183929e-01
1                                     -5.7329052089347776e+00
2                                     -1.8303157086421900e+00
   &dipoleNucContrib [&Type "ArrayOfDoubles", &Dim (3,1)] "Nuclear contribution"
                                                         0

0                                     -8.2112900778340006e+00
1                                      4.7310119966829607e+00
2                                      1.6082982896647469e+00
   &dipoleTotal [&Type "ArrayOfDoubles", &Dim (3,1)] "Total"
                                                         0

0                                     -8.7763010234158401e+00
1                                     -1.0018932122518169e+00
2                                     -2.2201741897744309e-01
   &doAtomicDipole [&Type "Boolean"] false
   &Method [&Type "String"] "SCF"
   &Level [&Type "String"] "Relaxed density"
   &Mult [&Type "Integer"] 1
   &State [&Type "Integer"] -1
   &Irrep [&Type "Integer"] 0
$End
$Calculation_Info
   &GeometryIndex 21
   &Mult [&Type "Integer"] 1
   &Charge [&Type "Integer"] 0
   &NumOfAtoms [&Type "Integer"] 35
   &NumOfElectrons [&Type "Integer"] 168
   &NumOfBasisFuncts [&Type "Integer"] 741
   &NumOfAuxCBasisFuncts [&Type "Integer"] 0
   &NumOfAuxJBasisFuncts [&Type "Integer"] 1185
   &NumOfAuxJKBasisFuncts [&Type "Integer"] 0
   &NumOfCABSBasisFuncts [&Type "Integer"] 0
$End
$Calculation_Timings
   &GeometryIndex 21
   &GTOINT [&Type "Double"]       7.3242179000001173e+01
   &SCF [&Type "Double"]       1.7788630319999997e+03
   &SCFGRAD [&Type "Double"]       8.7355485700000008e+02
   &GSTEP [&Type "Double"]       1.6712299999930438e-01
   &PROP [&Type "Double"]       5.8343200000035722e-01
   &SUM [&Type "Double"]       2.7264106230000007e+03
$End
